time_in_ms,pupilSize_clean
0.0,1913.5300517358046
20.0,1920.8988687485587
40.0,1928.082424365378
60.0,1934.3555591094414
80.0,1939.1571757797046
100.0,1942.1433303339181
120.0,1943.1923142807404
140.0,1942.3640932541216
160.0,1939.8530867867848
180.0,1935.977372275481
200.0,1931.1711795299932
220.0,1925.9384386530025
240.0,1920.7821585499187
260.0,1916.1449859379213
280.0,1912.3720974730652
300.0,1909.7007686744048
320.0,1908.2692945493186
340.0,1908.1187079081478
360.0,1909.2059142777375
380.0,1911.4336732863492
400.0,1914.678198165584
420.0,1918.8198779530726
440.0,1923.7581973770568
460.0,1929.3778403091942
480.0,1935.494753000989
500.0,1941.8172229250613
520.0,1947.9588145855207
540.0,1953.503827099919
560.0,1958.0875053858963
580.0,1961.484729967391
600.0,1963.6810139844486
620.0,1964.8830677819467
640.0,1965.4721880905777
660.0,1965.9301166816713
680.0,1966.7578831463165
700.0,1968.377269705284
720.0,1971.0362411028486
740.0,1974.7431870675912
760.0,1979.2472634490107
780.0,1984.059109709667
800.0,1988.5309730627591
820.0,1992.0320700142759
840.0,1994.117559161206
860.0,1994.569402732675
880.0,1993.3582317496453
900.0,1990.596024133675
920.0,1986.5155785137952
940.0,1981.4468537758935
960.0,1975.7819590980275
980.0,1969.9606053307587
1000.0,1964.449164494815
1020.0,1959.6991961804586
1040.0,1956.0884368412349
1060.0,1953.8512347699318
1080.0,1953.0346991454867
1100.0,1953.505708611889
1120.0,1954.9478641956096
1140.0,1956.8483575307287
1160.0,1958.5208839249924
1180.0,1959.1918954097077
1200.0,1958.1253520923551
1220.0,1954.7707511666497
1240.0,1948.9250818589317
1260.0,1940.8660121462094
1280.0,1931.426944138102
1300.0,1921.9898210357344
1320.0,1914.345769679383
1340.0,1910.3842788181696
1360.0,1911.6076859411285
1380.0,1918.5052313195345
1400.0,1929.8489672303028
1420.0,1942.040751086263
1440.0,1948.7653954936518
1460.0,1941.2461243363553
1480.0,1909.344080463011
1500.0,1843.6715201541174
1520.0,1738.6388572805058
1540.0,1595.9349312568859
1560.0,1427.3280548013952
1580.0,1255.0369864635509
1600.0,1107.6447488948131
1620.0,1012.0460402035754
1640.0,986.7063518903303
1660.0,1038.7526038429742
1680.0,1163.533102433627
1700.0,1345.5600208259095
1720.0,1560.9137344894862
1740.0,1781.8023630442472
1760.0,1982.4432657636432
1780.0,2143.8706392658905
1800.0,2256.293934915925
1820.0,2318.762178052386
1840.0,2337.0283622083234
1860.0,2321.0759038542164
1880.0,2282.7046636401774
1900.0,2233.598753831172
1920.0,2184.171756696559
1940.0,2142.5106646387694
1960.0,2113.4491100757964
1980.0,2098.307624734778
2000.0,2095.5202036092965
2020.0,2101.806117532017
2040.0,2113.356848241977
2060.0,2126.7013441699846
2080.0,2139.1875283099
2100.0,2149.1365620855836
2120.0,2155.7801577766095
2140.0,2159.098292085661
2160.0,2159.6626040298825
2180.0,2158.50498697016
2200.0,2156.9923511942307
2220.0,2156.6952834380027
2240.0,2159.221295728078
2260.0,2165.977604717829
2280.0,2177.7942063886185
2300.0,2194.3835257349974
2320.0,2213.716218359928
2340.0,2231.4522017146487
2360.0,2240.670692074556
2380.0,2232.1987483685652
2400.0,2195.8046348541016
2420.0,2122.417480987404
2440.0,2007.22236350742
2460.0,1853.0128258897353
2480.0,1672.549213077001
2500.0,1487.9496785936894
2520.0,1325.0133845338653
2540.0,1204.3561131387107
2560.0,1135.9672290412593
2580.0,1119.084817773519
2600.0,1145.1369449008782
2620.0,1201.63744573463
2640.0,1275.7141264684776
2660.0,1356.6244686767773
2680.0,1437.1039254854481
2700.0,1513.6843475384928
2720.0,1586.244609751265
2740.0,1657.0640716679923
2760.0,1729.6002455276416
2780.0,1807.1569660433543
2800.0,1891.5860779113118
2820.0,1982.1927537685192
2840.0,2075.089686898253
2860.0,2163.345963962405
2880.0,2238.3544467919473
2900.0,2292.623937406531
2920.0,2322.937311813929
2940.0,2331.47195776337
2960.0,2324.03392743363
2980.0,2307.451937025594
3000.0,2287.8020048030858
3020.0,2269.558442552728
3040.0,2255.388154301396
3060.0,2246.3513391143165
3080.0,2242.3001796768253
3100.0,2242.2956413335855
3120.0,2244.9417227658714
3140.0,2248.62928363546
3160.0,2251.728620835947
3180.0,2252.7643801376994
3200.0,2250.5377302539173
3220.0,2244.1645462563856
3240.0,2233.0729281090344
3260.0,2217.013061224834
3280.0,2196.113393023259
3300.0,2170.9799184943117
3320.0,2142.770965087737
3340.0,2113.191798205892
3360.0,2084.371586079011
3380.0,2058.5939318271885
3400.0,2037.8638937897917
3420.0,2023.3246172776267
3440.0,2014.5731165195052
3460.0,2008.9916628306223
3480.0,2001.305023346256
3500.0,1983.5987114932984
3520.0,1946.0377360820657
3540.0,1878.4814856609526
3560.0,1773.0117293190729
3580.0,1627.1100980290266
3600.0,1446.7240013060477
3620.0,1247.7904167694508
3640.0,1054.1353372846784
3660.0,890.3585692229883
3680.0,774.1942914676704
3700.0,713.8935009654131
3720.0,709.7912687815578
3740.0,757.422200800356
3760.0,850.2784321279938
3780.0,981.1918976957365
3800.0,1142.149488365134
3820.0,1323.0771318101292
3840.0,1510.7388068123953
3860.0,1689.2711783613445
3880.0,1843.092946203699
3900.0,1960.7135260614475
3920.0,2037.5463357850062
3940.0,2076.7165603877147
3960.0,2087.2827537582043
3980.0,2080.6478975125824
4000.0,2067.230384812841
4020.0,2054.6427295277604
4040.0,2047.244235038344
4060.0,2046.558142367223
4080.0,2052.0946543991745
4100.0,2062.2397122470443
4120.0,2075.011334646283
4140.0,2088.607246971837
4160.0,2101.706373673197
4180.0,2113.5474885308863
4200.0,2123.848626005439
4220.0,2132.637438249988
4240.0,2140.0767905855696
4260.0,2146.349069543468
4280.0,2151.6155638345576
4300.0,2156.0126596931373
4320.0,2159.6528019462557
4340.0,2162.628011431949
4360.0,2165.0123285504064
4380.0,2166.878652531637
4400.0,2168.3293102227462
4420.0,2169.5083784022227
4440.0,2170.576768082733
4460.0,2171.663873181802
4480.0,2172.8110689771884
4500.0,2173.952820620323
4520.0,2174.946666582371
4540.0,2175.6471729841155
4560.0,2176.0040923166275
4580.0,2176.120374206557
4600.0,2176.2202160086663
4620.0,2176.5552360979996
4640.0,2177.334771170295
4660.0,2178.697599837132
4680.0,2180.6761813659095
4700.0,2183.176724514895
4720.0,2186.012925600059
4740.0,2188.973056443844
4760.0,2191.8768010803287
4780.0,2194.602541297554
4800.0,2197.108487587336
4820.0,2199.4779789432496
4840.0,2202.0291717704777
4860.0,2205.451344451966
4880.0,2210.8728743825177
4900.0,2219.7792627365184
4920.0,2233.704157014397
4940.0,2253.6646531863194
4960.0,2279.406597817814
4980.0,2308.567022979333
5000.0,2335.902293181093
5020.0,2352.8844734139416
5040.0,2348.06620944565
5060.0,2308.702365301055
5080.0,2224.036626088715
5100.0,2089.9143204541433
5120.0,1913.1601050836102
5140.0,1713.157507440173
5160.0,1518.4766977949057
5180.0,1359.8298058977896
5200.0,1263.350681387213
5220.0,1245.7938838496905
5240.0,1311.268515085405
5260.0,1449.6751525914324
5280.0,1638.1310742226533
5300.0,1846.44627404895
5320.0,2044.5748909415422
5340.0,2208.9485807768697
5360.0,2326.2595492155224
5380.0,2394.2903471468585
5400.0,2420.1420646305414
5420.0,2416.470972237231
5440.0,2397.0164032776097
5460.0,2373.2655468114885
5480.0,2352.9433194203466
5500.0,2339.9264089746225
5520.0,2334.96170948929
5540.0,2336.734348561269
5560.0,2342.948813816541
5580.0,2351.1715754784896
5600.0,2359.349123314597
5620.0,2366.020414230839
5640.0,2370.3241337284353
5660.0,2371.8770670447675
5680.0,2370.589276229747
5700.0,2366.4670192303793
5720.0,2359.4576950405362
5740.0,2349.3999758653176
5760.0,2336.0869721837644
5780.0,2319.3858775046224
5800.0,2299.3633647261204
5820.0,2276.381484058119
5840.0,2251.1043269958054
5860.0,2224.3941607736315
5880.0,2197.180520672769
5900.0,2170.3386641675716
5920.0,2144.593732253265
5940.0,2120.467495184089
5960.0,2098.2633994440903
5980.0,2078.091107672228
6000.0,2059.924816849468
6020.0,2043.6731254037124
6040.0,2029.2321976115732
6060.0,2016.5265512190265
6080.0,2005.5176919342564
6100.0,1996.1733616398742
6120.0,1988.4147960003088
6140.0,1982.0799338317986
6160.0,1976.9352483667985
6180.0,1972.7341662030253
6200.0,1969.3005499483347
6220.0,1966.6346341896337
6240.0,1965.0227885671466
6260.0,1965.1180338137049
6280.0,1967.9590726497397
6300.0,1974.876616361576
6320.0,1987.259494713025
6340.0,2006.1565457530694
6360.0,2031.6941985664162
6380.0,2062.3772196968603
6400.0,2094.430121609678
6420.0,2121.403484507278
6440.0,2134.3326320399665
6460.0,2122.7425864873103
6480.0,2076.656818815735
6500.0,1989.5317839131917
6520.0,1861.6895155350735
6540.0,1703.3128072619154
6560.0,1535.4113017605985
6580.0,1386.6496445199418
6600.0,1286.2209192500954
6620.0,1256.7502923916413
6640.0,1309.0888992110358
6660.0,1439.0214439232846
6680.0,1626.6947009539758
6700.0,1840.5635961348082
6720.0,2046.0526603156275
6740.0,2214.82932677571
6760.0,2330.9567702649583
6780.0,2392.4111632285853
6800.0,2408.2826980849522
6820.0,2393.485452741438
6840.0,2363.544726505352
6860.0,2331.0824545973637
6880.0,2304.272847560293
6900.0,2286.894786767826
6920.0,2279.326167876413
6940.0,2279.84306800965
6960.0,2285.8013363023615
6980.0,2294.519662512771
7000.0,2303.8114009185942
7020.0,2312.201790124187
7040.0,2318.9339894559307
7060.0,2323.8427604215926
7080.0,2327.1514382204296
7100.0,2329.2615303065404
7120.0,2330.571471660762
7140.0,2331.367986700888
7160.0,2331.799353480539
7180.0,2331.8985103711857
7200.0,2331.6316827053997
7220.0,2330.9373242320125
7240.0,2329.7224706971933
7260.0,2327.838342850786
7280.0,2325.104225471688
7300.0,2321.40174021604
7320.0,2316.806054004823
7340.0,2311.716391191821
7360.0,2306.951206886815
7380.0,2303.7738387089075
7400.0,2303.739149152367
7420.0,2308.293027060729
7440.0,2318.1642776616663
7460.0,2332.6122976378683
7480.0,2348.6476323911766
7500.0,2360.4421062434503
7520.0,2359.2582654178423
7540.0,2334.197653636554
7560.0,2273.95474249842
7580.0,2169.589101831247
7600.0,2017.9142368942794
7620.0,1824.5519695821597
7640.0,1604.99160349486
7660.0,1381.4424654975046
7680.0,1175.804136486836
7700.0,1004.2222213163881
7720.0,876.2200312658366
7740.0,796.7037884453633
7760.0,768.585671173719
7780.0,794.419902278487
7800.0,876.2217416800528
7820.0,1013.4675723711498
7840.0,1200.1431003632463
7860.0,1422.573672366217
7880.0,1660.1430184128494
7900.0,1889.3116913737272
7920.0,2088.603950858052
7940.0,2242.785561188427
7960.0,2345.7303738318897
7980.0,2400.9591230659453
8000.0,2419.0102333707305
8020.0,2413.141634677246
8040.0,2395.7529744870244
8060.0,2376.3371629432077
8080.0,2360.796312993719
8100.0,2351.73173329201
8120.0,2349.2821648770396
8140.0,2352.104343239662
8160.0,2358.2068828433266
8180.0,2365.5331806636727
8200.0,2372.293065331139
8220.0,2377.101034654273
8240.0,2378.9922415699225
8260.0,2377.378112441293
8280.0,2372.008734616342
8300.0,2362.944802796984
8320.0,2350.518213309213
8340.0,2335.2768666937486
8360.0,2317.921279131719
8380.0,2299.207031864171
8400.0,2279.8301712425646
8420.0,2260.335398672498
8440.0,2241.08143349744
8460.0,2222.280686774019
8480.0,2204.0961449060924
8500.0,2186.749352126757
8520.0,2170.6306760057296
8540.0,2156.401583655862
8560.0,2145.0490149446405
8580.0,2137.825443891107
8600.0,2136.0229392970214
8620.0,2140.5414576827743
8640.0,2151.2562700018466
8660.0,2166.3148316180445
8680.0,2181.553890529175
8700.0,2190.2621461877875
8720.0,2183.5774854102383
8740.0,2151.7849879608716
8760.0,2086.595874175696
8780.0,1984.1981003238943
8800.0,1848.506041256703
8820.0,1693.4563072427386
8840.0,1542.4558774316388
8860.0,1422.6986993897874
8880.0,1354.544206255486
8900.0,1342.4326772166744
8920.0,1372.7225913206025
8940.0,1418.4703412282647
8960.0,1449.4879031144906
8980.0,1443.7408219495896
9000.0,1395.6803953248389
9020.0,1318.9258856433094
9040.0,1241.9830807467147
9060.0,1198.1708132188028
9080.0,1214.6656850666957
9100.0,1304.9702841776693
9120.0,1465.4199909516744
9140.0,1675.8503684979817
9160.0,1905.0356594773373
9180.0,2119.549790444273
9200.0,2292.523515681024
9220.0,2409.5897463586225
9240.0,2470.2647160967854
9260.0,2484.829424528751
9280.0,2468.799497466688
9300.0,2437.813573227596
9320.0,2404.425831960986
9340.0,2376.8133683119177
9360.0,2358.8536668037705
9380.0,2351.0092645222066
9400.0,2351.53589429165
9420.0,2357.630942414403
9440.0,2366.327372499514
9460.0,2375.0881954488614
9480.0,2382.093048765058
9500.0,2386.280962050845
9520.0,2387.2504429523806
9540.0,2385.0654940469294
9560.0,2380.023043810707
9580.0,2372.485529019451
9600.0,2362.814028135683
9620.0,2351.355007975065
9640.0,2338.461171550201
9660.0,2324.522421691994
9680.0,2309.9788994654587
9700.0,2295.285529477482
9720.0,2280.8513109954574
9740.0,2267.0100491802955
9760.0,2254.0418695665885
9780.0,2242.215557313065
9800.0,2231.7958231986718
9820.0,2223.0048711233726
9840.0,2215.9591230665574
9860.0,2210.6332065986117
9880.0,2206.88395471472
9900.0,2204.5073175324287
9920.0,2203.2841093873335
9940.0,2202.984748512741
9960.0,2203.343330488643
9980.0,2204.049989770972
10000.0,2204.77289316513
10020.0,2205.207424225407
10040.0,2205.1356378050027
10060.0,2204.4698611262747
10080.0,2203.2836608115736
10100.0,2201.846981871631
10120.0,2200.6907110984353
10140.0,2200.670313941068
10160.0,2202.943450403142
10180.0,2208.781316013806
10200.0,2219.188000778001
10220.0,2234.355356752425
10240.0,2253.038205932262
10260.0,2271.977228371606
10280.0,2285.565150044874
10300.0,2285.9999829466055
10320.0,2264.1647011481195
10340.0,2211.3697765456377
10360.0,2121.8210903468253
10380.0,1995.3291310089128
10400.0,1839.3585306278044
10420.0,1668.9798567736057
10440.0,1503.0499088056076
10460.0,1357.6187635029569
10480.0,1241.4053140554872
10500.0,1155.2839206584727
10520.0,1094.3881165522264
10540.0,1051.2982155915815
10560.0,1019.2311717336603
10580.0,994.5479147568018
10600.0,978.1834695623826
10620.0,975.7959716122535
10640.0,996.5685851851474
10660.0,1050.751929658066
10680.0,1146.274674525433
10700.0,1285.1282532629662
10720.0,1460.759163373659
10740.0,1658.162844624876
10760.0,1857.3462744265494
10780.0,2038.2997739228595
10800.0,2185.4846476153466
10820.0,2290.6343522177353
10840.0,2353.4019847524933
10860.0,2380.183855632201
10880.0,2381.455057709258
10900.0,2368.4266661769816
10920.0,2350.561981428725
10940.0,2334.4520595774684
10960.0,2323.656928653775
10980.0,2319.1095628462076
11000.0,2319.8149825104238
11020.0,2323.6127614445386
11040.0,2327.8202919047476
11060.0,2329.708879828063
11080.0,2326.8617479155228
11100.0,2317.419914637935
11120.0,2300.222939276294
11140.0,2274.8827456779904
11160.0,2241.8059146120554
11180.0,2202.1283462565452
11200.0,2157.5492454958535
11220.0,2110.0987470383316
11240.0,2061.8829354740024
11260.0,2014.871721467201
11280.0,1970.739057659058
11300.0,1930.7380614364051
11320.0,1895.6508472341097
11340.0,1865.827578552032
11360.0,1841.269124377765
11380.0,1821.7148158544867
11400.0,1806.7248499834836
11420.0,1795.7447506607823
11440.0,1788.163115578218
11460.0,1783.378997803297
11480.0,1780.8594048781692
11500.0,1780.1783797445016
11520.0,1781.0470167591131
11540.0,1783.3193656268108
11560.0,1786.965856910417
11580.0,1792.0171460587349
11600.0,1798.4942429741757
11620.0,1806.3365959419152
11640.0,1815.3518627646386
11660.0,1825.2190115132566
11680.0,1835.5737051964256
11700.0,1846.1284036747736
11720.0,1856.738091343082
11740.0,1867.4000803170766
11760.0,1878.2085773360263
11780.0,1889.2967230870804
11800.0,1900.7947610932665
11820.0,1912.7962096812328
11840.0,1925.316719170892
11860.0,1938.25762223388
11880.0,1951.3979298951278
11900.0,1964.395047218431
11920.0,1976.8223054479754
11940.0,1988.2549372827918
11960.0,1998.3683843585454
11980.0,2007.0263367767825
12000.0,2014.3119869451098
12020.0,2020.4723266167027
12040.0,2025.8090878535622
12060.0,2030.5719332882284
12080.0,2034.8938968646114
12100.0,2038.7683922722608
12120.0,2042.0426566895335
12140.0,2044.446626306994
12160.0,2045.648050562635
12180.0,2045.3372214247167
12200.0,2043.3252113432932
12220.0,2039.6201765060093
12240.0,2034.4616556840324
12260.0,2028.336114212251
12280.0,2021.998592299952
12300.0,2016.5007795038084
12320.0,2013.156452461407
12340.0,2013.3568069793778
12360.0,2018.2366274788533
12380.0,2028.203015727769
12400.0,2042.3658557511785
12420.0,2057.9980069980143
12440.0,2070.199505398662
12460.0,2071.993309690228
12480.0,2055.062689881505
12500.0,2011.25260524972
12520.0,1934.7533201984666
12540.0,1824.551612213128
12560.0,1686.2424606248067
12580.0,1531.992299192893
12600.0,1377.9169477943578
12620.0,1240.5150032187016
12640.0,1134.5629769735024
12660.0,1072.3166604571054
12680.0,1062.8766204520934
12700.0,1110.9743519711765
12720.0,1215.1276743956576
12740.0,1365.948432279574
12760.0,1546.2196897951155
12780.0,1734.0825711369448
12800.0,1908.005036138699
12820.0,2051.2363714225776
12840.0,2154.670779553706
12860.0,2217.592613389965
12880.0,2246.308617061522
12900.0,2251.0835425102027
12920.0,2242.723911998574
12940.0,2230.161328136881
12960.0,2219.387511382474
12980.0,2213.4340830214865
13000.0,2212.960701810018
13020.0,2217.091419254223
13040.0,2224.2396397164366
13060.0,2232.7510897385755
13080.0,2241.2716614295314
13100.0,2248.849283850267
13120.0,2254.8442052752234
13140.0,2258.787044830705
13160.0,2260.282167565571
13180.0,2258.9942913068494
13200.0,2254.6927840315416
13220.0,2247.319182593319
13240.0,2237.0554695615883
13260.0,2224.350560765384
13280.0,2209.8723112799803
13300.0,2194.3935399976735
13320.0,2178.655493543681
13340.0,2163.2801026623088
13360.0,2148.743313761862
13380.0,2135.371233140016
13400.0,2123.3505194812315
13420.0,2112.750788914217
13440.0,2103.5485834881047
13460.0,2095.6542591286016
13480.0,2088.9681039000334
13500.0,2083.4457137323484
13520.0,2079.1106879189815
13540.0,2076.0219955023263
13560.0,2074.2359945302605
13580.0,2073.770670544031
13600.0,2074.5712494580443
13620.0,2076.4886271198297
13640.0,2079.307147772645
13660.0,2082.8166707914293
13680.0,2086.882457965916
13700.0,2091.4704309463896
13720.0,2096.629154748741
13740.0,2102.452141041003
13760.0,2109.0427397724948
13780.0,2116.4860907272487
13800.0,2124.836975393947
13820.0,2134.1203783368956
13840.0,2144.335946520198
13860.0,2155.4502620998073
13880.0,2167.3269743810715
13900.0,2179.616487517812
13920.0,2191.6710574031795
13940.0,2202.5018779003162
13960.0,2210.803112679005
13980.0,2215.0571102097733
14000.0,2213.7354896849433
14020.0,2205.6271428368195
14040.0,2190.243400475211
14060.0,2168.2444638785387
14080.0,2141.8078877392063
14100.0,2114.7743812657664
14120.0,2092.307353370964
14140.0,2079.815722516417
14160.0,2081.12605071918
14180.0,2096.935556952805
14200.0,2124.788971997446
14220.0,2159.9672401618805
14240.0,2196.47317379394
14260.0,2228.2444921927713
14280.0,2250.7931685954663
14300.0,2262.682882185382
14320.0,2265.753009244213
14340.0,2263.740688453517
14360.0,2260.3853362439736
14380.0,2258.252021528771
14400.0,2258.4973849805065
14420.0,2261.2024782344506
14440.0,2265.85372298982
14460.0,2271.745982756342
14480.0,2278.258116863641
14500.0,2284.9708908588973
14520.0,2291.6104021187653
14540.0,2297.948558356108
14560.0,2303.7662730491234
14580.0,2308.86403632336
14600.0,2313.0864034639008
14620.0,2316.3333532944444
14640.0,2318.5699165156407
14660.0,2319.838884124311
14680.0,2320.2509773152256
14700.0,2319.959189569255
14720.0,2319.123202334721
14740.0,2317.883514700969
14760.0,2316.3495414548897
14780.0,2314.598331682866
14800.0,2312.678847642334
14820.0,2310.6226995075567
14840.0,2308.4627050383183
14860.0,2306.2621715893533
14880.0,2304.1437296601152
14900.0,2302.278590185431
14920.0,2300.8356458114654
14940.0,2299.9217779075034
14960.0,2299.5382170205244
14980.0,2299.5526646408275
15000.0,2299.6723951510417
15020.0,2299.4424322811988
15040.0,2298.3147621180087
15060.0,2295.7528777495454
15080.0,2291.3550476572373
15100.0,2284.996246562179
15120.0,2276.9572912031203
15140.0,2267.9667600694315
15160.0,2259.0712462633337
15180.0,2251.3374048612186
15200.0,2245.6138438921316
15220.0,2242.5580403489
15240.0,2242.8625526988412
15260.0,2247.437907530358
15280.0,2257.336715655748
15300.0,2273.407418964155
15320.0,2295.739513381857
15340.0,2322.9491659036694
15360.0,2351.4775215551776
15380.0,2375.1549867833187
15400.0,2385.324861965708
15420.0,2371.7740621363378
15440.0,2324.6017331085345
15460.0,2236.971870477992
15480.0,2108.335626953351
15500.0,1947.2341707021526
15520.0,1772.162706527086
15540.0,1608.6236616194365
15560.0,1483.062105638486
15580.0,1417.3446974199428
15600.0,1424.8535472847202
15620.0,1507.6157934012128
15640.0,1654.5775307243634
15660.0,1842.257510644164
15680.0,2039.7305182275443
15700.0,2217.4651389644177
15720.0,2355.3826548457814
15740.0,2446.183674261138
15760.0,2493.3960420614103
15780.0,2506.9336753237676
15800.0,2498.81194579156
15820.0,2480.0794639448595
15840.0,2459.1498126365304
15860.0,2441.2986874500484
15880.0,2428.9355303641523
15900.0,2422.291919727939
15920.0,2420.2424619992375
15940.0,2421.051635835681
15960.0,2422.9374194897746
15980.0,2424.4284719043144
16000.0,2424.5399765700795
16020.0,2422.78828783056
16040.0,2419.083347584428
16060.0,2413.5672494616256
16080.0,2406.465548260502
16100.0,2398.0047890955548
16120.0,2388.395492582693
16140.0,2377.8522109333085
16160.0,2366.6115863385694
16180.0,2354.94240584145
16200.0,2343.1338740981423
16220.0,2331.4751987889326
16240.0,2320.244051877169
16260.0,2309.6944096875404
16280.0,2300.0597361913487
16300.0,2291.5725969417413
16320.0,2284.4666430776815
16340.0,2278.9503976883857
16360.0,2275.135235692753
16380.0,2272.964324215125
16400.0,2272.2015977000483
16420.0,2272.4688174535395
16440.0,2273.3149586781665
16460.0,2274.316599111673
16480.0,2275.170390520234
16500.0,2275.7528214181116
16520.0,2276.1583506318034
16540.0,2276.743201130669
16560.0,2278.1644750272644
16580.0,2281.3628419453316
16600.0,2287.4405200912943
16620.0,2297.4177811030595
16640.0,2311.8409962385294
16660.0,2330.253976809189
16680.0,2350.6154937358815
16700.0,2368.8147036425244
16720.0,2378.548435726596
16740.0,2371.777856519825
16760.0,2339.9037242700374
16780.0,2275.7064763706526
16800.0,2175.790854009174
16820.0,2042.9010258011083
16840.0,1887.0287086505698
16860.0,1724.3441006594064
16880.0,1574.5959907207164
16900.0,1458.1479992150262
16920.0,1392.761558427762
16940.0,1390.099891887486
16960.0,1452.4392491719623
16980.0,1570.8689034502804
17000.0,1726.9171039803725
17020.0,1897.9207338799777
17040.0,2063.186674122765
17060.0,2208.026102338214
17080.0,2324.8480167405914
17100.0,2412.1096934965644
17120.0,2472.245644775446
17140.0,2509.301194155219
17160.0,2527.3227849886766
17180.0,2530.073114794419
17200.0,2521.3332699333646
17220.0,2505.0264279521407
17240.0,2485.1655946734063
17260.0,2465.5426330903315
17280.0,2449.249920540563
17300.0,2438.207621293729
17320.0,2432.889604624699
17340.0,2432.474551679522
17360.0,2435.3368139460963
17380.0,2439.621530233942
17400.0,2443.682641309093
17420.0,2446.309608829264
17440.0,2446.7796210771717
17460.0,2444.794287810092
17480.0,2440.3626459975376
17500.0,2433.695005172358
17520.0,2425.1081314490507
17540.0,2414.9110403053974
17560.0,2403.3135673896004
17580.0,2390.397658021687
17600.0,2376.142069891527
17620.0,2360.4954621073243
17640.0,2343.4539991921324
17660.0,2325.092309523793
17680.0,2305.5717979722917
17700.0,2285.1514104752614
17720.0,2264.164069222158
17740.0,2242.981365819115
17760.0,2222.0012747569367
17780.0,2201.6547707146196
17800.0,2182.41249340334
17820.0,2164.7689827044687
17840.0,2149.2140950471753
17860.0,2136.1726256630145
17880.0,2125.914783361186
17900.0,2118.5075927959724
17920.0,2113.83772810597
17940.0,2111.669356831312
17960.0,2111.70681630428
17980.0,2113.6387358022866
18000.0,2117.1706288715527
18020.0,2122.0449348832963
18040.0,2128.040492405925
18060.0,2134.963550369819
18080.0,2142.647873018478
18100.0,2150.963884738236
18120.0,2159.806037433043
18140.0,2169.059630221694
18160.0,2178.5740362188967
18180.0,2188.151938169046
18200.0,2197.543662511752
18220.0,2206.4519350235523
18240.0,2214.559643276508
18260.0,2221.6002699171972
18280.0,2227.4530312105353
18300.0,2232.238075019413
18320.0,2236.4085582105445
18340.0,2240.8074207012105
18360.0,2246.6354344146134
18380.0,2255.3084598689375
18400.0,2268.171053123941
18420.0,2286.0463949392115
18440.0,2308.641893101666
18460.0,2333.893392120665
18480.0,2357.401702001972
18500.0,2372.2049389540653
18520.0,2369.180879478893
18540.0,2338.3319767243956
18560.0,2271.0542772129056
18580.0,2163.227509423313
18600.0,2018.534253913686
18620.0,1850.8254522196646
18640.0,1683.6819043681196
18660.0,1545.6783498188483
18680.0,1463.3457641132736
18700.0,1454.9288777171228
18720.0,1525.6527514409634
18740.0,1665.0912510273185
18760.0,1848.2754625158232
18780.0,2042.1811352621723
18800.0,2215.5367761062093
18820.0,2347.2143757874815
18840.0,2429.8424298999726
18860.0,2467.854647912196
18880.0,2472.528867193093
18900.0,2457.066532853381
18920.0,2433.169580087217
18940.0,2409.3521590905048
18960.0,2390.600317935868
18980.0,2378.8604924459164
19000.0,2373.907659981659
19020.0,2374.2493496377238
19040.0,2377.873319585617
19060.0,2382.7546689515657
19080.0,2387.1065240675593
19100.0,2389.4527553339694
19120.0,2388.64510177853
19140.0,2383.8832300551157
19160.0,2374.728635588064
19180.0,2361.10399247009
19200.0,2343.2748714009194
19220.0,2321.8400516687543
19240.0,2297.721306300446
19260.0,2272.1444579032873
19280.0,2246.5816778621024
19300.0,2222.625833322424
19320.0,2201.7788373600347
19340.0,2185.1534461739157
19360.0,2173.0971145289814
19380.0,2164.765490355528
19400.0,2157.725356140705
19420.0,2147.719064797658
19440.0,2128.776948081916
19460.0,2093.8852130672653
19480.0,2036.2618636426596
19500.0,1951.0672783368886
19520.0,1837.1873490129797
19540.0,1698.687370046991
19560.0,1545.1798090664936
19580.0,1389.9964406662625
19600.0,1246.8628929430502
19620.0,1127.8248388054144
19640.0,1043.053413814486
19660.0,1001.2827442680006
19680.0,1009.7104363574945
19700.0,1072.7338075212367
19720.0,1189.5825993022577
19740.0,1351.7079104093932
19760.0,1541.6427061175782
19780.0,1735.541637921667
19800.0,1909.5419916211274
19820.0,2046.3940974415389
19840.0,2139.0648659489143
19860.0,2190.220457673932
19880.0,2208.9472836844075
19900.0,2206.8553315285762
19920.0,2194.9512811113036
19940.0,2181.764006985163
19960.0,2172.665183008085
19980.0,2170.0738711592962
20000.0,2174.141843898267
20020.0,2183.5858238939268
20040.0,2196.456687129158
20060.0,2210.7172073933652
20080.0,2224.6172314612913
20100.0,2236.889629247808
20120.0,2246.781355463419
20140.0,2253.9657748718164
20160.0,2258.4170736886795
20180.0,2260.3012694802264
20200.0,2259.9018992259175
20220.0,2257.5688470556706
20240.0,2253.654450826326
20260.0,2248.4644447862784
20280.0,2242.2650740869312
20300.0,2235.3175498531546
20320.0,2227.8878147694268
20340.0,2220.2051980810747
20360.0,2212.4177770271613
20380.0,2204.551170664944
20400.0,2196.4896446731814
20420.0,2188.02800073231
20440.0,2178.978495892982
20460.0,2169.267038712161
20480.0,2158.9998970355177
20500.0,2148.5064003615253
20520.0,2138.317151785365
20540.0,2129.038901405572
20560.0,2121.184945944589
20580.0,2115.0447374747614
20600.0,2110.6588459891364
20620.0,2107.8828012116455
20640.0,2106.4636710478812
20660.0,2106.111419132606
20680.0,2106.5864974766832
20700.0,2107.766938921343
20720.0,2109.654166733798
20740.0,2112.311063662237
20760.0,2115.782815916714
20780.0,2120.042156754798
20800.0,2124.9721923591637
20820.0,2130.4039623143008
20840.0,2136.204059719628
20860.0,2142.323077835891
20880.0,2148.7602358371214
20900.0,2155.498914982024
20920.0,2162.4703142838384
20940.0,2169.5503860513063
20960.0,2176.5595354488873
20980.0,2183.2797510935334
21000.0,2189.4895668270956
21020.0,2194.9961252624566
21040.0,2199.648793975429
21060.0,2203.3562467035313
21080.0,2206.1405164883918
21100.0,2208.2588992202986
21120.0,2210.364534165087
21140.0,2213.5799774305437
21160.0,2219.3634230535285
21180.0,2229.1443318587617
21200.0,2243.7897688822113
21220.0,2262.965942480906
21240.0,2284.439756787548
21260.0,2303.4843096191526
21280.0,2312.6627945499167
21300.0,2302.289063042892
21320.0,2261.8540172639414
21340.0,2182.5661120052036
21360.0,2060.7588889500753
21380.0,1901.4242901128812
21400.0,1720.5877834152184
21420.0,1544.6184248982793
21440.0,1404.6069586287636
21460.0,1327.8632459191826
21480.0,1331.1955637148253
21500.0,1417.0326253508465
21520.0,1572.103721285533
21540.0,1769.411190492066
21560.0,1974.7669608428355
21580.0,2156.411107539651
21600.0,2293.2027299255883
21620.0,2378.091397573773
21640.0,2416.132552750704
21660.0,2419.4667377873893
21680.0,2402.281184232722
21700.0,2377.1627484333594
21720.0,2353.1683555276622
21740.0,2335.3860553153145
21760.0,2325.533690285154
21780.0,2323.0907680714467
21800.0,2326.5084491473517
21820.0,2334.182447872375
21840.0,2345.031965613346
21860.0,2358.612523244091
21880.0,2374.7399088296584
21900.0,2392.734150396486
21920.0,2410.492782504837
21940.0,2423.6748740738167
21960.0,2425.315518068136
21980.0,2406.1144199535865
22000.0,2355.621231534574
22020.0,2264.49030103806
22040.0,2127.6624210475143
22060.0,1947.809273345882
22080.0,1737.8063811081506
22100.0,1520.4368062383312
22120.0,1323.4218861676025
22140.0,1171.016136376576
22160.0,1077.770921724636
22180.0,1046.6470574634984
22200.0,1069.8970828615252
22220.0,1131.320127319
22240.0,1209.4370896720698
22260.0,1281.9568179433932
22280.0,1331.9303074708469
22300.0,1353.831659893532
22320.0,1356.2515177467833
22340.0,1359.3523220397879
22360.0,1387.0056160456247
22380.0,1456.564992226063
22400.0,1571.5978812112917
22420.0,1720.6896043976365
22440.0,1882.3573747609194
22460.0,2033.0645570299082
22480.0,2154.559711982336
22500.0,2238.1169983201553
22520.0,2284.705523365286
22540.0,2301.9699014664366
22560.0,2300.2006684803227
22580.0,2289.1199869978636
22600.0,2276.1057878647407
22620.0,2265.639279561948
22640.0,2259.5620398009496
22660.0,2257.7563733444463
22680.0,2258.9341888354365
22700.0,2261.3254710865617
22720.0,2263.1679789965283
22740.0,2262.991576639176
22760.0,2259.7303952082043
22780.0,2252.7098030110783
22800.0,2241.5683575227877
22820.0,2226.1945857114906
22840.0,2206.697895132549
22860.0,2183.3954350647487
22880.0,2156.799075822092
22900.0,2127.5892611830905
22920.0,2096.591976520355
22940.0,2064.7525856422562
22960.0,2033.073465839422
22980.0,2002.510992189297
23000.0,1973.8717891533215
23020.0,1947.7403420943233
23040.0,1924.4527124945294
23060.0,1904.1242572766926
23080.0,1886.7356777724933
23100.0,1872.2522442160378
23120.0,1860.7475849059788
23140.0,1852.4978665068434
23160.0,1848.0183757130992
23180.0,1848.0255717383109
23200.0,1853.306691601074
23220.0,1864.446530929316
23240.0,1881.3623570516713
23260.0,1902.705161035803
23280.0,1925.3032051643618
23300.0,1943.8489871987053
23320.0,1951.036186029268
23340.0,1938.3474443829443
23360.0,1897.6649607681206
23380.0,1823.6619114519538
23400.0,1716.5572393037796
23420.0,1584.3944609716182
23440.0,1443.422442964342
23460.0,1315.1353269920369
23480.0,1220.8469163779223
23500.0,1176.389810005172
23520.0,1188.1999796208922
23540.0,1251.594207529277
23560.0,1352.4602666889118
23580.0,1472.5605239870915
23600.0,1595.6374432058265
23620.0,1711.163702352488
23640.0,1815.0403334620266
23660.0,1907.7814192130704
23680.0,1991.1867909877856
23700.0,2065.346056189957
23720.0,2127.924025565021
23740.0,2175.785002184514
23760.0,2207.332150716017
23780.0,2223.934715947297
23800.0,2229.577191558875
23820.0,2229.158444866497
23840.0,2226.9434373110844
23860.0,2225.83599074689
23880.0,2227.2936399967425
23900.0,2231.570331106549
23920.0,2238.053900813865
23940.0,2245.6054452568874
23960.0,2252.8479354732954
23980.0,2258.419379571484
24000.0,2261.176559121047
24020.0,2260.3242333926873
24040.0,2255.4745917594964
24060.0,2246.6355355452865
24080.0,2234.1329301317264
24100.0,2218.50970267828
24120.0,2200.4426336334177
24140.0,2180.6642506505264
24160.0,2159.872603830853
24180.0,2138.654749724179
24200.0,2117.45172475325
24220.0,2096.5577095641415
24240.0,2076.152094081247
24260.0,2056.3514143317057
24280.0,2037.2462111035093
24300.0,2018.920989670519
24320.0,2001.4865625810774
24340.0,1985.109944554843
24360.0,1970.0207574815572
24380.0,1956.4878203390715
24400.0,1944.775356908945
24420.0,1935.1006767687027
24440.0,1927.6077806713342
24460.0,1922.3665091705602
24480.0,1919.3792693926284
24500.0,1918.571489754142
24520.0,1919.7810289276658
24540.0,1922.7612640711777
24560.0,1927.1995484081563
24580.0,1932.7512402424527
24600.0,1939.0813011316252
24620.0,1945.9240286304164
24640.0,1953.1305127753235
24660.0,1960.6696150432967
24680.0,1968.5970169218956
24700.0,1977.01162931699
24720.0,1985.9910230137732
24740.0,1995.5326817973205
24760.0,2005.5432430265046
24780.0,2015.8612968665068
24800.0,2026.2916863266594
24820.0,2036.6512838278518
24840.0,2046.8356912353258
24860.0,2056.9212758752265
24880.0,2067.2550707832215
24900.0,2078.47392803479
24920.0,2091.4180423073967
24940.0,2106.9244837463502
24960.0,2125.510681527624
24980.0,2146.9810157001116
25000.0,2169.995014613024
25020.0,2191.690533604775
25040.0,2207.542527609861
25060.0,2211.6266028633077
25080.0,2197.4489856630303
25100.0,2159.4453748814512
25120.0,2095.0549978074546
25140.0,2006.9802315345946
25160.0,1904.8579192390193
25180.0,1805.1139242152287
25200.0,1727.4942692224947
25220.0,1688.8374367550628
25240.0,1698.2094170710443
25260.0,1755.1413588188498
25280.0,1850.0687808254493
25300.0,1966.338394526031
25320.0,2083.847148464919
25340.0,2184.38271025028
25360.0,2256.768427755759
25380.0,2298.6875442562937
25400.0,2314.6275201888275
25420.0,2312.38878418271
25440.0,2300.2227648257685
25460.0,2285.0495729971126
25480.0,2271.6592761171228
25500.0,2262.6596868202646
25520.0,2258.8622806985936
25540.0,2259.8459961994163
25560.0,2264.49885274018
25580.0,2271.4435599287026
25600.0,2279.316440997291
25620.0,2286.9180689316468
25640.0,2293.289399289092
25660.0,2297.765723645884
25680.0,2299.9771688201713
25700.0,2299.784719717438
25720.0,2297.2008088461344
25740.0,2292.3246403996195
25760.0,2285.301440437027
25780.0,2276.2904472267546
25800.0,2265.4525756725056
25820.0,2253.0032699352123
25840.0,2239.291327256534
25860.0,2224.8314029371545
25880.0,2210.262685177118
25900.0,2196.2339555923554
25920.0,2183.2886346749174
25940.0,2171.8094964947186
25960.0,2161.9999887330005
25980.0,2153.8919065773766
26000.0,2147.4009725111346
26020.0,2142.3873139654997
26040.0,2138.6761152797926
26060.0,2136.076308434348
26080.0,2134.4251602479976
26100.0,2133.6305192549794
26120.0,2133.6764411241124
26140.0,2134.5829078456622
26160.0,2136.3672396207926
26180.0,2139.0094879967705
26200.0,2142.4200655688883
26220.0,2146.4413471978305
26240.0,2150.8848977483103
26260.0,2155.572775154394
26280.0,2160.348322074574
26300.0,2165.060323433711
26320.0,2169.5672457088485
26340.0,2173.750091492801
26360.0,2177.5358695989316
26380.0,2180.9339732075623
26400.0,2184.0708031974673
26420.0,2187.2316879625005
26440.0,2190.9078539618076
26460.0,2195.837894619204
26480.0,2203.0215606680854
26500.0,2213.6333104064424
26520.0,2228.775828351593
26540.0,2249.0343583490867
26560.0,2273.821906240781
26580.0,2300.636837689258
26600.0,2324.4604026967945
26620.0,2337.550984112671
26640.0,2329.9344691238985
26660.0,2290.8406937049012
26680.0,2211.186808311054
26700.0,2086.9139510991317
26720.0,1922.5414653026357
26740.0,1733.6731518398396
26760.0,1546.5427016926649
26780.0,1392.4963828342889
26800.0,1297.927591666562
26820.0,1275.587759771192
26840.0,1321.3604576751864
26860.0,1416.2303067442137
26880.0,1532.8181043802256
26900.0,1644.5733815816761
26920.0,1733.5255291788012
26940.0,1794.1634157585736
26960.0,1832.7426523405204
26980.0,1862.3770094649037
27000.0,1896.200815172481
27020.0,1942.0569448876718
27040.0,2000.7998513608177
27060.0,2067.8003224608665
27080.0,2135.8242946252035
27100.0,2197.585520400043
27120.0,2247.6305202540725
27140.0,2283.6062136602945
27160.0,2306.3689039773917
27180.0,2318.814594243985
27200.0,2324.4675798665567
27220.0,2326.5470251295196
27240.0,2327.524272938993
27260.0,2329.0072816212964
27280.0,2331.8098839893883
27300.0,2336.0889988508725
27320.0,2341.4973179002673
27340.0,2347.308502671293
27360.0,2352.497321630947
27380.0,2355.8075241028246
27400.0,2355.8520755688646
27420.0,2351.2802750624933
27440.0,2341.003154600201
27460.0,2324.417505673091
27480.0,2301.563773269075
27500.0,2273.1526223600567
27520.0,2240.4269042867177
27540.0,2204.9020273704054
27560.0,2168.1046088876546
27580.0,2131.3721913361796
27600.0,2095.7330406998867
27620.0,2061.8768693770326
27640.0,2030.2153422576725
27660.0,2000.9917576231696
27680.0,1974.3850874570915
27700.0,1950.5901069506886
27720.0,1929.8806012347377
27740.0,1912.6624043227016
27760.0,1899.4932018290426
27780.0,1891.018199969964
27800.0,1887.7900463617066
27820.0,1889.9696584119647
27840.0,1896.938210366589
27860.0,1906.8788388959479
27880.0,1916.4503300054796
27900.0,1920.703567448613
27920.0,1913.381441777253
27940.0,1887.7252331049458
27960.0,1837.8162727647173
27980.0,1760.3552191575031
28000.0,1656.7703955872141
28020.0,1535.0747686187567
28040.0,1409.9510818645836
28060.0,1300.5210184449015
28080.0,1226.7281619417695
28100.0,1205.128178657987
28120.0,1244.5919238784213
28140.0,1342.8580040852435
28160.0,1485.643302626082
28180.0,1650.0616140536374
28200.0,1811.2054122252375
28220.0,1948.5821198664864
28240.0,2050.3962465890254
28260.0,2114.6637525626415
28280.0,2147.163119765461
28300.0,2157.5856321704177
28320.0,2155.943693592627
28340.0,2150.3201597468637
28360.0,2145.979019853761
28380.0,2145.454840231539
28400.0,2149.175830240477
28420.0,2156.2511388268863
28440.0,2165.205768005682
28460.0,2174.5566708521696
28480.0,2183.1691104656106
28500.0,2190.384547781471
28520.0,2195.958356622588
28540.0,2199.9087748871125
28560.0,2202.3673200303792
28580.0,2203.47908936757
28600.0,2203.3614884440576
28620.0,2202.098661770187
28640.0,2199.7556560840617
28660.0,2196.404293344772
28680.0,2192.142275902813
28700.0,2187.1026745340887
28720.0,2181.465811590154
28740.0,2175.4617400833804
28760.0,2169.344242076498
28780.0,2163.36037581344
28800.0,2157.736093810742
28820.0,2152.6825450763176
28840.0,2148.4192070589033
28860.0,2145.1826587421356
28880.0,2143.1941532550854
28900.0,2142.631578952649
28920.0,2143.619167498016
28940.0,2146.189893649925
28960.0,2150.2145850239494
28980.0,2155.316965858882
29000.0,2160.7778825345817
29020.0,2165.482858625658
29040.0,2167.9988960099845
29060.0,2166.8031954236762
29080.0,2160.6627294942746
29100.0,2149.110609447163
29120.0,2132.8460331249507
29140.0,2113.795087422923
29160.0,2094.5328561467604
29180.0,2077.0695974178698
29200.0,2061.5059892468157
29220.0,2044.83702583634
29240.0,2020.3138801652028
29260.0,1978.3095781769407
29280.0,1908.9387231586952
29300.0,1805.5637019330193
29320.0,1668.1195520704794
29340.0,1505.2768532498312
29360.0,1334.4834378250919
29380.0,1179.134912526942
29400.0,1063.1807279032068
29420.0,1005.7675655815052
29440.0,1018.2039257060535
29460.0,1102.649012812569
29480.0,1251.4946941948212
29500.0,1447.4095955014327
29520.0,1665.1166347971587
29540.0,1876.3111992852166
29560.0,2056.57904133693
29580.0,2190.7739013781475
29600.0,2274.9324841255047
29620.0,2314.6626834179315
29640.0,2321.363780672074
29660.0,2308.1434371578184
29680.0,2286.698270921542
29700.0,2265.6174225509762
29720.0,2249.969475690162
29740.0,2241.7454885475317
29760.0,2240.724260984377
29780.0,2245.3917226478793
29800.0,2253.6939453905075
29820.0,2263.5454853117453
29840.0,2273.1034888758622
29860.0,2280.908164766924
29880.0,2285.942211480203
29900.0,2287.6066688627393
29920.0,2285.634031813212
29940.0,2279.9960227140587
29960.0,2270.841959723405
29980.0,2258.4700078928013
30000.0,2243.3173123120105
30020.0,2225.9497956722503
30040.0,2207.03564752023
30060.0,2187.2908194060133
30080.0,2167.418871124072
30100.0,2148.062311754127
30120.0,2129.7619814274035
30140.0,2112.9061239693
30160.0,2097.6989216587913
30180.0,2084.156284521817
30200.0,2072.11582989637
30220.0,2061.320040154194
30240.0,2051.5936528712223
30260.0,2043.0690033039834
30280.0,2036.359361454839
30300.0,2032.621257338674
30320.0,2033.4120310112023
30340.0,2040.3185121607942
30360.0,2054.4179801225882
30380.0,2075.6119652168054
30400.0,2101.8762864071364
30420.0,2128.5710694519657
30440.0,2148.0754613770855
30460.0,2150.069086046335
30480.0,2122.757072661087
30500.0,2055.2384060402887
30520.0,1940.9252706863274
30540.0,1781.434376452744
30560.0,1589.6941745533654
30580.0,1390.3650900798077
30600.0,1215.4691065257705
30620.0,1095.81169365152
30640.0,1053.417052204531
30660.0,1097.5634430996365
30680.0,1223.3541380092956
30700.0,1412.1531124376256
30720.0,1634.5056730359245
30740.0,1856.5565800662887
30760.0,2048.2680289408586
30780.0,2189.994004401378
30800.0,2275.4574500563467
30820.0,2310.3429469045623
30840.0,2307.817726272532
30860.0,2283.4922237030323
30880.0,2251.462496905634
30900.0,2222.0480328840476
30920.0,2201.1564043777084
30940.0,2190.7769992946
30960.0,2190.0465608547634
30980.0,2196.463228129661
31000.0,2206.9721050675976
31020.0,2218.714882802062
31040.0,2229.4012586123163
31060.0,2237.4125846518805
31080.0,2241.771419276686
31100.0,2242.059029388479
31120.0,2238.3043162463764
31140.0,2230.8520609941343
31160.0,2220.217513426793
31180.0,2206.9392573038403
31200.0,2191.4760331883285
31220.0,2174.1971244528404
31240.0,2155.435769820377
31260.0,2135.537700255251
31280.0,2114.871746448994
31300.0,2093.8242114113937
31320.0,2072.831279628671
31340.0,2052.42039137161
31360.0,2033.1868412009014
31380.0,2015.7216678154866
31400.0,2000.5227134192235
31420.0,1987.9219736628074
31440.0,1978.0320698428902
31460.0,1970.7032330242678
31480.0,1965.5374810156259
31500.0,1961.9720409293764
31520.0,1959.4080104223108
31540.0,1957.35362455083
31560.0,1955.568122309406
31580.0,1954.2153806769359
31600.0,1953.9731872084515
31620.0,1956.0669533137138
31640.0,1962.157086876352
31660.0,1974.0236608153639
31680.0,1993.0536045709237
31700.0,2019.563923689886
31720.0,2052.0109236381345
31740.0,2086.2207336497386
31760.0,2114.930891687897
31780.0,2127.9555149144626
31800.0,2113.272581830434
31820.0,2059.271190873152
31840.0,1958.1263723198613
31860.0,1809.7977746390486
31880.0,1625.5000876994122
31900.0,1428.853803330481
31920.0,1252.497861141356
31940.0,1129.5592828523115
31960.0,1084.6720239997696
31980.0,1128.7941595713796
32000.0,1257.3901974069636
32020.0,1451.1555364489911
32040.0,1679.7006350148308
32060.0,1908.6546807982008
32080.0,2107.7388402735864
32100.0,2256.654515296171
32120.0,2347.694637514359
32140.0,2384.9261489370115
32160.0,2380.6871753449363
32180.0,2350.8439247098095
32200.0,2310.534752891679
32220.0,2271.4252376046925
32240.0,2240.638202173957
32260.0,2221.014708064721
32280.0,2212.163822526475
32300.0,2211.780077003743
32320.0,2216.8391125262183
32340.0,2224.466197620893
32360.0,2232.447287868136
32380.0,2239.416120327064
32400.0,2244.775517946684
32420.0,2248.459828435975
32440.0,2250.6463161537763
32460.0,2251.5161089592048
32480.0,2251.133783926193
32500.0,2249.4389373861663
32520.0,2246.3122144226054
32540.0,2241.6788517485356
32560.0,2235.588464365507
32580.0,2228.215983035585
32600.0,2219.80108482542
32620.0,2210.608723580892
32640.0,2200.92778178905
32660.0,2191.0925611626926
32680.0,2181.4956996791434
32700.0,2172.555521146352
32720.0,2164.660978769092
32740.0,2158.1419908654325
32760.0,2153.2607130715737
32780.0,2150.195861421756
32800.0,2149.016108783358
32820.0,2149.670222418849
32840.0,2151.996258532602
32860.0,2155.733289441916
32880.0,2160.5467735211982
32900.0,2166.0778364968696
32920.0,2171.979925047264
32940.0,2177.910540818545
32960.0,2183.528780561486
32980.0,2188.5054634755684
33000.0,2192.527135431689
33020.0,2195.305485792963
33040.0,2196.601452538964
33060.0,2196.266993283242
33080.0,2194.28470335515
33100.0,2190.772968621309
33120.0,2185.9560624768756
33140.0,2180.139936431921
33160.0,2173.7034060233327
33180.0,2167.087015177941
33200.0,2160.759701515483
33220.0,2155.174208491707
33240.0,2150.720160105965
33260.0,2147.6701137494865
33280.0,2146.1429088595787
33300.0,2146.0853606682804
33320.0,2147.2834403374472
33340.0,2149.410834448644
33360.0,2152.082093897129
33380.0,2154.9064744893767
33400.0,2157.5792872945044
33420.0,2159.9876364888246
33440.0,2162.2852699476884
33460.0,2164.922215744587
33480.0,2168.619270023876
33500.0,2174.3006266012203
33520.0,2182.918459453998
33540.0,2195.10787051432
33560.0,2210.7309606315885
33580.0,2228.3978018297794
33600.0,2245.0363354802817
33620.0,2255.6444842303963
33640.0,2253.3872616203003
33660.0,2230.228542660866
33680.0,2178.2469854137444
33700.0,2091.590062149079
33720.0,1968.7492374259332
33740.0,1814.5056852709572
33760.0,1640.4552631971833
33780.0,1463.0504326434916
33800.0,1300.4011080535945
33820.0,1170.0848302529198
33840.0,1087.9113835270716
33860.0,1066.582707416026
33880.0,1113.5877464110522
33900.0,1228.4354138192753
33920.0,1400.2890336271253
33940.0,1608.0305002431064
33960.0,1824.3808356040784
33980.0,2022.2715169652681
34000.0,2179.883149720892
34020.0,2282.9813381520426
34040.0,2324.8587221878447
34060.0,2305.1929363133786
34080.0,2229.079159433032
34100.0,2106.438980541102
34120.0,1951.4308634394936
34140.0,1781.6341456515652
34160.0,1616.9304410443851
34180.0,1477.8004499402246
34200.0,1382.9229698552695
34220.0,1346.2493604794322
34240.0,1373.6989327502351
34260.0,1461.164975467187
34280.0,1595.2171573795208
34300.0,1755.8991766421345
34320.0,1920.8765484634544
34340.0,2069.9955520870026
34360.0,2189.0840153448
34380.0,2272.0126081119174
34400.0,2320.2587740605595
34420.0,2340.346702476442
34440.0,2340.8304748182654
34460.0,2330.0180163584473
34480.0,2314.6752606355917
34500.0,2299.5439228700816
34520.0,2287.390236462326
34540.0,2279.3443063535346
34560.0,2275.3420604819075
34580.0,2274.56336997165
34600.0,2275.7932223488997
34620.0,2277.6646100598664
34640.0,2278.7918613921815
34660.0,2277.833580372772
34680.0,2273.530626407433
34700.0,2264.769460653274
34720.0,2250.704836676627
34740.0,2230.9204645775185
34760.0,2205.568107083179
34780.0,2175.429516083884
34800.0,2141.87398135669
34820.0,2106.673152607425
34840.0,2071.6889224008264
34860.0,2038.5644933781448
34880.0,2008.5349079849238
34900.0,1982.3616415517288
34920.0,1960.360883171592
34940.0,1942.4921152895156
34960.0,1928.4745993049175
34980.0,1917.9065085387574
35000.0,1910.3765880155065
35020.0,1905.5353906625146
35040.0,1903.1036511401908
35060.0,1902.856487762348
35080.0,1904.6096719266272
35100.0,1908.210574703346
35120.0,1913.5264793110614
35140.0,1920.4332443029484
35160.0,1928.8022805266253
35180.0,1938.4765458394716
35200.0,1949.255113573406
35220.0,1960.8713607429968
35240.0,1972.984905901248
35260.0,1985.23538170192
35280.0,1997.3274381394142
35300.0,2009.13649260199
35320.0,2020.835715171031
35340.0,2032.9851499929064
35360.0,2046.4975625983811
35380.0,2062.443954664415
35400.0,2081.698146159866
35420.0,2104.4515300062694
35440.0,2129.6690845732487
35460.0,2154.5906301328105
35480.0,2174.4103473647215
35500.0,2182.2908107026146
35520.0,2169.9167437584165
35540.0,2128.7822352643684
35560.0,2052.222853913768
35580.0,1937.884880947733
35600.0,1789.9804411182006
35620.0,1620.2449686218622
35640.0,1446.348412271375
35660.0,1288.033719600968
35680.0,1163.6101409316536
35700.0,1088.1745605791018
35720.0,1072.6422234893894
35740.0,1122.5322726563213
35760.0,1236.194508054372
35780.0,1403.1087393324142
35800.0,1603.8793604648695
35820.0,1813.6603990776214
35840.0,2008.0197585502174
35860.0,2168.062651005689
35880.0,2283.0620843015186
35900.0,2350.944102782666
35920.0,2377.303398029747
35940.0,2373.0500353351144
35960.0,2351.1000355580063
35980.0,2323.3021822049486
36000.0,2298.371568927214
36020.0,2281.1167579738135
36040.0,2272.758040075033
36060.0,2271.857851735492
36080.0,2275.460744442758
36100.0,2280.141053919163
36120.0,2282.7829337670314
36140.0,2281.0285483404414
36160.0,2273.439073026713
36180.0,2259.467595230578
36200.0,2239.3536442785294
36220.0,2214.0014236197776
36240.0,2184.8385085817617
36260.0,2153.6294932543174
36280.0,2122.203880000318
36300.0,2092.1314474371484
36320.0,2064.52298553637
36340.0,2040.0022525013878
36360.0,2018.7666103215174
36380.0,2000.67998286988
36400.0,1985.383325321713
36420.0,1972.4276164193084
36440.0,1961.4255665580008
36460.0,1952.1627763326255
36480.0,1944.628234671957
36500.0,1938.9606685973508
36520.0,1935.3646923220608
36540.0,1934.0448316286195
36560.0,1935.1227969706756
36580.0,1938.5611070627754
36600.0,1944.1456481846963
36620.0,1951.5256270647762
36640.0,1960.3147488498616
36660.0,1970.203140590044
36680.0,1981.0129425764674
36700.0,1992.6882004014315
36720.0,2005.237334904666
36740.0,2018.6506040934323
36760.0,2032.8343741408212
36780.0,2047.5964726368475
36800.0,2062.6785652090634
36820.0,2077.810357585735
36840.0,2092.754936327093
36860.0,2107.3310983554843
36880.0,2121.422695985563
36900.0,2134.9604025699364
36920.0,2147.886469704498
36940.0,2160.115786177462
36960.0,2171.457324478214
36980.0,2181.5479289385485
37000.0,2189.890689051706
37020.0,2195.9914232957294
37040.0,2199.571036301649
37060.0,2200.7982070562084
37080.0,2200.4616293486497
37100.0,2200.0429704873977
37120.0,2201.6368296777646
37140.0,2207.6507297780586
37160.0,2220.2931374115906
37180.0,2240.860118887933
37200.0,2268.8216814954985
37220.0,2300.848199793117
37240.0,2330.047470761327
37260.0,2345.758075988996
37280.0,2334.2989695919205
37300.0,2281.0264746932908
37320.0,2173.8139021330326
37340.0,2007.6432716211227
37360.0,1789.3372203571744
37380.0,1540.6898838128093
37400.0,1297.4340917921313
37420.0,1101.3795328300225
37440.0,988.0297625242954
37460.0,977.5966936856045
37480.0,1071.8911045833138
37500.0,1255.0270042998134
37520.0,1496.641008718027
37540.0,1757.8350500259035
37560.0,2000.0052220435318
37580.0,2193.9222807339384
37600.0,2325.5133731537762
37620.0,2396.2112459544087
37640.0,2418.2250188723956
37660.0,2408.228908773721
37680.0,2382.37501578021
37700.0,2353.3684979666805
37720.0,2329.3898571144355
37740.0,2314.3384363464893
37760.0,2308.810510966157
37780.0,2311.3057139409466
37800.0,2319.3402603037903
37820.0,2330.2837049495074
37840.0,2341.847639105746
37860.0,2352.3005941004694
37880.0,2360.4865776759216
37900.0,2365.7088081915135
37920.0,2367.559984039276
37940.0,2365.7700344821187
37960.0,2360.115343059515
37980.0,2350.431910842549
38000.0,2336.7292548001597
38020.0,2319.3247010225655
38040.0,2298.907897068884
38060.0,2276.482196092532
38080.0,2253.2104542249617
38100.0,2230.2545095951377
38120.0,2208.6486211455085
38140.0,2189.2300642335385
38160.0,2172.6372585439913
38180.0,2159.297899804207
38200.0,2149.3621568350272
38220.0,2142.6309405445945
38240.0,2138.539406530176
38260.0,2136.2066459549205
38280.0,2134.5572603135142
38300.0,2132.4920286792476
38320.0,2129.074139390347
38340.0,2123.7231905717567
38360.0,2116.3830489539955
38380.0,2107.5963262492614
38400.0,2098.425167284858
38420.0,2090.203969544003
38440.0,2084.25720277133
38460.0,2081.805656737505
38480.0,2084.0903584983207
38500.0,2092.472965090434
38520.0,2108.294928383725
38540.0,2132.4184044450385
38560.0,2164.501689359753
38580.0,2202.123661337186
38600.0,2239.9505077916556
38620.0,2269.247433105553
38640.0,2278.107934750837
38660.0,2252.752341844559
38680.0,2180.1106923113693
38700.0,2051.6878346777326
38720.0,1868.2048111397648
38740.0,1643.7014622451293
38760.0,1406.8613466277034
38780.0,1196.5583060551562
38800.0,1050.7449923905683
38820.0,995.3777875415653
38840.0,1039.3364240585645
38860.0,1174.3017879073298
38880.0,1377.5801035128077
38900.0,1617.2504101433628
38920.0,1859.515904821843
38940.0,2075.8944530375625
38960.0,2247.439926030959
38980.0,2365.8904893361632
39000.0,2432.521592374198
39020.0,2455.4893643893383
39040.0,2446.6023888826994
39060.0,2418.351276337694
39080.0,2381.868455397902
39100.0,2345.8331908288687
39120.0,2316.0276167226593
39140.0,2295.4327898016636
39160.0,2284.6035642517454
39180.0,2282.2517590903885
39200.0,2285.959315230438
39220.0,2292.898451982044
39240.0,2300.445615158761
39260.0,2306.5801937730207
39280.0,2310.042136020328
39300.0,2310.283660936438
39320.0,2307.267723284392
39340.0,2301.284463284529
39360.0,2292.926882210289
39380.0,2283.1431666507847
39400.0,2273.2571344927433
39420.0,2264.9121764237775
39440.0,2259.893996384185
39460.0,2259.771973637303
39480.0,2265.3259030906206
39500.0,2275.8251434851763
39520.0,2288.340730614521
39540.0,2297.343889247501
39560.0,2294.813003228036
39580.0,2271.0544958989913
39600.0,2216.4330547638747
39620.0,2123.9834482454594
39640.0,1992.4754356756791
39660.0,1829.0396534228294
39680.0,1650.0170163669216
39700.0,1478.3622052735095
39720.0,1337.5733938213664
39740.0,1245.8595613450075
39760.0,1212.9017448259863
39780.0,1238.6356763055003
39800.0,1313.5050635967034
39820.0,1420.5090264164735
39840.0,1539.7483029510327
39860.0,1654.0164720611288
39880.0,1751.9578428467466
39900.0,1827.9364032609217
39920.0,1880.475507927676
39940.0,1910.759108669082
39960.0,1921.398244675241
39980.0,1915.6022685620526
40000.0,1897.1678253426198
40020.0,1871.1340688466007
40040.0,1844.447055609467
40060.0,1825.8359941232422
40080.0,1823.8546409891853
40100.0,1843.4659394662897
40120.0,1883.725701537561
40140.0,1938.455369062734
40160.0,1998.9754064976964
40180.0,2056.8016781142023
40200.0,2105.2630800098573
40220.0,2140.2357530647873
40240.0,2160.5256105336252
40260.0,2167.917348016642
40280.0,2166.6562900310855
40300.0,2162.4442899296664
40320.0,2161.1702167514845
40340.0,2167.5535524481534
40360.0,2183.884524085049
40380.0,2208.9869067347618
40400.0,2237.506620640167
40420.0,2259.8742652378514
40440.0,2263.3732779880775
40460.0,2234.4973640350104
40480.0,2162.376320498842
40500.0,2042.6622737679809
40520.0,1880.9709226903638
40540.0,1694.7025141016857
40560.0,1511.7154973174497
40580.0,1364.2734159210197
40600.0,1279.577536995256
40620.0,1272.7205810182984
40640.0,1344.710265527195
40660.0,1483.7961207205285
40680.0,1668.4461602934018
40700.0,1871.4884922922924
40720.0,2065.514771025223
40740.0,2228.5506297079623
40760.0,2347.9529308246565
40780.0,2421.342517657763
40800.0,2454.6820302081255
40820.0,2458.7438952235293
40840.0,2445.546576537049
40860.0,2425.731900542516
40880.0,2407.133904661291
40900.0,2394.3869942438287
40920.0,2389.2622658235487
40940.0,2391.386017840664
40960.0,2399.0484265455248
40980.0,2409.9043922780465
41000.0,2421.5035364827777
41020.0,2431.641159968992
41040.0,2438.5577343303275
41060.0,2441.0607773895317
41080.0,2438.602535844233
41100.0,2431.321983932583
41120.0,2420.0475567959024
41140.0,2406.210428004532
41160.0,2391.6375433727803
41180.0,2378.189275687283
41200.0,2367.2241486740413
41220.0,2358.928788550894
41240.0,2351.6287309929985
41260.0,2341.2915042241552
41280.0,2321.4528799924046
41300.0,2283.831093520983
41320.0,2219.8184840298045
41340.0,2122.814961051936
41360.0,1991.0637684460762
41380.0,1830.2488145501502
41400.0,1654.6642040436268
41420.0,1485.4688411036132
41440.0,1345.984845070379
41460.0,1256.8257314448656
41480.0,1232.2484752272537
41500.0,1277.2860355975376
41520.0,1385.6436717058255
41540.0,1539.3401073954394
41560.0,1711.9545826633694
41580.0,1876.06355050464
41600.0,2011.2266972457953
41620.0,2107.9975753479985
41640.0,2166.893958324576
41660.0,2194.8802820759875
41680.0,2201.7294805676224
41700.0,2197.188640227275
41720.0,2189.194596437063
41740.0,2183.087268768058
41760.0,2181.6293910628606
41780.0,2185.536741231652
41800.0,2194.171497885391
41820.0,2206.186635359535
41840.0,2220.043141620369
41860.0,2234.364796719158
41880.0,2248.1236391194275
41900.0,2260.654622177688
41920.0,2271.5515774478154
41940.0,2280.546279012441
41960.0,2287.406528468584
41980.0,2291.890734936455
42000.0,2293.77564966945
42020.0,2292.914989712249
42040.0,2289.301002560507
42060.0,2283.131898308236
42080.0,2274.8650658065308
42100.0,2265.210937714628
42120.0,2255.056127524587
42140.0,2245.305339904043
42160.0,2236.6782939165105
42180.0,2229.5984202000946
42200.0,2224.201559844928
42220.0,2220.39943641447
42240.0,2217.9643217750354
42260.0,2216.6273654146526
42280.0,2216.1742229304377
42300.0,2216.506336610415
42320.0,2217.6389980687154
42340.0,2219.634180992748
42360.0,2222.5309888400852
42380.0,2226.3146735464097
42400.0,2230.9230599319458
42420.0,2236.2617115851417
42440.0,2242.217707491131
42460.0,2248.6855225805257
42480.0,2255.591837659833
42500.0,2262.8736785759143
42520.0,2270.42505073527
42540.0,2278.0551811177384
42560.0,2285.503847874377
42580.0,2292.496627300802
42600.0,2298.7838855560735
42620.0,2304.155501483231
42640.0,2308.4763459155056
42660.0,2311.7634720714545
42680.0,2314.274132624324
42700.0,2316.5689726602286
42720.0,2319.5240851426665
42740.0,2324.2549524988417
42760.0,2331.914363831619
42780.0,2343.3289562094897
42800.0,2358.5376065698556
42820.0,2376.319710273163
42840.0,2393.768135235114
42860.0,2406.0640950798183
42880.0,2406.6690849688375
42900.0,2388.1466469741727
42920.0,2343.701739688068
42940.0,2269.297273697808
42960.0,2165.950155342164
42980.0,2041.471830637852
43000.0,1910.5455731041425
43020.0,1792.5267702570793
43040.0,1707.8325913625563
43060.0,1673.7004185660542
43080.0,1699.7359226068263
43100.0,1784.1177237960983
43120.0,1912.1056782193232
43140.0,2059.0954707588603
43160.0,2198.464253488218
43180.0,2309.9242012795344
43200.0,2384.0483960723495
43220.0,2421.8357327945387
43240.0,2431.065598095509
43260.0,2422.1671460027414
43280.0,2405.0724530891757
43300.0,2387.3989645069064
43320.0,2373.8182191556352
43340.0,2366.2770210018425
43360.0,2364.6937788266446
43380.0,2367.7885583315356
43400.0,2373.8097203747225
43420.0,2381.0277216634713
43440.0,2387.9880885914745
43460.0,2393.587227496269
43480.0,2397.0435640145474
43500.0,2397.8407076663143
43520.0,2395.6652212992763
43540.0,2390.3418777441448
43560.0,2381.796461237272
43580.0,2370.049515977569
43600.0,2355.245167690523
43620.0,2337.717459099681
43640.0,2318.0317909578107
43660.0,2296.943871545023
43680.0,2275.294513972357
43700.0,2253.8965944825036
43720.0,2233.461833269364
43740.0,2214.57046686955
43760.0,2197.6557404725304
43780.0,2182.9996461485825
43800.0,2170.735472619343
43820.0,2160.8539181843903
43840.0,2153.2121452992674
43860.0,2147.542624764205
43880.0,2143.4767333671593
43900.0,2140.582926822778
43920.0,2138.413939046361
43940.0,2136.5747596842443
43960.0,2134.829315700631
43980.0,2133.209058411171
44000.0,2132.098113578184
44020.0,2132.271692614446
44040.0,2134.8481914278887
44060.0,2141.1569894581976
44080.0,2152.4669048073642
44100.0,2169.4963302022525
44120.0,2191.7094373780265
44140.0,2216.5343153004064
44160.0,2238.7369514308116
44180.0,2250.2630798720634
44200.0,2240.8559249338273
44220.0,2199.6535067600357
44240.0,2117.7758721648547
44260.0,1991.603463902565
44280.0,1825.948226403186
44300.0,1635.6768721465826
44320.0,1443.8236257659314
44340.0,1274.9434878216969
44360.0,1147.072322641675
44380.0,1067.8928681550592
44400.0,1035.4217186824467
44420.0,1040.9897124697577
44440.0,1072.7486016741846
44460.0,1118.6615893691396
44480.0,1168.5364753533572
44500.0,1215.082212786311
44520.0,1254.2057157059803
44540.0,1284.8415764315093
44560.0,1308.5666872918227
44580.0,1329.1443299879443
44600.0,1352.016092964991
44620.0,1383.6573659744909
44640.0,1430.6682213125357
44660.0,1498.5127590690613
44680.0,1589.962081223365
44700.0,1703.5395533296407
44720.0,1832.591026202798
44740.0,1965.8846732213126
44760.0,2090.244639615349
44780.0,2194.307994386623
44800.0,2271.6324781303424
44820.0,2321.636112554645
44840.0,2348.2370915754395
44860.0,2357.649396351547
44880.0,2356.512075103467
44900.0,2350.6197959625506
44920.0,2344.2103700863217
44940.0,2339.7368756485557
44960.0,2337.9876942940527
44980.0,2338.3646681919645
45000.0,2339.234742068958
45020.0,2338.342880232963
45040.0,2333.2333571317245
45060.0,2321.653781000853
45080.0,2301.92457273609
45100.0,2273.2103095121083
45120.0,2235.6419939676816
45140.0,2190.2942685366543
45160.0,2139.0495899786933
45180.0,2084.3480889902066
45200.0,2028.8334347514615
45220.0,1974.9966554956875
45240.0,1924.893386908528
45260.0,1879.96408310558
45280.0,1840.969191690338
45300.0,1808.0476091155276
45320.0,1780.8694128173843
45340.0,1758.8296476137307
45360.0,1741.2289655935722
45380.0,1727.4078084146029
45400.0,1716.820265549982
45420.0,1709.0652548425692
45440.0,1703.8838451790803
45460.0,1701.1289406942924
45480.0,1700.7116631766457
45500.0,1702.5185423048235
45520.0,1706.3389862100678
45540.0,1711.8740027608328
45560.0,1718.815312586584
45580.0,1726.901389704885
45600.0,1735.9431167990733
45620.0,1745.839243129321
45640.0,1756.5724847837282
45660.0,1768.1511519066637
45680.0,1780.5534355562181
45700.0,1793.7151835819168
45720.0,1807.536733202734
45740.0,1821.8939682798743
45760.0,1836.6462331657415
45780.0,1851.655498735386
45800.0,1866.7954397946341
45820.0,1881.9473061464864
45840.0,1896.9958517343534
45860.0,1911.8397088797633
45880.0,1926.4166135818475
45900.0,1940.7356260983502
45920.0,1954.9071912284858
45940.0,1969.1485737734245
45960.0,1983.7180691528251
45980.0,1998.789782192216
46000.0,2014.3295408508318
46020.0,2030.0206505105994
46040.0,2045.2704794666001
46060.0,2059.32330047539
46080.0,2071.44712802153
46100.0,2081.112367377401
46120.0,2088.135100557236
46140.0,2092.783466511034
46160.0,2095.8064316034674
46180.0,2098.354442787136
46200.0,2101.7840397504087
46220.0,2107.3963513405315
46240.0,2116.1286091984452
46260.0,2128.1713008062115
46280.0,2142.4944401894127
46300.0,2156.3725237132167
46320.0,2165.093431257655
46340.0,2162.0732937022185
46360.0,2139.6270359373857
46380.0,2090.5436586668097
46400.0,2010.3432601888926
46420.0,1899.7837399680998
46440.0,1766.7823276615795
46460.0,1626.3419320816604
46480.0,1496.830689401981
46500.0,1393.664426167163
46520.0,1325.1314754048144
46540.0,1291.992774979729
46560.0,1289.34230913708
46580.0,1309.2238583016504
46600.0,1343.039887647855
46620.0,1383.2681922223996
46640.0,1424.3630610398734
46660.0,1462.9470696832627
46680.0,1497.511202598616
46700.0,1527.8638577229297
46720.0,1554.536393384724
46740.0,1578.2933760285582
46760.0,1599.8306654642943
46780.0,1619.6860292601682
46800.0,1638.3396407501268
46820.0,1656.445344534616
46840.0,1675.106192728701
46860.0,1696.0890688859326
46880.0,1721.866208809454
46900.0,1755.3831010915885
46920.0,1799.492614823046
46940.0,1856.0745279622486
46960.0,1924.9841975199731
46980.0,2003.1411490797757
47000.0,2084.2614569946772
47020.0,2159.908592354896
47040.0,2222.2239850400533
47060.0,2266.805911089872
47080.0,2293.377459943654
47100.0,2304.6134246922384
47120.0,2304.683417849633
47140.0,2298.0753193065952
47160.0,2288.791560838677
47180.0,2279.8964274247437
47200.0,2273.337727673382
47220.0,2269.970086746033
47240.0,2269.728905340915
47260.0,2271.787088657631
47280.0,2274.536123524986
47300.0,2275.3551848252173
47320.0,2270.2305486400824
47340.0,2253.439404562641
47360.0,2217.613683994145
47380.0,2154.4859108479313
47400.0,2056.467573961002
47420.0,1918.9724818760926
47440.0,1743.079171819114
47460.0,1537.6764678504167
47480.0,1319.7511128919427
47500.0,1111.186923244415
47520.0,932.1152173199802
47540.0,795.2030632625464
47560.0,704.0716519659935
47580.0,654.7109343819917
47600.0,638.0939112811759
47620.0,642.8462195098062
47640.0,657.4805074584804
47660.0,672.2239999761648
47680.0,680.7951761088885
47700.0,682.3029038168863
47720.0,681.9022775922574
47740.0,688.3247365337277
47760.0,709.9244164867613
47780.0,752.2322936037366
47800.0,817.319748088158
47820.0,904.0904782830761
47840.0,1008.8181225167216
47860.0,1125.6008474134255
47880.0,1246.7434992376611
47900.0,1363.358937759585
47920.0,1466.6582068322616
47940.0,1550.1748135805942
47960.0,1611.756719293712
47980.0,1653.5373573549994
48000.0,1680.2858511463805
48020.0,1697.5875513406704
48040.0,1710.4890226895634
48060.0,1722.731820482515
48080.0,1736.5242230339231
48100.0,1752.7185045876308
48120.0,1771.2112805217525
48140.0,1791.3683014904884
48160.0,1812.3488410319792
48180.0,1833.3061647648203
48200.0,1853.4974528579667
48220.0,1872.331079762064
48240.0,1889.3319386671017
48260.0,1904.0291976908215
48280.0,1915.8691719282124
48300.0,1924.2391999608067
48320.0,1928.5691369531553
48340.0,1928.4486346899048
48360.0,1923.766960515489
48380.0,1914.881400834875
48400.0,1902.7302492300878
48420.0,1888.8185879444536
48440.0,1875.0491792180887
48460.0,1863.3985679593898
48480.0,1855.49009948083
48500.0,1852.0867389378668
48520.0,1852.519087568861
48540.0,1854.1393810693057
48560.0,1851.9978031480234
48580.0,1839.0007566536776
48600.0,1806.7891540369412
48620.0,1747.4646135848059
48640.0,1656.080618880325
48660.0,1533.4693086596824
48680.0,1388.5074901686862
48700.0,1238.477712715654
48720.0,1106.0540283561274
48740.0,1013.4495648261557
48760.0,977.1280295375834
48780.0,1004.5094634763078
48800.0,1092.2366800716402
48820.0,1226.0915906539412
48840.0,1383.5764452862497
48860.0,1539.9794808749677
48880.0,1675.4536074373086
48900.0,1778.9362723976435
48920.0,1847.9984566258142
48940.0,1886.5851695114748
48960.0,1902.1873742324126
48980.0,1903.247745045642
49000.0,1897.2802002027809
49020.0,1889.8745447790861
49040.0,1884.4836177256486
49060.0,1882.7320496895634
49080.0,1884.9815991380888
49100.0,1890.9404757878729
49120.0,1900.155691606495
49140.0,1912.346164502401
49160.0,1927.5142506827244
49180.0,1945.7131864298003
49200.0,1966.519526553146
49220.0,1988.3842519340312
49240.0,2008.0294794702688
49260.0,2020.0858286479474
49280.0,2017.1976208880544
49300.0,1990.8198865894556
49320.0,1932.8436570469798
49340.0,1837.9960715695288
49360.0,1706.6540320071795
49380.0,1547.2535679859648
49400.0,1376.930939513587
49420.0,1218.758176336209
49440.0,1095.4709047659296
49460.0,1023.6742359293427
49480.0,1011.545234968077
49500.0,1058.94544150785
49520.0,1158.3640673698337
49540.0,1295.9883875813032
49560.0,1453.128263195414
49580.0,1608.9591062926158
49600.0,1745.1195553732007
49620.0,1850.194616974902
49640.0,1921.2128770494128
49660.0,1961.9031729128583
49680.0,1979.6985346292647
49700.0,1983.0288866597234
49720.0,1979.4319374880452
49740.0,1974.5460996351085
49760.0,1971.851555930428
49780.0,1972.9235257953787
49800.0,1977.9264621455964
49820.0,1986.1244186608462
49840.0,1996.303243427302
49860.0,2007.0814239675678
49880.0,2017.1063657963082
49900.0,2025.145351826704
49920.0,2030.1388701911765
49940.0,2031.260127730644
49960.0,2027.990790064141
49980.0,2020.196115349121
50000.0,2008.1667929212622
50020.0,1992.6169058377302
50040.0,1974.6132478595741
50060.0,1955.4392004809429
50080.0,1936.421139875655
50100.0,1918.7641022401324
50120.0,1903.4250025354354
50140.0,1891.035300603322
50160.0,1881.8896353509947
50180.0,1876.0022668063787
50200.0,1873.1952125191797
50220.0,1873.1752846603383
50240.0,1875.5788382218748
50260.0,1879.9916700645936
50280.0,1885.9796003652082
50300.0,1893.1318494423547
50320.0,1901.0962130359603
50340.0,1909.5996273068245
50360.0,1918.437125653736
50380.0,1927.4375449586219
50400.0,1936.4586762065337
50420.0,1945.4150340600474
50440.0,1954.2960289069956
50460.0,1963.1376607309544
50480.0,1971.965148181891
50500.0,1980.7488732965235
50520.0,1989.3736150231312
50540.0,1997.6257417219815
50560.0,2005.2124326360936
50580.0,2011.8095661663824
50600.0,2017.1454017022195
50620.0,2021.130472345257
50640.0,2024.0106313775318
50660.0,2026.481732739073
50680.0,2029.7300902513052
50700.0,2035.35652496244
50720.0,2045.1118326926098
50740.0,2060.4142704192145
50760.0,2081.68326699654
50780.0,2107.5711974688556
50800.0,2134.250907910672
50820.0,2154.9887482339554
50840.0,2160.2843641871023
50860.0,2138.870398473215
50880.0,2079.7567847348737
50900.0,1975.2867186718381
50920.0,1824.7824368801146
50940.0,1637.7216836957382
50960.0,1434.8157900404142
50980.0,1245.1051475085226
51000.0,1098.8782046423742
51020.0,1020.2866929819529
51040.0,1022.701504327006
51060.0,1106.4176068669212
51080.0,1258.2066287398322
51100.0,1453.3862209726385
51120.0,1661.496639648744
51140.0,1854.0445457930305
51160.0,2010.6428499361136
51180.0,2121.6898303491175
51200.0,2187.639959959544
51220.0,2215.964818015858
51240.0,2217.400508694018
51260.0,2202.8453013780927
51280.0,2181.532481397765
51300.0,2160.2677017224205
51320.0,2143.301949369342
51340.0,2132.6026097899476
51360.0,2128.3726814550946
51380.0,2129.6657060788402
51400.0,2134.9784115517787
51420.0,2142.707085141926
51440.0,2151.4191835031265
51460.0,2159.969340139572
51480.0,2167.524780981264
51500.0,2173.54615214856
51520.0,2177.760301447159
51540.0,2180.1511459042677
51560.0,2180.989217837913
51580.0,2180.898166443908
51600.0,2180.9001116089175
51620.0,2182.3591602242464
51640.0,2186.757104159739
51660.0,2195.268109963795
51680.0,2208.1517604365094
51700.0,2224.049963953142
51720.0,2239.334462575188
51740.0,2247.7361683617846
51760.0,2240.5559584193575
51780.0,2207.718212179281
51800.0,2139.7980553422885
51820.0,2030.9217360563955
51840.0,1881.9765874169657
51860.0,1703.0416671498795
51880.0,1513.410466003303
51900.0,1337.4085106325788
51920.0,1196.5168541912117
51940.0,1103.0793169847454
51960.0,1058.9786192613496
51980.0,1057.7984404004494
52000.0,1088.3443736525937
52020.0,1138.1077789683636
52040.0,1195.9299586645413
52060.0,1253.6309213167794
52080.0,1306.6827641374955
52100.0,1354.1499772984134
52120.0,1398.1319474269353
52140.0,1442.8825754285813
52160.0,1493.7041834190136
52180.0,1555.6654387333385
52200.0,1632.2097282090913
52220.0,1723.8174827828134
52240.0,1827.0591707303133
52260.0,1934.5968851367948
52280.0,2036.7870890140043
52300.0,2124.69481561253
52320.0,2192.8311488879585
52340.0,2240.061537862852
52360.0,2268.685888701242
52380.0,2282.8820527519974
52400.0,2287.370615584656
52420.0,2286.493471067054
52440.0,2283.6669589708804
52460.0,2281.1480300760827
52480.0,2280.045345223304
52500.0,2280.4819911293353
52520.0,2281.828672541216
52540.0,2282.9643956830705
52560.0,2282.514317725091
52580.0,2279.017269215873
52600.0,2271.0462018550174
52620.0,2257.337812463578
52640.0,2236.9430501403344
52660.0,2209.381951612765
52680.0,2174.7758867159346
52700.0,2133.9007795117486
52720.0,2088.1239722646183
52740.0,2039.257809597785
52760.0,1989.360466559412
52780.0,1940.4774919785318
52800.0,1894.372223789796
52820.0,1852.3340278024814
52840.0,1815.1018168028936
52860.0,1782.903850193863
52880.0,1755.5894386045027
52900.0,1732.7957734637134
52920.0,1714.0888247105875
52940.0,1699.045544161314
52960.0,1687.2713977469787
52980.0,1678.3800852837962
53000.0,1671.9856087196088
53020.0,1667.7593201446884
53040.0,1665.528935972532
53060.0,1665.339143814177
53080.0,1667.4042872149046
53100.0,1671.966244583163
53120.0,1679.1144896831363
53140.0,1688.6529228424001
53160.0,1700.0943282836347
53180.0,1712.7743281283085
53200.0,1726.0223251742023
53220.0,1739.3452696437387
53240.0,1752.6346538263012
53260.0,1766.3398502537125
53280.0,1781.4953099413592
53300.0,1799.5628953826345
53320.0,1822.0791979678263
53340.0,1850.129144834854
53360.0,1883.6400193681377
53380.0,1920.5544227150342
53400.0,1956.0947255066417
53420.0,1982.4584162652511
53440.0,1989.2931288069271
53460.0,1965.217414466187
53480.0,1900.4759636531558
53500.0,1790.506562264843
53520.0,1639.7237398744255
53540.0,1464.1900547346181
53560.0,1291.1357216122246
53580.0,1153.298978859149
53600.0,1079.3233260802942
53620.0,1085.7332038587442
53640.0,1173.1574097647895
53660.0,1326.2941466543195
53680.0,1517.6178677817702
53700.0,1714.9913205007974
53720.0,1890.5105087943866
53740.0,2026.5431215084438
53760.0,2117.2678720048198
53780.0,2166.568205870762
53800.0,2184.277956296782
53820.0,2182.2877769170036
53840.0,2171.496294573276
53860.0,2160.0384797917873
53880.0,2152.735805450171
53900.0,2151.446447336229
53920.0,2155.8969199017843
53940.0,2164.6217179180267
53960.0,2175.774493939842
53980.0,2187.6675768655286
54000.0,2199.031119173932
54020.0,2209.0766255669732
54040.0,2217.454556444864
54060.0,2224.126300736196
54080.0,2229.1745508145386
54100.0,2232.635441738362
54120.0,2234.416776726482
54140.0,2234.3118458718886
54160.0,2232.0935835844934
54180.0,2227.6606213854093
54200.0,2221.202054909722
54220.0,2213.3437039387595
54240.0,2205.251296731018
54260.0,2198.654531251751
54280.0,2195.7045260707764
54300.0,2198.5984250604
54320.0,2208.9464748228042
54340.0,2226.8737876476985
54360.0,2250.018175236274
54380.0,2272.7210689794824
54400.0,2285.74290737134
54420.0,2276.8585683857928
54440.0,2232.638404929908
54460.0,2141.542537685641
54480.0,1998.04493955918
54500.0,1806.948167020369
54520.0,1586.3668259345718
54540.0,1367.1096681646063
54560.0,1186.150127831266
54580.0,1075.7883198061927
54600.0,1055.4052955080213
54620.0,1128.393359982127
54640.0,1282.5120061657449
54660.0,1492.4818561663892
54680.0,1724.9922860932543
54700.0,1946.366039112249
54720.0,2130.440717785819
54740.0,2263.356822946619
54760.0,2343.8764991850485
54780.0,2380.12438868284
54800.0,2385.019995722844
54820.0,2372.174632702673
54840.0,2353.0910181591403
54860.0,2335.7903597156087
54880.0,2324.625557928441
54900.0,2320.884630186516
54920.0,2323.7671666610827
54940.0,2331.4071101646105
54960.0,2341.6973293098663
54980.0,2352.766404973621
55000.0,2363.1414276387904
55020.0,2371.774178775982
55040.0,2378.0208014202926
55060.0,2381.551085015212
55080.0,2382.2176860588725
55100.0,2379.959353689947
55120.0,2374.78628745973
55140.0,2366.8206085201027
55160.0,2356.33437997629
55180.0,2343.7516381553896
55200.0,2329.6156829300003
55220.0,2314.547403282384
55240.0,2299.190777430468
55260.0,2284.1496102935525
55280.0,2269.9191836031823
55300.0,2256.8405953796128
55320.0,2245.100505291799
55340.0,2234.7627232816567
55360.0,2225.826774107702
55380.0,2218.29582454644
55400.0,2212.209873162289
55420.0,2207.6286208860683
55440.0,2204.5695460971738
55460.0,2202.958816194886
55480.0,2202.6519135421536
55500.0,2203.486342677421
55520.0,2205.3058741307273
55540.0,2207.9684829455346
55560.0,2211.3415658433687
55580.0,2215.2877713773455
55600.0,2219.6466745788694
55620.0,2224.225354931926
55640.0,2228.794870960654
55660.0,2233.085255629568
55680.0,2236.8168093058107
55700.0,2239.787551486025
55720.0,2241.9959231563616
55740.0,2243.768143348994
55760.0,2245.87352678781
55780.0,2249.5813041054416
55800.0,2256.5562669095552
55820.0,2268.5399922728748
55840.0,2286.7950842374216
55860.0,2311.28476934397
55880.0,2339.6637452337245
55900.0,2366.3278601738457
55920.0,2381.9095444822065
55940.0,2373.6721873199417
55960.0,2327.1913820845703
55980.0,2229.515842258239
56000.0,2073.5961351230667
56020.0,1863.1279212593108
56040.0,1616.1558333736264
56060.0,1364.9842919515118
56080.0,1149.676996318728
56100.0,1006.331944057489
56120.0,957.9035028458469
56140.0,1010.9374584498224
56160.0,1156.048170571618
56180.0,1370.3035065226936
56200.0,1621.222599789276
56220.0,1873.0626049730877
56240.0,2094.4739659538686
56260.0,2264.5941154874818
56280.0,2375.802299060244
56300.0,2432.709065173545
56320.0,2448.056384513001
56340.0,2437.562605231091
56360.0,2415.6060684816125
56380.0,2392.689133955457
56400.0,2374.835066593486
56420.0,2364.35148162243
56440.0,2361.072840616861
56460.0,2363.5074021228056
56480.0,2369.6817470908277
56500.0,2377.6452712719088
56520.0,2385.682588298764
56540.0,2392.308418986205
56560.0,2396.171619838129
56580.0,2396.007019863908
56600.0,2390.6896459757804
56620.0,2379.3420884802244
56640.0,2361.477792467148
56660.0,2337.148223006104
56680.0,2307.0233615234893
56700.0,2272.344434221471
56720.0,2234.7500346413553
56740.0,2196.042649939066
56760.0,2157.95713136819
56780.0,2121.974843374913
56800.0,2089.1912639944485
56820.0,2060.2553861298097
56840.0,2035.4001023905923
56860.0,2014.5134855513159
56880.0,1997.2157101580801
56900.0,1982.9658650790589
56920.0,1971.1988811972521
56940.0,1961.4615586985924
56960.0,1953.4926274808481
56980.0,1947.212365541829
57000.0,1942.653007182054
57020.0,1939.8558738407978
57040.0,1938.787500842041
57060.0,1939.3109533015972
57080.0,1941.1766056695792
57100.0,1944.0231366036828
57120.0,1947.4083441853477
57140.0,1950.880732102973
57160.0,1954.0817791514842
57180.0,1956.880388683363
57200.0,1959.5142090046343
57220.0,1962.6813807992373
57240.0,1967.5275085605747
57260.0,1975.4536465598826
57280.0,1987.701817229356
57300.0,2004.7555532836318
57320.0,2025.6341493241666
57340.0,2047.240417069431
57360.0,2063.9938362528205
57380.0,2067.9932443061552
57400.0,2049.9536772283163
57420.0,2001.1187375297195
57440.0,1916.1208056383844
57460.0,1796.3459431858694
57480.0,1652.8436236213304
57500.0,1507.2344665680264
57520.0,1388.5015539567992
57540.0,1324.773002442246
57560.0,1333.9658977384036
57580.0,1417.7671898763783
57600.0,1560.4686174245076
57620.0,1733.7017251820876
57640.0,1905.898764682225
57660.0,2051.813263278964
57680.0,2158.0433251957056
57700.0,2222.8987224255634
57720.0,2252.7177387718098
57740.0,2257.7069159249013
57760.0,2248.596424201368
57780.0,2234.464640881029
57800.0,2221.7043185477514
57820.0,2213.862945109034
57840.0,2212.0276579277297
57860.0,2215.495911454863
57880.0,2222.5406460201734
57900.0,2231.12709706686
57920.0,2239.4791964286305
57940.0,2246.4378633112437
57960.0,2251.6086402885
57980.0,2255.355060537933
58000.0,2258.6623765815693
58020.0,2262.8806622188968
58040.0,2269.3737705803055
58060.0,2279.1140004090234
58080.0,2292.22174331086
58100.0,2307.484703437832
58120.0,2321.944257725985
58140.0,2330.6893145736053
58160.0,2327.053293580069
58180.0,2303.410854406718
58200.0,2252.717625382439
58220.0,2170.691591325459
58240.0,2058.1831035057453
58260.0,1922.9433317331004
58280.0,1779.678305450137
58300.0,1647.9164419491676
58320.0,1548.6340652054307
58340.0,1500.2509832433402
58360.0,1514.2538709198045
58380.0,1591.159602702775
58400.0,1718.3225292119812
58420.0,1871.8721336641968
58440.0,2023.845071023127
58460.0,2151.163816370192
58480.0,2241.451830071991
58500.0,2293.3489036219444
58520.0,2313.32643622668
58540.0,2311.832865463373
58560.0,2300.029008133131
58580.0,2287.4829255426985
58600.0,2280.766203395048
58620.0,2282.7373476320154
58640.0,2292.324581323234
58660.0,2304.6954622224393
58680.0,2311.806433497506
58700.0,2303.444405893523
58720.0,2268.8784477643376
58740.0,2199.1980720299402
58760.0,2090.1912440435726
58780.0,1945.1707620398906
58800.0,1776.6460890657625
58820.0,1605.204905471125
58840.0,1454.0434312063205
58860.0,1341.1996619885756
58880.0,1275.1212153076988
58900.0,1254.8306156227331
58920.0,1272.6320244440317
58940.0,1317.5271405548947
58960.0,1378.213258969858
58980.0,1445.137994534062
59000.0,1511.5213415368066
59020.0,1573.517817908395
59040.0,1629.8034849856601
59060.0,1680.8758902310249
59080.0,1728.2944747449887
59100.0,1774.0042512203286
59120.0,1819.805750109733
59140.0,1866.9768327198713
59160.0,1916.0238004790094
59180.0,1966.538577629919
59200.0,2017.1577014279696
59220.0,2065.6453986525644
59240.0,2109.1428160292644
59260.0,2144.6235896118296
59280.0,2169.558980596865
59300.0,2182.714522961872
59320.0,2184.8618019069872
59340.0,2178.90029063624
59360.0,2168.9049269146826
59380.0,2158.7775443600594
59400.0,2151.4104276774874
59420.0,2148.4471482758645
59440.0,2150.3758314360057
59460.0,2156.7270103615147
59480.0,2166.309089354775
59500.0,2177.522191113561
59520.0,2188.681467550352
59540.0,2198.2492150683747
59560.0,2204.9417894413173
59580.0,2207.739133541983
59600.0,2205.835737527364
59620.0,2198.6034712663595
59640.0,2185.6208162042076
59660.0,2166.7799941231265
59680.0,2142.428276966209
59700.0,2113.455430924777
59720.0,2081.2320831157945
59740.0,2047.3933764782637
59760.0,2013.4935561712014
59780.0,1980.5666751639444
59800.0,1948.6546731679955
59820.0,1916.407783790859
59840.0,1880.9346973515937
59860.0,1838.0526935025787
59880.0,1783.0321762212873
59900.0,1711.8525864193605
59920.0,1622.7634737198946
59940.0,1517.6092641889704
59960.0,1402.211309725371
59980.0,1285.481688086013
60000.0,1178.12665732841
60020.0,1091.6620662644964
60040.0,1037.1692322027025
60060.0,1023.4096373187482
60080.0,1054.4083609670902
60100.0,1127.1313184427984
60120.0,1230.5170978856768
60140.0,1347.585139555505
60160.0,1460.7912490609992
60180.0,1557.2059465931839
60200.0,1630.4857263963881
60220.0,1680.1780638340474
60240.0,1709.9491341597263
60260.0,1725.579251870693
60280.0,1733.2001341218497
60300.0,1738.0483435093872
60320.0,1743.8158062682644
60340.0,1752.5418296535304
60360.0,1764.9027928155185
60380.0,1780.68702233205
60400.0,1799.2220166950242
60420.0,1819.6562303442247
60440.0,1841.1104672660808
60460.0,1862.7526837614373
60480.0,1883.85364315185
60500.0,1903.8132032018955
60520.0,1922.1593180047257
60540.0,1938.552763076524
60560.0,1952.7773728688712
60580.0,1964.716659752809
60600.0,1974.3464144069778
60620.0,1981.7359923815518
60640.0,1987.0474870965713
60660.0,1990.5369874156652
60680.0,1992.566979926244
60700.0,1993.589708344362
60720.0,1994.0680038462942
60740.0,1994.3776650470766
60760.0,1994.731603090743
60780.0,1995.181531654572
60800.0,1995.688811353346
60820.0,1996.1946863330672
60840.0,1996.6654544575917
60860.0,1997.1414017578286
60880.0,1997.7957532292749
60900.0,1998.9948821168898
60920.0,2001.328893126128
60940.0,2005.5606313562935
60960.0,2012.4735559825372
60980.0,2022.6283203045255
61000.0,2036.0485871888177
61020.0,2051.8458790272734
61040.0,2067.81783927507
61060.0,2080.1744725590643
61080.0,2083.6059312736597
61100.0,2071.8549151514517
61120.0,2038.88235056548
61140.0,1980.6129716176242
61160.0,1896.965660025136
61180.0,1793.5180684168263
61200.0,1681.7773026424936
61220.0,1576.6961519920017
61240.0,1491.5889893818617
61260.0,1434.2226588161586
61280.0,1406.0812201147578
61300.0,1403.699272889769
61320.0,1420.772238863483
61340.0,1450.1911698329131
61360.0,1485.553955200113
61380.0,1522.0156064429345
61400.0,1556.5424941361748
61420.0,1587.7377296063578
61440.0,1615.4300257953985
61460.0,1640.193831179542
61480.0,1662.9197620528605
61500.0,1684.5008651428627
61520.0,1705.6542670960891
61540.0,1726.8648861094448
61560.0,1748.4186858192584
61580.0,1770.485101246905
61600.0,1793.2083785964264
61620.0,1816.7726344435164
61640.0,1841.4136108865846
61660.0,1867.3608677358486
61680.0,1894.7079367750698
61700.0,1923.2253158532083
61720.0,1952.151708112567
61740.0,1980.0201848499878
61760.0,2004.5926659573329
61780.0,2022.9798274983236
61800.0,2032.0033125406549
61820.0,2028.801245534772
61840.0,2011.577004421842
61860.0,1980.2421803395337
61880.0,1936.5716291843607
61900.0,1883.7386253050622
61920.0,1825.5909007592995
61940.0,1765.9807850943137
61960.0,1708.3459232351447
61980.0,1655.5372858761814
62000.0,1609.758664036093
62020.0,1572.4988629707893
62040.0,1544.412892549935
62060.0,1525.2145807901184
62080.0,1513.7291320332506
62100.0,1508.1853520778282
62120.0,1506.6179895395555
62140.0,1507.2178527228941
62160.0,1508.5552519495081
62180.0,1509.6681365650356
62200.0,1510.042843852017
62220.0,1509.5291980801321
62240.0,1508.2299088744971
62260.0,1506.3937897468768
62280.0,1504.3290128796943
62300.0,1502.3405328970855
62320.0,1500.6873906762796
62340.0,1499.5519051636252
62360.0,1499.0138060211225
62380.0,1499.0274603540934
62400.0,1499.4082848149455
62420.0,1499.8435671615287
62440.0,1499.9512634667115
62460.0,1499.4157575814647
62480.0,1498.229110205029
62500.0,1497.0088948011878
62520.0,1497.052237246875
62540.0,1499.7922811725919
62560.0,1506.1924752205446
62580.0,1516.488413746238
62600.0,1530.2112245488104
62620.0,1546.3731370349594
62640.0,1563.7343083605379
62660.0,1581.045175588462
62680.0,1597.240674064517
62700.0,1611.5733222104159
62720.0,1623.6695277185959
62740.0,1633.4928802445975
62760.0,1641.2375117388488
62780.0,1647.2149437526841
62800.0,1651.8003332435842
62820.0,1655.4446023725527
62840.0,1658.6939159897106
62860.0,1662.1696759928916
62880.0,1666.5121081456193
62900.0,1672.265745946113
62920.0,1679.6426882530463
62940.0,1688.3323480695185
62960.0,1697.71744933007
62980.0,1707.2455575146064
63000.0,1716.5706866678715
63020.0,1725.5288466692375
63040.0,1734.082131159724
63060.0,1742.273711894314
63080.0,1750.1867595693063
63100.0,1757.8962873917517
63120.0,1765.4323212177865
63140.0,1772.7789707868324
63160.0,1779.9135282082486
63180.0,1786.8593745957035
63200.0,1793.7221221608506
63220.0,1800.6740174797458
63240.0,1807.8772312235087
63260.0,1815.3687310425369
63280.0,1823.0030919112353
63300.0,1830.496769893593
63320.0,1837.5225032415206
63340.0,1843.7914369140763
63360.0,1849.113460199154
63380.0,1853.4381526698974
63400.0,1856.8794142215436
63420.0,1859.6808401250826
63440.0,1862.120763264838
63460.0,1864.4015222368093
63480.0,1866.5772748199001
63500.0,1868.5450275516462
63520.0,1870.1013613135594
63540.0,1871.0657466795249
63560.0,1871.4155004479035
63580.0,1871.4025140380618
63600.0,1871.664122379255
63620.0,1873.262387436466
63640.0,1877.5890753467331
63660.0,1886.1165035219838
63680.0,1899.9394392398262
63700.0,1919.1094655373086
63720.0,1941.8629607966263
63740.0,1963.9242101355806
63760.0,1978.1594122830181
63780.0,1974.9049371691035
63800.0,1943.2350519991512
63820.0,1873.306045869075
63840.0,1759.6325249045462
63860.0,1604.7143900229537
63880.0,1421.8541007516708
63900.0,1235.2305556514489
63920.0,1075.1333517102976
63940.0,969.7716098000576
63960.0,938.8023935246104
63980.0,989.9702256484112
64000.0,1117.627286743678
64020.0,1302.6494551955543
64040.0,1514.5177630317153
64060.0,1716.966058863302
64080.0,1876.262790947208
64100.0,1968.1991532505854
64120.0,1981.2043934715716
64140.0,1916.3293887449483
64160.0,1786.2438434154944
64180.0,1613.8570034812187
64200.0,1429.616071679109
64220.0,1265.7637643680332
64240.0,1148.5230954983288
64260.0,1093.2986918713889
64280.0,1104.3723184030034
64300.0,1176.9116235930705
64320.0,1299.3962253571044
64340.0,1455.586425254882
64360.0,1626.124873640075
64380.0,1790.633784670156
64400.0,1931.265870398121
64420.0,2036.773125908659
64440.0,2104.228399974648
64460.0,2137.6372978603613
64480.0,2145.281716227372
64500.0,2137.0989610234587
64520.0,2122.6210332817636
64540.0,2109.65961433605
64560.0,2103.6016461374047
64580.0,2107.0445258354416
64600.0,2119.55821513039
64620.0,2137.500143931514
64640.0,2153.9830191473584
64660.0,2159.225085365724
64680.0,2141.532962933178
64700.0,2089.149671211938
64720.0,1993.0223976115226
64740.0,1850.1382308079726
64760.0,1666.5235480365852
64780.0,1458.4194075787202
64800.0,1249.6422201981982
64820.0,1064.8446604341527
64840.0,923.5712230490211
64860.0,838.454091087481
64880.0,815.9839394019183
64900.0,857.7187175401607
64920.0,960.6353405386093
64940.0,1116.3204895367057
64960.0,1309.714584685302
64980.0,1519.082123117518
65000.0,1719.3191599718853
65020.0,1888.4781473970538
65040.0,2013.607357220129
65060.0,2092.358909289909
65080.0,2130.6127994363897
65100.0,2138.7867186021926
65120.0,2128.4574187734606
65140.0,2109.898008099385
65160.0,2090.7185219252833
65180.0,2075.5094209101885
65200.0,2066.2406714610956
65220.0,2063.0690124491616
65240.0,2065.1828206949954
65260.0,2071.487292353471
65280.0,2081.081301623811
65300.0,2093.4708328413226
65320.0,2108.493794604017
65340.0,2125.9801591819532
65360.0,2145.213509129685
65380.0,2164.3212795801915
65400.0,2179.75785820486
65420.0,2186.1193686076554
65440.0,2176.5168906601084
65460.0,2143.605247975853
65480.0,2081.27735417253
65500.0,1986.8154878497667
65520.0,1862.9841924912816
65540.0,1719.187193368906
65560.0,1570.4984537734763
65580.0,1434.8498506918172
65600.0,1330.1922566309963
65620.0,1272.087910600505
65640.0,1271.2471827370978
65660.0,1330.8450811435812
65680.0,1444.1809346795276
65700.0,1594.1307556600416
65720.0,1756.362060828767
65740.0,1906.2189333614035
65760.0,2025.6458753046395
65780.0,2106.7402154016454
65800.0,2150.9935878734627
65820.0,2165.9932806783027
65840.0,2161.8018764413273
65860.0,2148.1278625900377
65880.0,2132.5867031190933
65900.0,2119.9951114754813
65920.0,2112.4944245103243
65940.0,2110.1977878053267
65960.0,2112.007819178266
65980.0,2116.3776308595384
66000.0,2121.9269353026884
66020.0,2127.866567410799
66040.0,2134.1621660847372
66060.0,2141.434896666382
66080.0,2150.6602116597596
66100.0,2162.728800446518
66120.0,2177.906291907916
66140.0,2195.2581247585954
66160.0,2212.1312133059505
66180.0,2223.8275467220237
66200.0,2223.6905937658207
66220.0,2203.832246699868
66240.0,2156.656608286285
66260.0,2077.1674097343825
66280.0,1965.7212208614303
66300.0,1830.4496035793977
66320.0,1688.0793191997188
66340.0,1561.4931461588144
66360.0,1473.5749412861178
66380.0,1440.8384021613588
66400.0,1469.8284501987741
66420.0,1555.938409524406
66440.0,1684.0920532464763
66460.0,1831.6322812008534
66480.0,1974.0675735484783
66500.0,2092.1021682161077
66520.0,2175.953371558567
66540.0,2225.1169817180444
66560.0,2245.419415530324
66580.0,2245.6710657523518
66600.0,2234.962283458002
66620.0,2220.908801774385
66640.0,2208.8186788243283
66660.0,2201.5898526058572
66680.0,2200.070631960178
66700.0,2203.6692298628723
66720.0,2211.0046254041476
66740.0,2220.4275110161284
66760.0,2230.3495906580238
66780.0,2239.4252593803976
66800.0,2246.6517875084073
66820.0,2251.4270561286367
66840.0,2253.581566022388
66860.0,2253.4058576167945
66880.0,2251.67659401882
66900.0,2249.6472868054198
66920.0,2248.9484991204895
66940.0,2251.3573435709427
66960.0,2258.398752472546
66980.0,2270.786894929826
67000.0,2287.749522549539
67020.0,2306.357810008475
67040.0,2321.0527066356785
67060.0,2323.620589172339
67080.0,2303.920553805982
67100.0,2251.63229696955
67120.0,2159.0724679605496
67140.0,2024.729194340713
67160.0,1856.6997514019683
67180.0,1674.6015424817974
67200.0,1507.9195484551547
67220.0,1388.6526276332597
67240.0,1340.1616290672164
67260.0,1370.150348747321
67280.0,1470.5925097649072
67300.0,1621.8210577817506
67320.0,1798.1255375471483
67340.0,1973.272120478877
67360.0,2125.1565375825767
67380.0,2239.2272951337554
67400.0,2310.3671157684225
67420.0,2342.388856248238
67440.0,2345.03705299122
67460.0,2330.223126982688
67480.0,2308.9652450846856
67500.0,2289.5525371081294
67520.0,2276.897769504746
67540.0,2272.775665032181
67560.0,2276.5422778634284
67580.0,2286.0296203500357
67600.0,2298.440222185262
67620.0,2311.1193084753786
67640.0,2322.1109060820536
67660.0,2330.489343358954
67680.0,2336.441237252344
67700.0,2341.1005880586504
67720.0,2346.197657785636
67740.0,2353.5960405170486
67760.0,2364.7440326262995
67780.0,2380.067935556922
67800.0,2398.3482831577476
67820.0,2416.1604989105876
67840.0,2427.5436797430607
67860.0,2424.151443037892
67880.0,2396.1624479455777
67900.0,2334.122551246658
67920.0,2231.6738770730735
67940.0,2088.7800740500165
67960.0,1914.5307817147525
67980.0,1727.9783774379807
68000.0,1555.053550913748
68020.0,1421.9538510087214
68040.0,1349.3120812733778
68060.0,1348.8992348046727
68080.0,1421.840914596335
68100.0,1557.7580783880442
68120.0,1735.35595963421
68140.0,1925.9430984463766
68160.0,2100.384685206119
68180.0,2236.7398819966575
68200.0,2325.0635238174323
68220.0,2367.2877170299976
68240.0,2373.323263150983
68260.0,2356.3006244989783
68280.0,2328.7928837106642
68300.0,2300.5872585490665
68320.0,2277.864035857271
68340.0,2263.4155643316744
68360.0,2257.4482911776095
68380.0,2258.5484432614285
68400.0,2264.543339188434
68420.0,2273.140410685667
68440.0,2282.3177104996444
68460.0,2290.491453215715
68480.0,2296.533521348585
68500.0,2299.7206236404595
68520.0,2299.675122761581
68540.0,2296.347724767613
68560.0,2290.0554725882416
68580.0,2281.5168199949244
68600.0,2271.8291072234024
68620.0,2262.334799016119
68640.0,2254.358002162239
68660.0,2248.8495813685486
68680.0,2245.9838742975835
68700.0,2244.7771698464076
68720.0,2242.8194618166112
68740.0,2236.24158298175
68760.0,2220.073011591577
68780.0,2189.122497122273
68800.0,2139.3996931686233
68820.0,2069.8940782718387
68840.0,1984.262828879472
68860.0,1891.7202714289301
68880.0,1806.1392543384802
68900.0,1742.3732213516803
68920.0,1711.3047721908333
68940.0,1717.2386969934137
68960.0,1758.055957146485
68980.0,1826.7414695669727
69000.0,1913.2444000858573
69020.0,2006.171055693711
69040.0,2094.2480063334656
69060.0,2167.774395240066
69080.0,2220.318689053036
69100.0,2250.235724290153
69120.0,2260.6101611177623
69140.0,2257.4175485019914
69160.0,2247.270985340302
69180.0,2235.7748069042987
69200.0,2226.744866379238
69220.0,2222.123862995993
69240.0,2222.308532454932
69260.0,2226.652326154472
69280.0,2233.948201094982
69300.0,2242.818328072717
69320.0,2251.9799895998517
69340.0,2260.370663473905
69360.0,2267.184263201189
69380.0,2271.840654714585
69400.0,2273.9136052916015
69420.0,2273.072889136896
69440.0,2269.083293855355
69460.0,2261.8527312825245
69480.0,2251.464429649358
69500.0,2238.165655112173
69520.0,2222.3503645469577
69540.0,2204.555803968601
69560.0,2185.48172120342
69580.0,2166.0133262554127
69600.0,2147.2303554659766
69620.0,2130.390193409101
69640.0,2116.8405492472057
69660.0,2107.8487974231407
69680.0,2104.3642817885943
69700.0,2106.7187807600817
69720.0,2114.2829790137703
69740.0,2125.1330635152144
69760.0,2135.812959003887
69780.0,2141.346032157171
69800.0,2135.6343064441576
69820.0,2112.3708360487167
69840.0,2066.5356301680104
69860.0,1996.3588474919063
69880.0,1905.3109600544994
69900.0,1803.288682798849
69920.0,1705.8095136824984
69940.0,1630.0896258900252
69960.0,1589.597867916448
69980.0,1591.029847444146
70000.0,1634.1899265899506
70020.0,1713.2691756410907
70040.0,1818.405378341108
70060.0,1937.0599620761036
70080.0,2055.310090759018
70100.0,2159.5567583671314
70120.0,2239.126111153423
70140.0,2289.007345902424
70160.0,2310.756500924414
70180.0,2310.898653280727
70200.0,2298.1431570212935
70220.0,2280.869284862439
70240.0,2265.513908796382
70260.0,2255.920953028651
70280.0,2253.446265625549
70300.0,2257.5311676978354
70320.0,2266.4483694005407
70340.0,2277.985003506944
70360.0,2289.9845392682773
70380.0,2300.7475141750942
70400.0,2309.272780685479
70420.0,2315.346483031613
70440.0,2319.5007558561033
70460.0,2322.8611656329113
70480.0,2326.8881134955045
70500.0,2333.002463096725
70520.0,2342.1095287646563
70540.0,2354.037802316513
70560.0,2366.9805037123947
70580.0,2377.100561483829
70600.0,2378.4919483221724
70620.0,2363.709435186517
70640.0,2325.0136575023857
70660.0,2256.3510284548383
70680.0,2155.8527866476206
70700.0,2028.2283142290846
70720.0,1885.970002083961
70740.0,1747.934642392775
70760.0,1634.6001789509767
70780.0,1562.7834007361512
70800.0,1542.7544570660011
70820.0,1577.243895084665
70840.0,1661.2574630708357
70860.0,1782.3627810652401
70880.0,1921.9578724597727
70900.0,2058.6222523363185
70920.0,2173.702284746783
70940.0,2256.485342778801
70960.0,2305.5831579050964
70980.0,2326.470253810379
71000.0,2327.881153124735
71020.0,2318.841350596594
71040.0,2306.798680271745
71060.0,2296.7969660014573
71080.0,2291.4595279023347
71100.0,2291.4603807939116
71120.0,2296.1979566194304
71140.0,2304.447250412918
71160.0,2314.82333983152
71180.0,2326.041253029379
71200.0,2337.0262787901393
71220.0,2346.9040717193466
71240.0,2354.905719837675
71260.0,2360.2681421539187
71280.0,2362.200002100778
71300.0,2359.949438704836
71320.0,2352.944382614497
71340.0,2340.971563155851
71360.0,2324.364354814961
71380.0,2304.1195288673216
71400.0,2281.877109633205
71420.0,2259.7611370250365
71440.0,2240.0781339663486
71460.0,2224.863648901527
71480.0,2215.3261027514272
71500.0,2211.2567448848104
71520.0,2210.5109799586544
71540.0,2208.7163671361805
71560.0,2199.3648540580207
71580.0,2174.4608483186594
71600.0,2125.870055160819
71620.0,2047.4184682173393
71640.0,1937.5217578090935
71660.0,1801.6620513902872
71680.0,1653.4483736287734
71700.0,1512.5769997166853
71720.0,1399.6157782459545
71740.0,1331.2095260241535
71760.0,1317.6692527308708
71780.0,1361.9649595650142
71800.0,1459.2135046712058
71820.0,1596.5954492707194
71840.0,1754.5280868706388
71860.0,1910.3901715273248
71880.0,2044.4980444939029
71900.0,2145.2385139394755
71920.0,2210.295896212295
71940.0,2244.275171825276
71960.0,2255.356512917933
71980.0,2252.471774333835
72000.0,2243.4012140218865
72020.0,2233.7930334107814
72040.0,2226.967296132822
72060.0,2224.238708457871
72080.0,2225.456254802261
72100.0,2229.5416867160175
72120.0,2234.9220755138804
72140.0,2239.8322633302846
72160.0,2242.526820778303
72180.0,2241.51148875837
72200.0,2235.793000045333
72220.0,2225.0360722379223
72240.0,2209.5699731559725
72260.0,2190.2367421789104
72280.0,2168.1346418594912
72300.0,2144.3707215986396
72320.0,2119.920061922762
72340.0,2095.60487048684
72360.0,2072.1291993445134
72380.0,2050.0984441737023
72400.0,2029.9897292700305
72420.0,2012.0995677904048
72440.0,1996.5184418340802
72460.0,1983.1632586723663
72480.0,1971.8717676485871
72500.0,1962.5141102611801
72520.0,1955.047484044242
72540.0,1949.4890132630214
72560.0,1945.873756607157
72580.0,1944.2560645916878
72600.0,1944.7007097148412
72620.0,1947.211056655014
72640.0,1951.639163074727
72660.0,1957.638430613312
72680.0,1964.6723088627853
72700.0,1972.1094110289473
72720.0,1979.38720757183
72740.0,1986.1892602157254
72760.0,1992.6037667063342
72780.0,1999.2167873840572
72800.0,2007.1346572474013
72820.0,2017.8996853477358
72840.0,2033.2138525597234
72860.0,2054.458271515366
72880.0,2082.033441818496
72900.0,2114.5856082695027
72920.0,2148.2801184025475
72940.0,2176.3607712190305
72960.0,2189.31934978772
72980.0,2175.9862616156665
73000.0,2125.7306319754766
73020.0,2031.6551074062131
73040.0,1894.2447821596797
73060.0,1724.4273146989672
73080.0,1544.4220170078345
73100.0,1384.4714417809778
73120.0,1275.1942897113727
73140.0,1239.4274055941114
73160.0,1286.715667109093
73180.0,1410.6316585234629
73200.0,1589.3389058583082
73220.0,1790.767021972774
73240.0,1982.1642849955883
73260.0,2139.3498615371204
73280.0,2250.993071449819
73300.0,2317.4157197138243
73320.0,2346.6155802943617
73340.0,2350.0159280273087
73360.0,2339.083846654983
73380.0,2323.1932885000874
73400.0,2308.724895028743
73420.0,2299.1188074779743
73440.0,2295.465517070076
73460.0,2297.265859217844
73480.0,2303.1604395647773
73500.0,2311.541890452321
73520.0,2320.9620229213824
73540.0,2330.3271770736183
73560.0,2338.927547783482
73580.0,2346.344044397439
73600.0,2352.3170861953536
73620.0,2356.65709822305
73640.0,2359.200154399242
73660.0,2359.800207094076
73680.0,2358.3532506299102
73700.0,2354.8359153335905
73720.0,2349.3400086179217
73740.0,2342.124099378941
73760.0,2333.6855397591958
73780.0,2324.8341530705707
73800.0,2316.736708934209
73820.0,2310.8719409030286
73840.0,2308.8684100912105
73860.0,2312.218103138265
73880.0,2321.8198934640595
73900.0,2337.3490773085155
73920.0,2356.5463689810554
73940.0,2374.609228546936
73960.0,2383.956897525671
73980.0,2374.6757471297133
74000.0,2335.918417669299
74020.0,2258.3766274838295
74040.0,2137.6373452342004
74060.0,1977.7428358795235
74080.0,1793.6519137311582
74100.0,1610.733077601036
74120.0,1459.6011403519637
74140.0,1368.0165479973632
74160.0,1354.128173452684
74180.0,1422.220707351679
74200.0,1560.9159244709222
74220.0,1744.779147347696
74240.0,1940.83585198186
74260.0,2118.529086476334
74280.0,2257.7272827109637
74300.0,2351.1184745271976
74320.0,2401.7550840972376
74340.0,2418.836270233323
74360.0,2413.7560500489735
74380.0,2397.1926551110373
74400.0,2377.42507968078
74420.0,2359.758322707767
74440.0,2346.7668273947966
74460.0,2338.9961863027775
74480.0,2335.802079479419
74500.0,2336.105589981985
74520.0,2338.930422391989
74540.0,2343.6584496033875
74560.0,2350.0300541785086
74580.0,2357.938038221039
74600.0,2367.0625212686678
74620.0,2376.425352383746
74640.0,2383.970440795469
74660.0,2386.3318281275606
74680.0,2378.9820633946756
74700.0,2356.8810465047
74720.0,2315.6661071243575
74740.0,2253.244489883084
74760.0,2171.3578023324003
74780.0,2076.5508411803867
74800.0,1979.8204158443489
74820.0,1894.2020151352117
74840.0,1830.6761877862282
74860.0,1795.0559281304063
74880.0,1787.526131956833
74900.0,1804.0009053679878
74920.0,1838.1242618442786
74940.0,1883.1403081544547
74960.0,1933.2372349324894
74980.0,1984.2527245436238
75000.0,2033.8080972843532
75020.0,2081.0272806195603
75040.0,2126.01880465355
75060.0,2169.281599311288
75080.0,2211.161683137429
75100.0,2251.452472582018
75120.0,2289.2029135141906
75140.0,2322.7730612243263
75160.0,2350.1480391259893
75180.0,2369.4774814620127
75200.0,2379.7385436486716
75220.0,2381.3212088940027
75240.0,2376.210545738025
75260.0,2367.417509531146
75280.0,2357.890311014351
75300.0,2349.760017569346
75320.0,2344.195350338448
75340.0,2341.5530595499577
75360.0,2341.580907920928
75380.0,2343.6473287251565
75400.0,2346.9733899863786
75420.0,2350.778029031199
75440.0,2354.3420157827836
75460.0,2357.0204675084747
75480.0,2358.236949953318
75500.0,2357.479558366912
75520.0,2354.2884113423247
75540.0,2348.235039025171
75560.0,2338.908004721629
75580.0,2325.9189721035928
75600.0,2308.9555772361364
75620.0,2287.880909091744
75640.0,2262.8260799839322
75660.0,2234.210756572161
75680.0,2202.681388749896
75700.0,2169.0134213935326
75720.0,2134.0011019830795
75740.0,2098.3567289359003
75760.0,2062.6599389162584
75780.0,2027.3676236649094
75800.0,1992.838494584633
75820.0,1959.3565387066524
75840.0,1927.157623549629
75860.0,1896.4536382572671
75880.0,1867.4517154887951
75900.0,1840.3606335816344
75920.0,1815.3859882754853
75940.0,1792.7176371668338
75960.0,1772.4984681392984
75980.0,1754.790097308834
76000.0,1739.5626086704438
76020.0,1726.6992316620879
76040.0,1716.0172537579115
76060.0,1707.2890745557918
76080.0,1700.2609382933733
76100.0,1694.677912083894
76120.0,1690.3182329440947
76140.0,1687.0240841052514
76160.0,1684.7128311833615
76180.0,1683.3715432847475
76200.0,1683.0260898459674
76220.0,1683.684385705441
76240.0,1685.2986997862997
76260.0,1687.7817207505555
76280.0,1691.0497143877797
76300.0,1695.077428701598
76320.0,1699.9746973737315
76340.0,1706.0885592163995
76360.0,1714.0820286640064
76380.0,1724.9060974644449
76400.0,1739.6333905863194
76420.0,1759.184190697204
76440.0,1783.9682684066945
76460.0,1813.4539152199206
76480.0,1845.7139089098341
76500.0,1877.05622290713
76520.0,1901.9138036051681
76540.0,1913.183254625031
76560.0,1903.206200251272
76580.0,1865.470718710707
76600.0,1796.9039113988879
76620.0,1700.3774516344536
76640.0,1586.6127389916023
76660.0,1474.1569384624213
76680.0,1385.8900112995536
76700.0,1342.76993127178
76720.0,1358.2496986106373
76740.0,1434.7045394488036
76760.0,1561.9470267468064
76780.0,1718.5706404482821
76800.0,1876.9381252329563
76820.0,2010.2111549043013
76840.0,2098.0273311066785
76860.0,2129.029340954686
76880.0,2100.784842674449
76900.0,2018.3392988656087
76920.0,1892.2381882444777
76940.0,1736.743339045332
76960.0,1568.2980428318147
76980.0,1403.257744272941
77000.0,1254.7096962727258
77020.0,1129.9667026199204
77040.0,1030.3094890602292
77060.0,952.7249862680388
77080.0,892.4809100257404
77100.0,845.5858855578903
77120.0,810.5301396561379
77140.0,788.984773425374
77160.0,785.3632788522658
77180.0,805.3530956533938
77200.0,853.7543300583475
77220.0,932.2536269230617
77240.0,1038.0261085068992
77260.0,1163.8756600405218
77280.0,1300.1712588371624
77300.0,1437.9968087106324
77320.0,1571.0447634514364
77340.0,1695.3598522333618
77360.0,1808.1288728690877
77380.0,1906.6669679393606
77400.0,1988.3667999949635
77420.0,2051.404270801223
77440.0,2095.6438051187915
77460.0,2123.0067041700127
77480.0,2136.997543850265
77500.0,2141.8344948030567
77520.0,2141.6886386202227
77540.0,2140.097287303368
77560.0,2139.4241432669887
77580.0,2140.5653889423493
77600.0,2143.072465352325
77620.0,2145.6170611535335
77640.0,2146.593508985809
77660.0,2144.645999758589
77680.0,2138.990037518711
77700.0,2129.469262859372
77720.0,2116.4335071512696
77740.0,2100.6212852844633
77760.0,2083.0900131488024
77780.0,2065.1096287684895
77800.0,2048.0013051597766
77820.0,2032.9442783527986
77840.0,2020.729599977703
77860.0,2011.4834203710748
77880.0,2004.3720503457275
77900.0,1997.3204726244264
77920.0,1986.7762285187794
77940.0,1967.6349034947714
77960.0,1933.6136192550216
77980.0,1878.35032859473
78000.0,1797.3165734436366
78020.0,1690.3097227181302
78040.0,1563.840795450859
78060.0,1432.2132280887167
78080.0,1315.6293392306357
78100.0,1235.1261280624271
78120.0,1207.0184149222282
78140.0,1238.542442597259
78160.0,1325.1928731131077
78180.0,1450.8062570140878
78200.0,1591.8660752470687
78220.0,1725.1489721255996
78240.0,1834.3872652985315
78260.0,1912.778516629549
78280.0,1961.5630954254696
78300.0,1986.937022886384
78320.0,1997.0073143209884
78340.0,1999.4719313629935
78360.0,2000.2436062714837
78380.0,2002.9666753684749
78400.0,2009.2298763866165
78420.0,2019.133639125598
78440.0,2031.9073867895647
78460.0,2046.4254843230824
78480.0,2061.5683954084534
78500.0,2076.4259359627176
78520.0,2090.36091533626
78540.0,2103.009211599626
78560.0,2114.234887917146
78580.0,2124.0535827406006
78600.0,2132.552646920926
78620.0,2139.825956892886
78640.0,2145.933824947793
78660.0,2150.854910857097
78680.0,2154.4444439449744
78700.0,2156.4463975027807
78720.0,2156.5434088975862
78740.0,2154.417468387047
78760.0,2149.8318862753563
78780.0,2142.734603244434
78800.0,2133.357008542648
78820.0,2122.308871152261
78840.0,2110.6310547595604
78860.0,2099.706167063293
78880.0,2090.9535847198167
78900.0,2085.429683956593
78920.0,2083.5909802613373
78940.0,2085.2985666884233
78960.0,2089.982647727481
78980.0,2096.849748436676
79000.0,2105.0539688759636
79020.0,2113.8101436800775
79040.0,2122.4663176429467
79060.0,2130.555006839843
79080.0,2137.790009992398
79100.0,2144.0114336501397
79120.0,2149.1506986263166
79140.0,2153.288241799418
79160.0,2156.7930389184453
79180.0,2160.476854898758
79200.0,2165.657155245928
79220.0,2174.0242796496013
79240.0,2187.244551332503
79260.0,2206.269463470456
79280.0,2230.4465897101095
79300.0,2256.65605172491
79320.0,2278.6872624665275
79340.0,2287.1579546232897
79360.0,2270.345018445361
79380.0,2216.190143450226
79400.0,2115.5075278986983
79420.0,1965.9730066159689
79440.0,1775.862288871015
79460.0,1565.8927213003785
79480.0,1366.916658264277
79500.0,1212.2272378113496
79520.0,1128.4765154529878
79540.0,1130.12421022232
79560.0,1217.321953436805
79580.0,1376.0046101741282
79600.0,1580.1407486481735
79620.0,1797.142938478748
79640.0,1996.0957701847935
79660.0,2155.0765197520664
79680.0,2264.434566808262
79700.0,2325.7766126747792
79720.0,2348.3449989170667
79740.0,2344.781278637285
79760.0,2327.583898437487
79780.0,2306.8401302255006
79800.0,2289.2495395372744
79820.0,2278.1676488375415
79840.0,2274.2829644458648
79860.0,2276.5422478163646
79880.0,2283.0377805797607
79900.0,2291.677782346525
79920.0,2300.5759097206173
79940.0,2308.2275693530555
79960.0,2313.555883239417
79980.0,2315.8717030386674
80000.0,2314.7933357493775
80020.0,2310.161313402762
80040.0,2301.9991372295945
80060.0,2290.5309340716117
80080.0,2276.2189543976465
80100.0,2259.7802273754055
80120.0,2242.140975623027
80140.0,2224.3149029446495
80160.0,2207.2486512006453
80180.0,2191.701982950134
80200.0,2178.174029367404
80220.0,2166.8743154359404
80240.0,2157.7593874355944
80260.0,2150.616067158548
80280.0,2145.157921484914
80300.0,2141.121262057516
80320.0,2138.341146821277
80340.0,2136.77205360374
80360.0,2136.4545101840476
80380.0,2137.4700577199083
80400.0,2139.9062846309284
80420.0,2143.816923059699
80440.0,2149.1716178962715
80460.0,2155.8177082363163
80480.0,2163.4786210887246
80500.0,2171.780986150272
80520.0,2180.3167839662556
80540.0,2188.7328566129654
80560.0,2196.799177642719
80580.0,2204.4331568095295
80600.0,2211.687368504319
80620.0,2218.700168006421
80640.0,2225.642937132634
80660.0,2232.6952946834676
80680.0,2240.0158403017945
80700.0,2247.722427708333
80720.0,2255.8951484197446
80740.0,2264.560587092125
80760.0,2273.658413033096
80780.0,2283.032001686535
80800.0,2292.456242384486
80820.0,2301.6921438176905
80840.0,2310.5321649026127
80860.0,2318.8003851905482
80880.0,2326.3267474936197
80900.0,2332.931461092883
80920.0,2338.4144716665455
80940.0,2342.567398982275
80960.0,2345.213595984294
80980.0,2346.2961445902724
81000.0,2346.0188282090744
81020.0,2344.9648957193763
81040.0,2344.137359572401
81060.0,2344.9101710664568
81080.0,2348.842786811827
81100.0,2357.2881163923403
81120.0,2370.7644773934508
81140.0,2388.1949402004625
81160.0,2406.1965687859147
81180.0,2418.6394019920554
81200.0,2416.757930448899
81220.0,2390.123377353003
81240.0,2328.630916101843
81260.0,2225.4255099524626
81280.0,2080.329995510304
81300.0,1902.8130436403958
81320.0,1712.8705677364208
81340.0,1537.921294549851
81360.0,1406.2330637349721
81380.0,1340.673258542764
81400.0,1354.250788423979
81420.0,1447.0405155091576
81440.0,1604.7937181417085
81460.0,1800.7101487365628
81480.0,2001.9007259921477
81500.0,2178.5723540607514
81520.0,2311.434795615678
81540.0,2394.380276115339
81560.0,2432.3495484598725
81580.0,2436.8593997136804
81600.0,2421.447428557586
81620.0,2398.255418066087
81640.0,2376.1708902439304
81660.0,2360.3520227466133
81680.0,2352.6810970979445
81700.0,2352.679285859979
81720.0,2358.5003496109316
81740.0,2367.755667045502
81760.0,2378.12414990422
81780.0,2387.7548566295054
81800.0,2395.4250099705782
81820.0,2400.4901612690605
81840.0,2402.731178857154
81860.0,2402.1921988168983
81880.0,2399.0561401801765
81900.0,2393.5759790766606
81920.0,2386.0537004861094
81940.0,2376.8280757317452
81960.0,2366.249569561378
81980.0,2354.6531749784235
82000.0,2342.333857331635
82020.0,2329.55011307551
82040.0,2316.5583839896653
82060.0,2303.644095186256
82080.0,2291.1351984661123
82100.0,2279.383311691148
82120.0,2268.70927812683
82140.0,2259.3469725635305
82160.0,2251.4101264422143
82180.0,2244.8860419630146
82200.0,2239.6696381300253
82220.0,2235.6047278009783
82240.0,2232.5186022673524
82260.0,2230.270162545312
82280.0,2228.780926690579
82300.0,2228.031697066816
82320.0,2228.0316930000363
82340.0,2228.768440346021
82360.0,2230.176989713782
82380.0,2232.1396217583847
82400.0,2234.512344804922
82420.0,2237.171174679667
82440.0,2240.0334083803637
82460.0,2243.0432406517066
82480.0,2246.160699812489
82500.0,2249.354914394674
82520.0,2252.6044555624912
82540.0,2255.9060812825364
82560.0,2259.2876067931475
82580.0,2262.8101763585896
82600.0,2266.544629961313
82620.0,2270.53108484004
82640.0,2274.7366520970236
82660.0,2279.044783426051
82680.0,2283.274231789901
82700.0,2287.2160883373836
82720.0,2290.7177424262272
82740.0,2293.8020943559163
82760.0,2296.770540543812
82780.0,2300.244708399351
82800.0,2305.1111761525694
82820.0,2312.3295176607917
82840.0,2322.5990016612545
82860.0,2335.917773180984
82880.0,2351.091876208249
82900.0,2365.28799198248
82920.0,2373.7931175635254
82940.0,2370.1883618342813
82960.0,2347.151881996475
82980.0,2298.0053714519963
83000.0,2218.9183711426404
83020.0,2111.3643920354434
83040.0,1984.0104580573127
83060.0,1852.8090964888695
83080.0,1738.0314664675545
83100.0,1659.3795052487853
83120.0,1631.778474449085
83140.0,1662.291584097032
83160.0,1748.0345809929763
83180.0,1875.687116479056
83200.0,2023.8544293578711
83220.0,2168.4639126511233
83240.0,2288.980805803883
83260.0,2373.04255934245
83280.0,2417.9933974772493
83300.0,2429.1913271316034
83320.0,2416.5906840949997
83340.0,2391.3748006676165
83360.0,2363.375258623197
83380.0,2339.550529314427
83400.0,2323.584961685405
83420.0,2316.3663011089075
83440.0,2316.910623461218
83460.0,2323.298665799111
83480.0,2333.4025726844316
83500.0,2345.3452893064814
83520.0,2357.6652861474404
83540.0,2369.258433973014
83560.0,2379.212555936806
83580.0,2386.6469933449025
83600.0,2390.6656759626194
83620.0,2390.497638840671
83640.0,2385.7307935086233
83660.0,2376.426043565575
83680.0,2363.063818602574
83700.0,2346.405260066486
83720.0,2327.370252405891
83740.0,2306.970975225542
83760.0,2286.256987694028
83780.0,2266.237621692141
83800.0,2247.793734809344
83820.0,2231.5571724529477
83840.0,2217.8183297426613
83860.0,2206.567817374011
83880.0,2197.614335864454
83900.0,2190.6769705749202
83920.0,2185.4399629079153
83940.0,2181.6144881592263
83960.0,2178.9914732226034
83980.0,2177.444893771415
84000.0,2176.8875945119185
84020.0,2177.2504813201767
84040.0,2178.4987504046967
84060.0,2180.6172932165405
84080.0,2183.57046833026
84100.0,2187.281617588128
84120.0,2191.6424638416615
84140.0,2196.544922890107
84160.0,2201.9011960145226
84180.0,2207.6172778226032
84200.0,2213.5450503172674
84220.0,2219.4865058718
84240.0,2225.243799938383
84260.0,2230.6478154279057
84280.0,2235.5784425200227
84300.0,2239.9903918010086
84320.0,2243.9132016098324
84340.0,2247.419316382812
84360.0,2250.5858278506284
84380.0,2253.4633736248916
84400.0,2256.0505617892136
84420.0,2258.28022047341
84440.0,2260.0260810445784
84460.0,2261.136207490726
84480.0,2261.5148739437795
84500.0,2261.2589490296314
84520.0,2260.7931694603253
84540.0,2260.9320913888014
84560.0,2262.809476079307
84580.0,2267.655586997504
84600.0,2276.444745208467
84620.0,2289.4607753758223
84640.0,2305.7914616461867
84660.0,2322.765772975483
84680.0,2335.5335242769556
84700.0,2337.088219629658
84720.0,2318.952392200122
84740.0,2272.6490161670054
84760.0,2191.9363726571746
84780.0,2075.452048831634
84800.0,1928.9711132981345
84820.0,1766.1216254476192
84840.0,1606.2639284358931
84860.0,1469.4438528497112
84880.0,1371.0280236883868
84900.0,1318.1120347888059
84920.0,1307.771079256811
84940.0,1327.1454814906397
84960.0,1356.0035437442916
84980.0,1372.6035643828898
85000.0,1361.267338076996
85020.0,1317.367253638537
85040.0,1247.4952891719506
85060.0,1165.307770090755
85080.0,1086.2110884707865
85100.0,1024.0333902193165
85120.0,989.7614965837547
85140.0,991.2745598365466
85160.0,1033.1843339044722
85180.0,1116.3293251166267
85200.0,1237.0345017352258
85220.0,1386.8794344256282
85240.0,1554.0389541907577
85260.0,1725.7673967633673
85280.0,1890.2979401981115
85300.0,2038.0188625519659
85320.0,2162.205593437347
85340.0,2259.2900835221653
85360.0,2328.829214839272
85380.0,2373.3905858172443
85400.0,2397.9687904147204
85420.0,2408.6881343851815
85440.0,2411.362200707649
85460.0,2410.542888242029
85480.0,2409.1397461622664
85500.0,2408.4369852179916
85520.0,2408.347846479766
85540.0,2407.802457000148
85560.0,2405.171040483634
85580.0,2398.67121028169
85600.0,2386.759892765828
85620.0,2368.4807399460146
85640.0,2343.702812151171
85660.0,2313.2041151944386
85680.0,2278.5269144227104
85700.0,2241.557045587312
85720.0,2203.8824480768753
85740.0,2166.0689810704116
85760.0,2127.0148516572435
85780.0,2083.6771741893467
85800.0,2031.4057995741464
85820.0,1964.9397341435438
85840.0,1880.013381810763
85860.0,1775.3473662414326
85880.0,1654.5182226279132
85900.0,1526.8611319162305
85920.0,1406.1930791332404
85940.0,1306.5670860709974
85960.0,1237.4360739254284
85980.0,1201.693201823254
86000.0,1196.4776276452117
86020.0,1215.2630720493846
86040.0,1250.1242549694123
86060.0,1293.5534975415062
86080.0,1339.5815668357138
86100.0,1384.2180779274827
86120.0,1425.371375377241
86140.0,1462.4578589654811
86160.0,1495.8960184289722
86180.0,1526.630382015405
86200.0,1555.7690365506894
86220.0,1584.3616400500555
86240.0,1613.3018764386923
86260.0,1643.3123093319343
86280.0,1674.960143069689
86300.0,1708.6573132853277
86320.0,1744.614970660943
86340.0,1782.748219085424
86360.0,1822.5592316295947
86380.0,1863.0622106015064
86400.0,1902.8499165073129
86420.0,1940.4030356539126
86440.0,1974.5267384223491
86460.0,2004.6201346017867
86480.0,2030.6962360536902
86500.0,2053.236857870608
86520.0,2072.9796193058855
86540.0,2090.7026608087194
86560.0,2107.0772010282703
86580.0,2122.592172171374
86600.0,2137.4933494191237
86620.0,2151.7404212548768
86640.0,2165.0267896160462
86660.0,2176.8468005128598
86680.0,2186.583325417654
86700.0,2193.591165486778
86720.0,2197.274935602478
86740.0,2197.1617756413293
86760.0,2192.9638930446426
86780.0,2184.6470079839755
86800.0,2172.464804783066
86820.0,2156.9266263763566
86840.0,2138.737279121292
86860.0,2118.7431831009776
86880.0,2097.882347533686
86900.0,2077.106721290734
86920.0,2057.2697544387256
86940.0,2039.0168229544975
86960.0,2022.716285009666
86980.0,2008.4308563860038
87000.0,1995.929682013419
87020.0,1984.7580541179912
87040.0,1974.3778795413389
87060.0,1964.3266304496178
87080.0,1954.3228563873213
87100.0,1944.2842218861103
87120.0,1934.2915122328927
87140.0,1924.53522421925
87160.0,1915.226998295957
87180.0,1906.5171141629485
87200.0,1898.4988105604505
87220.0,1891.2850671426118
87240.0,1885.086193783053
87260.0,1880.223736406671
87280.0,1877.0705512756663
87300.0,1875.9841191517273
87320.0,1877.257051281848
87340.0,1881.0739453472154
87360.0,1887.5055280177141
87380.0,1896.5495450018057
87400.0,1908.1638601667037
87420.0,1922.2376460169726
87440.0,1938.5199540396861
87460.0,1956.5636794820716
87480.0,1975.7162308718853
87500.0,1995.1625968845215
87520.0,2014.0091130194517
87540.0,2031.4227273983574
87560.0,2046.780145038779
87580.0,2059.720456949156
87600.0,2070.090249310062
87620.0,2077.869661282383
87640.0,2083.1272454556374
87660.0,2086.0107959604943
87680.0,2086.766372680428
87700.0,2085.7874173720916
87720.0,2083.709080840153
87740.0,2081.5079398177386
87760.0,2080.532824716326
87780.0,2082.376278705221
87800.0,2088.5812216394756
87820.0,2100.223833553077
87840.0,2117.379723664849
87860.0,2138.520984117747
87880.0,2159.974484242813
87900.0,2175.656270061075
87920.0,2177.330073725273
87940.0,2155.647808173943
87960.0,2102.1266711596422
87980.0,2011.9401965846075
88000.0,1887.0512575420526
88020.0,1738.7186700451723
88040.0,1587.8388134530476
88060.0,1461.3255083209845
88080.0,1384.68579794865
88100.0,1374.91385200153
88120.0,1436.3901660854274
88140.0,1559.6271355775248
88160.0,1722.9926566629285
88180.0,1898.220997443414
88200.0,2058.777125888579
88220.0,2186.9730954054107
88240.0,2276.404785562749
88260.0,2329.943168243298
88280.0,2355.8227273719694
88300.0,2363.8668386440722
88320.0,2362.8680747886306
88340.0,2359.248318017072
88360.0,2356.6486372204254
88380.0,2356.1772918244014
88400.0,2357.1721890513168
88420.0,2358.2043978050365
88440.0,2357.8981956532234
88460.0,2355.3971768897904
88480.0,2350.5633100529853
88500.0,2343.8647544168643
88520.0,2336.0877661018235
88540.0,2328.104160391907
88560.0,2320.7275145593276
88580.0,2314.594401017782
88600.0,2310.0847536785586
88620.0,2307.311121499074
88640.0,2306.159448414435
88660.0,2306.3506330906675
88680.0,2307.5162998105047
88700.0,2309.2855761220744
88720.0,2311.349608200865
88740.0,2313.477123026115
88760.0,2315.4998829766782
88780.0,2317.281488099173
88800.0,2318.6686842719782
88820.0,2319.433147796578
88840.0,2319.234978538002
88860.0,2317.637714463167
88880.0,2314.1948539460273
88900.0,2308.5642502351957
88920.0,2300.5794359670376
88940.0,2290.287668945109
88960.0,2278.004793533195
88980.0,2264.3593220119355
89000.0,2250.3009586082458
89020.0,2237.0627412815184
89040.0,2226.040262867187
89060.0,2218.5361611143685
89080.0,2215.343089390648
89100.0,2216.2216164366373
89120.0,2219.3573244579043
89140.0,2220.938416435266
89160.0,2215.048097768577
89180.0,2194.120511100821
89200.0,2150.1893560544504
89220.0,2076.9540607981044
89240.0,1972.3888871269367
89260.0,1841.2662779507586
89280.0,1696.4493113707463
89300.0,1557.311808120376
89320.0,1445.2871565262499
89340.0,1379.3560084043797
89360.0,1372.6773160477946
89380.0,1429.9086423737506
89400.0,1545.1856938032993
89420.0,1701.6474191634115
89440.0,1874.2273385459491
89460.0,2036.4420876442578
89480.0,2168.175687593638
89500.0,2260.1375945371815
89520.0,2313.3074364072663
89540.0,2335.3627219868536
89560.0,2336.6824722820065
89580.0,2327.2834155100036
89600.0,2315.0448414593106
89620.0,2305.0662968004044
89640.0,2299.822856908869
89660.0,2299.76724354122
89680.0,2304.0753439918526
89700.0,2311.3098730709016
89720.0,2319.8971638144612
89740.0,2328.4100780323843
89760.0,2335.6868040844115
89780.0,2340.8688775510477
89800.0,2343.4070550704682
89820.0,2343.0448823015718
89840.0,2339.7752892710887
89860.0,2333.7846422947287
89880.0,2325.4070474768314
89900.0,2315.0922842172213
89920.0,2303.37253990546
89940.0,2290.8345878170467
89960.0,2278.087041789385
89980.0,2265.722082203578
90000.0,2254.267231779714
90020.0,2244.144706660215
90040.0,2235.658564214981
90060.0,2229.000862019682
90080.0,2224.2658084321047
90100.0,2221.4753859448774
90120.0,2220.5554895235105
90140.0,2221.275020169184
90160.0,2223.2527653159677
90180.0,2226.065894503355
90200.0,2229.3958318591945
90220.0,2233.09476112689
90240.0,2237.1374478114567
90260.0,2241.541455937311
90280.0,2246.310085886192
90300.0,2251.3776213795386
90320.0,2256.559208608506
90340.0,2261.533329451552
90360.0,2265.9183908037644
90380.0,2269.451779883498
90400.0,2272.1716853394764
90420.0,2274.465387727996
90440.0,2276.894413823453
90460.0,2279.901004711529
90480.0,2283.631613260846
90500.0,2287.933518270453
90520.0,2292.468971114381
90540.0,2296.8659089291614
90560.0,2300.821760809992
90580.0,2304.146449943142
90600.0,2306.77482971417
90620.0,2308.758951632525
90640.0,2310.235366841598
90660.0,2311.365324279208
90680.0,2312.272471742761
90700.0,2312.99138273886
90720.0,2313.442943640188
90740.0,2313.4328183803136
90760.0,2312.661639749771
90780.0,2310.757045635683
90800.0,2307.3498709905557
90820.0,2302.210553040249
90840.0,2295.4303797962157
90860.0,2287.5921893126024
90880.0,2279.82576086095
90900.0,2273.692586048092
90920.0,2270.902262367095
90940.0,2272.8794046211624
90960.0,2280.210496712948
90980.0,2292.015091555889
91000.0,2305.383946388288
91020.0,2315.0610085791404
91040.0,2313.568712563684
91060.0,2291.968412081684
91080.0,2241.396504222978
91100.0,2155.3582729058685
91120.0,2032.5141715742477
91140.0,1879.370318321887
91160.0,1711.7154655957177
91180.0,1553.0755659298325
91200.0,1429.4475820536393
91220.0,1363.1217825469987
91240.0,1367.9986986167376
91260.0,1446.351275437603
91280.0,1587.17245241733
91300.0,1767.3027913984959
91320.0,1956.8535220451497
91340.0,2127.5634691568134
91360.0,2259.8721918032616
91380.0,2345.965179387812
91400.0,2388.6857201530465
91420.0,2397.889179151883
91440.0,2386.1805825273786
91460.0,2365.3942137558297
91480.0,2344.4654016038244
91500.0,2328.7400071964134
91520.0,2320.3282896022256
91540.0,2318.993715995518
91560.0,2323.1702623749106
91580.0,2330.818651831613
91600.0,2339.972221574407
91620.0,2349.005551109714
91640.0,2356.732286441692
91660.0,2362.4266386292743
91680.0,2365.7743704869367
91700.0,2366.756057901673
91720.0,2365.536708472394
91740.0,2362.387516976221
91760.0,2357.6325360736655
91780.0,2351.610142416349
91800.0,2344.6581921568227
91820.0,2337.113322684651
91840.0,2329.3080217585766
91860.0,2321.5635893341423
91880.0,2314.198656430197
91900.0,2307.5464273521748
91920.0,2301.9309154675025
91940.0,2297.605398422481
91960.0,2294.713392043919
91980.0,2293.277361851357
92000.0,2293.2043145301695
92020.0,2294.306378411969
92040.0,2296.3343646657277
92060.0,2299.0113527172
92080.0,2302.0611604196174
92100.0,2305.238951164071
92120.0,2308.355686251926
92140.0,2311.2936102584126
92160.0,2313.994528484588
92180.0,2316.4123548733787
92200.0,2318.450935272741
92220.0,2319.949703548012
92240.0,2320.706527525715
92260.0,2320.537176370243
92280.0,2319.398676496781
92300.0,2317.553045312949
92320.0,2315.7320095455234
92340.0,2315.244859422789
92360.0,2317.926521165469
92380.0,2325.8227633067063
92400.0,2340.5999035723726
92420.0,2362.704472928952
92440.0,2390.360482420933
92460.0,2418.61400481449
92480.0,2438.76574373719
92500.0,2438.564991801521
92520.0,2403.536747306719
92540.0,2319.746067293953
92560.0,2177.946904625074
92580.0,1978.4255934165728
92600.0,1735.0929000490596
92620.0,1476.5514982979457
92640.0,1241.3368368936913
92660.0,1067.2995991423713
92680.0,981.8946636613779
92700.0,997.9071121511934
92720.0,1112.9161766918332
92740.0,1310.4244503348284
92760.0,1562.0936298356496
92780.0,1832.0176521038313
92800.0,2084.0786255723606
92820.0,2290.055556520003
92840.0,2434.6952615843516
92860.0,2516.498788648421
92880.0,2544.667210076382
92900.0,2534.1517527925075
92920.0,2501.1137282911704
92940.0,2459.7870155441024
92960.0,2420.7479281327264
92980.0,2390.3590353644367
93000.0,2371.1456673994553
93020.0,2362.743122284379
93040.0,2363.008907972734
93060.0,2369.0265409901285
93080.0,2377.836685513913
93100.0,2386.890355706936
93120.0,2394.3199655763246
93140.0,2399.07087117579
93160.0,2400.8231991807274
93180.0,2399.748301978864
93200.0,2396.2666855840903
93220.0,2390.880561293274
93240.0,2384.0841254177794
93260.0,2376.3276965699865
93280.0,2368.012611928894
93300.0,2359.498085078536
93320.0,2351.0964846515026
93340.0,2343.048076241331
93360.0,2335.4792633037227
93380.0,2328.3998941777018
93400.0,2321.747125914876
93420.0,2315.4307567532355
93440.0,2309.3830830596025
93460.0,2303.612857554851
93480.0,2298.21594891706
93500.0,2293.33330118741
93520.0,2289.1012831883986
93540.0,2285.636675472868
93560.0,2283.051213627344
93580.0,2281.455774616893
93600.0,2280.9273272508394
93620.0,2281.464271147319
93640.0,2282.965759745826
93660.0,2285.252504706619
93680.0,2288.099815574628
93700.0,2291.2626847052165
93720.0,2294.5125957342866
93740.0,2297.695080679149
93760.0,2300.764131490076
93780.0,2303.7654508691267
93800.0,2306.791414047924
93820.0,2309.9559675444216
93840.0,2313.372751640728
93860.0,2317.12110002677
93880.0,2321.221188169085
93900.0,2325.6489363803075
93920.0,2330.367621284924
93940.0,2335.3156719078806
93960.0,2340.3674622480266
93980.0,2345.328085003993
94000.0,2349.9819858471637
94020.0,2354.1648142156073
94040.0,2357.8390085987658
94060.0,2361.1748747809306
94080.0,2364.6258758574886
94100.0,2368.9693139097776
94120.0,2375.2549276497853
94140.0,2384.602392392567
94160.0,2397.8076799283713
94180.0,2414.759166821875
94200.0,2433.773395876594
94220.0,2451.0561665272335
94240.0,2460.529469594357
94260.0,2454.229442503838
94280.0,2423.4432182642868
94300.0,2360.6832191008984
94320.0,2262.3729342850265
94340.0,2131.6990286540795
94360.0,1980.5270290905737
94380.0,1828.7583526251885
94400.0,1699.8291153425496
94420.0,1614.6021426737268
94440.0,1587.264592244153
94460.0,1623.3221545268032
94480.0,1718.7784915390869
94500.0,1860.3776654672045
94520.0,2027.651917843616
94540.0,2197.217692595293
94560.0,2347.874612219986
94580.0,2464.554739242549
94600.0,2540.2032103771776
94620.0,2575.6011960728574
94640.0,2577.586554521465
94660.0,2556.3818164293475
94680.0,2522.8339504091223
94700.0,2486.3115916525917
94720.0,2453.5758745956596
94740.0,2428.5022369212625
94760.0,2412.3711497865365
94780.0,2404.5231099596817
94800.0,2403.148129712306
94820.0,2406.0106516962915
94840.0,2410.9815410153083
94860.0,2416.322715602622
94880.0,2420.771091995698
94900.0,2423.495567883506
94920.0,2423.9879908083735
94940.0,2421.964131545324
94960.0,2417.2999028094455
94980.0,2409.988045491614
95000.0,2400.118234410468
95020.0,2387.889758706466
95040.0,2373.65138643955
95060.0,2357.9642589583354
95080.0,2341.6633741896767
95100.0,2325.878674136215
95120.0,2311.9726271215923
95140.0,2301.3821761433583
95160.0,2295.3521231209643
95180.0,2294.548020268655
95200.0,2298.5970115547034
95220.0,2305.6246322639804
95240.0,2311.8768302618637
95260.0,2311.6030111293226
95280.0,2297.393734036892
95300.0,2261.1305042330687
95320.0,2195.6763103162125
95340.0,2097.1790198744206
95360.0,1967.4159480023616
95380.0,1815.1286883854893
95400.0,1654.8106192174291
95420.0,1502.0419559876443
95440.0,1368.2869493933003
95460.0,1258.7833252625537
95480.0,1173.335848739193
95500.0,1108.570900906179
95520.0,1060.4855067830765
95540.0,1026.4994024733655
95560.0,1006.5500831702464
95580.0,1003.0458629330703
95600.0,1019.7298777378899
95620.0,1059.7446689886306
95640.0,1123.4579484814121
95660.0,1206.931971316669
95680.0,1302.1908632930706
95700.0,1399.8621911883051
95720.0,1492.56659921872
95740.0,1576.9533201615109
95760.0,1654.080225301134
95780.0,1728.1742350451118
95800.0,1803.9265221662667
95820.0,1883.458793062909
95840.0,1964.7829601147619
95860.0,2042.6070352922707
95880.0,2110.7165879528816
95900.0,2164.501430446236
95920.0,2202.404756005948
95940.0,2225.8622884916513
95960.0,2238.2210629008723
95980.0,2243.3852806506943
96000.0,2244.720257126144
96020.0,2244.4313634965574
96040.0,2243.363779029008
96060.0,2241.1342559705263
96080.0,2236.478388392214
96100.0,2227.6660984159694
96120.0,2212.8962290374693
96140.0,2190.6369508029193
96160.0,2159.912036007259
96180.0,2120.5134906638223
96200.0,2073.129096884905
96220.0,2019.362707229509
96240.0,1961.4854038272388
96260.0,1901.6479623675186
96280.0,1840.695095643829
96300.0,1777.1801789737124
96320.0,1707.4388249842348
96340.0,1626.7713868873873
96360.0,1531.0336557512085
96380.0,1418.0188002840132
96400.0,1288.3574128785754
96420.0,1146.2350665815407
96440.0,999.9236822496607
96460.0,861.4631508685364
96480.0,744.8063425649347
96500.0,662.3606852409204
96520.0,621.7067928797035
96540.0,624.7874773617891
96560.0,669.2283587089568
96580.0,750.2188840160633
96600.0,861.8557499426075
96620.0,997.5055751194484
96640.0,1149.3292938110123
96660.0,1307.602542620545
96680.0,1460.8413233657786
96700.0,1597.6989447568806
96720.0,1710.0560122858683
96740.0,1795.0306978734843
96760.0,1854.7869585796846
96780.0,1894.9940270664706
96800.0,1922.821551290822
96820.0,1944.9295277921196
96840.0,1966.0627377049532
96860.0,1988.592528566487
96880.0,2012.7977556623362
96900.0,2037.5830986849883
96920.0,2061.3366216621707
96940.0,2082.645487742129
96960.0,2100.6405335798163
96980.0,2114.9664247513324
97000.0,2125.580840704387
97020.0,2132.5401389699255
97040.0,2135.8478573855014
97060.0,2135.3860906063646
97080.0,2130.9565616128302
97100.0,2122.4062457178015
97120.0,2109.7424412736973
97140.0,2093.1900012017977
97160.0,2073.232480408653
97180.0,2050.63535177454
97200.0,2026.4326024824702
97220.0,2001.8450776697082
97240.0,1978.1176959922802
97260.0,1956.3233897903174
97280.0,1937.207132397575
97300.0,1921.1343483052551
97320.0,1908.1295558702855
97340.0,1897.9638766110652
97360.0,1890.2724592738723
97380.0,1884.6725072416084
97400.0,1880.8266351759944
97420.0,1878.4661946063563
97440.0,1877.40643004811
97460.0,1877.5352653427667
97480.0,1878.7806773223506
97500.0,1881.080922531221
97520.0,1884.3831165850474
97540.0,1888.6686094768997
97560.0,1893.9628433084667
97580.0,1900.3125497690012
97600.0,1907.7403146414483
97620.0,1916.2128471707176
97640.0,1925.6376745986668
97660.0,1935.8683770891166
97680.0,1946.7160156917714
97700.0,1957.974897192507
97720.0,1969.4522587741933
97740.0,1980.9903856203996
97760.0,1992.4715078574532
97780.0,2003.8114387665723
97800.0,2014.9465061286016
97820.0,2025.825589970706
97840.0,2036.4263658904413
97860.0,2046.7764522248156
97880.0,2056.956495416139
97900.0,2067.063621174394
97920.0,2077.1535689346774
97940.0,2087.2056580277917
97960.0,2097.1164780448225
97980.0,2106.7235249780706
98000.0,2115.8448842601933
98020.0,2124.307294005509
98040.0,2131.97093287527
98060.0,2138.766369397884
98080.0,2144.7312139092032
98100.0,2150.047785356456
98120.0,2155.1170362816606
98140.0,2160.667950086211
98160.0,2167.829887636777
98180.0,2178.0561783405324
98200.0,2192.8059589285654
98220.0,2212.953828470617
98240.0,2238.00853847686
98260.0,2265.299360122888
98280.0,2289.3318426883134
98300.0,2301.5952022138654
98320.0,2291.182961061071
98340.0,2246.5251611937947
98360.0,2158.3386433581186
98380.0,2023.477837791053
98400.0,1848.7559172317142
98420.0,1653.1501173770835
98440.0,1466.0436275228842
98460.0,1320.0504685799947
98480.0,1242.3227391126538
98500.0,1248.8481116072812
98520.0,1341.6411747276395
98540.0,1508.0322884096204
98560.0,1722.4656778817418
98580.0,1952.0851166615587
98600.0,2165.2458276236603
98620.0,2338.6244159887474
98640.0,2460.1038450652823
98660.0,2528.1826031922155
98680.0,2549.502006896272
98700.0,2535.6342796238796
98720.0,2500.0484550947713
98740.0,2455.5572429434837
98760.0,2412.2915034769185
98780.0,2376.6194036532966
98800.0,2351.2145040082737
98820.0,2335.9148856731777
98840.0,2328.8740726585556
98860.0,2327.593056772901
98880.0,2329.628173747997
98900.0,2332.975208996827
98920.0,2336.2114006059783
98940.0,2338.4827006408914
98960.0,2339.3690659239173
98980.0,2338.7368195672907
99000.0,2336.6632289180648
99020.0,2333.399011120703
99040.0,2329.290341149712
99060.0,2324.6658712854596
99080.0,2319.7544444587606
99100.0,2314.661256391765
99120.0,2309.3756693970545
99140.0,2303.8003842695425
99160.0,2297.8117359117487
99180.0,2291.3401713230865
99200.0,2284.441524943993
99220.0,2277.3333102605197
99240.0,2270.4129993537144
99260.0,2264.3014965051834
99280.0,2259.8889899738742
99300.0,2258.3250093090974
99320.0,2260.8777915514993
99340.0,2268.6042891325797
99360.0,2281.8384500726015
99380.0,2299.535469714463
99400.0,2318.5864189466256
99420.0,2333.316279805569
99440.0,2335.456319595901
99460.0,2314.9122730824647
99480.0,2261.541985857018
99500.0,2167.910685467714
99520.0,2032.674371661839
99540.0,1863.7892942919486
99560.0,1680.0440314036089
99580.0,1508.7385083846646
99600.0,1378.957382469179
99620.0,1314.198170332776
99640.0,1327.3368593936639
99660.0,1417.804158140752
99680.0,1570.936534272439
99700.0,1760.5722996757024
99720.0,1955.8710290458039
99740.0,2129.9460641809615
99760.0,2266.0402414488135
99780.0,2359.0821591328777
99800.0,2413.000979645568
99820.0,2436.3871777513464
99840.0,2438.928658070651
99860.0,2429.3603791788496
99880.0,2414.509109762578
99900.0,2399.0226934649636
99920.0,2385.581577526109
99940.0,2375.3806333727525
99960.0,2368.6604128239255
99980.0,2365.118592045366
100000.0,2364.163032576663
100020.0,2365.057109761104
100040.0,2367.009594833142
100060.0,2369.2478400547448
100080.0,2371.079913834651
100100.0,2371.9339592704487
100120.0,2371.372415174411
100140.0,2369.090609717743
100160.0,2364.919869351983
100180.0,2358.8497364943373
100200.0,2351.0314105353978
100220.0,2341.7319682319635
100240.0,2331.284878876043
100260.0,2320.062455828448
100280.0,2308.4476597994735
100300.0,2296.8286960521555
100320.0,2285.5987115140465
100340.0,2275.1137072242595
100360.0,2265.62803087737
100380.0,2257.2439550581894
100400.0,2249.9099782551616
100420.0,2243.460152869821
100440.0,2237.6558104165892
100460.0,2232.237393646804
100480.0,2227.0093478409663
100500.0,2221.958492084984
100520.0,2217.3920926650458
100540.0,2214.064181532821
100560.0,2213.2232464108547
100580.0,2216.5348497852433
100600.0,2225.798612527347
100620.0,2242.4013685727787
100640.0,2266.539708228277
100660.0,2296.3128785059926
100680.0,2326.867757385996
100700.0,2349.8892868902326
100720.0,2353.823211751486
100740.0,2325.1923997911586
100760.0,2251.201765254445
100780.0,2123.5830049499486
100800.0,1943.1191066279166
100820.0,1723.5338349335227
100840.0,1492.640157166031
100860.0,1287.919886145891
100880.0,1145.8101704781332
100900.0,1091.1642982176427
100920.0,1132.6474895492188
100940.0,1262.9247560086474
100960.0,1461.3987563365213
100980.0,1698.6065551732167
101000.0,1942.2573648472626
101020.0,2163.6736248988864
101040.0,2342.4804296092325
101060.0,2468.7610510455306
101080.0,2542.725762080334
101100.0,2572.3672974860683
101120.0,2570.123624907576
101140.0,2549.454386410885
101160.0,2522.096077963667
101180.0,2496.4868232574786
101200.0,2477.3738770040186
101220.0,2466.241776191434
101240.0,2462.1588146135346
101260.0,2462.781070071572
101280.0,2465.343875810467
101300.0,2467.504948937774
101320.0,2467.9084012651538
101340.0,2466.344989578666
101360.0,2463.517798918549
101380.0,2460.58002853949
101400.0,2458.6862920075923
101420.0,2458.6443132207337
101440.0,2460.670116914055
101460.0,2464.3566152800645
101480.0,2468.877785417784
101500.0,2473.262722705179
101520.0,2476.645499101006
101540.0,2478.476643923932
101560.0,2478.6116707480605
101580.0,2477.204379035549
101600.0,2474.5582590075064
101620.0,2471.0339831895003
101640.0,2466.9929410945615
101660.0,2462.7817423757742
101680.0,2458.7338050412645
101700.0,2455.1713529203057
101720.0,2452.3907373756447
101740.0,2450.553320826578
101760.0,2449.559096972823
101780.0,2449.0285975333363
101800.0,2448.421629253379
101820.0,2447.257128648994
101840.0,2445.30554868404
101860.0,2442.6759507405727
101880.0,2439.8012163630274
101900.0,2437.3184025108276
101920.0,2435.8560476237353
101940.0,2435.866314281653
101960.0,2437.544620428744
101980.0,2440.834061705971
102000.0,2445.487455041386
102020.0,2451.147066187394
102040.0,2457.4162749999264
102060.0,2463.9047029543385
102080.0,2470.230926291837
102100.0,2476.001923125358
102120.0,2480.8219975230986
102140.0,2484.3497616170425
102160.0,2486.366708280898
102180.0,2486.7916799088243
102200.0,2485.6488922500894
102220.0,2483.05189587694
102240.0,2479.2219458557493
102260.0,2474.52366767709
102280.0,2469.464337710794
102300.0,2464.610764317107
102320.0,2460.4558589364074
102340.0,2457.31228129809
102360.0,2455.292986305253
102380.0,2454.365063862517
102400.0,2454.411713952385
102420.0,2455.2718993632793
102440.0,2456.783761611428
102460.0,2458.8345286609547
102480.0,2461.3774763992565
102500.0,2464.3967480272263
102520.0,2467.8440921309934
102540.0,2471.6040950560246
102560.0,2475.504350554468
102580.0,2479.340035944612
102600.0,2482.911268146834
102620.0,2486.0885116669174
102640.0,2488.891350176978
102660.0,2491.5537528404607
102680.0,2494.576441014332
102700.0,2498.735435616027
102720.0,2504.9566839121644
102740.0,2514.0327493475147
102760.0,2526.303421295879
102780.0,2541.3957697938217
102800.0,2558.0309381507614
102820.0,2574.0444307784405
102840.0,2586.9090932405206
102860.0,2594.611593755856
102880.0,2596.2864689456815
102900.0,2592.3760878345197
102920.0,2584.3396026513196
102940.0,2574.0169394225395
102960.0,2563.093929776796
102980.0,2552.8711992466565
103000.0,2544.2001262105805
103020.0,2537.469476768511
103040.0,2532.665597760677
103060.0,2529.51499661947
103080.0,2527.681321411873
103100.0,2526.985393516558
103120.0,2527.6004333593323
103140.0,2530.151903935776
103160.0,2535.671534945469
103180.0,2545.3769342990245
103200.0,2560.224176001171
103220.0,2580.2073533689636
103240.0,2603.527381346845
103260.0,2625.833776029569
103280.0,2639.815462390737
103300.0,2635.4713569431897
103320.0,2601.378578459129
103340.0,2527.129105426323
103360.0,2406.798632448498
103380.0,2242.811276917043
103400.0,2048.935190965579
103420.0,1850.5137934327881
103440.0,1679.755162619357
103460.0,1567.222795699398
103480.0,1534.2932958646709
103500.0,1588.242265547417
103520.0,1719.8736258826168
103540.0,1904.54836731065
103560.0,2108.1095049472324
103580.0,2296.4723274685284
103600.0,2444.449468345647
103620.0,2540.5963925621136
103640.0,2586.6752581193277
103660.0,2593.274151106384
103680.0,2574.6440259870114
103700.0,2544.561950548039
103720.0,2513.82345653427
103740.0,2489.2910522246993
103760.0,2474.0900449402448
103780.0,2468.4307651907666
103800.0,2470.6474556493567
103820.0,2478.169476616456
103840.0,2488.2819982604988
103860.0,2498.6346481039373
103880.0,2507.4934474202237
103900.0,2513.7695709008904
103920.0,2516.9024166006375
103940.0,2516.680425831143
103960.0,2513.068195642577
103980.0,2506.0968563123315
104000.0,2495.8400682698425
104020.0,2482.4745830995907
104040.0,2466.3887455808067
104060.0,2448.2311652394505
104080.0,2428.8515638078325
104100.0,2409.199838688468
104120.0,2390.226971735633
104140.0,2372.783942180706
104160.0,2357.520343554667
104180.0,2344.7925565754767
104200.0,2334.621183389303
104220.0,2326.7050800984134
104240.0,2320.500340515283
104260.0,2315.3441763118867
104280.0,2310.581096404082
104300.0,2305.688065932023
104320.0,2300.389827878043
104340.0,2294.7629756066417
104360.0,2289.330830654304
104380.0,2285.117178756841
104400.0,2283.58530353743
104420.0,2286.3658902162415
104440.0,2294.7302601283623
104460.0,2308.8571835373605
104480.0,2327.0118532694564
104500.0,2344.8639066839287
104520.0,2355.2331592477485
104540.0,2348.557149205745
104560.0,2314.3190571149557
104580.0,2243.485002457385
104600.0,2131.7151677508014
104620.0,1982.6823735082376
104640.0,1810.2665516696907
104660.0,1637.7953971899697
104680.0,1493.036920728159
104700.0,1401.4895611291254
104720.0,1381.326143317887
104740.0,1439.9862204395397
104760.0,1571.9430491121684
104780.0,1758.2194657080483
104800.0,1969.3247826448837
104820.0,2172.5751494487104
104840.0,2340.708512182638
104860.0,2457.6849461131305
104880.0,2520.334533160555
104900.0,2536.1959988942704
104920.0,2518.9264090725205
104940.0,2483.646781828301
104960.0,2443.5803711834606
104980.0,2408.187795336267
105000.0,2382.6933897601775
105020.0,2368.63188323523
105040.0,2364.927294747124
105060.0,2369.075859067373
105080.0,2378.1567614584887
105100.0,2389.5278652659827
105120.0,2401.157874956919
105140.0,2411.6814318026145
105160.0,2420.295901624768
105180.0,2426.5937279799573
105200.0,2430.4244375061244
105220.0,2431.808381269462
105240.0,2430.849469120008
105260.0,2427.694682346638
105280.0,2422.5498359428484
105300.0,2415.70127756113
105320.0,2407.5248340062726
105340.0,2398.4843030604425
105360.0,2389.1090611572736
105380.0,2379.9557468176977
105400.0,2371.546070786527
105420.0,2364.2743950831823
105440.0,2358.332471410714
105460.0,2353.690020218389
105480.0,2350.1318103231292
105500.0,2347.3313807918553
105520.0,2344.952830890635
105540.0,2342.761038682021
105560.0,2340.7390576575935
105580.0,2339.171880620678
105600.0,2338.688938375952
105620.0,2340.2746729129162
105640.0,2345.1675422343133
105660.0,2354.5846244531217
105680.0,2369.2693181352383
105700.0,2388.8857966898277
105720.0,2411.3472153910157
105740.0,2432.2400021209132
105760.0,2444.597825103071
105780.0,2439.3228930172636
105800.0,2406.4831030313144
105820.0,2337.570981709884
105840.0,2228.5224823716926
105860.0,2082.826282346672
105880.0,1913.5605599154387
105900.0,1742.623850141393
105920.0,1595.8074648024212
105940.0,1496.4028029513406
105960.0,1460.9408031329021
105980.0,1496.8346027552539
106000.0,1600.9544074282317
106020.0,1759.0865851715273
106040.0,1947.3196131334269
106060.0,2136.8359415345003
106080.0,2301.320652409052
106100.0,2423.652996293883
106120.0,2498.9055066624214
106140.0,2532.549910765136
106160.0,2535.9150192905086
106180.0,2521.717223015991
106200.0,2500.9936127707865
106220.0,2481.599141818759
106240.0,2467.9335266511353
106260.0,2461.4600395353605
106280.0,2461.5975428373886
106300.0,2466.629754829371
106320.0,2474.4231054514894
106340.0,2482.931067284594
106360.0,2490.483976604493
106380.0,2495.902522736761
106400.0,2498.4984858286543
106420.0,2497.9860581952353
106440.0,2494.3621728212956
106460.0,2487.798842486305
106480.0,2478.5791650889287
106500.0,2467.0933076872343
106520.0,2453.8564353268366
106540.0,2439.474140430603
106560.0,2424.572349403705
106580.0,2409.7629431721643
106600.0,2395.643419074265
106620.0,2382.7739495347837
106640.0,2371.6312825804157
106660.0,2362.5446587719916
106680.0,2355.6404141061194
106700.0,2350.8322677453125
106720.0,2347.8777538036893
106740.0,2346.467744401518
106760.0,2346.305521844268
106780.0,2347.161906827209
106800.0,2348.8685337945763
106820.0,2351.2779325393985
106840.0,2354.2509429836196
106860.0,2357.6692193699373
106880.0,2361.4275084893516
106900.0,2365.4177124894422
106920.0,2369.5490154558083
106940.0,2373.783828955275
106960.0,2378.152775581577
106980.0,2382.7221989679915
107000.0,2387.5153428170806
107020.0,2392.4298231915736
107040.0,2397.207990145506
107060.0,2401.495571366898
107080.0,2404.962487935002
107100.0,2407.4708728399955
107120.0,2409.2571604249674
107140.0,2411.0527000741486
107160.0,2414.0570149195564
107180.0,2419.7366647607028
107200.0,2429.46438337773
107220.0,2444.030320747677
107240.0,2463.021389864548
107260.0,2484.1438997153477
107280.0,2502.672474620495
107300.0,2511.291443286281
107320.0,2500.6175776166915
107340.0,2460.6176721910324
107360.0,2382.9829032556463
107380.0,2264.231435817187
107400.0,2108.8426654251793
107420.0,1931.1288991196557
107440.0,1753.9416259407735
107460.0,1603.4108837474
107480.0,1502.886433526008
107500.0,1468.6956807797142
107520.0,1507.3575465373492
107540.0,1613.8764874213305
107560.0,1771.74439565061
107580.0,1956.112956993648
107600.0,2140.093094581848
107620.0,2300.9377810134283
107640.0,2424.0280011560103
107660.0,2504.2885965250985
107680.0,2544.9861718846932
107700.0,2554.8386226478046
107720.0,2544.595788458352
107740.0,2524.245605464542
107760.0,2501.4788230785116
107780.0,2481.287530330981
107800.0,2466.278312955739
107820.0,2457.229012226754
107840.0,2453.641406597495
107860.0,2454.2678082352695
107880.0,2457.5934596945635
107900.0,2462.1936777031237
107920.0,2466.9315024228586
107940.0,2471.037704347437
107960.0,2474.1016744645813
107980.0,2476.0120479064744
108000.0,2476.8913586317735
108020.0,2477.0311121569966
108040.0,2476.842392068447
108060.0,2476.7828371238634
108080.0,2477.2018003444646
108100.0,2478.136913820581
108120.0,2479.162933932056
108140.0,2479.431570157628
108160.0,2478.015009851814
108180.0,2474.401584675421
108200.0,2468.681905679983
108220.0,2461.3356321087995
108240.0,2452.945865944653
108260.0,2444.0247923853976
108280.0,2434.9332398384377
108300.0,2425.879493219752
108320.0,2416.9707763360416
108340.0,2408.267578518692
108360.0,2399.796191988674
108380.0,2391.474061016756
108400.0,2383.059572980076
108420.0,2374.2021176477097
108440.0,2364.5148950976973
108460.0,2353.6489145177097
108480.0,2341.36679979088
108500.0,2327.5990298086863
108520.0,2312.4790687036184
108540.0,2296.3552746024425
108560.0,2279.763260581942
108580.0,2263.3629406104137
108600.0,2247.8660716795794
108620.0,2233.9611354737817
108640.0,2222.2350179323357
108660.0,2213.105662139769
108680.0,2206.784734725979
108700.0,2203.24521070327
108720.0,2202.210290102267
108740.0,2203.200864474808
108760.0,2205.629976109646
108780.0,2208.899982780455
108800.0,2212.461598647273
108820.0,2215.829456136049
108840.0,2218.5662080194243
108860.0,2220.28476958878
108880.0,2220.674842913045
108900.0,2219.5179193937124
108920.0,2216.6965466933207
108940.0,2212.236572401309
108960.0,2206.414195101114
108980.0,2199.9090468648346
109000.0,2193.919923177458
109020.0,2190.1365086884334
109040.0,2190.515767355059
109060.0,2196.855135318465
109080.0,2210.1583281293774
109100.0,2229.8591067384436
109120.0,2253.032534067018
109140.0,2273.782216359436
109160.0,2283.072398382127
109180.0,2269.355415868579
109200.0,2220.3362594116124
109220.0,2125.923996439146
109240.0,1982.0270443253642
109260.0,1794.330641710477
109280.0,1580.4555201559956
109300.0,1368.2396599927306
109320.0,1188.8714408504188
109340.0,1068.7313660522773
109360.0,1024.7950196500578
109380.0,1063.1699366327284
109400.0,1178.998599569896
109420.0,1357.015255145736
109440.0,1573.3137596831152
109460.0,1799.573045072318
109480.0,2009.132241918514
109500.0,2182.0354931121738
109520.0,2307.5159490678893
109540.0,2384.19228662127
109560.0,2418.377659932753
109580.0,2421.059587344239
109600.0,2404.480113825533
109620.0,2379.445013395698
109640.0,2354.0403303234116
109660.0,2333.47806836305
109680.0,2320.4579135811964
109700.0,2315.6428085259377
109720.0,2318.1214200870663
109740.0,2325.918264529823
109760.0,2336.5673725770703
109780.0,2347.654218484741
109800.0,2357.2031681153403
109820.0,2363.853584370346
109840.0,2366.8662592109604
109860.0,2366.0428888505953
109880.0,2361.5992395085477
109900.0,2354.0295449756713
109920.0,2343.9657779031413
109940.0,2332.024735104812
109960.0,2318.7058128309245
109980.0,2304.3904454102476
110000.0,2289.3804619629823
110020.0,2273.9341489951503
110040.0,2258.289082022844
110060.0,2242.685424095362
110080.0,2227.425588067382
110100.0,2212.9350448573755
110120.0,2199.796970577419
110140.0,2188.7478381239907
110160.0,2180.602194710906
110180.0,2176.082114507291
110200.0,2175.556680076119
110220.0,2178.723292386055
110240.0,2184.290505620337
110260.0,2189.721785501438
110280.0,2191.1575394250317
110300.0,2183.6840847386316
110320.0,2162.0662035419336
110340.0,2121.9558325183652
110360.0,2061.4623716453693
110380.0,1982.6816496360982
110400.0,1892.4478417750186
110420.0,1801.4517432166904
110440.0,1721.2486739213134
110460.0,1660.5016015709691
110480.0,1623.029584587986
110500.0,1608.0459230473393
110520.0,1611.564862010685
110540.0,1628.0978441987886
110560.0,1652.1068528083645
110580.0,1678.9749740194286
110600.0,1705.4642081417
110620.0,1729.7550122325215
110640.0,1751.213847875347
110660.0,1770.0346900294505
110680.0,1786.8698141123155
110700.0,1802.522848936424
110720.0,1817.7363765686182
110740.0,1833.0749284794304
110760.0,1848.8848995389271
110780.0,1865.3050815981765
110800.0,1882.3026466878953
110820.0,1899.7161720258323
110840.0,1917.2964481089978
110860.0,1934.7446058985995
110880.0,1951.7534548734698
110900.0,1968.060412692123
110920.0,1983.5182409639924
110940.0,1998.182893209705
110960.0,2012.4069232109825
110980.0,2026.9140262597382
111000.0,2042.818694819335
111020.0,2061.5493744375594
111040.0,2084.6396724148854
111060.0,2113.376015550378
111080.0,2148.3362047007467
111100.0,2188.922686889565
111120.0,2233.0828200188057
111140.0,2277.511067733022
111160.0,2318.5745742391427
111180.0,2353.42794590111
111200.0,2380.5265802422473
111220.0,2399.5378110873326
111240.0,2410.9540987345977
111260.0,2415.65343610162
111280.0,2414.5330328775945
111300.0,2408.3228867565026
111320.0,2397.58856674282
111340.0,2382.8151986234748
111360.0,2364.4227683197646
111380.0,2342.720109179702
111400.0,2317.906467151369
111420.0,2290.080696245671
111440.0,2259.2552356528863
111460.0,2225.3880602987288
111480.0,2188.430941296196
111500.0,2148.4219973723375
111520.0,2105.6213089861108
111540.0,2060.657264272765
111560.0,2014.6093474880781
111580.0,1968.951411341226
111600.0,1925.313887095816
111620.0,1885.0500754569446
111640.0,1848.6448149311764
111660.0,1815.1175941360175
111680.0,1781.5914062365296
111700.0,1743.2048914062332
111720.0,1693.5344890122312
111740.0,1625.6929671947805
111760.0,1534.1678417328653
111780.0,1417.169596009282
111800.0,1278.8872894905664
111820.0,1130.639159361533
111840.0,989.483290645982
111860.0,873.860452582366
111880.0,798.9291822776556
111900.0,773.8996041497246
111920.0,800.9058864621622
111940.0,874.6564011977891
111960.0,982.8352930831388
111980.0,1108.0139060970723
112000.0,1231.8661774467603
112020.0,1340.0557827548805
112040.0,1424.6858739815557
112060.0,1483.9377973065368
112080.0,1520.48286135217
112100.0,1539.6452824112087
112120.0,1547.72357148921
112140.0,1550.683503431065
112160.0,1553.3091252619618
112180.0,1558.8275024661154
112200.0,1568.9364416384024
112220.0,1584.0654796701342
112240.0,1603.703034510078
112260.0,1626.7224839496132
112280.0,1651.7121160014904
112300.0,1677.2849596287683
112320.0,1702.2871639044774
112340.0,1725.9018634780055
112360.0,1747.6863905473795
112380.0,1767.553162324614
112400.0,1785.6804490574964
112420.0,1802.377519302973
112440.0,1817.9633135163199
112460.0,1832.6927207022557
112480.0,1846.7263791642167
112500.0,1860.1335115807465
112520.0,1872.9151455766375
112540.0,1885.024658837517
112560.0,1896.3810284312447
112580.0,1906.8965108780526
112600.0,1916.5147532190178
112620.0,1925.2482079387366
112640.0,1933.2002118783505
112660.0,1940.5716418749016
112680.0,1947.6327332623664
112700.0,1954.6570888065155
112720.0,1961.842004611685
112740.0,1969.2626302627882
112760.0,1976.8942138784528
112780.0,1984.6746405169295
112800.0,1992.5550397656884
112820.0,2000.5171369805794
112840.0,2008.5749868394178
112860.0,2016.7715955038257
112880.0,2025.1528415409434
112900.0,2033.7414594873571
112920.0,2042.5228793426584
112940.0,2051.432026507924
112960.0,2060.369380845619
112980.0,2069.243817860419
113000.0,2077.984636851283
113020.0,2086.522540325275
113040.0,2094.793266236572
113060.0,2102.7562115706087
113080.0,2110.4245789533934
113100.0,2117.8749590129937
113120.0,2125.2250291417035
113140.0,2132.590876683077
113160.0,2140.0451769598812
113180.0,2147.5986565556523
113200.0,2155.1784944064507
113220.0,2162.5899636169393
113240.0,2169.4916616880705
113260.0,2175.437454055263
113280.0,2179.9954849910187
113300.0,2182.911398426022
113320.0,2184.2814937542407
113340.0,2184.702085116259
113360.0,2185.3448528195468
113380.0,2187.90881958548
113400.0,2194.4064088033756
113420.0,2206.714258798964
113440.0,2225.8672490861923
113460.0,2251.1689535419014
113480.0,2279.2657275103556
113500.0,2303.4408563089137
113520.0,2313.4905386059554
113540.0,2296.558795938342
113560.0,2239.2157195845816
113580.0,2130.8292263131407
113600.0,1967.8899257147066
113620.0,1758.30939736496
113640.0,1523.9405975301822
113660.0,1298.822834817133
113680.0,1120.9684958061769
113700.0,1020.8403299313732
113720.0,1013.9626568469218
113740.0,1099.03847210491
113760.0,1259.4127355468202
113780.0,1466.6509799275955
113800.0,1686.3193355297292
113820.0,1885.8340639821959
113840.0,2041.7405861850189
113860.0,2143.6849989301345
113880.0,2193.9828165524996
113900.0,2203.6529289687332
113920.0,2187.4340025960446
113940.0,2159.781842231214
113960.0,2132.4696128617443
113980.0,2113.6234068494746
114000.0,2107.6732606740798
114020.0,2115.662823396101
114040.0,2135.539019865721
114060.0,2162.3162558724885
114080.0,2188.1996394675084
114100.0,2202.899853919039
114120.0,2194.4754291030963
114140.0,2151.025128894625
114160.0,2063.354880789479
114180.0,1928.3591085574785
114200.0,1752.2803970833636
114220.0,1552.3602115079927
114240.0,1354.7907618039676
114260.0,1188.1863682282244
114280.0,1076.6261533582444
114300.0,1035.814323324051
114320.0,1071.5656337245541
114340.0,1179.238471385802
114360.0,1343.7736064908713
114380.0,1541.1770705999845
114400.0,1742.8846357462724
114420.0,1922.4018780202828
114440.0,2061.051025364328
114460.0,2150.786000086361
114480.0,2193.776579005355
114500.0,2199.3878162883707
114520.0,2180.246697113064
114540.0,2148.9276041518865
114560.0,2115.7639649566036
114580.0,2087.7849236867696
114600.0,2068.6175101615063
114620.0,2059.0757126170347
114640.0,2058.0617619954705
114660.0,2063.470655211726
114680.0,2072.939488655431
114700.0,2084.3624062335884
114720.0,2096.1733779884016
114740.0,2107.4419858420206
114760.0,2117.8081826170483
114780.0,2127.297043685262
114800.0,2136.1179139164565
114820.0,2144.5025524323155
114840.0,2152.5921919935813
114860.0,2160.395419578824
114880.0,2167.814267515922
114900.0,2174.7216863400563
114920.0,2181.0248071309234
114940.0,2186.6778849826414
114960.0,2191.6893876394897
114980.0,2196.1255555449675
115000.0,2200.084384243593
115020.0,2203.658998849714
115040.0,2206.9163342909887
115060.0,2209.89069040591
115080.0,2212.6003578808804
115100.0,2215.070375250746
115120.0,2217.34764719663
115140.0,2219.4904980121128
115160.0,2221.550071807924
115180.0,2223.5748642593367
115200.0,2225.62215819941
115220.0,2227.764837541007
115240.0,2230.111775955057
115260.0,2232.8188430766722
115280.0,2236.071098870723
115300.0,2240.05008791433
115320.0,2244.884868938495
115340.0,2250.582709315355
115360.0,2256.9810993091655
115380.0,2263.749185651689
115400.0,2270.4407654670836
115420.0,2276.586205384961
115440.0,2281.7884670242033
115460.0,2285.787787055214
115480.0,2288.4907975598862
115500.0,2290.0179056078764
115520.0,2290.773140658198
115540.0,2291.528713854912
115560.0,2293.482709501171
115580.0,2298.2133741031553
115600.0,2307.457377606319
115620.0,2322.653557055406
115640.0,2344.266904100269
115660.0,2370.9898060961855
115680.0,2399.007084875839
115700.0,2421.548333167463
115720.0,2428.972409423311
115740.0,2409.67307408115
115760.0,2352.070484337628
115780.0,2247.701648671159
115800.0,2094.95005466042
115820.0,1902.3807931483848
115840.0,1689.9917290008725
115860.0,1486.279026763188
115880.0,1320.90575120454
115900.0,1217.5612663015404
115920.0,1190.300735404129
115940.0,1242.3573946649199
115960.0,1366.1198495250696
115980.0,1544.1008472162682
116000.0,1751.8272759428323
116020.0,1963.043617407855
116040.0,2154.897458204361
116060.0,2311.062312838535
116080.0,2422.7130459648647
116100.0,2488.208437996066
116120.0,2512.1645116730124
116140.0,2503.8719117158025
116160.0,2475.0041964789225
116180.0,2437.0697279053757
116200.0,2399.4431019174763
116220.0,2368.4527888683215
116240.0,2347.302942880762
116260.0,2336.5399249442576
116280.0,2334.818296754725
116300.0,2339.7184676101733
116320.0,2348.4603430471225
116340.0,2358.4401329819325
116360.0,2367.577470447488
116380.0,2374.4973065258855
116400.0,2378.56127057375
116420.0,2379.766674960542
116440.0,2378.56184413495
116460.0,2375.635958303744
116480.0,2371.7190588350195
116500.0,2367.425925696156
116520.0,2363.177686432512
116540.0,2359.1803840285875
116560.0,2355.4345599124813
116580.0,2351.76303937656
116600.0,2347.870219528718
116620.0,2343.41593853326
116640.0,2338.084983586479
116660.0,2331.6444649237296
116680.0,2323.9770164159495
116700.0,2315.0987096334
116720.0,2305.1717120179296
116740.0,2294.51785558585
116760.0,2283.6077969515186
116780.0,2273.0012571097295
116800.0,2263.2618655646525
116820.0,2254.879318155116
116840.0,2248.2151643603684
116860.0,2243.480005742955
116880.0,2240.7247506057715
116900.0,2239.836778533423
116920.0,2240.5741403191287
116940.0,2242.6465464278704
116960.0,2245.826964524277
116980.0,2250.010355598649
117000.0,2255.1816387758245
117020.0,2261.3634804602148
117040.0,2268.564907961676
117060.0,2276.727196566514
117080.0,2285.689396298727
117100.0,2295.181903786275
117120.0,2304.8397443999047
117140.0,2314.2123717131426
117160.0,2322.7944753057536
117180.0,2330.0830743189113
117200.0,2335.6620488531044
117220.0,2339.336937826928
117240.0,2341.301533353594
117260.0,2342.2761849011995
117280.0,2343.590177195073
117300.0,2347.1375198304318
117320.0,2355.121016446555
117340.0,2369.587718547653
117360.0,2391.759107594521
117380.0,2421.1298346441226
117400.0,2454.447184092704
117420.0,2484.8759433438345
117440.0,2501.744624273328
117460.0,2491.27498170885
117480.0,2438.648291620467
117500.0,2331.5494186528745
117520.0,2164.9018016044065
117540.0,1945.8535824664698
117560.0,1697.2123205989944
117580.0,1456.611633468712
117600.0,1268.4247161181122
117620.0,1170.061795045733
117640.0,1181.252021171879
117660.0,1300.2701263143977
117680.0,1505.3946489537195
117700.0,1760.312291117655
117720.0,2023.1174585196927
117740.0,2256.503114888753
117760.0,2435.2041657246364
117780.0,2549.1931981900807
117800.0,2602.5316774366984
117820.0,2608.7898450267544
117840.0,2585.3813935908393
117860.0,2548.855483886464
117880.0,2512.018132621943
117900.0,2482.870156429356
117920.0,2464.898080639675
117940.0,2458.116116259382
117960.0,2460.364369812734
117980.0,2468.5495937893834
118000.0,2479.5934840160367
118020.0,2490.9807780523543
118040.0,2500.93572079587
118060.0,2508.352400440647
118080.0,2512.618101087473
118100.0,2513.400144734009
118120.0,2510.49189147201
118140.0,2503.7775271046366
118160.0,2493.279573506703
118180.0,2479.2285029993823
118200.0,2462.1107907018695
118220.0,2442.6619129154637
118240.0,2421.7884204912334
118260.0,2400.4280882038415
118280.0,2379.4054636557594
118300.0,2359.3262111524687
118320.0,2340.531729999836
118340.0,2323.119421485463
118360.0,2306.999705293255
118380.0,2291.9686465408386
118400.0,2277.7793549780135
118420.0,2264.2107500305256
118440.0,2251.1229643315855
118460.0,2238.474379983157
118480.0,2226.3182376463637
118500.0,2214.7974531378536
118520.0,2204.1144751810907
118540.0,2194.4737663615497
118560.0,2186.030395395862
118580.0,2178.8605164816363
118600.0,2172.9323661829253
118620.0,2168.0945874965355
118640.0,2164.1432531887417
118660.0,2160.9935266236557
118680.0,2158.87430845608
118700.0,2158.4677148745623
118720.0,2160.9200913069167
118740.0,2167.689322211544
118760.0,2180.2175761165927
118780.0,2199.412861017137
118800.0,2224.970266315489
118820.0,2254.603196174978
118840.0,2283.350532365209
118860.0,2303.2646524485667
118880.0,2303.854618942138
118900.0,2273.5621385668423
118920.0,2202.371079549057
118940.0,2085.3597579083407
118960.0,1926.4705816444098
118980.0,1741.145401141802
119000.0,1555.8966335789303
119020.0,1402.9740524557076
119040.0,1311.4784906959526
119060.0,1300.0294168830146
119080.0,1372.968912468378
119100.0,1519.459135721565
119120.0,1715.535274599586
119140.0,1929.736847778108
119160.0,2130.872211761241
119180.0,2294.755931580135
119200.0,2408.2484148982517
119220.0,2470.0093326542915
119240.0,2488.0110906136283
119260.0,2475.2846135893515
119280.0,2445.8995331439937
119300.0,2412.0548641579417
119320.0,2382.440627283337
119340.0,2361.7997564225725
119360.0,2351.3694067817273
119380.0,2349.8327060633
119400.0,2354.4363446311063
119420.0,2361.994167620872
119440.0,2369.5964029625165
119460.0,2374.9879731311376
119480.0,2376.6803845079608
119500.0,2373.8957839229124
119520.0,2366.4322289864804
119540.0,2354.5187807312004
119560.0,2338.6852837884608
119580.0,2319.666315180052
119600.0,2298.3516204929265
119620.0,2275.7441941498046
119640.0,2252.885805949355
119660.0,2230.7450279372133
119680.0,2210.101804009237
119700.0,2191.469414959148
119720.0,2175.098532397117
119740.0,2161.0566335358108
119760.0,2149.32794603228
119780.0,2139.903677397381
119800.0,2132.8166047339478
119820.0,2128.114981562896
119840.0,2125.796182996456
119860.0,2125.7512216742975
119880.0,2127.7590538924123
119900.0,2131.502705545975
119920.0,2136.5524250154263
119940.0,2142.34104530056
119960.0,2148.1982999458455
119980.0,2153.4655035833075
120000.0,2157.6569879095323
120020.0,2160.6330036352288
120040.0,2162.725391005535
120060.0,2164.7628534368664
120080.0,2168.0182289302
120100.0,2174.0788108426595
120120.0,2184.5591870975786
120140.0,2200.5936212253628
120160.0,2222.149457008058
120180.0,2247.306215198488
120200.0,2271.706680782953
120220.0,2288.401441334844
120240.0,2288.2784917725644
120260.0,2261.2673686510693
120280.0,2198.4330921821893
120300.0,2094.866233004152
120320.0,1952.858574386098
120340.0,1784.2691255839873
120360.0,1610.3799047861517
120380.0,1457.7752410347716
120400.0,1351.9435072322162
120420.0,1312.0537883587876
120440.0,1347.4244049915762
120460.0,1455.2458858714815
120480.0,1620.0192585959132
120500.0,1816.1429876640668
120520.0,2014.176760798915
120540.0,2188.1093505138624
120560.0,2320.7042559352917
120580.0,2405.700712208612
120600.0,2446.6533802655804
120620.0,2453.348833954243
120640.0,2437.8601416226816
120660.0,2411.6505409843803
120680.0,2383.901297936741
120700.0,2360.772534090754
120720.0,2345.36257672167
120740.0,2338.2186238879585
120760.0,2338.151756238169
120780.0,2343.0989587111753
120800.0,2350.8499004313376
120820.0,2359.519339752462
120840.0,2367.7765949067093
120860.0,2374.8813949903038
120880.0,2380.5672612947646
120900.0,2384.8671995393915
120920.0,2387.9596207028526
120940.0,2390.0487274408965
120960.0,2391.3069449329855
120980.0,2391.8845817977194
121000.0,2391.9361955260174
121020.0,2391.6305916014135
121040.0,2391.157125569369
121060.0,2390.7182349572313
121080.0,2390.4683433192226
121100.0,2390.440962764192
121120.0,2390.5382085699885
121140.0,2390.5649286293237
121160.0,2390.3009471096034
121180.0,2389.6079420619253
121200.0,2388.4894220338792
121220.0,2387.07666768951
121240.0,2385.5621687729736
121260.0,2384.1083101449162
121280.0,2382.798650911055
121300.0,2381.6513274285558
121320.0,2380.668766937775
121340.0,2379.8752728710874
121360.0,2379.341131647567
121380.0,2379.1844174639036
121400.0,2379.5146415683266
121420.0,2380.332926445809
121440.0,2381.46718600018
121460.0,2382.5755016777352
121480.0,2383.2239285422784
121500.0,2382.9953396086376
121520.0,2381.6008624181873
121540.0,2379.000674077063
121560.0,2375.547676210383
121580.0,2372.102504376624
121600.0,2370.022504041897
121620.0,2370.9249480006933
121640.0,2376.181559190082
121660.0,2386.1284801243255
121680.0,2399.096038545965
121700.0,2410.6559818770993
121720.0,2413.561732468452
121740.0,2398.5666943286615
121760.0,2356.1390984103805
121780.0,2278.979027148625
121800.0,2164.980244437522
121820.0,2019.8645272709734
121840.0,1858.154625899027
121860.0,1700.544627868525
121880.0,1567.2344427249225
121900.0,1471.511011479043
121920.0,1417.5309525580853
121940.0,1401.5901244906697
121960.0,1414.979322692859
121980.0,1447.0657844842601
122000.0,1487.8336058876525
122020.0,1529.5818470174554
122040.0,1567.7834760799456
122060.0,1601.2579136549264
122080.0,1631.8387416218618
122100.0,1663.674570456585
122120.0,1702.2370738348993
122140.0,1753.0729585279842
122160.0,1820.3623163256693
122180.0,1905.4547197062736
122200.0,2005.747029331456
122220.0,2114.5135087930325
122240.0,2222.3037977498916
122260.0,2319.4532443453018
122280.0,2398.296501805806
122300.0,2454.4055927366353
122320.0,2486.9100379324796
122340.0,2498.2937349624326
122360.0,2493.777137058287
122380.0,2480.0596470112655
122400.0,2463.6959836122574
122420.0,2449.7026723625067
122440.0,2440.8371006190346
122460.0,2437.6544475638493
122480.0,2439.0775277856
122500.0,2443.150029213357
122520.0,2447.6932205053654
122540.0,2450.728691722139
122560.0,2450.676026700308
122580.0,2446.3897613010063
122600.0,2437.0993322641634
122620.0,2422.330377100805
122640.0,2401.8615132087316
122660.0,2375.7241466250316
122680.0,2344.214057701724
122700.0,2307.9038718420497
122720.0,2267.64747031771
122740.0,2224.5334216815686
122760.0,2179.7767439760114
122780.0,2134.5896064843505
122800.0,2090.0694090854226
122820.0,2047.1241486520084
122840.0,2006.4409913964678
122860.0,1968.4671046049662
122880.0,1933.4141289804513
122900.0,1901.2927071538302
122920.0,1871.951859949272
122940.0,1845.1200442696104
122960.0,1820.4663307006492
122980.0,1797.674931446783
123000.0,1776.5255596035756
123020.0,1756.9560113656469
123040.0,1739.064831682795
123060.0,1723.0612888369458
123080.0,1709.1990399694976
123100.0,1697.7134219007444
123120.0,1688.770789079889
123140.0,1682.4608140755386
123160.0,1678.806947206846
123180.0,1677.7660260494881
123200.0,1679.2422984667398
123220.0,1683.1079336477553
123240.0,1689.2246884635813
123260.0,1697.4233872088703
123280.0,1707.441630205599
123300.0,1718.8912129599817
123320.0,1731.2825682587777
123340.0,1744.098571248253
123360.0,1756.9021887520757
123380.0,1769.4672679954588
123400.0,1781.9043362379532
123420.0,1794.7556365559042
123440.0,1809.0174954022518
123460.0,1826.0596306818043
123480.0,1847.389474599339
123500.0,1874.212420468227
123520.0,1906.7925972119897
123540.0,1943.7092108998083
123560.0,1981.170141671372
123580.0,2012.5998805936913
123600.0,2028.7962271562378
123620.0,2019.0080629749598
123640.0,1973.1458901981725
123660.0,1884.9934407333337
123680.0,1755.8966316717397
123700.0,1597.8637234446128
123720.0,1434.3445663352074
123740.0,1296.4824525222366
123760.0,1214.3108289469035
123780.0,1207.4362707692237
123800.0,1279.8763662480856
123820.0,1419.5048488850848
123840.0,1601.8559544407224
123860.0,1797.2874674679692
123880.0,1978.3094180961252
123900.0,2124.7407436402013
123920.0,2226.095913809175
123940.0,2281.348825171624
123960.0,2296.9435187088225
123980.0,2284.0154053897845
124000.0,2255.357614830963
124020.0,2222.655911053965
124040.0,2194.598191249672
124060.0,2176.0680901508813
124080.0,2168.3159219395907
124100.0,2169.8612888683106
124120.0,2177.754299243185
124140.0,2188.7899585381565
124160.0,2200.3498619570228
124180.0,2210.756217194092
124200.0,2219.2333493752594
124220.0,2225.6333173392677
124240.0,2230.0852881790015
124260.0,2232.7507484886405
124280.0,2233.7010883625485
124300.0,2232.8541602124724
124320.0,2229.977622844134
124340.0,2224.7520725212644
124360.0,2216.895368524996
124380.0,2206.3159777115275
124400.0,2193.2128669967883
124420.0,2178.062510416596
124440.0,2161.5466588996014
124460.0,2144.452276529372
124480.0,2127.543945276941
124500.0,2111.4428947725655
124520.0,2096.5554767062067
124540.0,2083.0599930824455
124560.0,2070.9393484134025
124580.0,2060.0249298196827
124600.0,2050.053815426792
124620.0,2040.772628280129
124640.0,2032.0578742172772
124660.0,2023.9923522943143
124680.0,2016.8982478322741
124700.0,2011.359911558239
124720.0,2008.2449353567795
124740.0,2008.6563377737791
124760.0,2013.7628402617647
124780.0,2024.468503006406
124800.0,2040.908704987493
124820.0,2061.828532234626
124840.0,2083.9705978111897
124860.0,2101.675495169765
124880.0,2106.9845071377263
124900.0,2090.5286444040767
124920.0,2043.364153431905
124940.0,1959.6895946849522
124960.0,1839.9931842312544
124980.0,1693.6825495303146
125000.0,1539.6981846398699
125020.0,1403.4034910530715
125040.0,1310.299530581573
125060.0,1279.9658103927272
125080.0,1321.665310489108
125100.0,1431.5863246374297
125120.0,1592.4059729485168
125140.0,1776.738384681792
125160.0,1954.7797071355726
125180.0,2102.7530690487856
125200.0,2208.179089664269
125220.0,2270.192537695985
125240.0,2296.2156803489133
125260.0,2297.5877849563944
125280.0,2285.8424883473317
125300.0,2270.344751202402
125320.0,2257.293583597495
125340.0,2249.762544466482
125360.0,2248.361905055347
125380.0,2252.1261051220085
125400.0,2259.3637533370015
125420.0,2268.296917144121
125440.0,2277.4173844755496
125460.0,2285.6077665738376
125480.0,2292.125811085172
125500.0,2296.5126722750038
125520.0,2298.4838041039925
125540.0,2297.863668102837
125560.0,2294.5661097988473
125580.0,2288.6623300198394
125600.0,2280.54830122864
125620.0,2271.124654968335
125640.0,2261.8662024343353
125660.0,2254.687743383703
125680.0,2251.583762778321
125700.0,2254.0710161047987
125720.0,2262.4721144442346
125740.0,2275.1147262110044
125760.0,2287.6779260900257
125780.0,2292.9591241018534
125800.0,2281.317021435806
125820.0,2242.0507082385857
125840.0,2165.815285707758
125860.0,2047.864719141183
125880.0,1891.5005770864525
125900.0,1710.4644881692293
125920.0,1528.4091431955824
125940.0,1373.978046389271
125960.0,1273.5015453950487
125980.0,1245.2585895128884
126000.0,1295.9363697782264
126020.0,1418.8121485612699
126040.0,1594.1461034914619
126060.0,1793.1499355273106
126080.0,1985.3615673066954
126100.0,2146.1841749240143
126120.0,2261.740531505318
126140.0,2329.7917137093514
126160.0,2357.170311504042
126180.0,2355.6551714491193
126200.0,2338.094453195631
126220.0,2315.610649665477
126240.0,2296.113238341626
126260.0,2283.9762280879363
126280.0,2280.5111773174226
126300.0,2284.839406941062
126320.0,2294.8751587920697
126340.0,2308.1921589142376
126360.0,2322.620555250079
126380.0,2336.5468150297756
126400.0,2348.97541990873
126420.0,2359.452965045749
126440.0,2367.9218703369306
126460.0,2374.571245234015
126480.0,2379.713889259282
126500.0,2383.6725455190162
126520.0,2386.673824156912
126540.0,2388.770298851776
126560.0,2389.8320090749157
126580.0,2389.611668879978
126600.0,2387.8577356570468
126620.0,2384.4477555844032
126640.0,2379.5046927635963
126660.0,2373.467022232173
126680.0,2367.116452052895
126700.0,2361.572413486684
126720.0,2358.2393605822317
126740.0,2358.6127942991166
126760.0,2363.8699355695203
126780.0,2374.2239474694775
126800.0,2388.127502446906
126820.0,2401.5487133646175
126840.0,2407.6161301637753
126860.0,2396.9570400237963
126880.0,2358.9788168168316
126900.0,2284.179652609444
126920.0,2167.329826926644
126940.0,2010.9909011000898
126960.0,1828.2609168753438
126980.0,1642.9941965715966
127000.0,1485.4691387083728
127020.0,1384.3025171738423
127040.0,1359.2463746253009
127060.0,1416.825546590148
127080.0,1548.5426878659785
127100.0,1732.1170782587335
127120.0,1936.7878740044787
127140.0,2131.251519381397
127160.0,2290.7099250628426
127180.0,2401.2547562312475
127200.0,2460.7605782365945
127220.0,2476.549293786949
127240.0,2461.2945224663226
127260.0,2428.9219443173297
127280.0,2391.678484113595
127300.0,2358.465674615235
127320.0,2334.308862821916
127340.0,2320.7643307113985
127360.0,2316.8755959992723
127380.0,2320.265811341709
127400.0,2328.0756188409964
127420.0,2337.6130226768028
127440.0,2346.7114115035156
127460.0,2353.852433201559
127480.0,2358.134475451137
127500.0,2359.1641258735604
127520.0,2356.9033267712675
127540.0,2351.506067480488
127560.0,2343.2035393902906
127580.0,2332.261368627316
127600.0,2319.0063992348973
127620.0,2303.8802955670017
127640.0,2287.4692123994528
127660.0,2270.4828049034986
127680.0,2253.708382233118
127700.0,2237.9484829142757
127720.0,2223.9233548823286
127740.0,2212.1911050580047
127760.0,2203.1047077369903
127780.0,2196.779973765026
127800.0,2193.092141131058
127820.0,2191.718648179799
127840.0,2192.194091831476
127860.0,2193.9714324437264
127880.0,2196.4952496071364
127900.0,2199.269776806597
127920.0,2201.9028685032636
127940.0,2204.1384545680667
127960.0,2205.906091384707
127980.0,2207.37734890903
128000.0,2208.993579166162
128020.0,2211.4263153105067
128040.0,2215.449623778448
128060.0,2221.7086328449477
128080.0,2230.4146204738563
128100.0,2241.086174728668
128120.0,2252.43048576879
128140.0,2262.3163708796355
128160.0,2267.8428294793275
128180.0,2265.5687977357884
128200.0,2251.978896346132
128220.0,2224.210654378026
128240.0,2180.94759214851
128260.0,2123.2633801308543
128280.0,2055.0155239025867
128300.0,1982.4907996843758
128320.0,1913.815950359801
128340.0,1858.380307647046
128360.0,1825.3775743445342
128380.0,1821.2545693356544
128400.0,1847.5475090499845
128420.0,1900.7622835695122
128440.0,1973.9804085673295
128460.0,2058.556411340795
128480.0,2145.1675306479224
128500.0,2224.8494036040165
128520.0,2290.57770619069
128540.0,2338.8468418257135
128560.0,2370.06523014707
128580.0,2387.485729775278
128600.0,2395.585571272122
128620.0,2398.6541537236662
128640.0,2399.9402743212177
128660.0,2401.4372925427933
128680.0,2404.068516591583
128700.0,2408.000371648751
128720.0,2412.9231980720606
128740.0,2418.2655930645055
128760.0,2423.370936959616
128780.0,2427.6235865682133
128800.0,2430.512471779142
128820.0,2431.6328019796556
128840.0,2430.6481488800637
128860.0,2427.2268391765524
128880.0,2421.0070258542673
128900.0,2411.616501587941
128920.0,2398.7234613424616
128940.0,2382.1096869183566
128960.0,2361.758669941012
128980.0,2337.953384609126
129000.0,2311.318288240622
129020.0,2282.7653169589794
129040.0,2253.350229479537
129060.0,2224.0848877555172
129080.0,2195.7904128620526
129100.0,2169.0492968404637
129120.0,2144.2226014056687
129140.0,2121.483162973943
129160.0,2100.8448093772486
129180.0,2082.1859468447155
129200.0,2065.2806159284874
129220.0,2049.853814538383
129240.0,2035.6489320836888
129260.0,2022.4906911713729
129280.0,2010.3341790231702
129300.0,1999.275312174185
129320.0,1989.5019197982201
129340.0,1981.2139333048508
129360.0,1974.5675145679495
129380.0,1969.6599949474864
129400.0,1966.5278293968192
129420.0,1965.1636717115402
129440.0,1965.5449140269961
129460.0,1967.649883875122
129480.0,1971.4671590492046
129500.0,1976.9926187499852
129520.0,1984.2204365092098
129540.0,1993.1453514664652
129560.0,2003.7866512573648
129580.0,2016.2052618009989
129600.0,2030.4942424862306
129620.0,2046.7253266853272
129640.0,2064.8599370905135
129660.0,2084.6591444506366
129680.0,2105.615564908281
129700.0,2126.959974045621
129720.0,2147.770171513877
129740.0,2167.1862125507473
129760.0,2184.6286817738755
129780.0,2199.8602426237567
129800.0,2212.9157651417795
129820.0,2223.994884430792
129840.0,2233.345313187275
129860.0,2241.1472169138037
129880.0,2247.445385740729
129900.0,2252.1328096749185
129920.0,2254.98511258925
129940.0,2255.7823973912596
129960.0,2254.4952175270105
129980.0,2251.4746584861323
130000.0,2247.5562921065634
130020.0,2243.9843537577294
130040.0,2242.220608873542
130060.0,2243.7821709737946
130080.0,2250.0958843791227
130100.0,2262.2418648044472
130120.0,2280.4969475818266
130140.0,2303.677667728757
130160.0,2328.4313195323857
130180.0,2348.725419080755
130200.0,2355.8075746917284
130220.0,2338.921207591109
130240.0,2287.0247652052676
130260.0,2191.5829561966725
130280.0,2050.2158477881007
130300.0,1870.4442199410526
130320.0,1672.096177941767
130340.0,1486.3428713651438
130360.0,1349.0500192974828
130380.0,1288.8484217943271
130400.0,1317.3050619481103
130420.0,1426.6679911074666
130440.0,1593.496501388551
130460.0,1785.5272097285433
130480.0,1970.123763740161
130500.0,2122.4379974405324
130520.0,2230.2438843003847
130540.0,2293.540896704453
130560.0,2320.5446724052335
130580.0,2323.0322764870803
130600.0,2312.6746888803236
130620.0,2298.8112019840373
130640.0,2287.5638625058937
130660.0,2281.9327429420646
130680.0,2282.4416185412792
130700.0,2288.0005902367766
130720.0,2296.7488112140495
130740.0,2306.726048137356
130760.0,2316.3152156356236
130780.0,2324.4671604839755
130800.0,2330.749026757747
130820.0,2335.2451453000767
130840.0,2338.342531240647
130860.0,2340.4835238731844
130880.0,2341.994628671273
130900.0,2343.0349483431464
130920.0,2343.6148375424214
130940.0,2343.6132457722642
130960.0,2342.782734704905
130980.0,2340.7733869893495
131000.0,2337.220244825269
131020.0,2331.9228234304856
131040.0,2325.016328352608
131060.0,2317.0134075623723
131080.0,2308.738869295873
131100.0,2301.218975454376
131120.0,2295.5718679274128
131140.0,2292.91073541012
131160.0,2294.221040006688
131180.0,2300.1429641185377
131200.0,2310.6107519754014
131220.0,2324.4130814007026
131240.0,2338.798544220101
131260.0,2349.231851025458
131280.0,2349.455414623729
131300.0,2332.0628435627505
131320.0,2289.7429408908492
131340.0,2217.172472701461
131360.0,2113.266484325969
131380.0,1983.1440469382883
131400.0,1838.7074579567234
131420.0,1696.5255909681405
131440.0,1572.7226525629715
131460.0,1477.904617946126
131480.0,1415.32648401481
131500.0,1381.8682775761295
131520.0,1370.3440785114883
131540.0,1372.073651512222
131560.0,1379.099572151629
131580.0,1385.78075719684
131600.0,1389.7102395447573
131620.0,1392.000002319887
131640.0,1396.9833441990436
131660.0,1411.355213921519
131680.0,1442.757653488155
131700.0,1497.8706339300466
131720.0,1580.2240177132178
131740.0,1688.2174041382436
131760.0,1814.1939593126663
131780.0,1945.5566398632013
131800.0,2067.9828979278877
131820.0,2169.438720617647
131840.0,2243.2822976502825
131860.0,2289.1521773646896
131880.0,2311.7123780266866
131900.0,2318.2675082075666
131920.0,2316.367030562246
131940.0,2312.1647978240558
131960.0,2309.7125769977856
131980.0,2310.967563486026
132000.0,2316.2052308000434
132020.0,2324.5470771067976
132040.0,2334.435905680398
132060.0,2344.0096883289766
132080.0,2351.391805011358
132100.0,2354.9230351341616
132120.0,2353.316375888363
132140.0,2345.707735670192
132160.0,2331.6382569546795
132180.0,2311.064168554932
132200.0,2284.3938645003327
132220.0,2252.4825348998606
132240.0,2216.5662949411067
132260.0,2178.143804716971
132280.0,2138.8263605811244
132300.0,2100.2173356690732
132320.0,2063.8343638489555
132340.0,2031.0127942465708
132360.0,2002.7712892477198
132380.0,1979.671670727359
132400.0,1961.750141976346
132420.0,1948.5796376521128
132440.0,1939.4289876911294
132460.0,1933.4337082332186
132480.0,1929.7488436766384
132500.0,1927.682749145369
132520.0,1926.793140575634
132540.0,1926.9481542412727
132560.0,1928.3621329475427
132580.0,1931.6020597707914
132600.0,1937.5406233957733
132620.0,1947.2208377087602
132640.0,1961.589061485503
132660.0,1981.0725140319355
132680.0,2005.0338507549518
132700.0,2031.2279581723044
132720.0,2055.393014117474
132740.0,2071.1603454465926
132760.0,2070.5191912931155
132780.0,2045.0403069247616
132800.0,1987.9694975446605
132820.0,1897.0339137599026
132840.0,1777.3052841816348
132860.0,1642.8851643148835
132880.0,1515.7239338931395
132900.0,1420.493847227038
132920.0,1377.8342794715766
132940.0,1399.3024937529353
132960.0,1484.5387670225423
132980.0,1620.6367790345903
133000.0,1784.5534176726455
133020.0,1949.2062536937458
133040.0,2090.974202967713
133060.0,2195.2538778496164
133080.0,2258.4123441773995
133100.0,2285.8248948148857
133120.0,2287.693607573122
133140.0,2274.8775880081134
133160.0,2255.925813157485
133180.0,2235.68436805964
133200.0,2215.3448350162107
133220.0,2193.5640214689706
133240.0,2168.1792511373824
133260.0,2138.011292983535
133280.0,2104.2633366913997
133300.0,2071.029151153481
133320.0,2044.405314035174
133340.0,2030.09638542096
133360.0,2031.3322820116537
133380.0,2048.6602246769844
133400.0,2080.470510899325
133420.0,2123.005240750056
133440.0,2170.532707650882
133460.0,2216.6000199361247
133480.0,2255.6651971095116
133500.0,2284.063962593517
133520.0,2300.234772128467
133540.0,2304.6126314777607
133560.0,2299.3716847620603
133580.0,2287.8682967219806
133600.0,2273.731321849296
133620.0,2259.9182137275975
133640.0,2248.2082872354754
133660.0,2239.2890924152207
133680.0,2233.142250015432
133700.0,2229.4365448400094
133720.0,2227.847178443252
133740.0,2228.272318133222
133760.0,2230.931230233954
133780.0,2236.3435250595785
133800.0,2245.210313696877
133820.0,2258.1863227336494
133840.0,2275.50494157604
133860.0,2296.494656708143
133880.0,2319.0768667407897
133900.0,2339.3700315177193
133920.0,2351.577828917774
133940.0,2348.3581502386014
133960.0,2321.8805158905107
133980.0,2265.6396934101117
134000.0,2176.860710152047
134020.0,2059.0705541810735
134040.0,1924.0462362968228
134060.0,1791.7587223307414
134080.0,1686.6484603427955
134100.0,1630.2854298707794
134120.0,1633.9510238449018
134140.0,1694.8464579403856
134160.0,1797.7786937759709
134180.0,1920.8888504621245
134200.0,2041.9389410244935
134220.0,2143.4001230561616
134240.0,2215.6499978838465
134260.0,2257.504142177703
134280.0,2274.140408881168
134300.0,2273.91400293014
134320.0,2265.454537625821
134340.0,2255.7424653733187
134360.0,2249.288114511462
134380.0,2248.1660776505114
134400.0,2252.553745548459
134420.0,2261.4621241672908
134440.0,2273.4243347361553
134460.0,2286.9968728952317
134480.0,2301.0476724859104
134500.0,2314.849105908951
134520.0,2328.004743363653
134540.0,2340.287201577511
134560.0,2351.5118300801596
134580.0,2361.4766424480067
134600.0,2369.941186211593
134620.0,2376.6928353946178
134640.0,2381.6857763355843
134660.0,2385.166189758608
134680.0,2387.7338829436694
134700.0,2390.3278261172118
134720.0,2394.1084919960426
134740.0,2400.2167405535183
134760.0,2409.4060651606296
134780.0,2421.549669345165
134800.0,2435.089153864374
134820.0,2446.581387127149
134840.0,2450.557546153539
134860.0,2439.853998018524
134880.0,2406.549204646536
134900.0,2343.5502744954583
134920.0,2246.643824258422
134940.0,2116.547150195267
134960.0,1960.1239390649316
134980.0,1789.5025715309876
135000.0,1618.5555553808183
135020.0,1459.0333875092042
135040.0,1318.785955364809
135060.0,1201.9105483320661
135080.0,1109.8939271987797
135100.0,1043.0563924609428
135120.0,1001.9558815503015
135140.0,988.5634829077413
135160.0,1006.6990340001987
135180.0,1061.2105384007668
135200.0,1156.0065347973994
135220.0,1291.422324408392
135240.0,1461.853498130531
135260.0,1655.2437032822618
135280.0,1854.911152371531
135300.0,2042.503500403202
135320.0,2201.635403963536
135340.0,2321.663718321003
135360.0,2399.977491065616
135380.0,2441.331372537919
135400.0,2454.9401869536478
135420.0,2451.2801867934295
135440.0,2439.7224276855163
135460.0,2427.24459195908
135480.0,2418.071375477129
135500.0,2413.942300098689
135520.0,2414.7017831362205
135540.0,2418.977502119344
135560.0,2424.8044118942294
135580.0,2430.1146179805173
135600.0,2433.0345264484513
135620.0,2432.008410064335
135640.0,2425.8353358106206
135660.0,2413.6904877402776
135680.0,2395.1579297054714
135700.0,2370.2353307002004
135720.0,2339.28069957153
135740.0,2302.938318008083
135760.0,2262.081631350245
135780.0,2217.7738384328723
135800.0,2171.2370235815024
135820.0,2123.827241886781
135840.0,2076.9876946898544
135860.0,2032.1486112855412
135880.0,1990.5945499830523
135900.0,1953.3490837020806
135920.0,1921.1008540961382
135940.0,1894.1566806992935
135960.0,1872.4226801197522
135980.0,1855.4411493799967
136000.0,1842.4841887703976
136020.0,1832.689728492036
136040.0,1825.2333297450684
136060.0,1819.5087198940778
136080.0,1815.1754358738206
136100.0,1812.0663685666345
136120.0,1810.0656922041858
136140.0,1809.0127881611547
136160.0,1808.6491545585918
136180.0,1808.6227872500665
136200.0,1808.5588399907538
136220.0,1808.1754204925164
136240.0,1807.4043619833421
136260.0,1806.497439663716
136280.0,1806.113112382147
136300.0,1807.3543410707978
136320.0,1811.721802024706
136340.0,1820.9557009888772
136360.0,1836.7090017075782
136380.0,1860.003259096784
136400.0,1890.5230338749407
136420.0,1925.9228623423223
136440.0,1961.3099655564486
136460.0,1989.0433930214754
136480.0,1999.067218336811
136500.0,1980.1196167087735
136520.0,1922.0504014912124
136540.0,1819.1376832107194
136560.0,1673.7478413903452
136580.0,1499.0720774822694
136600.0,1319.1287471365413
136620.0,1164.2114015004584
136640.0,1062.5727029767952
136660.0,1033.2861529891325
136680.0,1082.82700485124
136700.0,1204.4699023488138
136720.0,1379.9056937382054
136740.0,1583.4184783429998
136760.0,1788.001327667278
136780.0,1970.773980886289
136800.0,2116.2778728694498
136820.0,2217.616083127631
136840.0,2275.7522714044344
136860.0,2297.46333041493
136880.0,2292.6687427837496
136900.0,2271.9326988194784
136920.0,2244.573350238944
136940.0,2217.5573091789934
136960.0,2195.220237325885
136980.0,2179.540720097364
137000.0,2170.700159534362
137020.0,2167.695627642301
137040.0,2168.8809824170016
137060.0,2172.393245133111
137080.0,2176.463902688087
137100.0,2179.6200814356243
137120.0,2180.798102155
137140.0,2179.3773611477577
137160.0,2175.1718684250986
137180.0,2168.4298112780543
137200.0,2159.851211815409
137220.0,2150.614164337982
137240.0,2142.3392319282916
137260.0,2136.935643130872
137280.0,2136.2913662323926
137300.0,2141.77699090385
137320.0,2153.602549322234
137340.0,2170.1301932960273
137360.0,2187.2735664331735
137380.0,2198.2026456046087
137400.0,2193.624393814023
137420.0,2162.8810438068454
137440.0,2096.0206750569287
137460.0,1986.788827663006
137480.0,1836.101855096384
137500.0,1654.9456618168783
137520.0,1464.8443543793658
137540.0,1293.9284479510372
137560.0,1169.315083723995
137580.0,1110.418109379255
137600.0,1125.6346346902549
137620.0,1211.5166307253717
137640.0,1353.6978955694017
137660.0,1529.90021455867
137680.0,1715.2837112735585
137700.0,1888.063864214124
137720.0,2033.0247034005054
137740.0,2142.444711164462
137760.0,2215.2251326565665
137780.0,2255.373905315556
137800.0,2270.3227558065214
137820.0,2268.9188553427143
137840.0,2259.4394071987667
137860.0,2248.391398339218
137880.0,2240.049473522916
137900.0,2236.436657538172
137920.0,2237.628640123418
137940.0,2242.3417204407174
137960.0,2248.7608865283596
137980.0,2255.3589878403664
138000.0,2261.2549356634822
138020.0,2266.143384972909
138040.0,2270.0872901620673
138060.0,2273.324155903266
138080.0,2276.1350940165735
138100.0,2278.7584155622462
138120.0,2281.336295876258
138140.0,2283.89758253743
138160.0,2286.369281215018
138180.0,2288.604536766309
138200.0,2290.4201337177
138220.0,2291.643786771362
138240.0,2292.1667963579066
138260.0,2291.974392921461
138280.0,2291.139986651443
138300.0,2289.800798319133
138320.0,2288.1304782385255
138340.0,2286.304445758836
138360.0,2284.4568501168123
138380.0,2282.634631141812
138400.0,2280.7798434415627
138420.0,2278.7539311686614
138440.0,2276.403430278744
138460.0,2273.6499128382393
138480.0,2270.5623653986354
138500.0,2267.3603628170895
138520.0,2264.343512637873
138540.0,2261.783775209081
138560.0,2259.843798176516
138580.0,2258.564119264399
138600.0,2257.9254496702674
138620.0,2257.938755703965
138640.0,2258.6977471586897
138660.0,2260.379563266585
138680.0,2263.2369660740956
138700.0,2267.567807647912
138720.0,2273.6364156126547
138740.0,2281.5462839408588
138760.0,2291.0765323055907
138780.0,2301.5135804726297
138800.0,2311.53214602354
138820.0,2319.2147118401276
138840.0,2322.29999057679
138860.0,2318.670372674046
138880.0,2306.958096386234
138900.0,2287.0557048877445
138920.0,2260.2868310198432
138940.0,2229.243685543034
138960.0,2197.651101991125
138980.0,2170.134415883644
139000.0,2151.5622160182297
139020.0,2145.9401521408736
139040.0,2155.075408375387
139060.0,2177.732074324881
139080.0,2210.0566305826283
139100.0,2246.957798819015
139120.0,2283.493291880409
139140.0,2315.848950437443
139160.0,2341.8377668333737
139180.0,2360.896235636654
139200.0,2373.769088621405
139220.0,2382.057230430725
139240.0,2387.6505800298355
139260.0,2392.192060123062
139280.0,2396.76610048342
139300.0,2401.83078700107
139320.0,2407.3327133949583
139340.0,2412.9300425942197
139360.0,2418.2507766946906
139380.0,2423.1293495236514
139400.0,2427.7760757000833
139420.0,2432.8243818129467
139440.0,2439.219982614145
139460.0,2447.979227748071
139480.0,2459.818934340691
139500.0,2474.6219226735857
139520.0,2490.7838707271935
139540.0,2504.5893118883146
139560.0,2509.8645555184225
139580.0,2498.190903882625
139600.0,2459.8895140768627
139620.0,2385.9017856252412
139640.0,2270.558569646916
139660.0,2114.980606018523
139680.0,1930.2636341299535
139700.0,1738.861781916572
139720.0,1572.054726604443
139740.0,1461.9071934945027
139760.0,1430.232510032432
139780.0,1481.2286988081025
139800.0,1600.7990620890123
139820.0,1761.7430439490636
139840.0,1932.497603598668
139860.0,2085.68260314734
139880.0,2203.6067759906687
139900.0,2279.7753383081376
139920.0,2317.102455991404
139940.0,2324.4649162200567
139960.0,2313.1811835863323
139980.0,2294.1481047804873
140000.0,2275.927285541734
140020.0,2263.9119070418565
140040.0,2260.389635183646
140060.0,2265.165995422555
140080.0,2276.4066965297156
140100.0,2291.4781208239065
140120.0,2307.6565274841896
140140.0,2322.6384758784884
140160.0,2334.862814883002
140180.0,2343.677614624174
140200.0,2349.384421133629
140220.0,2353.1535535793982
140240.0,2356.789511331204
140260.0,2362.3550482373566
140280.0,2371.6461409548942
140300.0,2385.513100550572
140320.0,2403.079368789314
140340.0,2420.9909105081006
140360.0,2432.9191338720666
140380.0,2429.613102475129
140400.0,2399.800892627692
140420.0,2332.1802937610682
140440.0,2218.537548380956
140460.0,2057.615336342889
140480.0,1858.7991357342394
140500.0,1644.0330004023422
140520.0,1445.7441567723135
140540.0,1299.0994349939006
140560.0,1231.292330523384
140580.0,1253.9376611215478
140600.0,1360.6130876076684
140620.0,1529.1019511723812
140640.0,1728.020265910404
140660.0,1925.458729844413
140680.0,2096.0411942004025
140700.0,2224.788414095153
140720.0,2307.7410288918904
140740.0,2349.9505588964153
140760.0,2361.6869859197723
140780.0,2354.41879300042
140800.0,2338.10680499066
140820.0,2320.1944966122705
140840.0,2305.586023637594
140860.0,2296.8836392588646
140880.0,2294.7628006325444
140900.0,2298.48202041841
140920.0,2306.475005034154
140940.0,2316.9081921864104
140960.0,2328.1111297693205
140980.0,2338.83773771842
141000.0,2348.343893772967
141020.0,2356.32600312807
141040.0,2362.7785572017383
141060.0,2367.826055855136
141080.0,2371.568051345509
141100.0,2373.9756779495483
141120.0,2374.864294957701
141140.0,2373.924726833008
141160.0,2370.8033729788317
141180.0,2365.2329594387897
141200.0,2357.1803850877877
141220.0,2346.9783605860744
141240.0,2335.449050012814
141260.0,2323.9833491605086
141280.0,2314.4685124871176
141300.0,2308.991835987325
141320.0,2309.324339442056
141340.0,2316.216194716457
141360.0,2328.5975200391117
141380.0,2342.8750484606726
141400.0,2352.572961864347
141420.0,2348.5796621959666
141440.0,2320.2404592095413
141460.0,2257.4730423840015
141480.0,2153.8471216673465
141500.0,2010.166201362171
141520.0,1837.500951822992
141540.0,1658.0006892991037
141560.0,1501.4020713791938
141580.0,1397.20818944137
141600.0,1366.8333901236183
141620.0,1418.4109758039278
141640.0,1544.3421622428264
141660.0,1722.182873013778
141680.0,1920.1585303835188
141700.0,2106.317439396395
141720.0,2256.9930849227503
141740.0,2361.1439342097597
141760.0,2419.6621533285897
141780.0,2441.4449014737193
141800.0,2438.8226760667776
141820.0,2423.8914935360763
141840.0,2406.2642701048817
141860.0,2392.1471128197295
141880.0,2384.411860365397
141900.0,2383.2735107863286
141920.0,2387.240585956283
141940.0,2394.076871574702
141960.0,2401.5811151307316
141980.0,2408.1180735336134
142000.0,2412.9236921453626
142020.0,2416.2078869808947
142040.0,2419.0504199725783
142060.0,2423.045216014782
142080.0,2429.6967764610145
142100.0,2439.6653070690486
142120.0,2451.9659555243293
142140.0,2463.220951182665
142160.0,2467.155110305618
142180.0,2454.659949215784
142200.0,2414.727431653398
142220.0,2336.423122582786
142240.0,2211.878864192933
142260.0,2039.9187537591472
142280.0,1829.4142246265747
142300.0,1600.8377791763614
142320.0,1384.0080351793729
142340.0,1210.9995113936934
142360.0,1107.5011063246964
142380.0,1087.6156383061502
142400.0,1152.3733899508363
142420.0,1290.3654788367526
142440.0,1479.929723424088
142460.0,1693.4025224089764
142480.0,1903.134543347198
142500.0,2086.8647129221727
142520.0,2230.82375188354
142540.0,2330.189848021319
142560.0,2387.3837775441125
142580.0,2409.414897392568
142600.0,2405.46373598554
142620.0,2385.2124155210304
142640.0,2357.6618341079648
142660.0,2330.185465326409
142680.0,2307.8889182564326
142700.0,2293.4120587543957
142720.0,2287.2114533611866
142740.0,2288.168191063641
142760.0,2294.3184718867747
142780.0,2303.5043632425304
142800.0,2313.7994730837313
142820.0,2323.6863475503415
142840.0,2332.0604370553847
142860.0,2338.149394000125
142880.0,2341.4178024932808
142900.0,2341.497074846671
142920.0,2338.1629105826296
142940.0,2331.380942906579
142960.0,2321.3775043353353
142980.0,2308.6763135916717
143000.0,2294.0935859691267
143020.0,2278.719900488991
143040.0,2263.909176757675
143060.0,2251.2891593793574
143080.0,2242.7422965841033
143100.0,2240.2250305678667
143120.0,2245.3672001053274
143140.0,2258.8385120078265
143160.0,2279.5169799762452
143180.0,2303.60323892611
143200.0,2323.9502643244173
143220.0,2329.9884201939435
143240.0,2308.6359748240397
143260.0,2246.450836823588
143280.0,2133.029024216765
143300.0,1965.2095847714322
143320.0,1750.9781617052827
143340.0,1511.263102715619
143360.0,1277.2904524270773
143380.0,1082.1042489159663
143400.0,950.6913114420116
143420.0,895.5535333111933
143440.0,917.6519344216279
143460.0,1009.5961285242614
143480.0,1158.7812129878344
143500.0,1349.3844265678658
143520.0,1563.240275911346
143540.0,1780.5211126346192
143560.0,1981.6260649347944
143580.0,2150.638214917385
143600.0,2278.554916851394
143620.0,2364.387868275208
143640.0,2413.7169896937294
143660.0,2435.702143699376
143680.0,2440.1325944576633
143700.0,2435.4599161635374
143720.0,2427.883697980691
143740.0,2421.2619832291757
143760.0,2417.4893904080386
143780.0,2417.037675521704
143800.0,2419.490427648108
143820.0,2424.0046344065945
143840.0,2429.6672115051542
143860.0,2435.712677947793
143880.0,2441.6139539652795
143900.0,2447.061518584029
143920.0,2451.8720401060405
143940.0,2455.894473893628
143960.0,2458.9513105730034
143980.0,2460.8394733747614
144000.0,2461.378051290855
144020.0,2460.4758542485447
144040.0,2458.1740355609245
144060.0,2454.651257075978
144080.0,2450.2001649789236
144100.0,2445.1766806724013
144120.0,2439.948159851494
144140.0,2434.8532972659964
144160.0,2430.1729553731448
144180.0,2426.118774219192
144200.0,2422.825030071748
144220.0,2420.3272057413606
144240.0,2418.537626757445
144260.0,2417.2309314516906
144280.0,2416.0715878369574
144300.0,2414.6775294016365
144320.0,2412.6747420813067
144340.0,2409.743021954893
144360.0,2405.667999251837
144380.0,2400.4163399752697
144400.0,2394.2249155308737
144420.0,2387.6067166038056
144440.0,2381.2348479237817
144460.0,2375.709582028031
144480.0,2371.3166983231113
144500.0,2367.9630421052034
144520.0,2365.2212579176576
144540.0,2362.391320100155
144560.0,2358.6348377654276
144580.0,2353.1753083121357
144600.0,2345.47567385048
144620.0,2335.3329023693127
144640.0,2322.89074752276
144660.0,2308.5907180931913
144680.0,2293.084473227443
144700.0,2277.144029312638
144720.0,2261.5788499927053
144740.0,2247.1443395502397
144760.0,2234.4591235156377
144780.0,2223.954396129572
144800.0,2215.860822392286
144820.0,2210.223686062426
144840.0,2206.924407048894
144860.0,2205.7145796786876
144880.0,2206.2619256876033
144900.0,2208.201755398951
144920.0,2211.1845593800886
144940.0,2214.8967483176234
144960.0,2219.065372242963
144980.0,2223.4617528791496
145000.0,2227.9127720132433
145020.0,2232.3011890906987
145040.0,2236.5528267517175
145060.0,2240.62778970754
145080.0,2244.525453001479
145100.0,2248.2947734921518
145120.0,2252.0075962493543
145140.0,2255.699351609512
145160.0,2259.3339336285458
145180.0,2262.801081126102
145200.0,2265.9214979117423
145220.0,2268.473535211058
145240.0,2270.2689550120185
145260.0,2271.2517748887235
145280.0,2271.5723350862963
145300.0,2271.6000002554865
145320.0,2271.846576758551
145340.0,2272.7832858547417
145360.0,2274.652205981933
145380.0,2277.4042720473317
145400.0,2280.8054341895527
145420.0,2284.7046798643332
145440.0,2289.4081740507413
145460.0,2295.985799581382
145480.0,2306.3074896907924
145500.0,2322.6934391837212
145520.0,2347.1774410260564
145540.0,2380.484350753561
145560.0,2420.8750568227433
145580.0,2463.1214928284885
145600.0,2498.0787712097053
145620.0,2513.496985933967
145640.0,2496.499070789415
145660.0,2437.1814594904276
145680.0,2332.209274193105
145700.0,2187.5168882051544
145720.0,2018.9523216747173
145740.0,1849.6396702018053
145760.0,1704.28069013293
145780.0,1603.453642516738
145800.0,1560.5028774802952
145820.0,1580.4849789676305
145840.0,1660.000641662197
145860.0,1787.5540943602452
145880.0,1945.004148288313
145900.0,2110.8122991989003
145920.0,2264.3990354062066
145940.0,2390.0414918528013
145960.0,2479.082507231626
145980.0,2530.1536280380933
146000.0,2547.8782619650474
146020.0,2540.7525336805575
146040.0,2518.7427732898873
146060.0,2491.0902695617597
146080.0,2464.8271316602745
146100.0,2444.21324065223
146120.0,2430.8882316499753
146140.0,2424.450821282906
146160.0,2423.2040963724576
146180.0,2424.8693157200732
146200.0,2427.1360857876234
146220.0,2428.0335847314736
146240.0,2426.1293894499913
146260.0,2420.576469637245
146280.0,2411.0739754134856
146300.0,2397.7951059272145
146320.0,2381.32168283155
146340.0,2362.591817464721
146360.0,2342.8780326914252
146380.0,2323.765397585681
146400.0,2307.051311983834
146420.0,2294.4874792532964
146440.0,2287.327217316284
146460.0,2285.7212293171933
146480.0,2288.0765940003516
146500.0,2290.524653604957
146520.0,2286.685611174147
146540.0,2267.990036175029
146560.0,2224.7838844576254
146580.0,2148.3271326703193
146600.0,2033.560434372363
146620.0,1882.0923726085439
146640.0,1704.2685175882289
146660.0,1518.5773467988568
146680.0,1347.1016413107905
146700.0,1209.3428722708893
146720.0,1118.352394827493
146740.0,1079.5445019018057
146760.0,1090.9338197495792
146780.0,1144.056039948167
146800.0,1225.6378292483246
146820.0,1320.6572398733456
146840.0,1416.4361179847415
146860.0,1505.5021286637825
146880.0,1586.182662282637
146900.0,1661.3308767450449
146920.0,1735.6554741427967
146940.0,1812.6762648419322
146960.0,1892.6395438178392
146980.0,1972.16262341024
147000.0,2045.7046581321574
147020.0,2108.0591282266187
147040.0,2156.3975717743674
147060.0,2190.794185730011
147080.0,2213.5136942256277
147100.0,2227.8679582588893
147120.0,2237.130003817972
147140.0,2243.8545025809485
147160.0,2249.649589930376
147180.0,2255.264160890877
147200.0,2260.851064706868
147220.0,2266.2762689423785
147240.0,2271.3645921789384
147260.0,2276.026873911154
147280.0,2280.2519997476807
147300.0,2284.0313860274173
147320.0,2287.298762489636
147340.0,2289.883458393667
147360.0,2291.4740696491253
147380.0,2291.6154168242965
147400.0,2289.75866021646
147420.0,2285.3608137384012
147440.0,2278.005067350292
147460.0,2267.520019024213
147480.0,2254.094723457612
147500.0,2238.353161297612
147520.0,2221.340658895965
147540.0,2204.4486954119793
147560.0,2189.34544381067
147580.0,2177.8811589792313
147600.0,2171.8698205085657
147620.0,2172.6814056199164
147640.0,2180.68868092356
147660.0,2194.6780147856944
147680.0,2211.3490568136767
147700.0,2224.996592792416
147720.0,2227.5660412519383
147740.0,2209.3684165828477
147760.0,2160.6936956930895
147780.0,2074.3408261048794
147800.0,1948.677610422175
147820.0,1790.36135914351
147840.0,1615.290526006929
147860.0,1446.0669211254276
147880.0,1306.348794384839
147900.0,1215.959937332334
147920.0,1188.3751992216116
147940.0,1229.4289757456165
147960.0,1336.314422986638
147980.0,1496.9121519947041
148000.0,1690.5351171571278
148020.0,1891.5383588998843
148040.0,2075.171814099344
148060.0,2222.9826038233487
148080.0,2325.8657222980846
148100.0,2384.2108315044798
148120.0,2405.571349047903
148140.0,2401.0516200804987
148160.0,2381.9591167170956
148180.0,2357.726478599923
148200.0,2335.1119259231664
148220.0,2318.1566371710605
148240.0,2308.512173504667
148260.0,2305.989286119323
148280.0,2309.2197652932637
148300.0,2316.3006936746374
148320.0,2325.2797824800355
148340.0,2334.425227110595
148360.0,2342.3160027413296
148380.0,2347.8187285654153
148400.0,2350.020821469375
148420.0,2348.189655818274
148440.0,2341.7965750014378
148460.0,2330.583296831405
148480.0,2314.6403600318145
148500.0,2294.463686647015
148520.0,2270.9700716761135
148540.0,2245.4817052929307
148560.0,2219.682169891377
148580.0,2195.5259796106684
148600.0,2175.099291556774
148620.0,2160.4177019805384
148640.0,2153.106955696048
148660.0,2153.94063191674
148680.0,2162.281123542661
148700.0,2175.5336241071627
148720.0,2188.763207903259
148740.0,2194.656253693157
148760.0,2184.0211265454427
148780.0,2147.002755031232
148800.0,2075.0886765749965
148820.0,1963.7744400473925
148840.0,1815.347391178544
148860.0,1640.6518130436314
148880.0,1458.1755860512453
148900.0,1289.1942321880747
148920.0,1151.372326862262
148940.0,1055.5190774228695
148960.0,1006.0059916437792
148980.0,1002.8402088463527
149000.0,1043.7008870250677
149020.0,1124.9724675030184
149040.0,1241.547404063844
149060.0,1385.8764311095103
149080.0,1547.3736669965397
149100.0,1713.3912737514697
149120.0,1871.4887020351307
149140.0,2011.4712457472222
149160.0,2126.518991231632
149180.0,2213.5692260099845
149200.0,2273.092121759849
149220.0,2308.3608412601816
149240.0,2324.3235176384096
149260.0,2326.4640566051125
149280.0,2319.9642222781395
149300.0,2309.1598975107536
149320.0,2297.2651940603128
149340.0,2286.4534845503504
149360.0,2278.150828698627
149380.0,2273.2223038064817
149400.0,2271.9477607762205
149420.0,2273.9732383747405
149440.0,2278.410428547054
149460.0,2284.071651587275
149480.0,2289.750537170634
149500.0,2294.4614125416206
149520.0,2297.583621869511
149540.0,2298.899298795834
149560.0,2298.52318582866
149580.0,2296.757312275199
149600.0,2293.9330250967937
149620.0,2290.2828181770674
149640.0,2285.8916728574727
149660.0,2280.740417766531
149680.0,2274.7814835737736
149700.0,2268.008424038513
149720.0,2260.5088735867716
149740.0,2252.48997817862
149760.0,2244.276717793865
149780.0,2236.2732772708723
149800.0,2228.9088716491638
149820.0,2222.575761458728
149840.0,2217.567077024153
149860.0,2214.029030438035
149880.0,2211.913751357688
149900.0,2210.9705449371986
149920.0,2210.8167419350507
149940.0,2211.07746183936
149960.0,2211.5164873922868
149980.0,2212.0909899785006
150000.0,2212.929021450736
150020.0,2214.254999031133
150040.0,2216.304751558312
150060.0,2219.2492452198944
150080.0,2223.1398063104007
150100.0,2227.8771832729462
150120.0,2233.201246990242
150140.0,2238.7159676385572
150160.0,2243.9617440216625
150180.0,2248.513901404275
150200.0,2252.100154769346
150220.0,2254.751665751677
150240.0,2256.93527320553
150260.0,2259.621093439366
150280.0,2264.2559729707646
150300.0,2272.613770345886
150320.0,2286.4703155668512
150340.0,2307.028631493226
150360.0,2334.0772068018628
150380.0,2365.0017433276944
150400.0,2393.9113222919395
150420.0,2411.234364510114
150440.0,2404.182829178722
150460.0,2358.4587480843393
150480.0,2261.376930278872
150500.0,2106.219109217281
150520.0,1897.0235302705435
150540.0,1652.177164641434
150560.0,1404.2789783688027
150580.0,1193.451361518773
150600.0,1055.460158627486
150620.0,1012.4485835661687
150640.0,1069.7711276413477
150660.0,1216.7844015328446
150680.0,1429.6871663645147
150700.0,1676.010486008029
150720.0,1921.1628503318293
150740.0,2135.5991606068674
150760.0,2299.824928485238
150780.0,2406.273725756445
150800.0,2458.235421784431
150820.0,2466.7240057986974
150840.0,2446.40375502957
150860.0,2411.8054949859943
150880.0,2374.7747725599097
150900.0,2343.304999256755
150920.0,2321.4930453737993
150940.0,2310.2221167350185
150960.0,2308.1777628304217
150980.0,2312.8945083809167
151000.0,2321.607110879827
151020.0,2331.8245125915882
151040.0,2341.6290616302877
151060.0,2349.72509056794
151080.0,2355.3398096137707
151100.0,2358.0883829817676
151120.0,2357.864782757523
151140.0,2354.768185006713
151160.0,2349.055080896617
151180.0,2341.1340986831574
151200.0,2331.6205530253537
151220.0,2321.4163556134026
151240.0,2311.756564166193
151260.0,2304.166197138889
151280.0,2300.2807349754485
151300.0,2301.4789486326367
151320.0,2308.3128774685874
151340.0,2319.859590613571
151360.0,2333.155438888402
151380.0,2342.866534091864
151400.0,2341.3840444703183
151420.0,2319.5522371249394
151440.0,2268.205538401904
151460.0,2180.559066548023
151480.0,2055.133679739555
151500.0,1898.3832781912456
151520.0,1725.599725002347
151540.0,1558.346911301999
151560.0,1418.5954267513912
151580.0,1323.7676536726913
151600.0,1284.997005199554
151620.0,1307.2085234831425
151640.0,1389.443409852473
151660.0,1524.70326081981
151680.0,1699.5502349712478
151700.0,1894.6104713066222
151720.0,2087.2989061128474
151740.0,2256.3149725626495
151760.0,2385.9777937640447
151780.0,2468.8870654051525
151800.0,2506.323355341613
151820.0,2506.5959253240644
151840.0,2482.0194137725944
151860.0,2445.495980849615
151880.0,2407.825398384827
151900.0,2376.270970599047
151920.0,2354.3402141466795
151940.0,2342.437832092445
151960.0,2338.9695808892757
151980.0,2341.4938455224283
152000.0,2347.6569423352025
152020.0,2355.76673132463
152040.0,2364.9280114829417
152060.0,2374.7591888337956
152080.0,2384.7710898331134
152100.0,2393.551798069903
152120.0,2397.980792300831
152140.0,2392.714062550519
152160.0,2370.172845985909
152180.0,2321.2582930839735
152200.0,2236.95607040929
152220.0,2110.9374348716797
152240.0,1942.9202072537441
152260.0,1741.918770000805
152280.0,1527.869494040449
152300.0,1329.510363820118
152320.0,1176.5913636098833
152340.0,1089.9125695418247
152360.0,1076.5531513785083
152380.0,1130.9317966747553
152400.0,1238.706036485362
152420.0,1381.191603637032
152440.0,1539.0368226715532
152460.0,1694.7313697124064
152480.0,1834.0864014009476
152500.0,1947.0785423584628
152520.0,2028.4275879267348
152540.0,2077.9783718625063
152560.0,2100.3752176104813
152580.0,2103.4589670035025
152600.0,2095.94856628228
152620.0,2085.476163205204
152640.0,2077.444705514664
152660.0,2074.7526550805005
152680.0,2078.157018051844
152700.0,2086.9399066753117
152720.0,2099.6038010758193
152740.0,2114.4462111498383
152760.0,2129.9353054848884
152780.0,2144.8824456338134
152800.0,2158.4813381639797
152820.0,2170.2832054087185
152840.0,2180.176026218248
152860.0,2188.3748690987964
152880.0,2195.4207371480516
152900.0,2202.1944683678066
152920.0,2209.9007680235795
152940.0,2219.956524499509
152960.0,2233.744364006553
152980.0,2252.238721329553
153000.0,2275.580020081778
153020.0,2302.7514468284185
153040.0,2331.5957819036394
153060.0,2359.3835636211634
153080.0,2383.711705718816
153100.0,2403.0265009809655
153120.0,2416.538252896017
153140.0,2423.7680540895076
153160.0,2424.2248582057027
153180.0,2417.4408659161486
153200.0,2403.247225579019
153220.0,2382.091124364114
153240.0,2355.310501607489
153260.0,2325.36159399447
153280.0,2295.8757072237295
153300.0,2271.3578658978245
153320.0,2256.2991188250394
153340.0,2253.9041228992887
153360.0,2264.9515442187303
153380.0,2286.9762512787665
153400.0,2313.772467338436
153420.0,2335.322386169575
153440.0,2338.388646876124
153460.0,2308.1048908262155
153480.0,2230.806226786237
153500.0,2097.994945049416
153520.0,1910.8044240376287
153540.0,1683.6420845635002
153560.0,1444.8824872946184
153580.0,1231.9292821121737
153600.0,1080.4828127453636
153620.0,1014.6216116453097
153640.0,1042.895273490003
153660.0,1158.9114963670168
153680.0,1343.9942016381424
153700.0,1570.8476708110534
153720.0,1808.3855217437365
153740.0,2027.5902205203415
153760.0,2206.618458793985
153780.0,2333.7217982267525
153800.0,2407.4729245144154
153820.0,2434.7159169263878
153840.0,2427.38950053502
153860.0,2399.1393855403194
153880.0,2362.517331726784
153900.0,2327.2241136401803
153920.0,2299.3506061085263
153940.0,2281.4836955808887
153960.0,2273.4243035513687
153980.0,2273.1856111595303
154000.0,2277.98984269727
154020.0,2285.0898287835807
154040.0,2292.321012050631
154060.0,2298.4010323787334
154080.0,2303.0166216629814
154100.0,2306.740583168813
154120.0,2310.785352570888
154140.0,2316.5809846783054
154160.0,2325.1926013997117
154180.0,2336.62027768773
154200.0,2349.0711234887376
154220.0,2358.335722308104
154240.0,2357.4980893564034
154260.0,2337.2913893717587
154280.0,2287.360944291714
154300.0,2198.54704846667
154320.0,2065.9779572375132
154340.0,1892.2436828058367
154360.0,1689.3958900344846
154380.0,1478.0157992883755
154400.0,1281.861503312594
154420.0,1120.1887356927032
154440.0,1003.3003686609958
154460.0,932.7932684935602
154480.0,904.4007705855317
154500.0,911.4175084614496
154520.0,947.4078147659042
154540.0,1007.5689060447409
154560.0,1088.6928277122115
154580.0,1188.1455707981074
154600.0,1302.6778155659035
154620.0,1428.1281715975585
154640.0,1560.3182643136138
154660.0,1695.6517792418715
154680.0,1830.478501168028
154700.0,1960.0228640891942
154720.0,2078.1569040575887
154740.0,2178.503317030717
154760.0,2256.3515800711857
154780.0,2310.1973003909525
154800.0,2342.071071620821
154820.0,2356.7005539720785
154840.0,2360.076895955165
154860.0,2357.9955025831287
154880.0,2355.0012883270983
154900.0,2353.9070715481585
154920.0,2355.8037267623745
154940.0,2360.384268736098
154960.0,2366.408397960115
154980.0,2372.1761412824744
155000.0,2375.934621461899
155020.0,2376.18858817354
155040.0,2371.8955123870755
155060.0,2362.548924090275
155080.0,2348.1813140096747
155100.0,2329.2799818621074
155120.0,2306.6322584982295
155140.0,2281.152857729307
155160.0,2253.745526259754
155180.0,2225.2319524157087
155200.0,2196.331792678802
155220.0,2167.6761327266718
155240.0,2139.852746069345
155260.0,2113.4775177623465
155280.0,2089.2588438990156
155300.0,2068.048509185967
155320.0,2050.8858896922875
155340.0,2038.9703351934572
155360.0,2033.4733630878752
155380.0,2035.1694110350024
155400.0,2043.9231663443284
155420.0,2058.0931739410794
155440.0,2073.979049690848
155460.0,2085.5210013975675
155480.0,2084.509729024329
155500.0,2061.5415685196153
155520.0,2007.849094206161
155540.0,1917.918142870575
155560.0,1792.3855016690359
155580.0,1640.1548026303321
155600.0,1478.1997967836164
155620.0,1327.9484114040517
155640.0,1209.475877806788
155660.0,1136.7654420019262
155680.0,1115.4280410214308
155700.0,1142.402712153727
155720.0,1207.408453454508
155740.0,1296.4538214241243
155760.0,1396.5528415846595
155780.0,1498.8803629680644
155800.0,1599.245419333603
155820.0,1696.7573905241516
155840.0,1791.7663832793564
155860.0,1883.996481915854
155880.0,1971.6541430045131
155900.0,2051.748434243047
155920.0,2121.25481885753
155940.0,2178.2680897673754
155960.0,2222.4681783456417
155980.0,2254.9524237465016
156000.0,2277.7421121761536
156020.0,2293.212579325557
156040.0,2303.6684923702783
156060.0,2311.0654789051882
156080.0,2316.858950475912
156100.0,2321.9736467119055
156120.0,2326.834909800959
156140.0,2331.425049404719
156160.0,2335.3376316396043
156180.0,2337.834600585731
156200.0,2337.940512968534
156220.0,2334.596038059287
156240.0,2326.8470245338603
156260.0,2314.0119726266807
156280.0,2295.792935467696
156300.0,2272.317178845674
156320.0,2244.1228248138227
156340.0,2212.119535400315
156360.0,2177.514392221462
156380.0,2141.7104316175737
156400.0,2106.1745654394736
156420.0,2072.2606109942953
156440.0,2041.0194132995512
156460.0,2013.0944048855163
156480.0,1988.73749550711
156500.0,1967.901927785008
156520.0,1950.348907359427
156540.0,1935.7436582421092
156560.0,1923.7644928834045
156580.0,1914.2395885513465
156600.0,1907.2729332814993
156620.0,1903.3231901576492
156640.0,1903.225558715576
156660.0,1908.128871360952
156680.0,1919.2662477807175
156700.0,1937.5039732768964
156720.0,1962.6935879118762
156740.0,1992.9133006925883
156760.0,2023.8001768993818
156780.0,2048.2579929865196
156800.0,2056.829882540026
156820.0,2038.9644357663014
156840.0,1985.3123354326967
156860.0,1890.9411610503344
156880.0,1758.9548491073642
156900.0,1603.450232721089
156920.0,1450.0654709905436
156940.0,1331.7255041824128
156960.0,1278.2685064585658
156980.0,1305.2354411817648
157000.0,1409.1307250755158
157020.0,1569.427557445652
157040.0,1755.2189525266717
157060.0,1934.6507465399711
157080.0,2083.794752836525
157100.0,2191.0356247298478
157120.0,2256.0668838487
157140.0,2286.090691374146
157160.0,2291.7469083914475
157180.0,2283.8621660059016
157200.0,2271.3599403127964
157220.0,2260.323486169812
157240.0,2253.9737584341296
157260.0,2253.206484355273
157280.0,2257.3673406654552
157300.0,2265.0088583800857
157320.0,2274.46884364742
157340.0,2284.2598304067988
157360.0,2293.2757679676506
157380.0,2300.8253598402966
157400.0,2306.5532793791244
157420.0,2310.316063430353
157440.0,2312.079756738697
157460.0,2311.91706503371
157480.0,2310.095061864107
157500.0,2307.1934940433366
157520.0,2304.1843552716864
157540.0,2302.3826804804185
157560.0,2303.2172578201726
157580.0,2307.8050432647706
157600.0,2316.3533525085168
157620.0,2327.499554618643
157640.0,2337.762897252434
157660.0,2341.3427590223787
157680.0,2330.5126385951608
157700.0,2296.7706590279245
157720.0,2232.7769507017615
157740.0,2134.8903178271844
157760.0,2005.8992379424326
157780.0,1857.1177778532274
157800.0,1708.2503699745114
157820.0,1583.411022082507
157840.0,1504.5749917987464
157860.0,1486.3879665156605
157880.0,1533.3707255608156
157900.0,1638.8764408910981
157920.0,1785.8373301069223
157940.0,1950.1077114319141
157960.0,2106.3930312859698
157980.0,2234.55928366608
158000.0,2323.747747319741
158020.0,2373.1093205752395
158040.0,2389.4956899024983
158060.0,2383.644535528064
158080.0,2366.658885646023
158100.0,2347.656358143454
158120.0,2332.7138824433605
158140.0,2324.8505652776407
158160.0,2324.618631946308
158180.0,2330.9028858565844
158200.0,2341.696652197246
158220.0,2354.7159744508813
158240.0,2367.812756607988
158260.0,2379.224990335625
158280.0,2387.7002568913285
158300.0,2392.531209210771
158320.0,2393.5420999318135
158340.0,2391.0588711839914
158360.0,2385.8696081118096
158380.0,2379.169853354316
158400.0,2372.4561077309245
158420.0,2367.304574633733
158440.0,2364.9822219590233
158460.0,2365.8998386415697
158480.0,2368.9733128857797
158500.0,2371.024793439534
158520.0,2366.4491063987707
158540.0,2347.4069451703886
158560.0,2304.7776314806697
158580.0,2230.003957137459
158600.0,2117.7022157463916
158620.0,1968.5656648595134
158640.0,1791.7047991048719
158660.0,1604.998288956208
158680.0,1431.5668396502235
158700.0,1292.3934781870732
158720.0,1199.8464224704362
158740.0,1156.0027336024068
158760.0,1154.6538384871305
158780.0,1184.8419465065213
158800.0,1234.442484425331
158820.0,1292.9742251027092
158840.0,1353.3231834381609
158860.0,1412.3864671508713
158880.0,1470.800214359691
158900.0,1531.9614804563187
158920.0,1600.5484667879052
158940.0,1680.7442894348558
158960.0,1774.4190904279608
158980.0,1879.643172937945
159000.0,1990.0819155692618
159020.0,2095.9938010045203
159040.0,2187.166459279105
159060.0,2256.4694333093857
159080.0,2301.8568785683706
159100.0,2326.0328930610854
159120.0,2334.6015471944656
159140.0,2333.9389398447483
159160.0,2329.6086844300166
159180.0,2325.565327738261
159200.0,2324.0075242322405
159220.0,2325.6203295237724
159240.0,2329.966959227468
159260.0,2335.9120435902487
159280.0,2342.0135975573944
159300.0,2346.821635927055
159320.0,2349.0430136493683
159340.0,2347.5825615673634
159360.0,2341.535829135675
159380.0,2330.214540086928
159400.0,2313.2052769597076
159420.0,2290.4278330542606
159440.0,2262.1697795266205
159460.0,2229.081375140139
159480.0,2192.117359483994
159500.0,2152.462073486156
159520.0,2111.456370686091
159540.0,2070.49170202858
159560.0,2030.8680460779444
159580.0,1993.673323774033
159600.0,1959.7149188811977
159620.0,1929.4911583054168
159640.0,1903.2135884190561
159660.0,1880.8810879699377
159680.0,1862.3737643406948
159700.0,1847.5291716672705
159720.0,1836.1680130867157
159740.0,1828.0914785778289
159760.0,1823.0866011247854
159780.0,1820.930610302678
159800.0,1821.4005130174355
159820.0,1824.2823946869783
159840.0,1829.385093862825
159860.0,1836.5438074899716
159880.0,1845.5880686494413
159900.0,1856.2900273437713
159920.0,1868.3213175299825
159940.0,1881.2571348791287
159960.0,1894.6296889156176
159980.0,1908.006463419557
160000.0,1921.0781896991127
160020.0,1933.742903856301
160040.0,1946.147533344399
160060.0,1958.6989903729768
160080.0,1972.091315547598
160100.0,1987.3138832889824
160120.0,2005.554948832592
160140.0,2027.9429333776775
160160.0,2055.1083838492464
160180.0,2086.602984273438
160200.0,2120.2354259712874
160220.0,2151.4880321556216
160240.0,2173.304114622921
160260.0,2176.5292904527732
160280.0,2151.2405849489624
160300.0,2089.054302880978
160320.0,1986.2473665637685
160340.0,1847.0740247105543
160360.0,1686.0343283475827
160380.0,1527.2233747353469
160400.0,1399.2409611921748
160420.0,1327.6260021959226
160440.0,1328.668169420236
160460.0,1405.4769688955844
160480.0,1546.367119195675
160500.0,1726.5852769563346
160520.0,1914.6251004785215
160540.0,2081.3791338443734
160560.0,2207.7419585048715
160580.0,2287.539030771111
160600.0,2325.4261460848093
160620.0,2332.212238246679
160640.0,2320.367248774553
160660.0,2300.9362027402617
160680.0,2281.945907129888
160700.0,2268.0154838351905
160720.0,2260.798110901585
160740.0,2259.8540111427833
160760.0,2263.579816309849
160780.0,2269.971851997232
160800.0,2277.154795928405
160820.0,2283.6440596597067
160840.0,2288.4065182572654
160860.0,2290.833496649382
160880.0,2290.672215819567
160900.0,2287.941097643271
160920.0,2282.8531072284713
160940.0,2275.748370460512
160960.0,2267.0437869431503
160980.0,2257.165201970454
161000.0,2246.4688653904714
161020.0,2235.2088332135754
161040.0,2223.546395628514
161060.0,2211.570588485204
161080.0,2199.3333569057804
161100.0,2186.9017208409396
161120.0,2174.4160820744105
161140.0,2162.160692280008
161160.0,2150.648056259596
161180.0,2140.710431024292
161200.0,2133.55103785922
161220.0,2130.7098693222324
161240.0,2133.892410549361
161260.0,2144.5545798420926
161280.0,2163.2016906008785
161300.0,2188.483165604274
161320.0,2216.280999853073
161340.0,2239.0703424607746
161360.0,2245.9212568222447
161380.0,2223.514499924238
161400.0,2158.4352352758588
161420.0,2040.7300398322695
161440.0,1868.242810599564
161460.0,1650.6514197610413
161480.0,1411.4461608193596
161500.0,1185.1303607404152
161520.0,1008.0669423453037
161540.0,908.1923258164228
161560.0,899.7828371786043
161580.0,982.6676908976781
161600.0,1143.6028252258636
161620.0,1358.7669238393046
161640.0,1597.7156670035195
161660.0,1829.4208996516475
161680.0,2028.74128932827
161700.0,2180.584025740715
161720.0,2280.7746196961807
161740.0,2334.2231757855056
161760.0,2351.5243681141064
161780.0,2345.080088367874
161800.0,2326.101141472264
161820.0,2303.2181848205078
161840.0,2282.2212724488118
161860.0,2266.3311734631875
161880.0,2256.6823596907716
161900.0,2252.9182417254083
161920.0,2253.823048533674
161940.0,2257.8728932226345
161960.0,2263.6160692959843
161980.0,2269.8832805719153
162000.0,2275.862262842507
162020.0,2281.068538842811
162040.0,2285.2490300626023
162060.0,2288.2795514764866
162080.0,2290.1097870409876
162100.0,2290.7442038464806
162120.0,2290.2421742456763
162140.0,2288.719627099705
162160.0,2286.3336019639
162180.0,2283.273069965889
162200.0,2279.74689043857
162220.0,2275.957199981463
162240.0,2272.0988900221887
162260.0,2268.3748905034354
162280.0,2265.0031679055887
162300.0,2262.21242905457
162320.0,2260.1973999379256
162340.0,2259.050452894199
162360.0,2258.716615689495
162380.0,2259.0076495842823
162400.0,2259.6725206352367
162420.0,2260.4764716043114
162440.0,2261.2386879302226
162460.0,2261.8222074935934
162480.0,2262.1177334516565
162500.0,2262.035421213946
162520.0,2261.4911303463373
162540.0,2260.4233183324777
162560.0,2258.8577073856795
162580.0,2257.0150625658894
162600.0,2255.415705557746
162620.0,2254.9343766126176
162640.0,2256.787482060197
162660.0,2262.435252467717
162680.0,2273.304675978102
162700.0,2290.286491731265
162720.0,2313.0626006586645
162740.0,2339.3634934230568
162760.0,2364.3341074659093
162780.0,2380.2776383900264
162800.0,2377.068909947456
162820.0,2343.490712490568
162840.0,2269.6339629045724
162860.0,2150.223385883098
162880.0,1988.2522424886204
162900.0,1797.6480478210774
162920.0,1602.9302146253171
162940.0,1433.993634220531
162960.0,1318.1862829483055
162980.0,1274.3997119364049
163000.0,1310.0204321602266
163020.0,1419.8190482294144
163040.0,1586.720837063081
163060.0,1785.353596389472
163080.0,1988.1257042014502
163100.0,2171.06077113011
163120.0,2317.4602494357323
163140.0,2419.198587347138
163160.0,2476.187839002375
163180.0,2494.572425649882
163200.0,2484.2225891183075
163220.0,2456.156886061556
163240.0,2420.5575333140396
163260.0,2385.5030484250115
163280.0,2356.3405295298608
163300.0,2335.711526973321
163320.0,2324.0227030799115
163340.0,2320.116108536662
163360.0,2321.9449162148912
163380.0,2327.1661978846673
163400.0,2333.6024711743057
163420.0,2339.506251372792
163440.0,2343.647995033979
163460.0,2345.3140085481627
163480.0,2344.2716560537483
163500.0,2340.7513958534914
163520.0,2335.4366554115627
163540.0,2329.4071819377655
163560.0,2323.99778108337
163580.0,2320.544691028338
163600.0,2320.006710742572
163620.0,2322.491587203411
163640.0,2326.739837564369
163660.0,2329.6994018674695
163680.0,2326.3866406917355
163700.0,2310.2260504827746
163720.0,2274.0008745603673
163740.0,2211.471243260882
163760.0,2119.51321673874
163780.0,2000.28551953777
163800.0,1862.5764271537305
163820.0,1721.0380424406471
163840.0,1592.0770190461567
163860.0,1488.202135925665
163880.0,1414.927646655994
163900.0,1370.9347669971644
163920.0,1350.080321000733
163940.0,1344.0340968552005
163960.0,1344.77660993617
163980.0,1346.5536250205707
164000.0,1347.1241390745977
164020.0,1348.2573870527526
164040.0,1355.4654970950276
164060.0,1376.9553384217131
164080.0,1421.8074915678412
164100.0,1497.499361566392
164120.0,1607.1236031985104
164140.0,1747.023643644858
164160.0,1906.0298774788178
164180.0,2067.5444817545745
164200.0,2214.0987401097177
164220.0,2332.045837862807
164240.0,2414.3332344444766
164260.0,2460.850321020175
164280.0,2476.8383527056503
164300.0,2470.345059131912
164320.0,2449.9546969664225
164340.0,2423.3195859164107
164360.0,2396.3696425327753
164380.0,2373.0471857437556
164400.0,2355.39449488841
164420.0,2343.795295265051
164440.0,2337.306914626459
164460.0,2334.0670066358425
164480.0,2331.7007756182693
164500.0,2327.6602250571113
164520.0,2319.5048729589025
164540.0,2305.1754545072176
164560.0,2283.2785671549855
164580.0,2253.371339531643
164600.0,2216.2230789404725
164620.0,2173.8482544328836
164640.0,2129.1033991611475
164660.0,2084.968574492904
164680.0,2043.8728881676057
164700.0,2007.3249555784255
164720.0,1975.8882560863563
164740.0,1949.3940824918195
164760.0,1927.2449699387835
164780.0,1908.7075908114743
164800.0,1893.1375900842431
164820.0,1880.0746234419125
164840.0,1869.234323506768
164860.0,1860.4765185090741
164880.0,1853.7855936869826
164900.0,1849.2369437207508
164920.0,1846.9537035214944
164940.0,1847.0644538342008
164960.0,1849.6660617250413
164980.0,1854.7826833200652
165000.0,1862.3167618227333
165020.0,1872.0003053715852
165040.0,1883.3971214298126
165060.0,1895.9487682235467
165080.0,1909.052055982418
165100.0,1922.1843656961707
165120.0,1935.0791112979666
165140.0,1947.917471206055
165160.0,1961.4519879268166
165180.0,1976.9813803577447
165200.0,1996.168927318647
165220.0,2020.6842255349104
165240.0,2051.6440738296674
165260.0,2088.872221583616
165280.0,2130.0557047302677
165300.0,2169.990205946875
165320.0,2200.2074518169275
165340.0,2209.315304810144
165360.0,2184.3602619420553
165380.0,2113.3945255899966
165400.0,1989.1210887165569
165420.0,1812.9497103847505
165440.0,1598.0833785619109
165460.0,1369.442009526616
165480.0,1157.9093014805665
165500.0,990.0091778813415
165520.0,880.5504122204522
165540.0,831.9260804426452
165560.0,837.6498046811652
165580.0,887.2626058984758
165600.0,970.6538276572462
165620.0,1080.7008439890465
165640.0,1213.8422509308762
165660.0,1368.756756239174
165680.0,1543.7648535465212
165700.0,1733.9523736555034
165720.0,1929.3623379180922
165740.0,2115.719333529759
165760.0,2277.805362774448
165780.0,2403.346099876202
165800.0,2485.5159039080527
165820.0,2523.1534153428947
165840.0,2518.99192461449
165860.0,2477.358738880911
165880.0,2402.8739038766366
165900.0,2300.6806340257767
165920.0,2177.834123195734
165940.0,2044.800558115075
165960.0,1915.2997572239742
165980.0,1803.2443337315121
166000.0,1718.5642426098402
166020.0,1665.0621276212623
166040.0,1640.8771560307246
166060.0,1640.3469860670884
166080.0,1656.164513216629
166100.0,1681.1735713495818
166120.0,1709.5229529908415
166140.0,1737.1626521339003
166160.0,1761.8199512987135
166180.0,1782.654260832173
166200.0,1799.7854288242233
166220.0,1813.847953792389
166240.0,1825.6657507578227
166260.0,1836.0844535173862
166280.0,1845.949481243626
166300.0,1856.1819566047875
166320.0,1867.8819810759294
166340.0,1882.380147169389
166360.0,1901.1648309308453
166380.0,1925.637439520883
166400.0,1956.6936025127143
166420.0,1994.1971381334138
166440.0,2036.5033859293774
166460.0,2080.290575069204
166480.0,2121.050300824669
166500.0,2154.4828836271367
166520.0,2178.2046575691866
166540.0,2192.478515741771
166560.0,2199.5653371450057
166580.0,2202.4929401387085
166600.0,2204.071427249567
166620.0,2206.385182833028
166640.0,2210.6524593527365
166660.0,2217.28520189583
166680.0,2226.0270743252845
166700.0,2236.1128323733437
166720.0,2246.410236588077
166740.0,2255.50481900825
166760.0,2261.7440289146716
166780.0,2263.3106392541135
166800.0,2258.3673921569207
166820.0,2245.2740714617635
166840.0,2222.8553501410274
166860.0,2190.6614897422965
166880.0,2149.135243191939
166900.0,2099.625233684936
166920.0,2044.2299659566822
166940.0,1985.49372431836
166960.0,1926.026355221562
166980.0,1868.1562827259459
167000.0,1813.6837208061668
167020.0,1763.7775222633397
167040.0,1719.026081013179
167060.0,1679.5677845414236
167080.0,1645.2175963022808
167100.0,1615.5635389643433
167120.0,1590.0377109734118
167140.0,1567.969232282366
167160.0,1548.612474704411
167180.0,1531.1653474488676
167200.0,1514.805833910375
167220.0,1498.748904961819
167240.0,1482.3148329571761
167260.0,1464.9989691885091
167280.0,1446.566544657227
167300.0,1427.1787520234393
167320.0,1407.4558255999846
167340.0,1388.3794495627776
167360.0,1371.0177423154546
167380.0,1356.2341220021426
167400.0,1344.631915680456
167420.0,1336.659160677711
167440.0,1332.6720058610222
167460.0,1332.8655764934458
167480.0,1337.0509657557768
167500.0,1344.3249713752577
167520.0,1352.7626112284167
167540.0,1359.2407744010684
167560.0,1359.5232559109147
167580.0,1348.7459798692244
167600.0,1322.420489796504
167620.0,1277.9636744809418
167640.0,1216.5151083881658
167660.0,1144.5040020808178
167680.0,1074.0690283114134
167700.0,1021.1476140187799
167720.0,1000.788658148246
167740.0,1021.6232724872549
167760.0,1082.4154377858888
167780.0,1172.186872409482
167800.0,1274.4010040579383
167820.0,1373.1784655471383
167840.0,1457.826628999505
167860.0,1523.8862319994532
167880.0,1571.7372299237452
167900.0,1604.6088924804749
167920.0,1626.8568005538764
167940.0,1642.7378394613454
167960.0,1655.7008636593305
167980.0,1668.0828270217203
168000.0,1681.1137851330277
168020.0,1695.1674982557302
168040.0,1710.1164994411206
168060.0,1725.623103705018
168080.0,1741.3266915555728
168100.0,1756.9439129045338
168120.0,1772.269951524379
168140.0,1787.1471253727782
168160.0,1801.4808458763378
168180.0,1815.2697063135631
168200.0,1828.5864699889069
168220.0,1841.5229137714364
168240.0,1854.1315968586096
168260.0,1866.3954721291364
168280.0,1878.2582011540248
168300.0,1889.6836262582397
168320.0,1900.6938400713711
168340.0,1911.358417557924
168360.0,1921.736649623444
168380.0,1931.8190673147262
168400.0,1941.48581461473
168420.0,1950.4999211398408
168440.0,1958.5225260903935
168460.0,1965.1274385363286
168480.0,1969.8639357072657
168500.0,1972.4101781067377
168520.0,1972.7655266357228
168540.0,1971.3673597000088
168560.0,1969.088842962934
168580.0,1967.145889388863
168600.0,1966.9497475381445
168620.0,1969.9279718478938
168640.0,1977.3424947458777
168660.0,1990.1032282670283
168680.0,2008.5188482319322
168700.0,2031.9424967270377
168720.0,2058.311940718996
168740.0,2083.716281067394
168760.0,2102.218002273622
168780.0,2106.137250813063
168800.0,2086.9933663857237
168820.0,2037.2153274419027
168840.0,1952.5376746926563
168860.0,1834.683088125234
168880.0,1693.505336018894
168900.0,1547.2756233779478
168920.0,1419.4241038348396
168940.0,1332.0268950904274
168960.0,1300.2533054933695
168980.0,1329.9542138419806
169000.0,1417.3246495395388
169020.0,1549.678535662492
169040.0,1707.3040435345424
169060.0,1867.0811118023298
169080.0,2007.830883193526
169100.0,2115.3278916534355
169120.0,2184.626517007552
169140.0,2219.0562360769263
169160.0,2227.1398686190346
169180.0,2219.168412021521
169200.0,2204.5462390826006
169220.0,2190.284634446283
169240.0,2180.5491002440535
169260.0,2176.9526609624854
169280.0,2179.2239201894604
169300.0,2185.9495947804035
169320.0,2195.2331996088315
169340.0,2205.2219482761443
169360.0,2214.4430995669836
169380.0,2221.933860802005
169400.0,2227.211241201036
169420.0,2230.1602750099146
169440.0,2230.910455787179
169460.0,2229.7313315675847
169480.0,2226.953131698299
169500.0,2222.9111207270225
169520.0,2217.917177279174
169540.0,2212.258343267182
169560.0,2206.2161818626487
169580.0,2200.0771923458146
169600.0,2194.1297046298637
169620.0,2188.651270441531
169640.0,2183.89009423076
169660.0,2180.029947294315
169680.0,2177.1805892630764
169700.0,2175.389349710527
169720.0,2174.6463465359984
169740.0,2174.885676595889
169760.0,2175.9833377856294
169780.0,2177.765190321396
169800.0,2180.036837597964
169820.0,2182.6320745225944
169840.0,2185.449223147728
169860.0,2188.4542777967554
169880.0,2191.6556502593317
169900.0,2195.076645616814
169920.0,2198.7309137948278
169940.0,2202.6149415768327
169960.0,2206.7124843814536
169980.0,2211.0311196086855
170000.0,2215.634761369698
170020.0,2220.614064856758
170040.0,2226.042031318391
170060.0,2231.971010118882
170080.0,2238.4436080079768
170100.0,2245.4826320928687
170120.0,2253.0535405081014
170140.0,2261.038661970734
170160.0,2269.225166749263
170180.0,2277.304889123056
170200.0,2284.895202273096
170220.0,2291.563499924629
170240.0,2296.876939628336
170260.0,2300.508399363558
170280.0,2302.391603301626
170300.0,2302.862429031835
170320.0,2302.7319714351834
170340.0,2303.273744485989
170360.0,2306.0789440555786
170380.0,2312.7359632844164
170400.0,2324.344214738011
170420.0,2340.936001324076
170440.0,2360.8627405171787
170460.0,2380.229957856429
170480.0,2392.581261798142
170500.0,2389.097654862403
170520.0,2359.560741933342
170540.0,2294.2475884097644
170560.0,2186.6676226853297
170580.0,2036.707277985198
170600.0,1853.2510728737077
170620.0,1654.5838919050534
170640.0,1464.6533329371953
170660.0,1306.611508205184
170680.0,1198.147005148751
170700.0,1149.575464016217
170720.0,1163.3612078656492
170740.0,1234.2078960020558
170760.0,1349.7873974494964
170780.0,1493.0320408291486
170800.0,1646.306455109382
170820.0,1795.1807490670017
170840.0,1929.9368680873936
170860.0,2045.2066943073573
170880.0,2138.8921274153827
170900.0,2211.211450757105
170920.0,2264.0311259714804
170940.0,2300.2778404995433
170960.0,2323.3456732503887
170980.0,2336.6832043463755
171000.0,2343.5440969718516
171020.0,2346.735782407407
171040.0,2348.4084055238345
171060.0,2350.03920990236
171080.0,2352.5108449198597
171100.0,2356.149703724096
171120.0,2360.7700197823287
171140.0,2365.7813218381675
171160.0,2370.3519568221373
171180.0,2373.5906365320216
171200.0,2374.7237469438255
171220.0,2373.246823857958
171240.0,2369.0128029770353
171260.0,2362.2073138891965
171280.0,2353.221478686201
171300.0,2342.500346957667
171320.0,2330.422122304803
171340.0,2317.2395287633053
171360.0,2303.082234606697
171380.0,2287.9908404570465
171400.0,2271.970904895238
171420.0,2255.0465582202423
171440.0,2237.2988243904906
171460.0,2218.8786748836146
171480.0,2200.021484727532
171500.0,2181.063358418117
171520.0,2162.4287884571618
171540.0,2144.579643378539
171560.0,2127.9492713289374
171580.0,2112.8731434068804
171600.0,2099.5321564281244
171620.0,2087.9469889752627
171640.0,2078.041706833507
171660.0,2069.7444296572585
171680.0,2063.062434402376
171700.0,2058.1042657452217
171720.0,2055.051215773494
171740.0,2054.0783745740823
171760.0,2055.2519202618205
171780.0,2058.454492263723
171800.0,2063.370337950165
171820.0,2069.5340553588912
171840.0,2076.41328871674
171860.0,2083.486783218509
171880.0,2090.3202637332365
171900.0,2096.656398861815
171920.0,2102.5056946691475
171940.0,2108.1861123395174
171960.0,2114.2905603046793
171980.0,2121.559146322684
172000.0,2130.638160467971
172020.0,2141.743248121358
172040.0,2154.2872970396297
172060.0,2166.5361390089283
172080.0,2175.39037158762
172100.0,2176.42362462821
172120.0,2164.3075872322083
172140.0,2133.635312707268
172160.0,2080.0319828847505
172180.0,2001.3479260541694
172200.0,1898.471494766981
172220.0,1775.2934314045585
172240.0,1638.4908798543534
172260.0,1498.0106465386273
172280.0,1367.1589243529068
172300.0,1260.8240887136146
172320.0,1192.2887668360415
172340.0,1170.441717524485
172360.0,1198.283699446532
172380.0,1272.9230116571464
172400.0,1386.308321285955
172420.0,1525.8689664116641
172440.0,1676.4764810424422
172460.0,1823.4113437146582
172480.0,1954.799957694501
172500.0,2063.046026268186
172520.0,2145.2042355768085
172540.0,2202.370247035013
172560.0,2238.3998171188205
172580.0,2258.500425544063
172600.0,2268.0155609919416
172620.0,2271.5767919803084
172640.0,2272.662224724164
172660.0,2273.512302652195
172680.0,2275.310569535701
172700.0,2278.468823151664
172720.0,2282.9101884264724
172740.0,2288.2977066524027
172760.0,2294.2040979360345
172780.0,2300.214944998209
172800.0,2305.957288108182
172820.0,2311.093151741619
172840.0,2315.286521902016
172860.0,2318.1838735654774
172880.0,2319.461751443793
172900.0,2318.941723412256
172920.0,2316.7376626644755
172940.0,2313.3715976231456
172960.0,2309.7913402518643
172980.0,2307.2779110681818
173000.0,2307.240593329462
173020.0,2310.884697464804
173040.0,2318.741309097205
173060.0,2330.097139498344
173080.0,2342.4325184287013
173100.0,2351.068070023242
173120.0,2349.257295068641
173140.0,2328.9384466147158
173160.0,2282.283479346516
173180.0,2203.988650028807
173200.0,2093.9219740664357
173220.0,1959.3217215356767
173240.0,1815.280656090807
173260.0,1682.0313166808548
173280.0,1578.8075818026016
173300.0,1517.0622087526795
173320.0,1496.0605732232057
173340.0,1502.2547070510632
173360.0,1513.562576287803
173380.0,1507.9554709957977
173400.0,1472.4395081586042
173420.0,1408.6045113282498
173440.0,1332.7230962595197
173460.0,1270.0940548136416
173480.0,1245.6713305986489
173500.0,1275.5740106977623
173520.0,1362.6731466683327
173540.0,1496.7599466152176
173560.0,1658.9999537854728
173580.0,1828.368732860144
173600.0,1986.904918431208
173620.0,2122.4248393839653
173640.0,2228.8757535446907
173660.0,2305.3230121581646
173680.0,2354.5591663542064
173700.0,2381.797199977247
173720.0,2393.357606539817
173740.0,2395.4054208210923
173760.0,2393.0223915625616
173780.0,2389.781828704677
173800.0,2387.766920907779
173820.0,2387.8472266375366
173840.0,2390.0330827162315
173860.0,2393.801402403304
173880.0,2398.330910672559
173900.0,2402.652496831998
173920.0,2405.7412464249865
173940.0,2406.588065483209
173960.0,2404.275910887693
173980.0,2398.064584396754
174000.0,2387.4960337394314
174020.0,2372.472058327538
174040.0,2353.266239882274
174060.0,2330.4975777580794
174080.0,2305.0839080115666
174100.0,2278.1398095846644
174120.0,2250.806402262517
174140.0,2224.071063103467
174160.0,2198.665565369937
174180.0,2175.0703067927593
174200.0,2153.6137101130253
174220.0,2134.633031808119
174240.0,2118.6083678794
174260.0,2106.2292978737773
174280.0,2098.381345397357
174300.0,2095.974566057751
174320.0,2099.558749595783
174340.0,2108.766443700701
174360.0,2121.709757802821
174380.0,2134.5110732088483
174400.0,2141.2049366333154
174420.0,2134.238521488466
174440.0,2105.7114079602425
174460.0,2049.359711067059
174480.0,1963.084540760144
174500.0,1851.526047321632
174520.0,1727.757731822917
174540.0,1612.7177158324137
174560.0,1530.8198245775536
174580.0,1501.5703894733256
174600.0,1531.8133459964083
174620.0,1613.7705127545385
174640.0,1728.5883121025367
174660.0,1853.120736407634
174680.0,1967.0613363083826
174700.0,2057.4626294787704
174720.0,2119.639203622507
174740.0,2155.540222408186
174760.0,2171.1266106502585
174780.0,2173.8110907098317
174800.0,2170.5258722061485
174820.0,2166.6051932377122
174840.0,2165.38586604553
174860.0,2168.3205191383568
174880.0,2175.40270368833
174900.0,2185.7166758691337
174920.0,2197.9498115050696
174940.0,2210.783949881972
174960.0,2223.148461100221
174980.0,2234.340447357793
175000.0,2244.043250316407
175020.0,2252.260714968278
175040.0,2259.1901729932047
175060.0,2265.094973519819
175080.0,2270.215316302158
175100.0,2274.733296129312
175120.0,2278.7642681637058
175140.0,2282.365692920726
175160.0,2285.565550312613
175180.0,2288.3854592997827
175200.0,2290.8638189804274
175220.0,2293.0604088472296
175240.0,2295.0245709669316
175260.0,2296.743280001464
175280.0,2298.101378936254
175300.0,2298.8892340725274
175320.0,2298.860577716706
175340.0,2297.826140191947
175360.0,2295.768362937514
175380.0,2292.9439760214277
175400.0,2289.962008845155
175420.0,2287.8350085421894
175440.0,2287.922845360793
175460.0,2291.7025108907596
175480.0,2300.3244971107383
175500.0,2313.9670799240726
175520.0,2331.106010655633
175540.0,2347.896970493345
175560.0,2357.886962315691
175580.0,2352.299367346479
175600.0,2321.1728556321673
175620.0,2255.5516029706478
175640.0,2150.6038276424338
175660.0,2009.0573480787345
175680.0,1843.7324202888435
175700.0,1677.388638204821
175720.0,1538.2067777114994
175740.0,1452.2733096189268
175760.0,1437.1130930347526
175780.0,1497.6483604591142
175800.0,1624.5027943289438
175820.0,1795.389777159883
175840.0,1980.732399916942
175860.0,2152.020442482919
175880.0,2288.8299249321876
175900.0,2381.99581525849
175920.0,2432.7420968586357
175940.0,2449.305539372026
175960.0,2442.9978339411773
175980.0,2424.927651562136
176000.0,2403.955091561117
176020.0,2385.8840574598753
176040.0,2373.580192292609
176060.0,2367.637002295886
176080.0,2367.2286516088025
176100.0,2370.8659441423724
176120.0,2376.933242770153
176140.0,2384.000117247866
176160.0,2390.9591978901663
176180.0,2397.055683623084
176200.0,2401.860007915397
176220.0,2405.2141583328344
176240.0,2407.148225329407
176260.0,2407.7887925551186
176280.0,2407.2881726254564
176300.0,2405.7907415375726
176320.0,2403.4262082023274
176340.0,2400.3208786352275
176360.0,2396.630421328744
176380.0,2392.5763868065706
176400.0,2388.4451683960388
176420.0,2384.5420476892937
176440.0,2381.1233230086586
176460.0,2378.3402812219647
176480.0,2376.2232568736217
176500.0,2374.6988120973465
176520.0,2373.620721314528
176540.0,2372.8185946952462
176560.0,2372.144628338813
176580.0,2371.5033112574256
176600.0,2370.877563931597
176620.0,2370.337671624522
176640.0,2369.991693326817
176660.0,2369.904877091156
176680.0,2370.042031477433
176700.0,2370.2831767520356
176720.0,2370.484495068552
176740.0,2370.51597370993
176760.0,2370.2884786769064
176780.0,2369.843387635481
176800.0,2369.4548334249603
176820.0,2369.6829049928992
176840.0,2371.4131790369697
176860.0,2375.830048859897
176880.0,2384.2289622673916
176900.0,2397.648572213433
176920.0,2416.325459275534
176940.0,2439.00727114166
176960.0,2462.243863385733
176980.0,2479.883370161325
177000.0,2483.0770873023775
177020.0,2461.107536548237
177040.0,2403.2702018834034
177060.0,2301.7800228748692
177080.0,2155.261754001065
177100.0,1971.8191200835918
177120.0,1769.9810306170796
177140.0,1575.597293418722
177160.0,1415.2686865511037
177180.0,1310.384058548867
177200.0,1273.8830791186099
177220.0,1308.8811527911948
177240.0,1408.3988417781052
177260.0,1556.4695796912522
177280.0,1731.603307968612
177300.0,1912.0135030671076
177320.0,2079.8981699069172
177340.0,2223.462920100173
177360.0,2337.033703985915
177380.0,2420.1011757015413
177400.0,2476.006243042982
177420.0,2510.45193510382
177440.0,2529.9637509194226
177460.0,2540.658017230442
177480.0,2547.3178063842406
177500.0,2552.861942898696
177520.0,2558.3575484657504
177540.0,2563.425211670587
177560.0,2566.874671713868
177580.0,2567.3992580473446
177600.0,2564.0904611318056
177620.0,2556.59228874926
177640.0,2544.936953001321
177660.0,2529.3840243171303
177680.0,2510.372523485278
177700.0,2488.541105580536
177720.0,2464.733572270818
177740.0,2439.8882732381494
177760.0,2414.824499386483
177780.0,2390.0624868761224
177800.0,2365.7879596648377
177820.0,2341.9378148602373
177840.0,2318.3330607528487
177860.0,2294.815516372047
177880.0,2271.394696497805
177900.0,2248.3985048354
177920.0,2226.555309742525
177940.0,2206.940714079884
177960.0,2190.800351370629
177980.0,2179.2483748805607
178000.0,2172.8470704456718
178020.0,2171.1158446983804
178040.0,2172.072588566659
178060.0,2171.953342693292
178080.0,2165.2871820879714
178100.0,2145.461920172731
178120.0,2105.8507538865424
178140.0,2041.5010833603271
178160.0,1951.10617021059
178180.0,1838.646558937568
178200.0,1713.8521381038468
178220.0,1590.4395016961507
178240.0,1481.9375573806435
178260.0,1397.4169470703878
178280.0,1339.7453460453992
178300.0,1306.2741626660095
178320.0,1290.7682176588646
178340.0,1285.659554416835
178360.0,1284.0809475907959
178380.0,1281.4192914821374
178400.0,1276.2997787166003
178420.0,1270.9779880729805
178440.0,1271.1127575013131
178460.0,1284.8678832935398
178480.0,1321.3013354644281
178500.0,1388.0990122793946
178520.0,1488.9336086068647
178540.0,1621.0897042894064
178560.0,1774.4590321951514
178580.0,1933.2062058551044
178600.0,2080.127846099492
178620.0,2201.6532665639306
178640.0,2291.0157753386493
178660.0,2348.4798992943106
178680.0,2379.3928679960654
178700.0,2391.5338179393507
178720.0,2392.8261503895696
178740.0,2389.862727568448
178760.0,2387.2447010015085
178780.0,2387.509578436083
178800.0,2391.4311963820137
178820.0,2398.4912690868537
178840.0,2407.356625330273
178860.0,2416.281903219038
178880.0,2423.415303947834
178900.0,2426.999159120191
178920.0,2425.50696615381
178940.0,2417.782634227343
178960.0,2403.1619940137125
178980.0,2381.547139839102
179000.0,2353.421569250345
179020.0,2319.7769708083647
179040.0,2281.94858251624
179060.0,2241.413895411774
179080.0,2199.626963562549
179100.0,2157.9357143835578
179120.0,2117.549838808387
179140.0,2079.4942345105455
179160.0,2044.5025183355174
179180.0,2012.9150316993887
179200.0,1984.6602588980718
179220.0,1959.3216834457926
179240.0,1936.3172625279967
179260.0,1915.1585241422788
179280.0,1895.6623205948272
179300.0,1877.9956605035204
179320.0,1862.5426772848455
179340.0,1849.7073269598236
179360.0,1839.7456021017097
179380.0,1832.672671155479
179400.0,1828.2771844255174
179420.0,1826.2263231619613
179440.0,1826.1906870705927
179460.0,1827.9094352714378
179480.0,1831.1777063959591
179500.0,1835.7938657236978
179520.0,1841.527005067293
179540.0,1848.1190206246658
179560.0,1855.3089177072238
179580.0,1862.8694566443726
179600.0,1870.6341330589808
179620.0,1878.5037316287576
179640.0,1886.4311849785597
179660.0,1894.389859111548
179680.0,1902.3297176064184
179700.0,1910.1242586567037
179720.0,1917.5459585746605
179740.0,1924.2795718722118
179760.0,1929.989933481104
179780.0,1934.4353551037675
179800.0,1937.5626045364163
179820.0,1939.5244111975367
179840.0,1940.6218682254644
179860.0,1941.2072693779933
179880.0,1941.5774782660349
179900.0,1941.8867815617098
179920.0,1942.114668361341
179940.0,1942.101997307828
179960.0,1941.625285515233
179980.0,1940.4686514563248
180000.0,1938.481177636185
180020.0,1935.623034217161
180040.0,1931.9912610612148
180060.0,1927.8363013622172
180080.0,1923.5673988229864
180100.0,1919.6960652369373
180120.0,1916.7132279001846
180140.0,1914.9570472889234
180160.0,1914.5257381293018
180180.0,1915.283408466715
180200.0,1916.9440312038782
180220.0,1919.1702524290329
180240.0,1921.6833523640548
180260.0,1924.4026675328103
180280.0,1927.5903745193536
180300.0,1931.982046602677
180320.0,1938.8305735657304
180340.0,1949.7360627383391
180360.0,1966.2163821252882
180380.0,1989.0429267967143
180400.0,2017.3903907979006
180420.0,2048.007557759763
180440.0,2074.697577089394
180460.0,2088.379262201196
180480.0,2078.024850972914
180500.0,2032.6908345365832
180520.0,1944.6148873841369
180540.0,1812.9675690988533
180560.0,1647.241699628316
180580.0,1468.543893330704
180600.0,1306.5923757419685
180620.0,1192.0228879445265
180640.0,1148.3288405053656
180660.0,1186.7904320652208
180680.0,1304.0850906552428
180700.0,1482.3133115292135
180720.0,1692.2916697847504
180740.0,1900.5655212229444
180760.0,2077.58865522487
180780.0,2204.1703834861933
180800.0,2274.6043168466254
180820.0,2295.473849777081
180840.0,2280.95181824795
180860.0,2247.233330021336
180880.0,2208.3805778746214
180900.0,2174.240873308424
180920.0,2150.0911687687912
180940.0,2137.3473707405005
180960.0,2134.7395622891227
180980.0,2139.523062247224
181000.0,2148.4937307617947
181020.0,2158.713661678386
181040.0,2167.9180217592607
181060.0,2174.645560007635
181080.0,2178.170470277709
181100.0,2178.311085274666
181120.0,2175.1978259508537
181140.0,2169.0955352809224
181160.0,2160.334189896624
181180.0,2149.304901663641
181200.0,2136.4501068025124
181220.0,2122.2562685408157
181240.0,2107.245396620884
181260.0,2091.934567145916
181280.0,2076.7945104678124
181300.0,2062.2200800551136
181320.0,2048.525301806973
181340.0,2035.9766763400785
181360.0,2024.8246155730244
181380.0,2015.3359856350241
181400.0,2007.8619509286848
181420.0,2002.905827140305
181440.0,2001.1127306077997
181460.0,2003.055798553471
181480.0,2008.7926351280082
181500.0,2017.3273293217924
181520.0,2026.109220605112
181540.0,2030.7161173184602
181560.0,2024.8771405866216
181580.0,2001.0237198158152
181600.0,1951.5328675135393
181620.0,1870.7080954314592
181640.0,1757.332326055713
181660.0,1616.9995797878178
181680.0,1462.6808708480596
181700.0,1312.4770846621814
181720.0,1185.7267086764352
181740.0,1099.774610339538
181760.0,1067.9014261803347
181780.0,1097.6101498965327
181800.0,1188.8287330307435
181820.0,1332.4303288493888
181840.0,1510.4044970476102
181860.0,1699.1689146580259
181880.0,1875.0787890351778
181900.0,2019.5864178000897
181920.0,2122.726938680609
181940.0,2184.076250134868
181960.0,2210.821279353959
181980.0,2214.0093842852207
182000.0,2204.9219981310057
182020.0,2192.6509073775123
182040.0,2183.0330970090226
182060.0,2178.683961515349
182080.0,2179.706830326227
182100.0,2184.6826952238202
182120.0,2191.6336367209674
182140.0,2198.7675669052333
182160.0,2204.951731441387
182180.0,2209.9216791673193
182200.0,2214.2053936341154
182220.0,2218.8070229048208
182240.0,2224.6927486956565
182260.0,2232.105760416854
182280.0,2239.7856172380984
182300.0,2244.2484062331037
182320.0,2239.3777064588476
182340.0,2216.599966237015
182360.0,2165.908413897224
182380.0,2077.889281357758
182400.0,1946.6964841187357
182420.0,1773.545861150788
182440.0,1569.6851704480719
182460.0,1357.1338147671881
182480.0,1165.2954784238495
182500.0,1023.3946586993409
182520.0,953.0137766241817
182540.0,964.0605554254713
182560.0,1053.4349182427472
182580.0,1205.438100882984
182600.0,1394.1676267848347
182620.0,1588.9957253586042
182640.0,1762.4945033678935
182660.0,1897.007667905745
182680.0,1986.8952479485877
182700.0,2036.3372644779083
182720.0,2055.1591926848423
182740.0,2054.9057794487085
182760.0,2046.0483241625163
182780.0,2036.4563540845127
182800.0,2030.9256405669498
182820.0,2031.4584550998093
182840.0,2037.976177016124
182860.0,2049.1570593344045
182880.0,2063.182666924415
182900.0,2078.2972688500495
182920.0,2093.128091286758
182940.0,2106.7844981367134
182960.0,2118.8172068171016
182980.0,2129.109505751042
183000.0,2137.761057664306
183020.0,2144.9809209731657
183040.0,2150.9900862977047
183060.0,2155.959475042042
183080.0,2159.9956500092076
183100.0,2163.150350421858
183120.0,2165.4181867882207
183140.0,2166.7238734229672
183160.0,2166.9513741324995
183180.0,2166.0100927732697
183200.0,2163.893086127292
183220.0,2160.7016128306987
183240.0,2156.6392771900787
183260.0,2152.0326666338933
183280.0,2147.374465811056
183300.0,2143.339466914432
183320.0,2140.718712671876
183340.0,2140.233865484477
183360.0,2142.2415530500425
183380.0,2146.373215466885
183400.0,2151.184997374194
183420.0,2153.882024466046
183440.0,2150.2184161780574
183460.0,2134.7436821921556
183480.0,2101.5430045536245
183500.0,2045.5005020031301
183520.0,1963.9600399184455
183540.0,1858.3997723869481
183560.0,1735.3757836844663
183580.0,1605.8117775580845
183600.0,1482.108712295891
183620.0,1374.1315422765772
183640.0,1286.5779438868824
183660.0,1218.8983622557184
183680.0,1166.9891491005412
183700.0,1125.616503754331
183720.0,1090.8078054213984
183740.0,1061.696879899027
183760.0,1041.4850206894807
183780.0,1037.2982530172571
183800.0,1058.8299344369166
183820.0,1115.817486993345
183840.0,1214.6712584780296
183860.0,1354.9889148130437
183880.0,1527.2470790422462
183900.0,1713.503405094361
183920.0,1892.1231677925673
183940.0,2044.2601474770058
183960.0,2158.5723822717296
183980.0,2232.552335403709
184000.0,2270.9344419280137
184020.0,2282.74031794396
184040.0,2278.2538852570633
184060.0,2266.6739693270974
184080.0,2254.803762705808
184100.0,2246.707928482241
184120.0,2244.0338868109866
184140.0,2246.6567056471513
184160.0,2253.385261518561
184180.0,2262.5480339806054
184200.0,2272.3827306406015
184220.0,2281.2537130082474
184240.0,2287.738252278622
184260.0,2290.6432377611654
184280.0,2289.0254177170154
184300.0,2282.227209945663
184320.0,2269.9255859298755
184340.0,2252.1849380404146
184360.0,2229.482627504794
184380.0,2202.692526876433
184400.0,2173.0095379630848
184420.0,2141.808766668068
184440.0,2110.459316643669
184460.0,2080.160293792908
184480.0,2051.8222955615556
184500.0,2026.01563111523
184520.0,2003.0118405733901
184540.0,1982.8876613473847
184560.0,1965.6307057104186
184580.0,1951.2102933096642
184600.0,1939.6070963470906
184620.0,1930.7963670820704
184640.0,1924.7158677694902
184660.0,1921.250440020164
184680.0,1920.232319960694
184700.0,1921.443999831655
184720.0,1924.6023887532926
184740.0,1929.3482102887506
184760.0,1935.2755807078843
184780.0,1942.0082755056087
184800.0,1949.2899385678509
184820.0,1957.0110815095863
184840.0,1965.1732193161902
184860.0,1973.8283362984134
184880.0,1983.0124774204774
184900.0,1992.710769913571
184920.0,2002.847588915392
184940.0,2013.298247016979
184960.0,2023.9253132675537
184980.0,2034.619386414785
185000.0,2045.3340362021706
185020.0,2056.090942788053
185040.0,2066.9351806692457
185060.0,2077.8701998139054
185080.0,2088.8078584602645
185100.0,2099.545476382516
185120.0,2109.794546263689
185140.0,2119.2317692899023
185160.0,2127.5607275166412
185180.0,2134.6263801986483
185200.0,2140.5727570194613
185220.0,2145.9853169805974
185240.0,2151.9659268797404
185260.0,2160.103936951181
185280.0,2172.2777717689946
185300.0,2190.1990134637954
185320.0,2214.6703488630756
185340.0,2244.647164716731
185360.0,2276.28598365792
185380.0,2302.236488542282
185400.0,2311.569907194048
185420.0,2290.7806499827766
185440.0,2226.1541686638316
185460.0,2107.4797426184396
185480.0,1932.6419688207911
185500.0,1711.980027886521
185520.0,1470.4929900466423
185540.0,1245.1836182151542
185560.0,1075.6206065863048
185580.0,992.0506385487646
185600.0,1008.4637680756074
185620.0,1121.239104295609
185640.0,1311.1601915085307
185660.0,1547.7557537388616
185680.0,1796.004943823717
185700.0,2024.120567438354
185720.0,2209.2921468730515
185740.0,2340.0542509496795
185760.0,2415.6836991500177
185780.0,2443.6689656260733
185800.0,2436.3480119313467
185820.0,2407.526756404301
185840.0,2369.7325405042966
185860.0,2332.614008631106
185880.0,2302.372873962777
185900.0,2281.9398724993966
185920.0,2271.6231092497114
185940.0,2269.9661561022285
185960.0,2274.61991485003
185980.0,2283.0743074344746
186000.0,2293.151999958335
186020.0,2303.2536418025566
186040.0,2312.4079196507455
186060.0,2320.2174993999097
186080.0,2326.750847692017
186100.0,2332.3868066244336
186120.0,2337.62434155445
186140.0,2342.8970486760836
186160.0,2348.414559595846
186180.0,2354.0481751730904
186200.0,2359.3108571618113
186220.0,2363.4869099838215
186240.0,2365.9370438700694
186260.0,2366.400695834614
186280.0,2365.04217814008
186300.0,2362.2633937122628
186320.0,2358.4649989489717
186340.0,2353.862802096114
186360.0,2348.4210131639984
186380.0,2341.9254532591203
186400.0,2334.196079130731
186420.0,2325.3705156672827
186440.0,2316.147022056232
186460.0,2307.8664496517936
186480.0,2302.3312808135197
186500.0,2301.3290693970284
186520.0,2305.989486263767
186540.0,2316.179187612515
186560.0,2329.9953369840728
186580.0,2343.414697119892
186600.0,2350.237569229789
186620.0,2342.4891684395275
186640.0,2311.44713461731
186660.0,2249.4680893500154
186680.0,2152.5786358687014
186700.0,2023.404606653911
186720.0,1873.45091405194
186740.0,1723.1537453213998
186760.0,1598.0623005676262
186780.0,1521.4287602534216
186800.0,1506.8121146866438
186820.0,1554.494634032575
186840.0,1652.9773070740976
186860.0,1783.8541831720547
186880.0,1926.9861128803452
186900.0,2064.4642701113544
186920.0,2182.909527196613
186940.0,2274.361708749228
186960.0,2336.3316433909313
186980.0,2371.190675387675
187000.0,2384.8155709739303
187020.0,2384.660234192189
187040.0,2377.9138325355007
187060.0,2370.2754735431035
187080.0,2365.4077658978613
187100.0,2364.9632706192842
187120.0,2368.970777474816
187140.0,2376.399296291874
187160.0,2385.736706720923
187180.0,2395.444194579938
187200.0,2404.2166819356585
187220.0,2411.081981013424
187240.0,2415.4076896526158
187260.0,2416.8442454027304
187280.0,2415.2443711370215
187300.0,2410.5925441342197
187320.0,2402.964218430438
187340.0,2392.51224672855
187360.0,2379.4621864215524
187380.0,2364.1039114293644
187400.0,2346.778242529039
187420.0,2327.862798243859
187440.0,2307.762563031998
187460.0,2286.8912529024265
187480.0,2265.65506999247
187500.0,2244.4802227459345
187520.0,2223.8990365176005
187540.0,2204.666203115797
187560.0,2187.8700337484506
187580.0,2174.9688712044613
187600.0,2167.6606900856505
187620.0,2167.53722568793
187640.0,2175.5342321117687
187660.0,2191.2446119872525
187680.0,2212.2106897074727
187700.0,2233.3809527639833
187720.0,2246.9777948926803
187740.0,2243.0450170486306
187760.0,2210.921559040139
187780.0,2141.737804821912
187800.0,2031.6947681990616
187820.0,1885.4465267994187
187840.0,1718.3542941261371
187860.0,1555.8232414275565
187880.0,1428.1046638615894
187900.0,1361.7412480979824
187920.0,1372.0933571989096
187940.0,1459.333085583116
187960.0,1608.3173523162213
187980.0,1792.9052627287444
188000.0,1983.4205547814006
188020.0,2153.863109721151
188040.0,2286.6822055960633
188060.0,2374.5893649793043
188080.0,2419.6679886416173
188100.0,2430.6500806214394
188120.0,2419.498803103635
188140.0,2398.134067920393
188160.0,2376.039587730777
188180.0,2359.1561012260436
188200.0,2349.950942606035
188220.0,2348.308994848775
188240.0,2352.6634700778823
188260.0,2360.9323609527555
188280.0,2371.13451144601
188300.0,2381.6940637414823
188320.0,2391.5194014625695
188340.0,2399.964308384346
188360.0,2406.750212662588
188380.0,2411.8627150559514
188400.0,2415.4347226413443
188420.0,2417.6369222150447
188440.0,2418.5805140604216
188460.0,2418.233816232171
188480.0,2416.413412427529
188500.0,2412.885973287209
188520.0,2407.5232205302477
188540.0,2400.463652176636
188560.0,2392.275628979635
188580.0,2384.0800747609364
188600.0,2377.5629318970505
188620.0,2374.803141251593
188640.0,2377.835425822526
188660.0,2387.906857208396
188680.0,2404.521721009801
188700.0,2424.4706846043564
188720.0,2441.1069560306996
188740.0,2444.234510342206
188760.0,2421.015766398389
188780.0,2358.178862025138
188800.0,2245.558179127631
188820.0,2080.5845874598554
188840.0,1872.7100891034595
188860.0,1645.970089554918
188880.0,1437.1369674553503
188900.0,1286.965226699023
188920.0,1226.9554100573107
188940.0,1269.9613648605882
188960.0,1407.6943834351555
188980.0,1613.6552061924922
189000.0,1850.505998228326
189020.0,2080.176477679875
189040.0,2272.888364908823
189060.0,2412.2171315129767
189080.0,2495.3690260392523
189100.0,2529.927870367753
189120.0,2529.264531511969
189140.0,2508.1969871666647
189160.0,2479.7655072082207
189180.0,2453.4335925372748
189200.0,2434.615809953328
189220.0,2425.148485530354
189240.0,2424.2802396921543
189260.0,2429.804840217905
189280.0,2439.043358174912
189300.0,2449.5236565658406
189320.0,2459.3604027933884
189340.0,2467.4022639437944
189360.0,2473.1756408029905
189380.0,2476.680799428484
189400.0,2478.148077352892
189420.0,2477.857242510586
189440.0,2476.065185535675
189460.0,2472.997484603836
189480.0,2468.8646075653824
189500.0,2463.870372258507
189520.0,2458.1937388158385
189540.0,2451.975351785949
189560.0,2445.319146523119
189580.0,2438.306504846946
189600.0,2431.0053791558107
189620.0,2423.461523068744
189640.0,2415.695836103309
189660.0,2407.7290869061103
189680.0,2399.640954379924
189700.0,2391.646262211743
189720.0,2384.1670406316416
189740.0,2377.861312071374
189760.0,2373.599450004215
189780.0,2372.3974707294647
189800.0,2375.285929279912
189820.0,2383.080642995279
189840.0,2396.064146387628
189860.0,2413.649491886674
189880.0,2434.1670856383157
189900.0,2455.012062024613
189920.0,2473.356070109327
189940.0,2487.2316718381207
189960.0,2496.2802508361124
189980.0,2501.809742199014
190000.0,2506.3575807306825
190020.0,2512.960619806198
190040.0,2524.2856434353807
190060.0,2541.719692210063
190080.0,2564.5210447318027
190100.0,2589.21309292209
190120.0,2609.3891021289837
190140.0,2616.1222269756936
190160.0,2599.1683088353557
190180.0,2549.0344500113715
190200.0,2459.8468407625332
190220.0,2332.595907990938
190240.0,2177.897445308888
190260.0,2016.7875709521836
190280.0,1877.6296416494765
190300.0,1788.1729142728504
190320.0,1765.8481202791565
190340.0,1812.2770426031843
190360.0,1914.0372659833185
190380.0,2048.0767405883003
190400.0,2188.7867304722927
190420.0,2314.3845892777563
190440.0,2411.1207944188945
190460.0,2474.2141663875873
190480.0,2506.113937186742
190500.0,2513.6299966789334
190520.0,2505.1687773348704
190540.0,2488.732651808929
190560.0,2470.8014653245673
190580.0,2455.979961779236
190600.0,2447.174716493681
190620.0,2446.0350957296396
190640.0,2453.3767627824836
190660.0,2469.342271987048
190680.0,2493.191476342622
190700.0,2522.764885659787
190720.0,2553.7646760260427
190740.0,2579.1543239967723
190760.0,2589.0454695399726
190780.0,2571.454552382129
190800.0,2514.199564135134
190820.0,2408.0148771194663
190840.0,2250.566768578447
190860.0,2050.424591051765
190880.0,1829.3705901381331
190900.0,1620.8226552955648
190920.0,1462.4021450085634
190940.0,1384.4122333295827
190960.0,1400.7153608012563
190980.0,1505.2919549697888
191000.0,1674.0679136340245
191020.0,1871.8042627935563
191040.0,2062.5058601644005
191060.0,2218.8907047579587
191080.0,2327.29722346089
191100.0,2387.2475588102025
191120.0,2407.459812739974
191140.0,2400.917360428968
191160.0,2380.740941379848
191180.0,2357.559699490866
191200.0,2338.3960699899967
191220.0,2326.6959978895493
191240.0,2323.0265474569887
191260.0,2326.058475744331
191280.0,2333.550280879729
191300.0,2343.147853525069
191320.0,2352.911989739966
191340.0,2361.5734934205516
191360.0,2368.578925654037
191380.0,2374.0321748361675
191400.0,2378.5932042387444
191420.0,2383.334702677884
191440.0,2389.5282844009357
191460.0,2398.309679115454
191480.0,2410.178813430093
191500.0,2424.363497251442
191520.0,2438.1808397266764
191540.0,2446.5951278742023
191560.0,2442.2060480327596
191580.0,2415.892915749474
191600.0,2358.327959152482
191620.0,2262.353558919327
191640.0,2125.856329006133
191660.0,1954.3167518945652
191680.0,1761.6233233260925
191700.0,1567.4149766991916
191720.0,1391.1509624203136
191740.0,1247.2145813195552
191760.0,1143.660860659751
191780.0,1083.3515253879875
191800.0,1065.7420907032028
191820.0,1088.182956257312
191840.0,1146.2806447318753
191860.0,1233.5461152394255
191880.0,1341.1956692208785
191900.0,1459.4052816065275
191920.0,1580.2233544739577
191940.0,1699.5955570249976
191960.0,1816.739573711313
191980.0,1931.833125094689
192000.0,2043.9089482739832
192020.0,2150.013735060061
192040.0,2245.6224892540163
192060.0,2325.926083011134
192080.0,2387.3520838613954
192100.0,2428.72031282328
192120.0,2451.535514502407
192140.0,2459.377151868803
192160.0,2456.8475170635334
192180.0,2448.6140217352595
192200.0,2438.681385714109
192220.0,2429.8950790384843
192240.0,2423.7553566646593
192260.0,2420.548590236363
192280.0,2419.6746761001405
192300.0,2420.044228354813
192320.0,2420.4420608670544
192340.0,2419.8067459114936
192360.0,2417.4386567537836
192380.0,2413.1038053300517
192400.0,2406.981155283421
192420.0,2399.5023434246273
192440.0,2391.1831456319337
192460.0,2382.5092367110274
192480.0,2373.8909745339456
192500.0,2365.669365828584
192520.0,2358.1431983951147
192540.0,2351.5953908600495
192560.0,2346.288502323955
192580.0,2342.4174007962583
192600.0,2340.043135969398
192620.0,2339.055672946986
192640.0,2339.1708244449374
192660.0,2339.987243212888
192680.0,2341.098680482815
192700.0,2342.1577351094775
192720.0,2342.907921263828
192740.0,2343.21012065951
192760.0,2343.049654895444
192780.0,2342.5185946946003
192800.0,2341.763446278441
192820.0,2340.9548602703053
192840.0,2340.3012278826177
192860.0,2340.0380668452244
192880.0,2340.3584330777385
192900.0,2341.34335653435
192920.0,2342.9562338101814
192940.0,2345.0827996522285
192960.0,2347.566599975284
192980.0,2350.2375139017236
193000.0,2352.9557646303265
193020.0,2355.656788856583
193040.0,2358.3496550938585
193060.0,2361.080790648057
193080.0,2363.8946444561234
193100.0,2366.7991396398934
193120.0,2369.729767750012
193140.0,2372.5286826002693
193160.0,2374.9594564068507
193180.0,2376.76497070574
193200.0,2377.7432716689286
193220.0,2377.78172862095
193240.0,2376.856053476176
193260.0,2375.011164008733
193280.0,2372.3073819733427
193300.0,2368.767043383528
193320.0,2364.389508963286
193340.0,2359.2418773971963
193360.0,2353.5904405148126
193380.0,2348.019871123175
193400.0,2343.490207385691
193420.0,2341.2915574200365
193440.0,2342.8570476334485
193460.0,2349.374328873681
193480.0,2361.208467144698
193500.0,2377.2668850694536
193520.0,2394.4316775206057
193540.0,2407.2106699462747
193560.0,2407.851063535464
193580.0,2387.151464221569
193600.0,2336.135545010605
193620.0,2248.5807467731147
193640.0,2124.076474223218
193660.0,1970.862965504731
193680.0,1807.1269317623278
193700.0,1658.8260885100567
193720.0,1553.1845764146933
193740.0,1511.2028911620928
193760.0,1542.8100870180886
193780.0,1644.8095538098382
193800.0,1801.306962280029
193820.0,1987.1438022723719
193840.0,2174.1142476568516
193860.0,2337.4702357461306
193880.0,2460.47839828781
193900.0,2536.245639193282
193920.0,2567.0965387628403
193940.0,2562.268595155
193960.0,2534.5295573330814
193980.0,2496.7327340382453
194000.0,2459.3412290343736
194020.0,2429.2067711167324
194040.0,2409.4420365053347
194060.0,2400.0860528030503
194080.0,2399.1770147194243
194100.0,2403.853175099648
194120.0,2411.2247243165557
194140.0,2418.926033930514
194160.0,2425.3590887168452
194180.0,2429.673492946671
194200.0,2431.6000681848127
194220.0,2431.269408768959
194240.0,2429.0447653357655
194260.0,2425.342608895727
194280.0,2420.467862701466
194300.0,2414.5154159109447
194320.0,2407.382563657179
194340.0,2398.9235850407617
194360.0,2389.167232998741
194380.0,2378.445311685316
194400.0,2367.344181158097
194420.0,2356.513013275659
194440.0,2346.430175300832
194460.0,2337.238529125504
194480.0,2328.7496024354564
194500.0,2320.5780458126037
194520.0,2312.311642938253
194540.0,2303.652257422
194560.0,2294.4989376203694
194580.0,2284.9829294356914
194600.0,2275.5425390239816
194620.0,2267.0358853930293
194640.0,2260.756721417177
194660.0,2258.274127441532
194680.0,2261.1659213226976
194700.0,2270.7106957967435
194720.0,2287.4690502280237
194740.0,2310.7003012652813
194760.0,2337.6429532516786
194780.0,2362.8749505295445
194800.0,2378.0931511141316
194820.0,2372.673280701809
194840.0,2335.271016403842
194860.0,2256.458457062081
194880.0,2132.0992754315334
194900.0,1966.7883944079797
194920.0,1776.0994929394933
194940.0,1585.8019486323276
194960.0,1426.550873209419
194980.0,1326.008443206861
195000.0,1302.6672239052277
195020.0,1362.3823801159106
195040.0,1497.0721135195822
195060.0,1685.9596722514623
195080.0,1900.3249692315298
195100.0,2110.6251680842483
195120.0,2292.8111144481077
195140.0,2432.048611425631
195160.0,2523.5205885852056
195180.0,2570.838626231548
195200.0,2583.121930367678
195220.0,2571.7147281871858
195240.0,2547.3513183411924
195260.0,2518.4221516769494
195280.0,2490.5046900198554
195300.0,2466.687186619443
195320.0,2448.0953339065077
195340.0,2434.4569988532517
195360.0,2424.6224286274473
195380.0,2417.0328779820074
195400.0,2410.1252635595656
195420.0,2402.619896225761
195440.0,2393.674500480191
195460.0,2382.898536837191
195480.0,2370.283353982661
195500.0,2356.1222890734643
195520.0,2340.9346944238996
195540.0,2325.369566632802
195560.0,2310.080776373566
195580.0,2295.5918385593786
195600.0,2282.176007951657
195620.0,2269.812019134783
195640.0,2258.264242926958
195660.0,2247.218960545938
195680.0,2236.3884687676923
195700.0,2225.5837588809395
195720.0,2214.781800749284
195740.0,2204.1803558104266
195760.0,2194.2220806314085
195780.0,2185.5774968593687
195800.0,2179.097173547103
195820.0,2175.8015621942614
195840.0,2176.9043979224207
195860.0,2183.7081321596042
195880.0,2197.2674631189975
195900.0,2217.8326741388573
195920.0,2244.1638378475727
195940.0,2272.830825132001
195960.0,2297.6783513732357
195980.0,2309.7446390662985
196000.0,2297.9966019748085
196020.0,2251.1723191934293
196040.0,2160.786598100145
196060.0,2024.9132147042055
196080.0,1851.7953556666519
196100.0,1661.731576131775
196120.0,1485.108695643655
196140.0,1354.9707669908594
196160.0,1297.0295171998464
196180.0,1323.2081044814759
196200.0,1430.0365234303495
196220.0,1600.2754481276438
196240.0,1806.8990685967933
196260.0,2019.2057162279543
196280.0,2209.6715418660788
196300.0,2359.262065026414
196320.0,2459.7940861875786
196340.0,2513.2205635385644
196360.0,2528.669494262217
196380.0,2518.563062387938
196400.0,2495.180024128823
196420.0,2468.397861080054
196440.0,2444.7236371789486
196460.0,2427.3606496311263
196480.0,2416.912132334207
196500.0,2412.373715501638
196520.0,2412.118912835515
196540.0,2414.6328423849213
196560.0,2418.8717708767194
196580.0,2424.3186612918807
196600.0,2430.8260345651474
196620.0,2438.296442893782
196640.0,2446.3572817937056
196660.0,2454.232951968538
196680.0,2460.9084908563914
196700.0,2465.3966479399837
196720.0,2466.8612437941306
196740.0,2464.5993635691275
196760.0,2458.0226021261487
196780.0,2446.758409392709
196800.0,2430.885358195255
196820.0,2411.161662472721
196840.0,2389.0841769516223
196860.0,2366.646674763084
196880.0,2345.7625327578653
196900.0,2327.6915027119917
196920.0,2312.872492618196
196940.0,2301.0886466135044
196960.0,2291.7427132780003
196980.0,2284.1185604457573
197000.0,2277.5721691815497
197020.0,2271.6310631762094
197040.0,2266.0107905361074
197060.0,2260.581227605327
197080.0,2255.3136551683024
197100.0,2250.228575876598
197120.0,2245.337263697695
197140.0,2240.5808635859935
197160.0,2235.7894474344625
197180.0,2230.701222866239
197200.0,2225.0415198320966
197220.0,2218.627740958634
197240.0,2211.459788524617
197260.0,2203.7806804062684
197280.0,2196.1246410587237
197300.0,2189.3385754858546
197320.0,2184.5388683367796
197340.0,2182.9772749669855
197360.0,2185.788380639621
197380.0,2193.5901329742987
197400.0,2205.9581731085646
197420.0,2220.861899629773
197440.0,2234.2143715085804
197460.0,2239.750300736431
197480.0,2229.442694863469
197500.0,2194.650117808729
197520.0,2128.061101833065
197540.0,2026.2719158202185
197560.0,1892.508480720884
197580.0,1738.4957483944509
197600.0,1583.8811402898696
197620.0,1451.9314669541302
197640.0,1363.1965022400132
197660.0,1331.167837271833
197680.0,1360.879573587246
197700.0,1449.0669581208122
197720.0,1584.9406415716226
197740.0,1751.5804359528597
197760.0,1928.5951767877518
197780.0,2095.9962049608953
197800.0,2237.897433845274
197820.0,2344.788400456954
197840.0,2413.9792419215632
197860.0,2448.6420690723908
197880.0,2456.0463338214768
197900.0,2445.35902571179
197920.0,2425.526569618858
197940.0,2403.821679205268
197960.0,2385.170788960225
197980.0,2372.0933847524857
198000.0,2365.0526838345017
198020.0,2363.079305452518
198040.0,2364.5005382462205
198060.0,2367.586800188922
198080.0,2371.000339914029
198100.0,2374.0175809830707
198120.0,2376.4893943163916
198140.0,2378.591080000255
198160.0,2380.5386535447697
198180.0,2382.420214184233
198200.0,2384.149228311734
198220.0,2385.484804888291
198240.0,2386.1080385490222
198260.0,2385.7333595718114
198280.0,2384.1996452860903
198300.0,2381.5153151503664
198320.0,2377.846672132927
198340.0,2373.470605219139
198360.0,2368.719127447812
198380.0,2363.922636780762
198400.0,2359.346466720147
198420.0,2355.1449807802264
198440.0,2351.3317344692864
198460.0,2347.7267353440984
198480.0,2343.9677588836857
198500.0,2339.7088114161693
198520.0,2334.8831198588578
198540.0,2329.814611698411
198560.0,2325.158477517016
198580.0,2321.7418230068733
198600.0,2320.399233527037
198620.0,2321.8387808903026
198640.0,2326.5134099584366
198660.0,2334.5153730219704
198680.0,2345.5610535433234
198700.0,2359.176936231015
198720.0,2375.069111303732
198740.0,2393.092314191423
198760.0,2412.3923024850274
198780.0,2430.726026013316
198800.0,2444.1235904639484
198820.0,2446.7496302427744
198840.0,2431.2234789858817
198860.0,2389.744838844824
198880.0,2316.168284649322
198900.0,2208.6706830700814
198920.0,2072.0760071429245
198940.0,1918.4979575869577
198960.0,1765.0580098669611
198980.0,1629.3770467885317
199000.0,1526.0898743600715
199020.0,1465.6943737253198
199040.0,1454.559058642478
199060.0,1494.8992674994602
199080.0,1584.1947543564634
199100.0,1714.2997953819777
199120.0,1871.3008151684458
199140.0,2037.5877796793186
199160.0,2195.9968551119127
199180.0,2333.4394828635204
199200.0,2442.4209414517204
199220.0,2520.8534308372946
199240.0,2570.7899844403883
199260.0,2596.6865893159083
199280.0,2603.9305990774105
199300.0,2598.009213390781
199320.0,2584.168234471216
199340.0,2567.192736239152
199360.0,2551.143417299983
199380.0,2539.0969951330267
199400.0,2532.890945945531
199420.0,2532.89609186845
199440.0,2537.8655251138075
199460.0,2545.005618787117
199480.0,2550.465325316534
199500.0,2550.319700375227
199520.0,2541.6606158578224
199540.0,2523.2447732862906
199560.0,2495.6154999993714
199580.0,2460.814067903096
199600.0,2421.753660292976
199620.0,2381.4051062013614
199640.0,2342.142279231967
199660.0,2305.5142305596214
199680.0,2272.3556278710807
199700.0,2243.0030926119043
199720.0,2217.48237513619
199740.0,2195.658986886894
199760.0,2177.334692130964
199780.0,2162.2631159025086
199800.0,2150.088742076886
199820.0,2140.2943861586127
199840.0,2132.251131273286
199860.0,2125.3586503943397
199880.0,2119.2180720227707
199900.0,2113.7963518042734
199920.0,2109.526754787023
199940.0,2107.2867552001453
199960.0,2108.2084324997477
199980.0,2113.3454333702152
200000.0,2123.2169229550063
200020.0,2137.2316579803964
200040.0,2153.100633523064
200060.0,2166.4652342184063
200080.0,2170.9429302314043
200100.0,2158.7403540259497
200120.0,2121.945119244368
200140.0,2054.4932601939463
200160.0,1954.5336899045355
200180.0,1826.5634662130155
200200.0,1682.374653992289
200220.0,1539.3167723865763
200240.0,1415.2128077858113
200260.0,1323.1369670271436
200280.0,1269.3358385393233
200300.0,1253.7616503168151
200320.0,1271.7137376659118
200340.0,1315.591729456915
200360.0,1376.3618935218433
200380.0,1444.8655887768878
200400.0,1513.389945592636
200420.0,1577.3200078284353
200440.0,1635.9008094165642
200460.0,1691.9696427712327
200480.0,1750.8417826923019
200500.0,1818.1804504686102
200520.0,1897.3254818370751
200540.0,1987.3130358263472
200560.0,2082.5372684556464
200580.0,2174.1389011221395
200600.0,2252.6736572205873
200620.0,2311.1290879372273
200640.0,2347.0240870595408
200660.0,2362.6374783542074
200680.0,2363.488512634861
200700.0,2356.1783350105975
200720.0,2346.620044596168
200740.0,2339.019280158541
200760.0,2335.587854086975
200780.0,2336.7786669686984
200800.0,2341.775625324942
200820.0,2349.0652239529563
200840.0,2356.96988118287
200860.0,2364.069126847394
200880.0,2369.4563054085856
200900.0,2372.8309873652843
200920.0,2374.4812856086874
200940.0,2375.1645992249073
200960.0,2375.8817779254196
200980.0,2377.5741200330717
201000.0,2380.759196656882
201020.0,2385.1458608927924
201040.0,2389.2577405410916
201060.0,2390.111192046792
201080.0,2383.099812285625
201100.0,2362.2569301451617
201120.0,2321.0600448764662
201140.0,2253.898055674384
201160.0,2158.0931128837283
201180.0,2035.9081935506613
201200.0,1895.7346112863463
201220.0,1751.4186962364863
201240.0,1619.2176281380127
201260.0,1514.3550873182498
201280.0,1449.1009987482885
201300.0,1431.89832815623
201320.0,1466.5804440168022
201340.0,1551.2941493824324
201360.0,1677.4997838842414
201380.0,1830.1730071267593
201400.0,1990.3095664343114
201420.0,2139.0886167565527
201440.0,2261.8723561087368
201460.0,2350.696021431553
201480.0,2404.70763335681
201500.0,2429.002199562311
201520.0,2432.437662663383
201540.0,2424.925709185516
201560.0,2415.026161185503
201580.0,2408.432608824062
201600.0,2407.500225342572
201620.0,2411.614366973259
201640.0,2418.0741012691933
201660.0,2423.193204812081
201680.0,2423.4288540404345
201700.0,2416.2991836241076
201720.0,2400.844488536063
201740.0,2377.5647101243635
201760.0,2347.987505786579
201780.0,2314.1165793881
201800.0,2277.9414418268543
201820.0,2241.0927114250057
201840.0,2204.6576911064694
201860.0,2169.1322924516912
201880.0,2134.472281032581
201900.0,2100.2110780271446
201920.0,2065.6238287845526
201940.0,2029.9296924281175
201960.0,1992.5296893038844
201980.0,1953.2719521977506
202000.0,1912.7191042034156
202020.0,1872.366778274299
202040.0,1834.7352265744212
202060.0,1803.2388754347116
202080.0,1781.7461068018347
202100.0,1773.7891236022956
202120.0,1781.4846565380212
202140.0,1804.386438664086
202160.0,1838.706271745418
202180.0,1877.5207231556076
202200.0,1912.1787235319593
202220.0,1934.3342614900298
202240.0,1937.8715653881852
202260.0,1920.3365654509576
202280.0,1883.708504001123
202300.0,1834.2306192713925
202320.0,1780.9107409891872
202340.0,1732.610857706098
202360.0,1695.0598664417807
202380.0,1669.8014219417696
202400.0,1655.361615907224
202420.0,1648.9634332020112
202440.0,1647.7319166031498
202460.0,1649.3299210497935
202480.0,1652.1857114007441
202500.0,1655.4696252097413
202520.0,1658.9265910261224
202540.0,1662.6386604591116
202560.0,1666.7904387637016
202580.0,1671.5180830136392
202600.0,1676.8564601534076
202620.0,1682.740533081312
202640.0,1689.024877192483
202660.0,1695.4910664290242
202680.0,1701.8519079056707
202700.0,1707.7721051022795
202720.0,1712.912890116013
202740.0,1716.9938888932804
202760.0,1719.8635226571307
202780.0,1721.5752696050417
202800.0,1722.41030265293
202820.0,1722.825659824114
202840.0,1723.3625938650937
202860.0,1724.543681273032
202880.0,1726.7911298100298
202900.0,1730.3879115800592
202920.0,1735.4815664135651
202940.0,1742.112134243152
202960.0,1750.2526740540693
202980.0,1759.848083033604
203000.0,1770.8234084545534
203020.0,1783.0739851465846
203040.0,1796.4862700823498
203060.0,1810.9705014299793
203080.0,1826.4558630848212
203100.0,1842.8520068092098
203120.0,1860.0209905027991
203140.0,1877.7698924325073
203160.0,1895.8552638734814
203180.0,1914.0027273837707
203200.0,1931.9320437168003
203220.0,1949.3803965345055
203240.0,1966.1085238159612
203260.0,1981.896662732539
203280.0,1996.5543988179174
203300.0,2009.9503163057045
203320.0,2022.0356834447346
203340.0,2032.861276200128
203360.0,2042.5850734475382
203380.0,2051.422634361882
203400.0,2059.552376825467
203420.0,2067.045362490325
203440.0,2073.8585761544787
203460.0,2079.8678623465503
203480.0,2084.9193266888715
203500.0,2088.8782222419995
203520.0,2091.658390346493
203540.0,2093.2435329975115
203560.0,2093.74276944873
203580.0,2093.48926167264
203600.0,2093.112350796115
203620.0,2093.531772755417
203640.0,2095.86529139603
203660.0,2101.2225584275093
203680.0,2110.3934029966745
203700.0,2123.4413741947324
203720.0,2139.239008051385
203740.0,2155.0105400311654
203760.0,2166.012151165307
203780.0,2165.524570608033
203800.0,2145.347934261012
203820.0,2097.0034624764844
203840.0,2013.8865348176016
203860.0,1894.2550551046122
203880.0,1744.2428282737608
203900.0,1579.5596109108353
203920.0,1424.2894887110215
203940.0,1306.0544734709497
203960.0,1249.094276732443
203980.0,1267.4405452087901
204000.0,1360.0062655889296
204020.0,1509.9786133475452
204040.0,1690.1071074658103
204060.0,1871.130432896398
204080.0,2028.9999332857838
204100.0,2149.0592619283016
204120.0,2226.790943126467
204140.0,2265.8858218768432
204160.0,2275.0197697566437
204180.0,2264.744315181011
204200.0,2245.1480804970506
204220.0,2224.3242397145473
204240.0,2207.653586825628
204260.0,2197.8213694758742
204280.0,2195.299549658218
204300.0,2199.0147724000426
204320.0,2207.036385392659
204340.0,2217.1756913535505
204360.0,2227.418600593468
204380.0,2236.1535348015796
204400.0,2242.2554326111776
204420.0,2245.1018048097785
204440.0,2244.553186218105
204460.0,2240.8932419889106
204480.0,2234.7196348331668
204500.0,2226.7841520402544
204520.0,2217.8414947330725
204540.0,2208.559999269645
204560.0,2199.484445652218
204580.0,2191.047812334401
204600.0,2183.595305176085
204620.0,2177.3896815017183
204640.0,2172.609848408111
204660.0,2169.3708341099123
204680.0,2167.7500275612083
204700.0,2167.7737716898
204720.0,2169.371669967904
204740.0,2172.3293707844373
204760.0,2176.2745962609006
204780.0,2180.723126968163
204800.0,2185.177301358547
204820.0,2189.25343576111
204840.0,2192.833657075007
204860.0,2196.2131824499634
204880.0,2200.217096248087
204900.0,2206.20691879915
204920.0,2215.903173573475
204940.0,2230.975885144124
204960.0,2252.3933827046176
204980.0,2279.5879869741757
205000.0,2309.573677873359
205020.0,2336.2627936912695
205040.0,2350.313143543982
205060.0,2339.860513755873
205080.0,2292.3997739356446
205100.0,2197.847939235189
205120.0,2052.4635217088826
205140.0,1862.745106861358
205160.0,1647.8217002348308
205180.0,1438.1957667334862
205200.0,1268.9248104899516
205220.0,1169.5925759192933
205240.0,1156.9524087505863
205260.0,1231.9346895614758
205280.0,1379.9816946335034
205300.0,1574.4839734227503
205320.0,1783.5186924427185
205340.0,1977.7890018969217
205360.0,2136.4491587085413
205380.0,2249.524575988442
205400.0,2317.294985882796
205420.0,2347.5840756468506
205440.0,2351.987336947721
205460.0,2342.16098543104
205480.0,2327.24188852093
205500.0,2312.929658875749
205520.0,2301.9349821316578
205540.0,2294.944652597768
205560.0,2291.528976883948
205580.0,2290.8026642408017
205600.0,2291.8218353616967
205620.0,2293.771602729809
205640.0,2296.0409405494884
205660.0,2298.248257097023
205680.0,2300.177515711916
205700.0,2301.625798113916
205720.0,2302.29516652873
205740.0,2301.8078976821744
205760.0,2299.812963330639
205780.0,2296.104592604157
205800.0,2290.679428694224
205820.0,2283.7209858393476
205840.0,2275.5396140060575
205860.0,2266.5029314724297
205880.0,2256.9691996313695
205900.0,2247.2389106954047
205920.0,2237.5414064294064
205940.0,2228.0460743739486
205960.0,2218.8903590574323
205980.0,2210.219644603579
206000.0,2202.2106045137693
206020.0,2195.036586018955
206040.0,2188.8151816577815
206060.0,2183.5878297861354
206080.0,2179.3317421287843
206100.0,2175.990185696558
206120.0,2173.519720819388
206140.0,2171.927396149468
206160.0,2171.269741126316
206180.0,2171.6074566939214
206200.0,2172.956580757051
206220.0,2175.2686935971533
206240.0,2178.425897699931
206260.0,2182.2372358820926
206280.0,2186.4449397221074
206300.0,2190.7535077051775
206320.0,2194.8645196818425
206340.0,2198.491374215437
206360.0,2201.379656562259
206380.0,2203.363585700166
206400.0,2204.4651073227324
206420.0,2205.035081303881
206440.0,2205.8850677264268
206460.0,2208.3434392983263
206480.0,2214.173589228985
206500.0,2225.292069994634
206520.0,2243.2268916803805
206540.0,2268.2988232472853
206560.0,2298.6281279704726
206580.0,2329.2161447341714
206600.0,2351.467304230834
206620.0,2353.5227078746384
206640.0,2321.7206802153705
206660.0,2243.3893026223614
206680.0,2110.913796044761
206700.0,1926.458098806852
206720.0,1705.8249986092487
206740.0,1479.1638511981416
206760.0,1285.7099242608629
206780.0,1162.1244822323426
206800.0,1131.2571999682857
206820.0,1197.4691137317363
206840.0,1347.522463271219
206860.0,1554.8122406964671
206880.0,1785.8967407076611
206900.0,2008.1150625916257
206920.0,2195.895885623778
206940.0,2334.341295640966
206960.0,2419.8586319358187
206980.0,2458.2704304712233
207000.0,2461.347276367548
207020.0,2442.8538802339253
207040.0,2415.265248905817
207060.0,2387.8721690470893
207080.0,2366.244190169193
207100.0,2352.652071215488
207120.0,2347.0021646102923
207140.0,2347.849462695045
207160.0,2353.233351017717
207180.0,2361.2264470870978
207200.0,2370.198974132517
207220.0,2378.8549731716216
207240.0,2386.166923006886
207260.0,2391.3164382479695
207280.0,2393.686267935949
207300.0,2392.903926072778
207320.0,2388.9026055678614
207340.0,2381.9346253267568
207360.0,2372.4922457417147
207380.0,2361.190454572371
207400.0,2348.6977784612177
207420.0,2335.7572979708125
207440.0,2323.304933681119
207460.0,2312.6272817555277
207480.0,2305.440980311414
207500.0,2303.768057112838
207520.0,2309.502611247724
207540.0,2323.6594845234067
207560.0,2345.406386589101
207580.0,2371.081954742237
207600.0,2393.485810936316
207620.0,2401.7729521430615
207640.0,2382.314919933763
207660.0,2320.9027377012
207680.0,2206.3943107998457
207700.0,2035.3721155105527
207720.0,1816.7164510439943
207740.0,1574.1287280575923
207760.0,1343.6769271785217
207780.0,1164.509742787
207800.0,1067.305099662613
207820.0,1067.5712445070944
207840.0,1164.1713902791082
207860.0,1340.8425403469334
207880.0,1569.6664094416908
207900.0,1816.720277805099
207920.0,2049.4767323053748
207940.0,2243.32634294487
207960.0,2385.129843946027
207980.0,2473.2953115764913
208000.0,2515.143290928679
208020.0,2522.9931075314266
208040.0,2510.2100554373114
208060.0,2488.323347512952
208080.0,2465.6857995455457
208100.0,2447.332315011835
208120.0,2435.4904437299706
208140.0,2430.423933906196
208160.0,2431.2137947794427
208180.0,2436.318936314001
208200.0,2444.0145208756185
208220.0,2452.6858144935263
208240.0,2460.9423374854573
208260.0,2467.645618979955
208280.0,2471.9420795888063
208300.0,2473.3330148584664
208320.0,2471.665648875432
208340.0,2467.0388361566684
208360.0,2459.7566930837284
208380.0,2450.3263328020153
208400.0,2439.398692656348
208420.0,2427.6828305721965
208440.0,2415.8876353287123
208460.0,2404.64952610763
208480.0,2394.4401002867785
208500.0,2385.5043591981516
208520.0,2377.848103241895
208540.0,2371.283939586599
208560.0,2365.537375614829
208580.0,2360.3839577320623
208600.0,2355.7923584470504
208620.0,2352.0474564098868
208640.0,2349.824155164416
208660.0,2350.173676206796
208680.0,2354.3699292902666
208700.0,2363.5417398341233
208720.0,2378.0984349605314
208740.0,2397.032395550163
208760.0,2417.245658717435
208780.0,2433.110007465844
208800.0,2436.5090447568723
208820.0,2417.645749334679
208840.0,2366.7793958745606
208860.0,2276.8837784858624
208880.0,2146.893476682686
208900.0,1984.6853699854596
208920.0,1808.2796551080742
208940.0,1643.1283081165886
208960.0,1515.139599511333
208980.0,1443.9602676963968
209000.0,1439.9762775150919
209020.0,1504.0039078742673
209040.0,1628.0348327155982
209060.0,1796.3727270408476
209080.0,1987.5387073901297
209100.0,2177.7735443943084
209120.0,2345.722212793021
209140.0,2476.531572791449
209160.0,2563.8375088504417
209180.0,2609.304934809872
209200.0,2620.52901174214
209220.0,2608.200912752499
209240.0,2583.2578065588373
209260.0,2554.8265567514927
209280.0,2529.3173751732365
209300.0,2510.423413226691
209320.0,2499.6165456391573
209340.0,2496.7853179535464
209360.0,2500.8314921235733
209380.0,2510.1252280323947
209400.0,2522.7978244403666
209420.0,2536.884768607809
209440.0,2550.3978068706515
209460.0,2561.445016801912
209480.0,2568.436292365709
209500.0,2570.292861232709
209520.0,2566.55710916525
209540.0,2557.339772095228
209560.0,2543.2089110657007
209580.0,2525.12921461739
209600.0,2504.3908015757984
209620.0,2482.4474815332346
209640.0,2460.6829875332833
209660.0,2440.2236650966797
209680.0,2421.85737507859
209700.0,2406.012211911011
209720.0,2392.767229613035
209740.0,2381.907961837561
209760.0,2373.0450214392504
209780.0,2365.791137232383
209800.0,2359.923856670449
209820.0,2355.402560581395
209840.0,2352.285395134579
209860.0,2350.625136349435
209880.0,2350.374273299996
209900.0,2351.326443839376
209920.0,2353.103617409344
209940.0,2355.1904810607857
209960.0,2357.028809128781
209980.0,2358.1578853199107
210000.0,2358.374071370715
210020.0,2357.8620397720974
210040.0,2357.2564478907548
210060.0,2357.6232919506074
210080.0,2360.3479874409377
210100.0,2366.888273913005
210120.0,2378.344368839161
210140.0,2394.85640516022
210160.0,2414.8894173547324
210180.0,2434.556769497512
210200.0,2447.2301222712176
210220.0,2443.740984152468
210240.0,2413.435084088273
210260.0,2346.233110698195
210280.0,2235.6214344653854
210300.0,2082.0915598839247
210320.0,1895.964181477229
210340.0,1697.8698201751577
210360.0,1514.8896746451942
210380.0,1373.2491434364053
210400.0,1292.1388935456723
210420.0,1280.5542842512375
210440.0,1336.2333751648198
210460.0,1446.1304141693618
210480.0,1588.8914088768727
210500.0,1740.0284549649925
210520.0,1878.2139000179498
210540.0,1989.7791623757046
210560.0,2070.0990546237904
210580.0,2122.076591337639
210600.0,2153.0234500431534
210620.0,2171.4688963144918
210640.0,2184.8348663915476
210660.0,2198.292915478629
210680.0,2214.6357734768567
210700.0,2234.7600567168324
210720.0,2258.255663292658
210740.0,2283.83229383259
210760.0,2309.6660294142985
210780.0,2333.834315417017
210800.0,2354.783098099251
210820.0,2371.669086995475
210840.0,2384.448654918835
210860.0,2393.714795378989
210880.0,2400.414416652779
210900.0,2405.55476265001
210920.0,2409.939106240444
210940.0,2413.9706090486798
210960.0,2417.576811724903
210980.0,2420.278999054173
211000.0,2421.374349530258
211020.0,2420.1533984244866
211040.0,2416.0914179042184
211060.0,2408.9833715116833
211080.0,2399.012017877057
211100.0,2386.721315643494
211120.0,2372.9026333659785
211140.0,2358.441141947474
211160.0,2344.169801427107
211180.0,2330.7683811492543
211200.0,2318.6871272796234
211220.0,2308.116329015631
211240.0,2299.0167385575865
211260.0,2291.194437928659
211280.0,2284.3985366346583
211300.0,2278.422042013073
211320.0,2273.1715811889617
211340.0,2268.65411950984
211360.0,2264.8912777274422
211380.0,2261.8300438146243
211400.0,2259.313254023259
211420.0,2257.147770973553
211440.0,2255.271163627514
211460.0,2253.9670670517035
211480.0,2254.0551389532534
211500.0,2256.947793644282
211520.0,2264.4839244682335
211540.0,2278.4988018884515
211560.0,2300.125210714774
211580.0,2328.8858889320927
211600.0,2361.696946781899
211620.0,2392.056100408678
211640.0,2409.7689467560585
211660.0,2401.5889192547857
211680.0,2353.1419306050884
211700.0,2252.25178506636
211720.0,2093.3495513139833
211740.0,1882.040417846193
211760.0,1638.0937761708033
211780.0,1394.332696297421
211800.0,1189.022623518668
211820.0,1054.396406600496
211840.0,1009.2850279480439
211860.0,1057.8364946875706
211880.0,1191.4294956372944
211900.0,1391.4565925102875
211920.0,1632.0992491492368
211940.0,1883.5305587646046
211960.0,2116.499420145625
211980.0,2307.6721992439266
212000.0,2443.770444193945
212020.0,2523.0142817850237
212040.0,2553.277444830538
212060.0,2548.0645429397982
212080.0,2522.361680971758
212100.0,2489.4961743595113
212120.0,2459.284164310218
212140.0,2437.4069964456603
212160.0,2425.772708468873
212180.0,2423.492176848781
212200.0,2428.101028273721
212220.0,2436.683380673338
212240.0,2446.6598579486254
212260.0,2456.1691443341665
212280.0,2464.112659637199
212300.0,2469.9859776520248
212320.0,2473.631212906571
212340.0,2475.0369994568196
212360.0,2474.233363859204
212380.0,2471.2483027286185
212400.0,2466.0977713028456
212420.0,2458.7963366948898
212440.0,2449.3932185212534
212460.0,2437.9963256797755
212480.0,2424.7631293501113
212500.0,2409.9023623603616
212520.0,2393.730747306866
212540.0,2376.7419348223216
212560.0,2359.6671066856616
212580.0,2343.5412917944395
212600.0,2329.731585939119
212620.0,2319.8438637975582
212640.0,2315.4422743994282
212660.0,2317.559767323589
212680.0,2326.0336399456546
212700.0,2338.772881167734
212720.0,2351.17035692864
212740.0,2355.916870768101
212760.0,2343.4818564887737
212780.0,2303.489345453575
212800.0,2227.083320565328
212820.0,2110.0741103916353
212840.0,1956.197373331425
212860.0,1779.2672301326534
212880.0,1602.5123780215388
212900.0,1453.5103819339677
212920.0,1356.2874994367892
212940.0,1325.7033537118882
212960.0,1365.7644644916097
212980.0,1470.2313687250924
213000.0,1624.2646897326447
213020.0,1806.9235806195234
213040.0,1994.931943080359
213060.0,2167.168834032872
213080.0,2308.2607530663395
213100.0,2410.3214716643683
213120.0,2472.6688137453316
213140.0,2500.1713700099162
213160.0,2501.07953521923
213180.0,2484.8437197513786
213200.0,2460.3213237066198
213220.0,2434.587221002092
213240.0,2412.4827355517605
213260.0,2396.683778155112
213280.0,2388.021394729466
213300.0,2385.928604466394
213320.0,2388.957495306515
213340.0,2395.280459795721
213360.0,2403.10236789358
213380.0,2410.9405356686975
213400.0,2417.760161052517
213420.0,2422.9806198299952
213440.0,2426.3927079523796
213460.0,2428.036141216431
213480.0,2428.0960819607917
213500.0,2426.8437467398244
213520.0,2424.5953446641165
213540.0,2421.6581230081515
213560.0,2418.2425412553034
213580.0,2414.3704639539824
213600.0,2409.833714003208
213620.0,2404.225506311654
213640.0,2397.051028989813
213660.0,2387.884973854337
213680.0,2376.514739443863
213700.0,2363.0191291848705
213720.0,2347.752204391333
213740.0,2331.258781667787
213760.0,2314.1804628222153
213780.0,2297.1805973470846
213800.0,2280.886136733412
213820.0,2265.859624991316
213840.0,2252.584759212824
213860.0,2241.433419469083
213880.0,2232.630300514994
213900.0,2226.24671888698
213920.0,2222.206145179497
213940.0,2220.2900324274888
213960.0,2220.131910155127
213980.0,2221.2070350956333
214000.0,2222.8940431202495
214020.0,2224.655160178173
214040.0,2226.265411633145
214060.0,2227.9597604249125
214080.0,2230.446782629733
214100.0,2234.814769922789
214120.0,2242.3503955436126
214140.0,2254.2599911313037
214160.0,2271.2606801037027
214180.0,2293.041598331741
214200.0,2317.6601474980207
214220.0,2341.0233620525496
214240.0,2356.684920708558
214260.0,2356.1862183567287
214280.0,2330.1560437893227
214300.0,2270.3114596736823
214320.0,2172.2572037123673
214340.0,2038.5347738821547
214360.0,1880.8396288245608
214380.0,1719.8637260822002
214400.0,1581.1698883503755
214420.0,1488.245937116284
214440.0,1457.0373232812576
214460.0,1493.3826013054945
214480.0,1592.3740331594727
214500.0,1739.1754911669923
214520.0,1911.7542275186374
214540.0,2085.7650804021714
214560.0,2239.910575975887
214580.0,2359.71007967192
214600.0,2438.8827798182324
214620.0,2478.574285920632
214640.0,2485.3533076918484
214660.0,2468.8020143838366
214680.0,2439.220712268596
214700.0,2405.768965204232
214720.0,2375.3143907190906
214740.0,2352.0026877471983
214760.0,2337.4166289573086
214780.0,2331.137977299958
214800.0,2331.478340540947
214820.0,2336.1663093733396
214840.0,2342.8621335717166
214860.0,2349.4765539174737
214880.0,2354.3391633444653
214900.0,2356.261948316799
214920.0,2354.5514172883195
214940.0,2349.0081421621094
214960.0,2339.906970203403
214980.0,2327.9401445897493
215000.0,2314.1231857200146
215020.0,2299.6906676197887
215040.0,2286.0307870565493
215060.0,2274.69375629477
215080.0,2267.3792428236366
215100.0,2265.764107867624
215120.0,2271.047380517541
215140.0,2283.1861566754114
215160.0,2299.970132602268
215180.0,2316.196105768053
215200.0,2323.286292417957
215220.0,2309.7364784585707
215240.0,2262.7042914121885
215260.0,2170.8573129834667
215280.0,2028.2928206215317
215300.0,1838.7961864351096
215320.0,1618.9536950215238
215340.0,1397.8300353304471
215360.0,1210.6261685101535
215380.0,1087.8046662072907
215400.0,1047.217335835348
215420.0,1092.5065108951653
215440.0,1215.2324387142744
215460.0,1398.1181857675244
215480.0,1618.1043266370154
215500.0,1849.1194710946322
215520.0,2065.342830913023
215540.0,2245.3919021781953
215560.0,2376.1446958544343
215580.0,2454.568948812798
215600.0,2486.810225165559
215620.0,2484.9760483193068
215640.0,2463.164216024893
215660.0,2434.1829045352997
215680.0,2407.5543108990046
215700.0,2388.8356598420005
215720.0,2379.965631591124
215740.0,2380.2217453920885
215760.0,2387.339086226276
215780.0,2398.4801883839996
215800.0,2410.9160664421383
215820.0,2422.406932731931
215840.0,2431.3127475233878
215860.0,2436.511122221353
215880.0,2437.247983773806
215900.0,2433.017973165125
215920.0,2423.5088432710468
215940.0,2408.635637507992
215960.0,2388.6100533950166
215980.0,2363.9807042442017
216000.0,2335.6255405868887
216020.0,2304.7122363666945
216040.0,2272.63160581699
216060.0,2240.8879972385203
216080.0,2210.9592152114687
216100.0,2184.12749330824
216120.0,2161.3031925163614
216140.0,2142.897754151597
216160.0,2128.7969323924763
216180.0,2118.4356607275904
216200.0,2110.95170996755
216220.0,2105.3918146180818
216240.0,2100.899096297894
216260.0,2096.8445882867163
216280.0,2092.896480724714
216300.0,2089.0652692325816
216320.0,2085.767926233704
216340.0,2083.842967351694
216360.0,2084.4631540989108
216380.0,2088.946839974318
216400.0,2098.495177162191
216420.0,2113.8536425504776
216440.0,2134.88421391987
216460.0,2160.0805478371417
216480.0,2186.117192781834
216500.0,2207.5885217096884
216520.0,2217.1968507168103
216540.0,2206.6144162200526
216560.0,2168.1451374605062
216580.0,2097.118903102232
216600.0,1994.631218797295
216620.0,1869.8236649467806
216640.0,1740.3572252207316
216660.0,1629.4073988535558
216680.0,1559.2343723110291
216700.0,1545.212343786689
216720.0,1592.6253623517512
216740.0,1695.656236214249
216760.0,1838.1989476350452
216780.0,1996.984804880778
216800.0,2147.331455202294
216820.0,2269.563398744748
216840.0,2353.1865014340483
216860.0,2397.41584061903
216880.0,2408.81025445086
216900.0,2397.7908952336984
216920.0,2375.369741582951
216940.0,2350.8179495338254
216960.0,2330.4989567748835
216980.0,2317.699098287029
217000.0,2313.1122167360236
217020.0,2315.630336479594
217040.0,2323.165640908648
217060.0,2333.3567214570403
217080.0,2344.088238393722
217100.0,2353.784067025343
217120.0,2361.481340848738
217140.0,2366.756612387408
217160.0,2369.6022551775377
217180.0,2370.2849302114205
217200.0,2369.184766372965
217220.0,2366.670677086115
217240.0,2363.02929096365
217260.0,2358.431502549138
217280.0,2352.9626788718106
217300.0,2346.700838950352
217320.0,2339.8047893514895
217340.0,2332.5984429072205
217360.0,2325.6585328728734
217380.0,2319.867991435347
217400.0,2316.383616001705
217420.0,2316.5090636885666
217440.0,2321.434142314798
217460.0,2331.780406205756
217480.0,2346.971349500581
217500.0,2364.514833481988
217520.0,2379.3409846233817
217540.0,2383.5035911510945
217560.0,2366.643811327734
217580.0,2317.5304006975493
217600.0,2226.8295582805417
217620.0,2090.8114157205646
217640.0,1914.9714039458177
217660.0,1715.9057887925585
217680.0,1519.236853066142
217700.0,1352.4297447543725
217720.0,1236.5027474235862
217740.0,1182.255028142637
217760.0,1190.9404054558527
217780.0,1256.8408214957508
217800.0,1369.8518457224193
217820.0,1517.177732870511
217840.0,1684.1393747974093
217860.0,1854.844617194587
217880.0,2013.8339457092982
217900.0,2148.8636818305413
217920.0,2253.3277099107822
217940.0,2326.86765166456
217960.0,2373.895586403892
217980.0,2401.1090268068247
218000.0,2415.422025646384
218020.0,2422.665176965703
218040.0,2426.9056740803444
218060.0,2430.4324812793066
218080.0,2434.282751508063
218100.0,2438.7840541216824
218120.0,2443.849799558058
218140.0,2449.0723488973845
218160.0,2453.749604539558
218180.0,2456.918917449053
218200.0,2457.42279666742
218220.0,2454.0029991949627
218240.0,2445.489445280686
218260.0,2431.1169265515923
218280.0,2410.8640880898106
218300.0,2385.631272010731
218320.0,2357.1254667148305
218340.0,2327.4817438365926
218360.0,2298.8014392569758
218380.0,2272.787657899573
218400.0,2250.564625358914
218420.0,2232.6523528421035
218440.0,2219.051248508728
218460.0,2209.378259940847
218480.0,2203.015536450824
218500.0,2199.2643357607735
218520.0,2197.4861964926545
218540.0,2197.18061604056
218560.0,2197.988969580132
218580.0,2199.663097936681
218600.0,2202.03006315304
218620.0,2204.9664655760453
218640.0,2208.3902663193285
218660.0,2212.257056162202
218680.0,2216.5386722727358
218700.0,2221.207507295698
218720.0,2226.249968450487
218740.0,2231.6733971582908
218760.0,2237.479840433448
218780.0,2243.6336457936313
218800.0,2250.0445669756996
218820.0,2256.5700664852693
218840.0,2263.0482892452064
218860.0,2269.342842556812
218880.0,2275.393741308764
218900.0,2281.239086848543
218920.0,2286.9764167638596
218940.0,2292.7011430176676
218960.0,2298.4786062341095
218980.0,2304.3620715647476
219000.0,2310.413621586352
219020.0,2316.687998299146
219040.0,2323.1984485020985
219060.0,2329.880942961325
219080.0,2336.558068819921
219100.0,2342.9411522168807
219120.0,2348.695765413252
219140.0,2353.5249429236314
219160.0,2357.2520504827903
219180.0,2359.916564121845
219200.0,2361.8764327468016
219220.0,2363.9072146852177
219240.0,2367.26137500645
219260.0,2373.6011527192404
219280.0,2384.742307520795
219300.0,2402.1721614878543
219320.0,2426.306597507296
219340.0,2455.5562458246727
219360.0,2485.4202760754297
219380.0,2507.901009511961
219400.0,2511.584221695935
219420.0,2482.7702334759
219440.0,2407.977238351662
219460.0,2277.858203766584
219480.0,2091.9739076932174
219500.0,1863.0920822958965
219520.0,1618.8634505711548
219540.0,1397.9161545293828
219560.0,1238.9916349070772
219580.0,1169.0737406377593
219600.0,1197.9879072035353
219620.0,1319.0103048851902
219640.0,1512.3726028508245
219660.0,1749.769119299122
219680.0,1999.3703446530733
219700.0,2231.381535246592
219720.0,2422.9980719779865
219740.0,2561.2013682698985
219760.0,2643.2171616489118
219780.0,2674.9571577153592
219800.0,2668.0272921398987
219820.0,2636.367829396985
219840.0,2593.2881301911925
219860.0,2549.4848083013812
219880.0,2512.2269888076107
219900.0,2485.3563391983903
219920.0,2469.7852738342854
219940.0,2464.286389031218
219960.0,2466.368453143311
219980.0,2473.04977018208
220000.0,2481.4430368862622
220020.0,2489.1432255001578
220040.0,2494.4183068391003
220060.0,2496.2212783192435
220080.0,2494.0872044357056
220100.0,2488.0028846130563
220120.0,2478.284881264738
220140.0,2465.4713221548272
220160.0,2450.238420475159
220180.0,2433.3289413042467
220200.0,2415.489573540458
220220.0,2397.4263428863023
220240.0,2379.7698539296302
220260.0,2363.0399718598374
220280.0,2347.617616160406
220300.0,2333.720594589263
220320.0,2321.393485330909
220340.0,2310.56345150179
220360.0,2301.1417195433523
220380.0,2293.0721690946734
220400.0,2286.3249363637165
220420.0,2280.873022902634
220440.0,2276.6772205417265
220460.0,2273.6832038999037
220480.0,2271.8085108225923
220500.0,2270.923348964659
220520.0,2270.850331553741
220540.0,2271.382332445549
220560.0,2272.314244833868
220580.0,2273.5124081221006
220600.0,2275.0283451800715
220620.0,2277.197542155792
220640.0,2280.6836401198625
220660.0,2286.464847501274
220680.0,2295.7244626158713
220700.0,2309.579324296741
220720.0,2328.609666036621
220740.0,2352.224903065608
220760.0,2377.985189333215
220780.0,2401.052337738793
220800.0,2414.0158539489803
220820.0,2407.377240531926
220840.0,2370.9085664814093
220860.0,2295.960479789449
220880.0,2178.5965368087636
220900.0,2022.996113183579
220920.0,1843.7940964512986
220940.0,1665.3045965767542
220960.0,1516.1011469591472
220980.0,1421.2206687699563
221000.0,1396.5030850380329
221020.0,1445.940368047477
221040.0,1561.2080303183916
221060.0,1723.3668621306501
221080.0,1907.2886821929242
221100.0,2087.7750628210943
221120.0,2244.76858299412
221140.0,2366.2046437440213
221160.0,2448.4417538291304
221180.0,2494.8438177378603
221200.0,2513.241058128201
221220.0,2513.096271528081
221240.0,2503.219002675049
221260.0,2490.3156943466383
221280.0,2478.409308123614
221300.0,2469.0516743488315
221320.0,2462.149912344067
221340.0,2456.934836112202
221360.0,2452.6461481309498
221380.0,2448.825172643925
221400.0,2445.31309526707
221420.0,2442.0981329634037
221440.0,2439.1593587051975
221460.0,2436.363525361897
221480.0,2433.435236141916
221500.0,2430.0124518669313
221520.0,2425.754236799673
221540.0,2420.412161789259
221560.0,2413.8491898091916
221580.0,2406.0164336709777
221600.0,2396.908129638873
221620.0,2386.5281530980483
221640.0,2374.8943072080247
221660.0,2362.075816477839
221680.0,2348.234854493884
221700.0,2333.63520847708
221720.0,2318.610661313578
221740.0,2303.5521664028784
221760.0,2288.9209636969663
221780.0,2275.2287517757472
221800.0,2262.9662244282385
221820.0,2252.518862826698
221840.0,2244.1223127766193
221860.0,2237.8479231326783
221880.0,2233.60736718539
221900.0,2231.2183853533747
221920.0,2230.495834232828
221940.0,2231.2941564055845
221960.0,2233.4969804500743
221980.0,2236.977050155628
222000.0,2241.5545626095823
222020.0,2246.9845308748454
222040.0,2252.984542709672
222060.0,2259.2743414816223
222080.0,2265.5964824754806
222100.0,2271.7397955426713
222120.0,2277.5760997446096
222140.0,2283.097980761077
222160.0,2288.435331893367
222180.0,2293.8494621760074
222200.0,2299.6873065796453
222220.0,2306.272281511986
222240.0,2313.7574920465054
222260.0,2322.0347009936045
222280.0,2330.7413627125147
222300.0,2339.359240031777
222320.0,2347.3396492234206
222340.0,2354.183959973355
222360.0,2359.5044021274484
222380.0,2363.104047831669
222400.0,2365.020371414765
222420.0,2365.5037000033944
222440.0,2364.9585180103227
222460.0,2363.8520161134106
222480.0,2362.609335930398
222500.0,2361.5477474679715
222520.0,2360.8603566520405
222540.0,2360.624916398653
222560.0,2360.840288723235
222580.0,2361.480585788823
222600.0,2362.5181412594743
222620.0,2363.8778639537127
222640.0,2365.361037587224
222660.0,2366.640756164031
222680.0,2367.3716009392538
222700.0,2367.353909833174
222720.0,2366.712482037422
222740.0,2366.065475089164
222760.0,2366.605601026352
222780.0,2369.976943095745
222800.0,2377.87534249839
222820.0,2391.3754753791254
222840.0,2410.0648422455915
222860.0,2431.1554048034104
222880.0,2448.797266886333
222900.0,2453.880874700493
222920.0,2434.6590516946776
222940.0,2378.492126556662
222960.0,2274.8251669452866
222980.0,2119.2053732729087
223000.0,1917.5777284530282
223020.0,1689.302847340523
223040.0,1466.535650376281
223060.0,1287.373881506402
223080.0,1183.7840425304246
223100.0,1172.1042486063595
223120.0,1250.633330798325
223140.0,1402.206870394995
223160.0,1599.2762568817536
223180.0,1810.2488369290627
223200.0,2006.205543113697
223220.0,2166.4128346298376
223240.0,2281.0356371119897
223260.0,2350.439568099998
223280.0,2382.1775235581686
223300.0,2387.360300518707
223320.0,2377.4621145481233
223340.0,2362.1545823851134
223360.0,2348.2813647505964
223380.0,2339.7045952876706
223400.0,2337.722635825128
223420.0,2341.802620351887
223440.0,2350.385476145467
223460.0,2361.5775363829566
223480.0,2373.6233894453535
223500.0,2385.1265847471973
223520.0,2395.0796160613877
223540.0,2402.7915874070595
223560.0,2407.8024623668452
223580.0,2409.8411123179985
223600.0,2408.8069032281355
223620.0,2404.75940401112
223640.0,2397.913888900629
223660.0,2388.6324869374253
223680.0,2377.3875707980346
223700.0,2364.7061998181716
223720.0,2351.1252234343615
223740.0,2337.1485231404654
223760.0,2323.219635779663
223780.0,2309.740008625179
223800.0,2297.1030559309193
223820.0,2285.697445603247
223840.0,2275.8840497642914
223860.0,2267.9509764185377
223880.0,2262.066648354281
223900.0,2258.2558156554937
223920.0,2256.4106865465096
223940.0,2256.3244098202827
223960.0,2257.7457683600283
223980.0,2260.428800205228
224000.0,2264.1527243501864
224020.0,2268.7369841086775
224040.0,2274.0576911072167
224060.0,2280.0471221684334
224080.0,2286.674645881414
224100.0,2293.9133802760707
224120.0,2301.7057437832873
224140.0,2309.9466332051948
224160.0,2318.4819159634308
224180.0,2327.110341107719
224200.0,2335.5873518451353
224220.0,2343.6640217101694
224240.0,2351.146907596961
224260.0,2357.9753232038183
224280.0,2364.3184646503373
224300.0,2370.6675359524634
224320.0,2377.8869839663985
224340.0,2387.156211201673
224360.0,2399.7362966692517
224380.0,2416.548943329978
224400.0,2437.5730143115647
224420.0,2461.1353095815293
224440.0,2483.277906516709
224460.0,2497.4376427042744
224480.0,2494.7077697692102
224500.0,2464.9457902351883
224520.0,2398.8751916601814
224540.0,2291.014334153601
224560.0,2142.8649294536044
224580.0,1965.2815798199158
224600.0,1778.2741512517587
224620.0,1606.5488212181936
224640.0,1472.5502745191484
224660.0,1391.8993763613985
224680.0,1372.3581900381644
224700.0,1414.5140009753864
224720.0,1512.7139525567984
224740.0,1655.7312866621255
224760.0,1827.6051361902996
224780.0,2009.6667737530643
224800.0,2183.8076779722855
224820.0,2335.5690431995963
224840.0,2455.9151210984573
224860.0,2541.4157509401084
224880.0,2593.3496589304013
224900.0,2616.3465977776455
224920.0,2616.9736253844094
224940.0,2602.608368004896
224960.0,2580.5613017654878
224980.0,2557.16344451848
225000.0,2536.8707731495692
225020.0,2521.9336797892893
225040.0,2512.689157338683
225060.0,2508.16650418953
225080.0,2506.731928466217
225100.0,2506.601363298917
225120.0,2506.150158341822
225140.0,2504.0153904999333
225160.0,2499.1076850694935
225180.0,2490.591333907655
225200.0,2477.896890010355
225220.0,2460.8189595314884
225240.0,2439.6368433145353
225260.0,2415.1334717065993
225280.0,2388.4723237781145
225300.0,2360.992105688872
225320.0,2334.0090146690445
225340.0,2308.661827951312
225360.0,2285.8035675830615
225380.0,2265.9497676781684
225400.0,2249.290986819994
225420.0,2235.756174884249
225440.0,2225.088423768457
225460.0,2216.9352777015893
225480.0,2210.9375768134623
225500.0,2206.78052707072
225520.0,2204.192399637733
225540.0,2202.9194369098236
225560.0,2202.7007368152417
225580.0,2203.248303837594
225600.0,2204.259342614589
225620.0,2205.5020194857566
225640.0,2206.9530001979238
225660.0,2208.908843066173
225680.0,2212.013129414748
225700.0,2217.2120336105827
225720.0,2225.6415921908656
225740.0,2238.369474836679
225760.0,2255.963237957021
225780.0,2277.9263316164124
225800.0,2302.0885723926294
225820.0,2324.113668249108
225840.0,2337.3386306962648
225860.0,2333.1613099840743
225880.0,2302.2136609226504
225900.0,2236.4364767347256
225920.0,2131.856028011928
225940.0,1991.4774809953135
225960.0,1827.1734267634488
225980.0,1658.94667604123
226000.0,1510.927754310509
226020.0,1406.2426750901327
226040.0,1362.7690083130994
226060.0,1389.81482306397
226080.0,1485.6846596845164
226100.0,1637.0015505327756
226120.0,1821.3461266166846
226140.0,2013.0301071416693
226160.0,2188.988912110304
226180.0,2332.6561137927847
226200.0,2435.4302921326257
226220.0,2496.317118815158
226240.0,2520.509782786389
226260.0,2517.309157519744
226280.0,2497.673144962985
226300.0,2472.016749044898
226320.0,2448.591114073304
226340.0,2432.4956908221257
226360.0,2425.533473177745
226380.0,2426.835389055733
226400.0,2433.924085440497
226420.0,2443.879038342991
226440.0,2454.1353415607823
226460.0,2462.821506921411
226480.0,2469.0364087066423
226500.0,2473.024638060347
226520.0,2476.0368241514234
226540.0,2479.8927536013657
226560.0,2486.2622035234826
226580.0,2495.785014658928
226600.0,2507.251659786108
226620.0,2517.0544600192025
226640.0,2519.08948089541
226660.0,2505.289837246135
226680.0,2466.9106649747487
226700.0,2396.6452578143244
226720.0,2291.4174422935307
226740.0,2155.1812943050068
226760.0,2000.6122887804772
226780.0,1848.1803424286227
226800.0,1721.666829820891
226820.0,1642.1894083503116
226840.0,1623.6302554781037
226860.0,1669.9043081601958
226880.0,1773.8552399239325
226900.0,1918.3374032641336
226920.0,2080.2025132772405
226940.0,2236.022884734882
226960.0,2367.172963423583
226980.0,2462.8056374282014
227000.0,2520.2215742693807
227020.0,2543.1638767989252
227040.0,2539.4413102478165
227060.0,2518.6598733984074
227080.0,2490.251718644734
227100.0,2462.0142739950943
227120.0,2439.2344211747804
227140.0,2424.483414535865
227160.0,2418.0114720335787
227180.0,2418.466401186158
227200.0,2423.639721009668
227220.0,2431.065228839442
227240.0,2438.4312546951182
227260.0,2443.8290801654002
227280.0,2445.870943465747
227300.0,2443.7163162426227
227320.0,2437.046465734794
227340.0,2425.9876153721148
227360.0,2410.9836007671165
227380.0,2392.636926118258
227400.0,2371.554557991037
227420.0,2348.2368461894757
227440.0,2323.0494086347258
227460.0,2296.313812268802
227480.0,2268.507874759263
227500.0,2240.522846728075
227520.0,2213.855419286946
227540.0,2190.6073969594354
227560.0,2173.2255453712733
227580.0,2163.992334433181
227600.0,2164.3693289965327
227620.0,2174.2744488832323
227640.0,2191.356079019136
227660.0,2210.382812978122
227680.0,2222.975447679856
227700.0,2217.9846022518605
227720.0,2182.850453990091
227740.0,2106.148495199782
227760.0,1981.1487626509856
227780.0,1809.7444871416621
227800.0,1605.460453826908
227820.0,1393.4382400190048
227840.0,1204.860510211311
227860.0,1066.4738214624315
227880.0,992.7268104100249
227900.0,984.5799328408617
227920.0,1032.6678236170696
227940.0,1122.0207027187887
227960.0,1236.5274286138902
227980.0,1362.2078455505452
228000.0,1489.0236172457205
228020.0,1611.3715291248047
228040.0,1727.5997324810055
228060.0,1838.9238596526716
228080.0,1948.0639677162358
228100.0,2057.836203417431
228120.0,2169.8600708660397
228140.0,2283.507324823654
228160.0,2395.2238289593774
228180.0,2498.3828805086396
228200.0,2583.8427535929463
228220.0,2641.3379561243746
228240.0,2661.6588647562794
228260.0,2639.0979933653753
228280.0,2573.378437259065
228300.0,2470.8611309517637
228320.0,2345.0864783470506
228340.0,2216.1514215462776
228360.0,2107.430500486581
228380.0,2039.3238993778427
228400.0,2023.279069039109
228420.0,2059.4133435305253
228440.0,2138.042687375029
228460.0,2243.3796529788806
228480.0,2357.364620483634
228500.0,2462.7443903279395
228520.0,2545.7772546938713
228540.0,2598.2997383685315
228560.0,2618.4332416897664
228580.0,2609.7584760335753
228600.0,2579.4676074857207
228620.0,2536.1277557200024
228640.0,2487.7027856241466
228660.0,2440.3755291164375
228680.0,2398.13349852943
228700.0,2362.857691795217
228720.0,2334.717843501067
228740.0,2312.718883618002
228760.0,2295.235846109758
228780.0,2280.45544432505
228800.0,2266.725081437529
228820.0,2252.794108408804
228840.0,2237.9190304124345
228860.0,2221.840843395017
228880.0,2204.672382330614
228900.0,2186.761132792926
228920.0,2168.5557427537533
228940.0,2150.502572597961
228960.0,2133.002919944272
228980.0,2116.427964607251
229000.0,2101.147545084631
229020.0,2087.5296185289003
229040.0,2075.8914648405
229060.0,2066.4375036211045
229080.0,2059.2229190502394
229100.0,2054.1600959318953
229120.0,2051.063252086601
229140.0,2049.7143772049676
229160.0,2049.9271791985148
229180.0,2051.584752079985
229200.0,2054.634590297338
229220.0,2059.0605285625534
229240.0,2064.854435422508
229260.0,2071.978771020576
229280.0,2080.337675701393
229300.0,2089.7646379083085
229320.0,2100.034771581385
229340.0,2110.902908534891
229360.0,2122.122221543001
229380.0,2133.4252641861226
229400.0,2144.514647585521
229420.0,2155.064089817234
229440.0,2164.7667767527046
229460.0,2173.3963180872356
229480.0,2180.8168744115287
229500.0,2186.9651576781757
229520.0,2191.828680228062
229540.0,2195.4319677641024
229560.0,2197.8482382593475
229580.0,2199.258693863478
229600.0,2200.052195627792
229620.0,2200.913014456315
229640.0,2202.8599428423245
229660.0,2207.18539695074
229680.0,2215.2497743273684
229700.0,2228.108786986436
229720.0,2246.006948726951
229740.0,2267.7811656665335
229760.0,2290.2693489511457
229780.0,2307.9251744553358
229800.0,2312.8809790762452
229820.0,2295.7258825663766
229840.0,2247.205270549864
229860.0,2160.8205408168114
229880.0,2035.9380711686226
229900.0,1880.5410605631216
229920.0,1712.289466014839
229940.0,1556.202050439768
229960.0,1438.3659628182336
229980.0,1379.009620896911
230000.0,1388.2511590419351
230020.0,1464.3798195967931
230040.0,1594.1577990799044
230060.0,1755.5186416683814
230080.0,1922.8501407876915
230100.0,2073.104831581016
230120.0,2190.4455676497155
230140.0,2268.1301857753524
230160.0,2307.6171863032378
230180.0,2315.9689819262817
230200.0,2302.9280683136244
230220.0,2278.5186562901827
230240.0,2251.4002012913334
230260.0,2227.881498014851
230280.0,2211.595122784231
230300.0,2203.7754809399703
230320.0,2203.8534416437305
230340.0,2210.1490097140713
230360.0,2220.5081675722754
230380.0,2232.7634885914517
230400.0,2244.986383433755
230420.0,2255.5703283856233
230440.0,2263.2142075414426
230460.0,2266.8903030575802
230480.0,2265.8893541655993
230500.0,2259.954219999411
230520.0,2249.4033181344785
230540.0,2235.1455621923024
230560.0,2218.5453917664045
230580.0,2201.1626064586503
230600.0,2184.4580815466916
230620.0,2169.5566966918504
230640.0,2157.1243372936106
230660.0,2147.3689054521865
230680.0,2140.1079462712105
230700.0,2134.8816647889025
230720.0,2131.1140737969718
230740.0,2128.296345224287
230760.0,2126.149857432054
230780.0,2124.6997466904054
230800.0,2124.1921072851064
230820.0,2124.88954944114
230840.0,2126.937908866441
230860.0,2130.361675237137
230880.0,2135.1049034421494
230900.0,2141.0831157718703
230920.0,2148.228888267141
230940.0,2156.493041710216
230960.0,2165.8100100179236
230980.0,2176.057203926449
231000.0,2187.0251744412844
231020.0,2198.408175208568
231040.0,2209.8247631991776
231060.0,2220.8691200519283
231080.0,2231.1773537459017
231100.0,2240.489518200623
231120.0,2248.716040548647
231140.0,2256.013509798287
231160.0,2262.84525954187
231180.0,2270.008432008257
231200.0,2278.575872218619
231220.0,2289.6991900751373
231240.0,2304.2499918064145
231260.0,2322.326260474423
231280.0,2342.689720182687
231300.0,2362.2337273256107
231320.0,2375.6898603625805
231340.0,2375.799346463668
231360.0,2354.148988840697
231380.0,2302.810612642826
231400.0,2216.7240768807787
231420.0,2096.431207751704
231440.0,1950.2947832469176
231460.0,1794.7560507174599
231480.0,1651.0652859062943
231500.0,1539.6773578221969
231520.0,1476.1591110245215
231540.0,1469.4458597976893
231560.0,1521.2169862749547
231580.0,1625.6038663876004
231600.0,1769.3266068290297
231620.0,1933.1850895027042
231640.0,2095.6842409811898
231660.0,2237.7775829933894
231680.0,2346.7451065136797
231700.0,2417.9112528908663
231720.0,2453.937495215669
231740.0,2462.3822969721273
231760.0,2452.732368558958
231780.0,2434.0321532975017
231800.0,2413.480936259375
231820.0,2395.8856621323894
231840.0,2383.7272550565167
231860.0,2377.5931283604214
231880.0,2376.777522798339
231900.0,2379.873130048839
231920.0,2385.2480466601455
231940.0,2391.378465962767
231960.0,2397.056604392685
231980.0,2401.480466532217
232000.0,2404.2374282126398
232020.0,2405.2362736443347
232040.0,2404.5728116025552
232060.0,2402.389955363725
232080.0,2398.82244976777
232100.0,2394.0172532016063
232120.0,2388.1809704294583
232140.0,2381.59380411433
232160.0,2374.5632787447466
232180.0,2367.3781338753947
232200.0,2360.2981593348645
232220.0,2353.5631580010145
232240.0,2347.3899335679466
232260.0,2341.9550208557216
232280.0,2337.3780075494356
232300.0,2333.7237588839685
232320.0,2331.021195941629
232340.0,2329.2805453286833
232360.0,2328.4894115193592
232380.0,2328.6006702095847
232400.0,2329.531512111867
232420.0,2331.173075249335
232440.0,2333.410446501057
232460.0,2336.1473748144463
232480.0,2339.3096481800903
232500.0,2342.824831626739
232520.0,2346.6028310581883
232540.0,2350.536965241588
232560.0,2354.5213664965718
232580.0,2358.498771851525
232600.0,2362.4994874609856
232620.0,2366.636546934588
232640.0,2371.078044834696
232660.0,2375.992965213039
232680.0,2381.48777359081
232700.0,2387.5456014121287
232720.0,2393.993537978742
232740.0,2400.5256061775244
232760.0,2406.758386315554
232780.0,2412.295322329587
232800.0,2416.793728953354
232820.0,2420.019663177672
232840.0,2421.891336750587
232860.0,2422.5154918957523
232880.0,2422.221037247988
232900.0,2421.568482999592
232920.0,2421.3270054068153
232940.0,2422.4173519345823
232960.0,2425.8127563019375
232980.0,2432.3563440857333
233000.0,2442.4437322519143
233020.0,2455.582867307478
233040.0,2469.916356267779
233060.0,2481.8404323416776
233080.0,2485.906345821091
233100.0,2475.2109511747813
233120.0,2442.4146988746716
233140.0,2381.411752439012
233160.0,2289.460858997453
233180.0,2169.2696589398456
233200.0,2030.134824403446
233220.0,1886.8255121579434
233240.0,1755.4430514668652
233260.0,1648.317449973361
233280.0,1571.2797906235267
233300.0,1523.8124160748905
233320.0,1500.786243711322
233340.0,1494.6505496858927
233360.0,1497.3931598952202
233380.0,1501.9736991094048
233400.0,1503.203349458837
233420.0,1498.1918726557446
233440.0,1486.51989353614
233460.0,1470.2497515143732
233480.0,1453.7975849714257
233500.0,1443.5919472350492
233520.0,1447.3796550333468
233540.0,1473.04486589228
233560.0,1526.9136180886157
233580.0,1611.7425463165837
233600.0,1724.937309567476
233620.0,1857.966466782494
233640.0,1997.965750618774
233660.0,2131.1358383522406
233680.0,2246.171124610247
233700.0,2336.3970541242097
233720.0,2400.2512813148546
233740.0,2440.3063661474785
233760.0,2461.48952325474
233780.0,2469.4286518676086
233800.0,2469.3678332630166
233820.0,2465.5425998136193
233840.0,2460.850454760752
233860.0,2456.7910213179084
233880.0,2453.6205767188876
233900.0,2450.6434283925473
233920.0,2446.566944365493
233940.0,2439.861204279932
233960.0,2429.068701029102
233980.0,2413.01455795293
234000.0,2390.927842935432
234020.0,2362.5159403285447
234040.0,2327.9752732070397
234060.0,2287.9327717218607
234080.0,2243.343758147962
234100.0,2195.368875158107
234120.0,2145.2802383346752
234140.0,2094.42734037353
234160.0,2044.225792368369
234180.0,1996.126661678005
234200.0,1951.5434358386628
234220.0,1911.7307016724208
234240.0,1877.6444534954912
234260.0,1849.8636522325164
234280.0,1828.6100697769646
234300.0,1813.8056820431593
234320.0,1805.03139583
234340.0,1801.2548672932492
234360.0,1800.3689036276198
234380.0,1798.7365205947651
234400.0,1790.97741114719
234420.0,1770.2597639262517
234440.0,1729.3776528342921
234460.0,1662.7156740383998
234480.0,1568.7853264871378
234500.0,1452.602791552848
234520.0,1326.7735320286897
234540.0,1209.903484868117
234560.0,1121.7658416027175
234580.0,1077.8053192665109
234600.0,1086.0834567482557
234620.0,1146.446589035128
234640.0,1250.867116146796
234660.0,1384.6204836158158
234680.0,1528.7420229066972
234700.0,1664.31694600916
234720.0,1777.3155506690462
234740.0,1861.1607526848434
234760.0,1916.10674220748
234780.0,1946.9736948270536
234800.0,1960.7317220182206
234820.0,1964.5357399842214
234840.0,1964.4257870511624
234860.0,1964.6929812729772
234880.0,1967.7659499945626
234900.0,1974.461175202885
234920.0,1984.4485678128567
234940.0,1996.7896275986845
234960.0,2010.3914875134044
234980.0,2024.2755616583077
235000.0,2037.7048587176535
235020.0,2050.2211747745314
235040.0,2061.6153367332117
235060.0,2071.8661102127685
235080.0,2081.0703888250027
235100.0,2089.359547921267
235120.0,2096.83602607689
235140.0,2103.547543541532
235160.0,2109.4872157012237
235180.0,2114.627638244
235200.0,2118.970845808921
235220.0,2122.567045165534
235240.0,2125.5084485544894
235260.0,2127.9301510700197
235280.0,2130.0140205357156
235300.0,2131.964741478667
235320.0,2133.9717069545713
235340.0,2136.184674633825
235360.0,2138.6950564864915
235380.0,2141.509370617443
235400.0,2144.5318315886343
235420.0,2147.581709042201
235440.0,2150.4349415158167
235460.0,2152.89847610751
235480.0,2154.8867411591154
235500.0,2156.448516617481
235520.0,2157.7475773504502
235540.0,2159.0217151718743
235560.0,2160.5151454664638
235580.0,2162.412349398296
235600.0,2164.8047470524407
235620.0,2167.6973769059696
235640.0,2171.040445489853
235660.0,2174.759193826309
235680.0,2178.755828600667
235700.0,2182.895705269969
235720.0,2187.008114382912
235740.0,2190.895679143836
235760.0,2194.331178433291
235780.0,2197.0574888251595
235800.0,2198.831513229882
235820.0,2199.515350434878
235840.0,2199.18377075818
235860.0,2198.1966397017104
235880.0,2197.235541687378
235900.0,2197.306913471596
235920.0,2199.637647775179
235940.0,2205.3933988449835
235960.0,2215.213489784851
235980.0,2228.5915088942443
236000.0,2243.2014428371212
236020.0,2254.3883421953333
236040.0,2255.0884471819036
236060.0,2236.40821648968
236080.0,2189.008404337134
236100.0,2105.2609165619806
236120.0,1981.9355858235763
236140.0,1822.8852531914351
236160.0,1640.5181895145197
236180.0,1454.17968643292
236200.0,1284.8152341010496
236220.0,1149.1890306890282
236240.0,1057.2706458586813
236260.0,1012.4260266575864
236280.0,1012.7924937357287
236300.0,1052.7705574994375
236320.0,1124.303463723563
236340.0,1218.3127748844363
236360.0,1326.7835607357047
236380.0,1444.3877590028235
236400.0,1568.0545416000743
236420.0,1695.060591331682
236440.0,1821.336306582579
236460.0,1941.0884137980083
236480.0,2047.605043604619
236500.0,2134.729021212016
236520.0,2198.5199634568876
236540.0,2238.4164180936505
236560.0,2257.3803563989886
236580.0,2260.931198222499
236600.0,2255.476661811529
236620.0,2246.7221717248653
236640.0,2238.746970176544
236660.0,2233.805038628196
236680.0,2232.5742280275495
236700.0,2234.6050775891645
236720.0,2238.7822124334634
236740.0,2243.7159463118423
236760.0,2248.055641627108
236780.0,2250.7309467572677
236800.0,2251.0912938717274
236820.0,2248.9326854755323
236840.0,2244.423027801172
236860.0,2237.9400813276466
236880.0,2229.8994744156726
236900.0,2220.6497283066815
236920.0,2210.4521145986128
236940.0,2199.528798429153
236960.0,2188.1364515948326
236980.0,2176.6172505837135
237000.0,2165.4052900658085
237020.0,2155.0034005562316
237040.0,2145.912542666515
237060.0,2138.516347037428
237080.0,2132.9883940104673
237100.0,2129.2685190255324
237120.0,2127.134567562551
237140.0,2126.3330211282514
237160.0,2126.6649622716936
237180.0,2128.0063971348077
237200.0,2130.2753592506947
237220.0,2133.3855558194196
237240.0,2137.21109929869
237260.0,2141.5818326087674
237280.0,2146.3100200695253
237300.0,2151.207965525242
237320.0,2156.0920380976004
237340.0,2160.7934813084075
237360.0,2165.1945653653047
237380.0,2169.283768288152
237400.0,2173.231984410834
237420.0,2177.461289924883
237440.0,2182.6607072389897
237460.0,2189.7556573643205
237480.0,2199.8181103080055
237500.0,2213.863498339713
237520.0,2232.477035284258
237540.0,2255.2784928220235
237560.0,2280.338838022976
237580.0,2303.6849457775597
237600.0,2319.0707993791825
237620.0,2318.261226376773
237640.0,2292.0544425690464
237660.0,2232.1495408293404
237680.0,2133.72785373886
237700.0,1998.2284396564028
237720.0,1835.3217460855317
237740.0,1662.7566380595522
237760.0,1503.259934614392
237780.0,1379.7412057758925
237800.0,1311.0721507455482
237820.0,1308.9493296260803
237840.0,1375.5042622365536
237860.0,1501.99554005993
237880.0,1669.8697807581661
237900.0,1855.2202587593097
237920.0,2034.7345615859108
237940.0,2190.250162898746
237960.0,2310.8605459407077
237980.0,2392.9004148950894
238000.0,2438.6261101725304
238020.0,2454.327858686732
238040.0,2448.4748084605353
238060.0,2430.013255307881
238080.0,2406.903574457031
238100.0,2385.1490655563643
238120.0,2368.4312204538755
238140.0,2358.26523852557
238160.0,2354.4833050313873
238180.0,2355.858403819654
238200.0,2360.6694775681694
238220.0,2367.1069176239344
238240.0,2373.5175851318722
238260.0,2378.5260320457555
238280.0,2381.079132045747
238300.0,2380.44917387151
238320.0,2376.205103497673
238340.0,2368.1743139146993
238360.0,2356.414615228346
238380.0,2341.196329083032
238400.0,2322.9959003414833
238420.0,2302.476831518678
238440.0,2280.4321888339823
238460.0,2257.7049206400507
238480.0,2235.106822317103
238500.0,2213.3426874052966
238520.0,2192.9515252969463
238540.0,2174.2797891736996
238560.0,2157.4948542055467
238580.0,2142.635996559664
238600.0,2129.6682616770186
238620.0,2118.5267054919923
238640.0,2109.1431146657114
238660.0,2101.4355370401336
238680.0,2095.3048512277974
238700.0,2090.6612072614425
238720.0,2087.4364052707124
238740.0,2085.5794938848476
238760.0,2085.0255290195028
238780.0,2085.6473942727926
238800.0,2087.251708357219
238820.0,2089.608014612048
238840.0,2092.492484806506
238860.0,2095.731315654232
238880.0,2099.227788566558
238900.0,2102.98947833138
238920.0,2107.128654796251
238940.0,2111.817220548047
238960.0,2117.2093213041467
238980.0,2123.3439717565684
239000.0,2130.074685003782
239020.0,2137.085237326361
239040.0,2144.0074615100684
239060.0,2150.5686823618526
239080.0,2156.7220355284035
239100.0,2162.7667256697423
239120.0,2169.4185803385303
239140.0,2177.7681926235864
239160.0,2189.0808540207936
239180.0,2204.4123015778196
239200.0,2224.087002421831
239220.0,2247.115230918261
239240.0,2270.6395264077937
239260.0,2289.550323816854
239280.0,2296.510589314967
239300.0,2282.6289569453693
239320.0,2238.9364100373555
239340.0,2158.675014939775
239360.0,2040.1638223109906
239380.0,1889.4955593708132
239400.0,1721.605025167073
239420.0,1558.2641388923998
239440.0,1423.5713085449568
239460.0,1339.24126565936
239480.0,1320.616735682848
239500.0,1373.3150938313108
239520.0,1490.9969832251195
239540.0,1655.7071576056157
239560.0,1842.2003018253279
239580.0,2024.5755447724503
239600.0,2181.8654415637466
239620.0,2301.1013334340514
239640.0,2377.9535386921716
239660.0,2415.5263321693906
239680.0,2421.9516650427786
239700.0,2407.619093934484
239720.0,2382.73079215146
239740.0,2355.684425251894
239760.0,2332.3549946889802
239780.0,2315.991393598734
239800.0,2307.5297743897677
239820.0,2306.1592928334044
239840.0,2309.9875636663023
239860.0,2316.69359536227
239880.0,2324.052429285639
239900.0,2330.255461387316
239920.0,2334.050179809963
239940.0,2334.74930377056
239960.0,2332.162641103859
239980.0,2326.4918330994433
240000.0,2318.2044103297567
240020.0,2307.9151676220217
240040.0,2296.2902337311198
240060.0,2283.9811569447593
240080.0,2271.582018661765
240100.0,2259.582505741856
240120.0,2248.339126946212
240140.0,2238.091146823315
240160.0,2229.0122349943495
240180.0,2221.2442830384502
240200.0,2214.8670332903175
240220.0,2209.874784600061
240240.0,2206.190585665545
240260.0,2203.7148104052894
240280.0,2202.3614743095986
240300.0,2202.0765393490283
240320.0,2202.8386124549534
240340.0,2204.6169556028967
240360.0,2207.326535073406
240380.0,2210.819134001294
240400.0,2214.9274119290217
240420.0,2219.5115713062264
240440.0,2224.462725983186
240460.0,2229.6946287864876
240480.0,2235.137188310732
240500.0,2240.7261003086064
240520.0,2246.3994625463065
240540.0,2252.106090715297
240560.0,2257.8132003637365
240580.0,2263.50008002943
240600.0,2269.1467104938542
240620.0,2274.7199394441823
240640.0,2280.156764425371
240660.0,2285.3555254985354
240680.0,2290.179700242951
240700.0,2294.478623671049
240720.0,2298.119481168138
240740.0,2301.008582839674
240760.0,2303.1158077936216
240780.0,2304.5024564653722
240800.0,2305.322033136836
240820.0,2305.7824540720885
240840.0,2306.0884096182926
240860.0,2306.400502012687
240880.0,2306.816941826453
240900.0,2307.381725520667
240920.0,2308.1039387280243
240940.0,2308.970369470445
240960.0,2309.949029418172
240980.0,2310.987385805828
241000.0,2312.0062578608427
241020.0,2312.8927222375532
241040.0,2313.5101969620137
241060.0,2313.7409519400917
241080.0,2313.574754014594
241100.0,2313.2391828367104
241120.0,2313.3295974102666
241140.0,2314.8819692134243
241160.0,2319.33152598419
241180.0,2328.2868725883736
241200.0,2343.0679054542843
241220.0,2364.039538733866
241240.0,2389.8083216745003
241260.0,2416.429384841852
241280.0,2436.8915912354487
241300.0,2441.1871375359697
241320.0,2417.2737187223383
241340.0,2353.1429211192135
241360.0,2239.9326294288703
241380.0,2075.594100672842
241400.0,1868.0216929002247
241420.0,1635.8753486704938
241440.0,1404.9642688256768
241460.0,1200.3843613208792
241480.0,1039.7767464098217
241500.0,931.6914971927733
241520.0,877.6288943391371
241540.0,875.2429854956584
241560.0,920.9253162853518
241580.0,1010.8430391162734
241600.0,1140.3347477314226
241620.0,1302.3425041909838
241640.0,1486.2575362827497
241660.0,1678.738248840154
241680.0,1866.1416572171433
241700.0,2036.4978606350778
241720.0,2180.5779119153894
241740.0,2292.609009475833
241760.0,2370.7721527426297
241780.0,2417.233238396412
241800.0,2437.442190713572
241820.0,2438.7356538681256
241840.0,2428.790630675363
241860.0,2414.3421336196884
241880.0,2400.359843296971
241900.0,2389.754035371907
241920.0,2383.4941345424545
241940.0,2381.01512021985
241960.0,2380.768267169177
241980.0,2380.785155946546
242000.0,2379.1507147427246
242020.0,2374.337838808527
242040.0,2365.3887280220215
242060.0,2351.9505416316706
242080.0,2334.1937622116116
242100.0,2312.6616444720516
242120.0,2288.1197864410574
242140.0,2261.4382410840317
242160.0,2233.5117698938134
242180.0,2205.223170336439
242200.0,2177.409549188143
242220.0,2150.806337026398
242240.0,2126.000783751343
242260.0,2103.4180081514814
242280.0,2083.313555898924
242300.0,2065.7631134535904
242320.0,2050.688564821082
242340.0,2037.9246455591187
242360.0,2027.2807320527093
242380.0,2018.580598387875
242400.0,2011.6808146134858
242420.0,2006.4785127337432
242440.0,2002.9199294116734
242460.0,2001.0125021134784
242480.0,2000.831075286936
242500.0,2002.4830071427891
242520.0,2006.0376067352918
242540.0,2011.4582746257856
242560.0,2018.553874246445
242580.0,2026.9543971056191
242600.0,2036.1429127067174
242620.0,2045.5560828464718
242640.0,2054.7127190586684
242660.0,2063.314564758987
242680.0,2071.299824062809
242700.0,2078.8192157723283
242720.0,2086.138441292792
242740.0,2093.558094989731
242760.0,2101.392842168518
242780.0,2109.9516408922727
242800.0,2119.4636800089916
242820.0,2129.9806480129982
242840.0,2141.3381164050857
242860.0,2153.2278076805032
242880.0,2165.312015655215
242900.0,2177.3025203267425
242920.0,2188.9987632624284
242940.0,2200.2854769197775
242960.0,2211.0821508658114
242980.0,2221.284851237186
243000.0,2230.741926366052
243020.0,2239.2722278026004
243040.0,2246.6882203037594
243060.0,2252.8211464842457
243080.0,2257.570439943055
243100.0,2261.0066829038205
243120.0,2263.5256545653774
243140.0,2266.0013735268703
243160.0,2269.846461252696
243180.0,2276.875681343462
243200.0,2288.9226857141102
243220.0,2307.222429807211
243240.0,2331.6307640805853
243260.0,2359.785290013827
243280.0,2386.3751201332143
243300.0,2402.821876835559
243320.0,2397.7327232581633
243340.0,2358.447306619535
243360.0,2273.8473393077174
243380.0,2138.2169613189576
243400.0,1955.3993126910707
243420.0,1741.8321897695237
243440.0,1526.2634510614823
243460.0,1343.9944456249953
243480.0,1226.8320030425814
243500.0,1194.5197660998892
243520.0,1250.9943514644062
243540.0,1384.5807293282219
243560.0,1571.272103149152
243580.0,1780.9116393522168
243600.0,1984.5374690434444
243620.0,2160.082130571196
243640.0,2295.1724983006557
243660.0,2387.0230207717796
243680.0,2440.1850280069343
243700.0,2463.49665591027
243720.0,2467.218245590113
243740.0,2460.793702282524
243760.0,2451.5254159461642
243780.0,2444.173500178062
243800.0,2441.184195191441
243820.0,2443.1916141798724
243840.0,2449.5666915765264
243860.0,2458.873166734952
243880.0,2469.200483007964
243900.0,2478.5181752500907
243920.0,2485.135837474063
243940.0,2488.095639673681
243960.0,2487.253622426416
243980.0,2483.1253217056
244000.0,2476.6350620806447
244020.0,2468.8511955734434
244040.0,2460.7420555790004
244060.0,2452.97911130452
244080.0,2445.8193518874755
244100.0,2439.115949904598
244120.0,2432.492144732571
244140.0,2425.6158397612035
244160.0,2418.3949420593526
244180.0,2410.9974875450907
244200.0,2403.74351676071
244220.0,2397.000342218984
244240.0,2391.114254830085
244260.0,2386.356871687565
244280.0,2382.8929808280445
244300.0,2380.758557195056
244320.0,2379.843524108249
244340.0,2379.881689641964
244360.0,2380.4846082719137
244380.0,2381.202170590627
244400.0,2381.5784266634696
244420.0,2381.2760963560004
244440.0,2380.189512018305
244460.0,2378.4410705464484
244480.0,2376.3396870776523
244500.0,2374.4125513496942
244520.0,2373.5267365178997
244540.0,2375.0382589585347
244560.0,2380.8335197595943
244580.0,2393.0842354929337
244600.0,2413.6568375074735
244620.0,2443.2657847395
244640.0,2480.488368088562
244660.0,2520.786545816748
244680.0,2555.8185610662717
244700.0,2573.4140325237445
244720.0,2558.638500428589
244740.0,2496.2352007554473
244760.0,2374.453366254434
244780.0,2189.8330113766197
244800.0,1951.8448214945024
244820.0,1685.407562599606
244840.0,1428.5147596808456
244860.0,1222.8365649073266
244880.0,1101.040052124958
244900.0,1079.1417407626286
244920.0,1155.4948768614677
244940.0,1313.536990791775
244960.0,1526.2428073236522
244980.0,1761.6714380617855
245000.0,1989.328493888475
245020.0,2185.647395981393
245040.0,2336.9379661689154
245060.0,2439.6489639892106
245080.0,2498.4024909585555
245100.0,2522.8500615415155
245120.0,2524.5618325991504
245140.0,2514.5684558550356
245160.0,2501.7930142513546
245180.0,2492.2328984374954
245200.0,2488.798465767931
245220.0,2491.7652659080077
245240.0,2499.610886510487
245260.0,2509.9059189060376
245280.0,2520.156071610456
245300.0,2528.4864820812195
245320.0,2533.9364235841936
245340.0,2536.3616191243254
245360.0,2536.0941312802884
245380.0,2533.63482167528
245400.0,2529.5345484090103
245420.0,2524.3573013727328
245440.0,2518.63922586444
245460.0,2512.7959517065874
245480.0,2507.0082846648
245500.0,2501.15348988782
245520.0,2494.8698960245747
245540.0,2487.7811366332585
245560.0,2479.7144831182254
245580.0,2470.7745596605564
245600.0,2461.295391060336
245620.0,2451.7031715145044
245640.0,2442.393728826407
245660.0,2433.685518593023
245680.0,2425.7839490132
245700.0,2418.757843501073
245720.0,2412.548382701939
245740.0,2406.9898288796494
245760.0,2401.879692075938
245780.0,2397.0662758765166
245800.0,2392.50527960024
245820.0,2388.236505885768
245840.0,2384.320560720839
245860.0,2380.8105272246116
245880.0,2377.779194732869
245900.0,2375.3657520333136
245920.0,2373.7902454266214
245940.0,2373.3341978584876
245960.0,2374.297881182546
245980.0,2376.9682534379817
246000.0,2381.5828136227597
246020.0,2388.246260096642
246040.0,2396.8110277911333
246060.0,2406.7753086081593
246080.0,2417.280905531491
246100.0,2427.2827207455457
246120.0,2435.91770445943
246140.0,2442.8559125384777
246160.0,2448.373918985122
246180.0,2453.2215093747864
246200.0,2458.415100421264
246220.0,2465.0192526564833
246240.0,2473.924916857846
246260.0,2485.5883806862616
246280.0,2499.708029684336
246300.0,2514.8610385317356
246320.0,2528.2161498845417
246340.0,2535.464298214353
246360.0,2531.1131727641464
246380.0,2509.2464002931642
246400.0,2464.7968856353227
246420.0,2395.2555913246733
246440.0,2302.411062599504
246460.0,2193.20779545442
246480.0,2078.415485354035
246500.0,1969.2362206595456
246520.0,1874.4259334464423
246540.0,1799.618382370781
246560.0,1747.8502020877204
246580.0,1719.855344551314
246600.0,1713.8822321096402
246620.0,1725.653767256558
246640.0,1749.1445826926513
246660.0,1778.0177198121135
246680.0,1806.95239931284
246700.0,1832.346976716905
246720.0,1852.3897195889083
246740.0,1866.6214286975458
246760.0,1875.3674298593335
246780.0,1879.3901102816221
246800.0,1879.7512321725085
246820.0,1877.7381748869532
246840.0,1874.7365902854515
246860.0,1872.0429077243286
246880.0,1870.6730184969833
246900.0,1871.2363502476874
246920.0,1873.8944308538048
246940.0,1878.389865515397
246960.0,1884.162624149593
246980.0,1890.5237901984885
247000.0,1896.7962043457035
247020.0,1902.3823244606579
247040.0,1906.8058938591391
247060.0,1909.7454208945292
247080.0,1911.0408634493192
247100.0,1910.6797837073693
247120.0,1908.7777798779134
247140.0,1905.556537096542
247160.0,1901.318871048404
247180.0,1896.4307628577524
247200.0,1891.292291757749
247220.0,1886.3044274888834
247240.0,1881.8202157284366
247260.0,1878.0800663187897
247280.0,1875.1730563378685
247300.0,1873.0378314713155
247320.0,1871.5060108712557
247340.0,1870.392968834296
247360.0,1869.6414669738158
247380.0,1869.4918017865239
247400.0,1870.5984371899303
247420.0,1874.0395329619594
247440.0,1881.2199518385398
247460.0,1893.606795018334
247480.0,1912.229786609542
247500.0,1936.9786204315271
247520.0,1965.8256768480642
247540.0,1994.1787139335793
247560.0,2014.6218780079848
247580.0,2017.342214634083
247600.0,1991.5309316186103
247620.0,1927.8780717335471
247640.0,1821.922919078756
247660.0,1677.5776517752001
247680.0,1509.661113714997
247700.0,1343.715931112038
247720.0,1211.2140668293957
247740.0,1140.191933265339
247760.0,1146.0774864380624
247780.0,1227.5612556106557
247800.0,1367.8383676629232
247820.0,1540.3030811033766
247840.0,1716.557588859399
247860.0,1873.2785346749365
247880.0,1996.007339602765
247900.0,2079.8030192741276
247920.0,2127.6029295686963
247940.0,2147.3155636336674
247960.0,2148.6718870387263
247980.0,2140.7632369657013
248000.0,2130.686221182433
248020.0,2123.0783713146816
248040.0,2120.2454274184734
248060.0,2122.6802127360615
248080.0,2129.718704263374
248100.0,2140.1219622491667
248120.0,2152.5145440668834
248140.0,2165.6496598799445
248160.0,2178.5410566649384
248180.0,2190.5116413498554
248200.0,2201.170583286817
248220.0,2210.342112263282
248240.0,2217.9657878096377
248260.0,2224.0051749904624
248280.0,2228.3935954808835
248300.0,2231.026505968538
248320.0,2231.7912671291624
248340.0,2230.6129137274233
248360.0,2227.511551323207
248380.0,2222.6697905712385
248400.0,2216.4905595155005
248420.0,2209.5984968495027
248440.0,2202.775572565695
248460.0,2196.8455473956446
248480.0,2192.4973012964297
248500.0,2190.0329065467968
248520.0,2189.0960296886456
248540.0,2188.4925736690398
248560.0,2186.1288727151596
248580.0,2179.0757790289194
248600.0,2163.8460279220335
248620.0,2136.974630638514
248640.0,2095.948691063781
248660.0,2040.4565902059087
248680.0,1973.6433598458323
248700.0,1902.7375654943785
248720.0,1838.2554846416867
248740.0,1791.3381139036387
248760.0,1769.8892957750188
248780.0,1775.731738103661
248800.0,1804.8250707745224
248820.0,1849.7791400019603
248840.0,1902.7177474836062
248860.0,1957.2166728013804
248880.0,2009.028022508753
248900.0,2055.9713156704956
248920.0,2097.41719447157
248940.0,2133.6079690491174
248960.0,2165.0736749286643
248980.0,2192.345450438712
249000.0,2215.88368343111
249020.0,2236.1064871676667
249040.0,2253.4113967455564
249060.0,2268.1599341772853
249080.0,2280.6923541682136
249100.0,2291.388431162919
249120.0,2300.6842006382376
249140.0,2309.0155596345094
249160.0,2316.751916561382
249180.0,2324.163766238367
249200.0,2331.3957453253515
249220.0,2338.447251826198
249240.0,2345.161930261261
249260.0,2351.2335404929418
249280.0,2356.251111507424
249300.0,2359.779861094379
249320.0,2361.4391716194045
249340.0,2360.9569687844464
249360.0,2358.215801053141
249380.0,2353.2900351703356
249400.0,2346.4584266442644
249420.0,2338.163933044661
249440.0,2328.9365224436206
249460.0,2319.287634344054
249480.0,2309.6022976022477
249500.0,2300.077529958375
249520.0,2290.70990694983
249540.0,2281.312225587079
249560.0,2271.5523168638765
249580.0,2261.0524995950077
249600.0,2249.5413601729742
249620.0,2237.007982880308
249640.0,2223.833232217897
249660.0,2210.8537206103892
249680.0,2199.229866178481
249700.0,2190.1310414422287
249720.0,2184.46808828976
249740.0,2182.7952246790146
249760.0,2185.305483898067
249780.0,2191.810901342016
249800.0,2201.5936354090263
249820.0,2213.1074924070094
249840.0,2223.647851544439
249860.0,2229.114443668359
249880.0,2224.008944815592
249900.0,2201.89570205206
249920.0,2156.592992068235
249940.0,2084.2879485427316
249960.0,1986.1856779529437
249980.0,1870.7883999765
250000.0,1754.5169222776835
250020.0,1659.236645958757
250040.0,1606.3596905296076
250060.0,1609.9216642871745
250080.0,1672.1560653577587
250100.0,1782.810057691786
250120.0,1922.165472822886
250140.0,2067.0873125367243
250160.0,2197.49888425504
250180.0,2300.506046219106
250200.0,2371.3951239157877
250220.0,2412.2619441628763
250240.0,2429.446813222542
250260.0,2430.836740848623
250280.0,2423.7475199570085
250300.0,2413.716723945555
250320.0,2404.1876480953333
250340.0,2396.79691127185
250360.0,2391.942827152235
250380.0,2389.392902070096
250400.0,2388.807274247173
250420.0,2390.090532296893
250440.0,2393.4993062775825
250460.0,2399.5260359720082
250480.0,2408.602890855228
250500.0,2420.68385308533
250520.0,2434.77957203899
250540.0,2448.5012558204
250560.0,2457.683812667656
250580.0,2456.2777784463847
250600.0,2436.7438410818654
250620.0,2391.1659943619316
250640.0,2313.1357730157247
250660.0,2200.087063498079
250680.0,2055.320988192377
250700.0,1888.5677303302691
250720.0,1713.9234487871968
250740.0,1545.4721060321112
250760.0,1393.3684031408498
250780.0,1262.7811754485977
250800.0,1155.2753759971024
250820.0,1071.2112888268543
250840.0,1011.965785300298
250860.0,981.1472412599514
250880.0,984.3583499498967
250900.0,1027.4708562179876
250920.0,1113.8433170778833
250940.0,1241.4608232286878
250960.0,1401.5096950498007
250980.0,1579.6578115729963
251000.0,1759.3329667756218
251020.0,1925.105603381266
251040.0,2065.288023354017
251060.0,2173.525138608506
251080.0,2249.104919520412
251100.0,2295.94064898409
251120.0,2320.738493583447
251140.0,2331.064946862321
251160.0,2333.7753618808883
251180.0,2334.0523745854034
251200.0,2335.040201336011
251220.0,2337.9390219059956
251240.0,2342.404637168912
251260.0,2347.108342846092
251280.0,2350.305096558789
251300.0,2350.2896973690713
251320.0,2345.6878478264803
251340.0,2335.5897430738078
251360.0,2319.562128577497
251380.0,2297.6109588325016
251400.0,2270.142657417585
251420.0,2237.9124668821323
251440.0,2201.9628711559317
251460.0,2163.5344367657444
251480.0,2123.9211600299086
251500.0,2084.32369730276
251520.0,2045.750923374948
251540.0,2008.9786970170528
251560.0,1974.5752801078208
251580.0,1942.9533077391911
251600.0,1914.4098234191465
251620.0,1889.127981699437
251640.0,1867.1596593529835
251660.0,1848.445257905684
251680.0,1832.8541876361264
251700.0,1820.221217996074
251720.0,1810.3759221930413
251740.0,1803.1620467089724
251760.0,1798.45556943155
251780.0,1796.1787816431176
251800.0,1796.286212194634
251820.0,1798.6989270411323
251840.0,1803.2244842722127
251860.0,1809.5278468614044
251880.0,1817.1590706071916
251900.0,1825.6138821140078
251920.0,1834.3957029724613
251940.0,1843.0582869590908
251960.0,1851.2439322674788
251980.0,1858.7134730167643
252000.0,1865.350593117269
252020.0,1871.1321013539978
252040.0,1876.0814954283408
252060.0,1880.2476520237924
252080.0,1883.6967055910864
252100.0,1886.504828628572
252120.0,1888.7699322156957
252140.0,1890.6272126103445
252160.0,1892.2534671533751
252180.0,1893.863049546499
252200.0,1895.7118755229185
252220.0,1898.0965681533908
252240.0,1901.3280906902412
252260.0,1905.6778362673297
252280.0,1911.3183548885415
252300.0,1918.277490795208
252320.0,1926.4310605841038
252340.0,1935.5385019881846
252360.0,1945.3144921967316
252380.0,1955.506625918235
252400.0,1965.936911581653
252420.0,1976.4959583284246
252440.0,1987.1226412665333
252460.0,1997.7953102412598
252480.0,2008.5250684769876
252500.0,2019.3453564261763
252520.0,2030.292133596525
252540.0,2041.3794934266418
252560.0,2052.5884522177053
252580.0,2063.881404327588
252600.0,2075.2168026720487
252620.0,2086.5210568924776
252640.0,2097.6352815925625
252660.0,2108.3056103169156
252680.0,2118.230865466252
252700.0,2127.1225672548467
252720.0,2134.751862516482
252740.0,2140.9820718962737
252760.0,2145.817162104481
252780.0,2149.473285267072
252800.0,2152.4501423180377
252820.0,2155.559217497238
252840.0,2159.8816598786825
252860.0,2166.613023307965
252880.0,2176.747013519175
252900.0,2190.61702218096
252920.0,2207.330825960981
252940.0,2224.195030682136
252960.0,2236.3175424546507
252980.0,2236.64730327734
253000.0,2216.6988356915745
253020.0,2168.1146996529433
253040.0,2085.034819705825
253060.0,1966.899016637231
253080.0,1820.8881187252869
253100.0,1662.827461478638
253120.0,1515.2536942169913
253140.0,1402.7089820697918
253160.0,1346.3002690925678
253180.0,1358.848291202405
253200.0,1441.1303884921076
253220.0,1580.3427250675884
253240.0,1752.6247003381602
253260.0,1929.8615757687835
253280.0,2087.399389366602
253300.0,2209.2457991536567
253320.0,2289.531140175059
253340.0,2330.948774557521
253360.0,2341.688172679779
253380.0,2332.2109565500323
253400.0,2312.6936057029234
253420.0,2291.3605307419466
253440.0,2273.6783688611476
253460.0,2262.3371853453127
253480.0,2257.7789205409667
253500.0,2258.9670953447535
253520.0,2264.158094159019
253540.0,2271.516701204812
253560.0,2279.5174528806374
253580.0,2287.139096769676
253600.0,2293.865144516385
253620.0,2299.5520563534237
253640.0,2304.2432395114797
253660.0,2308.001154968738
253680.0,2310.8019136230932
253700.0,2312.5062088385866
253720.0,2312.8941981741514
253740.0,2311.74520704046
253760.0,2308.9356678796385
253780.0,2304.510821965718
253800.0,2298.730959293808
253820.0,2292.0596894088053
253840.0,2285.06853976568
253860.0,2278.3138245219257
253880.0,2272.2373082432155
253900.0,2267.0994850214665
253920.0,2262.9774469852027
253940.0,2259.8181724179562
253960.0,2257.483020582985
253980.0,2255.765047754369
254000.0,2254.3937948782523
254020.0,2253.0554056823503
254040.0,2251.423241854993
254060.0,2249.1978540378627
254080.0,2246.167301786481
254100.0,2242.294767898453
254120.0,2237.82193505158
254140.0,2233.364449592511
254160.0,2229.9781741691822
254180.0,2229.1248624914747
254200.0,2232.486087301197
254220.0,2241.598702763342
254240.0,2257.2905734225747
254260.0,2278.9352069913944
254280.0,2303.6063946859986
254300.0,2325.3583250330416
254320.0,2334.9697488000256
254340.0,2320.5299232428906
254360.0,2269.174017527171
254380.0,2170.0340939886946
254400.0,2018.0759929211388
254420.0,1817.9093203462623
254440.0,1586.2321619156912
254460.0,1351.6112806301574
254480.0,1149.906384358788
254500.0,1015.3269774044074
254520.0,971.6928548109094
254540.0,1027.3610330039414
254560.0,1173.5417283779143
254580.0,1385.8850581845031
254600.0,1630.1635620503655
254620.0,1871.026826056502
254640.0,2079.8745921637906
254660.0,2239.3204394790328
254680.0,2344.0274490989796
254700.0,2398.7274764404615
254720.0,2414.6709687376742
254740.0,2405.7800845118936
254760.0,2385.3849835034134
254780.0,2364.012578127569
254800.0,2348.3320512196606
254820.0,2341.169240164293
254840.0,2342.3323716392442
254860.0,2349.7789810700656
254880.0,2360.6677692868316
254900.0,2372.125546948103
254920.0,2381.7019713364048
254940.0,2387.533281342929
254960.0,2388.3913228916836
254980.0,2383.7007067167206
255000.0,2373.522372332798
255020.0,2358.47371022113
255040.0,2339.593418584356
255060.0,2318.169767353918
255080.0,2295.5665817790186
255100.0,2273.056992584649
255120.0,2251.702685291632
255140.0,2232.3126910724413
255160.0,2215.434698567591
255180.0,2201.3402888461474
255200.0,2190.033342340494
255220.0,2181.312765084798
255240.0,2174.8684304991784
255260.0,2170.353029713845
255280.0,2167.422261368859
255300.0,2165.7717688009407
255320.0,2165.1513043446234
255340.0,2165.35354719776
255360.0,2166.201402064251
255380.0,2167.533141372156
255400.0,2169.199655969004
255420.0,2171.087096433514
255440.0,2173.1639732892536
255460.0,2175.514509970651
255480.0,2178.3263765673155
255500.0,2181.8311271034913
255520.0,2186.2317385085976
255540.0,2191.6464472792986
255560.0,2198.081201296079
255580.0,2205.402195190128
255600.0,2213.2798222229826
255620.0,2221.142105153068
255640.0,2228.2094949014563
255660.0,2233.6525461327324
255680.0,2236.827371632547
255700.0,2237.3919317536242
255720.0,2235.269508952964
255740.0,2230.591826442859
255760.0,2223.7014456932893
255780.0,2215.20957628836
255800.0,2206.0847499264305
255820.0,2197.695789610478
255840.0,2191.69799497284
255860.0,2189.7688149218384
255880.0,2193.326689935427
255900.0,2203.2546349196386
255920.0,2219.5131804935636
255940.0,2240.5811808386647
255960.0,2262.8063086463007
255980.0,2279.9184960370108
256000.0,2283.0199113854137
256020.0,2261.3434585942937
256040.0,2204.0212337414314
256060.0,2102.8642054892366
256080.0,1955.7767713986964
256100.0,1769.9387380390879
256120.0,1563.2291795948408
256140.0,1361.8373494911107
256160.0,1193.2354073254835
256180.0,1078.440691310708
256200.0,1028.4768461451633
256220.0,1044.633778482435
256240.0,1120.3022886120198
256260.0,1242.9679513145095
256280.0,1395.982594848822
256300.0,1560.604181389041
256320.0,1718.7944862331528
256340.0,1855.9859079838577
256360.0,1962.7806047344043
256380.0,2035.4931261258455
256400.0,2075.6869369418323
256420.0,2088.941352469938
256440.0,2083.201175886601
256460.0,2066.984483080573
256480.0,2047.81415444395
256500.0,2031.3014258175513
256520.0,2020.9178403970986
256540.0,2018.1875028523623
256560.0,2023.0995360069567
256580.0,2034.5880920378488
256600.0,2050.951965380308
256620.0,2070.1681261596336
256640.0,2090.127031557343
256660.0,2108.83672858105
256680.0,2124.6203710640793
256700.0,2136.2535781041706
256720.0,2142.994892140614
256740.0,2144.5508447857837
256760.0,2141.0283466294873
256780.0,2132.875266958081
256800.0,2120.7658322704247
256820.0,2105.484271136312
256840.0,2087.8916091837636
256860.0,2068.9485960760994
256880.0,2049.724148564498
256900.0,2031.3412136775557
256920.0,2014.8625065400308
256940.0,2001.127635300148
256960.0,1990.6120527793914
256980.0,1983.3735897558975
257000.0,1979.1039776944472
257020.0,1977.2675380025134
257040.0,1977.2648440599871
257060.0,1978.5628638136284
257080.0,1980.7916830085421
257100.0,1983.7957372791345
257120.0,1987.619895866661
257140.0,1992.4447292581121
257160.0,1998.494857062787
257180.0,2005.9372860004707
257200.0,2014.7733434698487
257220.0,2024.7595826113472
257240.0,2035.407992147849
257260.0,2046.0801410327454
257280.0,2056.16770385325
257300.0,2065.321851518208
257320.0,2073.654504775053
257340.0,2081.863423174739
257360.0,2091.2126984191013
257380.0,2103.3453055170803
257400.0,2119.917417120046
257420.0,2142.0248397911055
257440.0,2169.461740945703
257460.0,2199.9532329447875
257480.0,2228.5869608387948
257500.0,2247.6713440517588
257520.0,2247.2440133500627
257540.0,2216.467394315022
257560.0,2146.0712730118516
257580.0,2031.6840788511024
257600.0,1877.3504448128613
257620.0,1697.8986621776883
257640.0,1518.185206615647
257660.0,1367.579271411357
257680.0,1271.5930485204874
257700.0,1245.8543298952009
257720.0,1294.1456439128517
257740.0,1408.959187529493
257760.0,1573.3999856909684
257780.0,1764.353722866562
257800.0,1957.1397135605043
257820.0,2130.511536984935
257840.0,2270.1797320005944
257860.0,2369.875861235118
257880.0,2430.2392802409076
257900.0,2456.689020991932
257920.0,2457.266691906182
257940.0,2440.8213653786606
257960.0,2415.6087569224464
257980.0,2388.3765607848554
258000.0,2364.0356895276095
258020.0,2345.818993808503
258040.0,2335.6736805268106
258060.0,2334.7376276274135
258080.0,2343.7348347518823
258100.0,2363.105436200421
258120.0,2392.7711211270803
258140.0,2431.6462829121747
258160.0,2477.1416160487747
258180.0,2525.027476349586
258200.0,2570.065011756502
258220.0,2607.1121070800123
258240.0,2631.7497695198713
258260.0,2640.2153367275305
258280.0,2628.9305751586135
258300.0,2594.0191455797985
258320.0,2531.403750298144
258340.0,2437.772399076057
258360.0,2312.444438527121
258380.0,2160.070443193356
258400.0,1992.998873304437
258420.0,1830.8215084044812
258440.0,1695.78881525812
258460.0,1606.6686538722824
258480.0,1574.3222053551485
258500.0,1599.6782886882906
258520.0,1673.815361847208
258540.0,1780.390235202646
258560.0,1900.2536890662336
258580.0,2016.269886505185
258600.0,2116.429126657014
258620.0,2194.9046682456988
258640.0,2251.356260222135
258660.0,2289.0335274921244
258680.0,2312.4794622363197
258700.0,2325.7520498255317
258720.0,2331.6420419010547
258740.0,2331.829016903273
258760.0,2327.6651362177854
258780.0,2320.8232365808403
258800.0,2313.3310592010043
258820.0,2307.1549291614583
258840.0,2303.7246891661516
258860.0,2303.6952615762775
258880.0,2306.99104357358
258900.0,2313.0113134877865
258920.0,2320.885705471847
258940.0,2329.699026092779
258960.0,2338.6182674908778
258980.0,2346.9505076868018
259000.0,2354.190094170775
259020.0,2360.049449120678
259040.0,2364.4350592474266
259060.0,2367.368149206584
259080.0,2368.909522064736
259100.0,2369.129650506803
259120.0,2368.1064391736386
259140.0,2365.939425386765
259160.0,2362.786105270371
259180.0,2358.8808121960583
259200.0,2354.4974914430168
259220.0,2349.8810724641726
259240.0,2345.1794136921917
259260.0,2340.415525442877
259280.0,2335.5262076981267
259300.0,2330.4447198580174
259320.0,2325.1808569679633
259340.0,2319.852343091901
259360.0,2314.6485703350636
259380.0,2309.7581223003795
259400.0,2305.310948487198
259420.0,2301.3535538541996
259440.0,2297.852539481113
259460.0,2294.7307723900203
259480.0,2291.9169035425994
259500.0,2289.381057976406
259520.0,2287.129729507527
259540.0,2285.1579393176967
259560.0,2283.4172680547713
259580.0,2281.818247177383
259600.0,2280.2584651815314
259620.0,2278.678411487093
259640.0,2277.144389516384
259660.0,2275.955763450603
259680.0,2275.729265474554
259700.0,2277.4133175364673
259720.0,2282.1904507412223
259740.0,2291.21839685523
259760.0,2305.1949202663936
259780.0,2323.809572549041
259800.0,2345.1657632063416
259820.0,2365.2770014417183
259840.0,2377.841253715983
259860.0,2374.5581378822967
259880.0,2346.2002125584263
259900.0,2284.531118607544
259920.0,2184.9398147981583
259940.0,2049.2358205655482
259960.0,1887.5750608890198
259980.0,1717.9897231871103
260000.0,1562.2457962245296
260020.0,1440.3442551770086
260040.0,1367.3292050085595
260060.0,1352.2280595465193
260080.0,1397.6772563588675
260100.0,1499.4328543926592
260120.0,1645.8738343481443
260140.0,1818.5356237168303
260160.0,1995.055052951998
260180.0,2154.170370639028
260200.0,2280.4036664256582
260220.0,2366.4381212667295
260240.0,2412.894935096171
260260.0,2426.4028645743847
260280.0,2416.848325222133
260300.0,2394.662120726016
260320.0,2368.860187796359
260340.0,2346.0058604172455
260360.0,2329.8980539286977
260380.0,2321.833217381918
260400.0,2321.2371794565843
260420.0,2326.4185608318867
260440.0,2335.252610946524
260460.0,2345.678725266508
260480.0,2355.992868036731
260500.0,2364.9572737233334
260520.0,2371.791550278507
260540.0,2376.1157889349483
260560.0,2377.889335124225
260580.0,2377.3357498418763
260600.0,2374.8429025907126
260620.0,2370.866405552792
260640.0,2365.8531525594512
260660.0,2360.2042223125663
260680.0,2354.267853151622
260700.0,2348.324178145934
260720.0,2342.5691479156617
260740.0,2337.114651645884
260760.0,2332.0054398885213
260780.0,2327.2540925118833
260800.0,2322.8681386495523
260820.0,2318.8664771862445
260840.0,2315.2929184841096
260860.0,2312.1896145821856
260880.0,2309.5440883742144
260900.0,2307.245544099351
260920.0,2305.0768847133177
260940.0,2302.7674292086244
260960.0,2300.081312712744
260980.0,2296.909871102061
261000.0,2293.363641167728
261020.0,2289.8642064296264
261040.0,2287.2138535111903
261060.0,2286.600200598074
261080.0,2289.4714738851662
261100.0,2297.2529867339767
261120.0,2310.9038052413316
261140.0,2330.327765570214
261160.0,2353.690369098154
261180.0,2376.7790815862754
261200.0,2392.64363733447
261220.0,2391.8071035693106
261240.0,2363.353447046776
261260.0,2297.097540713281
261280.0,2186.742330720882
261300.0,2033.435837219131
261320.0,1848.5152333601159
261340.0,1653.6118977045292
261360.0,1476.350912954094
261380.0,1343.1549204422795
261400.0,1273.6514040671618
261420.0,1277.7965047847915
261440.0,1354.6234535172182
261460.0,1492.1730548546734
261480.0,1669.2681999953136
261500.0,1860.080000466704
261520.0,2040.1517445624481
261540.0,2191.0852459387347
261560.0,2302.7198443515
261580.0,2373.111251575821
261600.0,2406.9102803353094
261620.0,2412.7556910528187
261640.0,2400.6434951182173
261660.0,2379.9771130424315
261680.0,2358.3294564068747
261700.0,2340.7999369767367
261720.0,2329.994509538533
261740.0,2326.429824151179
261760.0,2329.126314816668
261780.0,2336.2628076993606
261800.0,2345.767752144751
261820.0,2355.739448678191
261840.0,2364.680380859759
261860.0,2371.6107922800575
261880.0,2376.0790667295632
261900.0,2378.069601671793
261920.0,2377.8649996859704
261940.0,2375.9073243123835
261960.0,2372.6695690558818
261980.0,2368.5592618762967
262000.0,2363.873903189995
262020.0,2358.822646320454
262040.0,2353.6130209525936
262060.0,2348.5768569979164
262080.0,2344.2846599815516
262100.0,2341.5784153574295
262120.0,2341.471600474405
262140.0,2344.9053661472144
262160.0,2352.3573167832674
262180.0,2363.3496621035315
262200.0,2375.907097422444
262220.0,2386.089274003489
262240.0,2387.7766897892916
262260.0,2372.973739908393
262280.0,2332.900641092954
262300.0,2259.951565226416
262320.0,2150.289953073276
262340.0,2006.3977017872633
262360.0,1838.4117991366136
262380.0,1662.8156476644695
262400.0,1498.423938912968
262420.0,1362.3745519637303
262440.0,1267.9585065406395
262460.0,1223.67834422027
262480.0,1232.6587163088461
262500.0,1292.1535049213314
262520.0,1393.6753308305351
262540.0,1524.7919452517608
262560.0,1672.304493400313
262580.0,1824.6220986793464
262600.0,1972.491390614447
262620.0,2108.8021276461986
262640.0,2228.312803017795
262660.0,2327.6411218725425
262680.0,2405.2893325866235
262700.0,2461.454003058815
262720.0,2497.662425231708
262740.0,2516.427809997845
262760.0,2521.0366349076685
262780.0,2515.3522990789406
262800.0,2503.4035662250417
262820.0,2488.748935093344
262840.0,2474.0058796875496
262860.0,2460.755313103617
262880.0,2449.6962877872456
262900.0,2440.843941674276
262920.0,2433.6981270666743
262940.0,2427.402696862127
262960.0,2420.9139122566794
262980.0,2413.1914614168227
263000.0,2403.378315111669
263020.0,2390.917634052
263040.0,2375.5922613296643
263060.0,2357.5155032625075
263080.0,2337.0701094670017
263100.0,2314.817824982927
263120.0,2291.417832903388
263140.0,2267.575780470967
263160.0,2244.0082755600592
263180.0,2221.3933622562863
263200.0,2200.311751772093
263220.0,2181.206004638958
263240.0,2164.371979484298
263260.0,2149.97267207614
263280.0,2138.066853560761
263300.0,2128.639775904382
263320.0,2121.605458547746
263340.0,2116.8025838149724
263360.0,2114.0196211299094
263380.0,2113.048785864992
263400.0,2113.731687339198
263420.0,2115.9485347385303
263440.0,2119.557739926134
263460.0,2124.346906009692
263480.0,2130.014146340109
263500.0,2136.171399011645
263520.0,2142.404846148111
263540.0,2148.4105346992815
263560.0,2154.1530417043186
263580.0,2160.0143341189373
263600.0,2166.88258309941
263620.0,2176.108273084726
263640.0,2189.299370565179
263660.0,2207.907026900104
263680.0,2232.592927677108
263700.0,2262.453410981486
263720.0,2294.2362492570182
263740.0,2321.7610133798707
263760.0,2335.8438768937376
263780.0,2325.064481279855
263800.0,2277.632658228686
263820.0,2184.4133848262086
263840.0,2042.793491633446
263860.0,1860.5084230750613
263880.0,1657.832128648542
263900.0,1465.9116376367767
263920.0,1319.5779834582559
263940.0,1246.9439642188909
263960.0,1261.7012862661954
263980.0,1360.3191040937386
264000.0,1523.3543478127444
264020.0,1720.650019556851
264040.0,1919.7243015781532
264060.0,2093.945656633233
264080.0,2227.2520791293146
264100.0,2314.7727396377572
264120.0,2360.5696049153494
264140.0,2374.1083385529128
264160.0,2366.7745836646727
264180.0,2349.2431387838587
264200.0,2329.866480894537
264220.0,2314.0287446250895
264240.0,2304.267198016112
264260.0,2300.8597375603626
264280.0,2302.615877087711
264300.0,2307.666602817024
264320.0,2314.086417792601
264340.0,2320.2633891547466
264360.0,2325.0468224664664
264380.0,2327.734605541529
264400.0,2327.9805025337473
264420.0,2325.689043252196
264440.0,2320.930859479783
264460.0,2313.9016132021316
264480.0,2304.915758123227
264500.0,2294.3992467507555
264520.0,2282.859912383089
264540.0,2270.8412624988714
264560.0,2258.8742923502914
264580.0,2247.4407230533116
264600.0,2236.946503791378
264620.0,2227.693303304989
264640.0,2219.8479303102667
264660.0,2213.424595946947
264680.0,2208.2989234451093
264700.0,2204.250149306848
264720.0,2201.0117000856894
264740.0,2198.301920638484
264760.0,2195.840535661838
264780.0,2193.3904230264884
264800.0,2190.8141670055074
264820.0,2188.15463630654
264840.0,2185.728991551696
264860.0,2184.18679806957
264880.0,2184.504456228063
264900.0,2187.904377006814
264920.0,2195.674715517769
264940.0,2208.860103081891
264960.0,2227.7652748665987
264980.0,2251.2669953253508
265000.0,2276.08944718084
265020.0,2296.2722176108045
265040.0,2303.158760839804
265060.0,2286.2336257043785
265080.0,2234.9719460600923
265100.0,2141.6682060934763
265120.0,2004.8563834227905
265140.0,1832.380686457806
265160.0,1642.551924083206
265180.0,1461.5108930575095
265200.0,1316.6641141248576
265220.0,1229.8881755195364
265240.0,1213.4589151653884
265260.0,1268.3063339778923
265280.0,1383.9444498725834
265300.0,1540.429046935448
265320.0,1713.0411422313755
265340.0,1878.3348762321414
265360.0,2018.9003618404452
265380.0,2125.746866882192
265400.0,2198.1841978438556
265420.0,2241.6473872843862
265440.0,2264.5625982283054
265460.0,2275.4348386359275
265480.0,2280.917599893723
265500.0,2285.064889881201
265520.0,2289.5638125472933
265540.0,2294.568612904216
265560.0,2299.6206204244877
265580.0,2304.26885778218
265600.0,2308.3415642509876
265620.0,2311.9832437249906
265640.0,2315.576461615534
265660.0,2319.6478219530104
265680.0,2324.7652049308526
265700.0,2331.36658151314
265720.0,2339.5552657639732
265740.0,2348.9803878638
265760.0,2358.9037336984343
265780.0,2368.431639276613
265800.0,2376.746615056391
265820.0,2383.223254853146
265840.0,2387.4408334194727
265860.0,2389.16462583147
265880.0,2388.3537440763703
265900.0,2385.2080060117905
265920.0,2380.1936549047664
265940.0,2374.0195340797486
265960.0,2367.5418464192153
265980.0,2361.5820850862287
266000.0,2356.6784996735323
266020.0,2352.924605054733
266040.0,2350.0272623027076
266060.0,2347.497526505617
266080.0,2344.8427312086596
266100.0,2341.7070404177803
266120.0,2337.9366044037342
266140.0,2333.568105865013
266160.0,2328.7586723746745
266180.0,2323.696860422317
266200.0,2318.5400697665773
266220.0,2313.3860478055767
266240.0,2308.267802861655
266260.0,2303.1813988041586
266280.0,2298.178074888828
266300.0,2293.49832244508
266320.0,2289.671535819759
266340.0,2287.523459160583
266360.0,2288.0827224534414
266380.0,2292.381240150046
266400.0,2301.165347679627
266420.0,2314.5180233458887
266440.0,2331.4251854727595
266460.0,2349.3674677826007
266480.0,2364.048304953741
266500.0,2369.4396220330427
266520.0,2358.348286043728
266540.0,2323.6243651841096
266560.0,2259.968241271658
266580.0,2165.964879828144
266600.0,2045.5616173384665
266620.0,1907.9897337949683
266640.0,1765.2499029194746
266660.0,1628.1956258432033
266680.0,1504.215943490756
266700.0,1397.3896162070537
266720.0,1310.0697368594097
266740.0,1244.759497495593
266760.0,1205.4039394210927
266780.0,1197.538072935751
266800.0,1227.0929733403436
266820.0,1298.086972540449
266840.0,1409.9390795412567
266860.0,1555.7246245114072
266880.0,1722.8656287345736
266900.0,1895.9696201133288
266920.0,2059.9063463899424
266940.0,2202.24394552801
266960.0,2314.825366600641
266980.0,2394.3747774822345
267000.0,2442.321578591821
267020.0,2463.8847098884485
267040.0,2466.4435022725293
267060.0,2457.6254164070824
267080.0,2443.7853546672422
267100.0,2429.2586092343176
267120.0,2416.3487654922255
267140.0,2405.7222704995993
267160.0,2396.890496731142
267180.0,2388.6935549429104
267200.0,2379.7111164021367
267220.0,2368.568491742396
267240.0,2354.1628409476953
267260.0,2335.8157459882414
267280.0,2313.3511360320726
267300.0,2287.1228576151566
267320.0,2257.9785502337845
267340.0,2227.111064926704
267360.0,2195.810325872084
267380.0,2165.223464742393
267400.0,2136.2194310914315
267420.0,2109.3828249210756
267440.0,2085.0669328313434
267460.0,2063.441627732599
267480.0,2044.5043416613378
267500.0,2028.0863763533348
267520.0,2013.9010515625637
267540.0,2001.6364794084905
267560.0,1991.0591966936531
267580.0,1982.06739162966
267600.0,1974.6684784527315
267620.0,1968.9297373232353
267640.0,1964.9401518975137
267660.0,1962.8028351879316
267680.0,1962.6417786130223
267700.0,1964.5929605696588
267720.0,1968.7617300848917
267740.0,1975.154553302166
267760.0,1983.6206515380406
267780.0,1993.8355091033634
267800.0,2005.3328818842624
267820.0,2017.5584229324438
267840.0,2029.9385918398852
267860.0,2041.943781476394
267880.0,2053.1219188474665
267900.0,2063.1459409044132
267920.0,2071.922667107093
267940.0,2079.7099655774073
267960.0,2087.184836965008
267980.0,2095.403824186116
268000.0,2105.6290047205102
268020.0,2119.058190498503
268040.0,2136.43439213803
268060.0,2157.5457831302438
268080.0,2180.702771618674
268100.0,2202.2964274732126
268120.0,2216.6135964415153
268140.0,2216.1409686308207
268160.0,2192.5785039153707
268180.0,2138.680200163533
268200.0,2050.7844388629533
268220.0,1931.5567410576336
268240.0,1792.0615280422194
268260.0,1651.7568458986188
268280.0,1534.9943804753366
268300.0,1464.8482144784216
268320.0,1457.1251077524348
268340.0,1516.0820917646167
268360.0,1632.7453954291486
268380.0,1787.1299399241605
268400.0,1954.1081950607127
268420.0,2110.0123270855524
268440.0,2237.5037828391182
268460.0,2327.831799960527
268480.0,2380.6235854053216
268500.0,2401.866636200274
268520.0,2400.984607188356
268540.0,2387.8694853920847
268560.0,2370.7354757052153
268580.0,2355.185704421024
268600.0,2344.249494072053
268620.0,2338.929006215444
268640.0,2338.8826575550274
268660.0,2343.0266164941086
268680.0,2349.9512102628523
268700.0,2358.17278448526
268720.0,2366.285950880537
268740.0,2373.055562754901
268760.0,2377.497201171489
268780.0,2378.975555218167
268800.0,2377.268160507069
268820.0,2372.585956986818
268840.0,2365.540351247738
268860.0,2357.0033248929913
268880.0,2347.8902944626534
268900.0,2338.9606082278547
268920.0,2330.6969821989155
268940.0,2323.284967348461
268960.0,2316.6588943993
268980.0,2310.603189631286
269000.0,2304.886576164346
269020.0,2299.3762448910406
269040.0,2294.076089927928
269060.0,2289.0708645320374
269080.0,2284.469964772175
269100.0,2280.379504857886
269120.0,2276.884564739522
269140.0,2274.0404139329703
269160.0,2271.8676886169605
269180.0,2270.349805307599
269200.0,2269.4493161804508
269220.0,2269.1271116077082
269240.0,2269.3570129850477
269260.0,2270.1562873819903
269280.0,2271.620447713847
269300.0,2273.913862871872
269320.0,2277.185300693433
269340.0,2281.4409273248243
269360.0,2286.414431377815
269380.0,2291.4837599918746
269400.0,2295.712995262541
269420.0,2298.0558188372834
269440.0,2297.6752017761987
269460.0,2294.2694511682944
269480.0,2288.2693933967385
269500.0,2280.776831274924
269520.0,2273.2817811911
269540.0,2267.339828303004
269560.0,2264.3078463488655
269580.0,2265.145785720934
269600.0,2270.2128817771004
269620.0,2278.9338408831254
269640.0,2289.2657114799326
269660.0,2297.0179587150537
269680.0,2295.360893322216
269700.0,2275.056386399643
269720.0,2225.614507238416
269740.0,2137.550466214117
269760.0,2005.7056872826968
269780.0,1832.8179920057078
269800.0,1631.8503042671098
269820.0,1425.3448756071962
269840.0,1240.962229934964
269860.0,1104.8030870075404
269880.0,1036.0668974879695
269900.0,1044.662246942601
269920.0,1130.610915082198
269940.0,1284.1073436089955
269960.0,1486.245980287304
269980.0,1711.5254910772287
270000.0,1932.8661909389339
270020.0,2127.282284858207
270040.0,2279.9112719495306
270060.0,2385.444287396714
270080.0,2447.039133663658
270100.0,2473.643488333002
270120.0,2476.742045545644
270140.0,2467.4638844786355
270160.0,2454.7214196735754
270180.0,2444.4717040676474
270200.0,2439.842499597331
270220.0,2441.712175822787
270240.0,2449.3924110908765
270260.0,2461.272644875303
270280.0,2475.3275487172964
270300.0,2489.433698510974
270320.0,2501.4933171709117
270340.0,2509.4777709673463
270360.0,2511.4883529830136
270380.0,2505.9242864498456
270400.0,2491.7980865128493
270420.0,2469.12525987864
270440.0,2439.2226374540287
270460.0,2404.7363695518043
270480.0,2369.232815789185
270500.0,2336.190079668929
270520.0,2307.6818384435555
270540.0,2283.4097117317374
270560.0,2260.3841534690278
270580.0,2233.0948455891016
270600.0,2194.218630987317
270620.0,2136.06364622357
270640.0,2052.7206723162335
270660.0,1942.562604807091
270680.0,1810.3132052492226
270700.0,1667.5440076507791
270720.0,1530.6299126360668
270740.0,1415.9384188010486
270760.0,1334.5357545143065
270780.0,1289.9448587578163
270800.0,1279.2002588242071
270820.0,1295.5352413968978
270840.0,1331.3156762770527
270860.0,1380.3619162292048
270880.0,1439.233864165797
270900.0,1507.374175912038
270920.0,1586.2299201425158
270940.0,1677.6434210048988
270960.0,1781.9608377551515
270980.0,1896.481500213829
271000.0,2015.0362165259862
271020.0,2129.2056970336034
271040.0,2230.546226344259
271060.0,2312.6906571341096
271080.0,2372.4714159507603
271100.0,2409.9802636159548
271120.0,2428.081080691173
271140.0,2431.7080597013605
271160.0,2426.8832319836592
271180.0,2419.448905944374
271200.0,2413.773734835254
271220.0,2411.8854813090825
271240.0,2413.468311982947
271260.0,2416.6770046951046
271280.0,2419.2209099238944
271300.0,2419.1528029401798
271320.0,2415.2030139027324
271340.0,2406.72256930079
271360.0,2393.4154062657967
271380.0,2375.127765306471
271400.0,2351.8029670863084
271420.0,2323.5605614978685
271440.0,2290.799587582077
271460.0,2254.29711114176
271480.0,2215.2728780471152
271500.0,2175.3707780410905
271520.0,2136.4747720595324
271540.0,2100.3934363100007
271560.0,2068.5077661817877
271580.0,2041.5527275416302
271600.0,2019.62685792073
271620.0,2002.3484943946853
271640.0,1989.0880213810374
271660.0,1979.1975317181484
271680.0,1972.1548804217164
271700.0,1967.615289959395
271720.0,1965.4142135163652
271740.0,1965.5055101836715
271760.0,1967.8445437703188
271780.0,1972.2929291019918
271800.0,1978.5653606802011
271820.0,1986.2171287872327
271840.0,1994.70447030649
271860.0,2003.4773715359038
271880.0,2012.0389055876083
271900.0,2020.0067352409674
271920.0,2027.2286350650998
271940.0,2033.9481952937617
271960.0,2040.973566489884
271980.0,2049.759538642277
272000.0,2062.310085343935
272020.0,2080.8381960458605
272040.0,2107.160813819056
272060.0,2141.871348070631
272080.0,2183.431793927955
272100.0,2227.358915391571
272120.0,2265.7364586606177
272140.0,2287.373049343285
272160.0,2278.923653299599
272180.0,2227.1956661389436
272200.0,2122.6413306524387
272220.0,1963.6314409688707
272240.0,1760.379373205101
272260.0,1536.5433178872327
272280.0,1325.9313370174114
272300.0,1163.1389799886756
272320.0,1073.3113761671138
272340.0,1067.6878153219898
272360.0,1144.3752818797266
272380.0,1291.3120783601953
272400.0,1489.4199631895601
272420.0,1715.2292915164696
272440.0,1943.3627650363094
272460.0,2149.8484640475567
272480.0,2316.192308888334
272500.0,2432.4694764781825
272520.0,2498.252476632778
272540.0,2521.1698216552163
272560.0,2513.593560334552
272580.0,2488.951238006087
272600.0,2458.9793571872424
272620.0,2432.211455760701
272640.0,2413.488523176009
272660.0,2404.2790228108774
272680.0,2403.5594901374966
272700.0,2408.909930488554
272720.0,2417.5187716697096
272740.0,2426.907517468619
272760.0,2435.320509729944
272780.0,2441.794399507259
272800.0,2445.9562330669814
272820.0,2447.6876667232827
272840.0,2446.8264685904824
272860.0,2443.0253442453663
272880.0,2435.797800354182
272900.0,2424.678600009241
272920.0,2409.466113988426
272940.0,2390.461738359352
272960.0,2368.5612078552635
272980.0,2345.1653422006775
273000.0,2321.9293725212387
273020.0,2300.4165259147603
273040.0,2281.7951862879263
273060.0,2266.6992688306286
273080.0,2255.2675697577724
273100.0,2247.277309166483
273120.0,2242.2828248266915
273140.0,2239.7324073566915
273160.0,2239.0686827351365
273180.0,2239.8032875418726
273200.0,2241.5656688876293
273220.0,2244.113872990746
273240.0,2247.3248272564883
273260.0,2251.175637431127
273280.0,2255.7040533559934
273300.0,2260.9649317359845
273320.0,2267.0045886311705
273340.0,2273.840459526693
273360.0,2281.432230490117
273380.0,2289.6576891406467
273400.0,2298.291883744986
273420.0,2306.9994633326523
273440.0,2315.3515328727094
273460.0,2322.8797356734626
273480.0,2329.174815440935
273500.0,2334.0037550208895
273520.0,2337.4185434613364
273540.0,2339.836196241464
273560.0,2342.061588336729
273580.0,2345.227730667089
273600.0,2350.605338506683
273620.0,2359.262282436671
273640.0,2371.5704885688056
273660.0,2386.6015641134672
273680.0,2401.544508309664
273700.0,2411.3760771819598
273720.0,2409.0666071890646
273740.0,2386.5356519218076
273760.0,2336.43462180382
273780.0,2254.602247728569
273800.0,2142.6372693713083
273820.0,2009.4760897109159
273840.0,1870.5139121604602
273860.0,1743.893483495849
273880.0,1646.055500706048
273900.0,1588.9924145826196
273920.0,1579.2387270747963
273940.0,1617.606818185683
273960.0,1699.1455097166267
273980.0,1813.534105508262
274000.0,1946.7157295443806
274020.0,2083.9410651782428
274040.0,2212.7475389498077
274060.0,2324.7029319994463
274080.0,2415.82424400251
274100.0,2485.861079979872
274120.0,2536.8710359472498
274140.0,2571.702353405824
274160.0,2592.908241421121
274180.0,2602.4214056308897
274200.0,2601.8648042106897
274220.0,2593.104750843598
274240.0,2578.6618355410806
274260.0,2561.587943095813
274280.0,2544.841131317234
274300.0,2530.573571643173
274320.0,2519.7622866285114
274340.0,2512.2914032268814
274360.0,2507.322472006492
274380.0,2503.6997877922313
274400.0,2500.2729824021994
274420.0,2496.093732506285
274440.0,2490.5024378683115
274460.0,2483.1542285972705
274480.0,2473.974334248768
274500.0,2463.0555476590976
274520.0,2450.5609256538664
274540.0,2436.6853414858933
274560.0,2421.6930163773186
274580.0,2406.0024295589537
274600.0,2390.310750170621
274620.0,2375.709301788824
274640.0,2363.685040926922
274660.0,2355.9493657629164
274680.0,2354.0724624794852
274700.0,2358.936707200225
274720.0,2370.0504319823217
274740.0,2384.8121778900777
274760.0,2397.920691743191
274780.0,2401.219068377633
274800.0,2384.28278716564
274820.0,2336.0179608635017
274840.0,2247.3498704973454
274860.0,2114.70560265814
274880.0,1943.439875755123
274900.0,1749.7198929562692
274920.0,1558.7530285641828
274940.0,1398.164119013485
274960.0,1290.0151305432676
274980.0,1246.5806493814089
275000.0,1270.062131576086
275020.0,1354.1503907345395
275040.0,1486.0381943331772
275060.0,1648.5255121430644
275080.0,1822.6845524952594
275100.0,1991.2435766995798
275120.0,2141.4785402496973
275140.0,2266.485092299184
275160.0,2364.7448381037484
275180.0,2438.5836944163807
275200.0,2492.3410073296614
275220.0,2530.750985481648
275240.0,2557.8411717643726
275260.0,2576.5198459035987
275280.0,2588.704522561851
275300.0,2595.6744536895326
275320.0,2598.340599708069
275340.0,2597.428809014519
275360.0,2593.642203473052
275380.0,2587.7051060392414
275400.0,2580.3315004666633
275420.0,2572.199832266778
275440.0,2563.805534083095
275460.0,2555.2891765781783
275480.0,2546.4001355259347
275500.0,2536.580834951339
275520.0,2525.1383904633503
275540.0,2511.5321807184205
275560.0,2495.6494931681673
275580.0,2477.9579120610833
275600.0,2459.4694604603246
275620.0,2441.499964405821
275640.0,2425.308915458423
275660.0,2411.7160180254273
275680.0,2400.7827971753914
275700.0,2391.6155929365104
275720.0,2382.33015972253
275740.0,2370.2345329757095
275760.0,2352.2434756562297
275780.0,2325.499043410604
275800.0,2288.216132145644
275820.0,2240.6139950225656
275840.0,2185.576400301172
275860.0,2128.5627357990425
275880.0,2076.381566426998
275900.0,2035.2858587231308
275920.0,2009.495131811223
275940.0,2000.4635492652603
275960.0,2007.0097753583134
275980.0,2026.4300371536533
276000.0,2055.8431188017953
276020.0,2092.9354821362767
276040.0,2135.8841768213047
276060.0,2182.8168247836197
276080.0,2231.334719224382
276100.0,2278.455813038229
276120.0,2321.0008586260947
276140.0,2356.2380105461343
276160.0,2382.536578947025
276180.0,2399.725613353123
276200.0,2408.9955483856384
276220.0,2412.458392649889
276240.0,2412.5766854153317
276260.0,2411.6089832322473
276280.0,2411.207993874883
276300.0,2412.2623563570887
276320.0,2414.971578950588
276340.0,2419.0508448103114
276360.0,2423.957611349257
276380.0,2429.09432664138
276400.0,2433.9537462332482
276420.0,2438.18133723188
276440.0,2441.5849731684516
276460.0,2444.105571338768
276480.0,2445.762612239296
276500.0,2446.591618985236
276520.0,2446.589721242112
276540.0,2445.695796111723
276560.0,2443.8106317227184
276580.0,2440.8437072634247
276600.0,2436.7873052040395
276620.0,2431.779625758061
276640.0,2426.1055860117845
276660.0,2420.1359087625215
276680.0,2414.2441590745925
276700.0,2408.7540001802727
276720.0,2403.918601668002
276740.0,2399.9240185679764
276760.0,2396.892152998843
276780.0,2394.886850132478
276800.0,2393.930332210065
276820.0,2394.0042408062222
276840.0,2395.0395871467686
276860.0,2396.918151447554
276880.0,2399.477724645514
276900.0,2402.4933760767453
276920.0,2405.653604783522
276940.0,2408.5582102296617
276960.0,2410.7493269492697
276980.0,2411.7599337406455
277000.0,2411.173642232892
277020.0,2408.696488099145
277040.0,2404.2366203838565
277060.0,2397.995451766763
277080.0,2390.547741198593
277100.0,2382.850362025125
277120.0,2376.1035227313164
277140.0,2371.409957041466
277160.0,2369.4422153744545
277180.0,2370.415362178977
277200.0,2374.2790960816324
277220.0,2380.9472715566258
277240.0,2390.537448789139
277260.0,2403.51194924577
277280.0,2420.6135050866583
277300.0,2442.6407100683455
277320.0,2470.07104594029
277340.0,2502.635945389708
277360.0,2539.120226845207
277380.0,2577.5930080102685
277400.0,2615.918354809698
277420.0,2651.880313606555
277440.0,2682.7804634489535
277460.0,2704.742549866053
277480.0,2712.1578407563657
277500.0,2697.758477365417
277520.0,2653.6264695202353
277540.0,2573.222853695787
277560.0,2454.1581387076444
277580.0,2300.924165910237
277600.0,2126.2202451760113
277620.0,1949.3791460002408
277640.0,1791.5949577067556
277660.0,1670.4238934962116
277680.0,1596.8984083783262
277700.0,1575.4465231884394
277720.0,1604.9863609805839
277740.0,1679.9892407464408
277760.0,1791.1178293086875
277780.0,1925.8430428432384
277800.0,2069.893581151736
277820.0,2209.5746740602904
277840.0,2333.8580999537726
277860.0,2435.32127472674
277880.0,2510.058587576507
277900.0,2557.2634429048835
277920.0,2578.899766659642
277940.0,2579.4062498410667
277960.0,2565.2692933259054
277980.0,2543.9870639097494
278000.0,2522.3201225767702
278020.0,2504.8961727705764
278040.0,2493.7479188865705
278060.0,2488.558295535854
278080.0,2487.2928878677903
278100.0,2486.96098196362
278120.0,2484.322874220513
278140.0,2476.4631956419753
278160.0,2461.222151354539
278180.0,2437.478345848106
278200.0,2405.26101492989
278220.0,2365.67532029025
278240.0,2320.6473909534884
278260.0,2272.5363482406156
278280.0,2223.70878722017
278300.0,2176.1917760288798
278320.0,2131.4599154610514
278340.0,2090.3608670536983
278360.0,2053.1636316151266
278380.0,2019.699029394728
278400.0,1989.559126093303
278420.0,1962.2875490823258
278440.0,1937.5143103221799
278460.0,1915.0200890553183
278480.0,1894.7444705581559
278500.0,1876.7330792294647
278520.0,1861.0393255396561
278540.0,1847.6522203217014
278560.0,1836.475220054379
278580.0,1827.3524620535584
278600.0,1820.1302277274058
278620.0,1814.7112487639915
278640.0,1811.0908943773215
278660.0,1809.3807976356802
278680.0,1809.801077375776
278700.0,1812.6144917345125
278720.0,1818.025322459537
278740.0,1826.1133387641526
278760.0,1836.809346754991
278780.0,1849.8992622181752
278800.0,1865.0479279818635
278820.0,1881.8316261989814
278840.0,1899.7574283383722
278860.0,1918.2805923019016
278880.0,1936.8407093761575
278900.0,1954.904113064867
278920.0,1972.0236950692452
278940.0,1987.9170598693443
278960.0,2002.5473702323586
278980.0,2016.195691175116
279000.0,2029.511037379743
279020.0,2043.5090720980145
279040.0,2059.4779443798525
279060.0,2078.7649911130125
279080.0,2102.408590144817
279100.0,2130.595214608028
279120.0,2161.982422103949
279140.0,2193.0399318791797
279160.0,2217.653170481465
279180.0,2227.2653488304713
279200.0,2211.827842912194
279220.0,2161.731738002857
279240.0,2070.6526931495023
279260.0,1938.8291090050666
279280.0,1775.750245195683
279300.0,1600.7020103020739
279320.0,1439.4352477984241
279340.0,1317.052333120573
279360.0,1251.4675905643762
279380.0,1250.7050006861207
279400.0,1313.0158786957998
279420.0,1428.2605755324428
279440.0,1579.938844284396
279460.0,1748.1319870572563
279480.0,1913.4414131223816
279500.0,2060.670543035396
279520.0,2180.9342259947616
279540.0,2271.721269512958
279560.0,2335.258948135538
279580.0,2376.23542088989
279600.0,2399.9124253983155
279620.0,2411.004433799414
279640.0,2413.3187996102815
279660.0,2409.835734651897
279680.0,2402.8838508224153
279700.0,2394.222379077348
279720.0,2385.0694388647
279740.0,2376.182362001504
279760.0,2368.005431214098
279780.0,2360.756209133137
279800.0,2354.442969546423
279820.0,2348.847478138213
279840.0,2343.51731500827
279860.0,2337.853352547941
279880.0,2331.289727240363
279900.0,2323.5037403524557
279920.0,2314.609282872304
279940.0,2305.264449011327
279960.0,2296.6594706635487
279980.0,2290.3641340415406
280000.0,2287.997089960437
280020.0,2290.7298515230596
280040.0,2298.652573156007
280060.0,2310.047516979175
280080.0,2320.735158091395
280100.0,2323.7708714628775
280120.0,2309.781023027205
280140.0,2268.2114627630986
280160.0,2189.6345632540915
280180.0,2068.8902447831997
280200.0,1908.2389036294812
280220.0,1719.226883164225
280240.0,1521.7683384673023
280260.0,1339.5604043421474
280280.0,1193.2094195161235
280300.0,1094.6777427738577
280320.0,1045.8347978171373
280340.0,1040.4129263545324
280360.0,1067.3771090926227
280380.0,1114.2763785252705
280400.0,1169.8240698284449
280420.0,1225.4711400803371
280440.0,1276.0633799708532
280460.0,1319.8241510601595
280480.0,1357.9197672605217
280500.0,1393.796852221711
280520.0,1432.382763100023
280540.0,1479.1580503697614
280560.0,1539.0801734236613
280580.0,1615.3836949159152
280600.0,1708.4122640940864
280620.0,1814.8439645530457
280640.0,1927.9004343800086
280660.0,2038.9163866475367
280680.0,2139.5872832941236
280700.0,2223.725652336006
280720.0,2287.9875695198325
280740.0,2331.8508138042516
280760.0,2357.231920516796
280780.0,2367.775987308398
280800.0,2367.978120184797
280820.0,2362.4533553850097
280840.0,2355.49353154278
280860.0,2350.7122773092897
280880.0,2350.6978798739415
280900.0,2356.7545119950796
280920.0,2368.678066950475
280940.0,2384.5148179043154
280960.0,2400.3595232881507
280980.0,2410.298795069273
281000.0,2406.6832905095243
281020.0,2380.9293756768825
281040.0,2324.998842051442
281060.0,2233.6148868095925
281080.0,2106.9441122217736
281100.0,1953.050355974729
281120.0,1789.1311316015544
281140.0,1640.1725797037368
281160.0,1533.0976872724002
281180.0,1486.9211794875314
281200.0,1505.3953737588495
281220.0,1576.4938121237308
281240.0,1677.448653874774
281260.0,1782.7671462070775
281280.0,1871.9668296054692
281300.0,1934.0657258874314
281320.0,1967.47141124829
281340.0,1976.888654941995
281360.0,1969.955592049412
281380.0,1954.6831620099765
281400.0,1937.8180588686057
281420.0,1924.0471007556328
281440.0,1915.8956794796668
281460.0,1914.0747106541014
281480.0,1918.0365083617348
281500.0,1926.5543733649167
281520.0,1938.2100997069515
281540.0,1951.736324755675
281560.0,1966.1958380369265
281580.0,1980.9869544274247
281600.0,1995.7584432516728
281620.0,2010.3119527333115
281640.0,2024.4923337013431
281660.0,2038.0887768040168
281680.0,2050.8013815127993
281700.0,2062.3025936067447
281720.0,2072.3623051468553
281740.0,2080.964511350542
281760.0,2088.351134309617
281780.0,2094.9646672572426
281800.0,2101.3040643921804
281820.0,2107.7669319843385
281840.0,2114.572279834397
281860.0,2121.7922401705036
281880.0,2129.425269045947
281900.0,2137.435593190844
281920.0,2145.7363145105555
281940.0,2154.11054538603
281960.0,2162.091903874565
281980.0,2168.904971284065
282000.0,2173.6381705390686
282020.0,2175.6829433696666
282040.0,2175.103888077556
282060.0,2172.6449832323137
282080.0,2169.540497827911
282100.0,2167.2137683370706
282120.0,2166.803465030269
282140.0,2168.8654465709687
282160.0,2173.435633444171
282180.0,2180.211028960466
282200.0,2188.707111209512
282220.0,2198.382225135374
282240.0,2208.7178437342045
282260.0,2219.2706450289443
282280.0,2229.767894190933
282300.0,2240.268845835536
282320.0,2251.3103347489105
282340.0,2263.9051029814054
282360.0,2279.272914978507
282380.0,2298.288523793667
282400.0,2320.755637839867
282420.0,2344.6557765262396
282440.0,2365.5610048285753
282460.0,2376.4570526816024
282480.0,2368.2187707147905
282500.0,2330.9327700789586
282520.0,2256.121729875234
282540.0,2139.61278066037
282560.0,1984.3595170466137
282580.0,1802.080431722015
282600.0,1612.145746316817
282620.0,1436.5096368379172
282640.0,1292.9511779109266
282660.0,1191.5533105556776
282680.0,1135.2352366120056
282700.0,1122.2639334115918
282720.0,1148.898842462603
282740.0,1211.0270452620898
282760.0,1304.3378654598646
282780.0,1423.2237204282185
282800.0,1559.1662527497397
282820.0,1699.86215453708
282840.0,1830.5651921156161
282860.0,1937.9519035903384
282880.0,2014.396113442343
282900.0,2059.7584791472773
282920.0,2079.7130484481304
282940.0,2082.6357087134834
282960.0,2076.987691858767
282980.0,2069.6882445266806
283000.0,2065.386506527032
283020.0,2066.3951918261437
283040.0,2073.052662598161
283060.0,2084.3176900112967
283080.0,2098.4348538606764
283100.0,2113.526667545168
283120.0,2127.9961538184675
283140.0,2140.7263396706508
283160.0,2151.0986818674883
283180.0,2158.8750260690167
283200.0,2164.0177746768013
283220.0,2166.5426790883303
283240.0,2166.453344860085
283260.0,2163.7292358206505
283280.0,2158.344930560211
283300.0,2150.3162153450294
283320.0,2139.7450383594014
283340.0,2126.858965413709
283360.0,2112.0659240290315
283380.0,2096.0100338481643
283400.0,2079.559980948752
283420.0,2063.677992031097
283440.0,2049.2174508386206
283460.0,2036.765514478601
283480.0,2026.5822371439274
283500.0,2018.6198092322495
283520.0,2012.5950255603852
283540.0,2008.1097038300318
283560.0,2004.7766771803956
283580.0,2002.3343130525705
283600.0,2000.7897124161445
283620.0,2000.5459120057542
283640.0,2002.4317016156995
283660.0,2007.610287787705
283680.0,2017.358603076686
283700.0,2032.695621073668
283720.0,2053.8094412286146
283740.0,2079.3274614097495
283760.0,2105.579812790157
283780.0,2126.1034978255675
283800.0,2131.7106982949645
283820.0,2111.4408592628474
283840.0,2054.640744414
283860.0,1954.1298025921278
283880.0,1809.899937929687
283900.0,1632.2612623722403
283920.0,1442.7825960600126
283940.0,1270.9981422851317
283960.0,1146.7066448670726
283980.0,1092.389560317912
284000.0,1118.9233215866595
284020.0,1223.9070532141418
284040.0,1391.9665775085864
284060.0,1597.551268999911
284080.0,1810.8039194342314
284100.0,2004.5129090596026
284120.0,2159.326526497325
284140.0,2266.0663772780867
284160.0,2325.167987516409
284180.0,2344.2686084956244
284200.0,2334.956620776881
284220.0,2309.5466436250704
284240.0,2278.711444860055
284260.0,2250.2130437895185
284280.0,2228.586813687111
284300.0,2215.517128864064
284320.0,2210.5985850933794
284340.0,2212.1840685573366
284360.0,2218.1147933749517
284380.0,2226.266664254408
284400.0,2234.9042493208135
284420.0,2242.853900859999
284440.0,2249.5156076477806
284460.0,2254.7534409310283
284480.0,2258.7113287494094
284500.0,2261.6003508873887
284520.0,2263.5304229704807
284540.0,2264.4462071382754
284560.0,2264.1523819608283
284580.0,2262.402596923348
284600.0,2259.0205488253887
284620.0,2254.0236701447593
284640.0,2247.7393283683514
284660.0,2240.905923221271
284680.0,2234.7217968330515
284700.0,2230.7773467327934
284720.0,2230.833818533968
284740.0,2236.426978742141
284760.0,2248.268540382606
284780.0,2265.4963184646385
284800.0,2284.9381171750492
284820.0,2300.6384081816354
284840.0,2303.9051441035763
284860.0,2284.1017807241915
284880.0,2230.404817102651
284900.0,2134.556382652912
284920.0,1994.2435589151598
284940.0,1816.2104923787097
284960.0,1617.5533344662267
284980.0,1423.1551481954045
285000.0,1258.3371288868393
285020.0,1140.6911174072388
285040.0,1076.6773273027131
285060.0,1063.0888714724322
285080.0,1090.8587757802743
285100.0,1149.1823578147273
285120.0,1228.7151190996183
285140.0,1323.2669364393037
285160.0,1429.912565385181
285180.0,1547.7937491895277
285200.0,1676.1440334048239
285220.0,1812.2710935381751
285240.0,1950.4073750596829
285260.0,2082.3012301064523
285280.0,2199.4244118566694
285300.0,2295.3330327533668
285320.0,2366.9237868451323
285340.0,2414.438277266295
285360.0,2440.6927936187412
285380.0,2449.995530807234
285400.0,2447.165011337125
285420.0,2436.8043577756666
285440.0,2422.8633208148144
285460.0,2408.542096488748
285480.0,2396.2259861071952
285500.0,2387.294094147298
285520.0,2382.019069538398
285540.0,2379.648838291369
285560.0,2378.643244045442
285580.0,2377.009226553007
285600.0,2372.6786973815015
285620.0,2363.867171599156
285640.0,2349.3655269284
285660.0,2328.7434716633175
285680.0,2302.434838629928
285700.0,2271.655642800271
285720.0,2238.1490544911167
285740.0,2203.8509678446685
285760.0,2170.5881535019025
285780.0,2139.8557169609385
285800.0,2112.684108491844
285820.0,2089.5942579718785
285840.0,2070.6458107929802
285860.0,2055.5500048440103
285880.0,2043.8089439315256
285900.0,2034.8589329798567
285920.0,2028.2007540329912
285940.0,2023.4672932534709
285960.0,2020.4353925506136
285980.0,2018.9956192471623
286000.0,2019.1122130630931
286020.0,2020.7981364798366
286040.0,2024.0790741890523
286060.0,2028.9461668017261
286080.0,2035.3256816602545
286100.0,2043.0851412012057
286120.0,2052.047507335067
286140.0,2061.9866670298657
286160.0,2072.630275904942
286180.0,2083.6849656672175
286200.0,2094.8682965828175
286220.0,2105.9437596136895
286240.0,2116.7408834640632
286260.0,2127.160424793317
286280.0,2137.1845853677933
286300.0,2146.8750794313587
286320.0,2156.3360979387826
286340.0,2165.6730466477848
286360.0,2174.972960869525
286380.0,2184.278449179145
286400.0,2193.5594616481685
286420.0,2202.7086213958855
286440.0,2211.564535940256
286460.0,2219.950118506824
286480.0,2227.7103656132467
286500.0,2234.72111315079
286520.0,2240.8761940817926
286540.0,2246.07106659044
286560.0,2250.1790945044722
286580.0,2253.0142930753623
286600.0,2254.295649496971
286620.0,2253.648091089304
286640.0,2250.684091153014
286660.0,2245.16966854797
286680.0,2237.2175526145215
286700.0,2227.423780214275
286720.0,2216.871818182784
286740.0,2206.948946755474
286760.0,2199.0185347013744
286780.0,2194.0647899678393
286800.0,2192.468636783979
286820.0,2194.0466459842546
286840.0,2198.2527556490477
286860.0,2204.3406522267073
286880.0,2211.47565873466
286900.0,2218.922410241568
286920.0,2226.2365562593877
286940.0,2233.400661250202
286960.0,2240.9227187190836
286980.0,2249.8109662157412
287000.0,2261.30970453586
287020.0,2276.400743776675
287040.0,2295.1340848989084
287060.0,2315.945223408219
287080.0,2335.119233672901
287100.0,2346.5769573625957
287120.0,2342.221893227851
287140.0,2313.0898999464025
287160.0,2251.3888667556957
287180.0,2153.2293265990156
287200.0,2021.4267191873514
287220.0,1867.225553855075
287240.0,1709.3544205458552
287260.0,1569.6355895361862
287280.0,1467.1733079671208
287300.0,1414.531816429305
287320.0,1416.8568932903238
287340.0,1472.5551877084188
287360.0,1574.2955452908734
287380.0,1709.9354578947355
287400.0,1863.798397151948
287420.0,2019.0133402022486
287440.0,2160.4971017209486
287460.0,2277.3366656900753
287480.0,2363.943302979583
287500.0,2419.9426015207746
287520.0,2449.134042816914
287540.0,2457.886172142692
287560.0,2453.2891121808416
287580.0,2441.655107864086
287600.0,2427.7803146856877
287620.0,2414.863521310782
287640.0,2404.8033231143004
287660.0,2398.473866291307
287680.0,2395.890316883756
287700.0,2396.4156061400417
287720.0,2398.974199937662
287740.0,2402.2547692012567
287760.0,2404.8936185075077
287780.0,2405.6447863777616
287800.0,2403.513014844063
287820.0,2397.8389620955263
287840.0,2388.346011623545
287860.0,2375.1409402424933
287880.0,2358.667109531312
287900.0,2339.629737980682
287920.0,2318.9174994399145
287940.0,2297.5007997938974
287960.0,2276.316001766928
287980.0,2256.1759020622453
288000.0,2237.7331047589223
288020.0,2221.4906159652346
288040.0,2207.818683324368
288060.0,2196.947197581515
288080.0,2188.945688774832
288100.0,2183.6687916382007
288120.0,2180.6925607020867
288140.0,2179.3231613969315
288160.0,2178.7551319373565
288180.0,2178.3547636312437
288200.0,2177.9420989094792
288220.0,2177.9641475911376
288240.0,2179.493076497026
288260.0,2184.0167766473724
288280.0,2193.0486189856974
288300.0,2207.6057276076317
288320.0,2227.569415251004
288340.0,2250.9986430559975
288360.0,2273.5924668225575
288380.0,2288.5137658882804
288400.0,2286.778718339207
288420.0,2258.4629732734725
288440.0,2194.8617387641652
288460.0,2091.4537937923146
288480.0,1951.0885706775093
288500.0,1786.2319204630621
288520.0,1618.4735463772358
288540.0,1473.7801273483567
288560.0,1375.4329600765036
288580.0,1339.029637736703
288600.0,1370.4529220836564
288620.0,1465.5884613289832
288640.0,1611.189320423141
288660.0,1787.2353499068608
288680.0,1971.0410425605764
288700.0,2141.7977274877485
288720.0,2283.987874861955
288740.0,2389.116844571396
288760.0,2455.7920431937914
288780.0,2488.3567214551595
288800.0,2494.707189559229
288820.0,2484.0012620078455
288840.0,2464.814275604702
288860.0,2444.003240529064
288880.0,2426.211609860133
288900.0,2413.87098116713
288920.0,2407.5649643604274
288940.0,2406.5624731329835
288960.0,2409.373545575284
288980.0,2414.2364444033524
289000.0,2419.465764450884
289020.0,2423.642966781125
289040.0,2425.6972557092845
289060.0,2424.9156124028505
289080.0,2420.9105074325103
289100.0,2413.5933166815717
289120.0,2403.1561559026864
289140.0,2390.053327617955
289160.0,2374.969231643975
289180.0,2358.765639282562
289200.0,2342.409481486679
289220.0,2326.8806274316403
289240.0,2313.0822010151746
289260.0,2301.771073253137
289280.0,2293.4685997293486
289300.0,2288.3434164268547
289320.0,2286.089388739748
289340.0,2285.8409002810345
289360.0,2286.182813375343
289380.0,2285.3061008378754
289400.0,2281.3584873742416
289420.0,2273.0391137320976
289440.0,2260.4141086461086
289460.0,2245.329559337879
289480.0,2230.6186262830447
289500.0,2218.926253398551
289520.0,2212.1004314683732
289540.0,2211.0132106423143
289560.0,2215.5789914947236
289580.0,2224.9314483055414
289600.0,2237.7046366127424
289620.0,2252.2914844657435
289640.0,2267.111762500008
289660.0,2281.0260037974917
289680.0,2293.864677902931
289700.0,2306.4519738920308
289720.0,2319.9072313680895
289740.0,2334.793915619165
289760.0,2350.322781426925
289780.0,2363.761536035215
289800.0,2370.2135304755166
289820.0,2362.905792081706
289840.0,2334.1279515381266
289860.0,2276.9031948382444
289880.0,2187.24373673406
289900.0,2066.5379214335617
289920.0,1923.1924392525289
289940.0,1772.2490500559518
289960.0,1632.1889594274712
289980.0,1520.3978434442322
290000.0,1449.9896668487213
290020.0,1428.504914296966
290040.0,1457.5190056280999
290060.0,1532.5486365115642
290080.0,1643.3993606166266
290100.0,1775.678893981883
290120.0,1913.5598643624605
290140.0,2042.6639495604263
290160.0,2152.2157428743967
290180.0,2236.0944767017727
290200.0,2292.805966491346
290220.0,2324.745314087885
290240.0,2336.9735426082384
290260.0,2335.753859995165
290280.0,2327.186506757007
290300.0,2316.2558485878753
290320.0,2306.418256652099
290340.0,2299.63038478897
290360.0,2296.6176935642766
290380.0,2297.233823134048
290400.0,2300.808821902515
290420.0,2306.4355777757423
290440.0,2313.1893932832672
290460.0,2320.2475181870113
290480.0,2326.9210537746176
290500.0,2332.6326198988013
290520.0,2336.8583923727647
290540.0,2339.0785668659314
290560.0,2338.806982240584
290580.0,2335.7047180063355
290600.0,2329.682388399745
290620.0,2320.9465495762115
290640.0,2310.04021498172
290660.0,2297.884667398572
290680.0,2285.7579439601677
290700.0,2275.149807370854
290720.0,2267.487121466305
290740.0,2263.7327900716477
290760.0,2263.8605194299985
290780.0,2266.297810230989
290800.0,2267.494245632092
290820.0,2261.816480498336
290840.0,2241.996333329723
290860.0,2200.2845557789174
290880.0,2130.335339886452
290900.0,2029.6143050713933
290920.0,1901.7343957020785
290940.0,1757.6951152682875
290960.0,1614.6838278318742
290980.0,1491.4252539188544
291000.0,1401.989677880771
291020.0,1352.4320226157404
291040.0,1341.1211883875794
291060.0,1361.059433509778
291080.0,1402.7106785693
291100.0,1456.4467178989166
291120.0,1514.2144792370248
291140.0,1570.3776390168907
291160.0,1621.8874325069416
291180.0,1668.0124629158486
291200.0,1709.8419902675491
291220.0,1749.7115395839955
291240.0,1790.6201912095098
291260.0,1835.644675591077
291280.0,1887.3264736923943
291300.0,1947.0252213274584
291320.0,2014.2959764528964
291340.0,2086.4505594251796
291360.0,2158.585044933661
291380.0,2224.439776827835
291400.0,2278.1837476834526
291420.0,2316.360290268147
291440.0,2338.8552414247897
291460.0,2348.4587792575444
291480.0,2349.485725172892
291500.0,2346.3337442415213
291520.0,2342.5610992305096
291540.0,2340.5214607664016
291560.0,2341.3534442450364
291580.0,2345.126358353974
291600.0,2351.0210125785666
291620.0,2357.5751861980707
291640.0,2362.943539142677
291660.0,2365.112443525251
291680.0,2362.1127136330183
291700.0,2352.2813749322004
291720.0,2334.512504654239
291740.0,2308.4467516984337
291760.0,2274.5673627597607
291780.0,2234.1294150236954
291800.0,2188.915740746164
291820.0,2140.916530230999
291840.0,2092.0435622119253
291860.0,2043.9359503799212
291880.0,1997.8574535266494
291900.0,1954.6857005626712
291920.0,1914.9787491341413
291940.0,1879.0667956061109
291960.0,1847.1190993663615
291980.0,1819.184849706698
292000.0,1795.2259395448934
292020.0,1775.1262505782688
292040.0,1758.683712476979
292060.0,1745.5832007064855
292080.0,1735.3476584464047
292100.0,1727.3173529098283
292120.0,1720.7049330351213
292140.0,1714.7481184648473
292160.0,1708.9396102988915
292180.0,1703.292908500991
292200.0,1698.494029211371
292220.0,1695.7509472079535
292240.0,1696.4489636165351
292260.0,1701.638671450178
292280.0,1711.5451880525216
292300.0,1725.314537556224
292320.0,1740.9339046953464
292340.0,1755.284510064387
292360.0,1764.3584918626177
292380.0,1763.6848342290316
292400.0,1749.1053630801184
292420.0,1717.9451685632762
292440.0,1670.319450821184
292460.0,1610.1032571880949
292480.0,1544.7707950734982
292500.0,1483.2692434870844
292520.0,1432.9243958697189
292540.0,1397.6586362760397
292560.0,1377.9167727436288
292580.0,1371.5560957070647
292600.0,1375.0450854356172
292620.0,1384.5536657987473
292640.0,1396.7282700952173
292660.0,1409.1027789351158
292680.0,1420.1955139513645
292700.0,1429.3891351237096
292720.0,1436.69753987928
292740.0,1442.5067044754196
292760.0,1447.34833350018
292780.0,1451.73627455348
292800.0,1456.072052133048
292820.0,1460.6101859151343
292840.0,1465.4661779250578
292860.0,1470.6486115892617
292880.0,1476.0995047493993
292900.0,1481.7317529870516
292920.0,1487.4574970245508
292940.0,1493.2054622669978
292960.0,1498.9282426617735
292980.0,1504.6020778028628
293000.0,1510.2221282583753
293020.0,1515.795944079397
293040.0,1521.3371086435777
293060.0,1526.8602224208776
293080.0,1532.377669612804
293100.0,1537.8980877567142
293120.0,1543.42615999477
293140.0,1548.9632429594335
293160.0,1554.5083750464273
293180.0,1560.0593198156903
293200.0,1565.6134352406075
293220.0,1571.1682842422986
293240.0,1576.7219941106682
293260.0,1582.2734244264095
293280.0,1587.8222172409464
293300.0,1593.3687878730125
293320.0,1598.914281079662
293340.0,1604.4604779435303
293360.0,1610.0096059272305
293380.0,1615.5639897511344
293400.0,1621.125493929996
293420.0,1626.6947555103663
293440.0,1632.2702885054707
293460.0,1637.8476514428141
293480.0,1643.418985986536
293500.0,1648.9733237629248
293520.0,1654.4980741130178
293540.0,1659.9819955058533
293560.0,1665.4196723901719
293580.0,1670.817047209513
293600.0,1676.196922073273
293620.0,1681.6026445054438
293640.0,1687.0976099836503
293660.0,1692.7580153500007
293680.0,1698.6567961703786
293700.0,1704.838173791355
293720.0,1711.2848948484484
293740.0,1717.8839763691644
293760.0,1724.4010801192303
293780.0,1730.477532137115
293800.0,1735.665967588008
293820.0,1739.5187508261417
293840.0,1741.735846675845
293860.0,1742.3644853167814
293880.0,1742.0220081223974
293900.0,1742.0882992666855
293920.0,1744.7908979209901
293940.0,1753.0933269055356
293960.0,1770.307236855121
293980.0,1799.3945308867126
294000.0,1842.0174588020614
294020.0,1897.5371109034063
294040.0,1962.3451406740526
294060.0,2030.0364049715397
294080.0,2092.580920456843
294100.0,2141.7969716384146
294120.0,2170.218275018286
294140.0,2171.4578593026504
294160.0,2140.7476219815603
294180.0,2076.025022764374
294200.0,1979.4808841971621
294220.0,1859.113245673964
294240.0,1729.367673811094
294260.0,1609.7206857297826
294280.0,1520.9626370164003
294300.0,1480.150311831565
294320.0,1495.4791554760304
294340.0,1562.7235278796688
294360.0,1665.5410058331722
294380.0,1781.1920023661835
294400.0,1888.5942834533084
294420.0,1973.4730028927402
294440.0,2029.5952505995494
294460.0,2057.6291246727515
294480.0,2062.868762509049
294500.0,2052.760109999926
294520.0,2034.8659395939394
294540.0,2015.526733357189
294560.0,1999.227819291745
294580.0,1988.5143157562081
294600.0,1984.2438123808
294620.0,1985.9960775492505
294640.0,1992.5198536217583
294660.0,2002.1611279624005
294680.0,2013.2094460140627
294700.0,2024.120814542145
294720.0,2033.6014959886397
294740.0,2040.60142871148
294760.0,2044.317000649788
294780.0,2044.2666858952193
294800.0,2040.3819903604776
294820.0,2033.0345409604276
294840.0,2022.9743420533046
294860.0,2011.210449096718
294880.0,1998.84660687284
294900.0,1986.9178256406715
294920.0,1976.266857251885
294940.0,1967.4608922009586
294960.0,1960.7767608248355
294980.0,1956.254425515996
295000.0,1953.783245370973
295020.0,1953.1794069391865
295040.0,1954.2246719788716
295060.0,1956.671628231815
295080.0,1960.2274046443258
295100.0,1964.5437294072574
295120.0,1969.239187174102
295140.0,1973.9729437500343
295160.0,1978.5799652245557
295180.0,1983.2498272222529
295200.0,1988.6592477223833
295220.0,1995.9771056718978
295240.0,2006.7053091454304
295260.0,2022.3019789769241
295280.0,2043.571329979779
295300.0,2069.93231899436
295320.0,2098.713954262439
295340.0,2124.6422588684954
295360.0,2139.75435302878
295380.0,2134.007654386597
295400.0,2096.8265388170776
295420.0,2019.706109801434
295440.0,1899.6076334421487
295460.0,1742.3256392364797
295480.0,1564.3993173633826
295500.0,1391.7704435621476
295520.0,1253.9053697990923
295540.0,1175.5952184237995
295560.0,1171.1982460634629
295580.0,1242.3103563364512
295600.0,1377.7971076693186
295620.0,1555.9332334130447
295640.0,1749.215588470537
295660.0,1931.135921410631
295680.0,2081.972093516343
295700.0,2191.584991055727
295720.0,2259.0687062591364
295740.0,2290.2778162599693
295760.0,2294.751442139508
295780.0,2283.069377536378
295800.0,2264.8365634381294
295820.0,2247.3223322777453
295840.0,2234.9161516655
295860.0,2229.3321436381652
295880.0,2230.279093611144
295900.0,2236.281971698765
295920.0,2245.413569898649
295940.0,2255.830969495849
295960.0,2266.0889988013023
295980.0,2275.2348138299812
296000.0,2282.7544084110405
296020.0,2288.4674982148836
296040.0,2292.424230048624
296060.0,2294.798852009137
296080.0,2295.783650412469
296100.0,2295.524957878117
296120.0,2294.1088793165873
296140.0,2291.5990292459874
296160.0,2288.1077272924354
296180.0,2283.8383488493328
296200.0,2279.080972143045
296220.0,2274.173813980108
296240.0,2269.4242544174504
296260.0,2265.0205771319106
296280.0,2260.9843055397137
296300.0,2257.17814106496
296320.0,2253.3534775277835
296340.0,2249.2119795043436
296360.0,2244.473624257402
296380.0,2238.968068680775
296400.0,2232.7768005731104
296420.0,2226.387516747533
296440.0,2220.784379499413
296460.0,2217.4082306350265
296480.0,2217.900318383024
296500.0,2223.5764657551667
296520.0,2234.666624306276
296540.0,2249.4463346079137
296560.0,2263.5016261468386
296580.0,2269.436786391486
296600.0,2257.320410361391
296620.0,2216.058255443711
296640.0,2135.7060794268255
296660.0,2010.5248292284239
296680.0,1842.1910895946367
296700.0,1642.011256097873
296720.0,1430.4922668088673
296740.0,1233.1635276800712
296760.0,1074.127903134812
296780.0,971.1782934197815
296800.0,934.3011693719352
296820.0,966.1302583226609
296840.0,1062.6750347771917
296860.0,1213.6279404606616
296880.0,1402.6359073894905
296900.0,1608.8513034472412
296920.0,1810.668597272419
296940.0,1990.0070862767159
296960.0,2135.126666503608
296980.0,2241.4292941966046
297000.0,2310.553951687486
297020.0,2348.471433380143
297040.0,2363.2172365734596
297060.0,2362.9292246041773
297080.0,2354.6514469448034
297100.0,2343.859514861854
297120.0,2334.3772747324374
297140.0,2328.4047092787087
297160.0,2326.694508385386
297180.0,2328.9276129221394
297200.0,2334.1476189507707
297220.0,2341.134114955888
297240.0,2348.6572511365093
297260.0,2355.6104267016135
297280.0,2361.0687886769997
297300.0,2364.3395200978603
297320.0,2365.0195443577577
297340.0,2363.022650925788
297360.0,2358.5456671193156
297380.0,2351.9873882568363
297400.0,2343.8599015787513
297420.0,2334.710066838026
297440.0,2325.0535920064367
297460.0,2315.3389677544114
297480.0,2305.9381298796798
297500.0,2297.1408645111633
297520.0,2289.167579948721
297540.0,2282.1964669851886
297560.0,2276.3674871494327
297580.0,2271.762805127015
297600.0,2268.390323183625
297620.0,2266.1815985495737
297640.0,2265.012639515684
297660.0,2264.747975981383
297680.0,2265.2709607804795
297700.0,2266.4914944139987
297720.0,2268.3466881452714
297740.0,2270.8040018345946
297760.0,2273.8749299014335
297780.0,2277.6058689001156
297800.0,2282.0189246839527
297820.0,2287.052492845954
297840.0,2292.5605763266567
297860.0,2298.337751144107
297880.0,2304.125069548029
297900.0,2309.6099742936412
297920.0,2314.4689914330734
297940.0,2318.4627499128082
297960.0,2321.575238243409
297980.0,2324.1724521947717
298000.0,2327.110195496324
298020.0,2331.717128019434
298040.0,2339.592537925951
298060.0,2352.2006315332087
298080.0,2370.278173996427
298100.0,2393.111316691297
298120.0,2417.792404972267
298140.0,2438.66363122847
298160.0,2447.2501414102194
298180.0,2432.980422653185
298200.0,2384.9045649113227
298220.0,2294.4089841116793
298240.0,2158.569118542585
298260.0,1983.3067023427582
298280.0,1784.8454585543736
298300.0,1587.475225550295
298320.0,1417.4983134588326
298340.0,1297.4419988385584
298360.0,1243.1777067737635
298380.0,1262.803542406524
298400.0,1355.8992534500196
298420.0,1512.7563644440083
298440.0,1714.3430715148795
298460.0,1934.7397624246041
298480.0,2146.790401682462
298500.0,2328.142626829179
298520.0,2464.9409749095757
298540.0,2552.941988460002
298560.0,2596.3922082887743
298580.0,2605.259876161975
298600.0,2591.863473365843
298620.0,2567.81922719996
298640.0,2542.0213983467243
298660.0,2519.9434850534626
298680.0,2503.9793706918426
298700.0,2494.275237828431
298720.0,2489.6376991937277
298740.0,2488.3117470842276
298760.0,2488.574348837688
298780.0,2489.0570456806263
298800.0,2488.8019992569148
298820.0,2487.2064943441355
298840.0,2483.963768267455
298860.0,2478.982852653837
298880.0,2472.308559647576
298900.0,2464.0840242213094
298920.0,2454.519609131154
298940.0,2443.8673929799475
298960.0,2432.4160460660805
298980.0,2420.495570665595
299000.0,2408.488306929723
299020.0,2396.8229524737753
299040.0,2385.930768701857
299060.0,2376.1805883704155
299080.0,2367.8217248798187
299100.0,2360.944594170617
299120.0,2355.4587779704807
299140.0,2351.102652163084
299160.0,2347.504363139459
299180.0,2344.285188978064
299200.0,2341.214986730598
299220.0,2338.422959226012
299240.0,2336.5901942429327
299260.0,2337.009212528637
299280.0,2341.4173216499626
299300.0,2351.569617482032
299320.0,2368.5725705613936
299340.0,2392.023471112528
299360.0,2419.084969480761
299380.0,2443.74636671335
299400.0,2456.5882846346763
299420.0,2445.392275789868
299440.0,2396.889997567625
299460.0,2299.7827395056515
299480.0,2148.841995925098
299500.0,1949.2791408547055
299520.0,1719.6832232993343
299540.0,1491.0277437789996
299560.0,1299.8880977441254
299580.0,1177.6540435306079
299600.0,1141.2945470036302
299620.0,1188.6675983818168
299640.0,1298.2593559563588
299660.0,1433.6549123763455
299680.0,1553.1449485568053
299700.0,1621.8017074469715
299720.0,1621.1115622688715
299740.0,1553.1032096106358
299760.0,1437.7270489410198
299780.0,1304.4178463238054
299800.0,1181.557189515553
299820.0,1088.9545844233812
299840.0,1035.5498270554049
299860.0,1020.8451430182355
299880.0,1038.0509203129932
299900.0,1077.480988891034
299920.0,1129.3324257442405
299940.0,1185.4881931178993
299960.0,1240.3392104150219
299980.0,1290.8298608949026
300000.0,1336.0106616846558
300020.0,1376.3711967737595
300040.0,1413.1646343867367
300060.0,1447.8553220645838
300080.0,1481.746269130917
300100.0,1515.786614525934
300120.0,1550.5245811793823
300140.0,1586.157066666345
300160.0,1622.6277959152528
300180.0,1659.735788571344
300200.0,1697.229298861585
300220.0,1734.8733252256734
300240.0,1772.488865696446
300260.0,1809.9683858276774
300280.0,1847.2746238690524
300300.0,1884.4296896942342
300320.0,1921.49950524119
300340.0,1958.576079560953
300360.0,1995.7578502707547
300380.0,2033.1270535753386
300400.0,2070.7232202071295
300420.0,2108.513526245159
300440.0,2146.3635784422645
300460.0,2184.0155812029843
300480.0,2221.0835504843576
300500.0,2257.075699112628
300520.0,2291.4503956641934
300540.0,2323.702236272303
300560.0,2353.4572004818233
300580.0,2380.534157277833
300600.0,2404.9516805071357
300620.0,2426.831455557401
300640.0,2446.13441487186
300660.0,2462.482094519577
300680.0,2475.1420982029567
300700.0,2483.1424658644287
300720.0,2485.441778397507
300740.0,2481.095922305863
300760.0,2469.4197324311544
300780.0,2450.169447656007
300800.0,2423.6892501264874
300820.0,2390.8878989587965
300840.0,2353.072786032226
300860.0,2311.767571200282
300880.0,2268.5245791199586
300900.0,2224.722050048652
300920.0,2181.3939064854667
300940.0,2139.148935100197
300960.0,2098.1885994024433
300980.0,2058.393588229896
301000.0,2019.4240902849972
301020.0,1980.8249224290873
301040.0,1942.174211109476
301060.0,1903.2280061675278
301080.0,1864.0111567008812
301100.0,1824.874083633097
301120.0,1786.4757512501353
301140.0,1749.6616012947754
301160.0,1715.2905612121626
301180.0,1684.0683734144318
301200.0,1656.425213365957
301220.0,1632.4546379356702
301240.0,1611.9272558808375
301260.0,1594.379111159204
301280.0,1579.2197198713543
301300.0,1565.82551611786
301320.0,1553.63444252582
301340.0,1542.253010452139
301360.0,1531.5633968569532
301380.0,1521.7857479831575
301400.0,1513.4708971417535
301420.0,1507.4316872939207
301440.0,1504.6295169208772
301460.0,1506.0082272157792
301480.0,1512.2463624661523
301500.0,1523.4165070076729
301520.0,1538.5816518813178
301540.0,1555.3968797341709
301560.0,1569.8441905611821
301580.0,1576.285008050449
301600.0,1568.0222961310305
301620.0,1538.484755523922
301640.0,1482.911379983962
301660.0,1400.1270821967505
301680.0,1294.2264319015314
301700.0,1175.985181247982
301720.0,1062.6690337785603
301740.0,974.6290708310211
301760.0,929.8391043723708
301780.0,939.5063972781733
301800.0,1005.585544829058
301820.0,1119.9346194625912
301840.0,1265.500543534447
301860.0,1420.4436359905799
301880.0,1564.4132701397643
301900.0,1683.5695398566454
301920.0,1772.1434235853535
301940.0,1831.0935554819189
301960.0,1865.7076359446044
301980.0,1883.1977663509456
302000.0,1890.770369745748
302020.0,1894.4018293257457
302040.0,1898.3024264955682
302060.0,1904.8801703523172
302080.0,1915.0099931418324
302100.0,1928.4619088242284
302120.0,1944.3404698143702
302140.0,1961.4611138582864
302160.0,1978.6436506461246
302180.0,1994.896989972464
302200.0,2009.4908646310655
302220.0,2021.9332559515374
302240.0,2031.9183748772102
302260.0,2039.2877758346417
302280.0,2044.0112700693728
302300.0,2046.2085002626893
302320.0,2046.2290155243343
302340.0,2044.7600966253249
302360.0,2042.9014815566013
302380.0,2042.1434871471677
302400.0,2044.1974590023012
302420.0,2050.637012444348
302440.0,2062.3205180729624
302460.0,2078.6489751874888
302480.0,2096.823069817446
302500.0,2111.344404275562
302520.0,2114.010308309367
302540.0,2094.648588716893
302560.0,2042.7958718552727
302580.0,1950.3149220649277
302600.0,1814.627068425803
302620.0,1641.8225447194745
302640.0,1448.3355364677889
302660.0,1259.3004701681464
302680.0,1102.4980971644568
302700.0,1000.9496640496831
302720.0,968.6234115370207
302740.0,1009.2572892169179
302760.0,1116.655441075393
302780.0,1275.6840374636413
302800.0,1464.3191632771848
302820.0,1657.7436024255785
302840.0,1833.928971011565
302860.0,1978.0347503126366
302880.0,2083.985397057965
302900.0,2153.353098346854
302920.0,2192.702693578248
302940.0,2210.6808713260057
302960.0,2215.694065145165
302980.0,2214.5117770104007
303000.0,2211.793570362941
303020.0,2210.238612417272
303040.0,2211.0097097132775
303060.0,2214.2424103922667
303080.0,2219.5817662629934
303100.0,2226.661400919921
303120.0,2235.395346835493
303140.0,2246.0015968882285
303160.0,2258.764964633837
303180.0,2273.636265277538
303200.0,2289.781294576196
303220.0,2305.186944554992
303240.0,2316.490056281181
303260.0,2319.192844032601
303280.0,2308.365754551863
303300.0,2279.860442672839
303320.0,2231.9163057785854
303340.0,2166.817513874338
303360.0,2091.9837518926724
303380.0,2019.5950808435232
303400.0,1964.0372756629451
303420.0,1937.5637772110088
303440.0,1946.5265585925918
303460.0,1990.0673450537774
303480.0,2060.7700246712534
303500.0,2146.4902949296898
303520.0,2233.142997441285
303540.0,2308.0463701319636
303560.0,2362.755771555394
303580.0,2394.4003738167567
303600.0,2405.165073119158
303620.0,2400.5143688681264
303640.0,2387.13044606451
303660.0,2371.175877560431
303680.0,2357.234323175784
303700.0,2347.942117999937
303720.0,2344.1291655321043
303740.0,2345.239692310013
303760.0,2349.843231867969
303780.0,2356.1157601893706
303800.0,2362.2405198958813
303820.0,2366.734620912271
303840.0,2368.7087704655814
303860.0,2368.0495162012967
303880.0,2365.5044140643577
303900.0,2362.622753037559
303920.0,2361.517250093381
303940.0,2364.419992217053
303960.0,2373.0178514539907
303980.0,2387.606480190454
304000.0,2406.1790210466324
304020.0,2423.633944784203
304040.0,2431.378002368525
304060.0,2417.677174346213
304080.0,2369.128803044895
304100.0,2273.518517864694
304120.0,2123.9423409445644
304140.0,1923.458027707123
304160.0,1688.8337346744615
304180.0,1451.1698523950959
304200.0,1250.561158330972
304220.0,1124.3262811848167
304240.0,1095.6824549044177
304260.0,1168.7119570686882
304280.0,1328.6691465496226
304300.0,1545.9059620116384
304320.0,1782.9606551812317
304340.0,2003.7957569410914
304360.0,2181.902610570245
304380.0,2304.5815248087883
304400.0,2372.5376507535066
304420.0,2395.9123774906266
304440.0,2389.19623101673
304460.0,2366.8925408602086
304480.0,2340.7607320403686
304500.0,2318.644101295859
304520.0,2304.5077954269927
304540.0,2299.2154755968854
304560.0,2301.58896632043
304580.0,2309.420826484601
304600.0,2320.26695186626
304620.0,2331.9558912417015
304640.0,2342.8243158612445
304660.0,2351.730544765002
304680.0,2357.9548659026837
304700.0,2361.09383049708
304720.0,2360.9709413721494
304740.0,2357.5445017247316
304760.0,2350.8440777411074
304780.0,2340.9672047265585
304800.0,2328.1223073747487
304820.0,2312.665474056877
304840.0,2295.119509853832
304860.0,2276.15976210393
304880.0,2256.5736288127546
304900.0,2237.200398980631
304920.0,2218.848286374777
304940.0,2202.2313240958274
304960.0,2187.9269888354174
304980.0,2176.3157398103604
305000.0,2167.532462983441
305020.0,2161.4595180715924
305040.0,2157.748863041229
305060.0,2155.8736095417703
305080.0,2155.2374258309783
305100.0,2155.3103462416357
305120.0,2155.768720100786
305140.0,2156.630804476498
305160.0,2158.364084664926
305180.0,2161.9378469772373
305200.0,2168.765684390217
305220.0,2180.4722916786886
305240.0,2198.4570925311277
305260.0,2223.241230072617
305280.0,2253.638787329889
305300.0,2285.937416372517
305320.0,2313.344028620218
305340.0,2325.987337398864
305360.0,2311.843495472354
305380.0,2258.832875132665
305400.0,2158.074862925652
305420.0,2007.8951457716207
305440.0,1817.5479468706822
305460.0,1608.927994639908
305480.0,1414.0433082584098
305500.0,1267.0885853658626
305520.0,1194.6835269359397
305540.0,1209.6700131370244
305560.0,1309.119219012223
305580.0,1475.4126354908296
305600.0,1680.2927128128715
305620.0,1891.9999866217981
305640.0,2083.0300659818836
305660.0,2235.2493721110327
305680.0,2341.412265568292
305700.0,2403.7160738419966
305720.0,2430.6703053361357
305740.0,2433.5019646330793
305760.0,2423.118442938701
305780.0,2408.172221004244
305800.0,2394.341347556355
305820.0,2384.5320007455534
305840.0,2379.544709265398
305860.0,2378.8718719236426
305880.0,2381.3980727582757
305900.0,2385.8665152139893
305920.0,2391.0991976870987
305940.0,2396.1060769434544
305960.0,2400.1547209924743
305980.0,2402.801565203271
306000.0,2403.886184501703
306020.0,2403.48494583872
306040.0,2401.8300241508455
306060.0,2399.204474784662
306080.0,2395.8476611419514
306100.0,2391.920614112335
306120.0,2387.521613988753
306140.0,2382.700952621308
306160.0,2377.469945855288
306180.0,2371.827536445423
306200.0,2365.785995795807
306220.0,2359.3995812806247
306240.0,2352.783692520644
306260.0,2346.1010015799097
306280.0,2339.521406333515
306300.0,2333.162978114279
306320.0,2327.0573781966887
306340.0,2321.164816187339
306360.0,2315.4181640459515
306380.0,2309.775986178621
306400.0,2304.2873231641647
306420.0,2299.1644797601825
306440.0,2294.837541351576
306460.0,2291.971795279799
306480.0,2291.430548410774
306500.0,2294.147989780391
306520.0,2300.901770516061
306540.0,2312.0291168602116
306560.0,2327.1417122522485
306580.0,2344.9725778025686
306600.0,2363.51467824919
306620.0,2380.57084422625
306640.0,2394.4424475388
306660.0,2404.22594031655
306680.0,2409.6597878209686
306700.0,2410.7958525899244
306720.0,2407.7815076761685
306740.0,2400.877125572891
306760.0,2390.6907609807113
306780.0,2378.4814463428766
306800.0,2366.3214599274384
306820.0,2356.9101230128467
306840.0,2352.910828229539
306860.0,2356.0966901184984
306880.0,2366.6475933972933
306900.0,2382.6161037427996
306920.0,2399.5627104156056
306940.0,2410.4680932983433
306960.0,2406.1192489734945
306980.0,2376.2001970506235
307000.0,2311.263544560644
307020.0,2205.5492682130666
307040.0,2060.2258395059284
307060.0,1886.0335302554752
307080.0,1703.7259422348557
307100.0,1540.7341912391817
307120.0,1424.0121097035267
307140.0,1372.200131110248
307160.0,1390.921289108459
307180.0,1472.2303292595402
307200.0,1597.9375807263477
307220.0,1745.47566647321
307240.0,1893.490572388655
307260.0,2025.437893313702
307280.0,2130.9895134734006
307300.0,2205.8791038054346
307320.0,2250.9953233868314
307340.0,2271.205719444496
307360.0,2273.8342955203307
307380.0,2266.8282525774125
307400.0,2257.1558038396643
307420.0,2249.8537262470954
307440.0,2247.7985728553845
307460.0,2251.980766607605
307480.0,2261.9785838784237
307500.0,2276.4603169089905
307520.0,2293.627515098499
307540.0,2311.580849674543
307560.0,2328.6144892833354
307580.0,2343.411713604306
307600.0,2355.102287216786
307620.0,2363.217765278641
307640.0,2367.6161031221095
307660.0,2368.40043343266
307680.0,2365.8380472760773
307700.0,2360.269882609937
307720.0,2352.039519973279
307740.0,2341.481441139317
307760.0,2328.9407058989063
307780.0,2314.774551705509
307800.0,2299.3127493948605
307820.0,2282.8273052164996
307840.0,2265.5526984385656
307860.0,2247.7266869108366
307880.0,2229.613609900939
307900.0,2211.5061782289285
307920.0,2193.7442923072713
307940.0,2176.7532254440493
307960.0,2161.0420810779824
307980.0,2147.1310520396387
308000.0,2135.435323489154
308020.0,2126.148276034009
308040.0,2119.1866165873594
308060.0,2114.234235668856
308080.0,2110.8648983182734
308100.0,2108.6909582609687
308120.0,2107.510271595991
308140.0,2107.438007604943
308160.0,2108.979982131577
308180.0,2112.9982454384262
308200.0,2120.55859505553
308220.0,2132.642206892626
308240.0,2149.729791402463
308260.0,2171.2722742034753
308280.0,2195.1036685115405
308300.0,2216.9387194500064
308320.0,2230.192422534694
308340.0,2226.376994220198
308360.0,2196.247261191604
308380.0,2131.734729148199
308400.0,2028.4842507578892
308420.0,1888.387700894118
308440.0,1720.9685368092403
308460.0,1542.0852570438642
308480.0,1369.3037129530444
308500.0,1216.9042820433433
308520.0,1094.018740180591
308540.0,1005.5245327058271
308560.0,953.988095085914
308580.0,941.2972936264543
308600.0,969.168414099557
308620.0,1038.3070266976938
308640.0,1146.628420727873
308660.0,1287.582260601684
308680.0,1450.0051559899875
308700.0,1619.9248442671662
308720.0,1783.0970637182131
308740.0,1927.4307987525117
308760.0,2044.9859781173207
308780.0,2133.0176217900425
308800.0,2193.4240864885223
308820.0,2230.904706001585
308840.0,2250.921856689253
308860.0,2258.2322599591216
308880.0,2256.194242264259
308900.0,2246.807922718019
308920.0,2231.321429951678
308940.0,2211.127249573946
308960.0,2188.589430485417
308980.0,2167.387245762763
309000.0,2152.001131562567
309020.0,2146.3232148440666
309040.0,2152.10906679631
309060.0,2168.39371824287
309080.0,2192.1737980572216
309100.0,2219.627176127998
309120.0,2247.092737255603
309140.0,2271.633278277485
309160.0,2291.259417506264
309180.0,2304.9847415222002
309200.0,2312.7408184019923
309220.0,2315.142452425417
309240.0,2313.1627786065983
309260.0,2307.850510737072
309280.0,2300.2090786804356
309300.0,2291.2281336130573
309320.0,2281.9704373221643
309340.0,2273.6321110202894
309360.0,2267.5120481447243
309380.0,2264.9021809152473
309400.0,2266.928143006377
309420.0,2274.266878538477
309440.0,2286.723913648264
309460.0,2302.7377722463957
309480.0,2318.903988562456
309500.0,2329.6563749387906
309520.0,2327.330304921184
309540.0,2302.9169989045386
309560.0,2247.7303965509614
309580.0,2155.959896194366
309600.0,2027.7466041874675
309620.0,1871.9543068553533
309640.0,1707.2409424530572
309660.0,1559.6814922477731
309680.0,1455.855027018526
309700.0,1414.303242182233
309720.0,1440.806459713234
309740.0,1528.244059666449
309760.0,1659.2182334141344
309780.0,1810.2651678693928
309800.0,1957.185302080547
309820.0,2080.5263307427986
309840.0,2169.36595836457
309860.0,2221.9335199076654
309880.0,2243.5014476684637
309900.0,2243.2101149863884
309920.0,2231.010354214268
309940.0,2215.439054766867
309960.0,2202.4627739727944
309980.0,2195.242604763679
310000.0,2194.5599542665827
310020.0,2199.571258581213
310040.0,2208.597846299016
310060.0,2219.7655535206027
310080.0,2231.393459485205
310100.0,2242.1598176107514
310120.0,2251.1196137574793
310140.0,2257.6456478777986
310160.0,2261.339313565903
310180.0,2261.951533400953
310200.0,2259.351316745473
310220.0,2253.542584795495
310240.0,2244.6947693051898
310260.0,2233.1441512022675
310280.0,2219.3595376702783
310300.0,2203.9028975567617
310320.0,2187.400659006938
310340.0,2170.5076702285155
310360.0,2153.869216291025
310380.0,2138.096307948571
310400.0,2123.7407669860822
310420.0,2111.2637947733774
310440.0,2101.010702233464
310460.0,2093.1951149806528
310480.0,2087.8823657306266
310500.0,2084.9812876455585
310520.0,2084.25336536404
310540.0,2085.3548094200187
310560.0,2087.8973668718168
310580.0,2091.5132971817943
310600.0,2095.915471115561
310620.0,2100.941191827721
310640.0,2106.5589950623744
310660.0,2112.801996123491
310680.0,2119.646158406249
310700.0,2126.9207170601962
310720.0,2134.3156374232235
310740.0,2141.480953871752
310760.0,2148.1412667324885
310780.0,2154.151699359335
310800.0,2159.509870108392
310820.0,2164.3472739958706
310840.0,2168.888389413754
310860.0,2173.3783920343026
310880.0,2177.9934381342428
310900.0,2182.742208708953
310920.0,2187.393316765464
310940.0,2191.51796988938
310960.0,2194.6199532865858
310980.0,2196.29301165939
311000.0,2196.40117393175
311020.0,2195.2605450716555
311040.0,2193.782148160726
311060.0,2193.5099474657336
311080.0,2196.454951595941
311100.0,2204.683282886591
311120.0,2219.7063198221504
311140.0,2241.7532375211076
311160.0,2268.976388994509
311180.0,2296.711944681039
311200.0,2317.0280218252824
311220.0,2318.913935479408
311240.0,2289.4782276793785
311260.0,2216.384894906965
311280.0,2091.4355804469906
311300.0,1914.7535054500881
311320.0,1698.3573852507252
311340.0,1467.0887354972078
311360.0,1254.3525769314242
311380.0,1092.2490665540704
311400.0,1002.4075411295177
311420.0,993.0048414102973
311440.0,1060.3701879279931
311460.0,1192.2338239214573
311480.0,1370.8076412420992
311500.0,1575.0901137000556
311520.0,1782.7994578102578
311540.0,1972.8457912908536
311560.0,2128.4747612491965
311580.0,2240.005228953475
311600.0,2305.941114160106
311620.0,2331.8928712667926
311640.0,2327.879568389975
311660.0,2305.3355446655855
311680.0,2274.781433727371
311700.0,2244.3991325440593
311720.0,2219.4752405397653
311740.0,2202.5516114354186
311760.0,2194.0108127746203
311780.0,2192.823656869145
311800.0,2197.259215484691
311820.0,2205.429364855264
311840.0,2215.652010420514
311860.0,2226.6342791570414
311880.0,2237.516493561951
311900.0,2247.8356232587003
311920.0,2257.445436278683
311940.0,2266.38385630982
311960.0,2274.7174828444136
311980.0,2282.446685265957
312000.0,2289.5093525319226
312020.0,2295.847330304384
312040.0,2301.4857219815476
312060.0,2306.562603259964
312080.0,2311.301997483125
312100.0,2315.9778281486647
312120.0,2320.9092448586653
312140.0,2326.506426702378
312160.0,2333.28089063396
312180.0,2341.707542802184
312200.0,2351.9100294717864
312220.0,2363.2068020708793
312240.0,2373.623648954084
312260.0,2379.515089678175
312280.0,2375.48057647862
312300.0,2354.8389984576997
312320.0,2310.8223725039056
312340.0,2238.4202366240934
312360.0,2136.5445324815782
312380.0,2009.911945848105
312400.0,1869.5780394316512
312420.0,1731.1234620429227
312440.0,1611.2413889634927
312460.0,1524.7338713971362
312480.0,1482.881428796611
312500.0,1492.633222308637
312520.0,1555.7518735053627
312540.0,1667.6495826964995
312560.0,1816.4625623844054
312580.0,1983.6949431981498
312600.0,2147.636765797335
312620.0,2288.5801497240263
312640.0,2393.4931137952894
312660.0,2458.2985773560204
312680.0,2486.9947523454875
312700.0,2488.6626473851225
312720.0,2474.2108103823016
312740.0,2453.7912994182298
312760.0,2435.136858741394
312780.0,2422.891590855607
312800.0,2418.7674085626363
312820.0,2422.175971593212
312840.0,2431.016497060634
312860.0,2442.430794673023
312880.0,2453.438379627961
312900.0,2461.4184635510337
312920.0,2464.4268264582433
312940.0,2461.31403146284
312960.0,2451.682738986519
312980.0,2435.773790726688
313000.0,2414.3310541614323
313020.0,2388.4057021535036
313040.0,2359.1265127333854
313060.0,2327.5610494744374
313080.0,2294.68961483602
313100.0,2261.4431785370407
313120.0,2228.7533799462376
313140.0,2197.5608239904714
313160.0,2168.7467733675826
313180.0,2143.005754760813
313200.0,2120.724148667127
313220.0,2101.925538039727
313240.0,2086.3274911349517
313260.0,2073.4724154328446
313280.0,2062.8702409410753
313300.0,2054.123806962916
313320.0,2047.0262331830295
313340.0,2041.6267015555154
313360.0,2038.2607249545904
313380.0,2037.5431275753174
313400.0,2040.3318686015853
313420.0,2047.6414064612381
313440.0,2060.4254846604335
313460.0,2079.1596100028582
313480.0,2103.2760152676824
313500.0,2130.568182426262
313520.0,2156.695823424913
313540.0,2175.0206264600283
313560.0,2177.0201932648624
313580.0,2153.4842071565918
313600.0,2096.581837625367
313620.0,2002.5794788899716
313640.0,1874.6364793902146
313660.0,1724.7259023774561
313680.0,1573.2720273304121
313700.0,1444.9576539461355
313720.0,1362.1593469586373
313740.0,1340.1133026941013
313760.0,1384.64788055616
313780.0,1491.4169301576924
313800.0,1646.2227212780042
313820.0,1827.0156890393907
313840.0,2008.4281270904576
313860.0,2167.7990336504363
313880.0,2290.0801317044416
313900.0,2369.815593911222
313920.0,2409.940073307825
313940.0,2418.7341100271465
313960.0,2406.6952474985706
313980.0,2384.1318656628523
314000.0,2359.5533002354578
314020.0,2338.8171437903693
314040.0,2324.9843765299547
314060.0,2318.740338819211
314080.0,2319.1045093656
314100.0,2324.181236729525
314120.0,2331.805820258236
314140.0,2340.00894169838
314160.0,2347.27766632697
314180.0,2352.6298170091104
314200.0,2355.556055530637
314220.0,2355.9271467590033
314240.0,2353.8970552192195
314260.0,2349.7781393502446
314280.0,2343.893233076821
314300.0,2336.460491552426
314320.0,2327.571000608202
314340.0,2317.2607039873715
314360.0,2305.641793504577
314380.0,2293.0403817995
314400.0,2280.100010046355
314420.0,2267.805324475133
314440.0,2257.4182170338595
314460.0,2250.338886400418
314480.0,2247.873133736168
314500.0,2250.879800861857
314520.0,2259.2904816340665
314540.0,2271.544211536935
314560.0,2284.046003443542
314580.0,2290.8681490121103
314600.0,2283.9896063805927
314620.0,2254.321387810837
314640.0,2193.61668301567
314660.0,2097.1112198606916
314680.0,1966.4327068980824
314700.0,1811.9064381887194
314720.0,1652.8406943304522
314740.0,1514.0331106074643
314760.0,1418.9636008959715
314780.0,1383.9789171899988
314800.0,1415.5936686132331
314820.0,1509.8898154338876
314840.0,1653.182172924598
314860.0,1824.1156216843187
314880.0,1997.8927620619884
314900.0,2151.9887904524303
314920.0,2271.07825575574
314940.0,2349.2485538701667
314960.0,2388.9742675869265
314980.0,2398.149686968089
315000.0,2386.9629298327827
315020.0,2365.47707163865
315040.0,2342.0617384191964
315060.0,2322.5734158781256
315080.0,2310.1669082400886
315100.0,2305.6077548154253
315120.0,2307.8812926786436
315140.0,2314.8833639150607
315160.0,2324.040438758614
315180.0,2332.770738494479
315200.0,2338.771798591692
315220.0,2340.186995234776
315240.0,2335.736778273823
315260.0,2324.832805249585
315280.0,2307.617827626768
315300.0,2284.90243400933
315320.0,2258.0396376919066
315340.0,2228.7571858734955
315360.0,2198.932929160996
315380.0,2170.3344896599883
315400.0,2144.3650089709226
315420.0,2121.874848129447
315440.0,2103.103992534038
315460.0,2087.794505935214
315480.0,2075.4348184276805
315500.0,2065.5549708513654
315520.0,2058.009393992844
315540.0,2053.1970745735043
315560.0,2052.124990778839
315580.0,2056.2205336752886
315600.0,2066.856266325395
315620.0,2084.5978680122926
315640.0,2108.293187766217
315660.0,2134.231971097056
315680.0,2155.6550391470687
315700.0,2162.925874223236
315720.0,2144.6371289268322
315740.0,2089.7660467119435
315760.0,1990.778301398806
315780.0,1847.18207695673
315800.0,1668.5081153387887
315820.0,1475.10083402948
315840.0,1294.72680574989
315860.0,1155.3596990788756
315880.0,1078.7710044008818
315900.0,1077.4170358373012
315920.0,1153.3688464217757
315940.0,1298.059043313531
315960.0,1492.7624525491196
315980.0,1710.8808443526086
316000.0,1923.175306777312
316020.0,2104.528686256678
316040.0,2239.217058435993
316060.0,2322.8821926977766
316080.0,2360.924793205924
316100.0,2364.7010431523277
316120.0,2347.519998730943
316140.0,2321.5349848974492
316160.0,2295.901708352235
316180.0,2276.1360951171746
316200.0,2264.389310797182
316220.0,2260.2690374243593
316240.0,2261.8647560904515
316260.0,2266.715989934154
316280.0,2272.5362022312047
316300.0,2277.542190192531
316320.0,2280.476107106851
316340.0,2280.546318921569
316360.0,2277.3610404159795
316380.0,2270.862451708504
316400.0,2261.24522480421
316420.0,2248.85809545653
316440.0,2234.1279787746994
316460.0,2217.536208529973
316480.0,2199.610505183534
316500.0,2180.911821887088
316520.0,2162.0204839374233
316540.0,2143.500442486417
316560.0,2125.849323701009
316580.0,2109.455096673565
316600.0,2094.5650872726287
316620.0,2081.2798959258353
316640.0,2069.559985811555
316660.0,2059.245316369346
316680.0,2050.1242595534586
316700.0,2042.0664290270984
316720.0,2035.17381752978
316740.0,2029.9027672959241
316760.0,2027.127644903329
316780.0,2028.0821121225545
316800.0,2034.1100944076018
316820.0,2046.1972429330713
316840.0,2064.318551766951
316860.0,2086.732882381024
316880.0,2109.418198234882
316900.0,2125.8558698727056
316920.0,2127.3703045235548
316940.0,2104.2651067057895
316960.0,2047.8919048644025
316980.0,1953.5075994547722
317000.0,1823.3532090441847
317020.0,1668.902138373806
317040.0,1510.7582004940616
317060.0,1374.6560849185294
317080.0,1284.3665953140385
317100.0,1255.8623860898972
317120.0,1294.5857894292951
317140.0,1394.9123609844578
317160.0,1541.3125504158863
317180.0,1711.5586500451736
317200.0,1881.853404509768
317220.0,2032.0932329131513
317240.0,2149.4257140092764
317260.0,2229.3068474307784
317280.0,2274.373906560543
317300.0,2292.049640174555
317320.0,2291.6767259629282
317340.0,2282.0485316672402
317360.0,2270.0623004117356
317380.0,2260.296515968944
317400.0,2255.081214117713
317420.0,2254.862674864665
317440.0,2258.78480190069
317460.0,2265.358460746448
317480.0,2273.066190035934
317500.0,2280.7622283305413
317520.0,2287.771481438308
317540.0,2293.753566368357
317560.0,2298.5074943533978
317580.0,2301.8426240723834
317600.0,2303.5616853575234
317620.0,2303.5176707662526
317640.0,2301.642760450375
317660.0,2297.919359319357
317680.0,2292.3625672209055
317700.0,2285.0792283453543
317720.0,2276.3965443038082
317740.0,2267.015437445641
317760.0,2258.131455135586
317780.0,2251.4279545336044
317800.0,2248.852344343894
317820.0,2252.1604210267783
317840.0,2262.2815480587274
317860.0,2278.5688121004187
317880.0,2298.0160931606697
317900.0,2314.6272896809605
317920.0,2319.237107331265
317940.0,2300.172339970991
317960.0,2245.074344633543
317980.0,2143.9552803447696
318000.0,1993.1586032867726
318020.0,1799.3178769967224
318040.0,1581.674203691909
318060.0,1370.5095597883053
318080.0,1200.2376507385864
318100.0,1099.8787767554236
318120.0,1086.4101079214317
318140.0,1162.239933035697
318160.0,1315.3577526905672
318180.0,1521.561384540515
318200.0,1749.3363355125282
318220.0,1967.2017267993833
318240.0,2150.6674770457134
318260.0,2286.2022797671602
318280.0,2371.508941260442
318300.0,2413.0000103528546
318320.0,2422.109639616268
318340.0,2411.6671455489823
318360.0,2393.102732762974
318380.0,2374.879364569259
318400.0,2362.050487137947
318420.0,2356.6014902801667
318440.0,2358.222691389722
318460.0,2365.213186756465
318480.0,2375.2892077689016
318500.0,2386.1690349059572
318520.0,2395.914285344865
318540.0,2403.0870811828386
318560.0,2406.774559384311
318580.0,2406.5362234313275
318600.0,2402.31309299502
318620.0,2394.3228658296403
318640.0,2382.975024566495
318660.0,2368.811774936333
318680.0,2352.4607782620537
318700.0,2334.6019350648394
318720.0,2315.956437847248
318740.0,2297.2666141059763
318760.0,2279.2324079332166
318780.0,2262.4362984590607
318800.0,2247.3012594220595
318820.0,2234.0917739191464
318840.0,2222.9240263954084
318860.0,2213.7771472891213
318880.0,2206.5268794301946
318900.0,2201.0114071877506
318920.0,2197.105620784418
318940.0,2194.755236473935
318960.0,2193.96676763246
318980.0,2194.766418589639
319000.0,2197.127757069275
319020.0,2200.9068923787013
319040.0,2205.822931612452
319060.0,2211.503366068176
319080.0,2217.576135413777
319100.0,2223.7529610639504
319120.0,2229.8771724153794
319140.0,2235.9322415851852
319160.0,2242.0206335047988
319180.0,2248.3065256753466
319200.0,2254.9160844057637
319220.0,2261.8374723269344
319240.0,2268.872657107936
319260.0,2275.6711891813
319280.0,2281.8210717444595
319300.0,2286.9471668052474
319320.0,2290.804967523875
319340.0,2293.3568059824784
319360.0,2294.8121218101746
319380.0,2295.6612423536653
319400.0,2296.716497250526
319420.0,2299.1254684475557
319440.0,2304.2583715204687
319460.0,2313.390481991088
319480.0,2327.197719752012
319500.0,2345.1236744343687
319520.0,2364.734266627796
319540.0,2381.2059438315614
319560.0,2387.1944791943242
319580.0,2373.3862035638986
319600.0,2329.9622106314537
319620.0,2249.039488374993
319640.0,2127.8621554480355
319660.0,1972.0804779693306
319680.0,1797.851794270296
319700.0,1630.8304644697157
319720.0,1500.309680015245
319740.0,1430.6404834435225
319760.0,1434.9291747452385
319780.0,1512.4214982783753
319800.0,1649.0331465411189
319820.0,1821.0864896067808
319840.0,2001.6174719927772
319860.0,2166.646200109155
319880.0,2299.4667883040793
319900.0,2392.442142594392
319920.0,2446.3276284028693
319940.0,2467.7434947337197
319960.0,2466.0299589333904
319980.0,2450.6182698134994
320000.0,2429.362117218717
320020.0,2407.7980672493304
320040.0,2389.137465021769
320060.0,2374.704696303324
320080.0,2364.5462770404656
320100.0,2357.996314498131
320120.0,2354.098482115202
320140.0,2351.850782935427
320160.0,2350.2852164359747
320180.0,2348.485386142981
320200.0,2345.6284417932047
320220.0,2341.067077174709
320240.0,2334.410702755883
320260.0,2325.570688776919
320280.0,2314.7534226744274
320300.0,2302.41066319557
320320.0,2289.2142727090777
320340.0,2276.114488607829
320360.0,2264.4193801977426
320380.0,2255.7571576641885
320400.0,2251.848221401239
320420.0,2254.0746261793633
320440.0,2262.870516567051
320460.0,2277.0136887384933
320480.0,2292.9564719054424
320500.0,2304.4176256131714
320520.0,2302.526132860004
320540.0,2276.759695599824
320560.0,2216.824163559292
320580.0,2115.438073656624
320600.0,1971.6835270954198
320620.0,1794.117054800073
320640.0,1602.1441527680804
320660.0,1423.6402835066197
320680.0,1288.203789710785
320700.0,1219.3804011705195
320720.0,1229.516428591492
320740.0,1317.4310071038892
320760.0,1468.4839428978655
320780.0,1657.6283568120907
320800.0,1855.7881225062706
320820.0,2037.0653026450825
320840.0,2183.7417611772757
320860.0,2288.0302704188343
320880.0,2350.9612789820285
320900.0,2379.520067844404
320920.0,2383.408306701
320940.0,2372.4175866228024
320960.0,2354.8208021385294
320980.0,2336.6980944843167
321000.0,2321.901259281634
321020.0,2312.3552256650996
321040.0,2308.5070366896302
321060.0,2309.8051856139223
321080.0,2315.1155757332454
321100.0,2323.059180174026
321120.0,2332.26515885742
321140.0,2341.525242351593
321160.0,2349.862772099244
321180.0,2356.5368007075676
321200.0,2361.013342248929
321220.0,2362.928719961831
321240.0,2362.058735097131
321260.0,2358.3296092582727
321280.0,2351.8931419074206
321300.0,2343.2279837905467
321320.0,2333.1947689299936
321340.0,2323.038395261957
321360.0,2314.350226555947
321380.0,2308.9059714328027
321400.0,2308.295514283206
321420.0,2313.3584058479996
321440.0,2323.522741583883
321460.0,2336.2090951271302
321480.0,2346.4800171786555
321500.0,2347.0986099046277
321520.0,2329.176082564106
321540.0,2283.551930796665
321560.0,2202.934981125207
321580.0,2084.643997967971
321600.0,1933.410117764452
321620.0,1763.115234491992
321640.0,1595.8314001103247
321660.0,1456.8219745367473
321680.0,1367.6102518173007
321700.0,1341.499224266212
321720.0,1382.1083772037673
321740.0,1483.5317244866942
321760.0,1631.4182692135723
321780.0,1805.2721180324493
321800.0,1982.5219403089552
321820.0,2143.3050428976408
321840.0,2273.9953476388664
321860.0,2368.596388421256
321880.0,2428.0565990923096
321900.0,2458.2099475765613
321920.0,2467.259507890217
321940.0,2463.5120127136965
321960.0,2453.738269896734
321980.0,2442.359681080019
322000.0,2431.4458752814035
322020.0,2421.3045283481697
322040.0,2411.3384219369095
322060.0,2400.949774383244
322080.0,2390.2944804050503
322100.0,2380.4953868108446
322120.0,2373.2111582607013
322140.0,2369.8836365040534
322160.0,2371.1107349689078
322180.0,2376.5198654703686
322200.0,2385.09446747327
322220.0,2395.625367789254
322240.0,2407.0089420812933
322260.0,2418.233076471167
322280.0,2427.970591800821
322300.0,2433.9216552406183
322320.0,2432.1782441911687
322340.0,2416.9438447133284
322360.0,2380.932292813649
322380.0,2316.6700097712383
322400.0,2218.704569580172
322420.0,2086.321670365881
322440.0,1925.8751551938808
322460.0,1751.383440914799
322480.0,1581.886356048905
322500.0,1435.7557228790763
322520.0,1325.942767554687
322540.0,1258.973607471767
322560.0,1236.4625440832929
322580.0,1257.2384682038903
322600.0,1318.7974848346282
322620.0,1417.5011945680085
322640.0,1547.6334717052512
322660.0,1700.082286294027
322680.0,1861.9737249506138
322700.0,2018.4702193029502
322720.0,2156.0732160407897
322740.0,2265.487492995899
322760.0,2342.9369843432996
322780.0,2389.8253800119564
322800.0,2411.338354574666
322820.0,2414.6671813068942
322840.0,2407.345825019188
322860.0,2396.008798453994
322880.0,2385.646667321072
322900.0,2379.34049848931
322920.0,2378.3875461776247
322940.0,2382.60206875593
322960.0,2390.6194517358085
322980.0,2400.249707866934
323000.0,2408.9581924124022
323020.0,2414.372892839348
323040.0,2414.6876869283815
323060.0,2408.910055866326
323080.0,2396.9235119427626
323100.0,2379.362010654452
323120.0,2357.3151632842505
323140.0,2331.991148275695
323160.0,2304.455430862363
323180.0,2275.492972953781
323200.0,2245.6272342498883
323220.0,2215.2541157096425
323240.0,2184.8022060276658
323260.0,2154.8317106946406
323280.0,2126.033729853173
323300.0,2099.1901790671536
323320.0,2075.1026918874113
323340.0,2054.436885710022
323360.0,2037.5223286765054
323380.0,2024.2129044901874
323400.0,2013.898620568655
323420.0,2005.6938482947844
323440.0,1998.7110226197685
323460.0,1992.2992952304187
323480.0,1986.1733094913227
323500.0,1980.3869385865685
323520.0,1975.1681192701508
323540.0,1970.7203415682823
323560.0,1967.0947976282725
323580.0,1964.1779846808956
323600.0,1961.7833451245692
323620.0,1959.7545101443545
323640.0,1958.0039882979302
323660.0,1956.5038894995273
323680.0,1955.2681329707896
323700.0,1954.349006894226
323720.0,1953.8603438666828
323740.0,1954.0545710887532
323760.0,1955.4438817622654
323780.0,1958.9097443635517
323800.0,1965.7261426085963
323820.0,1977.3989543521027
323840.0,1995.2295311972262
323860.0,2019.5959808397406
323880.0,2049.0674220955516
323900.0,2079.565097990439
323920.0,2103.8497970256767
323940.0,2111.6813822930626
323960.0,2090.985839960843
323980.0,2030.246826339829
324000.0,1922.0221804789494
324020.0,1767.0111386182484
324040.0,1577.5096191496618
324060.0,1378.3984787911988
324080.0,1203.3012357634502
324100.0,1084.9536013190186
324120.0,1045.126252299545
324140.0,1090.277316064843
324160.0,1212.22167665919
324180.0,1391.2948664442733
324200.0,1600.616497039934
324220.0,1811.1798268132184
324240.0,1997.6010470589001
324260.0,2143.0195751398774
324280.0,2241.1417980690308
324300.0,2294.9363920948626
324320.0,2313.411058008829
324340.0,2308.106096247606
324360.0,2290.218844780161
324380.0,2268.80097806551
324400.0,2250.009565406047
324420.0,2237.137409667709
324440.0,2231.108692478317
324460.0,2231.201941201278
324480.0,2235.803939669637
324500.0,2243.0554273692874
324520.0,2251.289275585547
324540.0,2259.257791663974
324560.0,2266.196135823225
324580.0,2271.793069010825
324600.0,2276.1021206647774
324620.0,2279.406542975151
324640.0,2282.0639990056093
324660.0,2284.3556863227805
324680.0,2286.3882903986387
324700.0,2288.0968775385954
324720.0,2289.3211661647697
324740.0,2289.8903959123977
324760.0,2289.6922913635944
324780.0,2288.7100349524653
324800.0,2287.0195428268476
324820.0,2284.740202345213
324840.0,2281.9565611001262
324860.0,2278.6793191824736
324880.0,2274.8747693026
324900.0,2270.508174365391
324920.0,2265.5837580878797
324940.0,2260.1819970459537
324960.0,2254.475517189522
324980.0,2248.714472349541
325000.0,2243.1849632660324
325020.0,2238.1651081565933
325040.0,2233.9010304122885
325060.0,2230.572607124272
325080.0,2228.2525842395485
325100.0,2226.9128424208643
325120.0,2226.461170333507
325140.0,2226.7645137632235
325160.0,2227.659725161023
325180.0,2228.9699806905182
325200.0,2230.543805177568
325220.0,2232.291071132859
325240.0,2234.1822061402536
325260.0,2236.2411394052806
325280.0,2238.5451417396125
325300.0,2241.2097106370393
325320.0,2244.355629918442
325340.0,2248.0745491256785
325360.0,2252.4053507979247
325380.0,2257.291172390035
325400.0,2262.516931612009
325420.0,2267.680849668444
325440.0,2272.223575994696
325460.0,2275.5130148289886
325480.0,2276.992096856903
325500.0,2276.3828435992336
325520.0,2273.907650281737
325540.0,2270.465620376634
325560.0,2267.675160077346
325580.0,2267.7081532973375
325600.0,2272.9012888811244
325620.0,2285.1855479448514
325640.0,2305.3585882637267
325660.0,2332.1911886745224
325680.0,2361.493139575105
325700.0,2385.458593575856
325720.0,2392.7064186042603
325740.0,2369.393989363715
325760.0,2301.641802520835
325780.0,2179.293866147557
325800.0,2000.614254920256
325820.0,1776.7883003186507
325840.0,1534.1414448758474
325860.0,1311.0562504161765
325880.0,1147.5920766666754
325900.0,1072.675748265808
325920.0,1097.094888190775
325940.0,1213.079541719996
325960.0,1397.8388815706153
325980.0,1619.473744193487
326000.0,1844.5059729031022
326020.0,2045.0829226316212
326040.0,2203.41152168465
326060.0,2312.822102566198
326080.0,2376.1681591469915
326100.0,2402.5024862825667
326120.0,2403.2653655462773
326140.0,2389.1056490291244
326160.0,2367.8427092388565
326180.0,2343.6946459370024
326200.0,2317.6424076753187
326220.0,2288.57282000986
326240.0,2254.7784717990794
326260.0,2215.5047092090863
326280.0,2172.2601085300694
326300.0,2129.350580070341
326320.0,2092.9959150365057
326340.0,2068.890610636129
326360.0,2059.401161420367
326380.0,2062.587639936656
326400.0,2073.539400110899
326420.0,2086.6532160551924
326440.0,2097.4174946586168
326460.0,2103.1603036378788
326480.0,2103.0573139392063
326500.0,2097.755443347356
326520.0,2088.7869606640766
326540.0,2078.0215056480424
326560.0,2067.255457265062
326580.0,2057.9449104565897
326600.0,2051.0686258553296
326620.0,2047.095559131807
326640.0,2046.057889805729
326660.0,2047.6953128753808
326680.0,2051.600403278816
326700.0,2057.3282871179827
326720.0,2064.4627474664967
326740.0,2072.649713906773
326760.0,2081.620524233762
326780.0,2091.2011818852025
326800.0,2101.289016650787
326820.0,2111.778017827775
326840.0,2122.4304193496814
326860.0,2132.732161034145
326880.0,2141.8009107159405
326900.0,2148.4019126679973
326920.0,2151.095506711187
326940.0,2148.524157400437
326960.0,2139.8111751012757
326980.0,2124.9840163787844
327000.0,2105.2707841257898
327020.0,2083.1321732224656
327040.0,2061.849971717265
327060.0,2044.5058822796595
327080.0,2032.9210408976044
327100.0,2027.704029132795
327120.0,2029.058947523284
327140.0,2037.308137962626
327160.0,2052.8525320727026
327180.0,2075.7619032183297
327200.0,2105.1862796220003
327220.0,2138.7006501809446
327240.0,2171.739857416228
327260.0,2197.2920784797643
327280.0,2206.2869207494364
327300.0,2188.84552978556
327320.0,2136.400673897216
327340.0,2044.5829642736076
327360.0,1916.248758139423
327380.0,1763.481066263961
327400.0,1607.0656632083333
327420.0,1472.1894232851814
327440.0,1381.4888564807206
327460.0,1349.7635195958974
327480.0,1382.1909274282007
327500.0,1474.6568363749593
327520.0,1614.945898836141
327540.0,1784.5126716058044
327560.0,1961.404677375068
327580.0,2124.6480781666387
327600.0,2258.579349069695
327620.0,2355.264192991496
327640.0,2414.389092070889
327660.0,2441.34806319826
327680.0,2444.7391253707347
327700.0,2433.98848737092
327720.0,2417.4469881047653
327740.0,2401.2457476298414
327760.0,2388.9634262484637
327780.0,2381.907548441046
327800.0,2379.7221389836805
327820.0,2381.073141746902
327840.0,2384.2361853809944
327860.0,2387.4993095031914
327880.0,2389.3738660514337
327900.0,2388.67236934417
327920.0,2384.518171445231
327940.0,2376.3329456907604
327960.0,2363.8065905017716
327980.0,2346.862251150279
328000.0,2325.6532380600447
328020.0,2300.5878364998707
328040.0,2272.354482476227
328060.0,2241.9141733157453
328080.0,2210.4501451514548
328100.0,2179.29032891481
328120.0,2149.782257232725
328140.0,2123.0986813771588
328160.0,2100.0310864232138
328180.0,2080.891834420275
328200.0,2065.5761402642847
328220.0,2053.707477240583
328240.0,2044.7774350795748
328260.0,2038.2782899799574
328280.0,2033.8226359927176
328300.0,2031.2203696171619
328320.0,2030.4923348095476
328340.0,2031.7805706327758
328360.0,2035.1806675361609
328380.0,2040.5861057588725
328400.0,2047.6122215767514
328420.0,2055.641153937372
328440.0,2063.9708012462884
328460.0,2071.9988468687034
328480.0,2079.385893925211
328500.0,2086.1962287254164
328520.0,2093.0261535320706
328540.0,2101.066326513822
328560.0,2112.0044107059302
328580.0,2127.7071092112265
328600.0,2149.6845778686884
328620.0,2178.3445630156984
328640.0,2212.0783675379807
328660.0,2246.3616590598913
328680.0,2273.2059503780447
328700.0,2281.3402585745903
328720.0,2257.4623394193472
328740.0,2188.7914911823373
328760.0,2066.916958598262
328780.0,1892.3696175804162
328800.0,1678.5391928486272
328820.0,1452.7103462375476
328840.0,1251.4160232408515
328860.0,1109.8097338656
328880.0,1051.4803992464376
328900.0,1084.2024077408594
328920.0,1200.4299505682447
328940.0,1380.247246778933
328960.0,1595.7691648915895
328980.0,1816.94807953826
329000.0,2017.7424591995084
329020.0,2180.301385558155
329040.0,2296.4508830160894
329060.0,2366.954173687972
329080.0,2399.073231381918
329100.0,2403.44723186658
329120.0,2391.274129765872
329140.0,2372.343236752211
329160.0,2353.952434823924
329180.0,2340.5341960473916
329200.0,2333.851445141098
329220.0,2333.6026975866125
329240.0,2338.214557423477
329260.0,2345.5804596283288
329280.0,2353.6343471212267
329300.0,2360.7431723549184
329320.0,2365.926249423358
329340.0,2368.9441616276176
329360.0,2370.289579095441
329380.0,2371.072248252765
329400.0,2372.7801351810117
329420.0,2376.8878047515714
329440.0,2384.284261076855
329460.0,2394.58429143198
329480.0,2405.4127879158395
329500.0,2411.8219382888046
329520.0,2406.1211412865864
329540.0,2378.4631200463186
329560.0,2318.462734552988
329580.0,2217.8412231232605
329600.0,2073.759236013587
329620.0,1892.0091730464003
329640.0,1688.608640194474
329660.0,1487.9158622699692
329680.0,1316.7927938640867
329700.0,1198.2026420186319
329720.0,1147.4590540137403
329740.0,1170.598377859723
329760.0,1263.6943456871318
329780.0,1412.9093069071635
329800.0,1596.1909422887227
329820.0,1787.7530602545266
329840.0,1964.0679637096637
329860.0,2108.506333692879
329880.0,2213.3509111074522
329900.0,2279.20791917797
329920.0,2312.5330105865937
329940.0,2322.5848683850727
329960.0,2318.85653540025
329980.0,2309.3823397004626
330000.0,2299.937727179953
330020.0,2293.9237603753063
330040.0,2292.689128396675
330060.0,2296.100980829977
330080.0,2303.193102867471
330100.0,2312.729466278418
330120.0,2323.561437815853
330140.0,2334.769418400486
330160.0,2345.619928317589
330180.0,2355.4413466382007
330200.0,2363.5857968725386
330220.0,2369.4524654519573
330240.0,2372.535783900438
330260.0,2372.5445557330395
330280.0,2369.4782108552017
330300.0,2363.6079997797437
330320.0,2355.4378963792083
330340.0,2345.6551182368867
330360.0,2335.0522507357837
330380.0,2324.4288612433843
330400.0,2314.4830326189203
330420.0,2305.7437378290383
330440.0,2298.559704167151
330460.0,2293.11173636621
330480.0,2289.424158401325
330500.0,2287.3829793592204
330520.0,2286.767203880585
330540.0,2287.2924590697685
330560.0,2288.6746042023306
330580.0,2290.6929698529348
330600.0,2293.2093386761317
330620.0,2296.128466428185
330640.0,2299.324456415125
330660.0,2302.5823191963927
330680.0,2305.598000620534
330700.0,2308.044857988012
330720.0,2309.697950269245
330740.0,2310.5829647470596
330760.0,2311.0497298809296
330780.0,2311.71561199032
330800.0,2313.2437501764007
330820.0,2315.956171251718
330840.0,2319.32418332392
330860.0,2321.375151772632
330880.0,2318.1840744806636
330900.0,2303.8592432575274
330920.0,2271.3419383177247
330940.0,2214.0190718919266
330960.0,2128.0198158922108
330980.0,2014.7235145611908
331000.0,1882.4915624062546
331020.0,1746.443573026831
331040.0,1625.4937688950831
331060.0,1537.4687537319328
331080.0,1494.6658235586806
331100.0,1501.66251705424
331120.0,1555.3925706425289
331140.0,1646.5635571965606
331160.0,1761.7183235554814
331180.0,1885.6550182931928
331200.0,2004.0982069619022
331220.0,2106.089792533718
331240.0,2185.416012758132
331260.0,2240.7836411185285
331280.0,2274.8311094344667
331300.0,2292.4688553753795
331320.0,2299.2667663467173
331340.0,2300.2723935248746
331360.0,2299.334857489342
331380.0,2298.889150478098
331400.0,2300.0928835269096
331420.0,2303.16302639299
331440.0,2307.730783337669
331460.0,2313.115402199936
331480.0,2318.514195826526
331500.0,2323.1177021246235
331520.0,2326.1815135752654
331540.0,2327.065655571259
331560.0,2325.238977971637
331580.0,2320.2957666002103
331600.0,2312.0372721463023
331620.0,2300.621291624042
331640.0,2286.70288152201
331660.0,2271.4980353512683
331680.0,2256.7127944706535
331700.0,2244.282022377601
331720.0,2235.922858965016
331740.0,2232.522527471642
331760.0,2233.4227408007896
331780.0,2235.7649867467726
331800.0,2234.1325792747057
331820.0,2220.7366778620517
331840.0,2186.358799522045
331860.0,2122.179919598392
331880.0,2022.4213122499216
331900.0,1887.3621752532908
331920.0,1725.743219561628
331940.0,1555.008589272302
331960.0,1397.66819973512
331980.0,1274.4752770361083
332000.0,1199.3086782363969
332020.0,1178.0807672206445
332040.0,1210.000905434564
332060.0,1289.365379698495
332080.0,1406.8633313052817
332100.0,1550.2262659817688
332120.0,1704.7959886975957
332140.0,1855.0190787271174
332160.0,1987.1548981349395
332180.0,2092.0322567508792
332200.0,2166.623441557619
332220.0,2213.7695283176954
332240.0,2240.191777685037
332260.0,2253.7973101111047
332280.0,2261.4097022097426
332300.0,2267.5840335596035
332320.0,2274.5192137228923
332340.0,2282.5908958520404
332360.0,2291.0916815149867
332380.0,2298.9602961158516
332400.0,2305.3211283427254
332420.0,2309.7843618522543
332440.0,2312.505505466077
332460.0,2314.018688849439
332480.0,2314.9760031663577
332500.0,2315.934411671407
332520.0,2317.259846683465
332540.0,2319.1126251994565
332560.0,2321.48858694353
332580.0,2324.2777380949365
332600.0,2327.2675803381453
332620.0,2330.1411870850325
332640.0,2332.5405098743995
332660.0,2334.1543006714614
332680.0,2334.7855335297068
332700.0,2334.3652189627
332720.0,2332.8769538806037
332740.0,2330.235730292962
332760.0,2326.252126452641
332780.0,2320.6965204098774
332800.0,2313.4492652836047
332820.0,2304.651148951231
332840.0,2294.7220676985444
332860.0,2284.2992394586454
332880.0,2274.137703502468
332900.0,2264.988656836893
332920.0,2257.457342787557
332940.0,2251.8813019594886
332960.0,2248.3032835204544
332980.0,2246.5103291572113
333000.0,2246.115086117501
333020.0,2246.649912654851
333040.0,2247.660659393599
333060.0,2248.7972878277897
333080.0,2249.8717185253204
333100.0,2250.851995122611
333120.0,2251.7984911180056
333140.0,2252.798645980688
333160.0,2253.980451822039
333180.0,2255.594991694753
333200.0,2258.108405898426
333220.0,2262.2588000289934
333240.0,2269.0294083543968
333260.0,2279.4829985251044
333280.0,2294.4074549471366
333300.0,2313.7960644306736
333320.0,2336.2506549331906
333340.0,2358.4231223333086
333360.0,2374.6568588133064
333380.0,2377.08025708275
333400.0,2356.445226428787
333420.0,2303.8679413445316
333440.0,2213.4063120645355
333460.0,2085.0898981717664
333480.0,1927.5061698711947
333500.0,1758.4584222409715
333520.0,1601.8542971277866
333540.0,1481.0244900302039
333560.0,1412.7893560080336
333580.0,1405.0353156968765
333600.0,1456.7098944950565
333620.0,1558.833552518458
333640.0,1696.0219427866548
333660.0,1848.895082378212
333680.0,1997.8197520629978
333700.0,2126.8645952353922
333720.0,2226.3793399385368
333740.0,2293.7595328470243
333760.0,2332.4971565147994
333780.0,2350.0154415970364
333800.0,2355.062585487594
333820.0,2355.3629327064878
333840.0,2355.92541508318
333860.0,2358.0247253464263
333880.0,2358.846629373447
333900.0,2351.923934215139
333920.0,2328.481198822359
333940.0,2279.6514433478765
333960.0,2199.2565364858738
333980.0,2086.494974748368
334000.0,1947.7910578554597
334020.0,1796.9492661995023
334040.0,1652.490760298013
334060.0,1532.0801218769543
334080.0,1447.1538858307554
334100.0,1401.065348067213
334120.0,1390.2921161155707
334140.0,1407.0031187155314
334160.0,1441.7476428547266
334180.0,1485.580862882798
334200.0,1531.3774386203347
334220.0,1574.3779607744955
334240.0,1612.1671822222795
334260.0,1644.3243407686925
334280.0,1671.9503283289046
334300.0,1697.2004952892962
334320.0,1722.8671892399157
334340.0,1751.9872994584907
334360.0,1787.4143364090828
334380.0,1831.3023041765987
334400.0,1884.5036275929663
334420.0,1945.9823581816695
334440.0,2012.4751652194777
334460.0,2078.7698569622908
334480.0,2138.9267566984986
334500.0,2188.0575903668346
334520.0,2223.6864155455305
334540.0,2246.194768285869
334560.0,2258.408929689893
334580.0,2264.604171344653
334600.0,2269.113038218976
334620.0,2274.9275748321547
334640.0,2282.963060143963
334660.0,2292.3445664489395
334680.0,2301.259331778992
334700.0,2307.7737167648156
334720.0,2310.3195660946785
334740.0,2307.810711434469
334760.0,2299.5736676276147
334780.0,2285.2998422109094
334800.0,2265.044330989069
334820.0,2239.2085408486896
334840.0,2208.4989720943067
334860.0,2173.8859182349297
334880.0,2136.5569828611497
334900.0,2097.863699769722
334920.0,2059.243112475727
334940.0,2022.0879770676147
334960.0,1987.5724038682347
334980.0,1956.5028135983794
335000.0,1929.2511771407
335020.0,1905.7586722551919
335040.0,1885.5900687057388
335060.0,1868.0476388122995
335080.0,1852.352046347784
335100.0,1837.8378716785173
335120.0,1824.0786748473183
335140.0,1810.913730066291
335160.0,1798.412856421771
335180.0,1786.8086887619575
335200.0,1776.4156231487045
335220.0,1767.5626024603698
335240.0,1760.5342593134505
335260.0,1755.50812133913
335280.0,1752.518565146927
335300.0,1751.4834859668572
335320.0,1752.2680837335895
335340.0,1754.752844464092
335360.0,1758.863970613716
335380.0,1764.5464502323157
335400.0,1771.7139299226783
335420.0,1780.2082030356269
335440.0,1789.806657806348
335460.0,1800.2698389794878
335480.0,1811.3932812565229
335500.0,1823.0346928464146
335520.0,1835.096090872335
335540.0,1847.472098378959
335560.0,1859.9986355487604
335580.0,1872.4451006115637
335600.0,1884.586201428024
335620.0,1896.3041978661652
335640.0,1907.653519014272
335660.0,1918.8638298096332
335680.0,1930.2739184048326
335700.0,1942.2123728466001
335720.0,1954.884181001025
335740.0,1968.29878500796
335760.0,1982.2730762351944
335780.0,1996.5120682457887
335800.0,2010.705878621813
335820.0,2024.5913557077888
335840.0,2037.978026025809
335860.0,2050.764994663639
335880.0,2062.947992390064
335900.0,2074.5950931806155
335920.0,2085.8232955613666
335940.0,2096.817283437495
335960.0,2107.863731842802
335980.0,2119.3333165250656
336000.0,2131.6006546294957
336020.0,2144.9252518008484
336040.0,2159.3213218748238
336060.0,2174.4621798891835
336080.0,2189.6768270428756
336100.0,2204.1206964141866
336120.0,2217.1318468738004
336140.0,2228.51895655194
336160.0,2238.606065254523
336180.0,2248.1335879395347
336200.0,2258.080183462943
336220.0,2269.3536019303774
336240.0,2282.2911065627454
336260.0,2295.9981858455294
336280.0,2307.680928915697
336300.0,2312.1745988148973
336320.0,2301.942676836987
336340.0,2267.865707355155
336360.0,2201.0166474317857
336380.0,2095.4526862798702
336400.0,1951.681368001163
336420.0,1779.7141164071013
336440.0,1599.8097991741258
336460.0,1439.2225198594315
336480.0,1325.6072939993885
336500.0,1280.0787845710106
336520.0,1311.9868365372163
336540.0,1416.168877682301
336560.0,1573.897844850879
336580.0,1758.413164783875
336600.0,1942.4308950925104
336620.0,2104.0154744305996
336640.0,2229.731466049322
336660.0,2315.1477122995652
336680.0,2363.1891225756654
336700.0,2381.4715204640715
336720.0,2379.6242498563643
336740.0,2367.110276526773
336760.0,2351.7516341390883
336780.0,2338.9775215109125
336800.0,2331.7289441779326
336820.0,2330.8735452422325
336840.0,2335.843802773673
336860.0,2345.2122174889428
336880.0,2357.143469811704
336900.0,2369.745806212849
336920.0,2381.287947852602
336940.0,2390.33531464636
336960.0,2395.887540603545
336980.0,2397.506402034773
337000.0,2395.3681134510416
337020.0,2390.216977093367
337040.0,2383.2467069938634
337060.0,2375.989509815413
337080.0,2370.2271698386285
337100.0,2367.831927201954
337120.0,2370.4494976200253
337140.0,2379.0045333557346
337160.0,2393.066407443229
337180.0,2410.144433086171
337200.0,2425.0597465497744
337220.0,2429.6815506175144
337240.0,2413.3632285239037
337260.0,2364.392401382104
337280.0,2272.6182443534462
337300.0,2133.0818676749304
337320.0,1949.9329162347894
337340.0,1739.286978094819
337360.0,1528.9880002816408
337380.0,1353.2302104742105
337400.0,1242.7248000910836
337420.0,1215.9651403774044
337440.0,1275.32980250435
337460.0,1407.3793812032413
337480.0,1586.6236459052202
337500.0,1782.4811485267412
337520.0,1967.066400933762
337540.0,2120.497797662311
337560.0,2232.8843941905097
337580.0,2303.5423129538935
337600.0,2338.4921105295552
337620.0,2347.434484836047
337640.0,2341.0012701221117
337660.0,2328.6519710536572
337680.0,2317.3744971236074
337700.0,2311.2995175537635
337720.0,2312.0010177172676
337740.0,2319.1778450395327
337760.0,2331.4767093493024
337780.0,2347.161158613003
337800.0,2364.5198886782127
337820.0,2382.0036544722952
337840.0,2398.085675272193
337860.0,2410.822229727528
337880.0,2417.2958255907233
337900.0,2413.3079969687165
337920.0,2393.6111804741986
337940.0,2352.7135550115695
337960.0,2286.09238828664
337980.0,2191.5995347248136
338000.0,2070.5044992792855
338020.0,1927.5511763257607
338040.0,1769.932730719664
338060.0,1606.271999135509
338080.0,1446.949337278145
338100.0,1305.1896889256855
338120.0,1196.5948888040023
338140.0,1135.8337652430105
338160.0,1132.5235609409788
338180.0,1188.649503531402
338200.0,1297.7684702096456
338220.0,1446.1150635384215
338240.0,1615.7050952612876
338260.0,1788.2212922734318
338280.0,1948.0472219654432
338300.0,2084.127930259036
338320.0,2190.7591216465075
338340.0,2267.407921643194
338360.0,2317.694732768955
338380.0,2347.8144291883345
338400.0,2364.871059984508
338420.0,2375.5822885875036
338440.0,2385.477042539502
338460.0,2398.4314750836356
338480.0,2416.416535727767
338500.0,2439.29281928883
338520.0,2464.5750281921087
338540.0,2487.253762300751
338560.0,2499.857831575648
338580.0,2493.0282589222434
338600.0,2456.8485119867732
338620.0,2383.00712318006
338640.0,2267.5078810022787
338660.0,2113.1862891595474
338680.0,1930.8351239395354
338700.0,1737.4202305783535
338720.0,1551.236764488874
338740.0,1387.061353847856
338760.0,1253.7976268274317
338780.0,1154.2158209596696
338800.0,1085.7925763364035
338820.0,1042.0981216499354
338840.0,1014.7813780704697
338860.0,996.4066376726839
338880.0,983.3370574167718
338900.0,976.1755807486663
338920.0,977.3186321435056
338940.0,988.6173379807993
338960.0,1010.4381960262511
338980.0,1041.6969452438893
339000.0,1080.3524458095908
339020.0,1124.0070376824574
339040.0,1170.408340284184
339060.0,1217.7654293106143
339080.0,1264.87363197465
339100.0,1311.0884129092203
339120.0,1356.2066506899998
339140.0,1400.3118784998767
339160.0,1443.6274463366822
339180.0,1486.4050348528147
339200.0,1528.8601720058698
339220.0,1571.1537744586083
339240.0,1613.4099053274483
339260.0,1655.7545128091049
339280.0,1698.3571567950785
339300.0,1741.4571336303447
339320.0,1785.3570153446337
339340.0,1830.3710692909815
339360.0,1876.7243098649421
339380.0,1924.4108931557512
339400.0,1973.0381854901545
339420.0,2021.7035116262487
339440.0,2068.9705335807407
339460.0,2113.025159408435
339480.0,2152.0731801739284
339500.0,2184.8555079424705
339520.0,2210.9386772745484
339540.0,2230.724073524191
339560.0,2245.2960516334124
339580.0,2256.211908389194
339600.0,2265.180614052553
339620.0,2273.5254753650615
339640.0,2281.7164887401927
339660.0,2289.395994982224
339680.0,2295.691105314815
339700.0,2299.4593706876008
339720.0,2299.471141010922
339740.0,2294.599917342395
339760.0,2284.0579731017992
339780.0,2267.628618388346
339800.0,2245.6983370122284
339820.0,2219.067188458691
339840.0,2188.710647250669
339860.0,2155.639749854921
339880.0,2120.8224693381185
339900.0,2085.1283105927496
339920.0,2049.2989086112157
339940.0,2013.9062548981467
339960.0,1979.3207503818285
339980.0,1945.7541927655689
340000.0,1913.3716226733159
340020.0,1882.422500734419
340040.0,1853.3459154853022
340060.0,1826.8010040586068
340080.0,1803.5554799990011
340100.0,1784.2005953654777
340120.0,1768.7404862059745
340140.0,1756.134573198986
340160.0,1743.900941306389
340180.0,1727.947255424635
340200.0,1702.8005734842816
340220.0,1662.3587415198585
340240.0,1601.1932798990952
340260.0,1516.2975352204642
340280.0,1408.916847468016
340300.0,1285.7425129822216
340320.0,1158.4065790931031
340340.0,1040.3963277616756
340360.0,942.6482603157222
340380.0,870.9604917163297
340400.0,826.0780536864653
340420.0,805.2683007579878
340440.0,804.2352617120948
340460.0,818.6328737786756
340480.0,844.8193081626914
340500.0,879.8136673492063
340520.0,920.6683190600706
340540.0,963.6631545027843
340560.0,1003.870372100758
340580.0,1035.7148052600394
340600.0,1054.8623268942306
340620.0,1060.3968701528872
340640.0,1055.3241700647775
340660.0,1045.3119406778237
340680.0,1037.2571208224256
340700.0,1038.3505991309285
340720.0,1055.3941773806139
340740.0,1094.0314800388599
340760.0,1157.697955323288
340780.0,1246.347892423073
340800.0,1355.355987155922
340820.0,1475.3769121367143
340840.0,1594.1309904337018
340860.0,1699.9647792214394
340880.0,1785.0963328423873
340900.0,1846.8781524611572
340920.0,1887.1404911572258
340940.0,1910.574269945841
340960.0,1922.9820387505001
340980.0,1929.8430673259215
341000.0,1935.3869593973347
341020.0,1942.2091832298684
341040.0,1951.3236825877452
341060.0,1962.4727149675105
341080.0,1974.5746814265433
341100.0,1986.1901989262442
341120.0,1995.9014901751448
341140.0,2002.5637083353115
341160.0,2005.402580636522
341180.0,2003.9949243477936
341200.0,1998.2066648277391
341220.0,1988.1303793342133
341240.0,1974.0177699274823
341260.0,1956.2230493566556
341280.0,1935.2168742811402
341300.0,1911.6507806202746
341320.0,1886.391806955602
341340.0,1860.485714686033
341360.0,1835.0401754448267
341380.0,1811.080272805179
341400.0,1789.4472246433943
341420.0,1770.7524259711874
341440.0,1755.365512441489
341460.0,1743.4142022488759
341480.0,1734.7918098792852
341500.0,1729.2001469853626
341520.0,1726.2381765785624
341540.0,1725.5062276678077
341560.0,1726.674607605701
341580.0,1729.4924010784048
341600.0,1733.7550078040185
341620.0,1739.2931283296803
341640.0,1745.9787516513159
341660.0,1753.7162751349947
341680.0,1762.4102076046001
341700.0,1771.9152835819054
341720.0,1782.0133457292482
341740.0,1792.427803585056
341760.0,1802.845141768355
341780.0,1812.92396203788
341800.0,1822.313979366759
341820.0,1830.7176695721314
341840.0,1837.9723626133855
341860.0,1844.1281597893035
341880.0,1849.4973566800095
341900.0,1854.6588069303707
341920.0,1860.4369401398842
341940.0,1867.8677630066468
341960.0,1878.100562150783
341980.0,1892.1362378549761
342000.0,1910.3832404631314
342020.0,1932.0983605469016
342040.0,1954.8150911856096
342060.0,1973.9331865166437
342080.0,1982.7419283114643
342100.0,1973.113873514946
342120.0,1936.9615130949562
342140.0,1868.3933774504117
342160.0,1766.286186046774
342180.0,1636.5930665580172
342200.0,1493.2088581821706
342220.0,1355.921632845113
342240.0,1245.2373837740404
342260.0,1177.2369488175539
342280.0,1161.1507771688387
342300.0,1198.9477505000045
342320.0,1285.6968352279425
342340.0,1410.2090681086443
342360.0,1556.3025541573945
342380.0,1705.5239001154744
342400.0,1841.1174014251933
342420.0,1951.436745953442
342440.0,2031.3797208610656
342460.0,2081.756090694876
342480.0,2107.513241386121
342500.0,2115.679085258169
342520.0,2113.487851684714
342540.0,2107.021666869526
342560.0,2100.548227061418
342580.0,2096.4608531739696
342600.0,2095.578219615923
342620.0,2097.6133757897633
342640.0,2101.6683725068187
342660.0,2106.665912396094
342680.0,2111.669797790394
342700.0,2116.049748280243
342720.0,2119.494755647399
342740.0,2121.9086340813446
342760.0,2123.264418550015
342780.0,2123.5213854266735
342800.0,2122.6239197526857
342820.0,2120.5354455565953
342840.0,2117.2739526486503
342860.0,2112.941808089884
342880.0,2107.7218722551706
342900.0,2101.8534867077733
342920.0,2095.6195522344105
342940.0,2089.338143381817
342960.0,2083.3359818366466
342980.0,2077.9080028810235
343000.0,2073.2799320179306
343020.0,2069.6050365739857
343040.0,2066.991188770181
343060.0,2065.5239193302373
343080.0,2065.267724519543
343100.0,2066.2579903486553
343120.0,2068.49981103746
343140.0,2071.9577792271957
343160.0,2076.530262570538
343180.0,2082.0247685708905
343200.0,2088.1464450775197
343220.0,2094.5020111353074
343240.0,2100.6255400917303
343260.0,2106.042338481694
343280.0,2110.3614260034683
343300.0,2113.3815965927142
343320.0,2115.2114703168254
343340.0,2116.381607385772
343360.0,2117.9293662098116
343380.0,2121.447551422418
343400.0,2129.0524049867777
343420.0,2143.1771000051936
343440.0,2166.147475892758
343460.0,2199.5600813674314
343480.0,2243.614914299278
343500.0,2296.7013525318334
343520.0,2355.359009562263
343540.0,2414.522200077984
343560.0,2467.8630922367342
343580.0,2507.988846344758
343600.0,2526.6017384639836
343620.0,2515.0275676889496
343640.0,2465.4716227743074
343660.0,2373.064549753682
343680.0,2238.457701036545
343700.0,2070.2751461791936
343720.0,1886.0701594215504
343740.0,1709.9259838070798
343760.0,1566.012869127666
343780.0,1471.1830515056222
343800.0,1431.4843136296738
343820.0,1443.1584641159257
343840.0,1495.8841497652127
343860.0,1576.4072093955847
343880.0,1671.4976041290083
343900.0,1769.8227566233113
343920.0,1862.775993460933
343940.0,1944.5417042272886
343960.0,2011.7421918547393
343980.0,2062.9378097383787
344000.0,2098.107607513752
344020.0,2118.1589584766302
344040.0,2124.6457765578753
344060.0,2119.744575459139
344080.0,2106.286219444937
344100.0,2087.692090218577
344120.0,2067.7676304195547
344140.0,2050.400125769112
344160.0,2039.2463206035802
344180.0,2037.3947593222379
344200.0,2046.9102465179508
344220.0,2068.1050081156473
344240.0,2098.859934603359
344260.0,2135.0293254997814
344280.0,2171.779460308346
344300.0,2204.838687946531
344320.0,2231.2325735028435
344340.0,2249.5234730473476
344360.0,2259.6763195434187
344380.0,2262.737350962635
344400.0,2260.4393637307717
344420.0,2254.7992209039608
344440.0,2247.7277381181007
344460.0,2240.710968642081
344480.0,2234.6486526475533
344500.0,2229.8846524341834
344520.0,2226.37367515592
344540.0,2223.878488049613
344560.0,2222.1255246208975
344580.0,2220.8982960625776
344600.0,2220.069782318006
344620.0,2219.5860495508127
344640.0,2219.4322536230375
344660.0,2219.594065479706
344680.0,2220.02393178979
344700.0,2220.6076271681386
344720.0,2221.1521993087367
344740.0,2221.4036611863926
344760.0,2221.0895378297655
344780.0,2219.9713669286493
344800.0,2217.8736851935823
344820.0,2214.691134852161
344840.0,2210.412464015236
344860.0,2205.2148367364603
344880.0,2199.606887613763
344900.0,2194.5341892341776
344920.0,2191.386686257948
344940.0,2191.857774873816
344960.0,2197.6290047125676
344980.0,2209.8852394264068
345000.0,2228.6680359252687
345020.0,2252.130592019992
345040.0,2275.8790669258897
345060.0,2292.652303726565
345080.0,2292.613837106376
345100.0,2264.496519190056
345120.0,2197.7613778629548
345140.0,2085.685489002561
345160.0,1928.8380618608567
345180.0,1737.8545324163194
345200.0,1533.957036769788
345220.0,1345.618678211701
345240.0,1201.4269851117378
345260.0,1122.88175004703
345280.0,1120.4808783251335
345300.0,1192.6369065638548
345320.0,1326.3659421451512
345340.0,1499.7528695771075
345360.0,1686.7802170827727
345380.0,1863.411854069566
345400.0,2012.3218758237745
345420.0,2124.943059039252
345440.0,2200.889959103504
345460.0,2245.6718020913318
345480.0,2267.7527974713717
345500.0,2275.8262503941796
345520.0,2277.014966763486
345540.0,2276.18309577548
345560.0,2276.0053991686386
345580.0,2277.4276167739804
345600.0,2280.2307177558578
345620.0,2283.5570129900752
345640.0,2286.386659706654
345660.0,2287.9122138403445
345680.0,2287.773667526975
345700.0,2286.1393050895986
345720.0,2283.5495376410045
345740.0,2280.5606686417545
345760.0,2277.441355366483
345780.0,2274.0894601848354
345800.0,2270.1685403340844
345820.0,2265.3156548300967
345840.0,2259.308455068467
345860.0,2252.1436115641836
345880.0,2244.056337843332
345900.0,2235.4763076923873
345920.0,2226.9190253637257
345940.0,2218.892534564755
345960.0,2211.8572481385695
345980.0,2206.221316194252
346000.0,2202.4157320570766
346020.0,2201.0210842121087
346040.0,2202.8143068470617
346060.0,2208.634917280483
346080.0,2218.977346135865
346100.0,2233.362833592266
346120.0,2249.671327644851
346140.0,2263.6705645613597
346160.0,2268.9483504378004
346180.0,2257.455174282241
346200.0,2220.7824608354367
346220.0,2152.0977167717365
346240.0,2048.481820389015
346260.0,1913.3489015150183
346280.0,1758.3586232830762
346300.0,1603.3192190007069
346320.0,1472.3779624896868
346340.0,1387.2130101437438
346360.0,1361.5155438427892
346380.0,1399.0391330694608
346400.0,1494.0182966895834
346420.0,1632.7102480510634
346440.0,1795.7581259640574
346460.0,1961.7703215962435
346480.0,2111.813445549703
346500.0,2233.0775023809233
346520.0,2320.3667745604084
346540.0,2375.335979174104
346560.0,2404.2817004977123
346580.0,2415.442066670534
346600.0,2416.549950128334
346620.0,2413.294229321654
346640.0,2408.850819674082
346660.0,2404.199057739797
346680.0,2398.89619902492
346700.0,2391.982677301706
346720.0,2382.781191979068
346740.0,2371.3620117609125
346760.0,2358.454818930056
346780.0,2345.026054685423
346800.0,2331.8849328658684
346820.0,2319.502658642374
346840.0,2308.001647867307
346860.0,2297.2192314211934
346880.0,2286.8550656684415
346900.0,2276.6775332891884
346920.0,2266.6303041064816
346940.0,2256.78538855688
346960.0,2247.2338816663573
346980.0,2238.012394029063
347000.0,2229.082521559849
347020.0,2220.3584218920532
347040.0,2211.841075346997
347060.0,2203.8424930695005
347080.0,2197.1916581982596
347100.0,2193.3006124323915
347120.0,2194.0066383113613
347140.0,2201.130629689084
347160.0,2215.806285192664
347180.0,2237.6682254594275
347200.0,2263.965155785632
347220.0,2288.8344017960007
347240.0,2303.1227452084595
347260.0,2295.077541786008
347280.0,2252.1299839236844
347300.0,2163.8018094168133
347320.0,2025.3978233281473
347340.0,1841.6742302959283
347360.0,1629.126745494175
347380.0,1414.9588946002236
347400.0,1231.0334390217363
347420.0,1104.8136481462866
347440.0,1053.0697892874232
347460.0,1080.060888654461
347480.0,1178.345813350117
347500.0,1330.850507402974
347520.0,1514.0181885632805
347540.0,1702.5548889588215
347560.0,1874.8584867562408
347580.0,2016.7676666802624
347600.0,2122.6383815768822
347620.0,2194.0446072494733
347640.0,2237.1933796408616
347660.0,2260.202044024343
347680.0,2270.980979521879
347700.0,2275.995992419158
347720.0,2279.7245203130306
347740.0,2284.7272349295736
347760.0,2292.1418844321283
347780.0,2302.2133476910926
347800.0,2314.678538603889
347820.0,2328.8901135618153
347840.0,2343.8302338248077
347860.0,2358.296386505964
347880.0,2371.100219720566
347900.0,2381.2168217857375
347920.0,2387.883901813244
347940.0,2390.6244060865038
347960.0,2389.3043427487214
347980.0,2384.190686940363
348000.0,2375.9193804525758
348020.0,2365.421210625866
348040.0,2353.8135159647572
348060.0,2342.26259369427
348080.0,2331.798520514184
348100.0,2323.0821272025473
348120.0,2316.239873247494
348140.0,2310.840867677426
348160.0,2306.046752858353
348180.0,2300.869962105018
348200.0,2294.4766868572365
348220.0,2286.489641814417
348240.0,2277.192610143361
348260.0,2267.4994242898433
348280.0,2258.6064871582066
348300.0,2251.5264218212296
348320.0,2246.790568502346
348340.0,2244.3449058680644
348360.0,2243.6052399952955
348380.0,2243.6984849961973
348400.0,2243.829264962892
348420.0,2243.6538462050185
348440.0,2243.529670924875
348460.0,2244.5781829031694
348480.0,2248.53016466676
348500.0,2257.2749883400948
348520.0,2272.1214120782624
348540.0,2292.8881083872884
348560.0,2317.0360243601776
348580.0,2339.0476447348237
348600.0,2350.275588032594
348620.0,2339.561752231414
348640.0,2294.890802721547
348660.0,2206.116415322857
348680.0,2068.464436863615
348700.0,1886.1322897918876
348720.0,1674.7597628465423
348740.0,1460.8131299319261
348760.0,1276.0297476022301
348780.0,1148.460960629291
348800.0,1095.7764061117957
348820.0,1123.0207102264715
348840.0,1223.159970081255
348860.0,1379.0888609864483
348880.0,1566.9662427595913
348900.0,1761.2205273239495
348920.0,1939.8595123910686
348940.0,2087.9233543075165
348960.0,2198.601754029949
348980.0,2272.444533248739
349000.0,2315.2273772406993
349020.0,2335.2931677170427
349040.0,2341.2248275588618
349060.0,2340.3227103543827
349080.0,2337.9175120673317
349100.0,2337.3307119865344
349120.0,2340.175270716699
349140.0,2346.7769615054817
349160.0,2356.6737689236033
349180.0,2369.084980562247
349200.0,2383.1400337203013
349220.0,2397.8763202476753
349240.0,2412.1909038998506
349260.0,2424.853942874264
349280.0,2434.605117116188
349300.0,2440.308010373372
349320.0,2441.0856102503326
349340.0,2436.406533556384
349360.0,2426.1198059694516
349380.0,2410.4189787957675
349400.0,2389.7512874042704
349420.0,2364.7272728798057
349440.0,2336.097628278402
349460.0,2304.835434641008
349480.0,2272.32670651303
349500.0,2240.5260552746176
349520.0,2211.661916897916
349540.0,2187.494508427656
349560.0,2168.8559137254397
349580.0,2155.802234335464
349600.0,2147.986555061557
349620.0,2144.9764222410213
349640.0,2146.408871972092
349660.0,2151.919546954214
349680.0,2160.967172691862
349700.0,2172.817092293737
349720.0,2186.64483576142
349740.0,2201.5930820093954
349760.0,2216.852545870325
349780.0,2231.6204806397027
349800.0,2244.964926644489
349820.0,2255.9551477117006
349840.0,2263.954650997196
349860.0,2268.6490168327914
349880.0,2269.9842489453185
349900.0,2268.3249608626197
349920.0,2264.648572832149
349940.0,2260.4662142289917
349960.0,2257.4819994714076
349980.0,2257.0975293301426
350000.0,2259.943320090459
350020.0,2265.688304180847
350040.0,2273.228411008743
350060.0,2281.1262716743945
350080.0,2288.021756632318
350100.0,2292.9184242602787
350120.0,2295.30824753673
350140.0,2295.147460696574
350160.0,2292.741853623196
350180.0,2288.5957983279814
350200.0,2283.275243480056
350220.0,2277.321440668032
350240.0,2271.246701546822
350260.0,2265.6086486733184
350280.0,2261.121043882892
350300.0,2258.727362601803
350320.0,2259.590810479431
350340.0,2264.9372376922265
350360.0,2275.615600245621
350380.0,2291.2983705599163
350400.0,2309.4907250273645
350420.0,2324.7180827840084
350440.0,2328.286288539618
350460.0,2308.9375682535037
350480.0,2254.67127687176
350500.0,2155.7979863216815
350520.0,2008.790247482732
350540.0,1819.9451519554889
350560.0,1607.220486063935
350580.0,1398.0990999151968
350600.0,1222.580366910765
350620.0,1104.737341966006
350640.0,1057.8444589354353
350660.0,1083.4792583343383
350680.0,1172.8110388705384
350700.0,1309.0578800511616
350720.0,1471.1411398890011
350740.0,1638.485682503086
350760.0,1795.077240578721
350780.0,1931.0938265845834
350800.0,2042.3490415585002
350820.0,2128.7188240913597
350840.0,2192.6363292378737
350860.0,2237.8959865508396
350880.0,2268.6681935347106
350900.0,2288.8895734594544
350920.0,2301.9842044837997
350940.0,2310.7731623944665
350960.0,2317.472191779619
350980.0,2323.699383464388
351000.0,2330.4724535083637
351020.0,2338.2367447118654
351040.0,2346.9558365111993
351060.0,2356.249756775511
351080.0,2365.473884470332
351100.0,2373.696248908033
351120.0,2379.714758344827
351140.0,2382.173974205462
351160.0,2379.7111364235584
351180.0,2371.135710678157
351200.0,2355.6352852663977
351220.0,2332.939867953433
351240.0,2303.3956886878855
351260.0,2268.0112776011074
351280.0,2228.5310111638423
351300.0,2187.485169192891
351320.0,2148.0560858638282
351340.0,2113.6769367096927
351360.0,2087.509291592563
351380.0,2071.870815829997
351400.0,2067.634166311672
351420.0,2073.791200860035
351440.0,2087.1591050980433
351460.0,2102.024771667742
351480.0,2109.9541996777534
351500.0,2100.2029269916775
351520.0,2061.1535392379583
351540.0,1983.0346720895645
351560.0,1861.5697792073192
351580.0,1701.56437769603
351600.0,1518.9943995415747
351620.0,1339.5999786318762
351640.0,1192.6660936194999
351660.0,1102.9399556021442
351680.0,1085.537072267611
351700.0,1144.2375551622115
351720.0,1271.620137571284
351740.0,1450.328699056125
351760.0,1655.9126557343654
351780.0,1861.9244829741485
351800.0,2045.7178531254642
351820.0,2192.4411143630305
351840.0,2296.4089959291805
351860.0,2359.9506461869537
351880.0,2390.6621135758937
351900.0,2398.391704484744
351920.0,2392.8302424002145
351940.0,2382.0127451097333
351960.0,2371.6557075242386
351980.0,2365.1184894815583
352000.0,2363.6894207020227
352020.0,2367.074313388107
352040.0,2374.0145910021133
352060.0,2382.8681873792225
352080.0,2392.0530873354173
352100.0,2400.3123539043554
352120.0,2406.812065749915
352140.0,2411.123187354678
352160.0,2413.138227507904
352180.0,2412.9467499285647
352200.0,2410.737458365888
352220.0,2406.7294439941406
352240.0,2401.109741395955
352260.0,2393.9929670007436
352280.0,2385.4192701982147
352300.0,2375.3954187496174
352320.0,2363.9617783780077
352340.0,2351.2520042505794
352360.0,2337.569172007853
352380.0,2323.4816720412723
352400.0,2309.925524065839
352420.0,2298.2869161027347
352440.0,2290.373223700463
352460.0,2288.161771619447
352480.0,2293.307236279534
352500.0,2306.435228971094
352520.0,2326.3167196477198
352540.0,2349.0660742403024
352560.0,2367.598839746787
352580.0,2371.6848185070376
352600.0,2348.9067879012987
352620.0,2286.755771340366
352640.0,2175.8509716901535
352660.0,2013.855699156878
352680.0,1809.0801917783488
352700.0,1582.0392791224272
352720.0,1362.7866755765313
352740.0,1183.3969589782293
352760.0,1069.8199953011786
352780.0,1037.5631915113897
352800.0,1090.568177387463
352820.0,1221.457318425115
352840.0,1412.452076028949
352860.0,1637.582595559366
352880.0,1867.486067738393
352900.0,2075.9401303586183
352920.0,2244.807276784849
352940.0,2365.915485128262
352960.0,2440.297145098708
352980.0,2475.561154069468
353000.0,2482.566200070488
353020.0,2472.526085409423
353040.0,2455.036883920043
353060.0,2437.0910290317593
353080.0,2422.916904352064
353100.0,2414.3689336289426
353120.0,2411.541962727805
353140.0,2413.3890794990584
353160.0,2418.306216248572
353180.0,2424.609346969328
353200.0,2430.8306793210095
353220.0,2435.845082634004
353240.0,2438.8930455414716
353260.0,2439.5595391636616
353280.0,2437.7339552185767
353300.0,2433.546742429715
353320.0,2427.3035327662265
353340.0,2419.4381750359657
353360.0,2410.4672996157587
353380.0,2400.9185069329683
353400.0,2391.242491644326
353420.0,2381.7482297122447
353440.0,2372.599371787542
353460.0,2363.8698734708832
353480.0,2355.623628236235
353500.0,2348.0057047513724
353520.0,2341.3674845770265
353540.0,2336.383530491752
353560.0,2334.0721088442706
353580.0,2335.6433270551265
353600.0,2342.150279367172
353620.0,2353.9627019220416
353640.0,2370.1410965003183
353660.0,2387.846424816565
353680.0,2401.9367567086256
353700.0,2404.9743501367575
353720.0,2387.8675851348
353740.0,2341.3275353390286
353760.0,2258.131298267964
353780.0,2135.8349544513835
353800.0,1979.1262624122369
353820.0,1800.57097094521
353840.0,1618.577022565274
353860.0,1453.1347987042286
353880.0,1322.2201297191227
353900.0,1240.164771390789
353920.0,1216.9220801671504
353940.0,1257.098333061638
353960.0,1358.368903908151
353980.0,1509.8261364486948
354000.0,1691.7660355684322
354020.0,1878.5134158590433
354040.0,2043.278135662494
354060.0,2162.347682488796
354080.0,2217.7792589404426
354100.0,2199.1813540984913
354120.0,2105.1778950177045
354140.0,1944.5906177001139
354160.0,1736.5944923320349
354180.0,1508.399621498472
354200.0,1290.0097148889092
354220.0,1107.516446129448
354240.0,977.3691064286643
354260.0,904.2480029948186
354280.0,882.8746665531307
354300.0,901.7967513339829
354320.0,947.3459911472946
354340.0,1006.7463319564949
354360.0,1069.990789241937
354380.0,1130.5390944074268
354400.0,1185.1231162974289
354420.0,1233.0232701520617
354440.0,1275.148980849915
354460.0,1313.170411501046
354480.0,1348.8474412864812
354500.0,1383.6117822513604
354520.0,1418.3922483017782
354540.0,1453.634012547113
354560.0,1489.4459070676553
354580.0,1525.8081068497497
354600.0,1562.778613346302
354620.0,1600.6456306167736
354640.0,1639.9821268251849
354660.0,1681.5696314527406
354680.0,1726.1739504193363
354700.0,1774.1800501010148
354720.0,1825.1296290187088
354740.0,1877.2520342271964
354760.0,1927.1306438904169
354780.0,1969.688989774019
354800.0,1998.6931033803835
354820.0,2007.9231305475864
354840.0,1993.010676668556
354860.0,1953.4105722377833
354880.0,1893.1614947552341
354900.0,1819.5739748645224
354920.0,1740.4585418641345
354940.0,1661.2501634608084
354960.0,1583.934490000693
354980.0,1508.4931175075733
355000.0,1435.7519097981794
355020.0,1370.159516365237
355040.0,1321.0691822219312
355060.0,1301.051848680731
355080.0,1320.6925714899126
355100.0,1382.3507617785754
355120.0,1477.5132259795407
355140.0,1589.3249198384988
355160.0,1697.9695617505954
355180.0,1785.5811650686646
355200.0,1839.4681175338064
355220.0,1853.8246635503274
355240.0,1830.1730318574525
355260.0,1776.351465077245
355280.0,1704.12732222799
355300.0,1626.1352331281635
355320.0,1553.7814019848333
355340.0,1497.0000987739402
355360.0,1464.212452888458
355380.0,1460.6006929857654
355400.0,1485.4511609486149
355420.0,1531.9861411441586
355440.0,1590.3992408444178
355460.0,1651.5334571559765
355480.0,1709.2041661515807
355500.0,1760.6426111598853
355520.0,1805.7409460820404
355540.0,1845.9282301998933
355560.0,1883.1383697029237
355580.0,1919.0222524351036
355600.0,1954.5474297604185
355620.0,1990.1458431192066
355640.0,2026.1267824668435
355660.0,2062.8910934646506
355680.0,2100.7966796332676
355700.0,2139.865475130904
355720.0,2179.521940336462
355740.0,2218.5538677545424
355760.0,2255.347979423029
355780.0,2288.2519895431897
355800.0,2315.937165769322
355820.0,2337.648307463677
355840.0,2353.185775915566
355860.0,2362.74117712097
355880.0,2366.8404159039396
355900.0,2366.366963513034
355920.0,2362.5866206043975
355940.0,2357.1294452470397
355960.0,2351.8618054002786
355980.0,2348.6189759642793
356000.0,2348.766708095663
356020.0,2352.5308808897244
356040.0,2358.1517107221816
356060.0,2361.070969604468
356080.0,2353.4708575237833
356100.0,2324.611296579901
356120.0,2262.3052624403254
356140.0,2155.626842149411
356160.0,1998.6301429219398
356180.0,1794.3851646788821
356200.0,1557.9724195651038
356220.0,1316.320051744286
356240.0,1102.636690286578
356260.0,946.420522670496
356280.0,865.6744032798417
356300.0,864.9946193652786
356320.0,937.4324444356049
356340.0,1067.6507040114157
356360.0,1235.0907621672716
356380.0,1417.0019874281393
356400.0,1591.8203488934373
356420.0,1742.6479924391394
356440.0,1859.5952787611357
356460.0,1940.2211658885924
356480.0,1988.2529993985365
356500.0,2011.2808983239186
356520.0,2018.2517668964992
356540.0,2017.4522386190517
356560.0,2015.2851351084566
356580.0,2015.8306796650872
356600.0,2020.9945258210023
356620.0,2031.0064532660967
356640.0,2045.0422157687785
356660.0,2061.785688202743
356680.0,2079.846696616182
356700.0,2098.0208591820356
356720.0,2115.41358923606
356740.0,2131.4584277618496
356760.0,2145.861766078221
356780.0,2158.5273885865117
356800.0,2169.5064820441603
356820.0,2178.940333171117
356840.0,2186.970069523628
356860.0,2193.6550959600363
356880.0,2198.9522090499795
356900.0,2202.7669408053775
356920.0,2205.0424519119906
356940.0,2205.8086028394837
356960.0,2205.151503249969
356980.0,2203.1381614133984
357000.0,2199.7931061376216
357020.0,2195.1310565505364
357040.0,2189.210299504205
357060.0,2182.177697491534
357080.0,2174.271961991558
357100.0,2165.7874911800527
357120.0,2157.0292892533316
357140.0,2148.334293475358
357160.0,2140.109426667487
357180.0,2132.8045995751104
357200.0,2126.81512242394
357220.0,2122.3491930017376
357240.0,2119.398600618393
357260.0,2117.842218513191
357280.0,2117.614684349306
357300.0,2118.848701808925
357320.0,2121.9587593725582
357340.0,2127.6402646289644
357360.0,2136.7287429189396
357380.0,2149.854325002573
357400.0,2166.9038507623522
357420.0,2186.3402207448303
357440.0,2204.5094244414145
357460.0,2215.239697969521
357480.0,2210.090124615741
357500.0,2179.4813301803265
357520.0,2114.8065771038755
357540.0,2011.3762344252114
357560.0,1871.7517729492306
357580.0,1708.3875795968518
357600.0,1543.8788989148206
357620.0,1406.9815173226873
357640.0,1324.3009626751136
357660.0,1311.522675377871
357680.0,1368.8423381709172
357700.0,1481.8223692474978
357720.0,1627.0780820231955
357740.0,1779.9838765449404
357760.0,1920.6581111126438
357780.0,2036.7543452310958
357800.0,2123.4933968379014
357820.0,2182.0102422145724
357840.0,2217.095724581248
357860.0,2235.0964653023943
357880.0,2242.3496626326587
357900.0,2244.1959331877188
357920.0,2244.4926198779613
357940.0,2245.5413946901244
357960.0,2248.351798279927
357980.0,2253.04066746817
358000.0,2259.1996957868255
358020.0,2266.1484391588247
358040.0,2273.146985622753
358060.0,2279.5473854143274
358080.0,2284.843475809792
358100.0,2288.6776552961705
358120.0,2290.8182776386366
358140.0,2291.2088907378693
358160.0,2290.0591172782124
358180.0,2287.900225422401
358200.0,2285.6644984383993
358220.0,2284.728961045289
358240.0,2286.7930652605455
358260.0,2293.4666016533365
358280.0,2305.561851115858
358300.0,2322.3085083068586
358320.0,2340.6672104047784
358340.0,2354.9093744757747
358360.0,2356.6759305447154
358380.0,2335.6565430539267
358400.0,2281.008342243325
358420.0,2183.661779816122
358440.0,2039.2893032226998
358460.0,1851.416119805745
358480.0,1633.9630874471488
358500.0,1411.754349244207
358520.0,1216.983674217508
358540.0,1081.3766224776348
358560.0,1027.8283646030595
358580.0,1065.2581064607252
358600.0,1186.8475368486907
358620.0,1371.4150605556747
358640.0,1588.55110613661
358660.0,1806.6525367500315
358680.0,2000.212445763734
358700.0,2153.7288737491676
358720.0,2262.007680693816
358740.0,2328.0974580502407
358760.0,2360.190754519014
358780.0,2368.576716802031
358800.0,2363.302346194614
358820.0,2352.6184131983355
358840.0,2342.1233049739903
358860.0,2334.687842550732
358880.0,2330.9687363023577
358900.0,2330.257079595117
358920.0,2331.4124652682435
358940.0,2333.5073681069916
358960.0,2336.0360550517544
358980.0,2338.780761323384
359000.0,2341.4984684197116
359020.0,2343.7474324277296
359040.0,2344.979286104697
359060.0,2344.813440746106
359080.0,2343.3042117987434
359100.0,2340.919552341841
359120.0,2338.309309047016
359140.0,2336.191782495933
359160.0,2335.4058471336775
359180.0,2336.9867172150366
359200.0,2342.1108521605865
359220.0,2351.866333580609
359240.0,2366.876985435913
359260.0,2386.8610694718404
359280.0,2410.1966715552794
359300.0,2433.6027223978354
359320.0,2451.9315606364307
359340.0,2458.122794665561
359360.0,2443.5201640845835
359380.0,2398.801779619504
359400.0,2315.596951957699
359420.0,2188.752871505928
359440.0,2019.1627001105112
359460.0,1816.6615251167627
359480.0,1601.4752688328786
359500.0,1402.0682665499132
359520.0,1248.2371083804246
359540.0,1162.7841078190772
359560.0,1156.6307587517888
359580.0,1227.6092661255195
359600.0,1361.566603227267
359620.0,1535.4098616574918
359640.0,1722.4158742496863
359660.0,1898.545128256219
359680.0,2047.0671107702715
359700.0,2160.303728694038
359720.0,2238.699590338121
359740.0,2288.2466366892613
359760.0,2317.5235757662813
359780.0,2335.1432339459016
359800.0,2347.992326624012
359820.0,2360.485541408533
359840.0,2374.6639824340305
359860.0,2390.7912468221816
359880.0,2408.120977010811
359900.0,2425.548836903447
359920.0,2442.0244811331386
359940.0,2456.692265030617
359960.0,2468.8786811275927
359980.0,2478.117752863038
360000.0,2484.1749862569086
360020.0,2487.0202578370254
360040.0,2486.7750422053914
360060.0,2483.7476819317067
360080.0,2478.5150151539688
360100.0,2471.8710980321334
360120.0,2464.7274571019034
360140.0,2457.9652537913335
360160.0,2452.2074870873926
360180.0,2447.6647218940757
360200.0,2444.109695411359
360220.0,2440.994605632124
360240.0,2437.626690755184
360260.0,2433.312118173358
360280.0,2427.535195189167
360300.0,2420.141605049989
360320.0,2411.3485779781495
360340.0,2401.6394636405507
360360.0,2391.6515520085586
360380.0,2382.02614977254
360400.0,2373.274282502288
360420.0,2365.7907648258943
360440.0,2359.909155864628
360460.0,2355.8428964621517
360480.0,2353.611733838741
360500.0,2353.0125200129783
360520.0,2353.615675887949
360540.0,2354.8324066737173
360560.0,2356.077605586578
360580.0,2356.970346599051
360600.0,2357.4990102816855
360620.0,2358.014403300425
360640.0,2359.1037187699685
360660.0,2361.428196756482
360680.0,2365.482978355558
360700.0,2371.348495623778
360720.0,2378.6027549359833
360740.0,2386.4142958527204
360760.0,2393.74327267999
360780.0,2399.5901074132844
360800.0,2403.2487473754254
360820.0,2404.481863832408
360840.0,2403.5640176769048
360860.0,2401.259574683002
360880.0,2398.779695102372
360900.0,2397.6723415050683
360920.0,2399.5657910402897
360940.0,2405.7639929078337
360960.0,2416.6777756487954
360980.0,2431.082301699068
361000.0,2445.378737641827
361020.0,2453.1093105637165
361040.0,2444.9617555110276
361060.0,2409.6654967279546
361080.0,2336.0807849062426
361100.0,2216.4219060350256
361120.0,2050.022294400119
361140.0,1846.4390498973848
361160.0,1626.2492369241022
361180.0,1418.1748545716955
361200.0,1252.6723253255473
361220.0,1154.29235565665
361240.0,1136.3273038947295
361260.0,1198.8279154553236
361280.0,1329.0849037103392
361300.0,1504.3348239615498
361320.0,1697.080993633642
361340.0,1881.6210316625002
361360.0,2038.9803504036913
361380.0,2159.14470370998
361400.0,2240.6843192746974
361420.0,2288.4994500011608
361440.0,2310.851309565731
361460.0,2316.71272239315
361480.0,2313.961969537499
361500.0,2308.4973383418883
361520.0,2304.077019626781
361540.0,2302.5963094755452
361560.0,2304.5646200810415
361580.0,2309.5803299333666
361600.0,2316.7178331219548
361620.0,2324.817115242623
361640.0,2332.7075656830593
361660.0,2339.3805147931753
361680.0,2344.0634833452673
361700.0,2346.31344137872
361720.0,2346.067686175623
361740.0,2343.5820604356163
361760.0,2339.2881430277102
361780.0,2333.58433640574
361800.0,2326.66154507664
361820.0,2318.4881525782444
361840.0,2309.0078177330643
361860.0,2298.4483911958614
361880.0,2287.583669688485
361900.0,2277.7636705704335
361920.0,2270.545892164597
361940.0,2267.1746285650433
361960.0,2268.2675245730466
361980.0,2273.7922806120378
362000.0,2283.127851886261
362020.0,2295.1736338901055
362040.0,2308.555650644265
362060.0,2321.8418422428686
362080.0,2333.7249967602547
362100.0,2343.235441712448
362120.0,2349.9727589061977
362140.0,2354.1730695366964
362160.0,2356.4807187283154
362180.0,2357.5707064378153
362200.0,2357.9206366507183
362220.0,2357.812481772867
362240.0,2357.4314679224494
362260.0,2357.0559084192264
362280.0,2357.2396320684834
362300.0,2358.823083674083
362320.0,2362.7251133487016
362340.0,2369.645289624213
362360.0,2379.698345839186
362380.0,2391.8919626976503
362400.0,2403.6668517523094
362420.0,2410.6618169912012
362440.0,2406.730219544807
362460.0,2384.370494427994
362480.0,2335.5193855102266
362500.0,2252.7647879554834
362520.0,2131.0422910354264
362540.0,1969.792616498972
362560.0,1775.7074278040898
362580.0,1565.13792692769
362600.0,1363.6904449004983
362620.0,1200.8693543662419
362640.0,1101.8408322240118
362660.0,1081.649668741558
362680.0,1143.1082167064524
362700.0,1276.8985689387441
362720.0,1463.2001663949395
362740.0,1675.330672279771
362760.0,1885.7029840328628
362780.0,2071.912007576558
362800.0,2220.4900329970415
362820.0,2327.528212523277
362840.0,2396.675597528433
362860.0,2435.956553321344
362880.0,2454.714460021159
362900.0,2461.449180905164
362920.0,2462.738919619744
362940.0,2462.9777490056013
362960.0,2464.5688118486005
362980.0,2468.3371440726073
363000.0,2474.0775296190545
363020.0,2481.096086146152
363040.0,2488.604502219857
363060.0,2495.888417614293
363080.0,2502.298540129854
363100.0,2507.106865466278
363120.0,2509.3886353583584
363140.0,2508.120390037727
363160.0,2502.4597723731345
363180.0,2491.9968189920205
363200.0,2476.920783164442
363220.0,2458.198042939139
363240.0,2437.647903391638
363260.0,2417.777228950337
363280.0,2401.319617504185
363300.0,2390.5283388629655
363320.0,2386.3409388572527
363340.0,2387.621253808056
363360.0,2390.572978478008
363380.0,2388.35786355495
363400.0,2371.251622198989
363420.0,2327.7743294385323
363440.0,2246.955403787193
363460.0,2121.5306343194393
363480.0,1951.5452402795588
363500.0,1747.0865043402714
363520.0,1528.2788850429927
363540.0,1321.0214520375434
363560.0,1149.9539787815681
363580.0,1033.263789692775
363600.0,981.051039471864
363620.0,995.6380314920527
363640.0,1072.281906309294
363660.0,1199.7367621260528
363680.0,1361.1567460413357
363700.0,1536.547404235325
363720.0,1706.827473452541
363740.0,1857.4476288855465
363760.0,1980.1822888662805
363780.0,2073.016164598287
363800.0,2138.667515217299
363820.0,2182.536915930971
363840.0,2210.7327040503624
363860.0,2228.7307644782004
363880.0,2240.9618793629334
363900.0,2250.9388651558293
363920.0,2261.370428560041
363940.0,2274.0812532303416
363960.0,2289.8420750564446
363980.0,2308.2597352790854
364000.0,2327.9811466190845
364020.0,2347.180643755813
364040.0,2364.066540184133
364060.0,2377.289383950837
364080.0,2386.1859325103064
364100.0,2390.7838877449653
364120.0,2391.557986522056
364140.0,2389.131736231003
364160.0,2384.062594509977
364180.0,2376.7367730184005
364200.0,2367.441599316637
364220.0,2356.4886929965137
364240.0,2344.3677479986864
364260.0,2331.9089961662335
364280.0,2320.273641100337
364300.0,2310.7386251810613
364320.0,2304.3147175059134
364340.0,2301.3620437463233
364360.0,2301.429217093759
364380.0,2303.3849617473284
364400.0,2305.74411270464
364420.0,2307.0460906794465
364440.0,2306.2036170089586
364460.0,2302.7470676447174
364480.0,2296.8911009510875
364500.0,2289.2778723925085
364520.0,2280.6206825436134
364540.0,2271.487169319659
364560.0,2262.220396723801
364580.0,2253.0562355638904
364600.0,2244.45444128365
364620.0,2237.345334491909
364640.0,2232.9701209451073
364660.0,2232.4645020361027
364680.0,2236.5044719466714
364700.0,2245.1531244990238
364720.0,2257.950032182065
364740.0,2274.1564088769946
364760.0,2292.9626688403864
364780.0,2313.601378368776
364800.0,2335.3680405122595
364820.0,2357.513863246789
364840.0,2379.0914807367617
364860.0,2398.90328128611
364880.0,2415.5761079016893
364900.0,2427.782331830358
364920.0,2434.5612929283798
364940.0,2435.6427200494436
364960.0,2431.6882597318217
364980.0,2424.391418859759
365000.0,2416.3680301826125
365020.0,2410.6871141793304
365040.0,2410.0260683415636
365060.0,2415.8140993742963
365080.0,2427.6769875367336
365100.0,2443.038676904078
365120.0,2456.812288111597
365140.0,2461.3522374865342
365160.0,2446.9518971695784
365180.0,2403.1115412000795
365200.0,2320.6374908434
365220.0,2194.4395422627176
365240.0,2026.3586330797018
365260.0,1826.878435509001
365280.0,1614.316850802014
365300.0,1410.6189702739096
365320.0,1235.2071820655196
365340.0,1100.7894674286636
365360.0,1013.0959785275478
365380.0,973.0264909029617
365400.0,979.1913736802856
365420.0,1029.5054676588313
365440.0,1121.2536684134134
365460.0,1249.7905981120587
365480.0,1406.7469479338415
365500.0,1579.2598955053231
365520.0,1751.771703336323
365540.0,1909.7490017297873
365560.0,2042.89765742819
365580.0,2146.481375171216
365600.0,2220.7134226468174
365620.0,2269.2314667349415
365640.0,2297.4724934467613
365660.0,2311.3225191079337
365680.0,2316.141576186117
365700.0,2316.151272750283
365720.0,2314.2460508189065
365740.0,2312.222895947199
365760.0,2311.2192188206036
365780.0,2312.0980962089716
365800.0,2315.637300369668
365820.0,2322.4028417802856
365840.0,2332.411838792284
365860.0,2344.8620229853723
365880.0,2358.070686520209
365900.0,2369.644188156641
365920.0,2376.8820489841323
365940.0,2377.3204147957395
365960.0,2369.3114523530694
365980.0,2352.403750015105
366000.0,2327.411624950922
366020.0,2296.200644469197
366040.0,2261.270604359762
366060.0,2225.198566148064
366080.0,2190.081721377025
366100.0,2157.297740643033
366120.0,2127.6225521253536
366140.0,2101.4520061839594
366160.0,2078.9978598334474
366180.0,2060.417028209191
366200.0,2045.8067536230653
366220.0,2035.088262828203
366240.0,2027.9586874844651
366260.0,2024.0086703321595
366280.0,2022.9308916564237
366300.0,2024.6361034018482
366320.0,2029.2091249107325
366340.0,2036.7438911033307
366360.0,2047.1754662287574
366380.0,2060.204205103223
366400.0,2075.2954265967237
366420.0,2091.7364608228095
366440.0,2108.7268094180426
366460.0,2125.5261015445435
366480.0,2141.727762335842
366500.0,2157.4884760008144
366520.0,2173.5094699533474
366540.0,2190.8621839943366
366560.0,2210.7898848391787
366580.0,2234.427165817126
366600.0,2262.2872572348942
366620.0,2293.5754935389787
366640.0,2325.513858893845
366660.0,2352.9203116948947
366680.0,2368.268293371021
366700.0,2362.362254994784
366720.0,2325.7639179673956
366740.0,2251.0357338745225
366760.0,2135.5468556883243
366780.0,1984.1455663725114
366800.0,1810.4207875451907
366820.0,1634.8251431953054
366840.0,1478.9882830908757
366860.0,1359.4064173402428
366880.0,1284.814439337912
366900.0,1257.1606296713521
366920.0,1274.0770294116599
366940.0,1331.184708186792
366960.0,1423.3109716805761
366980.0,1544.4069118158754
367000.0,1686.5993235439503
367020.0,1839.370048485093
367040.0,1990.15446651206
367060.0,2126.734430539829
367080.0,2239.9676452526123
367100.0,2325.241221989681
367120.0,2382.3678794605353
367140.0,2414.6549112456255
367160.0,2427.6385659330804
367180.0,2427.784245843424
367200.0,2421.3479471160476
367220.0,2413.5462918415114
367240.0,2408.1064216248888
367260.0,2407.0995079172726
367280.0,2410.9769235638946
367300.0,2418.7572498443983
367320.0,2428.235869607757
367340.0,2436.1554283196588
367360.0,2438.4472886566446
367380.0,2430.6479213642374
367400.0,2408.4755204738544
367420.0,2368.4689467603275
367440.0,2308.5412605611446
367460.0,2228.3414999451875
367480.0,2129.615421925385
367500.0,2016.881118529373
367520.0,1898.0762234896163
367540.0,1784.3127035768896
367560.0,1687.8426821284368
367580.0,1618.2240734044735
367600.0,1578.7195230010552
367620.0,1565.3847378872938
367640.0,1568.7436458619654
367660.0,1576.544716744069
367680.0,1576.9227227279218
367700.0,1561.6790711009417
367720.0,1528.8480705470931
367740.0,1483.500538112129
367760.0,1436.3006609332228
367780.0,1400.383464874713
367800.0,1387.7508731381768
367820.0,1406.1178963631169
367840.0,1456.9314496395286
367860.0,1534.9372834079254
367880.0,1629.6049101193673
367900.0,1728.3189960401473
367920.0,1819.8682702333622
367940.0,1896.7613635373546
367960.0,1955.9456192952853
367980.0,1998.1800503924671
368000.0,2026.6714892734958
368020.0,2045.5897885077236
368040.0,2058.865718452713
368060.0,2069.4324437994082
368080.0,2078.9217415741177
368100.0,2087.7735461378734
368120.0,2095.5525460006147
368140.0,2101.3104476548756
368160.0,2103.9557122567185
368180.0,2102.568130605285
368200.0,2096.6752834564686
368220.0,2086.5018004674894
368240.0,2073.180108967235
368260.0,2058.7680107335814
368280.0,2045.8357534285612
368300.0,2036.6557244042883
368320.0,2032.210095679368
368340.0,2031.2206126460555
368360.0,2029.5040889573534
368380.0,2019.9560681271928
368400.0,1993.3107158949545
368420.0,1939.8444440774524
368440.0,1852.1210004200602
368460.0,1728.3675870611473
368480.0,1575.2790135313494
368500.0,1408.6989841046664
368520.0,1250.9119838254499
368540.0,1124.3698146607126
368560.0,1044.9998847796303
368580.0,1019.4858045654007
368600.0,1046.4207830048479
368620.0,1119.0848747111863
368640.0,1228.1465999259267
368660.0,1363.4119308556858
368680.0,1514.4712592572314
368700.0,1670.679014814532
368720.0,1821.3052670378427
368740.0,1956.61103342725
368760.0,2069.51919464376
368780.0,2156.697820312145
368800.0,2218.416453816176
368820.0,2257.7210881071123
368840.0,2279.423672210634
368860.0,2289.0455111464803
368880.0,2291.831344464674
368900.0,2291.9812293678247
368920.0,2292.2361736099115
368940.0,2293.9317363222244
368960.0,2297.4030240115594
368980.0,2302.445875384378
369000.0,2308.6082919292753
369020.0,2315.2276086281154
369040.0,2321.4498489639454
369060.0,2326.4627719555247
369080.0,2329.805827778715
369100.0,2331.5123565002636
369120.0,2332.001228556548
369140.0,2331.817067168092
369160.0,2331.4179006145673
369180.0,2331.060808880894
369200.0,2330.7633319413335
369220.0,2330.347531194684
369240.0,2329.540188896468
369260.0,2328.0620376140932
369280.0,2325.7493852067637
369300.0,2322.6804283120023
369320.0,2319.1784439084745
369340.0,2315.700419949642
369360.0,2312.732060777794
369380.0,2310.692552009744
369400.0,2309.8333132456764
369420.0,2310.1835165636962
369440.0,2311.589485051499
369460.0,2313.8217767587953
369480.0,2316.672154563251
369500.0,2320.0052047870663
369520.0,2323.729994630521
369540.0,2327.7402264593447
369560.0,2331.878637035993
369580.0,2335.976546146022
369600.0,2339.9291661026755
369620.0,2343.7713168577093
369640.0,2347.727976854319
369660.0,2352.171358975959
369680.0,2357.4810162582166
369700.0,2363.867697960818
369720.0,2371.2431111645346
369740.0,2379.1825655936273
369760.0,2387.0067240657713
369780.0,2393.937806542259
369800.0,2399.254638647693
369820.0,2402.4912281238685
369840.0,2403.700140666998
369860.0,2403.641358454858
369880.0,2403.804423334867
369900.0,2406.2357784619126
369920.0,2413.149887179309
369940.0,2426.302189435566
369960.0,2446.162121713527
369980.0,2471.0204994414526
370000.0,2496.216991399571
370020.0,2513.746232847954
370040.0,2512.4675029501987
370060.0,2479.2573518396675
370080.0,2401.4130977115838
370100.0,2270.2880634993976
370120.0,2085.6330337480836
370140.0,1859.4557700494302
370160.0,1617.2706191776656
370180.0,1394.1235747421172
370200.0,1224.7283275798495
370220.0,1133.1077464924392
370240.0,1128.1488509055653
370260.0,1204.5342046002306
370280.0,1346.1443987600182
370300.0,1530.0916981275118
370320.0,1730.8007424805892
370340.0,1924.2877457301124
370360.0,2092.168905750563
370380.0,2223.9677870975647
370400.0,2317.054397260898
370420.0,2374.9054790830937
370440.0,2404.558998943809
370460.0,2414.02253723687
370480.0,2410.4183778025235
370500.0,2399.1237055909355
370520.0,2383.721452260166
370540.0,2366.4935191777163
370560.0,2349.1719086742323
370580.0,2333.5974594164963
370600.0,2321.8087421252667
370620.0,2315.4191746702686
370640.0,2314.97036226603
370660.0,2319.803040261801
370680.0,2328.322740515863
370700.0,2338.4909301912094
370720.0,2348.3377036111815
370740.0,2356.274804627489
370760.0,2361.2137674285923
370780.0,2362.5695281251096
370800.0,2360.240773169505
370820.0,2354.568825582407
370840.0,2346.302563426361
370860.0,2336.5552238604964
370880.0,2326.690532441981
370900.0,2318.1312209415096
370920.0,2312.092859295198
370940.0,2309.2643770348795
370960.0,2309.5078734619356
370980.0,2311.6931633585386
371000.0,2313.864935201789
371020.0,2313.687422072218
371040.0,2308.942824307355
371060.0,2297.925620419906
371080.0,2279.686723260847
371100.0,2254.0995417447
371120.0,2221.796600043715
371140.0,2184.0703134769446
371160.0,2142.6661041791754
371180.0,2099.456222801143
371200.0,2056.2645545233922
371220.0,2014.983677974519
371240.0,1977.8057316330935
371260.0,1947.179445246245
371280.0,1925.3697718653136
371300.0,1913.9498428644388
371320.0,1913.4408055667377
371340.0,1923.066654038454
371360.0,1940.5977375348677
371380.0,1962.5219349574295
371400.0,1984.6690877416684
371420.0,2003.1689666181178
371440.0,2015.4302711844969
371460.0,2020.7695149785663
371480.0,2020.6051570527793
371500.0,2018.1566489657318
371520.0,2017.5644636599052
371540.0,2022.6001337092443
371560.0,2035.4902255404218
371580.0,2056.342725132908
371600.0,2083.329412528532
371620.0,2113.403125364578
371640.0,2143.197460708555
371660.0,2169.7745019176828
371680.0,2190.974324583095
371700.0,2205.527105943099
371720.0,2213.158885130598
371740.0,2214.6341596008306
371760.0,2211.4853756099124
371780.0,2205.4581924526506
371800.0,2197.9382002865614
371820.0,2189.6199591088475
371840.0,2180.5252616784455
371860.0,2170.2750226822764
371880.0,2158.294316011944
371900.0,2143.8851045459255
371920.0,2126.5479579772714
371940.0,2106.648640449669
371960.0,2085.965970007525
371980.0,2067.6395497683216
372000.0,2055.497411466599
372020.0,2053.204110704091
372040.0,2063.527350075762
372060.0,2087.874764769554
372080.0,2125.9985278783906
372100.0,2175.7894350740007
372120.0,2233.23080621907
372140.0,2292.511042254006
372160.0,2346.1217327440677
372180.0,2384.886121543881
372200.0,2398.121938521043
372220.0,2374.402871296229
372240.0,2303.4232691823445
372260.0,2178.9045762202622
372280.0,2001.8588515571705
372300.0,1783.1161066923353
372320.0,1543.728640179379
372340.0,1312.3556796144826
372360.0,1119.681238915256
372380.0,991.2073440898412
372400.0,942.0414129077901
372420.0,975.5381555865758
372440.0,1084.2566481752372
372460.0,1251.7319064270666
372480.0,1454.7943610186144
372500.0,1667.2138199609294
372520.0,1864.8768658779343
372540.0,2030.3508939863932
372560.0,2154.9900006630455
372580.0,2238.5441170269096
372600.0,2286.969955741712
372620.0,2309.4381015216777
372640.0,2315.553171475071
372660.0,2313.502551471389
372680.0,2309.2904458582975
372700.0,2306.765369007624
372720.0,2308.0773995398263
372740.0,2314.169835963246
372760.0,2325.0656382701623
372780.0,2339.770463824002
372800.0,2355.7426889692356
372820.0,2368.1796491195614
372840.0,2369.7161630021938
372860.0,2350.923596524218
372880.0,2301.689567805007
372900.0,2213.5374225499604
372920.0,2082.645538563547
372940.0,1912.8920139997529
372960.0,1717.6811812855062
372980.0,1518.828326720454
373000.0,1341.196449967064
373020.0,1204.745902409854
373040.0,1119.291347004964
373060.0,1084.3094993343686
373080.0,1091.9261928437072
373100.0,1130.9129767720501
373120.0,1190.2702323277822
373140.0,1261.6478348445805
373160.0,1340.3617814966292
373180.0,1425.1048869633503
373200.0,1516.6586803395776
373220.0,1616.0458757282497
373240.0,1722.6686777115574
373260.0,1833.0888291912063
373280.0,1941.174803747938
373300.0,2039.8244403853746
373320.0,2123.0893800331473
373340.0,2187.4302971083926
373360.0,2231.949898131398
373380.0,2257.892816811066
373400.0,2267.7426568938154
373420.0,2264.326842180719
373440.0,2250.199531576303
373460.0,2227.342502522314
373480.0,2197.122669155186
373500.0,2160.474642395323
373520.0,2118.0660614252106
373540.0,2070.320094491668
373560.0,2017.4582717836154
373580.0,1959.6342780304672
373600.0,1897.1836776961234
373620.0,1831.0395260199962
373640.0,1762.9459721846597
373660.0,1695.345484645915
373680.0,1631.3439428069191
373700.0,1574.8049092512192
373720.0,1530.085292144835
373740.0,1501.206698512635
373760.0,1490.7018125820723
373780.0,1498.822939229481
373800.0,1523.5818860734905
373820.0,1561.5403304181596
373840.0,1608.8854817695508
373860.0,1662.195261978629
373880.0,1718.667678483803
373900.0,1776.08369706436
373920.0,1832.8474389378152
373940.0,1888.0786209367932
373960.0,1941.5489502199212
373980.0,1993.3784451088227
374000.0,2043.7442757721722
374020.0,2092.7305798932257
374040.0,2140.158973696326
374060.0,2185.395089607681
374080.0,2227.3486334173294
374100.0,2264.7213199534044
374120.0,2296.305449226425
374140.0,2321.231037642931
374160.0,2339.1989540406403
374180.0,2350.56685713698
374200.0,2356.213477472641
374220.0,2357.3240177120456
374240.0,2355.101515413901
374260.0,2350.4733974586984
374280.0,2343.922010267573
374300.0,2335.408591538814
374320.0,2324.446360158362
374340.0,2310.3299112265577
374360.0,2292.4661449783544
374380.0,2270.6472829283
374400.0,2245.120928027655
374420.0,2216.5270619100693
374440.0,2185.7519556725847
374460.0,2153.7797109603953
374480.0,2121.694213364036
374500.0,2090.8810654970407
374520.0,2063.1834046646245
374540.0,2040.7698570462185
374560.0,2025.7763226765219
374580.0,2019.7512106655413
374600.0,2022.9559996721823
374620.0,2033.648904631643
374640.0,2047.507728620631
374660.0,2057.367526999026
374680.0,2053.530292742044
374700.0,2024.920361330139
374720.0,1961.2551900283283
374740.0,1856.117014723457
374760.0,1710.4313899959714
374780.0,1535.273693103631
374800.0,1352.2126220046557
374820.0,1189.2968071098317
374840.0,1073.0518700187533
374860.0,1021.0780395165406
374880.0,1039.0188424301014
374900.0,1121.0774074093579
374920.0,1252.3637705402887
374940.0,1412.3112237791927
374960.0,1579.0765040777583
374980.0,1734.0824631777166
375000.0,1864.9619882218126
375020.0,1966.1736737394426
375040.0,2037.8843408712407
375060.0,2084.145172334439
375080.0,2111.0068212091946
375100.0,2124.9386113016076
375120.0,2131.7037606391787
375140.0,2135.6755465086144
375160.0,2139.651347736123
375180.0,2145.1347077297387
375200.0,2152.7464230934725
375220.0,2162.481461111618
375240.0,2173.840435755287
375260.0,2185.992183085868
375280.0,2197.954062730333
375300.0,2208.7458771360207
375320.0,2217.509077575727
375340.0,2223.5913870694117
375360.0,2226.640709516869
375380.0,2226.683367257726
375400.0,2224.141933668877
375420.0,2219.7511477359253
375440.0,2214.4436451442016
375460.0,2209.228897570424
375480.0,2204.8598570059
375500.0,2201.4994282978687
375520.0,2198.7362339385822
375540.0,2195.7892633064835
375560.0,2191.780225667247
375580.0,2185.9827550845494
375600.0,2178.0148484643933
375620.0,2167.8916467696604
375640.0,2155.878230968331
375660.0,2142.252299138608
375680.0,2127.132937289013
375700.0,2110.3667104673777
375720.0,2091.442133308695
375740.0,2069.6027690054575
375760.0,2044.2104052800248
375780.0,2015.2160092637664
375800.0,1983.5868350449182
375820.0,1951.56220565297
375840.0,1922.6744382952315
375860.0,1901.4112625361267
375880.0,1892.4217750743308
375900.0,1899.389467418188
375920.0,1923.766577580155
375940.0,1963.6895049261016
375960.0,2013.4175811422258
375980.0,2063.428438026719
376000.0,2101.1020360925104
376020.0,2112.032501346431
376040.0,2082.20513299127
376060.0,2001.2080007375212
376080.0,1866.1502676050707
376100.0,1685.1537373269857
376120.0,1478.5594418554033
376140.0,1275.8646778410016
376160.0,1108.0752223110878
376180.0,999.6245009507793
376200.0,964.3819562544235
376220.0,1005.2044153524906
376240.0,1114.9983736301883
376260.0,1278.2253846345332
376280.0,1472.9666848837037
376300.0,1674.5229631866362
376320.0,1860.5118470990196
376340.0,2015.1025089067437
376360.0,2130.7499454198646
376380.0,2207.583423712134
376400.0,2251.2398208178647
376420.0,2270.1732949659367
376440.0,2273.3326363171627
376460.0,2268.689872448334
376480.0,2262.5434895732424
376500.0,2259.28146559234
376520.0,2261.371930407768
376540.0,2269.483126392355
376560.0,2282.7552195597623
376580.0,2299.2627310791095
376600.0,2316.6402959403663
376620.0,2332.726362324089
376640.0,2345.990711592916
376660.0,2355.696513253544
376680.0,2361.8630408340427
376700.0,2365.069415548282
376720.0,2366.1702904621247
376740.0,2366.0215914259634
376760.0,2365.330088810123
376780.0,2364.638772081584
376800.0,2364.3581136851603
376820.0,2364.737753646338
376840.0,2365.7914292770074
376860.0,2367.3156846649713
376880.0,2369.0474584379776
376900.0,2370.7729194253366
376920.0,2372.3298963672414
376940.0,2373.6201680326462
376960.0,2374.643642443786
376980.0,2375.473627549046
377000.0,2376.2084814077916
377020.0,2376.873652127316
377040.0,2377.3271402028063
377060.0,2377.255046882165
377080.0,2376.244560114159
377100.0,2373.997134921715
377120.0,2370.5831292355924
377140.0,2366.5828462052873
377160.0,2363.0955246665662
377180.0,2361.5664269245435
377200.0,2363.5374297038516
377220.0,2370.4406141557884
377240.0,2383.277699816765
377260.0,2402.0858374601435
377280.0,2425.222477361779
377300.0,2448.555344577416
377320.0,2464.8844182694847
377340.0,2463.929701881631
377360.0,2433.2724004248803
377380.0,2360.5694401685278
377400.0,2236.8687902683296
377420.0,2060.4721376283546
377440.0,1840.2101183563798
377460.0,1596.3479036292724
377480.0,1357.2651203501023
377500.0,1151.9759098531526
377520.0,1002.4926527257172
377540.0,920.5004669742835
377560.0,907.9221591807533
377580.0,958.9887540452761
377600.0,1062.2130700774167
377620.0,1201.7508595916413
377640.0,1358.6325995333923
377660.0,1512.8842104239054
377680.0,1646.3187280967002
377700.0,1744.4566729401354
377720.0,1797.2752661161808
377740.0,1799.297110851017
377760.0,1749.697651102969
377780.0,1652.619154116676
377800.0,1517.304587346632
377820.0,1357.6717451296158
377840.0,1190.828196670707
377860.0,1034.0012742545227
377880.0,900.4567367435527
377900.0,796.9848434683202
377920.0,724.4738848575346
377940.0,680.4085600311744
377960.0,661.7600240452526
377980.0,667.1817655414092
378000.0,697.8825181795467
378020.0,756.9646182755691
378040.0,847.4152476470863
378060.0,969.3538488135009
378080.0,1117.594156000793
378100.0,1280.9829493314028
378120.0,1444.7767981398074
378140.0,1595.3164718935288
378160.0,1723.602898241262
378180.0,1826.1571788272893
378200.0,1904.247709423586
378220.0,1962.5695486754805
378240.0,2007.634103387568
378260.0,2046.0377205194407
378280.0,2082.8762884306425
378300.0,2120.4155665515227
378320.0,2157.1409081393103
378340.0,2187.4523583409473
378360.0,2202.2002129023845
378380.0,2190.110720495703
378400.0,2140.091659984825
378420.0,2044.4061665360769
378440.0,1902.3642465436146
378460.0,1723.2907215778334
378480.0,1527.1295858528945
378500.0,1341.5840480267257
378520.0,1195.7599022691427
378540.0,1112.203810049667
378560.0,1101.9795914592783
378580.0,1164.4558676753932
378600.0,1289.6502299348747
378620.0,1461.157193542581
378640.0,1658.7963307384966
378660.0,1861.0973354942785
378680.0,2048.2446325151896
378700.0,2205.2435350643245
378720.0,2323.91330068724
378740.0,2403.044335265446
378760.0,2447.115688671779
378780.0,2464.2114185057208
378800.0,2463.7371743956433
378820.0,2454.520454578641
378840.0,2443.540292789053
378860.0,2435.3297260679765
378880.0,2431.9966576876686
378900.0,2433.6949693271554
378920.0,2439.305612259056
378940.0,2447.0690041685402
378960.0,2455.044247460687
378980.0,2461.4524211381413
379000.0,2464.9192734933677
379020.0,2464.586167805863
379040.0,2460.0970877686577
379060.0,2451.4972915953604
379080.0,2439.161287198048
379100.0,2423.734091158343
379120.0,2405.999614898643
379140.0,2386.6807577317263
379160.0,2366.278736440042
379180.0,2344.989177528619
379200.0,2322.6744132839603
379220.0,2298.8889173410216
379240.0,2273.037478252793
379260.0,2244.713575629379
379280.0,2214.0695010505183
379300.0,2182.062792103491
379320.0,2150.449111694531
379340.0,2121.387904580203
379360.0,2096.8223442876574
379380.0,2078.0560152424214
379400.0,2065.6787356182263
379420.0,2059.683985652039
379440.0,2059.619122152816
379460.0,2064.7197628011227
379480.0,2074.041841483637
379500.0,2086.5705028606562
379520.0,2101.2451013979453
379540.0,2116.9427974683053
379560.0,2132.535482165832
379580.0,2147.09234081664
379600.0,2160.10320852476
379620.0,2171.58922725591
379640.0,2182.07888624264
379660.0,2192.4891791853597
379680.0,2203.9472248645484
379700.0,2217.6634121031275
379720.0,2234.855485347765
379740.0,2256.5800940777376
379760.0,2283.4575481508464
379780.0,2315.3265924717316
379800.0,2350.829238464239
379820.0,2386.948518404852
379840.0,2418.5892097760934
379860.0,2438.2912701181367
379880.0,2436.2733695839847
379900.0,2401.200113679776
379920.0,2322.156623760897
379940.0,2191.9570521118117
379960.0,2011.2178502308866
379980.0,1791.872486233587
380000.0,1558.0194679308086
380020.0,1341.7654890499912
380040.0,1173.95437552582
380060.0,1075.2649940127703
380080.0,1053.194526628736
380100.0,1103.892860439596
380120.0,1215.8487713190884
380140.0,1373.4029235509063
380160.0,1559.2052471794673
380180.0,1755.7062397498935
380200.0,1946.4670351481134
380220.0,2117.953895631158
380240.0,2261.123748771324
380260.0,2371.9095402066805
380280.0,2450.643164634859
380300.0,2500.856961814574
380320.0,2527.930040665994
380340.0,2537.8541392738334
380360.0,2536.2955219041214
380380.0,2528.0808930225235
380400.0,2517.1062952463153
380420.0,2506.4858042768756
380440.0,2498.5504633021355
380460.0,2494.582211711199
380480.0,2494.68796566096
380500.0,2498.018137980154
380520.0,2503.194554146108
380540.0,2508.7638468446007
380560.0,2513.5509652195983
380580.0,2516.8611309756316
380600.0,2518.450856945553
380620.0,2518.296061071596
380640.0,2516.399912676505
380660.0,2512.771307369264
380680.0,2507.496288736984
380700.0,2500.8059864281768
380720.0,2493.0719401070423
380740.0,2484.7093146792145
380760.0,2476.052238586314
380780.0,2467.2443283319067
380800.0,2458.148761620702
380820.0,2448.342957180877
380840.0,2437.144553687366
380860.0,2423.5961036487224
380880.0,2406.4470292164256
380900.0,2384.2050110124287
380920.0,2355.3926718774546
380940.0,2318.9538883324885
380960.0,2274.6508054068963
380980.0,2223.2275774101918
381000.0,2166.14352110858
381020.0,2105.406486064974
381040.0,2044.0527246228696
381060.0,1986.6957195213886
381080.0,1939.2487729119505
381100.0,1907.3999817027948
381120.0,1894.2966261922545
381140.0,1898.7409730082204
381160.0,1914.7700766998732
381180.0,1932.4690389149423
381200.0,1939.6244506329554
381220.0,1924.090961587162
381240.0,1876.7899296963799
381260.0,1794.8655362482082
381280.0,1683.7746041621454
381300.0,1556.8390822878853
381320.0,1431.6886929023767
381340.0,1325.1820482516664
381360.0,1250.0619218764598
381380.0,1214.2988703339643
381400.0,1221.7883758161665
381420.0,1273.0959703695637
381440.0,1365.5524268319846
381460.0,1492.6858092906555
381480.0,1643.6711191800646
381500.0,1804.0631682322103
381520.0,1958.649852991414
381540.0,2094.974862249836
381560.0,2205.526614673605
381580.0,2288.14741030413
381600.0,2345.01056796196
381620.0,2380.880792918919
381640.0,2401.427523938677
381660.0,2411.966153220049
381680.0,2416.6660239238518
381700.0,2418.2167673576837
381720.0,2417.8585633154753
381740.0,2415.6123105438633
381760.0,2410.6466959962613
381780.0,2401.7099104210383
381800.0,2387.558612520659
381820.0,2367.284402754551
381840.0,2340.5512571024647
381860.0,2307.75807668783
381880.0,2270.068396651431
381900.0,2229.2247405723792
381920.0,2187.166225612168
381940.0,2145.5894933841605
381960.0,2105.517842586234
381980.0,2066.931945715632
382000.0,2028.6582432521166
382020.0,1988.759757361213
382040.0,1945.375917105186
382060.0,1897.6467925900786
382080.0,1846.4426111383327
382100.0,1794.599922045102
382120.0,1746.4826153257902
382140.0,1707.1247568712315
382160.0,1681.3830641032896
382180.0,1673.2604819593557
382200.0,1685.3639111314558
382220.0,1718.3591001970249
382240.0,1770.257851149374
382260.0,1835.6775311436747
382280.0,1905.372531586571
382300.0,1966.425276582429
382320.0,2003.439290395788
382340.0,2000.7441909336812
382360.0,1945.6097173567855
382380.0,1832.1423838332826
382400.0,1664.9186127045516
382420.0,1461.0062811200032
382440.0,1248.6046138330794
382460.0,1060.9393830035374
382480.0,927.1847887473396
382500.0,865.9790629009551
382520.0,883.7587700943492
382540.0,975.9027556373161
382560.0,1128.792950947059
382580.0,1322.1013790822383
382600.0,1531.749347686309
382620.0,1734.2666207303034
382640.0,1911.3684323012742
382660.0,2052.5798522648
382680.0,2155.446138497418
382700.0,2223.9352877597544
382720.0,2265.8540793502607
382740.0,2290.177311890825
382760.0,2304.982017252084
382780.0,2316.3175202821726
382800.0,2327.899450553244
382820.0,2341.376828440495
382840.0,2356.8385031934963
382860.0,2373.3852446910455
382880.0,2389.6792657858373
382900.0,2404.350762807352
382920.0,2416.2974299201323
382940.0,2424.8983837375145
382960.0,2430.0630565497368
382980.0,2432.0630140459625
383000.0,2431.287136221348
383020.0,2428.0995594712244
383040.0,2422.8086742479477
383060.0,2415.7056398003683
383080.0,2407.132949620128
383100.0,2397.4967866449197
383120.0,2387.2457836885173
383140.0,2376.8651819553356
383160.0,2366.8603953516617
383180.0,2357.6729974726213
383200.0,2349.553729900846
383220.0,2342.58674976567
383240.0,2336.8179471056583
383260.0,2332.3211775489394
383280.0,2329.172757138109
383300.0,2327.3989927044045
383320.0,2326.919727972394
383340.0,2327.492822322872
383360.0,2328.7525165767142
383380.0,2330.326130128728
383400.0,2331.942076201957
383420.0,2333.511987136031
383440.0,2335.1678967343855
383460.0,2337.1240087633605
383480.0,2339.2121351124233
383500.0,2340.161023101191
383520.0,2336.8844920793968
383540.0,2324.131258562299
383560.0,2294.749861498266
383580.0,2240.826560466087
383600.0,2155.8721781785025
383620.0,2037.701752948566
383640.0,1891.127049499186
383660.0,1729.4606452419187
383680.0,1573.5233453229823
383700.0,1446.8379676564189
383720.0,1368.5322645558401
383740.0,1348.5756004181928
383760.0,1386.9834945018176
383780.0,1475.3906238884958
383800.0,1599.5377266554951
383820.0,1742.094772356349
383840.0,1885.8074083432105
383860.0,2016.552314466256
383880.0,2125.2463274868355
383900.0,2208.1972222095806
383920.0,2266.308102356517
383940.0,2303.61515948705
383960.0,2325.680920733441
383980.0,2338.251823177932
384000.0,2346.3054809343844
384020.0,2353.540445738833
384040.0,2362.2440664750948
384060.0,2373.462465724796
384080.0,2387.353352439061
384100.0,2403.48417114693
384120.0,2420.9794680279256
384140.0,2438.6732330804048
384160.0,2455.3403004545103
384180.0,2469.9044599681743
384200.0,2481.5566463910654
384220.0,2489.76987578058
384240.0,2494.256010838574
384260.0,2494.9907495863413
384280.0,2492.3175018199104
384300.0,2487.0934286826982
384320.0,2480.767500275191
384340.0,2475.3365502358115
384360.0,2473.066740399243
384380.0,2475.843378053938
384400.0,2484.3552255223576
384420.0,2497.254959858574
384440.0,2510.3704096231763
384460.0,2516.2511275603456
384480.0,2504.4069259218204
384500.0,2462.6067209010953
384520.0,2379.304899971333
384540.0,2246.8760847870894
384560.0,2065.0491286425836
384580.0,1843.6145529084195
384600.0,1603.2030597888763
384620.0,1372.4790626804627
384640.0,1181.2094420664628
384660.0,1052.689313301897
384680.0,999.8275549868174
384700.0,1024.6236639082222
384720.0,1119.1314643755018
384740.0,1266.9464936747022
384760.0,1445.4599200255807
384780.0,1629.893321988194
384800.0,1798.6989247750037
384820.0,1937.6489289231765
384840.0,2041.1307921258572
384860.0,2110.7820810397197
384880.0,2152.29803665363
384900.0,2171.7884698636135
384920.0,2173.1284562234914
384940.0,2157.0153575170034
384960.0,2121.702966023812
384980.0,2064.8707360107264
385000.0,1985.810910360767
385020.0,1887.3757140242146
385040.0,1777.1477215306536
385060.0,1667.1217699355045
385080.0,1571.3807955406198
385100.0,1502.2682632195597
385120.0,1466.9025716699964
385140.0,1466.1091431777581
385160.0,1495.9140549558433
385180.0,1550.078619955727
385200.0,1622.0313904926618
385220.0,1705.693865824139
385240.0,1795.7526558722814
385260.0,1887.7474209221768
385280.0,1978.0175734215231
385300.0,2063.524350970638
385320.0,2141.6259861760086
385340.0,2210.0625347348664
385360.0,2267.2565932683237
385380.0,2312.6919398304435
385400.0,2347.0519728195386
385420.0,2371.9414676897727
385440.0,2389.3118553904665
385460.0,2400.906162287093
385480.0,2408.0016445207266
385500.0,2411.4814832495713
385520.0,2412.0169346992393
385540.0,2410.12008370566
385560.0,2405.992495131016
385580.0,2399.3539583357674
385600.0,2389.4286119374033
385620.0,2375.1674311912216
385640.0,2355.578853068352
385660.0,2329.9762187405977
385680.0,2298.2235958231286
385700.0,2261.027452958087
385720.0,2220.128967806757
385740.0,2178.2777680315776
385760.0,2138.9189021453535
385780.0,2105.5716508204046
385800.0,2080.9471905903497
385820.0,2065.9611162554734
385840.0,2058.912107993255
385860.0,2054.928720411998
385880.0,2045.8991479266274
385900.0,2021.1927371041206
385920.0,1969.24940580008
385940.0,1880.2077440131347
385960.0,1749.5566795439368
385980.0,1582.0290207562991
386000.0,1394.0711672752125
386020.0,1212.662690682947
386040.0,1069.1354247025854
386060.0,989.7185895017299
386080.0,987.896449907689
386100.0,1061.6188013938706
386120.0,1194.8082497651162
386140.0,1362.4134124742932
386160.0,1537.7292837558994
386180.0,1698.8657624091677
386200.0,1832.122358047515
386220.0,1932.3340527222958
386240.0,2001.2728316409375
386260.0,2045.1144019553503
386280.0,2071.7830289435706
386300.0,2088.864356410536
386320.0,2102.3752696511306
386340.0,2116.264927299667
386360.0,2132.3581267536306
386380.0,2150.63484250193
386400.0,2169.8424496734588
386420.0,2188.1331109513167
386440.0,2203.5558457809066
386460.0,2214.4703304501886
386480.0,2219.860103226136
386500.0,2219.4609437376116
386520.0,2213.7010351457993
386540.0,2203.580653712742
386560.0,2190.5347227757807
386580.0,2176.3070959290526
386600.0,2162.852897794649
386620.0,2152.150819332372
386640.0,2145.869720177433
386660.0,2145.0784242154195
386680.0,2150.12851676103
386700.0,2160.5959482702847
386720.0,2175.306132333781
386740.0,2192.55946933125
386760.0,2210.427171171555
386780.0,2227.0797565376456
386800.0,2241.046325341529
386820.0,2251.339283284017
386840.0,2257.4873277073184
386860.0,2259.487411882212
386880.0,2257.6810709614274
386900.0,2252.6740715180513
386920.0,2245.3535988405342
386940.0,2236.8582050602868
386960.0,2228.407416650215
386980.0,2221.01997787557
387000.0,2215.3282603584657
387020.0,2211.5486792771308
387040.0,2209.5951580706255
387060.0,2209.277637710097
387080.0,2210.4557398761117
387100.0,2213.065888192904
387120.0,2216.9988090252527
387140.0,2221.966495709752
387160.0,2227.5135054969046
387180.0,2233.1128633234744
387200.0,2238.248932585458
387220.0,2242.4881852597464
387240.0,2245.5363669629255
387260.0,2247.2834286446655
387280.0,2247.7973622071336
387300.0,2247.276656799093
387320.0,2246.065622247258
387340.0,2244.684026684822
387360.0,2243.742933994683
387380.0,2243.7747343890687
387400.0,2245.136784303589
387420.0,2247.9904515685635
387440.0,2252.2537738299147
387460.0,2257.5259551436056
387480.0,2263.100304674702
387500.0,2268.0870398375614
387520.0,2271.648884146095
387540.0,2273.335913696788
387560.0,2273.399481527228
387580.0,2272.8516171502206
387600.0,2273.1720296420585
387620.0,2275.765221114711
387640.0,2281.417543461167
387660.0,2289.921834901369
387680.0,2299.8792014015603
387700.0,2308.6268734339546
387720.0,2312.2756405824903
387740.0,2305.9113108310758
387760.0,2284.005689855095
387780.0,2241.2695638173136
387800.0,2173.9355722763057
387820.0,2080.983568462542
387840.0,1964.805521065139
387860.0,1831.1650337374654
387880.0,1688.9374410967077
387900.0,1549.7142101010816
387920.0,1426.1658579144075
387940.0,1329.0168812529603
387960.0,1264.7945286594254
387980.0,1235.7941378369117
388000.0,1241.3722370496328
388020.0,1279.31757315179
388040.0,1346.5576281525841
388060.0,1439.0099181214155
388080.0,1550.9064084522302
388100.0,1674.3790730720575
388120.0,1800.2338333835735
388140.0,1919.868521653122
388160.0,2027.1936143453265
388180.0,2119.602393798935
388200.0,2197.5527342171636
388220.0,2263.2361936312764
388240.0,2319.1883140066284
388260.0,2367.430029022701
388280.0,2409.163081974065
388300.0,2444.8028779579745
388320.0,2474.2632726124984
388340.0,2497.3682331827995
388360.0,2514.209994263796
388380.0,2525.309805738604
388400.0,2531.582453719646
388420.0,2534.180869129618
388440.0,2534.2413692918367
388460.0,2532.6129036591938
388480.0,2529.6461593281647
388500.0,2525.1024467678358
388520.0,2518.3139243024343
388540.0,2508.468636836512
388560.0,2494.7927017349894
388580.0,2476.701286462014
388600.0,2454.044632991299
388620.0,2427.2908894299544
388640.0,2397.495799213196
388660.0,2366.090118143621
388680.0,2334.575473034186
388700.0,2304.243400162034
388720.0,2275.983952590043
388740.0,2250.1777175327156
388760.0,2226.698142836511
388780.0,2205.06210273741
388800.0,2184.684829105697
388820.0,2165.1683344560943
388840.0,2146.571917538575
388860.0,2129.5995995934636
388880.0,2115.599879406887
388900.0,2106.3587152631326
388920.0,2103.694123996537
388940.0,2108.913836989172
388960.0,2122.1937534692606
388980.0,2141.920965053988
389000.0,2164.0731192280273
389020.0,2181.8321364320946
389040.0,2185.7078473922643
389060.0,2164.4721469696947
389080.0,2107.0991475319147
389100.0,2005.6622117060895
389120.0,1858.6803128401389
389140.0,1673.8179676299035
389160.0,1468.3647492232149
389180.0,1266.117619172633
389200.0,1091.0443602454422
389220.0,961.1305337270342
389240.0,885.7787544236508
389260.0,866.2780489011996
389280.0,897.4995609906557
389300.0,969.6379601487722
389320.0,1069.691914139989
389340.0,1183.1692510467606
389360.0,1296.8101974808596
389380.0,1401.645349019907
389400.0,1494.3173765852057
389420.0,1576.213786104266
389440.0,1651.3108178459468
389460.0,1723.7141957748008
389480.0,1795.851020100154
389500.0,1867.9033463483502
389520.0,1938.383240173301
389540.0,2005.1427072906663
389560.0,2066.2709149266425
389580.0,2120.5650051708794
389600.0,2167.527469237861
389620.0,2207.18409109931
389640.0,2239.8569573053255
389660.0,2265.992059264624
389680.0,2286.1135881439095
389700.0,2300.8489145483486
389720.0,2310.9801358033083
389740.0,2317.486674522327
389760.0,2321.5036383320394
389780.0,2324.1891755918423
389800.0,2326.536002819418
389820.0,2329.1614292059594
389840.0,2332.1632750939684
389860.0,2335.131744578914
389880.0,2337.3248303045866
389900.0,2337.8986736097804
389920.0,2336.079699424739
389940.0,2331.2549033255164
389960.0,2323.0835388937453
389980.0,2311.7260491911998
390000.0,2298.064713595826
390020.0,2283.646574843597
390040.0,2270.3243930101034
390060.0,2259.644536737359
390080.0,2252.1065805295093
390100.0,2246.4909731491502
390120.0,2239.3165041712327
390140.0,2224.569767351478
390160.0,2193.93399534289
390180.0,2137.841278296311
390200.0,2047.7037292055338
390220.0,1919.206449894776
390240.0,1755.7717827188421
390260.0,1570.8481222482067
390280.0,1387.4082484286257
390300.0,1233.2037375464358
390320.0,1132.6538504365515
390340.0,1100.1597493016166
390360.0,1138.2273569380752
390380.0,1239.02593091782
390400.0,1387.2585641535436
390420.0,1563.219036251217
390440.0,1745.8731474439724
390460.0,1916.2019316429244
390480.0,2060.2570511501444
390500.0,2170.8315769001797
390520.0,2247.3498414482265
390540.0,2294.363726550873
390560.0,2319.488931523003
390580.0,2331.414256828167
390600.0,2338.2666753549906
390620.0,2346.490861627888
390640.0,2360.310008878523
390660.0,2381.6365112961366
390680.0,2410.2034866546364
390700.0,2443.8753418134556
390720.0,2479.1587951759825
390740.0,2511.9824177315922
390760.0,2538.7807272100117
390780.0,2557.39833062386
390800.0,2567.3543253915113
390820.0,2569.4891598271447
390840.0,2565.3535721123208
390860.0,2556.667575263021
390880.0,2545.00734469729
390900.0,2531.7345747291147
390920.0,2518.0482895657697
390940.0,2504.947592976453
390960.0,2493.10686676793
390980.0,2482.747819113408
391000.0,2473.6216729226094
391020.0,2465.198848521289
391040.0,2456.8247203285823
391060.0,2447.8213217116636
391080.0,2437.6255036681714
391100.0,2425.8990326499306
391120.0,2412.5169010309683
391140.0,2397.4692890633855
391160.0,2380.833332707006
391180.0,2362.7640067264088
391200.0,2343.4389892524587
391220.0,2323.0164869516516
391240.0,2301.664124961836
391260.0,2279.606248953633
391280.0,2257.0837213888763
391300.0,2234.2360107808336
391320.0,2211.087452633426
391340.0,2187.7270413679153
391360.0,2164.6571074407775
391380.0,2143.1248077146806
391400.0,2125.204932553816
391420.0,2113.5199003108537
391440.0,2110.613560740831
391460.0,2118.104299776045
391480.0,2135.8368099311206
391500.0,2161.3199231010108
391520.0,2189.5172991468185
391540.0,2212.974243478212
391560.0,2222.4369182355485
391580.0,2208.074011460431
391600.0,2161.1717992827025
391620.0,2076.2370099036507
391640.0,1953.3071315718648
391660.0,1799.7411887157305
391680.0,1630.3879059815943
391700.0,1465.1909499274318
391720.0,1324.9938195236637
391740.0,1227.762713830504
391760.0,1186.0431868841365
391780.0,1205.1281233126167
391800.0,1281.752970462813
391820.0,1403.9855973945905
391840.0,1553.59854278928
391860.0,1710.7408180798927
391880.0,1858.3721885642158
391900.0,1984.8672298248807
391920.0,2084.5754198202826
391940.0,2156.90157941792
391960.0,2204.7346860545326
391980.0,2232.890266844519
392000.0,2246.8762310417765
392020.0,2252.026097650688
392040.0,2252.928545257391
392060.0,2252.9982738777153
392080.0,2254.2081799794946
392100.0,2257.1875107221135
392120.0,2261.7171832272497
392140.0,2267.3014989009653
392160.0,2273.53807760026
392180.0,2280.1762529570724
392200.0,2286.952849908187
392220.0,2293.429854206008
392240.0,2298.9155274389477
392260.0,2302.521858269296
392280.0,2303.3542664411953
392300.0,2300.7780857079692
392320.0,2294.655553672515
392340.0,2285.477311254536
392360.0,2274.2843471245847
392380.0,2262.40471796692
392400.0,2251.0835444819336
392420.0,2241.175599254538
392440.0,2233.031218232012
392460.0,2226.5221419627387
392480.0,2221.082559008664
392500.0,2215.854761761029
392520.0,2209.9696456338434
392540.0,2202.8191061506286
392560.0,2194.2750440057816
392580.0,2184.8139432856033
392600.0,2175.4814431498426
392620.0,2167.7438682288494
392640.0,2163.24133055336
392660.0,2163.4655584174643
392680.0,2169.334140630245
392700.0,2180.5753918650853
392720.0,2194.9774974572456
392740.0,2207.6223996941967
392760.0,2210.4011530562634
392780.0,2192.42718373156
392800.0,2141.8123065568134
392820.0,2048.732736306326
392840.0,1909.2368628064578
392860.0,1728.773974281842
392880.0,1524.1042812342603
392900.0,1321.733623229072
392920.0,1151.3019366404178
392940.0,1036.2841109436404
392960.0,988.3195363578673
392980.0,1007.144622122112
393000.0,1083.6453773606804
393020.0,1203.6555185552286
393040.0,1351.1461206056267
393060.0,1510.36337880906
393080.0,1667.1637136003787
393100.0,1810.1498800569102
393120.0,1931.8194306454377
393140.0,2029.1169327892326
393160.0,2102.9691969759706
393180.0,2157.0332136185198
393200.0,2196.1153983008267
393220.0,2224.7371431539686
393240.0,2246.302802948152
393260.0,2262.9835928573398
393280.0,2276.0228167802793
393300.0,2286.181816647936
393320.0,2294.1393536487317
393340.0,2300.741873909389
393360.0,2307.063317363312
393380.0,2314.20971414352
393400.0,2322.9299751562
393420.0,2333.283385316628
393440.0,2344.63157564839
393460.0,2355.9888275430094
393480.0,2366.459063898412
393500.0,2375.415401773824
393520.0,2382.4226677573906
393540.0,2387.1298870656005
393560.0,2389.193394503865
393580.0,2388.246419057948
393600.0,2383.9413360197186
393620.0,2376.05875480092
393640.0,2364.7140978392085
393660.0,2350.5724551304943
393680.0,2334.952333516184
393700.0,2319.831942064018
393720.0,2307.725238707152
393740.0,2301.405475695055
393760.0,2303.420378462479
393780.0,2315.4094580971205
393800.0,2337.417378139567
393820.0,2367.3371731302327
393840.0,2400.4425188258524
393860.0,2429.0769933184647
393880.0,2442.7551689339753
393900.0,2429.040481890489
393920.0,2375.4390103446017
393940.0,2272.336011882485
393960.0,2116.670366507266
393980.0,1915.4952306701864
394000.0,1687.844784004931
394020.0,1462.7677110462732
394040.0,1272.1370355360116
394060.0,1141.013661136356
394080.0,1082.0762953933354
394100.0,1095.7074218384864
394120.0,1173.036924502639
394140.0,1299.5577373412693
394160.0,1458.0464252922536
394180.0,1630.52743101872
394200.0,1799.8102722407214
394220.0,1951.427856323154
394240.0,2075.7098450113895
394260.0,2168.651934862754
394280.0,2231.242696471321
394300.0,2267.9297830659602
394320.0,2284.878643482908
394340.0,2288.4811971602257
394360.0,2284.430089109693
394380.0,2277.345594742327
394400.0,2270.7900071726563
394420.0,2267.5084963223485
394440.0,2269.648336291647
394460.0,2278.8450403232646
394480.0,2296.0681804745823
394500.0,2320.9760446847713
394520.0,2351.0069036831237
394540.0,2380.8314953517165
394560.0,2402.3086941434085
394580.0,2404.8805648607186
394600.0,2376.5997504513443
394620.0,2306.0801288267276
394640.0,2185.4197250050174
394660.0,2013.757736855645
394680.0,1800.4875228240562
394700.0,1566.3358491652732
394720.0,1340.3137564624917
394740.0,1152.3462543490818
394760.0,1025.6152817181646
394780.0,972.9463489532591
394800.0,996.6708253432574
394820.0,1089.8858703150333
394840.0,1237.9968086552558
394860.0,1420.619622295487
394880.0,1614.8270160816983
394900.0,1799.816512104658
394920.0,1960.6866519291113
394940.0,2089.7777507452533
394960.0,2185.9664807362674
394980.0,2252.7945074528316
395000.0,2296.3069605279916
395020.0,2323.206519009347
395040.0,2339.574763350366
395060.0,2350.191830578136
395080.0,2358.39383431807
395100.0,2366.2848733945175
395120.0,2375.0942334817
395140.0,2385.6062137937774
395160.0,2398.5190031404236
395180.0,2414.5756140548465
395200.0,2434.4092510363275
395220.0,2458.1739726942405
395240.0,2485.1320599573182
395260.0,2513.26353694427
395280.0,2538.834890734542
395300.0,2555.973783465598
395320.0,2556.5446214746025
395340.0,2530.630047924472
395360.0,2467.897456981561
395380.0,2360.016938306209
395400.0,2203.981639438054
395420.0,2005.495917779739
395440.0,1780.8836253086163
395460.0,1555.6200385637926
395480.0,1358.192249399376
395500.0,1211.307007579765
395520.0,1126.057404770066
395540.0,1101.633261396785
395560.0,1128.512478558073
395580.0,1192.7043981977613
395600.0,1279.511992727513
395620.0,1376.089712733711
395640.0,1472.6735999879074
395660.0,1562.75161863501
395680.0,1642.7085651978753
395700.0,1711.3783071876046
395720.0,1769.4511758863275
395740.0,1818.7216987450574
395760.0,1861.417597092874
395780.0,1899.684628449957
395800.0,1935.1903245547012
395820.0,1968.883966143744
395840.0,2001.0260786388906
395860.0,2031.496787407715
395880.0,2060.126728176941
395900.0,2086.8546682664582
395920.0,2111.7225726443303
395940.0,2134.7436347464427
395960.0,2155.799916580453
395980.0,2174.7285327656823
396000.0,2191.502574182557
396020.0,2206.3408939199667
396040.0,2219.6360299719886
396060.0,2231.7310354174524
396080.0,2242.798808262864
396100.0,2252.886475353468
396120.0,2261.9811697666196
396140.0,2270.0323137052214
396160.0,2276.968419223627
396180.0,2282.736394964339
396200.0,2287.398532953878
396220.0,2291.222210836906
396240.0,2294.6779094917006
396260.0,2298.321965100618
396280.0,2302.71617111467
396300.0,2308.4855030625245
396320.0,2316.291647230265
396340.0,2326.6513654420123
396360.0,2339.705282817875
396380.0,2354.9433562207155
396400.0,2371.0327384719303
396420.0,2385.9961890330283
396440.0,2397.749763207506
396460.0,2404.6991093194715
396480.0,2406.157870306287
396500.0,2402.478089929988
396520.0,2395.0097013113595
396540.0,2385.9460767125993
396560.0,2377.986641627039
396580.0,2373.8062130855305
396600.0,2375.3885048181646
396620.0,2383.306028305399
396640.0,2396.0366978595753
396660.0,2409.525455465816
396680.0,2417.0744799885233
396700.0,2409.748463273298
396720.0,2377.531712046134
396740.0,2311.326858649417
396760.0,2205.6333078493763
396780.0,2061.297235179806
396800.0,1887.1689622593271
396820.0,1699.2142590193944
396840.0,1516.5055833286838
396860.0,1355.9849949185275
396880.0,1229.1942402155037
396900.0,1141.796929786959
396920.0,1094.6013276461906
396940.0,1084.8327750264586
396960.0,1107.005128045387
396980.0,1153.3750037730601
397000.0,1214.552180437518
397020.0,1281.1511115808412
397040.0,1346.245954029039
397060.0,1406.7131710657738
397080.0,1462.8310151265555
397100.0,1516.9244616928759
397120.0,1571.964815827231
397140.0,1630.6406340156707
397160.0,1694.8119787691644
397180.0,1765.1332485841056
397200.0,1840.84898773606
397220.0,1919.828053290517
397240.0,1998.816422407735
397260.0,2073.9972806493156
397280.0,2141.8073314023004
397300.0,2199.6950091268645
397320.0,2246.566718720484
397340.0,2282.787841894068
397360.0,2309.781317158847
397380.0,2329.4029272597318
397400.0,2343.3832664404445
397420.0,2352.950897967802
397440.0,2358.711405883028
397460.0,2360.8663012553657
397480.0,2359.5853147611015
397500.0,2355.276168468086
397520.0,2348.7630042441483
397540.0,2341.3333343346976
397560.0,2334.5640044400257
397580.0,2329.929447131407
397600.0,2328.3507862000574
397620.0,2329.8566734821034
397640.0,2333.5415886659584
397660.0,2337.95784086624
397680.0,2341.591181358719
397700.0,2343.1190087970035
397720.0,2341.5846066943377
397740.0,2336.561358337004
397760.0,2328.208104914681
397780.0,2317.136337107858
397800.0,2304.1980147011245
397820.0,2290.3143893611496
397840.0,2276.3226349034503
397860.0,2262.840111681976
397880.0,2250.1860026691793
397900.0,2238.3883806970116
397920.0,2227.272991979233
397940.0,2216.6589377324676
397960.0,2206.6368589787253
397980.0,2197.7935883957994
398000.0,2191.2637363533154
398020.0,2188.6082454513817
398040.0,2191.5477121484296
398060.0,2201.5551733842376
398080.0,2219.252584927027
398100.0,2243.63676789916
398120.0,2271.355525867194
398140.0,2296.357362853275
398160.0,2310.103423750487
398180.0,2302.4203493040427
398200.0,2263.088974994358
398220.0,2184.253515122641
398240.0,2063.3858489127633
398260.0,1906.0088552624209
398280.0,1726.780548814566
398300.0,1547.1656173011474
398320.0,1389.3627723862944
398340.0,1269.7721353326572
398360.0,1196.1984366141526
398380.0,1168.8948236767615
398400.0,1183.3510706357724
398420.0,1233.10273956424
398440.0,1311.5604946936628
398460.0,1412.5249924003424
398480.0,1529.6220758942347
398500.0,1655.3579079160722
398520.0,1780.8245590451588
398540.0,1896.8092240547187
398560.0,1995.650248129425
398580.0,2072.7896235761996
398600.0,2127.4502700991648
398620.0,2162.1678648249213
398640.0,2181.6243521878623
398660.0,2191.388629373129
398680.0,2196.80765176731
398700.0,2202.2005219751554
398720.0,2210.405638414788
398740.0,2222.5743996343635
398760.0,2238.165044643005
398780.0,2255.3567847986524
398800.0,2271.846803801303
398820.0,2285.6134889310597
398840.0,2295.420576229292
398860.0,2301.0117433726336
398880.0,2302.9508731528977
398900.0,2302.2423919083985
398920.0,2299.8773899304797
398940.0,2296.5530133115813
398960.0,2292.641162839328
398980.0,2288.267964693719
399000.0,2283.536854198326
399020.0,2278.754227014826
399040.0,2274.4610973570607
399060.0,2271.281413929986
399080.0,2269.7300897005694
399100.0,2270.0999666093544
399120.0,2272.3806127741605
399140.0,2276.212979043922
399160.0,2280.9362676333612
399180.0,2285.71135787926
399200.0,2289.746634956141
399220.0,2292.539224466397
399240.0,2293.9283148662244
399260.0,2293.9705483715325
399280.0,2292.705153954344
399300.0,2289.779889189377
399320.0,2283.9851600762318
399340.0,2272.8827553738897
399360.0,2252.6440854198772
399380.0,2218.0939084142733
399400.0,2162.9583304029793
399420.0,2080.6949996614276
399440.0,1966.2619050831079
399460.0,1818.4993068611261
399480.0,1642.2320151598674
399500.0,1449.1556140638768
399520.0,1256.9314604049105
399540.0,1085.8782529823252
399560.0,953.979773355114
399580.0,873.4920695046706
399600.0,850.4231307809863
399620.0,885.3505977276211
399640.0,974.1404245050865
399660.0,1108.0131105896214
399680.0,1273.321218434172
399700.0,1452.2325169918888
399720.0,1625.6216869832608
399740.0,1777.2673234907022
399760.0,1896.871847640849
399780.0,1981.0817661969172
399800.0,2032.855989431407
399820.0,2059.6690866163567
399840.0,2071.0492912326904
399860.0,2076.1049901689457
399880.0,2081.763651858738
399900.0,2092.0556378715874
399920.0,2108.285901724959
399940.0,2129.7571905478258
399960.0,2154.690503659256
399980.0,2181.146364818117
400000.0,2207.7572963244556
400020.0,2234.022564512826
400040.0,2260.148954318102
400060.0,2286.621748700315
400080.0,2313.6593096341103
400100.0,2340.7968337965362
400120.0,2366.876521005119
400140.0,2390.52129294929
400160.0,2410.6804838316853
400180.0,2426.829557587242
400200.0,2438.853122612254
400220.0,2446.8497537994836
400240.0,2450.983978827985
400260.0,2451.4179008984584
400280.0,2448.351235896678
400300.0,2442.1439671132493
400320.0,2433.407866763482
400340.0,2422.9598164413605
400360.0,2411.6773584011344
400380.0,2400.34017914854
400400.0,2389.4599977118633
400420.0,2379.172403697265
400440.0,2369.224040467865
400460.0,2359.07115702273
400480.0,2348.096209927529
400500.0,2335.8747375639573
400520.0,2322.350137994047
400540.0,2307.811466655926
400560.0,2292.753722374539
400580.0,2277.7549931172257
400600.0,2263.4629011483844
400620.0,2250.717733662249
400640.0,2240.7312125036287
400660.0,2235.116558759554
400680.0,2235.639695722851
400700.0,2243.682163871275
400720.0,2259.4992259060627
400740.0,2281.413879467288
400760.0,2305.065411844484
400780.0,2322.9549828939353
400800.0,2324.622316745942
400820.0,2297.764602004953
400840.0,2230.5282946057036
400860.0,2114.9482331504796
400880.0,1951.1060523578744
400900.0,1750.8765086798314
400920.0,1539.230745260694
400940.0,1350.5796808611271
400960.0,1219.2100253440428
400980.0,1168.4540051873873
401000.0,1205.4396655297528
401020.0,1321.756478665423
401040.0,1497.280128567308
401060.0,1705.3107311954489
401080.0,1918.2512596260465
401100.0,2112.9237273614012
401120.0,2273.9594146253107
401140.0,2394.6630853559714
401160.0,2475.8322754998894
401180.0,2523.376611910673
401200.0,2545.6344249796894
401220.0,2551.135906459797
401240.0,2547.1362963463457
401260.0,2538.927705562617
401280.0,2529.8375348781437
401300.0,2521.705891393537
401320.0,2515.476582323391
401340.0,2511.5643937038917
401360.0,2509.952952573234
401380.0,2510.2740457467853
401400.0,2511.992915347483
401420.0,2514.5806296236756
401440.0,2517.57913483681
401460.0,2520.56662704337
401480.0,2523.1002480664533
401500.0,2524.6845773539135
401520.0,2524.7734708024987
401540.0,2522.8247899469543
401560.0,2518.3290425607433
401580.0,2510.7662509094903
401600.0,2499.553108400226
401620.0,2483.9835082621626
401640.0,2463.199808518254
401660.0,2436.265800485602
401680.0,2402.445523778007
401700.0,2361.7223561703386
401720.0,2315.3339431655872
401740.0,2265.981329927902
401760.0,2217.452357211201
401780.0,2173.669158311205
401800.0,2137.68595897099
401820.0,2111.1772494774973
401840.0,2094.480648529364
401860.0,2086.9566899553256
401880.0,2087.3648450493124
401900.0,2094.058518247636
401920.0,2105.035251584922
401940.0,2117.8074038631203
401960.0,2129.108580907391
401980.0,2134.6363808794435
402000.0,2129.073008649427
402020.0,2106.5865547672784
402040.0,2061.811022358097
402060.0,1991.2250917132885
402080.0,1894.8381112773186
402100.0,1777.7951373745368
402120.0,1651.0094841659331
402140.0,1529.6199186007789
402160.0,1429.085128232661
402180.0,1361.265793405033
402200.0,1332.9393883245505
402220.0,1346.231401908891
402240.0,1399.5830741552622
402260.0,1488.3985282270082
402280.0,1605.1706493734064
402300.0,1739.5184782826268
402320.0,1879.0419194124963
402340.0,2011.4641422656834
402360.0,2127.064128881052
402380.0,2220.2165609345693
402400.0,2289.6454847377804
402420.0,2337.5762030680967
402440.0,2368.374734655833
402460.0,2387.183073418394
402480.0,2398.8001382797074
402500.0,2406.950055700329
402520.0,2413.9895457530865
402540.0,2421.0310228763037
402560.0,2428.3499355101367
402580.0,2435.875640197696
402600.0,2443.576697071804
402620.0,2451.584119918171
402640.0,2460.054687703383
402660.0,2468.951632630315
402680.0,2477.915992318502
402700.0,2486.293934088872
402720.0,2493.3360418930115
402740.0,2498.500785445128
402760.0,2501.64669493452
402780.0,2503.0201318730774
402800.0,2503.07688741314
402820.0,2502.225203152087
402840.0,2500.611125110702
402860.0,2498.103269820448
402880.0,2494.442213217727
402900.0,2489.4372033871546
402920.0,2483.119522260323
402940.0,2475.8050012339763
402960.0,2468.0469029910737
402980.0,2460.5136043291855
403000.0,2453.8408638839733
403020.0,2448.475244639812
403040.0,2444.540244573349
403060.0,2441.785259733498
403080.0,2439.6198217964234
403100.0,2437.234392089734
403120.0,2433.775570308538
403140.0,2428.531373641964
403160.0,2421.0793832251975
403180.0,2411.3910077747287
403200.0,2399.9320060932937
403220.0,2387.689372968275
403240.0,2376.030501264294
403260.0,2366.3361030038304
403280.0,2359.4701940511286
403300.0,2355.493595734675
403320.0,2353.815691871673
403340.0,2353.581519731454
403360.0,2354.0698413419987
403380.0,2355.0021870884525
403400.0,2356.6149698867157
403420.0,2359.398652324475
403440.0,2363.7202825586633
403460.0,2369.5382629219876
403480.0,2376.3041351482366
403500.0,2383.177805951818
403520.0,2389.4455275965383
403540.0,2394.8613170002473
403560.0,2399.8693689061174
403580.0,2405.5487228180273
403600.0,2413.258644282577
403620.0,2424.0373909283244
403640.0,2437.828414334497
403660.0,2452.6852332674816
403680.0,2464.1744534227537
403700.0,2465.197306842918
403720.0,2446.4691937455705
403740.0,2397.8708268579985
403760.0,2310.712203428029
403780.0,2180.569442799671
403800.0,2010.0012051983035
403820.0,1810.2115886088272
403840.0,1601.0285725618035
403860.0,1408.3258620520978
403880.0,1258.1344022998428
403900.0,1170.0065670051881
403920.0,1153.3756775954857
403940.0,1206.886597061047
403960.0,1319.3721081884687
403980.0,1472.0605352935545
404000.0,1642.444600569833
404020.0,1809.307822921648
404040.0,1956.691323682444
404060.0,2075.5999744435953
404080.0,2163.6515058477694
404100.0,2223.4258518505894
404120.0,2260.4231540064707
404140.0,2281.300025122928
404160.0,2292.5487394357956
404180.0,2299.6217456540176
404200.0,2306.478640510838
404220.0,2315.510787820626
404240.0,2327.723497657848
404260.0,2343.035255826572
404280.0,2360.6162605207824
404300.0,2379.1992070510905
404320.0,2397.276128247343
404340.0,2413.193870172531
404360.0,2425.168612919654
404380.0,2431.1706485489026
404400.0,2428.7676525835286
404420.0,2415.0832311250188
404440.0,2387.0343267524804
404460.0,2341.891496201531
404480.0,2278.0610909473708
404500.0,2195.9864444785194
404520.0,2099.0175564938068
404540.0,1993.89722258207
404560.0,1890.273396636518
404580.0,1798.820156245073
404600.0,1728.4056159411793
404620.0,1683.6922115624097
404640.0,1664.6785040848765
404660.0,1668.3054180348674
404680.0,1690.5238989610139
404700.0,1727.3735333928175
404720.0,1775.1279157554368
404740.0,1830.2985503535215
404760.0,1889.6765636982345
404780.0,1950.3515192538107
404800.0,2009.784243643781
404820.0,2065.949049475802
404840.0,2117.4169460587195
404860.0,2163.3587529277856
404880.0,2203.4826942816594
404900.0,2237.964080859205
404920.0,2267.369679393002
404940.0,2292.559192282882
404960.0,2314.637156731583
404980.0,2335.027700535117
405000.0,2355.5926215245754
405020.0,2378.4966795172695
405040.0,2405.7022589448507
405060.0,2438.182008297251
405080.0,2474.950581946076
405100.0,2512.1246499718445
405120.0,2542.276339415129
405140.0,2554.4074760504514
405160.0,2535.0296662864976
405180.0,2470.60378487318
405200.0,2351.247270444283
405220.0,2175.2347887339565
405240.0,1953.0636782063925
405260.0,1709.097717634344
405280.0,1478.2583833080216
405300.0,1296.5509406087742
405320.0,1189.8571450123204
405340.0,1168.2361739883947
405360.0,1226.5050409792389
405380.0,1348.083311371279
405400.0,1509.79681463833
405420.0,1686.568359975144
405440.0,1855.7584525201132
405460.0,2000.6555151064938
405480.0,2112.2036920619457
405500.0,2188.8280014687202
405520.0,2234.804443001861
405540.0,2257.8332551003546
405560.0,2266.59181580301
405580.0,2268.8989754235026
405600.0,2270.715466080419
405620.0,2275.8597847702777
405640.0,2286.1872640231627
405660.0,2301.9638214568427
405680.0,2322.22765084044
405700.0,2345.1290920698966
405720.0,2368.411260447758
405740.0,2389.9536266924547
405760.0,2408.164624934295
405780.0,2422.176653553586
405800.0,2431.8501157211995
405820.0,2437.5958286812283
405840.0,2440.2022041558193
405860.0,2440.683674219649
405880.0,2440.029594097402
405900.0,2439.0637908987173
405920.0,2438.4355082764478
405940.0,2438.6044426308413
405960.0,2439.8167083656454
405980.0,2442.1020781909583
406000.0,2445.37682875529
406020.0,2449.5483821062326
406040.0,2454.467988697076
406060.0,2459.882799973003
406080.0,2465.5011461170097
406100.0,2471.0575507044205
406120.0,2476.3097939387853
406140.0,2481.0187570335934
406160.0,2484.972995830477
406180.0,2488.0121327653223
406200.0,2490.057791992127
406220.0,2491.269958829241
406240.0,2492.2029305131814
406260.0,2493.822602950517
406280.0,2497.3313243041557
406300.0,2503.834930252739
406320.0,2513.865518877472
406340.0,2526.70829969787
406360.0,2539.6508305254342
406380.0,2547.4393356017094
406400.0,2542.1899019433954
406420.0,2513.9473362483586
406440.0,2452.0557819877463
406460.0,2347.5388270821268
406480.0,2196.4479096570976
406500.0,2003.517363967804
406520.0,1784.6451245874348
406540.0,1565.9776030729759
406560.0,1378.0477515837874
406580.0,1246.7186849248972
406600.0,1186.5361265932556
406620.0,1199.4198539662834
406640.0,1276.8134850682832
406660.0,1402.993637029584
406680.0,1558.3104059208076
406700.0,1722.1878549331173
406720.0,1876.2998681296358
406740.0,2007.3850666367944
406760.0,2108.5716312569775
406780.0,2179.05589989033
406800.0,2222.6600403903726
406820.0,2245.908439226189
406840.0,2256.082713487648
406860.0,2259.682849333599
406880.0,2261.5304651213196
406900.0,2264.482386344271
406920.0,2269.660159874424
406940.0,2276.9968133412845
406960.0,2285.7950119410625
406980.0,2295.1682178679544
407000.0,2304.3681514250825
407020.0,2312.929824647341
407040.0,2320.6757245375147
407060.0,2327.6525639859933
407080.0,2334.0063034286018
407100.0,2339.8428627068924
407120.0,2345.1757845616085
407140.0,2349.9765315695886
407160.0,2354.2810810843393
407180.0,2358.2149372398753
407200.0,2361.935515729984
407220.0,2365.5717689758258
407240.0,2369.180744585252
407260.0,2372.785609342918
407280.0,2376.4379958522086
407300.0,2380.179004291948
407320.0,2383.9714371029722
407340.0,2387.684012066603
407360.0,2391.171031593037
407380.0,2394.2993634288673
407400.0,2396.8932821848443
407420.0,2398.7813729206387
407440.0,2399.985749380252
407460.0,2400.920922210419
407480.0,2402.443616014261
407500.0,2405.6886588165403
407520.0,2411.7604308236205
407540.0,2421.353749339441
407560.0,2434.335132636329
407580.0,2449.2902083351078
407600.0,2462.9516174738287
407620.0,2469.5834400451486
407640.0,2460.763026502928
407660.0,2426.097555947864
407680.0,2355.128734368448
407700.0,2240.158195331127
407720.0,2079.3677599718494
407740.0,1879.3953070853695
407760.0,1656.2951563989482
407780.0,1433.8337104835766
407800.0,1238.410924008505
407820.0,1091.6661054501924
407840.0,1004.8707767249289
407860.0,978.1855477852739
407880.0,1003.504931650899
407900.0,1068.4930471827404
407920.0,1160.180129421465
407940.0,1267.3103852639101
407960.0,1381.2700180976253
407980.0,1495.8845582763158
408000.0,1606.6983235190628
408020.0,1710.2738052856628
408040.0,1803.8180360274084
408060.0,1885.167670956859
408080.0,1952.9328760667236
408100.0,2006.7584838011298
408120.0,2047.4858192626427
408140.0,2076.9772106593064
408160.0,2097.6995722328497
408180.0,2112.21484608436
408200.0,2122.7177072097543
408220.0,2130.769565875862
408240.0,2137.279869656899
408260.0,2142.711111358285
408280.0,2147.348245277478
408300.0,2151.4550378368153
408320.0,2155.259146121418
408340.0,2158.821820939235
408360.0,2161.980274601513
408380.0,2164.444455677057
408400.0,2166.0237449398237
408420.0,2166.8663991673807
408440.0,2167.565809372877
408460.0,2169.1103893695745
408480.0,2172.7206926248123
408500.0,2179.603605560087
408520.0,2190.6778213769912
408540.0,2206.2259727250403
408560.0,2225.548349075375
408580.0,2246.9953133241916
408600.0,2268.5420685896042
408620.0,2288.45051596414
408640.0,2305.5698348581677
408660.0,2319.3017110489873
408680.0,2329.5184279994514
408700.0,2336.494082590272
408720.0,2340.7776838642712
408740.0,2343.0991413201514
408760.0,2344.316886925886
408780.0,2345.2793419455093
408800.0,2346.6676760629175
408820.0,2348.9180329013684
408840.0,2352.2294335764905
408860.0,2356.6002042241685
408880.0,2361.8373272464023
408900.0,2367.581015832231
408920.0,2373.296679281996
408940.0,2378.21638299174
408960.0,2381.2539310530865
408980.0,2380.9947948237486
409000.0,2375.934712284703
409020.0,2364.916334481136
409040.0,2347.573448945393
409060.0,2324.6311701978548
409080.0,2297.920810335111
409100.0,2270.0466279802467
409120.0,2243.8518349806823
409140.0,2221.9610147704925
409160.0,2206.451768228922
409180.0,2198.632773243079
409200.0,2198.9150924877986
409220.0,2206.7719385852715
409240.0,2220.8137059806395
409260.0,2239.013840839929
409280.0,2259.046178012847
409300.0,2278.5941833623892
409320.0,2295.6078085448066
409340.0,2308.599693839283
409360.0,2316.8378911754985
409380.0,2320.3861670327033
409400.0,2320.08470222501
409420.0,2317.358551214358
409440.0,2313.835853100899
409460.0,2310.929939115346
409480.0,2309.5826045834083
409500.0,2310.2063797246055
409520.0,2312.810080321301
409540.0,2317.1959158908503
409560.0,2323.0593591940487
409580.0,2329.988552279833
409600.0,2337.4563305509196
409620.0,2344.890641421739
409640.0,2351.768493382529
409660.0,2357.6876617196867
409680.0,2362.49248978954
409700.0,2366.435836490843
409720.0,2370.2888955864614
409740.0,2375.2968576661483
409760.0,2382.935455226433
409780.0,2394.630815762031
409800.0,2411.4298035592824
409820.0,2433.468987711765
409840.0,2459.201103939758
409860.0,2484.6033316767007
409880.0,2502.650131205369
409900.0,2503.36605071157
409920.0,2474.7971947677956
409940.0,2405.073922737316
409960.0,2285.4902473917437
409980.0,2114.070437659171
410000.0,1898.620803972402
410020.0,1657.516108105429
410040.0,1416.2620312802146
410060.0,1199.9664443583874
410080.0,1026.3373500933972
410100.0,903.6109391590547
410120.0,832.5141180795038
410140.0,809.7276827754773
410160.0,830.9496116271832
410180.0,892.4742993694188
410200.0,990.9794904502893
410220.0,1121.925587726933
410240.0,1277.6226356735428
410260.0,1446.5337028739
410280.0,1615.029476819724
410300.0,1770.6002612512639
410320.0,1904.3858317911283
410340.0,2012.074871372007
410360.0,2093.3520163435696
410380.0,2150.583582354684
410400.0,2187.3798791014865
410420.0,2207.494569905545
410440.0,2214.2914588595913
410460.0,2210.7037083052805
410480.0,2199.4162148052646
410500.0,2182.9928469132633
410520.0,2163.7931490281157
410540.0,2143.7139037195034
410560.0,2123.9080612627754
410580.0,2104.6380582770644
410600.0,2085.3929957853297
410620.0,2065.34767831917
410640.0,2043.9348240750048
410660.0,2021.1577028776906
410680.0,1997.5444727586505
410700.0,1973.9482064138429
410720.0,1951.3044920737261
410740.0,1930.2446843078155
410760.0,1910.5838648444417
410780.0,1891.1675777833493
410800.0,1870.7169831511715
410820.0,1849.1756509458269
410840.0,1828.4197707139901
410860.0,1811.7796705321416
410880.0,1802.4163518825735
410900.0,1801.473475082974
410920.0,1807.3491872609243
410940.0,1816.5068756020023
410960.0,1825.0800752127475
410980.0,1830.3421751335313
411000.0,1831.4080531574043
411020.0,1828.9622128861895
411040.0,1824.549303015674
411060.0,1819.9831356164068
411080.0,1817.1562168980213
411100.0,1818.1579974844474
411120.0,1825.2276706684665
411140.0,1840.3723833931829
411160.0,1864.9517295327255
411180.0,1899.4335776242278
411200.0,1943.3745751260249
411220.0,1995.4795277812696
411240.0,2053.7630989620384
411260.0,2115.851189690388
411280.0,2179.1878475983285
411300.0,2241.2373157912225
411320.0,2299.8770198062653
411340.0,2353.672543726043
411360.0,2401.853086671873
411380.0,2444.1324844214
411400.0,2480.512826770419
411420.0,2511.128118626899
411440.0,2536.190842941029
411460.0,2556.036904195709
411480.0,2571.119310100864
411500.0,2581.859065580907
411520.0,2588.4984692272747
411540.0,2591.0442057218197
411560.0,2589.3298814611708
411580.0,2583.2106973207847
411600.0,2572.856660456472
411620.0,2558.965047045086
411640.0,2542.739381867097
411660.0,2525.6280120632955
411680.0,2508.951573619409
411700.0,2493.5612164905347
411720.0,2479.5084888311994
411740.0,2465.60131693017
411760.0,2448.8291309098645
411780.0,2423.8802203015825
411800.0,2383.0730424459935
411820.0,2317.087733565754
411840.0,2216.742621320716
411860.0,2075.8137685528704
411880.0,1894.468840611631
411900.0,1682.335757317845
411920.0,1459.6014278553098
411940.0,1254.2219869860157
411960.0,1094.7616744728516
411980.0,1002.0834849238533
412000.0,984.8169968872653
412020.0,1039.1921543671274
412040.0,1151.2535423113143
412060.0,1300.1639817280916
412080.0,1462.3002822289254
412100.0,1615.7751861680583
412120.0,1744.1504712738697
412140.0,1838.5063881212386
412160.0,1897.5985065522357
412180.0,1926.4034407496893
412200.0,1933.80933883821
412220.0,1930.1312068917243
412240.0,1924.9478726468715
412260.0,1925.631079007133
412280.0,1936.6716095271827
412300.0,1959.6081757596744
412320.0,1993.3507769055318
412340.0,2034.8030631880836
412360.0,2079.7427503862123
412380.0,2123.861503565858
412400.0,2163.581259138956
412420.0,2196.5054748616785
412440.0,2221.5610523476125
412460.0,2238.8969277062693
412480.0,2249.5964945736837
412500.0,2255.3265559837905
412520.0,2257.9916423575182
412540.0,2259.456953584494
412560.0,2261.343821684557
412580.0,2264.8100249592435
412600.0,2270.351540819084
412620.0,2277.783847404487
412640.0,2286.491141991246
412660.0,2295.809330947788
412680.0,2305.2739495622604
412700.0,2314.631707501088
412720.0,2323.6652839874014
412740.0,2332.034539448194
412760.0,2339.3562606060395
412780.0,2345.3513314573397
412800.0,2349.903273567993
412820.0,2353.0474801828873
412840.0,2354.98531005151
412860.0,2356.13799893246
412880.0,2357.106469179427
412900.0,2358.5809539217025
412920.0,2361.372999601262
412940.0,2366.405906773694
412960.0,2374.609601666562
412980.0,2386.7637909315076
413000.0,2403.053234587871
413020.0,2422.3598842712
413040.0,2441.5894791662677
413060.0,2455.1405202916094
413080.0,2454.7812155927227
413100.0,2430.358096472173
413120.0,2371.5238996293688
413140.0,2270.356388354864
413160.0,2124.5199622954487
413180.0,1940.15319146589
413200.0,1733.032203184613
413220.0,1526.2982329423776
413240.0,1344.1637958779745
413260.0,1204.446257159749
413280.0,1114.6956213047183
413300.0,1072.803433243743
413320.0,1070.0342676222529
413340.0,1094.629200771257
413360.0,1134.8646218156546
413380.0,1181.0690358836318
413400.0,1226.5424290262931
413420.0,1267.5836441286956
413440.0,1302.939720312206
413460.0,1332.9916067020665
413480.0,1358.9291255990622
413500.0,1382.0829732274406
413520.0,1403.4992388255578
413540.0,1423.7760925830678
413560.0,1443.1362038833852
413580.0,1461.6785799620773
413600.0,1479.7335939802551
413620.0,1498.2296723007403
413640.0,1518.9678590070562
413660.0,1544.695054140918
413680.0,1578.8774090314398
413700.0,1625.1154225583518
413720.0,1686.2257627721742
413740.0,1763.1518915977401
413760.0,1854.0569739436578
413780.0,1954.1685632532772
413800.0,2056.8532783368123
413820.0,2155.3796607872755
413840.0,2244.2403662719285
413860.0,2319.7890783651537
413880.0,2380.529165117553
413900.0,2427.0440291378814
413920.0,2461.511357272054
413940.0,2487.0007404685102
413960.0,2506.6873781683416
413980.0,2523.089705188562
414000.0,2537.5378894338237
414020.0,2549.966336527443
414040.0,2558.9631159351375
414060.0,2562.064034225534
414080.0,2556.3603487693263
414100.0,2539.375503967895
414120.0,2509.9095036377726
414140.0,2468.447933513732
414160.0,2417.014847756484
414180.0,2358.692112829625
414200.0,2297.1123756013403
414220.0,2236.0022132606205
414240.0,2178.6937504312
414260.0,2127.538000260113
414280.0,2083.2178650487904
414300.0,2044.0376612145424
414320.0,2005.3997602285176
414340.0,1959.7751956524203
414360.0,1897.451680803558
414380.0,1808.2458591195123
414400.0,1684.1565822346624
414420.0,1522.6352132003656
414440.0,1329.6530357884872
414460.0,1121.1664980259463
414480.0,921.1924931713838
414500.0,755.7327001197059
414520.0,645.4718317384202
414540.0,601.5980195334022
414560.0,625.0291273681481
414580.0,707.3982895112629
414600.0,832.8786425646774
414620.0,980.9550925754677
414640.0,1130.6402037138976
414660.0,1264.985757378216
414680.0,1373.736977868598
414700.0,1453.570257459664
414720.0,1506.6212840073656
414740.0,1538.3614577513436
414760.0,1555.5669650679765
414780.0,1564.7452182408972
414800.0,1571.1677853153055
414820.0,1578.483389939152
414840.0,1588.762713945876
414860.0,1602.7824465648823
414880.0,1620.3897196423213
414900.0,1640.8617398358147
414920.0,1663.233754135042
414940.0,1686.5451264581723
414960.0,1709.9799976772272
414980.0,1732.924463501186
415000.0,1754.9608305475278
415020.0,1775.848865804343
415040.0,1795.5183624481026
415060.0,1814.0366837023353
415080.0,1831.528119776854
415100.0,1848.0953866014497
415120.0,1863.763672054613
415140.0,1878.4787187449438
415160.0,1892.1876215601355
415180.0,1904.9184741345075
415200.0,1916.783888313014
415220.0,1927.9569750571627
415240.0,1938.6596694069656
415260.0,1949.139456604249
415280.0,1959.6120494741986
415300.0,1970.2124924595694
415320.0,1980.9815507319884
415340.0,1991.867531372983
415360.0,2002.7494248056478
415380.0,2013.4682583154276
415400.0,2023.8342788942948
415420.0,2033.617621564963
415440.0,2042.558257992952
415460.0,2050.3871291286478
415480.0,2056.852295284109
415500.0,2061.791416685201
415520.0,2065.236990993041
415540.0,2067.5008556819157
415560.0,2069.1906127391076
415580.0,2071.141484316512
415600.0,2074.269505296819
415620.0,2079.3635118594457
415640.0,2086.873694925837
415660.0,2096.8044862981346
415680.0,2108.753926720189
415700.0,2122.042367457843
415720.0,2135.8969023168
415740.0,2149.6332514894066
415760.0,2162.7630011898573
415780.0,2175.021525636387
415800.0,2186.345383112919
415820.0,2196.8070358863497
415840.0,2206.5284023269
415860.0,2215.605410133396
415880.0,2224.0844846370696
415900.0,2231.9863123413743
415920.0,2239.344308719438
415940.0,2246.268588364899
415960.0,2253.016921870428
415980.0,2259.992067650825
416000.0,2267.633585294727
416020.0,2276.27228649204
416040.0,2286.0055475293893
416060.0,2296.615427148298
416080.0,2307.5824813230897
416100.0,2318.2233804522693
416120.0,2327.873395277192
416140.0,2336.03844922175
416160.0,2342.5019358634827
416180.0,2347.362799212904
416200.0,2350.983260333332
416220.0,2353.842693319679
416240.0,2356.362889602927
416260.0,2358.743202583949
416280.0,2360.903668876321
416300.0,2362.5430812843324
416320.0,2363.2549933549285
416340.0,2362.6542228724766
416360.0,2360.498981455559
416380.0,2356.764927257812
416400.0,2351.691859399073
416420.0,2345.8637438142696
416440.0,2340.233182236893
416460.0,2336.0638850627884
416480.0,2334.7915913021247
416500.0,2337.8067483243717
416520.0,2346.0964388142024
416540.0,2359.690479346071
416560.0,2376.9499671315584
416580.0,2393.9067744320587
416600.0,2403.9508950898908
416620.0,2398.11763159018
416640.0,2366.1592699608145
416660.0,2298.5216064681904
416680.0,2189.202452867113
416700.0,2039.1972718922348
416720.0,1859.52194678757
416740.0,1672.014148737875
416760.0,1506.1036820460558
416780.0,1391.3357642337085
416800.0,1349.1874821435401
416820.0,1388.9064227574427
416840.0,1507.4048134285918
416860.0,1691.0855037816896
416880.0,1918.394261193433
416900.0,2163.068990937349
416920.0,2398.372859451513
416940.0,2601.269791495291
416960.0,2754.9880027527493
416980.0,2849.767438099975
417000.0,2882.1885536834484
417020.0,2853.725789820553
417040.0,2769.4506738718487
417060.0,2637.5296904914576
417080.0,2469.7311317801477
417100.0,2282.3667328647634
417120.0,2096.19210217551
417140.0,1933.7723831945605
417160.0,1814.6866223498218
417180.0,1751.7166970759758
417200.0,1749.8396926011617
417220.0,1806.8115167208712
417240.0,1914.039500411188
417260.0,2057.3620074855357
417280.0,2218.2679640082324
417300.0,2376.5637993314936
417320.0,2514.261134307822
417340.0,2618.718278420663
417360.0,2684.169891222409
417380.0,2711.7266847792002
417400.0,2707.9389893938055
417420.0,2682.474809180652
417440.0,2645.6757066431283
417460.0,2606.523893585369
417480.0,2571.3323035557114
417500.0,2543.350113483809
417520.0,2523.2695461274634
417540.0,2510.147059978824
417560.0,2502.2889815513345
417580.0,2497.839334053092
417600.0,2494.970909422436
417620.0,2491.8370655638305
417640.0,2486.5226115790083
417660.0,2477.1865979472504
417680.0,2462.36273549019
417700.0,2441.240177546456
417720.0,2413.8141726999356
417740.0,2380.8790891624
417760.0,2343.9434254240596
417780.0,2305.0166710521944
417800.0,2266.339326289206
417820.0,2230.0689588754135
417840.0,2197.88584339826
417860.0,2170.73593917623
417880.0,2148.897759241361
417900.0,2132.2836020731575
417920.0,2120.782069760396
417940.0,2114.488677247085
417960.0,2113.7439459114385
417980.0,2118.9432722424995
418000.0,2130.1314963361237
418020.0,2146.446820578866
418040.0,2165.542587944039
418060.0,2183.1519165660675
418080.0,2192.994260369939
418100.0,2187.2725684830402
418120.0,2157.8991157851565
418140.0,2098.4560726655604
418160.0,2006.6804503811716
418180.0,1886.8630333472415
418200.0,1751.0321799791134
418220.0,1617.370991493901
418240.0,1505.3071549150366
418260.0,1429.863681421139
418280.0,1398.8710578768835
418300.0,1413.2186813210214
418320.0,1468.4897481688072
418340.0,1556.7264986087048
418360.0,1667.7792123825825
418380.0,1790.3382094185083
418400.0,1913.2250504346594
418420.0,2027.3206290262242
418440.0,2127.186744173928
418460.0,2211.0759357421466
418480.0,2279.7441688007693
418500.0,2335.2265116862723
418520.0,2379.9680911825158
418540.0,2416.3637943377007
418560.0,2446.5851988521226
418580.0,2472.491068286153
418600.0,2495.445525854258
418620.0,2516.154452329399
418640.0,2534.722331528404
418660.0,2550.832425720199
418680.0,2563.9040353191986
418700.0,2573.205689974824
418720.0,2577.9948693776587
418740.0,2577.733892040185
418760.0,2572.3220820912493
418780.0,2562.2581051040443
418800.0,2548.619281715954
418820.0,2532.7215686599197
418840.0,2515.5417519538814
418860.0,2497.354723268088
418880.0,2477.7360492429916
418900.0,2455.7531068275266
418920.0,2430.2625201981778
418940.0,2400.472104496167
418960.0,2366.6755446006237
418980.0,2330.5176273282277
419000.0,2294.5034936356424
419020.0,2261.218069021226
419040.0,2232.6934887450475
419060.0,2210.061001078866
419080.0,2193.512777364748
419100.0,2182.4824958767754
419120.0,2175.916155669167
419140.0,2172.5485431590732
419160.0,2171.1226238729664
419180.0,2170.5201218064744
419200.0,2169.817412111982
419220.0,2168.3073730311517
419240.0,2165.511706296221
419260.0,2161.1669218968927
419280.0,2155.191203838762
419300.0,2147.687523319706
419320.0,2138.9771979754087
419340.0,2129.659159498449
419360.0,2120.6756013462355
419380.0,2113.287062136214
419400.0,2108.853046998594
419420.0,2108.3587337044823
419440.0,2111.713815025946
419460.0,2117.004100313331
419480.0,2119.956900672546
419500.0,2113.8520529406287
419520.0,2090.0787558266516
419540.0,2039.5161854361481
419560.0,1954.775450839526
419580.0,1833.0577384293997
419600.0,1679.0136812830049
419620.0,1506.4620643694466
419640.0,1337.2759218746503
419660.0,1196.2302414597505
419680.0,1103.5458983739911
419700.0,1069.9968001229258
419720.0,1096.2935997936825
419740.0,1174.918879975569
419760.0,1292.7051317210207
419780.0,1433.3584076350517
419800.0,1579.9174319566162
419820.0,1717.3331257997568
419840.0,1834.7888156986107
419860.0,1927.0953328737003
419880.0,1994.5606297940499
419900.0,2041.4021417093081
419920.0,2073.599806365707
419940.0,2097.085580802249
419960.0,2116.6215246668835
419980.0,2135.288530482999
420000.0,2154.4735932745566
420020.0,2174.2195107213606
420040.0,2193.791684961782
420060.0,2212.340417738433
420080.0,2229.4634555706866
420100.0,2245.433482402097
420120.0,2260.9359287472466
420140.0,2276.547044695971
420160.0,2292.3685831206726
420180.0,2308.011553305415
420200.0,2322.8322791374185
420220.0,2336.261561804779
420240.0,2348.0765232015087
420260.0,2358.5295996701507
420280.0,2368.268725171583
420300.0,2378.1137719623293
420320.0,2388.834433518444
420340.0,2400.950003887826
420360.0,2414.588450974437
420380.0,2429.499695682768
420400.0,2445.1739578225047
420420.0,2460.983053969928
420440.0,2476.2772735206513
420460.0,2490.359894390937
420480.0,2502.376504147397
420500.0,2511.286785873868
420520.0,2516.00349914775
420540.0,2515.6091632438865
420560.0,2509.5593327819684
420580.0,2497.9223215149614
420600.0,2481.652729641101
420620.0,2462.721702452621
420640.0,2443.8589064426296
420660.0,2427.791381301865
420680.0,2416.454409037407
420700.0,2410.6643615652806
420720.0,2410.167844569814
420740.0,2413.9115363413202
420760.0,2420.443194635399
420780.0,2428.3001390594554
420800.0,2436.2828462634393
420820.0,2443.5946090704665
420840.0,2449.874707390835
420860.0,2455.245630929141
420880.0,2460.325968758149
420900.0,2466.160686968741
420920.0,2474.254386848272
420940.0,2486.5331996486793
420960.0,2504.587810633978
420980.0,2528.3939071552386
421000.0,2555.1178604638453
421020.0,2578.332140808731
421040.0,2587.8997666644
421060.0,2570.924102249023
421080.0,2514.0332686733686
421100.0,2406.9764943224573
421120.0,2247.0757330234906
421140.0,2043.3483192714762
421160.0,1818.1932890795501
421180.0,1603.8012334026184
421200.0,1432.3448441114942
421220.0,1325.9728918981027
421240.0,1293.071486158998
421260.0,1329.881666119672
421280.0,1424.38142446087
421300.0,1560.2696535142923
421320.0,1719.9804929267386
421340.0,1886.570561759673
421360.0,2044.976620960318
421380.0,2183.2806886021012
421400.0,2293.824635520861
421420.0,2373.7364675535596
421440.0,2424.814482610321
421460.0,2452.610888662985
421480.0,2464.807133216062
421500.0,2469.3564639376586
421520.0,2472.8007381038333
421540.0,2479.151254076049
421560.0,2489.6472954121714
421580.0,2503.3148817928513
421600.0,2517.9324408215907
421620.0,2531.0319046096465
421640.0,2540.7287226397957
421660.0,2546.2202119416697
421680.0,2547.899379016427
421700.0,2547.097918879468
421720.0,2545.495619237467
421740.0,2544.427209744024
421760.0,2544.364637057568
421780.0,2544.731166153005
421800.0,2544.0728727886703
421820.0,2540.545635542844
421840.0,2532.5786646352194
421860.0,2519.465717883741
421880.0,2501.669602782114
421900.0,2480.694929886921
421920.0,2458.5835965412157
421940.0,2437.3144519380617
421960.0,2418.2997266781704
421980.0,2402.07759792275
422000.0,2388.3595587474615
422020.0,2376.404572270159
422040.0,2365.5529272561384
422060.0,2355.7388796896084
422080.0,2347.5927692282744
422100.0,2341.9505064172786
422120.0,2339.240254401087
422140.0,2339.251298028946
422160.0,2341.2990533225
422180.0,2344.5744769505673
422200.0,2348.4637452045868
422220.0,2352.700984984688
422240.0,2357.381511711518
422260.0,2362.9002138049577
422280.0,2369.8393670351493
422300.0,2378.811658105927
422320.0,2390.3093292152626
422340.0,2404.576503432149
422360.0,2421.461538408462
422380.0,2440.271889014122
422400.0,2459.7386437729733
422420.0,2478.208466656751
422440.0,2494.207759481408
422460.0,2507.123874000077
422480.0,2517.4987548404824
422500.0,2526.881334551178
422520.0,2537.2405678496584
422540.0,2549.9818973993
422560.0,2564.772534491808
422580.0,2578.406017194592
422600.0,2584.0543253775786
422620.0,2571.3377978169688
422640.0,2527.544287899382
422660.0,2440.2375849283862
422680.0,2301.1665839009197
422700.0,2110.810474896494
422720.0,1882.1029810011048
422740.0,1641.250946284399
422760.0,1423.4293145618026
422780.0,1262.8433323922254
422800.0,1181.7613444199574
422820.0,1185.5724918695264
422840.0,1264.5694303649955
422860.0,1399.1090283858516
422880.0,1565.415892022396
422900.0,1740.4721217537626
422920.0,1905.4247300513944
422940.0,2047.378350192402
422960.0,2159.6302817811647
422980.0,2240.9124959696055
423000.0,2293.9846710587744
423020.0,2324.007472825852
423040.0,2337.0462423516046
423060.0,2338.932104826975
423080.0,2334.633096052106
423100.0,2328.1894826538455
423120.0,2323.072468833104
423140.0,2322.5387499130893
423160.0,2329.6259626152123
423180.0,2346.626723485301
423200.0,2374.0290134968154
423220.0,2409.3672126865445
423240.0,2446.538297104755
423260.0,2475.7370425098766
423280.0,2484.0298377197805
423300.0,2456.87848530499
423320.0,2380.969283986749
423340.0,2248.2740612472376
423360.0,2060.5540384153965
423380.0,1832.729509079892
423400.0,1592.833050671906
423420.0,1376.4858646797359
423440.0,1216.4997691801539
423460.0,1133.5344808751538
423480.0,1132.9816107173483
423500.0,1206.773438377532
423520.0,1337.285767782833
423540.0,1501.608320149566
423560.0,1675.6123585393757
423580.0,1837.953468267835
423600.0,1973.5697586514102
423620.0,2075.3133152123514
423640.0,2143.437693635055
423660.0,2183.5875378066944
423680.0,2204.0430203190417
423700.0,2213.1867888453007
423720.0,2217.897923282842
423740.0,2222.930749410644
423760.0,2230.848616837626
423780.0,2242.2586817890374
423800.0,2256.3570969234825
423820.0,2271.659817490542
423840.0,2286.662841718074
423860.0,2300.2733902218097
423880.0,2311.9493787845363
423900.0,2321.5815657485086
423920.0,2329.2719605595403
423940.0,2335.157207371416
423960.0,2339.343538697975
423980.0,2341.9311620224817
424000.0,2343.0386911999026
424020.0,2342.840376710586
424040.0,2341.613503817881
424060.0,2339.790527293038
424080.0,2337.9496515479445
424100.0,2336.7170084216855
424120.0,2336.6425884021687
424140.0,2338.1066599579253
424160.0,2341.2488808579596
424180.0,2345.938691683262
424200.0,2351.864910701241
424220.0,2358.7221676283234
424240.0,2366.361083898063
424260.0,2374.825399006527
424280.0,2384.2205076457585
424300.0,2394.4528656481343
424320.0,2405.0634653023694
424340.0,2415.3091865448387
424360.0,2424.4215288022615
424380.0,2431.848604787241
424400.0,2437.3502149417927
424420.0,2440.9607204081844
424440.0,2442.905794524472
424460.0,2443.504022893044
424480.0,2443.094313806972
424500.0,2441.9851449598004
424520.0,2440.445953509344
424540.0,2438.771735055405
424560.0,2437.3563594887673
424580.0,2436.6987793522276
424600.0,2437.332988653384
424620.0,2439.708094103211
424640.0,2444.026789872973
424660.0,2450.113935808711
424680.0,2457.3898096791095
424700.0,2465.0542733831744
424720.0,2472.4435014711416
424740.0,2479.4136184821255
424760.0,2486.6038977610433
424780.0,2495.406874230571
424800.0,2507.6028931937485
424820.0,2524.687679616241
424840.0,2546.93116359466
424860.0,2572.38697375645
424880.0,2596.1400827877433
424900.0,2610.069404985555
424920.0,2603.4230154448946
424940.0,2564.344774249838
424960.0,2482.362140379366
424980.0,2351.783904476318
425000.0,2175.4738474357396
425020.0,1967.6973307226028
425040.0,1754.1160218169339
425060.0,1567.031217201644
425080.0,1436.2119922337054
425100.0,1380.0377896215655
425120.0,1401.9927850197816
425140.0,1492.0585440011084
425160.0,1630.6123031072652
425180.0,1793.3625778454611
425200.0,1956.6240429091522
425220.0,2101.8667908369175
425240.0,2218.17097887843
425260.0,2302.3614778746314
425280.0,2357.507561217672
425300.0,2390.5388556850503
425320.0,2409.6637321243097
425340.0,2422.328276839627
425360.0,2434.0544219277194
425380.0,2448.08351972776
425400.0,2465.6244051417943
425420.0,2486.3485387229944
425440.0,2508.8847930605402
425460.0,2531.3303567927055
425480.0,2551.8009680937685
425500.0,2568.8973070208117
425520.0,2581.996087381398
425540.0,2591.271281688388
425560.0,2597.3626043956842
425580.0,2600.9304149800673
425600.0,2602.4144588936115
425620.0,2601.9527773384693
425640.0,2599.388875128958
425660.0,2594.4224191522844
425680.0,2586.8975011227835
425700.0,2577.069386138656
425720.0,2565.61525596461
425740.0,2553.4160799135093
425760.0,2541.2659252680505
425780.0,2529.6400508621673
425800.0,2518.702416255399
425820.0,2508.471504416318
425840.0,2499.0025194715495
425860.0,2490.5111975417185
425880.0,2483.406905891397
425900.0,2478.1580359561863
425920.0,2475.022673688661
425940.0,2473.79552465184
425960.0,2473.626324882278
425980.0,2473.000070401781
426000.0,2469.8997566952194
426020.0,2462.157958109439
426040.0,2447.947196790287
426060.0,2426.3237032512598
426080.0,2397.7220986225343
426100.0,2364.3459185576858
426120.0,2330.2822506744587
426140.0,2301.0131819514836
426160.0,2281.975965378243
426180.0,2276.1889598999637
426200.0,2281.983116487983
426220.0,2292.0970986524376
426240.0,2294.4826416900023
426260.0,2274.4855411171347
426280.0,2217.996106213908
426300.0,2115.2185039015617
426320.0,1964.547051346679
426340.0,1775.6078539408074
426360.0,1569.9325709772054
426380.0,1377.4538787405677
426400.0,1228.1342691825928
426420.0,1142.7923447344376
426440.0,1128.9736421599387
426460.0,1181.8068813856448
426480.0,1287.1775905725735
426500.0,1425.319321867361
426520.0,1573.9582681345328
426540.0,1710.9715822559604
426560.0,1816.965569947078
426580.0,1877.698288658678
426600.0,1885.3997746413945
426620.0,1838.967558544036
426640.0,1744.0050214784278
426660.0,1613.0720750893204
426680.0,1465.61736619772
426700.0,1326.5836606822002
426720.0,1222.6122233412043
426740.0,1175.9151823030559
426760.0,1198.51873156937
426780.0,1289.4411746518695
426800.0,1435.3091118900368
426820.0,1614.5746216581083
426840.0,1803.855364046142
426860.0,1983.3536651692077
426880.0,2139.8142195877017
426900.0,2266.9010744317375
426920.0,2363.786144024697
426940.0,2433.148510022277
426960.0,2479.4644396363833
426980.0,2507.808900134827
427000.0,2523.0761285067374
427020.0,2529.5093744381775
427040.0,2530.4775940216864
427060.0,2528.4251128955093
427080.0,2524.8510969444283
427100.0,2520.3028655400994
427120.0,2514.440166057605
427140.0,2506.204486926514
427160.0,2494.087283686812
427180.0,2476.5215988017812
427200.0,2452.312669046846
427220.0,2420.943889541516
427240.0,2382.6970798157927
427260.0,2338.6044844001963
427280.0,2290.2461249780895
427300.0,2239.4263307104497
427320.0,2187.846680653287
427340.0,2136.8563175451554
427360.0,2087.320841059049
427380.0,2039.6656036051331
427400.0,1994.0778767595432
427420.0,1950.7914918117774
427440.0,1910.3597622211105
427460.0,1873.8101549051457
427480.0,1842.5887239194678
427500.0,1818.2294333546938
427520.0,1801.7189237097125
427540.0,1792.6202099417271
427560.0,1788.2250409373476
427580.0,1783.1167911337966
427600.0,1769.3614479421838
427620.0,1737.4310528841713
427640.0,1677.934513298298
427660.0,1584.037611285676
427680.0,1454.1964272228438
427700.0,1294.4281598243556
427720.0,1118.801420314178
427740.0,946.7504287295736
427760.0,797.4862669329368
427780.0,684.4900835421824
427800.0,613.2190766385844
427820.0,581.9898981709215
427840.0,584.3678631022734
427860.0,611.7481160026798
427880.0,655.4367955200332
427900.0,708.0739738995883
427920.0,764.6430464730329
427940.0,823.5427848174483
427960.0,887.7928959199486
427980.0,964.7054906909055
428000.0,1062.1711056081556
428020.0,1183.2487212751068
428040.0,1323.281437613813
428060.0,1471.5157142829453
428080.0,1615.3594511618312
428100.0,1744.3211520145574
428120.0,1852.0989138990342
428140.0,1936.8215393491823
428160.0,2000.1070907134313
428180.0,2045.6002793072644
428200.0,2077.6451332216966
428220.0,2100.3823754368977
428240.0,2117.248594891128
428260.0,2130.796261571593
428280.0,2142.7246839805143
428300.0,2154.008561995668
428320.0,2165.0558322203783
428340.0,2175.855300758161
428360.0,2186.094056260431
428380.0,2195.266415576352
428400.0,2202.7921381826905
428420.0,2208.1238415548482
428440.0,2210.8193452996466
428460.0,2210.5594720802546
428480.0,2207.124543637988
428500.0,2200.3734317956078
428520.0,2190.2408104437795
428540.0,2176.7302419361836
428560.0,2159.9021977490106
428580.0,2139.879071940053
428600.0,2116.88209178781
428620.0,2091.3120557326583
428640.0,2063.832756277444
428660.0,2035.3686140709021
428680.0,2007.0050690200885
428700.0,1979.8347777997249
428720.0,1954.7940147445436
428740.0,1932.5450829283195
428760.0,1913.4370482685736
428780.0,1897.5253515084398
428800.0,1884.6321439562605
428820.0,1874.4059636897346
428840.0,1866.3955614625095
428860.0,1860.1631899781441
428880.0,1855.4247134286975
428900.0,1852.1698540261427
428920.0,1850.7349538036572
428940.0,1851.824350063654
428960.0,1856.4610970560873
428980.0,1865.816983578994
429000.0,1880.9021004582075
429020.0,1902.0945680563855
429040.0,1928.541797721024
429060.0,1957.5440102105113
429080.0,1984.084118175162
429100.0,2000.7372317908078
429120.0,1998.2031759115562
429140.0,1966.6758546470533
429160.0,1898.114949240394
429180.0,1789.1678353895902
429200.0,1644.007266345591
429220.0,1475.744446086647
429240.0,1304.7728929571051
429260.0,1153.314372375726
429280.0,1038.5401232319475
429300.0,968.7624755189618
429320.0,943.8057737358404
429340.0,957.6838236012467
429360.0,1001.7898314556799
429380.0,1067.4893310372747
429400.0,1147.6228804552334
429420.0,1236.9132128559024
429440.0,1331.6244447671106
429460.0,1428.9914409062453
429480.0,1526.730066157477
429500.0,1622.6504164815844
429520.0,1714.3404341034052
429540.0,1799.040820161978
429560.0,1873.938277970256
429580.0,1936.8073898354057
429600.0,1986.605087450584
429620.0,2023.667350166676
429640.0,2049.505567107755
429660.0,2066.450895707249
429680.0,2077.253959889234
429700.0,2084.654131948405
429720.0,2090.9774863412345
429740.0,2097.853369492149
429760.0,2106.103027389402
429780.0,2115.803264501266
429800.0,2126.510807568032
429820.0,2137.5801442166407
429840.0,2148.5230279882558
429860.0,2159.206515696523
429880.0,2169.7308123716834
429900.0,2180.1480833098917
429920.0,2190.3013440543805
429940.0,2199.7906079588965
429960.0,2208.0271369223437
429980.0,2214.3735533494
430000.0,2218.2980031849647
430020.0,2219.5530130545326
430040.0,2218.318677906501
430060.0,2215.240444221391
430080.0,2211.3721541261953
430100.0,2208.0406102844545
430120.0,2206.5901577011036
430140.0,2208.005513718439
430160.0,2212.629954187087
430180.0,2220.053924785634
430200.0,2229.1615489611336
430220.0,2238.3852995073735
430240.0,2246.1044164801538
430260.0,2251.067637034452
430280.0,2252.715084645282
430300.0,2251.304266343458
430320.0,2247.7483043854545
430340.0,2243.246692145293
430360.0,2239.025615893989
430380.0,2236.279827956173
430400.0,2236.160750920484
430420.0,2239.7132907993264
430440.0,2247.6826297035104
430460.0,2260.2609155623068
430480.0,2276.7185812974117
430500.0,2294.821392151182
430520.0,2310.262940222936
430540.0,2316.483272358456
430560.0,2305.1268771557834
430580.0,2267.2002601580452
430600.0,2194.983013260408
430620.0,2084.6433731570387
430640.0,1939.0825818095138
430660.0,1770.0642113761219
430680.0,1598.2474173803719
430700.0,1449.6385831093758
430720.0,1348.4870334194436
430740.0,1310.3266884269635
430760.0,1339.0229810362366
430780.0,1427.4045793867454
430800.0,1559.8133249119103
430820.0,1715.74965310953
430840.0,1874.3827320829319
430860.0,2018.8485159774445
430880.0,2138.626417029212
430900.0,2229.701178035943
430920.0,2293.2367226357464
430940.0,2333.6173098654435
430960.0,2356.561679184986
430980.0,2367.6914449352153
431000.0,2371.7170413537524
431020.0,2372.1876149329646
431040.0,2371.6336189234494
431060.0,2371.847936769315
431080.0,2374.0549986726924
431100.0,2378.9001279828144
431120.0,2386.364702274883
431140.0,2395.7856937525994
431160.0,2406.0720386537914
431180.0,2416.0895046087335
431200.0,2425.0206984403694
431220.0,2432.387859226622
431240.0,2437.8380028564925
431260.0,2440.98947815285
431280.0,2441.357004344475
431300.0,2438.3339843302815
431320.0,2431.231451457279
431340.0,2419.376050759696
431360.0,2402.2536909281907
431380.0,2379.660578803488
431400.0,2351.8698512077553
431420.0,2319.806331317817
431440.0,2285.089890749666
431460.0,2249.85048119183
431480.0,2216.329777083828
431500.0,2186.3881840713852
431520.0,2161.1331761756433
431540.0,2140.8338477609273
431560.0,2125.0460700325593
431580.0,2112.833736028108
431600.0,2103.0342835840265
431620.0,2094.500996442838
431640.0,2086.3674051315274
431660.0,2078.339600553704
431680.0,2070.832892968466
431700.0,2064.8059155298306
431720.0,2061.359308115265
431740.0,2061.277495588608
431760.0,2064.6425021192317
431780.0,2070.5231760217494
431800.0,2076.6935784458833
431820.0,2079.4377775217476
431840.0,2073.609134124347
431860.0,2053.0309353438192
431880.0,2011.2841075924098
431900.0,1943.1622666910619
431920.0,1847.139232662215
431940.0,1728.2598104907815
431960.0,1599.8532079223387
431980.0,1482.3896560449746
432000.0,1398.5513404483715
432020.0,1365.9459355218034
432040.0,1391.7675783801708
432060.0,1471.6624292457636
432080.0,1591.8533016312424
432100.0,1733.3670243679546
432120.0,1876.982954940441
432140.0,2007.083122458104
432160.0,2113.645252616176
432180.0,2192.5964364886695
432200.0,2244.9828333950254
432220.0,2275.4872799444306
432240.0,2290.7820752376433
432260.0,2297.9889243041425
432280.0,2303.296545801729
432300.0,2310.86740061947
432320.0,2322.3643308273445
432340.0,2337.202890991709
432360.0,2353.3940493856644
432380.0,2368.7484104843297
432400.0,2381.863805257887
432420.0,2392.4804831745755
432440.0,2401.23710818153
432460.0,2409.0451363098764
432480.0,2416.474631548718
432500.0,2423.4778464623673
432520.0,2429.5181599272555
432540.0,2433.967553030705
432560.0,2436.488223618161
432580.0,2437.198572156075
432600.0,2436.613623578245
432620.0,2435.3891749983363
432640.0,2434.006342901536
432660.0,2432.5961902118397
432680.0,2430.9907593380003
432700.0,2428.907425041657
432720.0,2426.1174662040385
432740.0,2422.562654423862
432760.0,2418.4117894256838
432780.0,2414.002242056548
432800.0,2409.772978364041
432820.0,2406.2332303060184
432840.0,2403.8288001584956
432860.0,2402.7286615581725
432880.0,2402.738923883145
432900.0,2403.3077382441643
432920.0,2403.607109458283
432940.0,2402.8231316543506
432960.0,2400.5037832534063
432980.0,2396.691235186489
433000.0,2391.8715097575914
433020.0,2386.864581821684
433040.0,2382.6607918563973
433060.0,2380.2162395215173
433080.0,2380.2456862588538
433100.0,2383.0236732215067
433120.0,2388.2730122202493
433140.0,2395.2410927383803
433160.0,2402.9582882433688
433180.0,2410.546520198801
433200.0,2417.4132765654604
433220.0,2423.236228183777
433240.0,2427.8286983389376
433260.0,2431.034857951586
433280.0,2432.7033914188855
433300.0,2432.721262886714
433320.0,2431.116610502252
433340.0,2428.197316603749
433360.0,2424.6228057371777
433380.0,2421.324868588872
433400.0,2419.25735615614
433420.0,2419.093286656532
433440.0,2420.96335076157
433460.0,2424.2257825913157
433480.0,2427.271766702289
433500.0,2427.3742360530323
433520.0,2420.565451044421
433540.0,2401.6846248221864
433560.0,2364.8599784197304
433580.0,2304.4609589227666
433600.0,2216.2547305348176
433620.0,2098.4000875641223
433640.0,1952.2955979966766
433660.0,1783.8964100373364
433680.0,1605.0544000600617
433700.0,1433.122501668865
433720.0,1287.1886087326557
433740.0,1181.966986204417
433760.0,1123.7758574234992
433780.0,1110.5393499277666
433800.0,1134.213206805198
433820.0,1183.8902291973736
433840.0,1248.5163055630396
433860.0,1318.7321136183139
433880.0,1387.7747930774744
433900.0,1451.6221522306937
433920.0,1508.6628251380175
433940.0,1559.1680667661592
433960.0,1604.766868710839
433980.0,1648.0239048063322
434000.0,1692.1198764710377
434020.0,1740.5584579583115
434040.0,1796.7887634224032
434060.0,1863.6471239276045
434080.0,1942.591843487661
434100.0,2032.827884022538
434120.0,2130.584379131739
434140.0,2228.9937027549495
434160.0,2319.1614309521005
434180.0,2392.6179184924717
434200.0,2443.9197195493484
434220.0,2471.918873561377
434240.0,2479.425409077895
434260.0,2471.880617143753
434280.0,2455.726752044843
434300.0,2437.0089227036347
434320.0,2420.5301561346832
434340.0,2409.515679572643
434360.0,2405.5893460484513
434380.0,2408.8891701892185
434400.0,2418.2351746121567
434420.0,2431.3409565060083
434440.0,2445.094579161633
434460.0,2455.9032182448664
434480.0,2459.9875918832195
434500.0,2453.633160430801
434520.0,2433.537267845143
434540.0,2397.4417038776896
434560.0,2344.8627199895427
434580.0,2277.5689552975105
434600.0,2199.553065012975
434620.0,2116.4302110413128
434640.0,2034.39769866953
434660.0,1958.939476398117
434680.0,1893.6636905199732
434700.0,1839.7928328372568
434720.0,1796.5110511952948
434740.0,1761.7764449411625
434760.0,1733.1474986527242
434780.0,1708.4214500699916
434800.0,1686.0081416634853
434820.0,1665.0358409579821
434840.0,1645.2676797366444
434860.0,1626.927546600464
434880.0,1610.4806754345727
434900.0,1596.4220998453272
434920.0,1585.1385481089014
434940.0,1576.8364379663003
434960.0,1571.5126151961056
434980.0,1568.9693266226539
435000.0,1568.8560830884173
435020.0,1570.7271989390215
435040.0,1574.1027076207633
435060.0,1578.5180295024181
435080.0,1583.5618788095364
435100.0,1588.9267783991575
435120.0,1594.4506226251647
435140.0,1600.1240692864708
435160.0,1606.0929876943126
435180.0,1612.630994501464
435200.0,1620.0623152515568
435220.0,1628.6699148589664
435240.0,1638.625483989872
435260.0,1649.9677785882454
435280.0,1662.6250692087967
435300.0,1676.463936642846
435320.0,1691.324495168942
435340.0,1707.0237646671067
435360.0,1723.3729228081197
435380.0,1740.2252477655052
435400.0,1757.5051193017953
435420.0,1775.1792613945217
435440.0,1793.2001864760375
435460.0,1811.4532051362264
435480.0,1829.7194933608475
435500.0,1847.693622167132
435520.0,1865.0703248111301
435540.0,1881.6465986988321
435560.0,1897.400893003456
435580.0,1912.5222721224095
435600.0,1927.358267626431
435620.0,1942.3044753095205
435640.0,1957.6981163657995
435660.0,1973.7266796640051
435680.0,1990.3626215950687
435700.0,2007.3875158901185
435720.0,2024.545088719108
435740.0,2041.6774146084638
435760.0,2058.6994060710144
435780.0,2075.459121553172
435800.0,2091.5579410986493
435820.0,2106.172590174783
435840.0,2117.9537094087364
435860.0,2125.0255618341084
435880.0,2125.076531929606
435900.0,2115.607248016976
435920.0,2094.362802877824
435940.0,2059.8765483695074
435960.0,2011.9756488377857
435980.0,1952.0386628027823
436000.0,1882.8855143940204
436020.0,1808.463762539879
436040.0,1733.7378732741065
436060.0,1664.7428047935512
436080.0,1608.3051470152436
436100.0,1571.1201398250148
436120.0,1558.4022089869284
436140.0,1572.9543667248963
436160.0,1614.9172106271485
436180.0,1681.6982788336627
436200.0,1768.2148258578793
436220.0,1867.6131099912182
436240.0,1971.9629766331468
436260.0,2072.5411214399123
436280.0,2159.892080793356
436300.0,2224.1201298273872
436320.0,2255.6033548639875
436340.0,2246.0335925203844
436360.0,2189.805306558877
436380.0,2085.9817502719893
436400.0,1940.7050508003153
436420.0,1769.1643276771738
436440.0,1595.326430451676
436460.0,1447.4000241295346
436480.0,1349.9720863177458
436500.0,1317.682912351691
436520.0,1353.14361854265
436540.0,1447.8988724746214
436560.0,1585.0517695514177
436580.0,1743.1123276096052
436600.0,1900.8126391323153
436620.0,2041.43280174096
436640.0,2155.010358985827
436660.0,2238.131999064344
436680.0,2291.9811197917193
436700.0,2319.5715441709117
436720.0,2323.0759117294897
436740.0,2302.0808934158895
436760.0,2253.323298982993
436780.0,2172.027819247288
436800.0,2054.6803756699464
436820.0,1902.7693951995666
436840.0,1726.5275209585307
436860.0,1547.0122589445705
436880.0,1394.2502945192468
436900.0,1299.5347507903316
436920.0,1283.7208466918116
436940.0,1348.7445096039378
436960.0,1477.3375199710576
436980.0,1640.5262481087327
437000.0,1807.9011709989732
437020.0,1955.2976380850396
437040.0,2068.385985274827
437060.0,2142.66927170519
437080.0,2181.196408820663
437100.0,2191.4758830500086
437120.0,2182.6280031141155
437140.0,2163.3488975705245
437160.0,2140.7621969114225
437180.0,2119.910649019868
437200.0,2103.7699985640993
437220.0,2093.5765348269297
437240.0,2089.261934875537
437260.0,2089.9026111965018
437280.0,2094.122540120195
437300.0,2100.386163609665
437320.0,2107.180972958624
437340.0,2113.15599380181
437360.0,2117.261202532495
437380.0,2118.847165636449
437400.0,2117.7059707558487
437420.0,2114.0845220038304
437440.0,2108.686253532273
437460.0,2102.6623971677104
437480.0,2097.5543711413907
437500.0,2095.174021079207
437520.0,2097.394084801691
437540.0,2105.7590678038114
437560.0,2120.874035103624
437580.0,2141.645254393902
437600.0,2164.535165277961
437620.0,2183.046355206295
437640.0,2187.723217237898
437660.0,2167.027516600025
437680.0,2109.311102048153
437700.0,2005.8745076808816
437720.0,1854.7054300559844
437740.0,1663.910064855246
437760.0,1453.2100662086514
437780.0,1251.4055296444833
437800.0,1088.8264222201121
437820.0,988.1760255797166
437840.0,959.0345220118033
437860.0,996.8247121676443
437880.0,1084.730618410786
437900.0,1197.776631359679
437920.0,1308.9854570585571
437940.0,1396.339711545782
437960.0,1447.722363557435
437980.0,1462.1005172458636
438000.0,1446.9802293169184
438020.0,1414.016438424885
438040.0,1375.3311187812562
438060.0,1341.5757994211165
438080.0,1321.3530987017382
438100.0,1321.3079809416388
438120.0,1346.2651372788537
438140.0,1398.9993843459201
438160.0,1479.544288325292
438180.0,1584.3394625647857
438200.0,1705.9415191887715
438220.0,1834.1582516564335
438240.0,1958.4351684969456
438260.0,2070.192308421293
438280.0,2164.282898143554
438300.0,2239.257936720135
438320.0,2296.4942887801167
438340.0,2338.872449025567
438360.0,2369.7434154094885
438380.0,2392.3167943082285
438400.0,2409.2941057534526
438420.0,2422.6658444730383
438440.0,2433.5998107378146
438460.0,2442.4323894963804
438480.0,2448.775161131278
438500.0,2451.7147119140623
438520.0,2450.104511014756
438540.0,2442.9335131261496
438560.0,2429.7534869023507
438580.0,2411.0981945504554
438600.0,2388.681644324191
438620.0,2365.020202694907
438640.0,2342.3935726578143
438660.0,2321.6502088102256
438680.0,2301.2444859176476
438700.0,2276.703616263251
438720.0,2240.725558343092
438740.0,2184.054117414181
438760.0,2097.2760076725417
438780.0,1973.4929835139367
438800.0,1811.4975481189335
438820.0,1618.6228211253106
438840.0,1411.8014933866946
438860.0,1214.945247749169
438880.0,1052.0338560425434
438900.0,939.5004843913227
438920.0,883.0283045585395
438940.0,878.9600583576891
438960.0,917.8782254024018
438980.0,988.3899709672829
439000.0,1079.9688075183856
439020.0,1184.3908522380993
439040.0,1295.817153423689
439060.0,1409.9230713711484
439080.0,1522.694334091419
439100.0,1629.658156173641
439120.0,1726.2520385917924
439140.0,1809.0722810147006
439160.0,1876.8655074244264
439180.0,1930.5610811242816
439200.0,1972.5459491564889
439220.0,2005.7611000725533
439240.0,2032.9415252823546
439260.0,2056.1080579763466
439280.0,2076.3430936367204
439300.0,2093.8417289390954
439320.0,2108.157125373557
439340.0,2118.5628747670066
439360.0,2124.483613776697
439380.0,2125.930937052647
439400.0,2123.834314557862
439420.0,2120.1314688436623
439440.0,2117.4804001136536
439460.0,2118.5448906796846
439480.0,2125.1772513573956
439500.0,2137.9594993330293
439520.0,2156.0309657270423
439540.0,2176.9420651605915
439560.0,2196.3887792249366
439580.0,2207.9141230834184
439600.0,2202.992089232949
439620.0,2171.882192212837
439640.0,2105.4231549650162
439660.0,1997.7011190399699
439680.0,1849.1876964619642
439700.0,1669.5368957059459
439720.0,1478.6863523201744
439740.0,1304.4830436982656
439760.0,1175.752447275223
439780.0,1113.33691621795
439800.0,1124.6805707660972
439820.0,1203.3533739995444
439840.0,1331.5659423247394
439860.0,1484.2092628807545
439880.0,1633.835756886136
439900.0,1755.899094216611
439920.0,1832.9714672142068
439940.0,1857.0853039657807
439960.0,1830.0514811962391
439980.0,1761.922873041144
440000.0,1668.053969512969
440020.0,1565.5288037939365
440040.0,1469.8909998005215
440060.0,1393.1071702163774
440080.0,1343.0599320006943
440100.0,1323.9900650046673
440120.0,1337.27894469543
440140.0,1382.037307617775
440160.0,1454.9775947698029
440180.0,1549.990237258574
440200.0,1658.3704212036623
440220.0,1769.8870027874902
440240.0,1874.44195966491
440260.0,1963.8677175986456
440280.0,2033.3053184304554
440300.0,2081.7028874132334
440320.0,2111.307241984618
440340.0,2126.4454217640205
440360.0,2132.129401244509
440380.0,2132.944846689111
440400.0,2132.4151700509206
440420.0,2132.7979830890663
440440.0,2135.196938588849
440460.0,2139.848517703677
440480.0,2146.429078312092
440500.0,2154.3014290682704
440520.0,2162.704086123061
440540.0,2170.8820761852444
440560.0,2178.149271392553
440580.0,2183.8943072585394
440600.0,2187.5730972392025
440620.0,2188.7209466661943
440640.0,2186.968244962709
440660.0,2182.0568902670066
440680.0,2173.861042953765
440700.0,2162.4227887149036
440720.0,2147.999830765743
440740.0,2131.1105028923134
440760.0,2112.553749062308
440780.0,2093.3595315141897
440800.0,2074.678843127763
440820.0,2057.626833822594
440840.0,2043.094193566302
440860.0,2031.6066451726115
440880.0,2023.2731522172514
440900.0,2017.8321670271453
440920.0,2014.7921197831615
440940.0,2013.600347679696
440960.0,2013.7949422317433
440980.0,2015.1114347121634
441000.0,2017.4883710377094
441020.0,2020.95090026404
441040.0,2025.4500568961387
441060.0,2030.7604847253556
441080.0,2036.5077456864146
441100.0,2042.305187028407
441120.0,2047.9330593099996
441140.0,2053.509585745263
441160.0,2059.638920779012
441180.0,2067.484458751525
441200.0,2078.6679589710134
441220.0,2094.9253259007355
441240.0,2117.4887530991828
441260.0,2146.254510343926
441280.0,2178.9059421594734
441300.0,2210.180720598715
441320.0,2231.5593573328083
441340.0,2231.7471409207355
441360.0,2198.2260998416014
441380.0,2119.9629152791567
441400.0,1991.0189884874956
441420.0,1814.2787677860651
441440.0,1603.8677302927927
441460.0,1384.339357896847
441480.0,1185.4214185375693
441500.0,1034.0561868787465
441520.0,948.5279404890791
441540.0,936.8155169581385
441560.0,997.4062128597592
441580.0,1120.7610951525596
441600.0,1290.7378426821626
441620.0,1486.4047114947712
441640.0,1685.3269630850828
441660.0,1868.0226072674177
441680.0,2021.3262327052441
441700.0,2139.395112098011
441720.0,2222.6755337828363
441740.0,2275.881900715485
441760.0,2305.88667381991
441780.0,2320.033591205252
441800.0,2325.0195541414664
441820.0,2326.2143813915877
441840.0,2327.347745756981
441860.0,2330.528768432403
441880.0,2336.5451412017705
441900.0,2345.301303593481
441920.0,2356.2752929061544
441940.0,2368.874792173194
441960.0,2382.613844056267
441980.0,2397.095477801544
442000.0,2411.9072618148366
442020.0,2426.5205432649245
442040.0,2440.241942785557
442060.0,2452.24643910553
442080.0,2461.7080656762387
442100.0,2467.9749700250295
442120.0,2470.7392114927206
442140.0,2470.141721839569
442160.0,2466.7489751031576
442180.0,2461.3906963996533
442200.0,2454.89112534126
442220.0,2447.769043380265
442240.0,2440.045312740288
442260.0,2431.2656212958955
442280.0,2420.7661350082412
442300.0,2408.069387998855
442320.0,2393.2420486317415
442340.0,2377.078925094146
442360.0,2361.0601427825504
442380.0,2347.08093164018
442400.0,2337.090406185958
442420.0,2332.765850374407
442440.0,2335.1965757420676
442460.0,2344.5159391091706
442480.0,2359.4295747358115
442500.0,2376.5865479935974
442520.0,2389.9014352314252
442540.0,2390.4196712962575
442560.0,2367.154669043854
442580.0,2308.9038167826698
442600.0,2207.058859134443
442620.0,2059.174447105522
442640.0,1872.2898068149268
442660.0,1664.346123763064
442680.0,1461.810186221294
442700.0,1292.7735968468876
442720.0,1178.775521943895
442740.0,1130.7167716096542
442760.0,1149.2533412047235
442780.0,1227.220786123292
442800.0,1352.2440444246806
442820.0,1508.7255590139243
442840.0,1679.3418930333362
442860.0,1846.8474574020706
442880.0,1996.6612647297
442900.0,2119.2003602975497
442920.0,2210.838831894577
442940.0,2273.3095419078504
442960.0,2312.0016652561044
442980.0,2333.8716015392374
443000.0,2345.525596391749
443020.0,2352.0632122291636
443040.0,2356.862467400625
443060.0,2361.889465016629
443080.0,2368.069853381593
443100.0,2375.553140325233
443120.0,2383.9808368137046
443140.0,2392.793525418069
443160.0,2401.4547158011346
443180.0,2409.4858864764674
443200.0,2416.4135486242667
443220.0,2421.7832931309213
443240.0,2425.207892479952
443260.0,2426.42550284307
443280.0,2425.2978412046696
443300.0,2421.795691481525
443320.0,2416.0401620598986
443340.0,2408.327977464177
443360.0,2399.079391423682
443380.0,2388.7114143910353
443400.0,2377.473986154314
443420.0,2365.3553168158405
443440.0,2352.107241374851
443460.0,2337.393538587255
443480.0,2321.0845565588106
443500.0,2303.609769309178
443520.0,2286.232350936129
443540.0,2271.116324645239
443560.0,2260.966853393042
443580.0,2257.9577388040643
443600.0,2262.177597801903
443620.0,2270.5049049786744
443640.0,2276.401358831584
443660.0,2270.5051316078375
443680.0,2241.9926293657513
443700.0,2180.710287066958
443720.0,2079.9194137130444
443740.0,1939.2380320850582
443760.0,1767.00157376743
443780.0,1580.6793094673615
443800.0,1403.739998427342
443820.0,1258.9733592099758
443840.0,1162.033924853897
443860.0,1119.186857885503
443880.0,1128.6894351964795
443900.0,1183.592645735198
443920.0,1274.3847701877096
443940.0,1390.7212820055197
443960.0,1522.2079564677556
443980.0,1658.7704634676036
444000.0,1791.3017461717532
444020.0,1912.5868451645315
444040.0,2018.0473681214557
444060.0,2106.0112645156905
444080.0,2177.3892675751827
444100.0,2234.9209791294315
444120.0,2282.189927667853
444140.0,2322.5475263549997
444160.0,2358.2920283976428
444180.0,2390.40610018994
444200.0,2418.859502531856
444220.0,2443.2745153616715
444240.0,2463.381089475248
444260.0,2479.028881941146
444280.0,2490.0152749610797
444300.0,2496.0320460802623
444320.0,2496.8687857540053
444340.0,2492.7523491537327
444360.0,2484.531139693818
444380.0,2473.571469255005
444400.0,2461.386647711284
444420.0,2449.141758569219
444440.0,2437.096013006751
444460.0,2424.0475076676094
444480.0,2406.962660052387
444500.0,2380.932362647308
444520.0,2339.5483476471927
444540.0,2275.881246902671
444560.0,2184.156180651529
444580.0,2062.024147473658
444600.0,1912.9855421592863
444620.0,1748.141040422919
444640.0,1586.0772384650738
444660.0,1449.5867055787908
444680.0,1359.1690378423025
444700.0,1326.2439916141877
444720.0,1350.285002893873
444740.0,1420.6058772311294
444760.0,1520.5688561603686
444780.0,1632.3163043504208
444800.0,1740.6552002214
444820.0,1835.2203939930546
444840.0,1910.8694157293824
444860.0,1966.8575490150688
444880.0,2005.5683739866097
444900.0,2031.2132325670268
444920.0,2048.6011583680174
444940.0,2062.105737184122
444960.0,2074.998597677049
444980.0,2089.20292420452
445000.0,2105.375000674174
445020.0,2123.1953013503494
445040.0,2141.8393047106288
445060.0,2160.4963900234416
445080.0,2178.6759124272276
445100.0,2196.1567940067407
445120.0,2212.7445203136595
445140.0,2228.1014560511703
445160.0,2241.759162605424
445180.0,2253.262264499135
445200.0,2262.3215397139275
445220.0,2268.9220596059863
445240.0,2273.3219966045135
445260.0,2275.9383491696944
445280.0,2277.2306073608443
445300.0,2277.6258073311374
445320.0,2277.483320706965
445340.0,2277.0827479167874
445360.0,2276.620431151786
445380.0,2276.203070448954
445400.0,2275.854420308696
445420.0,2275.536056706186
445440.0,2275.172137262557
445460.0,2274.6593677349356
445480.0,2273.8785669483545
445500.0,2272.7179752937745
445520.0,2271.10457157258
445540.0,2269.0497842234204
445560.0,2266.6558083401414
445580.0,2264.0802748652327
445600.0,2261.5014627633136
445620.0,2259.0873771877045
445640.0,2256.972122455877
445660.0,2255.2584447733434
445680.0,2254.0364859948977
445700.0,2253.3819034197277
445720.0,2253.3332562494716
445740.0,2253.881254076599
445760.0,2254.975055279271
445780.0,2256.5303189583096
445800.0,2258.4162253045606
445820.0,2260.4460522984327
445840.0,2262.4214496039467
445860.0,2264.1968012257353
445880.0,2265.6992294852616
445900.0,2266.9147673760026
445920.0,2267.913213236833
445940.0,2268.8825606973637
445960.0,2270.1146552200466
445980.0,2271.9248602686607
446000.0,2274.53549376741
446020.0,2277.9643929881577
446040.0,2281.9618931401756
446060.0,2286.0115626260676
446080.0,2289.436017194049
446100.0,2291.62111726672
446120.0,2292.330016543299
446140.0,2291.97418296426
446160.0,2291.658362904916
446180.0,2292.914591148691
446200.0,2297.180060389681
446220.0,2305.1251970142885
446240.0,2315.9350528556506
446260.0,2326.662750709804
446280.0,2331.8697197373567
446300.0,2323.778671453242
446320.0,2293.249554617809
446340.0,2231.8015820995406
446360.0,2134.4847259699536
446380.0,2002.9500366358861
446400.0,1847.538608941839
446420.0,1686.8189202941326
446440.0,1543.7035981324532
446460.0,1439.5652311954466
446480.0,1389.7615356548492
446500.0,1401.9125747784847
446520.0,1475.7373373707273
446540.0,1603.3890808102356
446560.0,1770.1684979370646
446580.0,1956.3560540298815
446600.0,2140.725235915654
446620.0,2304.6603638168476
446640.0,2435.2739825464223
446660.0,2526.840660259906
446680.0,2580.5263050062995
446700.0,2602.629615896567
446720.0,2602.12993908009
446740.0,2588.393744773388
446760.0,2569.464063348295
446780.0,2551.066780855609
446800.0,2536.2817178217942
446820.0,2525.721720660281
446840.0,2518.0690624038143
446860.0,2510.838438741256
446880.0,2501.231565685264
446900.0,2486.9597214839787
446920.0,2466.850926691857
446940.0,2441.0132336975366
446960.0,2410.5323280908647
446980.0,2376.9337516218375
447000.0,2341.6725905403896
447020.0,2305.824934087049
447040.0,2270.050082630464
447060.0,2234.7581607741386
447080.0,2200.3480441471374
447100.0,2167.3965054821447
447120.0,2136.729328996586
447140.0,2109.3754204345564
447160.0,2086.401608111363
447180.0,2068.665907086015
447200.0,2056.5187227583974
447220.0,2049.476773410148
447240.0,2045.9106127341795
447260.0,2042.8535178546986
447280.0,2036.0449853751766
447300.0,2020.2466872924392
447320.0,1989.8494467014796
447340.0,1939.780604141415
447360.0,1866.6569621772971
447380.0,1770.1251374729304
447400.0,1654.159963626426
447420.0,1527.5082094372638
447440.0,1402.1908985194787
447460.0,1289.951602775344
447480.0,1198.7350189556437
447500.0,1131.3799481658334
447520.0,1086.3032762568023
447540.0,1059.0944650151937
447560.0,1044.2100815157128
447580.0,1036.3052709165393
447600.0,1031.022921653836
447620.0,1025.2610468650876
447640.0,1017.0556152138921
447660.0,1005.2635284731499
447680.0,989.2273556811866
447700.0,968.5673487150925
447720.0,943.1903591817561
447740.0,913.5379109418569
447760.0,881.0222241477093
447780.0,848.5250379350051
447800.0,820.7690377935016
447820.0,804.331485714376
447840.0,807.0774783613363
447860.0,836.874379393332
447880.0,899.6369601578344
447900.0,997.0625032487089
447920.0,1124.842871557145
447940.0,1272.60177511962
447960.0,1426.6151605606647
447980.0,1574.0577833972495
448000.0,1705.9188788486777
448020.0,1817.8210774827505
448040.0,1909.6001254562839
448060.0,1984.0389067308963
448080.0,2044.9901440291644
448100.0,2095.576990164691
448120.0,2137.070454038665
448140.0,2168.7528791726845
448160.0,2188.7131875625355
448180.0,2195.1685013995702
448200.0,2187.8514475727684
448220.0,2168.9399351952607
448240.0,2143.123002546975
448260.0,2116.856352208034
448280.0,2096.7429394772203
448300.0,2086.852661855562
448320.0,2086.2719191249776
448340.0,2089.1918063681715
448360.0,2087.170807364276
448380.0,2071.6663045150963
448400.0,2035.8577526978238
448420.0,1975.5506616439866
448440.0,1889.3542836843073
448460.0,1778.5644065984573
448480.0,1646.834759360805
448500.0,1499.5752371047236
448520.0,1343.2933271288916
448540.0,1185.3893707506022
448560.0,1034.5675118648414
448580.0,901.2841149685042
448600.0,797.1977929587362
448620.0,732.6209999992996
448640.0,712.9063020236844
448660.0,736.2158710639321
448680.0,793.4587048347884
448700.0,870.0817491869384
448720.0,949.4188657377259
448740.0,1016.9164199361425
448760.0,1063.2608109903053
448780.0,1085.4173727491434
448800.0,1086.1297649724254
448820.0,1072.6881157122073
448840.0,1055.3903982374832
448860.0,1045.4555074716486
448880.0,1051.7815029879469
448900.0,1077.6575442502674
448920.0,1120.8660943779116
448940.0,1177.1569962048222
448960.0,1242.803109638904
448980.0,1314.2802135135037
449000.0,1387.3144172992252
449020.0,1457.7547798008395
449040.0,1523.2061704324074
449060.0,1583.9341388944301
449080.0,1642.5820022971973
449100.0,1702.6547044551135
449120.0,1766.6438993436054
449140.0,1834.9181152704089
449160.0,1905.462550541936
449180.0,1973.9865598787478
449200.0,2034.1005320121817
449220.0,2077.6173067777227
449240.0,2095.2158499064444
449260.0,2077.5736689437485
449280.0,2017.1052101535438
449300.0,1910.5309552095136
449320.0,1761.8417152544723
449340.0,1584.4338167272729
449360.0,1400.7781891874747
449380.0,1238.2405183939577
449400.0,1121.6028366151072
449420.0,1066.5875659780559
449440.0,1077.9155179627842
449460.0,1150.7875952594718
449480.0,1273.5951955953174
449500.0,1430.5425467193952
449520.0,1603.8282594581563
449540.0,1775.775781601497
449560.0,1931.3189009195842
449580.0,2060.2468466884707
449600.0,2158.12435035361
449620.0,2225.665310667021
449640.0,2267.2319260236973
449660.0,2289.0860737552857
449680.0,2297.8268552990476
449700.0,2299.281920718147
449720.0,2297.9648571650696
449740.0,2297.0269849153224
449760.0,2298.4197790506755
449780.0,2303.0784724307796
449800.0,2311.1131634840194
449820.0,2322.0321452504522
449840.0,2335.053340163106
449860.0,2349.285364887356
449880.0,2363.716698554645
449900.0,2377.21085148949
449920.0,2388.5870317963863
449940.0,2396.84742397507
449960.0,2401.4859465289087
449980.0,2402.688226488729
450000.0,2401.333361844714
450020.0,2398.79842840352
450040.0,2396.573125668845
450060.0,2395.685710795282
450080.0,2396.010324441031
450100.0,2395.6174038081417
450120.0,2390.4510727881434
450140.0,2374.5572330362857
450160.0,2340.9327037620296
450180.0,2282.9371372689957
450200.0,2196.11715050637
450220.0,2079.9059503004146
450240.0,1938.4425624985736
450260.0,1780.085787344629
450280.0,1616.402212195814
450300.0,1461.9370591484942
450320.0,1333.9482690285756
450340.0,1249.7010062794297
450360.0,1221.2677240811083
450380.0,1251.9150562597201
450400.0,1336.1325315283577
450420.0,1461.7554509800302
450440.0,1612.6011487990777
450460.0,1771.0117859146055
450480.0,1920.5471589795839
450500.0,2048.5625892045637
450520.0,2147.776518910602
450540.0,2216.3622041835556
450560.0,2256.9123575978383
450580.0,2274.9621890250655
450600.0,2277.4547812417227
450620.0,2271.3805463808744
450640.0,2262.700600880934
450660.0,2255.675164822323
450680.0,2252.66000653739
450700.0,2254.2735820576627
450720.0,2259.8510580558786
450740.0,2268.107509845527
450760.0,2277.7366468440987
450780.0,2287.7301454267463
450800.0,2297.436757666396
450820.0,2306.445146878177
450840.0,2314.4371944620075
450860.0,2321.135297539727
450880.0,2326.383757264912
450900.0,2330.2558699500164
450920.0,2332.991261602337
450940.0,2334.828654763717
450960.0,2335.8218347928837
450980.0,2335.6395744091433
451000.0,2333.450420718767
451020.0,2327.9494377403976
451040.0,2317.482371574678
451060.0,2300.359130382668
451080.0,2275.3838785250678
451100.0,2242.407076641277
451120.0,2202.775434592828
451140.0,2159.6032781368676
451160.0,2117.5492962179223
451180.0,2081.902450212756
451200.0,2057.1264518057624
451220.0,2045.627221877569
451240.0,2047.440443369326
451260.0,2060.7062084107156
451280.0,2082.428188327802
451300.0,2109.1310176971356
451320.0,2137.3591344315005
451340.0,2164.1151794150464
451360.0,2187.2468370169904
451380.0,2205.657841248626
451400.0,2219.253933070216
451420.0,2228.6157801270847
451440.0,2234.5500965863134
451460.0,2237.6894770887548
451480.0,2238.2801476895143
451500.0,2236.2550436372208
451520.0,2231.4861014827243
451540.0,2224.0686863461187
451560.0,2214.5589109352195
451580.0,2204.062968509891
451600.0,2194.180538279827
451620.0,2186.800361919189
451640.0,2183.5619810480257
451660.0,2185.0720939737184
451680.0,2190.1415382558325
451700.0,2195.1639023543967
451720.0,2193.76399583315
451740.0,2176.928027860442
451760.0,2133.860934032218
451780.0,2053.8339610406047
451800.0,1929.0803153647716
451820.0,1758.478901340106
451840.0,1551.0931115675187
451860.0,1327.7522536392953
451880.0,1118.501923930022
451900.0,954.8966568253949
451920.0,860.824400479336
451940.0,847.5203282908806
451960.0,913.0477458417865
451980.0,1044.1883627878492
452000.0,1219.6100084113693
452020.0,1414.2845057692753
452040.0,1604.8953924620741
452060.0,1774.1963154523673
452080.0,1912.6705756742108
452100.0,2017.866689397583
452120.0,2092.5542667128493
452140.0,2142.501402619971
452160.0,2174.457249121743
452180.0,2194.6889506221487
452200.0,2208.1419595093275
452220.0,2218.1712290167166
452240.0,2226.671510806331
452260.0,2234.457232281267
452280.0,2241.6981452045757
452300.0,2248.2617220132825
452320.0,2253.9560599948213
452340.0,2258.7161546543493
452360.0,2262.7556858777025
452380.0,2266.5836851467798
452400.0,2270.8353948936756
452420.0,2276.023601462043
452440.0,2282.3361986053087
452460.0,2289.522829527436
452480.0,2296.8852237929086
452500.0,2303.334661475351
452520.0,2307.570443967912
452540.0,2308.4173998720394
452560.0,2305.1759183586
452580.0,2297.8197028040922
452600.0,2287.0275166894207
452620.0,2274.0377847781547
452640.0,2260.3419165699024
452660.0,2247.354844907248
452680.0,2236.1899840760243
452700.0,2227.5517478705196
452720.0,2221.7349770423807
452740.0,2218.6838749742337
452760.0,2218.101258162091
452780.0,2219.559243800774
452800.0,2222.5754498790106
452820.0,2226.641835223884
452840.0,2231.250084053587
452860.0,2235.9766471970156
452880.0,2240.5635397325977
452900.0,2244.9228572440593
452920.0,2249.0446044278788
452940.0,2252.896530526671
452960.0,2256.3892610418543
452980.0,2259.4004812031626
453000.0,2261.8438712273464
453020.0,2263.7657421199547
453040.0,2265.4840717166157
453060.0,2267.7550609919203
453080.0,2271.8513171903446
453100.0,2279.4487767776177
453120.0,2292.2832590732114
453140.0,2311.520963518645
453160.0,2336.8856986680594
453180.0,2365.743925725693
453200.0,2392.407659854089
453220.0,2407.9369792386597
453240.0,2400.7776525884974
453260.0,2358.541184564852
453280.0,2270.9602357248114
453300.0,2133.580602741539
453320.0,1951.166417608437
453340.0,1739.3466111922444
453360.0,1523.1771348790392
453380.0,1332.1449492196907
453400.0,1192.520472297278
453420.0,1120.81020317326
453440.0,1121.74502690153
453460.0,1189.7968166958594
453480.0,1311.9880591485603
453500.0,1470.709434368574
453520.0,1646.3040044154689
453540.0,1819.8052644604472
453560.0,1975.7514011664575
453580.0,2104.1828686338713
453600.0,2201.1372212338656
453620.0,2267.7275377859933
453640.0,2308.4763826776793
453660.0,2329.5846463619155
453680.0,2337.4998921814567
453700.0,2337.912441706751
453720.0,2335.2071697199676
453740.0,2332.3597191630365
453760.0,2331.1471480988957
453780.0,2332.455518057305
453800.0,2336.5769934149143
453820.0,2343.3888664595124
453840.0,2352.4228862963087
453860.0,2362.9706530728804
453880.0,2374.2247037417105
453900.0,2385.3944726109994
453920.0,2395.785551841559
453940.0,2404.8458657304845
453960.0,2412.18043587197
453980.0,2417.5637079824855
454000.0,2420.936031420979
454020.0,2422.412974184172
454040.0,2422.2804785124686
454060.0,2420.9204284326306
454080.0,2418.7272550901607
454100.0,2416.0582647210094
454120.0,2413.1932271661663
454140.0,2410.3399070317573
454160.0,2407.6787517612197
454180.0,2405.359167986545
454200.0,2403.4407031530154
454220.0,2401.859660302146
454240.0,2400.4294133193607
454260.0,2398.8742470783973
454280.0,2396.9141250943694
454300.0,2394.3703027891356
454320.0,2391.3011026083705
454340.0,2388.189813429065
454360.0,2386.083199481086
454380.0,2386.530254419618
454400.0,2391.227454261997
454420.0,2401.4493179286787
454440.0,2417.346531873996
454460.0,2437.2035218588926
454480.0,2456.7784004751356
454500.0,2468.93964314867
454520.0,2463.983235402059
454540.0,2430.886557013464
454560.0,2359.5626673430493
454580.0,2244.0118223886943
454600.0,2085.823786322281
454620.0,1896.8762888315814
454640.0,1699.6203991439536
454660.0,1523.4006618732722
454680.0,1396.6935390443068
454700.0,1338.3771848623514
454720.0,1353.1112586650174
454740.0,1432.015437030093
454760.0,1556.5236362310966
454780.0,1703.648522424644
454800.0,1851.5087404398896
454820.0,1983.6591495330727
454840.0,2091.1012243903756
454860.0,2171.9953803593844
454880.0,2229.7436378075117
454900.0,2270.384626284156
454920.0,2300.0133337922307
454940.0,2322.675955748398
454960.0,2339.047139328156
454980.0,2346.0343294304976
455000.0,2337.2914856331836
455020.0,2304.607925866697
455040.0,2240.0214114048003
455060.0,2138.4143123999083
455080.0,2000.1358339225274
455100.0,1832.771574552164
455120.0,1651.3961958999837
455140.0,1477.2321834340225
455160.0,1334.3528258412427
455180.0,1244.081321772802
455200.0,1219.228948873142
455220.0,1261.7578007720106
455240.0,1363.8781741009302
455260.0,1510.6596208557812
455280.0,1682.9278461089682
455300.0,1860.146591561439
455320.0,2023.5835818537294
455340.0,2159.5939809155334
455360.0,2261.645281158979
455380.0,2330.204177837196
455400.0,2370.9177945874944
455420.0,2392.062831864275
455440.0,2402.1184290365186
455460.0,2407.9955277033278
455480.0,2414.1685108203983
455500.0,2422.702600219374
455520.0,2433.8365003669037
455540.0,2446.714319398663
455560.0,2460.0325841839344
455580.0,2472.5094928357967
455600.0,2483.104025665286
455620.0,2491.0349792089555
455640.0,2495.7789024810672
455660.0,2497.077726255034
455680.0,2494.971850732103
455700.0,2489.8648934304006
455720.0,2482.5060809898278
455740.0,2473.8301076594294
455760.0,2464.8035054573547
455780.0,2456.405013593022
455800.0,2449.687704660149
455820.0,2445.8093263683722
455840.0,2445.9160221696825
455860.0,2450.7733708789965
455880.0,2460.335975326406
455900.0,2473.5332613889213
455920.0,2488.3194359515687
455940.0,2501.9408099322836
455960.0,2511.3869767628494
455980.0,2513.989634332781
456000.0,2507.9658603550915
456020.0,2492.7906656978134
456040.0,2469.394426811486
456060.0,2440.0953177565834
456080.0,2408.298463316757
456100.0,2377.940046388746
456120.0,2352.58738548826
456140.0,2334.476363212517
456160.0,2324.077455373421
456180.0,2320.3458963486305
456200.0,2321.3602056438503
456220.0,2325.037126656508
456240.0,2329.728125413133
456260.0,2334.5813750816365
456280.0,2339.665215334154
456300.0,2345.8089967229166
456320.0,2354.201402727949
456340.0,2365.8760475080917
456360.0,2381.218563044454
456380.0,2399.670358607058
456400.0,2419.8343187772834
456420.0,2439.9945262349784
456440.0,2458.621102068809
456460.0,2474.689348414736
456480.0,2487.848725294046
456500.0,2498.3474303712474
456520.0,2506.763806422876
456540.0,2513.7245217633167
456560.0,2519.733644392415
456580.0,2525.095179458355
456600.0,2529.9497950493906
456620.0,2534.394542814059
456640.0,2538.6074057874557
456660.0,2542.8805260187337
456680.0,2547.5269779260234
456700.0,2552.721220560702
456720.0,2558.3586844587144
456740.0,2564.054680894284
456760.0,2569.2697206396197
456780.0,2573.4561436998993
456800.0,2576.14725679397
456820.0,2576.9943859698183
456840.0,2575.8314218171945
456860.0,2572.7427828122054
456880.0,2568.0976127451
456900.0,2562.4949276742605
456920.0,2556.605458537626
456940.0,2551.036206429052
456960.0,2546.2471589310776
456980.0,2542.476845538211
457000.0,2539.577871890854
457020.0,2536.823911244343
457040.0,2532.782305949471
457060.0,2525.198963280492
457080.0,2510.735245147692
457100.0,2484.645503523273
457120.0,2440.763211874376
457140.0,2372.128672118163
457160.0,2272.385900181075
457180.0,2137.7721897826223
457200.0,1969.3928355267974
457220.0,1775.445010670753
457240.0,1572.454692783563
457260.0,1383.5964667980954
457280.0,1232.769234388877
457300.0,1136.9144075651532
457320.0,1102.0482214730105
457340.0,1124.1373878429672
457360.0,1192.4468045610197
457380.0,1293.2905782942196
457400.0,1412.998108080143
457420.0,1539.6411582795042
457440.0,1663.5971804171645
457460.0,1777.465653097847
457480.0,1876.2858629950947
457500.0,1958.0661624895606
457520.0,2023.5587450415726
457540.0,2075.2358591459038
457560.0,2116.1929439207406
457580.0,2149.3924332212287
457600.0,2177.340932404214
457620.0,2202.033177706831
457640.0,2224.905850646889
457660.0,2246.69994779876
457680.0,2267.4349054148834
457700.0,2286.6149582026123
457720.0,2303.4596467885303
457740.0,2317.0682499109525
457760.0,2326.5950384819603
457780.0,2331.43969451627
457800.0,2331.371585374315
457820.0,2326.6076777913613
457840.0,2317.8373408317866
457860.0,2306.1213833864936
457880.0,2292.6404256705805
457900.0,2278.4211629391675
457920.0,2264.2057787293816
457940.0,2250.5466569642795
457960.0,2238.037585784904
457980.0,2227.419116667118
458000.0,2219.4069505912908
458020.0,2214.4288597753416
458040.0,2212.4620420124206
458060.0,2213.037183045932
458080.0,2215.3734882780263
458100.0,2218.57592694893
458120.0,2221.775106225892
458140.0,2224.2031097720364
458160.0,2225.211781546696
458180.0,2224.3074898248888
458200.0,2221.2449601040294
458220.0,2216.075255459454
458240.0,2209.134952549154
458260.0,2200.9857341025318
458280.0,2192.3152604342513
458300.0,2183.9370323256835
458320.0,2176.830339444524
458340.0,2172.0681714638536
458360.0,2170.590745018018
458380.0,2172.990971683914
458400.0,2179.368470860637
458420.0,2189.251819559081
458440.0,2201.658450133374
458460.0,2215.2745145231615
458480.0,2228.6513581966415
458500.0,2240.4778567657404
458520.0,2249.8890980221513
458540.0,2256.7095542939305
458560.0,2261.4889402333474
458580.0,2265.2729022713243
458600.0,2269.263034875442
458620.0,2274.4469150146315
458640.0,2281.3169381724456
458660.0,2289.8495554789324
458680.0,2299.6556747371105
458700.0,2310.0996721126226
458720.0,2320.3823778049687
458740.0,2329.675282031557
458760.0,2337.3588947151534
458780.0,2343.266144862372
458800.0,2347.8458634779436
458820.0,2352.2212210882067
458840.0,2358.1096494347557
458860.0,2367.4277062790948
458880.0,2381.621987059042
458900.0,2400.9706937533
458920.0,2423.912688702021
458940.0,2446.4562471889817
458960.0,2461.799316829256
458980.0,2460.478924601834
459000.0,2431.421428834721
459020.0,2364.0604818567526
459040.0,2251.411895550727
459060.0,2093.594404428598
459080.0,1900.6466988562086
459100.0,1692.9300763874435
459120.0,1497.3627756704605
459140.0,1339.9026063181846
459160.0,1238.7803892836466
459180.0,1202.049433372333
459200.0,1228.366317498057
459220.0,1308.999176337929
459240.0,1429.958183913629
459260.0,1574.1247272861178
459280.0,1723.890696659281
459300.0,1864.1913751802695
459320.0,1984.6485826619214
459340.0,2079.9985752029565
459360.0,2149.133573210938
459380.0,2193.575712545235
459400.0,2216.1839678576316
459420.0,2220.418292624182
459440.0,2210.0857197590663
459460.0,2189.385396788989
459480.0,2163.0660662371943
459500.0,2136.480460214373
459520.0,2115.294968913017
459540.0,2104.687428294509
459560.0,2108.0708334100214
459580.0,2126.0305825540013
459600.0,2156.261755784404
459620.0,2194.399271542873
459640.0,2235.271728000692
459660.0,2274.0868496421526
459680.0,2307.2550940933006
459700.0,2332.7903888144524
459720.0,2350.2683200762785
459740.0,2360.4355865388407
459760.0,2364.6870516466015
459780.0,2364.625342317829
459800.0,2361.832863434673
459820.0,2357.738550468341
459840.0,2353.405107512014
459860.0,2349.2890531207267
459880.0,2345.2557071536676
459900.0,2340.8088710269794
459920.0,2335.3397916621134
459940.0,2328.297638972474
459960.0,2319.4188866331033
459980.0,2309.0999891256433
460000.0,2298.6930142364095
460020.0,2290.2967657153176
460040.0,2285.8383186883675
460060.0,2286.053383148266
460080.0,2290.5252249835144
460100.0,2298.880278723447
460120.0,2311.844362786989
460140.0,2330.9321553782092
460160.0,2357.1300971680266
460180.0,2389.8568326038285
460200.0,2426.4555518775987
460220.0,2461.9371111435476
460240.0,2489.0015691890026
460260.0,2498.531033320051
460280.0,2480.594140169852
460300.0,2426.0782860123877
460320.0,2329.0535871727693
460340.0,2189.639459381298
460360.0,2016.5128760273724
460380.0,1827.6051477820777
460400.0,1647.356162490301
460420.0,1500.2962096318472
460440.0,1403.9355544665912
460460.0,1365.3724120268382
460480.0,1382.1629593901955
460500.0,1445.2760104972206
460520.0,1542.3008717734942
460540.0,1659.9315911341496
460560.0,1785.4848861178011
460580.0,1907.7515556267936
460600.0,2017.745080659673
460620.0,2109.526120625
460640.0,2180.552608114359
460660.0,2231.2399622455687
460680.0,2264.021381198822
460700.0,2282.2684920019356
460720.0,2289.4150345839817
460740.0,2288.5849568344975
460760.0,2282.6543821209434
460780.0,2274.4429437582016
460800.0,2266.8510384563683
460820.0,2262.853683442975
460840.0,2265.2031398102913
460860.0,2275.71594910242
460880.0,2294.333882606959
460900.0,2318.7681575980428
460920.0,2345.0003290430705
460940.0,2368.179602679368
460960.0,2383.6801948301318
460980.0,2388.0916060412424
461000.0,2379.867983044554
461020.0,2359.597698935562
461040.0,2329.868567098516
461060.0,2294.6338443658574
461080.0,2258.2368648893
461100.0,2224.481226666268
461120.0,2196.046858431243
461140.0,2174.3090183502636
461160.0,2159.449360236845
461180.0,2150.7275148973754
461200.0,2146.8274074389806
461220.0,2146.1993111210463
461240.0,2147.334146218872
461260.0,2148.9399248320797
461280.0,2150.0265759681106
461300.0,2149.9533158374466
461320.0,2148.457670056789
461340.0,2145.6476641233
461360.0,2141.9451291734085
461380.0,2137.953780777643
461400.0,2134.2884570362025
461420.0,2131.4423843498753
461440.0,2129.6930586254916
461460.0,2129.049212706527
461480.0,2129.2912982601556
461500.0,2130.108558350418
461520.0,2131.2585425856064
461540.0,2132.6512232802565
461560.0,2134.365987743519
461580.0,2136.634080583598
461600.0,2139.802158159289
461620.0,2144.266936669298
461640.0,2150.4480512789764
461660.0,2158.80496400417
461680.0,2169.8944832645766
461700.0,2184.4325169667145
461720.0,2203.237161267084
461740.0,2226.908337271808
461760.0,2255.1788158005315
461780.0,2286.0871363693163
461800.0,2315.3017715991964
461820.0,2335.960157941664
461840.0,2339.3793464420296
461860.0,2316.7394060539527
461880.0,2261.5092626670144
461900.0,2172.1557365142307
461920.0,2054.2082336788912
461940.0,1920.1949080903717
461960.0,1786.3310106920467
461980.0,1667.2131932801676
462000.0,1571.9100598742625
462020.0,1503.249039522558
462040.0,1459.4233850826063
462060.0,1436.5127899270033
462080.0,1430.8673949066592
462100.0,1440.6970518959313
462120.0,1466.5464809501395
462140.0,1510.6232817773496
462160.0,1575.205125201914
462180.0,1660.6178785548345
462200.0,1763.5701405500204
462220.0,1876.875815336914
462240.0,1991.1347802299
462260.0,2097.4051030265878
462280.0,2189.3223951561254
462300.0,2264.0398616845046
462320.0,2321.9378205914445
462340.0,2365.432878981935
462360.0,2397.6566055944086
462380.0,2421.531282183425
462400.0,2439.276512467845
462420.0,2452.175667521408
462440.0,2460.6285340371264
462460.0,2464.5115366223627
462480.0,2463.7018876291186
462500.0,2458.595028075919
462520.0,2450.37985111868
462540.0,2440.9676270047153
462560.0,2432.578397250827
462580.0,2427.0830761994926
462600.0,2425.3727519481376
462620.0,2427.1137265540347
462640.0,2431.0064167923283
462660.0,2435.4031562578048
462680.0,2438.933399449086
462700.0,2440.865035735975
462720.0,2441.1614502719335
462740.0,2440.3186589804927
462760.0,2439.0282889618024
462780.0,2437.77876579121
462800.0,2436.5076535711983
462820.0,2434.4123486397125
462840.0,2430.0039862216513
462860.0,2421.4119426283673
462880.0,2406.872042249462
462900.0,2385.316971536147
462920.0,2356.966055346943
462940.0,2323.6464597505465
462960.0,2288.619077255769
462980.0,2255.709592722616
463000.0,2228.0538959514956
463020.0,2207.2721980526903
463040.0,2193.3597405760092
463060.0,2185.158619571904
463080.0,2181.1060498995166
463100.0,2179.8954455340386
463120.0,2180.8260535147024
463140.0,2183.833059812731
463160.0,2189.2972952291257
463180.0,2197.725662105054
463200.0,2209.3787304245466
463220.0,2224.001919401973
463240.0,2240.829597072723
463260.0,2258.7500887686388
463280.0,2276.4642008821115
463300.0,2292.7631041196446
463320.0,2306.83022123319
463340.0,2318.4535574787005
463360.0,2328.1376192644357
463380.0,2337.124570017904
463400.0,2347.294531098706
463420.0,2360.838954011047
463440.0,2379.66464580225
463460.0,2404.6446749050438
463480.0,2434.8613176935064
463500.0,2466.92886201459
463520.0,2494.530983608044
463540.0,2508.4704168832923
463560.0,2497.4627292929845
463580.0,2449.8550428720646
463600.0,2356.2606617209613
463620.0,2212.799565252358
463640.0,2024.2577067590294
463660.0,1805.7526712224571
463680.0,1581.0383885684666
463700.0,1376.6606746077364
463720.0,1214.0516130572746
463740.0,1104.2104947886144
463760.0,1047.2747213700457
463780.0,1035.3029749929524
463800.0,1056.1156151178138
463820.0,1096.7964935089726
463840.0,1146.1688966864376
463860.0,1196.084602089671
463880.0,1241.692890444629
463900.0,1281.0090442803346
463920.0,1314.1241127589014
463940.0,1342.3399085301646
463960.0,1367.4201227461901
463980.0,1391.0533012532935
464000.0,1414.5462360471124
464020.0,1438.7154116385336
464040.0,1463.9192338031594
464060.0,1490.1695049516652
464080.0,1517.2696568171516
464100.0,1544.942537108009
464120.0,1572.9265870904335
464140.0,1601.0326359511726
464160.0,1629.1628456411358
464180.0,1657.2986577379477
464200.0,1685.4669356603658
464220.0,1713.6942090192108
464240.0,1741.959202660774
464260.0,1770.1543556469937
464280.0,1798.067792646014
464300.0,1825.3974670714845
464320.0,1851.8076425738757
464340.0,1877.0329647515323
464360.0,1901.02581559184
464380.0,1924.1280896600656
464400.0,1947.2302961713808
464420.0,1971.8625890883468
464440.0,2000.1501939385075
464460.0,2034.568313046986
464480.0,2077.4587224293737
464500.0,2130.330712229041
464520.0,2193.067447931688
464540.0,2263.29221287295
464560.0,2336.301515080391
464580.0,2406.0204371604486
464600.0,2466.8046824901485
464620.0,2514.97045354722
464640.0,2549.4533966035215
464660.0,2571.564986264305
464680.0,2583.931761368948
464700.0,2589.1095774573855
464720.0,2588.484719180834
464740.0,2581.8146442768566
464760.0,2567.540373440802
464780.0,2543.754003541066
464800.0,2509.2255492259897
464820.0,2463.9388619830484
464840.0,2409.0791120021736
464860.0,2346.6931144681116
464880.0,2279.249893388468
464900.0,2209.236280015071
464920.0,2138.885795121867
464940.0,2070.025688119156
464960.0,2003.9914259283316
464980.0,1941.6255241464642
465000.0,1883.3550777402368
465020.0,1829.3038278580193
465040.0,1779.4050679910501
465060.0,1733.5080174479322
465080.0,1691.4562334390953
465100.0,1653.1109501006263
465120.0,1618.3359718589722
465140.0,1586.9829277533916
465160.0,1558.9072405613047
465180.0,1534.0030845004035
465200.0,1512.2124776133646
465220.0,1493.4953623324145
465240.0,1477.7893194239919
465260.0,1464.9857178308564
465280.0,1454.933515435563
465300.0,1447.4372749681181
465320.0,1442.2627823068365
465340.0,1439.181038594019
465360.0,1438.0173512384056
465380.0,1438.6732925375054
465400.0,1441.135119015219
465420.0,1445.464505902152
465440.0,1451.7709063361276
465460.0,1460.1744427682322
465480.0,1470.7651626698425
465500.0,1483.5626606972332
465520.0,1498.4759065742085
465540.0,1515.2913608583897
465560.0,1533.705174454864
465580.0,1553.371011052265
465600.0,1573.9300231523616
465620.0,1595.032806144574
465640.0,1616.3598353165937
465660.0,1637.6117544844808
465680.0,1658.4930552761475
465700.0,1678.7410649276626
465720.0,1698.1836999592574
465740.0,1716.7757852554496
465760.0,1734.5926582794345
465780.0,1751.7942348316342
465800.0,1768.5768722378114
465820.0,1785.1189228433218
465840.0,1801.5312625730458
465860.0,1817.8399163689799
465880.0,1833.9903092968507
465900.0,1849.8585238978587
465920.0,1865.2694288710686
465940.0,1880.0318627111096
465960.0,1893.9867309924878
465980.0,1907.0192056510216
466000.0,1919.0268135516112
466020.0,1929.902535674447
466040.0,1939.5585983060816
466060.0,1947.9891211306847
466080.0,1955.3566103851058
466100.0,1962.0745827934363
466120.0,1968.8593091651321
466140.0,1976.7180675756815
466160.0,1986.800400126895
466180.0,2000.0808318416505
466200.0,2016.8923648526488
466220.0,2036.3573760225913
466240.0,2055.819413832417
466260.0,2070.507629592805
466280.0,2073.703421332527
466300.0,2057.622742769323
466320.0,2015.1012733161394
466340.0,1941.882971055687
466360.0,1838.9906679275332
466380.0,1714.3104043521842
466400.0,1582.2129418046175
466420.0,1460.6395741318809
466440.0,1367.0860251650186
466460.0,1315.607962816186
466480.0,1315.026082389085
466500.0,1367.630690044774
466520.0,1468.19356117491
466540.0,1603.8833042403953
466560.0,1756.2609964445248
466580.0,1905.5180315565353
466600.0,2035.0125766914055
466620.0,2134.2088546594223
466640.0,2199.552621138973
466660.0,2233.688069720369
466680.0,2243.4723979169635
466700.0,2237.552870270948
466720.0,2224.2619292460863
466740.0,2210.216648203356
466760.0,2199.733900661673
466780.0,2194.9159082320084
466800.0,2196.0931153896786
466820.0,2202.387079625442
466840.0,2212.209325619193
466860.0,2223.6272089615713
466880.0,2234.66211164575
466900.0,2243.5705560163415
466920.0,2249.092851511306
466940.0,2250.596553692956
466960.0,2248.0762616810107
466980.0,2242.0555081847115
467000.0,2233.4073889190504
467020.0,2223.157272151749
467040.0,2212.319562205973
467060.0,2201.7905257449647
467080.0,2192.2944190648277
467100.0,2184.3386671167127
467120.0,2178.1708547828093
467140.0,2173.7659727390437
467160.0,2170.8754797350557
467180.0,2169.122311959293
467200.0,2168.1143578889505
467220.0,2167.5506130258827
467240.0,2167.2801556123327
467260.0,2167.2737092483353
467280.0,2167.5490644086303
467300.0,2168.1254249298154
467320.0,2169.018163654253
467340.0,2170.232960823272
467360.0,2171.746728834794
467380.0,2173.4955036949664
467400.0,2175.3808092740983
467420.0,2177.3051580965507
467440.0,2179.246780253607
467460.0,2181.3197339543076
467480.0,2183.751329237249
467500.0,2186.7856783708185
467520.0,2190.5729768102306
467540.0,2195.0953968058743
467560.0,2200.1334567508375
467580.0,2205.2781894912837
467600.0,2210.0276955066024
467620.0,2213.9686730985422
467640.0,2216.969792319464
467660.0,2219.332804781595
467680.0,2221.8616947744104
467700.0,2225.8397263397355
467720.0,2232.8644568756176
467740.0,2244.4839011060712
467760.0,2261.657815097038
467780.0,2284.0989996677317
467800.0,2309.6034043774803
467820.0,2333.550719417302
467840.0,2348.8137367173313
467860.0,2346.353938540387
467880.0,2316.7096576488057
467900.0,2252.377487977356
467920.0,2150.641170767675
467940.0,2015.8944479221627
467960.0,1860.3147353612308
467980.0,1702.0870547838088
468000.0,1561.2377125905034
468020.0,1454.7679298077123
468040.0,1393.5935636324941
468060.0,1381.7917669333233
468080.0,1417.1450537922851
468100.0,1492.2839635335104
468120.0,1596.4015332979739
468140.0,1717.5440225426378
468160.0,1844.7521088045323
468180.0,1969.280921406101
468200.0,2084.924954497874
468220.0,2187.73608970412
468240.0,2275.338514016025
468260.0,2346.2160515189576
468280.0,2399.447862559741
468300.0,2435.059367296804
468320.0,2454.467127179962
468340.0,2460.5585007181653
468360.0,2457.3561092795944
468380.0,2449.284058599197
468400.0,2440.2986324152985
468420.0,2433.250571592135
468440.0,2429.6227675412806
468460.0,2429.6014051786997
468480.0,2432.34854580591
468500.0,2436.3864413589095
468520.0,2439.9956394322135
468540.0,2441.5391497533574
468560.0,2439.668128920527
468580.0,2433.427881931945
468600.0,2422.32151191307
468620.0,2406.3462550752542
468640.0,2385.9714421112412
468660.0,2362.124317748934
468680.0,2336.2288081569486
468700.0,2310.2180058217755
468720.0,2286.3985009294365
468740.0,2267.1104330456897
468760.0,2254.2616240147318
468780.0,2248.8669366276636
468800.0,2250.6242551343084
468820.0,2257.535415403725
468840.0,2265.6128630143567
468860.0,2268.791338175836
468880.0,2259.2417573331145
468900.0,2228.3234935737732
468920.0,2168.335665452304
468940.0,2074.934293906103
468960.0,1949.7125176018903
468980.0,1802.0351830448715
469000.0,1648.8708958718264
469020.0,1511.8659025387174
469040.0,1412.9816706542547
469060.0,1370.2348429989354
469080.0,1393.7959654537865
469100.0,1482.8403253838799
469120.0,1624.3928697085332
469140.0,1795.9948077886652
469160.0,1972.0095912345175
469180.0,2130.195158902109
469200.0,2255.982660943563
469220.0,2343.9125719000417
469240.0,2396.6328860592116
469260.0,2422.2830579191664
469280.0,2431.4387820708394
469300.0,2434.479235716587
469320.0,2439.6583112175877
469340.0,2451.965217271786
469360.0,2472.765792529022
469380.0,2500.2104077028102
469400.0,2530.4579237556673
469420.0,2559.425195609264
469440.0,2584.042666525579
469460.0,2602.6296873590645
469480.0,2614.7353256825013
469500.0,2620.774913521843
469520.0,2621.6057982706598
469540.0,2618.074303832768
469560.0,2610.6606503327066
469580.0,2599.445248717086
469600.0,2584.374967687736
469620.0,2565.661288640943
469640.0,2544.1706848958424
469660.0,2521.5769011043585
469680.0,2499.9892884045935
469700.0,2481.284663488124
469720.0,2466.6284809265426
469740.0,2456.311970876598
469760.0,2449.868382330146
469780.0,2446.3357669930497
469800.0,2444.5339633824215
469820.0,2443.3285060048543
469840.0,2441.832906760729
469860.0,2439.536311312563
469880.0,2436.4020693853204
469900.0,2432.911933883609
469920.0,2430.03776651816
469940.0,2429.137802631158
469960.0,2431.713820561105
469980.0,2438.9882350413986
470000.0,2451.3188319916326
470020.0,2467.521718943172
470040.0,2484.2316640208423
470060.0,2495.535198842043
470080.0,2493.151180283894
470100.0,2467.4228697333797
470120.0,2409.2762696941736
470140.0,2312.996074092731
470160.0,2179.2908179742726
470180.0,2017.4755992709274
470200.0,1845.0691500520127
470220.0,1684.0438886858167
470240.0,1555.8065266619824
470260.0,1477.3345428899231
470280.0,1458.6219698890459
470300.0,1500.9730393367665
470320.0,1596.353923871627
470340.0,1728.8168805208563
470360.0,1878.5212925809858
470380.0,2026.583864441429
470400.0,2158.6652133960774
470420.0,2266.3863276232105
470440.0,2346.8419548320835
470460.0,2401.1884674268663
470480.0,2433.2389422882575
470500.0,2448.312414384413
470520.0,2452.204363531823
470540.0,2450.2577655211057
470560.0,2446.676303939899
470580.0,2444.191751759772
470600.0,2444.043348944135
470620.0,2446.251403751733
470640.0,2450.1009768055746
470660.0,2454.692800903108
470680.0,2459.3516266331526
470700.0,2463.752410485623
470720.0,2467.8151716640978
470740.0,2471.488919742438
470760.0,2474.566028852626
470780.0,2476.628636666709
470800.0,2477.1145993449436
470820.0,2475.4418345018976
470840.0,2471.1782254046916
470860.0,2464.224832088891
470880.0,2454.911761685163
470900.0,2443.988139105816
470920.0,2432.549910821682
470940.0,2421.916419866558
470960.0,2413.431841758485
470980.0,2408.1952123788888
471000.0,2406.6688363346366
471020.0,2408.1649935444393
471040.0,2410.3532815351723
471060.0,2408.968026929531
471080.0,2397.923179466886
471100.0,2370.073937042066
471120.0,2318.7005164814877
471140.0,2239.6048925372565
471160.0,2133.4445041490976
471180.0,2007.369169960442
471200.0,1874.644039400318
471220.0,1751.3374849335662
471240.0,1651.1539250823175
471260.0,1581.7378386256917
471280.0,1544.0949275215148
471300.0,1534.1111320755444
471320.0,1544.8263643632665
471340.0,1568.57222806829
471360.0,1598.5178112555025
471380.0,1629.498919770936
471400.0,1658.2199042292636
471420.0,1683.0241288922093
471440.0,1703.453485424711
471460.0,1719.787572418142
471480.0,1732.6948393171272
471500.0,1743.0603946140059
471520.0,1751.9906678017494
471540.0,1760.9406904566408
471560.0,1771.869643219604
471580.0,1787.3085756805715
471600.0,1810.2265882938125
471620.0,1843.6160500501392
471640.0,1889.7920233982718
471660.0,1949.5219072824177
471680.0,2021.2676700069176
471700.0,2101.0115183543417
471720.0,2183.063009590432
471740.0,2261.45923739688
471760.0,2331.252576404657
471780.0,2389.3490159039584
471800.0,2434.7459232496726
471820.0,2468.2435697401756
471840.0,2491.847974091156
471860.0,2508.0868553986083
471880.0,2519.2871705866924
471900.0,2526.923172533969
471920.0,2531.362209486013
471940.0,2532.1352934488086
471960.0,2528.370493466929
471980.0,2519.0982285391815
472000.0,2503.435094159812
472020.0,2480.810414242187
472040.0,2451.2215300880935
472060.0,2415.3149371041923
472080.0,2374.2584794454283
472100.0,2329.497216322636
472120.0,2282.523095542345
472140.0,2234.7394799357508
472160.0,2187.389712593337
472180.0,2141.481228766576
472200.0,2097.7052226002897
472220.0,2056.387298716682
472240.0,2017.4972099063082
472260.0,1980.7203101941382
472280.0,1945.5796145054876
472300.0,1911.578704364402
472320.0,1878.3378093575695
472340.0,1845.6901954854452
472360.0,1813.7237089889525
472380.0,1782.787242820162
472400.0,1753.4403891282989
472420.0,1726.343884296943
472440.0,1702.1223494446463
472460.0,1681.263248990815
472480.0,1664.0632424773307
472500.0,1650.6144819773992
472520.0,1640.8319091997237
472540.0,1634.511076007028
472560.0,1631.4007398535382
472580.0,1631.2530519573197
472600.0,1633.8431759081673
472620.0,1638.9830421614668
472640.0,1646.5202478739989
472660.0,1656.3101820081133
472680.0,1668.182270959407
472700.0,1681.9170533937581
472720.0,1697.254438500655
472740.0,1713.9165431669003
472760.0,1731.6355865688797
472780.0,1750.1796456888228
472800.0,1769.3488071360764
472820.0,1788.9507407444748
472840.0,1808.780813531957
472860.0,1828.6162164752616
472880.0,1848.2312609237426
472900.0,1867.4369288823957
472920.0,1886.121658043247
472940.0,1904.2660755394859
472960.0,1921.9138689117194
472980.0,1939.11834835714
473000.0,1955.9018781629943
473020.0,1972.2355301654957
473040.0,1988.0407678331526
473060.0,2003.1967043054897
473080.0,2017.5447322629775
473100.0,2030.9184030740835
473120.0,2043.1988583113234
473140.0,2054.3774195499236
473160.0,2064.587652863251
473180.0,2074.090241211144
473200.0,2083.2151333730317
473220.0,2092.265613864781
473240.0,2101.4311440586393
473260.0,2110.757471986147
473280.0,2120.161272635318
473300.0,2129.4841673293704
473320.0,2138.558341909741
473340.0,2147.2355925383163
473360.0,2155.3741024545484
473380.0,2162.8556303837227
473400.0,2169.6314407407526
473420.0,2175.7249862283325
473440.0,2181.2152970787624
473460.0,2186.2256636239326
473480.0,2190.911093142914
473500.0,2195.4435770327796
473520.0,2199.9928538533395
473540.0,2204.7145906163473
473560.0,2209.75834859389
473580.0,2215.2607647978134
473600.0,2221.287325419497
473620.0,2227.7464029310454
473640.0,2234.3245561111466
473660.0,2240.452687483377
473680.0,2245.3134330943517
473700.0,2247.917210622867
473720.0,2247.2345743701003
473740.0,2242.3627774732427
473760.0,2232.7270192769806
473780.0,2218.297857364275
473800.0,2199.7610206796326
473820.0,2178.5629802554117
473840.0,2156.815859323312
473860.0,2137.082358238611
473880.0,2122.004366603181
473900.0,2113.783454992727
473920.0,2113.5686595714546
473940.0,2120.772814593235
473960.0,2132.402570251615
473980.0,2142.567938417236
474000.0,2142.4351934291494
474020.0,2120.9724296662134
474040.0,2066.7622498437904
474060.0,1970.893403405479
474080.0,1830.6210851438743
474100.0,1652.9568758670036
474120.0,1456.640077553025
474140.0,1270.3963690398198
474160.0,1126.3254568948437
474180.0,1050.6522602331138
474200.0,1056.831747123446
474220.0,1142.9842762614892
474240.0,1292.9210247406934
474260.0,1480.4984364276606
474280.0,1676.7075823870468
474300.0,1856.567943620045
474320.0,2003.2769928346286
474340.0,2109.3980074928595
474360.0,2175.743878815031
474380.0,2208.873048535082
474400.0,2218.228358304451
474420.0,2213.6729474315534
474440.0,2203.7506388887023
474460.0,2194.7257018985665
474480.0,2190.31643215657
474500.0,2191.971370325062
474520.0,2199.459686472245
474540.0,2211.511050030057
474560.0,2226.3824224816426
474580.0,2242.2904659723586
474600.0,2257.675888920623
474620.0,2271.3164862506555
474640.0,2282.3214409503107
474660.0,2290.0958186426105
474680.0,2294.3406698882527
474700.0,2295.071126938091
474720.0,2292.6212239887195
474740.0,2287.595812821235
474760.0,2280.753950919352
474780.0,2272.872608546507
474800.0,2264.6255283605597
474820.0,2256.498662819972
474840.0,2248.772574482976
474860.0,2241.5448722561023
474880.0,2234.8026911340153
474900.0,2228.51291254734
474920.0,2222.662202508432
474940.0,2217.2637642319305
474960.0,2212.3631215572796
474980.0,2208.0263072204953
475000.0,2204.30264839742
475020.0,2201.198050181308
475040.0,2198.67349004716
475060.0,2196.666007371859
475080.0,2195.118183484239
475100.0,2193.986976108662
475120.0,2193.2320928401905
475140.0,2192.8019935886787
475160.0,2192.623488875472
475180.0,2192.604460745728
475200.0,2192.6641418204426
475220.0,2192.7880664307263
475240.0,2193.1101156732693
475260.0,2194.011825029432
475280.0,2196.195376862148
475300.0,2200.7097519559707
475320.0,2208.930576856319
475340.0,2222.4179091826036
475360.0,2242.5460208678865
475380.0,2269.8574862490314
475400.0,2303.1838744546862
475420.0,2338.7149402818845
475440.0,2369.2936328594787
475460.0,2384.3035869746273
475480.0,2370.579064871659
475500.0,2314.628588742514
475520.0,2206.1498198167346
475540.0,2042.3409181481104
475560.0,1831.890340333202
475580.0,1596.7542826843091
475600.0,1369.0584614307297
475620.0,1181.8093258981175
475640.0,1058.569858574337
475660.0,1009.1691762542862
475680.0,1031.2117060041705
475700.0,1114.1513021668384
475720.0,1243.501512326403
475740.0,1403.871111891142
475760.0,1580.4811033647675
475780.0,1759.5649329586636
475800.0,1928.5484149625968
475820.0,2076.95289612939
475840.0,2197.9616909957267
475860.0,2289.3905017293982
475880.0,2353.274807092678
475900.0,2394.5167535807814
475920.0,2419.267934562052
475940.0,2433.396416782792
475960.0,2441.5192434339233
475980.0,2446.7803029997376
476000.0,2451.0408397743527
476020.0,2455.241837845231
476040.0,2459.755897876214
476060.0,2464.5853283480146
476080.0,2469.3986347147206
476100.0,2473.5423814435385
476120.0,2476.100072135762
476140.0,2475.982822604672
476160.0,2472.0413650879577
476180.0,2463.228637960552
476200.0,2448.8216721232156
476220.0,2428.6112587916564
476240.0,2402.96853427144
476260.0,2372.809322946498
476280.0,2339.474507386541
476300.0,2304.5480254459135
476320.0,2269.687429488079
476340.0,2236.4584548189227
476360.0,2206.170992443164
476380.0,2179.7288240898984
476400.0,2157.543712549828
476420.0,2139.5510500354635
476440.0,2125.322624198063
476460.0,2114.2135363919524
476480.0,2105.4961130678043
476500.0,2098.4785837133322
476520.0,2092.614086496542
476540.0,2087.5725534149883
476560.0,2083.2937585655714
476580.0,2080.074780704329
476600.0,2078.639502875411
476620.0,2080.1256299082575
476640.0,2085.932239575697
476660.0,2097.3574603689217
476680.0,2115.024244811626
476700.0,2138.1686090449157
476720.0,2163.899987178645
476740.0,2186.644615085602
476760.0,2198.08860569769
476780.0,2187.919406680201
476800.0,2145.542893083392
476820.0,2062.7313947232624
476840.0,1936.8239891368187
476860.0,1773.6803793204576
476880.0,1588.9966628628124
476900.0,1406.0328392520314
476920.0,1248.8700757991876
476940.0,1134.6657355172351
476960.0,1070.0734045950721
476980.0,1052.1548921902659
477000.0,1071.5756423391226
477020.0,1116.2959451047218
477040.0,1174.6941567136632
477060.0,1237.6499367326105
477080.0,1299.525661460081
477100.0,1358.2152062515238
477120.0,1414.517097791546
477140.0,1471.0860379207184
477160.0,1531.1772438109672
477180.0,1597.367102484
477200.0,1670.4404199920252
477220.0,1748.6887390134107
477240.0,1827.959002081971
477260.0,1902.7843505681262
477280.0,1968.1646803549072
477300.0,2020.8380144130683
477320.0,2059.720933054378
477340.0,2085.8013887680845
477360.0,2101.7033744811392
477380.0,2111.1229728468825
477400.0,2118.174403433307
477420.0,2126.6940339055045
477440.0,2139.6214808788127
477460.0,2158.544374723396
477480.0,2183.5461118927788
477500.0,2213.417830104426
477520.0,2246.117299809627
477540.0,2279.3521196530296
477560.0,2311.1266931615432
477580.0,2340.0852645632035
477600.0,2365.6207000583945
477620.0,2387.7156528275727
477640.0,2406.621236862099
477660.0,2422.5986557708757
477680.0,2435.7388158095287
477700.0,2445.8314923344087
477720.0,2452.33247496986
477740.0,2454.4572350856224
477760.0,2451.396912508219
477780.0,2442.536978767265
477800.0,2427.5897333584953
477820.0,2406.6566250416936
477840.0,2380.300424644776
477860.0,2349.5915935731205
477880.0,2315.995222306049
477900.0,2281.1138409231453
477920.0,2246.438522367695
477940.0,2213.2562907703605
477960.0,2182.681185208189
477980.0,2155.7224651736055
478000.0,2133.3420554710538
478020.0,2116.431733346042
478040.0,2105.6500840929216
478060.0,2101.1128673220664
478080.0,2101.9389709758407
478100.0,2105.7095794224792
478120.0,2108.022368386656
478140.0,2102.364526624592
478160.0,2080.535685512426
478180.0,2033.7804447380418
478200.0,1954.644124921982
478220.0,1839.3253560694163
478240.0,1690.0340865943624
478260.0,1516.6569775566702
478280.0,1336.6245806567645
478300.0,1171.7533748371368
478320.0,1042.2942339659367
478340.0,961.473957903548
478360.0,933.8936832022761
478380.0,957.2056029004538
478400.0,1024.9337733301595
478420.0,1128.9029788167281
478440.0,1260.5420385625675
478460.0,1411.038090446458
478480.0,1570.901678163335
478500.0,1729.9024575194057
478520.0,1878.0685719159453
478540.0,2007.2571810197344
478560.0,2112.4501224879145
478580.0,2192.3302627226076
478600.0,2249.016422467945
478620.0,2287.0952602328275
478640.0,2312.18895338858
478660.0,2329.520979954614
478680.0,2342.942327720131
478700.0,2354.562716120623
478720.0,2364.988316348261
478740.0,2373.954865597714
478760.0,2381.023447939896
478780.0,2386.089627822606
478800.0,2389.6278772701835
478820.0,2392.720024180072
478840.0,2396.8692806657727
478860.0,2403.5913107775536
478880.0,2413.912020436825
478900.0,2427.8581478952906
478920.0,2444.006740928776
478940.0,2459.2160177330315
478960.0,2468.6560325873843
478980.0,2466.218456747398
479000.0,2445.2494235031136
479020.0,2399.58242982543
479040.0,2324.8177531970805
479060.0,2219.6253454477073
479080.0,2086.785818117778
479100.0,1933.8173439332847
479120.0,1773.113391769625
479140.0,1621.064101931719
479160.0,1495.4701362086175
479180.0,1411.7686440929633
479200.0,1379.9990187808223
479220.0,1403.286996882748
479240.0,1477.3376990239854
479260.0,1590.859301883621
479280.0,1727.5193308103426
479300.0,1869.544168088993
479320.0,2001.4868747864653
479340.0,2112.615894432682
479360.0,2197.431325267948
479380.0,2254.8573484408143
479400.0,2286.9407799529436
479420.0,2297.783783884311
479440.0,2292.8218789405555
479460.0,2278.237268381683
479480.0,2260.3961683935695
479500.0,2245.1830128722154
479520.0,2237.2117186566693
479540.0,2239.057755192187
479560.0,2250.8466412584808
479580.0,2270.369548211585
479600.0,2293.657038526443
479620.0,2315.8251471696412
479640.0,2331.999773949197
479660.0,2338.1530030909566
479680.0,2331.7891916198837
479700.0,2312.4208087117267
479720.0,2281.697320375402
479740.0,2243.1351882609547
479760.0,2201.5565259080568
479780.0,2162.1932908871927
479800.0,2129.4421711277596
479820.0,2105.652535724679
479840.0,2090.261465265299
479860.0,2079.3895376429346
479880.0,2065.9898777353346
479900.0,2040.6622937279358
479920.0,1993.2296199972384
479940.0,1915.0773412352494
479960.0,1802.047593167486
479980.0,1657.3296900782213
480000.0,1493.2694463869614
480020.0,1330.4160604325023
480040.0,1192.4727997660716
480060.0,1099.6017004837913
480080.0,1064.4841151560795
480100.0,1091.3485863339338
480120.0,1176.3371273414493
480140.0,1308.254501533926
480160.0,1469.7106005383196
480180.0,1639.4905159576854
480200.0,1796.704767442457
480220.0,1925.3308069659222
480240.0,2017.0965454731008
480260.0,2071.7865441094305
480280.0,2095.362910606298
480300.0,2097.146923948136
480320.0,2087.082881339597
480340.0,2073.6704425229054
480360.0,2062.857616640868
480380.0,2057.851341732713
480400.0,2059.5528690509577
480420.0,2067.2718686309954
480440.0,2079.4514028937847
480460.0,2094.241079314187
480480.0,2109.8618862541284
480500.0,2124.786784554594
480520.0,2137.80804924914
480540.0,2148.047787864657
480560.0,2154.9409965482278
480580.0,2158.1964479275707
480600.0,2157.744561683029
480620.0,2153.7040254960393
480640.0,2146.3570760852626
480660.0,2136.131075768957
480680.0,2123.5740445059023
480700.0,2109.325413323758
480720.0,2094.0917944609496
480740.0,2078.606237961237
480760.0,2063.5791742915803
480780.0,2049.6498717347577
480800.0,2037.3338374295513
480820.0,2026.9811565046148
480840.0,2018.7901649213702
480860.0,2012.8490589743265
480880.0,2009.1564701942166
480900.0,2007.6211501050493
480920.0,2008.0883563616123
480940.0,2010.390952268631
480960.0,2014.3950898500493
480980.0,2020.013938849194
481000.0,2027.179309495366
481020.0,2035.8052653135353
481040.0,2045.7348487518368
481060.0,2056.682482634089
481080.0,2068.2131367981933
481100.0,2079.7928628480845
481120.0,2090.9168503057754
481140.0,2101.2910889496693
481160.0,2111.0039560763603
481180.0,2120.636235532681
481200.0,2131.2828482328287
481220.0,2144.3891137699006
481240.0,2161.370422088427
481260.0,2183.0775971232842
481280.0,2209.143986160391
481300.0,2237.296155355253
481320.0,2262.7752626042407
481340.0,2278.1075903267006
481360.0,2273.622899912005
481380.0,2239.0248779897865
481400.0,2165.889313645259
481420.0,2050.6484901180793
481440.0,1897.3115422396288
481460.0,1718.8081561458516
481480.0,1535.5343456751802
481500.0,1370.1601575852549
481520.0,1240.5713614167807
481540.0,1155.5286652347554
481560.0,1114.7861880008936
481580.0,1111.9226475957416
481600.0,1137.9505633075946
481620.0,1184.4288623509428
481640.0,1245.4053498008177
481660.0,1317.984170347442
481680.0,1401.6537064980612
481700.0,1496.756904113497
481720.0,1602.6830774323275
481740.0,1716.5368678463055
481760.0,1833.0520425402185
481780.0,1945.8302681149337
481800.0,2049.0291225494543
481820.0,2138.6565843028357
481840.0,2213.134665418017
481860.0,2273.0642862649015
481880.0,2320.4801834323466
481900.0,2357.972353211848
481920.0,2387.976022368638
481940.0,2412.322398046274
481960.0,2431.983352227517
481980.0,2447.119533067358
482000.0,2457.5043341408045
482020.0,2463.0930967823037
482040.0,2464.436772531525
482060.0,2462.715064945662
482080.0,2459.476225156427
482100.0,2456.183222650813
482120.0,2453.6735937281474
482140.0,2451.8194491243758
482160.0,2449.6954768239166
482180.0,2446.20600143955
482200.0,2440.830841806421
482220.0,2434.1115450942893
482240.0,2427.5536732600544
482260.0,2422.9818880778403
482280.0,2421.6774979932684
482300.0,2423.803744556465
482320.0,2428.4478397770295
482340.0,2433.8882045409323
482360.0,2437.7733454139693
482380.0,2437.2316104146253
482400.0,2429.1058239040512
482420.0,2410.501541380657
482440.0,2379.6536334225993
482460.0,2336.945362444932
482480.0,2285.766011627871
482500.0,2232.7044512196253
482520.0,2186.452368232626
482540.0,2155.0083699757865
482560.0,2142.1628451328447
482580.0,2145.5026209910766
482600.0,2156.881022250017
482620.0,2164.562433771944
482640.0,2155.9083048055973
482660.0,2120.101122857696
482680.0,2050.7524242835225
482700.0,1948.0776599894757
482720.0,1820.0294277094695
482740.0,1681.4680338633211
482760.0,1550.418035118742
482780.0,1442.379833105735
482800.0,1366.5417420844606
482820.0,1325.4815257042878
482840.0,1316.9647495452416
482860.0,1336.3057458383919
482880.0,1378.2823887652205
482900.0,1438.1112836596687
482920.0,1511.4375233397388
482940.0,1593.6603874690397
482960.0,1679.2062228874013
482980.0,1761.5479771889331
483000.0,1834.45137677727
483020.0,1893.633261175169
483040.0,1937.6254386702876
483060.0,1967.6307976335665
483080.0,1986.7035536773437
483100.0,1998.7233659242643
483120.0,2007.4892963896
483140.0,2016.0652507625637
483160.0,2026.411076706224
483180.0,2039.3688916421772
483200.0,2054.9385800039236
483220.0,2072.6119613896335
483240.0,2091.611566238752
483260.0,2111.0241336407585
483280.0,2129.885731559903
483300.0,2147.2726218775974
483320.0,2162.3889905749616
483340.0,2174.6369504824
483360.0,2183.6471347452652
483380.0,2189.2863920983905
483400.0,2191.688425211039
483420.0,2191.256741584351
483440.0,2188.5884958789024
483460.0,2184.344694825767
483480.0,2179.1393886515443
483500.0,2173.482625938167
483520.0,2167.768452950766
483540.0,2162.2903610355474
483560.0,2157.257423248892
483580.0,2152.8180557418577
483600.0,2149.088713506306
483620.0,2146.164309292796
483640.0,2144.1086194849113
483660.0,2142.930785874495
483680.0,2142.5912703397385
483700.0,2143.045545505999
483720.0,2144.259655334131
483740.0,2146.187236999501
483760.0,2148.7509775136673
483780.0,2151.849719644736
483800.0,2155.3872730165194
483820.0,2159.3080317602144
483840.0,2163.610065237738
483860.0,2168.3217181799346
483880.0,2173.4487310957875
483900.0,2178.936343785975
483920.0,2184.6592473214787
483940.0,2190.437717437118
483960.0,2196.072022931098
483980.0,2201.397468441762
484000.0,2206.3552802930744
484020.0,2211.032246409567
484040.0,2215.6494303828426
484060.0,2220.510684951376
484080.0,2225.916342354528
484100.0,2232.0285239819455
484120.0,2238.7042052558218
484140.0,2245.3503941528497
484160.0,2250.8766909623405
484180.0,2253.7687497314423
484200.0,2252.29018429411
484220.0,2244.851832092493
484240.0,2230.5266647451176
484260.0,2209.5765627196183
484280.0,2183.759991315796
484300.0,2156.1710102693824
484320.0,2130.6521381680027
484340.0,2111.1285973796307
484360.0,2100.9893842788388
484380.0,2102.4167532657934
484400.0,2115.7635920685366
484420.0,2139.3124806074943
484440.0,2169.5236391750436
484460.0,2201.657854088355
484480.0,2230.6704194628333
484500.0,2252.2050185691214
484520.0,2263.3586568875357
484540.0,2263.105396927599
484560.0,2252.430866732785
484580.0,2234.075723055774
484600.0,2211.887795889326
484620.0,2190.0156283326005
484640.0,2172.2320633016725
484660.0,2161.502878437302
484680.0,2159.78981500749
484700.0,2168.107798854394
484720.0,2186.6727429035373
484740.0,2214.770973592901
484760.0,2250.1686942111314
484780.0,2288.403143930358
484800.0,2322.431991943534
484820.0,2342.9646419035603
484840.0,2339.5707245915096
484860.0,2302.373829511303
484880.0,2224.151668969585
484900.0,2102.791435667869
484920.0,1943.6322366820973
484940.0,1760.6022061086
484960.0,1574.7446687913637
484980.0,1409.3076507319936
485000.0,1283.6229846417818
485020.0,1209.9108379565607
485040.0,1193.4905326179937
485060.0,1234.3892038856668
485080.0,1328.7228943657733
485100.0,1469.1209071582089
485120.0,1644.3736816263797
485140.0,1839.3234820761531
485160.0,2036.395244329462
485180.0,2218.7943736839306
485200.0,2373.601785810194
485220.0,2493.4392256786678
485240.0,2576.4123002296815
485260.0,2625.0223186130797
485280.0,2644.9301969780245
485300.0,2643.710523393181
485320.0,2629.4535300930734
485340.0,2609.4222185538715
485360.0,2589.145482998676
485380.0,2572.1113541644363
485400.0,2559.9231677908556
485420.0,2552.639703910552
485440.0,2549.235880715206
485460.0,2548.142238346503
485480.0,2547.683243775942
485500.0,2546.3396437814677
485520.0,2542.837342923106
485540.0,2536.1422180458767
485560.0,2525.444267262228
485580.0,2510.207173895181
485600.0,2490.3203109396127
485620.0,2466.2550421473907
485640.0,2439.04971508616
485660.0,2410.141449267857
485680.0,2381.128259007461
485700.0,2353.544009610566
485720.0,2328.6485882016427
485740.0,2307.288777541715
485760.0,2289.9150658699104
485780.0,2276.6920323043364
485800.0,2267.5702058259835
485820.0,2262.298797122434
485840.0,2260.412978322484
485860.0,2261.225787217532
485880.0,2263.884748364844
485900.0,2267.538916278273
485920.0,2271.5474239236473
485940.0,2275.606179160403
485960.0,2279.728372050261
485980.0,2284.1081141998425
486000.0,2288.9658828236625
486020.0,2294.4307442800396
486040.0,2300.4808339608767
486060.0,2306.9659227145075
486080.0,2313.6845877937117
486100.0,2320.4615134342334
486120.0,2327.1956333230983
486140.0,2333.879965168149
486160.0,2340.5813174405
486180.0,2347.3854737625875
486200.0,2354.339107470519
486220.0,2361.38825376436
486240.0,2368.328566805957
486260.0,2374.8009944336845
486280.0,2380.360055258238
486300.0,2384.58503410288
486320.0,2387.1916999878313
486340.0,2388.1365571579
486360.0,2387.6848905870193
486380.0,2386.380902119287
486400.0,2384.909458257373
486420.0,2383.909175199859
486440.0,2383.776548804186
486460.0,2384.5187219995123
486480.0,2385.7170760612585
486500.0,2386.6409253481847
486520.0,2386.4829978100165
486540.0,2384.5978284344105
486560.0,2380.68027507657
486580.0,2374.931422406529
486600.0,2368.199995511505
486620.0,2362.044307818378
486640.0,2358.6334654296656
486660.0,2360.403645503585
486680.0,2369.503542345686
486700.0,2387.0951139077993
486720.0,2412.521229466342
486740.0,2442.447678683938
486760.0,2470.2623091896057
486780.0,2486.0160188128666
486800.0,2477.1420047200168
486820.0,2430.2653430912223
486840.0,2334.251946276805
486860.0,2184.198636725324
486880.0,1985.546004730088
486900.0,1756.7838080486254
486920.0,1528.4368706905154
486940.0,1336.4421552720682
486960.0,1212.0057613484291
486980.0,1173.8718213776629
487000.0,1225.2514257265623
487020.0,1354.149417882474
487040.0,1536.3907938111627
487060.0,1741.5832731660553
487080.0,1940.7479828127357
487100.0,2112.323791034759
487120.0,2244.850001872215
487140.0,2336.4593223533775
487160.0,2392.2224802529786
487180.0,2420.8715950905225
487200.0,2431.9279834909835
487220.0,2433.7136216334006
487240.0,2432.3646161706793
487260.0,2431.5592143353615
487280.0,2432.811676408736
487300.0,2436.209039114795
487320.0,2441.2009934301736
487340.0,2447.12969656569
487360.0,2453.425245711377
487380.0,2459.5620369303533
487400.0,2464.9784826211576
487420.0,2468.995661438975
487440.0,2470.780131618879
487460.0,2469.411287113129
487480.0,2464.0941919109237
487500.0,2454.4291979019235
487520.0,2440.5448220439675
487540.0,2423.0235779061745
487560.0,2402.696985926359
487580.0,2380.4358951340787
487600.0,2357.0706826043133
487620.0,2333.4077796070774
487640.0,2310.266022505399
487660.0,2288.422898162743
487680.0,2268.521770313786
487700.0,2251.0386972164965
487720.0,2236.2904673914068
487740.0,2224.4886141154466
487760.0,2215.796058526153
487780.0,2210.3077499852157
487800.0,2207.9413282116875
487820.0,2208.334760490999
487840.0,2210.871093209777
487860.0,2214.8172734467016
487880.0,2219.4951996528443
487900.0,2224.42160143777
487920.0,2229.3658076779952
487940.0,2234.3621717462192
487960.0,2239.6561065269734
487980.0,2245.548423668769
488000.0,2252.136167187935
488020.0,2258.99251786191
488040.0,2264.793560391698
488060.0,2266.929440007263
488080.0,2261.124949472793
488100.0,2241.185205868486
488120.0,2199.1046022152746
488140.0,2125.9464732347005
488160.0,2014.111041492974
488180.0,1861.0861792149558
488200.0,1673.4723497530304
488220.0,1469.1113364704433
488240.0,1275.2860613026419
488260.0,1122.4104193401768
488280.0,1035.8919340044645
488300.0,1030.4092722656483
488320.0,1107.5284881256378
488340.0,1255.7187866163126
488360.0,1452.6693162734214
488380.0,1670.4855760915634
488400.0,1882.4998450112366
488420.0,2068.5795025618163
488440.0,2217.409951428867
488460.0,2325.9482157307457
488480.0,2397.245152899328
488500.0,2437.899767016985
488520.0,2455.8346700874454
488540.0,2458.7275072101493
488560.0,2453.110958627232
488580.0,2443.9676144513446
488600.0,2434.695429036102
488620.0,2427.3459150039566
488640.0,2422.970642197097
488660.0,2421.901653668504
488680.0,2423.9145445120175
488700.0,2428.3571575358797
488720.0,2434.3144680104406
488740.0,2440.8053190479973
488760.0,2446.9811981070893
488780.0,2452.273577107765
488800.0,2456.533663398048
488820.0,2460.0772898953833
488840.0,2463.4482309852638
488860.0,2467.04847813618
488880.0,2470.9324524936524
488900.0,2474.7491807064016
488920.0,2477.721556589823
488940.0,2478.7111728815066
488960.0,2476.479384759289
488980.0,2470.01367090458
489000.0,2458.743339346044
489020.0,2442.689477068182
489040.0,2422.6459891654686
489060.0,2400.2794478030482
489080.0,2377.8937108618757
489100.0,2357.737812912692
489120.0,2341.259132758838
489140.0,2328.8158198460487
489160.0,2319.858546106122
489180.0,2313.2981825856155
489200.0,2307.839449876769
489220.0,2302.2455566280496
489240.0,2295.5125884568674
489260.0,2286.935758508872
489280.0,2276.117167896074
489300.0,2262.9424287507095
489320.0,2247.547272357679
489340.0,2230.2855041754956
489360.0,2211.685629847357
489380.0,2192.363338684283
489400.0,2172.9215873559565
489420.0,2153.898947351665
489440.0,2135.7853335148584
489460.0,2119.0914137706877
489480.0,2104.4435486504635
489500.0,2092.630682137582
489520.0,2084.501819567939
489540.0,2080.6851204594445
489560.0,2081.1074397756347
489580.0,2084.3360029098117
489600.0,2086.8822725575433
489620.0,2082.7042300751637
489640.0,2063.2250845820995
489660.0,2018.181397348558
489680.0,1937.4787002496262
489700.0,1814.0210123598015
489720.0,1647.0587531104109
489740.0,1444.9948501831514
489760.0,1225.9499550917685
489780.0,1014.3061387194344
489800.0,833.8845278533088
489820.0,702.4775265373509
489840.0,630.3523191366161
489860.0,621.1352387800937
489880.0,673.1147377832272
489900.0,779.8888335636923
489920.0,930.2767288379027
489940.0,1108.3805548905352
489960.0,1295.3400744485596
489980.0,1473.1420937946561
490000.0,1628.1681247169763
490020.0,1752.7582944125068
490040.0,1845.0069451936106
490060.0,1907.6989167829634
490080.0,1946.8227919850365
490100.0,1969.7637773817787
490120.0,1983.7217975904318
490140.0,1994.7734239564736
490160.0,2007.5123195368656
490180.0,2024.9887511589852
490200.0,2048.703752345819
490220.0,2078.5216389220504
490240.0,2112.419972396662
490260.0,2146.1312785797836
490280.0,2172.9031831046923
490300.0,2183.7120658049366
490320.0,2168.2350625539066
490340.0,2116.7555032693117
490360.0,2022.9142561904948
490380.0,1886.798895235824
490400.0,1717.3261241009368
490420.0,1532.312268364836
490440.0,1354.6140815010426
490460.0,1204.8648839594991
490480.0,1095.5022607673377
490500.0,1029.5322323877883
490520.0,1002.8023255819847
490540.0,1007.6472207117964
490560.0,1036.3710816900962
490580.0,1083.6497851523973
490600.0,1147.4459074804827
490620.0,1228.4245164258386
490640.0,1328.1707848235742
490660.0,1446.7881492977087
490680.0,1580.736884077686
490700.0,1722.0485916884281
490720.0,1859.876817438908
490740.0,1983.741445354432
490760.0,2086.3632306556556
490780.0,2164.65130261512
490800.0,2218.792021774834
490820.0,2250.1346813586965
490840.0,2259.005805632638
490860.0,2243.4263708766366
490880.0,2199.270641690488
490900.0,2121.9011010778677
490920.0,2008.9243187771413
490940.0,1863.2435875553667
490960.0,1694.9729754870027
490980.0,1520.446281959804
491000.0,1357.5681305741107
491020.0,1220.3143680008784
491040.0,1116.2633908825164
491060.0,1047.26377177589
491080.0,1011.538673534829
491100.0,1005.8247613548778
491120.0,1026.6924558569644
491140.0,1070.725505533382
491160.0,1133.7216788663627
491180.0,1209.5055747745623
491200.0,1289.3151481393809
491220.0,1362.9552793070131
491240.0,1422.04715258411
491260.0,1463.0595350517192
491280.0,1487.9254796872403
491300.0,1502.7410538975487
491320.0,1516.0120433169127
491340.0,1536.9111892378196
491360.0,1573.357858685192
491380.0,1630.2438767879094
491400.0,1708.2504020021447
491420.0,1803.4844571455444
491440.0,1908.1760557842044
491460.0,2012.4370846047132
491480.0,2106.592097923063
491500.0,2183.355171724386
491520.0,2239.1013976203926
491540.0,2273.901088306032
491560.0,2290.6553645140875
491580.0,2293.877795360954
491600.0,2288.4712092537134
491620.0,2278.7082264391033
491640.0,2267.596773586334
491660.0,2256.6988106332565
491680.0,2246.3292527968038
491700.0,2235.9736909660987
491720.0,2224.757077852043
491740.0,2211.8462711607067
491760.0,2196.6937131994673
491780.0,2179.114300858956
491800.0,2159.230703291788
491820.0,2137.3521452986374
491840.0,2113.8545689825664
491860.0,2089.0995783780286
491880.0,2063.4111970777203
491900.0,2037.1004665108544
491920.0,2010.5276956276775
491940.0,1984.1448070866923
491960.0,1958.4303358695931
491980.0,1933.760622282757
492000.0,1910.318714347218
492020.0,1888.0783733992762
492040.0,1866.8753036790797
492060.0,1846.5341510435956
492080.0,1827.0214273495335
492100.0,1808.5599823412933
492120.0,1791.6728552965706
492140.0,1777.176280679027
492160.0,1766.1049368965255
492180.0,1759.5016423288907
492200.0,1758.045712242982
492220.0,1761.5613409355653
492240.0,1768.4998890875188
492260.0,1775.5455276780272
492280.0,1777.5028174027382
492300.0,1767.6460256190264
492320.0,1738.7015893857472
492340.0,1684.5277428852041
492360.0,1602.315701559322
492380.0,1494.7776456023928
492400.0,1371.3416523938909
492420.0,1247.101126996386
492440.0,1138.9263640399888
492460.0,1060.8251785238133
492480.0,1021.660730322397
492500.0,1025.1861321145298
492520.0,1070.941558935605
492540.0,1154.9915611788729
492560.0,1270.1508394030548
492580.0,1406.0140180071346
492600.0,1549.6587607421577
492620.0,1687.7004787718301
492640.0,1808.9379456209965
492660.0,1906.298989870524
492680.0,1977.5181093591514
492700.0,2024.6169312137638
492720.0,2052.4807750790555
492740.0,2067.0947609152913
492760.0,2074.1182183011997
492780.0,2078.021399898863
492800.0,2081.772442058421
492820.0,2086.972020718668
492840.0,2094.2129827412455
492860.0,2103.435268002489
492880.0,2114.165026575612
492900.0,2125.6771647951027
492920.0,2137.121412474808
492940.0,2147.6189180620695
492960.0,2156.349375608868
492980.0,2162.657854678275
493000.0,2166.2093167972134
493020.0,2167.1554172537762
493040.0,2166.1867500855574
493060.0,2164.3812167617475
493080.0,2162.8202429453368
493100.0,2162.226636813734
493120.0,2162.8608795413384
493140.0,2164.5939927388436
493160.0,2167.0582380828514
493180.0,2169.8100189241836
493200.0,2172.4653993286565
493220.0,2174.769026990478
493240.0,2176.580898159596
493260.0,2177.831933392144
493280.0,2178.510773730575
493300.0,2178.6649269395566
493320.0,2178.3902674878914
493340.0,2177.8056436263446
493360.0,2177.0069431723914
493380.0,2176.0391204949933
493400.0,2174.9179903306467
493420.0,2173.6523114866322
493440.0,2172.240242494513
493460.0,2170.6894804056456
493480.0,2169.0535078915846
493500.0,2167.44118944661
493520.0,2165.988490178275
493540.0,2164.812263295793
493560.0,2163.9641134838575
493580.0,2163.396676323485
493600.0,2162.955679400982
493620.0,2162.433790615376
493640.0,2161.6937504887896
493660.0,2160.814875664317
493680.0,2160.218153547904
493700.0,2160.7207911064957
493720.0,2163.4607273330193
493740.0,2169.6754043643105
493760.0,2180.343341362367
493780.0,2195.6959879568503
493800.0,2214.6511041791696
493820.0,2234.275657370646
493840.0,2249.4343009959784
493860.0,2252.857748014875
493880.0,2235.895799395489
493900.0,2190.0918641375133
493920.0,2109.491105469865
493940.0,1993.2979907506055
493960.0,1848.0826970963997
493980.0,1688.254869671274
494000.0,1533.3248874594062
494020.0,1401.909475701133
494040.0,1306.1170972426794
494060.0,1249.6904757671573
494080.0,1229.2622338162232
494100.0,1236.9740424180495
494120.0,1263.2080141648366
494140.0,1298.7414754596248
494160.0,1336.0833791126217
494180.0,1370.051254612546
494200.0,1397.804797248582
494220.0,1418.5908299662701
494240.0,1433.4094845899012
494260.0,1444.7196721440819
494280.0,1456.1966141872622
494300.0,1472.4638501712245
494320.0,1498.67047991383
494340.0,1539.7909757598413
494360.0,1599.604384705073
494380.0,1679.4694936493513
494400.0,1777.2484162869284
494420.0,1887.0117153116971
494440.0,2000.1714513547781
494460.0,2107.627457080195
494480.0,2201.664033582139
494500.0,2277.087708402054
494520.0,2331.638525823832
494540.0,2365.822717705253
494560.0,2382.3339755101188
494580.0,2385.2822430016486
494600.0,2379.377999729075
494620.0,2369.133440964901
494640.0,2358.0881225262565
494660.0,2348.276599113996
494680.0,2340.146121345943
494700.0,2332.8178917344394
494720.0,2324.536961232664
494740.0,2313.2074613301584
494760.0,2296.925727151186
494780.0,2274.4031414194415
494800.0,2245.2102086186333
494820.0,2209.818715786684
494840.0,2169.455430720136
494860.0,2125.805110826486
494880.0,2080.665857333099
494900.0,2035.6716622032277
494920.0,1992.1166446952325
494940.0,1950.880150859562
494960.0,1912.4382165987731
494980.0,1876.933069018944
495000.0,1844.2700467682669
495020.0,1814.2078873767307
495040.0,1786.4369400458822
495060.0,1760.659231833323
495080.0,1736.6555192860892
495100.0,1714.340015621298
495120.0,1693.7989655477027
495140.0,1675.3036348077708
495160.0,1659.264472566473
495180.0,1646.122006238765
495200.0,1636.1905091220228
495220.0,1629.536165483243
495240.0,1625.9274362699957
495260.0,1624.8650547907678
495280.0,1625.7067622589457
495300.0,1627.8453135662712
495320.0,1630.8706760367393
495340.0,1634.6859962027447
495360.0,1639.608671472976
495380.0,1646.4466985878971
495400.0,1656.4761582833405
495420.0,1671.2605506977186
495440.0,1692.2998502301066
495460.0,1720.473805530211
495480.0,1755.276627123742
495500.0,1793.9918860971964
495520.0,1831.0325135423693
495540.0,1857.701069781619
495560.0,1862.7038732470883
495580.0,1833.7289739002038
495600.0,1760.21480804441
495620.0,1637.0992773415628
495640.0,1468.7502327476127
495660.0,1271.5264879607832
495680.0,1072.7868951407133
495700.0,904.9533533337078
495720.0,796.5690521934896
495740.0,765.4534103582762
495760.0,816.2521361192896
495780.0,940.9187511319091
495800.0,1120.783681749804
495820.0,1330.0791742529716
495840.0,1541.3551956501155
495860.0,1731.4313591828559
495880.0,1885.288603318248
495900.0,1997.0086979127227
495920.0,2068.359697956109
495940.0,2106.1891047985782
495960.0,2119.722717498992
495980.0,2118.4145140455494
496000.0,2110.4539714626676
496020.0,2101.91450555462
496040.0,2096.519754001186
496060.0,2095.8948317662193
496080.0,2100.099965405534
496100.0,2108.29442486799
496120.0,2119.322746823458
496140.0,2132.066060157805
496160.0,2145.572728750148
496180.0,2159.061218619389
496200.0,2171.89944624309
496220.0,2183.6473201286108
496240.0,2194.100828915051
496260.0,2203.2664614769647
496280.0,2211.2767633681087
496300.0,2218.278436071233
496320.0,2224.3411837265858
496340.0,2229.4587374563303
496360.0,2233.5795260598597
496380.0,2236.607172599778
496400.0,2238.374030262489
496420.0,2238.6527240029163
496440.0,2237.23822667187
496460.0,2234.101426872802
496480.0,2229.6594075096627
496500.0,2225.0708251454353
496520.0,2222.3470089852153
496540.0,2224.0852103717084
496560.0,2232.700273445873
496580.0,2249.4455653774476
496600.0,2273.525360966926
496620.0,2301.338999604116
496640.0,2325.9960730929174
496660.0,2337.375426959346
496680.0,2323.007444788306
496700.0,2270.0330704641956
496720.0,2168.2965780374184
496740.0,2014.2580625962996
496760.0,1814.8192950400426
496780.0,1589.424145743712
496800.0,1368.2979870570105
496820.0,1185.4077426698536
496840.0,1069.0537575396115
496860.0,1035.835101176433
496880.0,1088.8327987967436
496900.0,1218.2061303846835
496920.0,1403.2842227569936
496940.0,1616.4839508245173
496960.0,1829.3042902772181
496980.0,2018.2857660792438
497000.0,2168.5505572870375
497020.0,2274.4465669302454
497040.0,2338.137666903719
497060.0,2367.229475548782
497080.0,2372.0685273229983
497100.0,2363.1646540875545
497120.0,2349.271989041034
497140.0,2336.447301602649
497160.0,2327.9648848790484
497180.0,2324.79408144901
497200.0,2326.3367070366317
497220.0,2331.1587423654
497240.0,2337.5621095547185
497260.0,2343.950646935068
497280.0,2349.021128276626
497300.0,2351.822863290817
497320.0,2351.7140563552457
497340.0,2348.2842534754645
497360.0,2341.301372241657
497380.0,2330.6842937529796
497400.0,2316.504199572032
497420.0,2299.0307767738122
497440.0,2278.769894339401
497460.0,2256.444075648473
497480.0,2232.929506084124
497500.0,2209.154926925624
497520.0,2185.9648801980907
497540.0,2164.0010192666937
497560.0,2143.664815433897
497580.0,2125.167294358148
497600.0,2108.67344015692
497620.0,2094.520554361592
497640.0,2083.4052085728704
497660.0,2076.458445891337
497680.0,2075.1350936949925
497700.0,2080.861057754078
497720.0,2094.4718937660805
497740.0,2115.5096812981824
497760.0,2141.485830635967
497780.0,2167.258524116817
497800.0,2184.7667641958983
497820.0,2183.404775421053
497840.0,2151.2953836547354
497860.0,2077.6092476239473
497880.0,1955.7569465114375
497900.0,1786.8616868110526
497920.0,1582.3281692609357
497940.0,1363.669652845599
497960.0,1157.8101248760283
497980.0,988.674563805985
498000.0,870.4022642760496
498020.0,805.8118024808025
498040.0,788.697080262333
498060.0,807.6223186587556
498080.0,849.6262282242554
498100.0,902.9904949285283
498120.0,958.8033387817457
498140.0,1011.4265592905579
498160.0,1058.1693451075312
498180.0,1098.525033063189
498200.0,1133.2875630628425
498220.0,1163.7783842270567
498240.0,1191.3167896038017
498260.0,1216.978536675862
498280.0,1241.618657343617
498300.0,1266.0857162622062
498320.0,1291.5235880716398
498340.0,1319.6403112987548
498360.0,1352.8219930587893
498380.0,1393.9877175301258
498400.0,1446.1274282221532
498420.0,1511.5487002204775
498440.0,1590.987508236123
498460.0,1682.9124513956874
498480.0,1783.5359485630797
498500.0,1887.8570681542558
498520.0,1991.0276126060198
498540.0,2089.0530706969685
498560.0,2178.7720412489753
498580.0,2257.577669591308
498600.0,2323.2988996915237
498620.0,2374.3216167449864
498640.0,2409.800862841869
498660.0,2429.840539515563
498680.0,2435.7011547067696
498700.0,2429.977173392155
498720.0,2416.4927344996413
498740.0,2399.6358540894344
498760.0,2383.2530568957504
498780.0,2369.7685720859345
498800.0,2359.828428007081
498820.0,2352.375624555123
498840.0,2344.986989501086
498860.0,2334.3659397751826
498880.0,2316.990539077478
498900.0,2289.879891569737
498920.0,2251.2733276059466
498940.0,2201.027464683598
498960.0,2140.694032983215
498980.0,2073.294418098433
499000.0,2002.8038020729734
499020.0,1933.455259389637
499040.0,1868.988395352224
499060.0,1812.0385824727848
499080.0,1763.828189671002
499100.0,1724.2063847124366
499120.0,1691.9994867643825
499140.0,1665.5456862285653
499160.0,1643.2122327945494
499180.0,1623.7365099707513
499200.0,1606.3547702806852
499220.0,1590.7703766753248
499240.0,1577.0443527338964
499260.0,1565.4707727486298
499280.0,1556.462943327862
499300.0,1550.4542008596327
499320.0,1547.8091896510764
499340.0,1548.7323870950754
499360.0,1553.189267979144
499380.0,1560.8753125692233
499400.0,1571.2644244063677
499420.0,1583.7492678530361
499440.0,1597.80926896688
499460.0,1613.1013602704418
499480.0,1629.4182083168987
499500.0,1646.5790188888889
499520.0,1664.3593211449127
499540.0,1682.4783983693233
499560.0,1700.631956662149
499580.0,1718.5534113031608
499600.0,1736.0693664982105
499620.0,1753.1448486993897
499640.0,1769.9339087647745
499660.0,1786.8299543473051
499680.0,1804.4987542414685
499700.0,1823.8668521201403
499720.0,1845.993090563241
499740.0,1871.746278275717
499760.0,1901.336501199544
499780.0,1933.7981482133073
499800.0,1966.5011023865075
499820.0,1994.8311450268843
499840.0,2012.2510410334683
499860.0,2010.9495921771813
499880.0,1983.1938055781386
499900.0,1923.378536056085
499920.0,1830.493983192516
499940.0,1710.2873778084133
499960.0,1575.9427311257073
499980.0,1445.9202788523985
500000.0,1338.8615973754881
500020.0,1268.6755822249736
500040.0,1242.6964288260933
500060.0,1262.234385329863
500080.0,1323.92700304662
500100.0,1420.8927194165565
500120.0,1543.4041048598178
500140.0,1679.4685181240318
500160.0,1816.1555125296286
500180.0,1941.8502828792966
500200.0,2048.2675314793823
500220.0,2131.2373560718775
500240.0,2190.3542312671225
500260.0,2228.0781528366583
500280.0,2248.663254206192
500300.0,2257.093509367755
500320.0,2258.1902108178238
500340.0,2255.994438110439
500360.0,2253.424421944691
500380.0,2252.1553702689766
500400.0,2252.7385722217264
500420.0,2254.8785859776226
500440.0,2257.7737221323637
500460.0,2260.444540574451
500480.0,2262.022334193797
500500.0,2261.928838314415
500520.0,2259.8685400758113
500540.0,2255.734415019893
500560.0,2249.5710633033664
500580.0,2241.580096105779
500600.0,2232.111980285431
500620.0,2221.6509291945927
500640.0,2210.7889175311884
500660.0,2200.1383975834806
500680.0,2190.1878698289865
500700.0,2181.2359540655066
500720.0,2173.4196221688753
500740.0,2166.763949835994
500760.0,2161.22154078079
500780.0,2156.70025360128
500800.0,2153.0967331744887
500820.0,2150.325527635746
500840.0,2148.317088322502
500860.0,2147.002672139767
500880.0,2146.310586203789
500900.0,2146.1771600417674
500920.0,2146.5401298920524
500940.0,2147.30890506123
500960.0,2148.323092552745
500980.0,2149.3266822358323
501000.0,2149.9877714362015
501020.0,2149.959581884533
501040.0,2148.940300920875
501060.0,2146.691028173579
501080.0,2143.015684790128
501100.0,2137.7990134288275
501120.0,2131.133030396088
501140.0,2123.4725430249196
501160.0,2115.765760870632
501180.0,2109.4823666973493
501200.0,2106.445536306151
501220.0,2108.4101912534147
501240.0,2116.4251912293753
501260.0,2130.0779763473047
501280.0,2146.67350270396
501300.0,2160.548613951613
501320.0,2162.892246841619
501340.0,2142.5089504627226
501360.0,2087.8916933364353
501380.0,1990.3787234418608
501400.0,1847.7083151683175
501420.0,1666.9732304992308
501440.0,1465.4807297946431
501460.0,1267.7468931353471
501480.0,1098.251087548719
501500.0,973.7309473187785
501520.0,899.932980837274
501540.0,872.8048577008982
501560.0,881.885426987396
501580.0,914.15312700139
501600.0,957.3185143178791
501620.0,1002.1207776281506
501640.0,1043.5654376018927
501660.0,1081.2287454275358
501680.0,1118.7981592801434
501700.0,1162.9827632202434
501720.0,1221.883262234584
501740.0,1302.9220343399886
501760.0,1410.5462206710938
501780.0,1544.1516655392493
501800.0,1697.017210854256
501820.0,1857.2715635192005
501840.0,2011.0351503039335
501860.0,2146.084849771755
501880.0,2254.3257134882942
501900.0,2332.565969772172
501920.0,2382.012575823452
501940.0,2407.0475795634648
501960.0,2413.726089024142
501980.0,2408.4272880192266
502000.0,2396.921394670241
502020.0,2383.8264752632854
502040.0,2372.313088724867
502060.0,2364.0186219453385
502080.0,2359.18321671779
502100.0,2356.9763613886234
502120.0,2355.922910490038
502140.0,2354.3419782756528
502160.0,2350.6821074826603
502180.0,2343.6761298291763
502200.0,2332.423072892496
502220.0,2316.4805969224863
502240.0,2295.9102300500645
502260.0,2271.234352461709
502280.0,2243.319468740211
502300.0,2213.2418417723957
502320.0,2182.1612397662175
502340.0,2151.199964893693
502360.0,2121.340682169985
502380.0,2093.378098740415
502400.0,2067.904284248892
502420.0,2045.311644690378
502440.0,2025.8240741537556
502460.0,2009.5398569930762
502480.0,1996.4617049529238
502500.0,1986.5209273074834
502520.0,1979.601461908267
502540.0,1975.5450520114332
502560.0,1974.1217104261482
502580.0,1975.0086059091816
502600.0,1977.8245320733822
502620.0,1982.197617390634
502640.0,1987.8075894174024
502660.0,1994.4084220273824
502680.0,2001.829903409772
502700.0,2009.9467528144207
502720.0,2018.648076196266
502740.0,2027.8287177471127
502760.0,2037.3843355896886
502780.0,2047.1991233713547
502800.0,2057.115512126198
502820.0,2066.9284308265733
502840.0,2076.44248512111
502860.0,2085.573917795112
502880.0,2094.4779091836936
502900.0,2103.6563370146987
502920.0,2114.008025888438
502940.0,2126.7692565446896
502960.0,2143.270691161542
502980.0,2164.493207856155
503000.0,2190.4450464919046
503020.0,2219.433215097291
503040.0,2247.3898656046536
503060.0,2267.491166974017
503080.0,2270.363689722109
503100.0,2245.1622157207566
503120.0,2181.66982554719
503140.0,2073.3166563213576
503160.0,1920.590230381834
503180.0,1733.7897353277272
503200.0,1533.5308212749876
503220.0,1347.2830499814668
503240.0,1201.876618053938
503260.0,1116.1851433825564
503280.0,1098.2321081059163
503300.0,1145.9784852060961
503320.0,1249.6011549926493
503340.0,1393.9498850706627
503360.0,1560.892914624427
503380.0,1731.9331623652117
503400.0,1891.014582897092
503420.0,2026.7367788822958
503440.0,2133.372751512271
503460.0,2210.299612778587
503480.0,2260.504731461505
503500.0,2289.1126064502505
503520.0,2302.171575151741
503540.0,2305.6900485793108
503560.0,2304.926329153129
503580.0,2303.898262459591
503600.0,2305.161839282944
503620.0,2309.837300784122
503640.0,2317.8418698711585
503660.0,2328.2439671901134
503680.0,2339.6728683509214
503700.0,2350.717955688725
503720.0,2360.2023422084644
503740.0,2367.291222064454
503760.0,2371.508963530129
503780.0,2372.7072379160913
503800.0,2371.016913428938
503820.0,2366.8254150488046
503840.0,2360.7734867731547
503860.0,2353.7138009193504
503880.0,2346.5552839317993
503900.0,2339.9975393177942
503920.0,2334.342814823687
503940.0,2329.508706349949
503960.0,2325.190660067044
503980.0,2321.0753696418333
504000.0,2316.9950003831764
504020.0,2312.9750985967776
504040.0,2309.1861541698645
504060.0,2305.837624105011
504080.0,2303.0713799714354
504100.0,2300.907218335872
504120.0,2299.242438459783
504140.0,2297.9044880151328
504160.0,2296.7028590306045
504180.0,2295.4375060706943
504200.0,2293.8907975433012
504220.0,2291.8187883603246
504240.0,2288.9643760960957
504260.0,2285.129291759379
504280.0,2280.3000962291635
504300.0,2274.777899409174
504320.0,2269.2594718774676
504340.0,2264.837196607639
504360.0,2262.895947046186
504380.0,2264.908692749824
504400.0,2272.1209425662537
504420.0,2285.0709348524433
504440.0,2302.952076466311
504460.0,2322.9475868628765
504480.0,2339.726645478314
504500.0,2345.328683090915
504520.0,2329.7436777120347
504540.0,2282.437141402177
504560.0,2194.845737796508
504580.0,2063.551275322422
504600.0,1893.3745322756342
504620.0,1699.047674395674
504640.0,1503.6503013277318
504660.0,1332.5761418645584
504680.0,1205.513673522786
504700.0,1132.092971542225
504720.0,1112.3958549085057
504740.0,1140.0001033495253
504760.0,1205.462146857345
504780.0,1298.9734842294636
504800.0,1411.677430767037
504820.0,1535.7424909626616
504840.0,1663.7453822114646
504860.0,1788.2253821441063
504880.0,1902.2541823471304
504900.0,2000.8038498059173
504920.0,2081.556449985761
504940.0,2144.6512828373566
504960.0,2191.8093620420977
504980.0,2225.4068355197146
505000.0,2247.9436672306115
505020.0,2261.95796237175
505040.0,2270.085326492951
505060.0,2275.014069359523
505080.0,2279.273102226755
505100.0,2284.8943637047014
505120.0,2293.105229638307
505140.0,2304.0812824037494
505160.0,2316.9918478170293
505180.0,2330.3407960630852
505200.0,2342.420913882792
505220.0,2351.797148942003
505240.0,2357.598339979165
505260.0,2359.5570407681544
505280.0,2357.899411474506
505300.0,2353.1512613209434
505320.0,2345.910784602142
505340.0,2336.686306692748
505360.0,2325.8364071716255
505380.0,2313.62850584227
505400.0,2300.3438157698024
505420.0,2286.310097779317
505440.0,2271.9151916421874
505460.0,2257.6295831476446
505480.0,2244.121310847215
505500.0,2232.4665658440413
505520.0,2224.2092526542738
505540.0,2221.1823341710965
505560.0,2225.108008649325
505580.0,2237.073001716709
505600.0,2256.9671573906626
505620.0,2283.2483171513686
505640.0,2313.2358805669733
505660.0,2343.7031932161844
505680.0,2371.7287572727028
505700.0,2395.414162944549
505720.0,2414.017335813432
505740.0,2427.635640050389
505760.0,2436.6765702180373
505780.0,2441.332814433291
505800.0,2441.2368324158006
505820.0,2435.3947056394854
505840.0,2422.417547116275
505860.0,2401.038254549972
505880.0,2370.8486947761003
505900.0,2333.0383062507667
505920.0,2290.6985961890014
505940.0,2248.2274574783096
505960.0,2209.824643683773
505980.0,2178.0503426466566
506000.0,2153.4295362150074
506020.0,2134.968891264196
506040.0,2120.890402858492
506060.0,2109.2422965094343
506080.0,2098.3420645974716
506100.0,2087.0278837821133
506120.0,2074.7638171857093
506140.0,2061.618258558547
506160.0,2048.1346282904115
506180.0,2035.1295877981042
506200.0,2023.476627445986
506220.0,2013.942253790739
506240.0,2007.0773083036827
506260.0,2003.1564292497922
506280.0,2002.172159586745
506300.0,2003.8651991527433
506320.0,2007.7857407743697
506340.0,2013.3670042500166
506360.0,2020.0077212562978
506380.0,2027.169638076283
506400.0,2034.4746668392613
506420.0,2041.791189228914
506440.0,2049.317853383254
506460.0,2057.6521322193266
506480.0,2067.779863811226
506500.0,2080.940324970984
506520.0,2098.3320946414674
506540.0,2120.6365436676783
506560.0,2147.4138863758644
506580.0,2176.4831972322318
506600.0,2203.4165409463285
506620.0,2221.3602090740683
506640.0,2221.425489764945
506660.0,2193.835863759393
506680.0,2129.9383422918154
506700.0,2024.9327502222623
506720.0,1880.685915876229
506740.0,1707.4431614614055
506760.0,1522.7701302852415
506780.0,1346.8182637678478
506800.0,1196.8345284150591
506820.0,1084.754719621173
506840.0,1017.6053533445149
506860.0,998.8857295469539
506880.0,1029.5474265178698
506900.0,1107.8987257609926
506920.0,1228.5329480452995
506940.0,1381.1656987845433
506960.0,1550.9311933885238
506980.0,1721.1212387451774
507000.0,1876.8204965159719
507020.0,2007.4305009204113
507040.0,2107.6330416029764
507060.0,2177.040495424704
507080.0,2219.0453876847196
507100.0,2239.5033638391824
507120.0,2245.4503399768405
507140.0,2243.8484837813526
507160.0,2240.505036194124
507180.0,2239.2644939715383
507200.0,2241.7453928777027
507220.0,2247.774247637066
507240.0,2256.1657344537784
507260.0,2265.3477990458923
507280.0,2273.780998702956
507300.0,2280.2743286387567
507320.0,2284.057096283095
507340.0,2284.734581494445
507360.0,2282.303980147977
507380.0,2277.194128399676
507400.0,2270.240056431885
507420.0,2262.5471367660307
507440.0,2255.25838261459
507460.0,2249.2667660309958
507480.0,2244.947176529969
507500.0,2242.0087138177996
507520.0,2239.586963994661
507540.0,2236.6606209165666
507560.0,2232.4971585964618
507580.0,2226.789208757485
507600.0,2219.5631026893398
507620.0,2211.012381431764
507640.0,2201.3740791224363
507660.0,2190.8644109750944
507680.0,2179.710588362484
507700.0,2168.2962098317275
507720.0,2157.370993474903
507740.0,2148.2135052539875
507760.0,2142.5629724159544
507780.0,2142.237390403259
507800.0,2148.6164177746437
507820.0,2162.1045360538774
507840.0,2181.528998236489
507860.0,2203.5130747180096
507880.0,2222.0158413975532
507900.0,2228.2717686535325
507920.0,2211.3250522156027
507940.0,2159.356550651036
507960.0,2062.0010155571276
507980.0,1913.6869739541169
508000.0,1717.4149218475563
508020.0,1487.4848042436784
508040.0,1249.0434803265532
508060.0,1033.1079827667986
508080.0,868.9002617854676
508100.0,777.8267725699039
508120.0,770.6077011345494
508140.0,846.3038734487822
508160.0,992.4546548086971
508180.0,1186.796874435881
508200.0,1401.6968576577135
508220.0,1610.631613972739
508240.0,1793.5702545385088
508260.0,1939.3920130848478
508280.0,2045.5073800512976
508300.0,2115.7076737195966
508320.0,2157.3824812856406
508340.0,2178.987316412828
508360.0,2188.278785802223
508380.0,2191.364823620378
508400.0,2192.3550048845186
508420.0,2193.448403905634
508440.0,2195.330025698628
508460.0,2197.685693408688
508480.0,2199.7182294992717
508500.0,2200.585494282318
508520.0,2199.624406803302
508540.0,2196.4682789879685
508560.0,2191.2257600677312
508580.0,2184.5790930025114
508600.0,2177.6486988144184
508620.0,2171.6449103996097
508640.0,2167.4942736097387
508660.0,2165.563529573858
508680.0,2165.5786172634334
508700.0,2166.810120057897
508720.0,2168.427359653838
508740.0,2169.7838614262573
508760.0,2170.559778056362
508780.0,2170.8211093764066
508800.0,2171.064381439268
508820.0,2172.134128079681
508840.0,2174.9361086420267
508860.0,2180.0696779678465
508880.0,2187.5880942124827
508900.0,2196.985469999688
508920.0,2207.3752808041004
508940.0,2217.784016018715
508960.0,2227.4526087266813
508980.0,2236.0283140722277
509000.0,2243.6166815861316
509020.0,2250.6557794109826
509040.0,2257.6986699796284
509060.0,2265.2523815334653
509080.0,2273.7488096372263
509100.0,2283.6981478078746
509120.0,2295.8007463732392
509140.0,2310.6826101772363
509160.0,2328.3251734879586
509180.0,2347.368179992677
509200.0,2364.420662968133
509220.0,2373.6818512973996
509240.0,2367.2034854251037
509260.0,2336.009003176873
509280.0,2272.1382268372913
509300.0,2171.352901785421
509320.0,2035.989592011294
509340.0,1876.8775143129606
509360.0,1712.557278736688
509380.0,1565.0510207342136
509400.0,1454.1931052844743
509420.0,1393.5776117443952
509440.0,1389.0592206250235
509460.0,1438.7550045004314
509480.0,1533.6584224000137
509500.0,1658.8245709024716
509520.0,1795.814461765578
509540.0,1926.7631668263664
509560.0,2038.5480275043956
509580.0,2124.8250655135653
509600.0,2185.5508615354674
509620.0,2225.0529933560674
509640.0,2249.7020742244413
509660.0,2265.835811914023
509680.0,2278.3366785649987
509700.0,2290.0074435025417
509720.0,2301.747967891292
509740.0,2313.276086875844
509760.0,2323.980307542686
509780.0,2333.5982663235254
509800.0,2342.495591095164
509820.0,2351.439240247697
509840.0,2361.1473252848336
509860.0,2372.0055169046823
509880.0,2384.056519717443
509900.0,2397.118062853728
509920.0,2410.859160010531
509940.0,2424.907440244967
509960.0,2439.0336921948483
509980.0,2453.2870864829524
510000.0,2467.9164622003
510020.0,2483.028239245141
510040.0,2498.18969786517
510060.0,2512.2960392502873
510080.0,2523.8651773166957
510100.0,2531.52921651484
510120.0,2534.3978090227342
510140.0,2532.2235256058802
510160.0,2525.3993008158827
510180.0,2514.904070294582
510200.0,2502.1759651840935
510220.0,2488.8329557353363
510240.0,2476.3374651223426
510260.0,2465.752123413587
510280.0,2457.6436949298222
510300.0,2452.0986476944036
510320.0,2448.7170300005623
510340.0,2446.5625388261233
510360.0,2444.234954066781
510380.0,2440.1235913984674
510400.0,2432.744676782981
510420.0,2421.0528297795463
510440.0,2404.680930865706
510460.0,2384.1265946107005
510480.0,2360.8122130793226
510500.0,2336.958840518239
510520.0,2315.349320649456
510540.0,2298.9162098382517
510560.0,2289.9663234717677
510580.0,2289.0540183651283
510600.0,2293.8639883695537
510620.0,2298.600892610748
510640.0,2294.2062920587114
510660.0,2269.4435717700867
510680.0,2212.7970032767466
510700.0,2115.0711791407916
510720.0,1972.351835080413
510740.0,1788.6615690768153
510760.0,1577.3399898062492
510780.0,1359.9628306676273
510800.0,1162.41424549322
510820.0,1009.9444711386737
510840.0,923.1990678604773
510860.0,915.1071230134406
510880.0,988.1422002575066
510900.0,1132.4122760527011
510920.0,1326.2171099973918
510940.0,1540.898318582717
510960.0,1748.3800009735908
510980.0,1927.2627362641251
511000.0,2065.7545126131995
511020.0,2161.766146821644
511040.0,2220.8501554403965
511060.0,2252.8971911005488
511080.0,2268.7586227464076
511100.0,2277.7816348390243
511120.0,2286.602787556403
511140.0,2298.897621978932
511160.0,2315.7063812827355
511180.0,2336.1342749105434
511200.0,2358.2412276026407
511220.0,2379.8242485429905
511240.0,2398.939927594124
511260.0,2414.2285429255508
511280.0,2425.071663137699
511300.0,2431.570919945324
511320.0,2434.359036793387
511340.0,2434.2949824014263
511360.0,2432.207858084115
511380.0,2428.7195178415377
511400.0,2424.1759946309576
511420.0,2418.75052901916
511440.0,2412.5987462876656
511460.0,2405.8830157071716
511480.0,2398.666167736662
511500.0,2390.826829530399
511520.0,2382.1222813170953
511540.0,2372.3158729142137
511560.0,2361.2641388604256
511580.0,2348.976823268201
511600.0,2335.724960747493
511620.0,2322.1751761484165
511640.0,2309.4612434264245
511660.0,2299.1078827961833
511680.0,2292.767379807553
511700.0,2291.8524760866594
511720.0,2297.1573576995443
511740.0,2308.4754087011065
511760.0,2324.170297076177
511780.0,2340.6718536926296
511800.0,2352.042720637007
511820.0,2349.89468733585
511840.0,2324.013522582352
511860.0,2263.957652208989
511880.0,2161.6181651008737
511900.0,2014.3862959230423
511920.0,1828.0779711497282
511940.0,1618.2355226721245
511960.0,1408.1513889858588
511980.0,1222.9335303058156
512000.0,1081.8756198104386
512020.0,993.8424492390337
512040.0,957.3607904940745
512060.0,963.528559642126
512080.0,999.7345264957734
512100.0,1052.9494576845536
512120.0,1112.022986450468
512140.0,1168.9037455275823
512160.0,1218.9825693962996
512180.0,1260.8658199321262
512200.0,1295.8645678376822
512220.0,1327.3887122125598
512240.0,1360.3138879239118
512260.0,1400.286466239356
512280.0,1452.8818669385391
512300.0,1522.5571788536072
512320.0,1611.4525774926542
512340.0,1718.2952566283584
512360.0,1837.923318057728
512380.0,1962.1041327906562
512400.0,2081.587000682437
512420.0,2188.212789198894
512440.0,2276.439629272921
512460.0,2344.058258157248
512480.0,2391.961166158909
512500.0,2423.2025982905816
512520.0,2441.8381823158848
512540.0,2451.9333740616294
512560.0,2456.852019299703
512580.0,2458.7938915542554
512600.0,2458.665315630514
512620.0,2456.3595244207636
512640.0,2451.323706172832
512660.0,2443.110560563309
512680.0,2431.6949601829574
512700.0,2417.358878183303
512720.0,2400.358675206593
512740.0,2380.734451640613
512760.0,2358.325014199718
512780.0,2332.9321893260085
512800.0,2304.528099783237
512820.0,2273.3985489498223
512840.0,2240.1930541926913
512860.0,2205.8975350973096
512880.0,2171.7221246246263
512900.0,2138.9192571255044
512920.0,2108.58430963967
512940.0,2081.491998559941
512960.0,2057.9999466994022
512980.0,2038.0248430822048
513000.0,2021.0752591772805
513020.0,2006.3478961696405
513040.0,1992.9336082347781
513060.0,1980.0894577022057
513080.0,1967.4326129803928
513100.0,1954.9746337986726
513120.0,1943.0406468103283
513140.0,1932.1369719242332
513160.0,1922.8002977591955
513180.0,1915.4525523946638
513200.0,1910.299962134537
513220.0,1907.318282493153
513240.0,1906.33130590371
513260.0,1907.1108126925287
513280.0,1909.4179248025134
513300.0,1912.9883038073956
513320.0,1917.5274077447095
513340.0,1922.7407346929933
513360.0,1928.3534100736347
513380.0,1934.1045687407945
513400.0,1939.7256152201758
513420.0,1944.9173107354698
513440.0,1949.3446235900537
513460.0,1952.6454627769622
513480.0,1954.4567303764056
513500.0,1954.4726303220395
513520.0,1952.5516386944996
513540.0,1948.8942847117364
513560.0,1944.2384903932914
513580.0,1939.9526227879264
513600.0,1937.9386119361666
513620.0,1940.2802203865401
513640.0,1948.5195716827225
513660.0,1962.4621338957586
513680.0,1978.8214417538522
513700.0,1990.6981844951065
513720.0,1988.4139590918621
513740.0,1961.3805002151178
513760.0,1900.5896822430168
513780.0,1801.4180015137658
513800.0,1666.1974428264639
513820.0,1505.5222447087788
513840.0,1337.0422981871386
513860.0,1181.2732073028287
513880.0,1056.3199652954625
513900.0,974.7055033304466
513920.0,942.8841158488706
513940.0,961.9911854976872
513960.0,1028.6304374105862
513980.0,1135.271558304223
514000.0,1270.6291512373853
514020.0,1420.9408485202798
514040.0,1572.4408064102329
514060.0,1713.8663412152414
514080.0,1837.7508168180425
514100.0,1940.2979849276485
514120.0,2020.5498300619718
514140.0,2079.5607500680753
514160.0,2119.798620898725
514180.0,2144.719437312046
514200.0,2158.380779623264
514220.0,2165.074356457292
514240.0,2168.8878184568725
514260.0,2173.024130183243
514280.0,2179.1815878719945
514300.0,2187.5256982632573
514320.0,2197.131280980666
514340.0,2206.6076805782914
514360.0,2214.7184318131663
514380.0,2220.8490265027917
514400.0,2225.1915606116795
514420.0,2228.5936390179586
514440.0,2232.1338433072297
514460.0,2236.507835674568
514480.0,2241.264614202806
514500.0,2244.050760671563
514520.0,2240.0623649423187
514540.0,2221.953774924791
514560.0,2180.508909687734
514580.0,2106.2372875174965
514600.0,1991.8426684574533
514620.0,1835.1907454727327
514640.0,1641.9440831408574
514660.0,1426.6846124060073
514680.0,1211.2428837590655
514700.0,1019.5012392636023
514720.0,870.2817639596942
514740.0,772.6284967036556
514760.0,725.6046823044155
514780.0,721.009705940538
514800.0,747.0012810881254
514820.0,791.3329170463447
514840.0,843.5865969939416
514860.0,896.2727517257024
514880.0,944.9731653130757
514900.0,987.8423067355855
514920.0,1024.8021193051304
514940.0,1056.7114800609659
514960.0,1084.7046423036093
514980.0,1109.8014232847895
515000.0,1132.8115094412278
515020.0,1154.4915779217285
515040.0,1175.8663291863343
515060.0,1198.5906316700678
515080.0,1225.2096098069314
515100.0,1259.1711559233427
515120.0,1304.4707711031292
515140.0,1364.8752017850522
515160.0,1442.7921128479359
515180.0,1538.0351513523449
515200.0,1646.9716610395967
515220.0,1762.7598196419417
515240.0,1877.035119453692
515260.0,1982.1762806000443
515280.0,2072.9408786827726
515300.0,2147.0732046692183
515320.0,2204.980838559582
515340.0,2248.830494059494
515360.0,2281.5237288525614
515380.0,2305.7927823291343
515400.0,2323.5830310676934
515420.0,2335.783579952182
515440.0,2342.3028107341775
515460.0,2342.4595756906137
515480.0,2335.517795265879
515500.0,2321.231882170051
515520.0,2300.1864892143267
515540.0,2273.562143986036
515560.0,2242.531214843496
515580.0,2207.9140062077317
515600.0,2170.1966018552316
515620.0,2129.7194412312892
515640.0,2086.8930675841907
515660.0,2042.336541502798
515680.0,1996.8883728112153
515700.0,1951.499616184758
515720.0,1907.0439375986546
515740.0,1864.140901753274
515760.0,1823.060949705458
515780.0,1783.7400196049002
515800.0,1745.9038326554187
515820.0,1709.242485058041
515840.0,1673.5875929334848
515860.0,1639.0382105165813
515880.0,1605.9734649867069
515900.0,1574.9317458776418
515920.0,1546.4372327592828
515940.0,1520.8754347201939
515960.0,1498.4357745148327
515980.0,1479.1365576083176
516000.0,1462.8946740471104
516020.0,1449.5664421798722
516040.0,1438.9606570920907
516060.0,1430.8481240689928
516080.0,1424.970555908539
516100.0,1421.054115582144
516120.0,1418.8414578590177
516140.0,1418.1259222244157
516160.0,1418.7631105161668
516180.0,1420.649607774392
516200.0,1423.665456120821
516220.0,1427.6295153563674
516240.0,1432.3120744689531
516260.0,1437.470088657744
516280.0,1442.8557111248317
516300.0,1448.2132489274068
516320.0,1453.2952294227805
516340.0,1457.9184270287783
516360.0,1462.0163633665682
516380.0,1465.6324666268897
516400.0,1468.882240356537
516420.0,1471.908578674755
516440.0,1474.8295649795914
516460.0,1477.6943316802128
516480.0,1480.4658748592703
516500.0,1483.0401288451817
516520.0,1485.2991888764564
516540.0,1487.1987627001758
516560.0,1488.8840807016018
516580.0,1490.7965414868763
516600.0,1493.7160279761988
516620.0,1498.733230830857
516640.0,1507.1041649137928
516660.0,1519.9396258035472
516680.0,1537.7580379897504
516700.0,1559.9294164262296
516720.0,1584.0750275886032
516740.0,1605.5827557550729
516760.0,1617.4789747785348
516780.0,1610.894894090107
516800.0,1576.310796501239
516820.0,1505.69402954549
516840.0,1395.3894803438745
516860.0,1249.1422055669732
516880.0,1080.073420652007
516900.0,909.9298747859975
516920.0,764.2668258430896
516940.0,665.1700893394205
516960.0,625.9621052418473
516980.0,649.4310105146319
517000.0,728.3396778990907
517020.0,847.3125203134548
517040.0,986.1229304332273
517060.0,1124.5587429203683
517080.0,1247.1805317755122
517100.0,1345.6077151704517
517120.0,1418.1772226819226
517140.0,1468.0440348293116
517160.0,1500.7786771319516
517180.0,1522.3675915675608
517200.0,1537.9746095338294
517220.0,1551.3831078910177
517240.0,1564.9757844853389
517260.0,1580.0039373002999
517280.0,1596.9072310313263
517300.0,1615.5250354518625
517320.0,1635.1828588684905
517340.0,1654.7210750058844
517360.0,1672.5172456094606
517380.0,1686.5718314600902
517400.0,1694.7456386179863
517420.0,1695.1686298448883
517440.0,1686.79202507449
517460.0,1669.9830797692834
517480.0,1646.9718142542854
517500.0,1621.8907673037543
517520.0,1600.17269957277
517540.0,1587.3853942907504
517560.0,1587.863989670885
517580.0,1603.534543237053
517600.0,1633.3008563383778
517620.0,1673.2891337991823
517640.0,1717.912018176931
517660.0,1761.4124078272703
517680.0,1799.2557853945732
517700.0,1828.883028476415
517720.0,1849.7598493039309
517740.0,1862.9037627417802
517760.0,1870.2003464277157
517780.0,1873.769182610471
517800.0,1875.4851975433503
517820.0,1876.6960155747827
517840.0,1878.1590062928458
517860.0,1880.2053794336432
517880.0,1883.0248539421095
517900.0,1886.9229553352711
517920.0,1892.4665424621185
517940.0,1900.4451379724505
517960.0,1911.6003930818194
517980.0,1926.135803161321
518000.0,1943.0470161233939
518020.0,1959.3993406416928
518040.0,1969.779550689978
518060.0,1966.2178499009708
518080.0,1938.8829668183957
518100.0,1877.7859090041843
518120.0,1775.4911925149347
518140.0,1630.4532129948188
518160.0,1450.1134639836437
518180.0,1252.2996880498795
518200.0,1063.149658774301
518220.0,910.8586662843533
518240.0,818.1466812322095
518260.0,797.5139064319595
518280.0,849.5918950529579
518300.0,963.4562303511473
518320.0,1118.6535668165855
518340.0,1289.6102132938554
518360.0,1452.0913070918648
518380.0,1588.709024713696
518400.0,1691.1375000221512
518420.0,1759.164731511848
518440.0,1798.1675821869162
518460.0,1816.3084333746672
518480.0,1822.1296481824324
518500.0,1822.8929196513302
518520.0,1823.7223242622931
518540.0,1827.4541008217445
518560.0,1835.0007280506802
518580.0,1845.9833486871098
518600.0,1859.4213929965263
518620.0,1874.2897393860935
518640.0,1889.8291230414584
518660.0,1905.6266627899029
518680.0,1921.551614993204
518700.0,1937.6092461945834
518720.0,1953.7915428976394
518740.0,1969.993846056661
518760.0,1986.0031345414136
518780.0,2001.4794277972694
518800.0,2015.9765511450526
518820.0,2029.0827550357037
518840.0,2040.6326873572361
518860.0,2050.9377985867304
518880.0,2060.961628365584
518900.0,2072.2552938288004
518920.0,2086.4393828789716
518940.0,2104.2624053159516
518960.0,2124.4835950192873
518980.0,2142.9535820043147
519000.0,2152.2864833506133
519020.0,2142.4498760391025
519040.0,2102.4889299999745
519060.0,2023.3985711429966
519080.0,1901.839199708914
519100.0,1743.8295258189657
519120.0,1566.743382680678
519140.0,1397.4002278730381
519160.0,1264.8667546040274
519180.0,1191.3585070333052
519200.0,1187.1801705963217
519220.0,1250.3996868127854
519240.0,1369.0541919058614
519260.0,1524.3193316292732
519280.0,1694.1053789401444
519300.0,1857.1204054634072
519320.0,1996.7633573797789
519340.0,2103.4894839297185
519360.0,2174.969823572191
519380.0,2214.615719339787
519400.0,2229.3546894032597
519420.0,2227.2779611382857
519440.0,2215.726127245882
519460.0,2200.168618148174
519480.0,2183.9154244352962
519500.0,2168.473750721957
519520.0,2154.241817988548
519540.0,2141.259229517902
519560.0,2129.8171320906104
519580.0,2120.646128824675
519600.0,2114.533121950258
519620.0,2111.803793994975
519640.0,2112.125990459902
519660.0,2114.613450585576
519680.0,2118.0793502910124
519700.0,2121.3096466930892
519720.0,2123.2721111085725
519740.0,2123.254771957788
519760.0,2120.934556841683
519780.0,2116.3783761506174
519800.0,2109.9933332514343
519820.0,2102.428825117873
519840.0,2094.44613935816
519860.0,2086.784588210028
519880.0,2080.0588235856917
519900.0,2074.692989137652
519920.0,2070.9019137258742
519940.0,2068.711285566882
519960.0,2067.9989195496833
519980.0,2068.5432013344857
520000.0,2070.07853329885
520020.0,2072.3705804528936
520040.0,2075.259046512371
520060.0,2078.6478058313314
520080.0,2082.482001466024
520100.0,2086.7246153979568
520120.0,2091.338068130739
520140.0,2096.2879170794895
520160.0,2101.57256949283
520180.0,2107.238958444085
520200.0,2113.3507443686512
520220.0,2119.93340713682
520240.0,2126.9428819454943
520260.0,2134.262245999337
520280.0,2141.7266892624148
520300.0,2149.174014662037
520320.0,2156.480230946824
520340.0,2163.554682594177
520360.0,2170.313025051545
520380.0,2176.647420802456
520400.0,2182.399287870142
520420.0,2187.3490490036465
520440.0,2191.234863925545
520460.0,2193.7973935229193
520480.0,2194.856942896081
520500.0,2194.428233097852
520520.0,2192.8464394695197
520540.0,2190.874022216017
520560.0,2189.7365161472544
520580.0,2191.030875511955
520600.0,2196.469011336168
520620.0,2207.4166329242125
520640.0,2224.2015823889624
520660.0,2245.2709836907557
520680.0,2266.3738409782673
520700.0,2280.0532172783305
520720.0,2275.787680179914
520740.0,2241.147366117922
520760.0,2164.160738971119
520780.0,2036.8029794203935
520800.0,1859.114707831325
520820.0,1642.8235827789729
520840.0,1412.6493223894881
520860.0,1203.1137606982252
520880.0,1050.0176803267957
520900.0,980.2855013401091
520920.0,1005.3638414850709
520940.0,1119.032959495785
520960.0,1299.1444907515092
520980.0,1513.6122829314138
521000.0,1729.3297759477653
521020.0,1919.841494942631
521040.0,2069.2571558320856
521060.0,2172.4461295923784
521080.0,2232.883693729061
521100.0,2259.527456923456
521120.0,2263.545498632218
521140.0,2255.5997804993135
521160.0,2244.118482388367
521180.0,2234.57593995946
521200.0,2229.528601104211
521220.0,2229.1821173127782
521240.0,2232.2282954286707
521260.0,2236.6429773180566
521280.0,2240.283646031656
521300.0,2241.2270418622634
521320.0,2237.884141532652
521340.0,2229.078659592763
521360.0,2214.1728992569206
521380.0,2193.2279723011247
521400.0,2167.235250642447
521420.0,2138.3270972056343
521440.0,2109.812222827596
521460.0,2085.890198027485
521480.0,2070.9977919875814
521500.0,2068.880678755071
521520.0,2081.6837912613855
521540.0,2109.2729674096513
521560.0,2148.758670050384
521580.0,2194.224755281093
521600.0,2236.725677549285
521620.0,2264.704836009395
521640.0,2265.0789224837667
521660.0,2225.1727477794284
521680.0,2135.5094306729725
521700.0,1993.207974439231
521720.0,1805.3757086163446
521740.0,1591.1470756274896
521760.0,1380.315989805711
521780.0,1206.9385065480487
521800.0,1099.9637480030397
521820.0,1076.405911190468
521840.0,1138.981823610083
521860.0,1276.671981148226
521880.0,1467.174246333059
521900.0,1681.4276904514147
521920.0,1890.1891334173292
521940.0,2070.3409772994423
521960.0,2208.3889941304556
521980.0,2300.7489048578755
522000.0,2351.7991803208506
522020.0,2370.7990538663375
522040.0,2368.721678042856
522060.0,2355.7634042491286
522080.0,2339.861084174673
522100.0,2326.199016558218
522120.0,2317.414877233906
522140.0,2314.165004088968
522160.0,2315.8088490197733
522180.0,2321.014240628594
522200.0,2328.215128647649
522220.0,2335.9181630524677
522240.0,2342.8675789134622
522260.0,2348.1061307561026
522280.0,2350.985166061496
522300.0,2351.1271882662536
522320.0,2348.3603819464865
522340.0,2342.67811872718
522360.0,2334.2619819600172
522380.0,2323.5890233168857
522400.0,2311.6181976843927
522420.0,2299.952202410702
522440.0,2290.8190623636683
522460.0,2286.783561629709
522480.0,2290.163236801102
522500.0,2302.216445362108
522520.0,2322.231816184297
522540.0,2346.671000250019
522560.0,2368.5531161897475
522580.0,2377.35020328718
522600.0,2359.7290833236975
522620.0,2301.4874092625714
522640.0,2190.84133988258
522660.0,2022.7269679796223
522680.0,1803.0960842238105
522700.0,1551.414975618426
522720.0,1299.0668298215219
522740.0,1082.4574799182592
522760.0,933.7703100584389
522780.0,874.5070083144083
522800.0,912.6563672989838
522820.0,1041.9374201534279
522840.0,1242.5244590598736
522860.0,1484.1147634374927
522880.0,1732.4966334224973
522900.0,1957.664554966063
522920.0,2139.5199573521613
522940.0,2269.601221278005
522960.0,2349.6870915172976
522980.0,2388.7077265098405
523000.0,2399.1177440047422
523020.0,2393.6257459186413
523040.0,2382.7957115679264
523060.0,2373.6774118268245
523080.0,2369.5483395645506
523100.0,2370.610321004875
523120.0,2375.1560447633665
523140.0,2380.7139383282506
523160.0,2384.9477426831495
523180.0,2386.280261234476
523200.0,2384.1719133149977
523220.0,2379.067786477135
523240.0,2372.074408117929
523260.0,2364.494470651812
523280.0,2357.396463641161
523300.0,2351.3924821912865
523320.0,2346.633827836695
523340.0,2342.866567287689
523360.0,2339.5260922074986
523380.0,2335.949402443695
523400.0,2331.579177830784
523420.0,2326.089938844626
523440.0,2319.4538186725567
523460.0,2311.888435936865
523480.0,2303.7642830361606
523500.0,2295.5512463038076
523520.0,2287.751695997361
523540.0,2280.7780438463005
523560.0,2274.8497418169363
523580.0,2269.998258796781
523600.0,2266.1610645163228
523620.0,2263.3239867391285
523640.0,2261.688226585176
523660.0,2261.8388019246313
523680.0,2264.85620443234
523700.0,2272.2688102689194
523720.0,2285.7481650542936
523740.0,2306.47226762181
523760.0,2334.1975541017764
523780.0,2366.2020474769356
523800.0,2396.347159302089
523820.0,2414.607630704906
523840.0,2407.5152735946967
523860.0,2359.9061872597176
523880.0,2258.198077765218
523900.0,2095.032305393389
523920.0,1874.3491941331963
523940.0,1614.9794549717633
523960.0,1349.811002995732
523980.0,1118.0423157310868
524000.0,953.6732681259033
524020.0,878.044563669511
524040.0,898.1345950893561
524060.0,1007.8728615548655
524080.0,1190.3699236393086
524100.0,1420.4444713464975
524120.0,1668.1826971658206
524140.0,1904.405391988757
524160.0,2106.3581162078403
524180.0,2260.9955640912704
524200.0,2365.2997661984446
524220.0,2424.4635036817695
524240.0,2448.986699175523
524260.0,2451.490119641607
524280.0,2443.9360817220568
524300.0,2435.697062016468
524320.0,2432.664068201585
524340.0,2437.23226950601
524360.0,2448.9520568336075
524380.0,2465.578477988343
524400.0,2484.0721710512694
524420.0,2501.417994128947
524440.0,2515.1678055762663
524460.0,2523.6329180589173
524480.0,2525.8725515912524
524500.0,2521.652385207467
524520.0,2511.4010394064317
524540.0,2496.1155476015383
524560.0,2477.272365498184
524580.0,2456.815800844787
524600.0,2437.113538892406
524620.0,2420.805835750428
524640.0,2410.460313131396
524660.0,2407.9664071263132
524680.0,2413.691164542194
524700.0,2425.518252728747
524720.0,2438.0680182668702
524740.0,2442.4375763803364
524760.0,2426.750720438418
524780.0,2377.8085916310374
524800.0,2283.969293292567
524820.0,2139.004718734074
524840.0,1946.2074276765702
524860.0,1721.276435539839
524880.0,1491.7943525256328
524900.0,1291.1590202456919
524920.0,1148.1446657742024
524940.0,1079.0124441660391
524960.0,1086.1226913957998
524980.0,1160.7860636075695
525000.0,1287.482276902025
525020.0,1447.695870595738
525040.0,1622.681139947507
525060.0,1795.297663017543
525080.0,1951.5553546802057
525100.0,2082.193855209348
525120.0,2183.5838378896465
525140.0,2257.1277787894114
525160.0,2307.458990692984
525180.0,2340.5074100841593
525200.0,2362.0713098959277
525220.0,2376.9965452581355
525240.0,2388.800911562018
525260.0,2399.603135192477
525280.0,2410.2533742046535
525300.0,2420.6265541361877
525320.0,2430.013878238311
525340.0,2437.510085516397
525360.0,2442.327285221364
525380.0,2444.080114114365
525400.0,2443.0622928310504
525420.0,2440.405244771132
525440.0,2437.995062420281
525460.0,2438.187071709195
525480.0,2443.333713645329
525500.0,2455.120860083477
525520.0,2473.7480030619163
525540.0,2497.0443920044518
525560.0,2519.712474894134
525580.0,2532.9112856135976
525600.0,2524.5784873914613
525620.0,2480.8762836733977
525640.0,2388.9254959520354
525660.0,2240.6921478434024
525680.0,2037.3978697529485
525700.0,1793.025300954075
525720.0,1534.7512260054384
525740.0,1297.962282204167
525760.0,1115.882788554744
525780.0,1009.9602465464844
525800.0,986.8201313224861
525820.0,1040.4570349995124
525840.0,1156.4435461394037
525860.0,1316.0264190352332
525880.0,1499.1840362113435
525900.0,1686.7064169026173
525920.0,1861.9672009721012
525940.0,2012.787542936116
525960.0,2132.749756966996
525980.0,2221.0508670571385
526000.0,2281.0017043474454
526020.0,2318.0763791768745
526040.0,2338.294694754577
526060.0,2347.2350763964564
526080.0,2349.531112889599
526100.0,2348.72008638414
526120.0,2347.3096354168524
526140.0,2346.914824969727
526160.0,2348.493207792343
526180.0,2352.5421076875646
526200.0,2359.1605399698155
526220.0,2368.007748762552
526240.0,2378.25541428547
526260.0,2388.5889697416983
526280.0,2397.2799214608326
526300.0,2402.366242208019
526320.0,2401.9157729293474
526340.0,2394.3064620292707
526360.0,2378.540059436373
526380.0,2354.5380586675706
526400.0,2323.2624551673794
526420.0,2286.58649589733
526440.0,2246.991478794429
526460.0,2207.2195178862726
526480.0,2169.9839194537344
526500.0,2137.789697121863
526520.0,2112.7940687954188
526540.0,2096.6289007119112
526560.0,2090.143651619914
526580.0,2093.0467632033806
526600.0,2103.472829512065
526620.0,2117.526108192458
526640.0,2128.943721581355
526660.0,2129.1374972665326
526680.0,2107.9009035176905
526700.0,2055.0049418409253
526720.0,1962.7047410555092
526740.0,1828.790041435587
526760.0,1659.265722134672
526780.0,1469.2052899117036
526800.0,1280.269058030346
526820.0,1114.8626923369422
526840.0,989.5386169568386
526860.0,911.4099474650833
526880.0,878.594764294882
526900.0,882.9632896298757
526920.0,913.4533858506142
526940.0,958.9000653148775
526960.0,1009.9130420536324
526980.0,1059.7576503535565
527000.0,1104.4431624131867
527020.0,1142.3232509589566
527040.0,1173.5057015485686
527060.0,1199.294787194408
527080.0,1221.7870401162
527100.0,1243.637939805611
527120.0,1267.933222652475
527140.0,1298.0475924466468
527160.0,1337.3650233390813
527180.0,1388.7754927420508
527200.0,1453.956963979674
527220.0,1532.5980002016097
527240.0,1621.9065835913418
527260.0,1716.9338630400046
527280.0,1811.9679743948072
527300.0,1902.172396169971
527320.0,1984.5263020418795
527340.0,2057.8955928082514
527360.0,2122.5029004001995
527380.0,2179.123783548476
527400.0,2228.365087214391
527420.0,2270.356847676344
527440.0,2304.9866299509276
527460.0,2332.5905461042803
527480.0,2354.318158943428
527500.0,2371.6659900490354
527520.0,2385.847067833548
527540.0,2397.41204992706
527560.0,2406.114756394311
527580.0,2410.9839914663744
527600.0,2410.541657918435
527620.0,2403.0863991634765
527640.0,2387.040043542494
527660.0,2361.3503441999433
527680.0,2325.8568653055813
527700.0,2281.4850306795474
527720.0,2230.1582557030583
527740.0,2174.4297392653857
527760.0,2116.9794678956378
527780.0,2060.1695554368534
527800.0,2005.765484315582
527820.0,1954.8519939341422
527840.0,1907.9158482791324
527860.0,1865.0394009394902
527880.0,1826.1448400436645
527900.0,1791.2454183573223
527920.0,1760.6431614860212
527940.0,1734.9890990433082
527960.0,1715.12279126394
527980.0,1701.6316311745372
528000.0,1694.195801858033
528020.0,1690.882191824024
528040.0,1687.5862259716607
528060.0,1677.8997677338914
528080.0,1653.6522037847803
528100.0,1606.259383517566
528120.0,1528.8577248956944
528140.0,1418.9175015554345
528160.0,1280.6972556703663
528180.0,1126.4623431015839
528200.0,975.0503611119796
528220.0,847.3333128991953
528240.0,761.174953360055
528260.0,728.5432842070268
528280.0,754.363860144382
528300.0,836.0794966880919
528320.0,963.6406183036427
528340.0,1120.5503784665664
528360.0,1286.9950378096087
528380.0,1444.4045978998556
528400.0,1579.1354553118051
528420.0,1684.2598753082925
528440.0,1759.3442857082005
528460.0,1808.669566925398
528480.0,1838.9282711072094
528500.0,1857.1588614533161
528520.0,1869.3139224613715
528540.0,1879.596996462654
528560.0,1890.4452007889504
528580.0,1902.8738407931185
528600.0,1916.9431909732969
528620.0,1932.2258558750204
528640.0,1948.1391716665687
528660.0,1964.1134113758908
528680.0,1979.638101830987
528700.0,1994.2402644635501
528720.0,2007.487800321743
528740.0,2019.0571570431086
528760.0,2028.8091932036873
528780.0,2036.8163440418025
528800.0,2043.3661216120934
528820.0,2048.9111188064376
528840.0,2053.911237592011
528860.0,2058.68652095884
528880.0,2063.359839923932
528900.0,2067.8558154750053
528920.0,2071.9522125893113
528940.0,2075.3439204667707
528960.0,2077.698503468722
528980.0,2078.709287582
529000.0,2078.1727622382136
529020.0,2076.0898605871857
529040.0,2072.782004965572
529060.0,2069.002970696497
529080.0,2065.9836170163894
529100.0,2065.3397628764396
529120.0,2068.7656036154312
529140.0,2077.5170928846446
529160.0,2091.77765104709
529180.0,2110.0325631925075
529200.0,2128.5641605911233
529220.0,2141.161171709879
529240.0,2139.25213032997
529260.0,2112.7656100511954
529280.0,2051.9576525571492
529300.0,1950.213505999932
529320.0,1807.385038685073
529340.0,1632.649553734224
529360.0,1445.1438944313384
529380.0,1270.429264733093
529400.0,1132.9837368657559
529420.0,1049.450608546934
529440.0,1026.5109174355766
529460.0,1062.231244926333
529480.0,1148.6320496297037
529500.0,1274.0524027852189
529520.0,1424.8090713375764
529540.0,1586.4472156137795
529560.0,1745.3329024278585
529580.0,1890.6942140889957
529600.0,2016.0132937446845
529620.0,2118.8673738277134
529640.0,2199.611883729207
529660.0,2259.990627470151
529680.0,2302.2966611947077
529700.0,2329.112227666912
529720.0,2343.3125822953534
529740.0,2348.041873668683
529760.0,2346.5297674417443
529780.0,2341.755580013508
529800.0,2336.0702069250233
529820.0,2330.9373461460195
529840.0,2326.8848460166255
529860.0,2323.6189548776197
529880.0,2320.221125485138
529900.0,2315.4340034217735
529920.0,2308.004515452749
529940.0,2297.0325203989223
529960.0,2282.206235974115
529980.0,2263.7680055501023
530000.0,2242.273789706658
530020.0,2218.3874121128183
530040.0,2192.8072232073887
530060.0,2166.279827213675
530080.0,2139.6541847906387
530100.0,2113.9261413236623
530120.0,2090.239437881756
530140.0,2069.829927184814
530160.0,2053.9160549900125
530180.0,2043.543671612674
530200.0,2039.344182859542
530220.0,2041.1812593731242
530240.0,2047.6515799701606
530260.0,2055.5239341308306
530280.0,2059.3657808109588
530300.0,2051.5589565484493
530320.0,2022.9265746245005
530340.0,1964.1793113758752
530360.0,1868.1436500294571
530380.0,1732.4321310768414
530400.0,1561.9128416711796
530420.0,1370.0282644972917
530440.0,1177.7670985480156
530460.0,1009.2007315147099
530480.0,884.6046723549218
530500.0,815.6083504111648
530520.0,804.7581936560287
530540.0,847.7882792355364
530560.0,936.4649148483943
530580.0,1060.719902886707
530600.0,1209.6407561745928
530620.0,1371.6155822705666
530640.0,1534.4910292501227
530660.0,1686.7161345787324
530680.0,1819.350914099418
530700.0,1927.6036448105847
530720.0,2010.9502764059084
530740.0,2072.0670450490134
530760.0,2115.434725440723
530780.0,2146.098366041109
530800.0,2168.730142938596
530820.0,2187.048542380806
530840.0,2203.6087629045746
530860.0,2219.8744984194936
530880.0,2236.405763247071
530900.0,2253.0705756635234
530920.0,2269.2784570888316
530940.0,2284.2259411614
530960.0,2297.080238164967
530980.0,2307.1043360106
531000.0,2313.754917012395
531020.0,2316.7397078875365
531040.0,2316.011128923584
531060.0,2311.7989640142637
531080.0,2304.78980601913
531100.0,2296.2703125366997
531120.0,2287.983885731294
531140.0,2281.7429306640174
531160.0,2279.0801838429607
531180.0,2281.0815851951525
531200.0,2288.336314981615
531220.0,2300.803271406725
531240.0,2317.4328024196097
531260.0,2335.5867201543547
531280.0,2350.4658531299565
531300.0,2354.828549058904
531320.0,2339.283685377165
531340.0,2293.4623766086256
531360.0,2208.247492144677
531380.0,2078.8345989097224
531400.0,1907.939688232608
531420.0,1708.012920050529
531440.0,1500.6508302726404
531460.0,1311.4557175037094
531480.0,1161.7664868969002
531500.0,1062.796542138304
531520.0,1014.9089300966741
531540.0,1010.2649486275365
531560.0,1036.687024687855
531580.0,1081.3269929394723
531600.0,1133.4113505937012
531620.0,1185.8338774842462
531640.0,1235.6685993495962
531660.0,1283.8112405718023
531680.0,1333.9798599456076
531700.0,1391.279213997993
531720.0,1460.5176238515064
531740.0,1544.50351486004
531760.0,1642.6627345179543
531780.0,1750.5000726671933
531800.0,1860.5275434526443
531820.0,1964.5499202939693
531840.0,2055.85253580585
531860.0,2130.2450836154476
531880.0,2186.264099702754
531900.0,2224.935436699202
531920.0,2249.137715415867
531940.0,2262.6772997965836
531960.0,2269.37884462648
531980.0,2272.46005524514
532000.0,2274.219754768742
532020.0,2275.9483239065107
532040.0,2277.939008963357
532060.0,2279.647543319268
532080.0,2279.9803645894217
532100.0,2277.591276400146
532120.0,2271.1112924327326
532140.0,2259.3701174270745
532160.0,2241.6279137378788
532180.0,2217.7284897256654
532200.0,2188.118762497415
532220.0,2153.749242654587
532240.0,2115.9418368366537
532260.0,2076.2383147407604
532280.0,2036.2230930300552
532300.0,1997.3472470430909
532320.0,1960.8056146350937
532340.0,1927.5232586667266
532360.0,1898.2282433083935
532380.0,1873.5585869439642
532400.0,1854.1670469784071
532420.0,1840.754611807808
532440.0,1833.9273441101511
532460.0,1833.8187986227786
532480.0,1839.4887306492851
532500.0,1848.2508092451826
532520.0,1855.1847435676264
532540.0,1853.0636353776686
532560.0,1832.9337150473846
532580.0,1785.5187179284778
532600.0,1703.4734362819231
532620.0,1584.2495709644063
532640.0,1432.8454844271225
532660.0,1263.158586100673
532680.0,1096.2778012300441
532700.0,954.8586518909033
532720.0,856.3390363137563
532740.0,809.6960633805058
532760.0,816.0917767251792
532780.0,871.2372146694136
532800.0,967.7488077706179
532820.0,1096.6009548912066
532840.0,1247.5530404297187
532860.0,1409.0900183966367
532880.0,1568.8872148940768
532900.0,1715.5143100743503
532920.0,1840.4958414140608
532940.0,1939.4405798256412
532960.0,2012.0862767165431
532980.0,2061.4725303646997
533000.0,2092.585498537149
533020.0,2110.9519391664326
533040.0,2121.570827432693
533060.0,2128.3147754279707
533080.0,2133.778318614767
533100.0,2139.4233013321605
533120.0,2145.8478323274876
533140.0,2153.0880541804117
533160.0,2160.845997373705
533180.0,2168.6275970204374
533200.0,2175.840006480989
533220.0,2181.889520312942
533240.0,2186.2645136744663
533260.0,2188.5856039667683
533280.0,2188.6427801263535
533300.0,2186.405655251382
533320.0,2182.0196098252245
533340.0,2175.781763905301
533360.0,2168.0885420653844
533380.0,2159.3756832849476
533400.0,2150.0596953180693
533420.0,2140.4786142071216
533440.0,2130.8610855214
533460.0,2121.3390425400767
533480.0,2111.9954605094144
533500.0,2102.9233493801776
533520.0,2094.2574513245218
533540.0,2086.1804279080684
533560.0,2078.923235412537
533580.0,2072.7307047336512
533600.0,2067.7864772341973
533620.0,2064.182774956563
533640.0,2061.9871626203085
533660.0,2061.347241759112
533680.0,2062.556122921691
533700.0,2066.031328708192
533720.0,2072.201279650239
533740.0,2081.3159421439077
533760.0,2093.2337687945023
533780.0,2107.2966904154564
533800.0,2122.435534495809
533820.0,2137.5411318934757
533840.0,2151.827081369064
533860.0,2164.9448117085185
533880.0,2176.8975554007257
533900.0,2187.8942158496893
533920.0,2198.26980133633
533940.0,2208.438351149171
533960.0,2218.828335693962
533980.0,2229.773718077257
534000.0,2241.446472688827
534020.0,2253.8360831157033
534040.0,2266.6749313032315
534060.0,2279.3175076916423
534080.0,2290.694574098245
534100.0,2299.4341900721797
534120.0,2304.093695165158
534140.0,2303.4913348067957
534160.0,2297.090012864454
534180.0,2285.2727301317445
534200.0,2269.4301218153096
534220.0,2251.7781876021404
534240.0,2234.9468136705736
534260.0,2221.708069352202
534280.0,2214.8654399261186
534300.0,2217.059126657933
534320.0,2230.3266880513675
534340.0,2255.334029875417
534360.0,2290.3329340634737
534380.0,2330.0700642463216
534400.0,2365.024712511671
534420.0,2381.4665486453705
534440.0,2362.9021609030597
534460.0,2293.2355431037586
534480.0,2161.442934916752
534500.0,1966.7662400124398
534520.0,1722.6886292504728
534540.0,1457.5025921432084
534560.0,1209.4110043624682
534580.0,1016.1950810758728
534600.0,904.9889853179593
534620.0,887.7815015759459
534640.0,961.728090211274
534660.0,1111.6322636769578
534680.0,1313.210712895006
534700.0,1537.1514678750925
534720.0,1754.5033949133635
534740.0,1942.1919829776548
534760.0,2086.4316918899012
534780.0,2183.32757920964
534800.0,2237.295393288811
534820.0,2258.2565697254277
534840.0,2258.4442334777364
534860.0,2249.496365679307
534880.0,2240.310571693951
534900.0,2236.0916984903292
534920.0,2238.6181157205115
534940.0,2247.2069733635035
534960.0,2259.782529838854
534980.0,2273.705690148116
535000.0,2286.4504613160834
535020.0,2296.189250909784
535040.0,2302.093608986683
535060.0,2304.2944088145373
535080.0,2303.6071618817878
535100.0,2301.1256953847615
535120.0,2297.8655623676304
535140.0,2294.5798980991567
535160.0,2291.697962728523
535180.0,2289.326994866907
535200.0,2287.386905603028
535220.0,2285.8149185162288
535240.0,2284.676909239178
535260.0,2284.1441356633877
535280.0,2284.392068793665
535300.0,2285.472375442802
535320.0,2287.2551168789523
535340.0,2289.4905065580506
535360.0,2291.893934586581
535380.0,2294.1836038163465
535400.0,2296.0857514295235
535420.0,2297.336343414573
535440.0,2297.7126601564037
535460.0,2297.108374889338
535480.0,2295.6076605343637
535500.0,2293.5236269298143
535520.0,2291.3905019140097
535540.0,2289.884009038701
535560.0,2289.6631367034433
535580.0,2291.186599010296
535600.0,2294.51377105103
535620.0,2299.0756691375605
535640.0,2303.5002087556722
535660.0,2305.5653972453156
535680.0,2302.3510265663303
535700.0,2290.683060508751
535720.0,2267.938858993286
535740.0,2233.1562673773174
535760.0,2188.1130552167815
535780.0,2137.8911068447333
535800.0,2090.354301308407
535820.0,2053.989564134403
535840.0,2034.9166901653437
535860.0,2034.743288583414
535880.0,2050.305366184346
535900.0,2075.0429042653222
535920.0,2100.9784791432603
535940.0,2120.60590056206
535960.0,2128.4116503401974
535980.0,2121.9093337384584
536000.0,2102.1457713825002
536020.0,2073.645861311403
536040.0,2043.6203207389522
536060.0,2020.1694529616477
536080.0,2009.8059479333758
536100.0,2015.4201896056868
536120.0,2035.3990636742474
536140.0,2063.7984413781182
536160.0,2091.1778136607522
536180.0,2105.8357679623687
536200.0,2095.4688343516755
536220.0,2049.416792295542
536240.0,1961.424722379983
536260.0,1832.5200146499003
536280.0,1673.1862938911395
536300.0,1503.4738480571918
536320.0,1349.3966184750382
536340.0,1235.6532684294948
536360.0,1179.2151473000795
536380.0,1187.2889819080233
536400.0,1258.2825396087883
536420.0,1383.6974485728701
536440.0,1549.809776319619
536460.0,1738.9865175332093
536480.0,1931.3299395485956
536500.0,2107.615708739798
536520.0,2253.0762455599606
536540.0,2359.9546187731944
536560.0,2427.8136856055703
536580.0,2462.0755752137015
536600.0,2471.62858861369
536620.0,2466.3610806476836
536640.0,2455.210666127954
536660.0,2444.942449667272
536680.0,2439.6035977549104
536700.0,2440.5675162387406
536720.0,2447.1082139053874
536740.0,2457.3311386321734
536760.0,2469.1300972235067
536780.0,2480.7736696354286
536800.0,2491.070817801169
536820.0,2499.3053459427806
536840.0,2505.191223381612
536860.0,2508.8314837666303
536880.0,2510.6161837390614
536900.0,2511.0633143176055
536920.0,2510.6039063127405
536940.0,2509.456279309823
536960.0,2507.7046304755663
536980.0,2505.451733818958
537000.0,2502.8948795331225
537020.0,2500.282758941433
537040.0,2497.812643804487
537060.0,2495.5447536446695
537080.0,2493.3899153856605
537100.0,2491.1668015430932
537120.0,2488.710646160025
537140.0,2485.995358044696
537160.0,2483.221174979841
537180.0,2480.7877205293394
537200.0,2479.136077599622
537220.0,2478.5818777338745
537240.0,2479.197571654923
537260.0,2480.7865100461477
537280.0,2482.992331656794
537300.0,2485.4500404736145
537320.0,2487.8755700510824
537340.0,2490.0975859380483
537360.0,2492.0490737734876
537380.0,2493.724806431293
537400.0,2495.12694277
537420.0,2496.2736189625366
537440.0,2497.2683717639784
537460.0,2498.4351315266285
537480.0,2500.495988851627
537500.0,2504.679136733379
537520.0,2512.666202005777
537540.0,2526.276991623755
537560.0,2546.869292881383
537580.0,2574.4797830146267
537600.0,2606.8323181004002
537620.0,2638.550714410653
537640.0,2660.857248259742
537660.0,2661.8973976188713
537680.0,2628.0651253062533
537700.0,2546.6714072540503
537720.0,2409.907985428017
537740.0,2219.4087841360765
537760.0,1989.8638235684818
537780.0,1749.4569733671979
537800.0,1534.6189958378588
537820.0,1379.2572370678824
537840.0,1304.9476297488152
537860.0,1317.5958032143556
537880.0,1409.1299777049326
537900.0,1561.3351404762543
537920.0,1750.1298681376616
537940.0,1949.8019040202864
537960.0,2137.2926145528168
537980.0,2295.80307237462
538000.0,2416.520967192566
538020.0,2498.2466104060563
538040.0,2545.5902740990045
538060.0,2566.6281891558983
538080.0,2570.607705023205
538100.0,2566.100261363543
538120.0,2559.83807781268
538140.0,2556.27806425228
538160.0,2557.650420343411
538180.0,2564.2881804779595
538200.0,2575.215835534255
538220.0,2588.8252880889713
538240.0,2603.486923026528
538260.0,2617.9995118093684
538280.0,2631.695777557443
538300.0,2644.2903356412157
538320.0,2655.659213448039
538340.0,2665.671593136898
538360.0,2674.0171162675115
538380.0,2680.062010856653
538400.0,2682.887896413905
538420.0,2681.5346930957553
538440.0,2675.366961898609
538460.0,2664.3515853616905
538480.0,2649.160529156141
538500.0,2631.1057876776713
538520.0,2611.878673322517
538540.0,2593.11352980773
538560.0,2576.0027962457602
538580.0,2561.13330547941
538600.0,2548.528493354655
538620.0,2537.7990596460445
538640.0,2528.3562969185177
538660.0,2519.6450205075557
538680.0,2511.339819885462
538700.0,2503.483012696082
538720.0,2496.483852467197
538740.0,2490.956796873833
538760.0,2487.5055321494847
538780.0,2486.541963484501
538800.0,2488.182328699708
538820.0,2492.205717538048
538840.0,2498.0781085231015
538860.0,2505.0558373674894
538880.0,2512.341130184591
538900.0,2519.1915415669005
538920.0,2524.9554439311637
538940.0,2529.115066346027
538960.0,2531.4103382162198
538980.0,2531.963714993869
539000.0,2531.3101830148266
539020.0,2530.2987789585886
539040.0,2529.811772738095
539060.0,2530.4501378989485
539080.0,2532.39329920726
539100.0,2535.4498256570782
539120.0,2539.192972203935
539140.0,2543.088867108768
539160.0,2546.6212941684385
539180.0,2549.3983789673944
539200.0,2551.1978993738276
539220.0,2552.0141479609283
539240.0,2552.081317778536
539260.0,2551.805020265597
539280.0,2551.616507281766
539300.0,2551.8060649941103
539320.0,2552.443896324182
539340.0,2553.4824136241705
539360.0,2555.0162550557875
539380.0,2557.5129884976823
539400.0,2561.83508647491
539420.0,2569.005239937858
539440.0,2579.7073319462243
539460.0,2593.5106888879973
539480.0,2607.9881201887692
539500.0,2618.1156411443253
539520.0,2616.323623582972
539540.0,2593.4308419236945
539560.0,2540.478732568123
539580.0,2451.320466278214
539600.0,2325.507124718455
539620.0,2170.3357719882033
539640.0,2000.6441661387012
539660.0,1835.4193076261945
539680.0,1692.1288135069728
539700.0,1582.0729885220353
539720.0,1509.2856841128566
539740.0,1472.2643922728232
539760.0,1466.7563526399717
539780.0,1488.2626404716123
539800.0,1533.4869694339352
539820.0,1600.4637067583794
539840.0,1687.54063218415
539860.0,1791.7803154268338
539880.0,1907.689570194921
539900.0,2027.3013021446513
539920.0,2141.806118382249
539940.0,2243.6813729640403
539960.0,2328.2366380586072
539980.0,2394.141912093347
540000.0,2442.9113720770156
540020.0,2477.739728101706
540040.0,2502.386346073974
540060.0,2520.3787816645863
540080.0,2534.5032109815593
540100.0,2546.6561545635204
540120.0,2557.953239205958
540140.0,2568.8509893342793
540160.0,2579.2521809807304
540180.0,2588.627690390975
540200.0,2596.110282025101
540220.0,2600.6339694421313
540240.0,2601.131338719996
540260.0,2596.700823829169
540280.0,2586.704458245782
540300.0,2570.8824837878606
540320.0,2549.5187343768425
540340.0,2523.4860267087465
540360.0,2494.0645964458017
540380.0,2462.6326692220937
540400.0,2430.4116522082836
540420.0,2398.377713593118
540440.0,2367.2986334454645
540460.0,2337.7610352203833
540480.0,2310.18335697891
540500.0,2284.864513180236
540520.0,2262.0281980405757
540540.0,2241.8062312119578
540560.0,2224.190752401128
540580.0,2209.0164983487857
540600.0,2196.007528099103
540620.0,2184.867782185522
540640.0,2175.4032900971156
540660.0,2167.6608162454586
540680.0,2162.0323832621807
540700.0,2159.2963974034733
540720.0,2160.5264316956054
540740.0,2166.7838676863844
540760.0,2178.633054668855
540780.0,2195.562331050668
540800.0,2215.3794244385367
540820.0,2233.702795451476
540840.0,2243.7590776240786
540860.0,2236.708882323017
540880.0,2202.7049866395328
540900.0,2132.7394424550935
540920.0,2021.2041527103095
540940.0,1868.7351920774388
540960.0,1684.3497462482337
540980.0,1485.2888151456
541000.0,1293.1767804846363
541020.0,1127.4970396576814
541040.0,1000.3911762336609
541060.0,915.6653248948929
541080.0,870.9812710195931
541100.0,861.1814179239739
541120.0,881.24099542225
541140.0,927.9752351478386
541160.0,1000.1929746132853
541180.0,1097.4777240903054
541200.0,1218.216027116921
541220.0,1357.904696754016
541240.0,1509.0150924373909
541260.0,1662.7509648912214
541280.0,1811.0672397408634
541300.0,1947.7561774422732
541320.0,2068.7217055572487
541340.0,2171.8275855991055
541360.0,2256.521298709014
541380.0,2323.4042442049063
541400.0,2373.9785540384114
541420.0,2410.520299281327
541440.0,2435.7913338651615
541460.0,2452.59940603509
541480.0,2463.468763313661
541500.0,2470.456749204646
541520.0,2474.9984925533913
541540.0,2477.8177844091347
541560.0,2478.956680341429
541580.0,2477.9021109727923
541600.0,2473.7890193310336
541620.0,2465.651643543425
541640.0,2452.6575327938735
541660.0,2434.2796178696526
541680.0,2410.3675017582173
541700.0,2381.143554896502
541720.0,2347.176186350279
541740.0,2309.316046063252
541760.0,2268.5991298809545
541780.0,2226.1316971929323
541800.0,2182.973376801434
541820.0,2140.0436228437347
541840.0,2098.090651150234
541860.0,2057.7115566767125
541880.0,2019.384764100111
541900.0,1983.5032849306237
541920.0,1950.3854889503752
541940.0,1920.2693336569857
541960.0,1893.3317381960146
541980.0,1869.7260282913053
542000.0,1849.593920644455
542020.0,1833.0413616439168
542040.0,1820.1112113034628
542060.0,1810.7763455440538
542080.0,1804.9460660667046
542100.0,1802.4577231255553
542120.0,1803.0594576287374
542140.0,1806.40953691794
542160.0,1812.0786857675714
542180.0,1819.569938330938
542200.0,1828.3746610161234
542220.0,1838.0639874874748
542240.0,1848.3998542425657
542260.0,1859.4295253810646
542280.0,1871.5489656411555
542300.0,1885.5396067241538
542320.0,1902.534678638603
542340.0,1923.869654828457
542360.0,1950.7661591940753
542380.0,1983.7976462854672
542400.0,2022.1239908116154
542420.0,2062.604055602281
542440.0,2099.0498649351316
542460.0,2122.0158693203143
542480.0,2119.539483411666
542500.0,2079.14423428042
542520.0,1991.1474014520852
542540.0,1852.8427015833054
542560.0,1672.5262672545698
542580.0,1471.671520820092
542600.0,1283.0182416517555
542620.0,1142.8779284161603
542640.0,1080.1375565434023
542660.0,1108.0595320754119
542680.0,1221.2536187628452
542700.0,1397.5700738738801
542720.0,1604.873022564766
542740.0,1810.455454051431
542760.0,1988.6928678834217
542780.0,2124.7817349607644
542800.0,2214.905388098353
542820.0,2263.8669724922042
542840.0,2281.4959694097593
542860.0,2279.1276054074137
542880.0,2266.9395460066303
542900.0,2252.4559229407814
542920.0,2240.165294303585
542940.0,2231.922975411792
542960.0,2227.7440424363745
542980.0,2226.700892906444
543000.0,2227.648476330275
543020.0,2229.6731238816287
543040.0,2232.275953818571
543060.0,2235.3230784788475
543080.0,2238.8568501896852
543100.0,2242.8773244544946
543120.0,2247.2050706665786
543140.0,2251.5098317614134
543160.0,2255.434488747632
543180.0,2258.6998434118173
543200.0,2261.1647003459925
543220.0,2262.8139501692285
543240.0,2263.6964814510898
543260.0,2263.893307943867
543280.0,2263.5365780340258
543300.0,2262.839638382769
543320.0,2262.0746020122415
543340.0,2261.4843243722994
543360.0,2261.192532766725
543380.0,2261.170225190936
543400.0,2261.2674374399758
543420.0,2261.2594051371916
543440.0,2260.887709165035
543460.0,2259.9030468724195
543480.0,2258.086593006597
543500.0,2255.26430477376
543520.0,2251.33407029949
543540.0,2246.3023711625356
543560.0,2240.3582558541866
543580.0,2233.9711739761974
543600.0,2227.994052188732
543620.0,2223.719526535724
543640.0,2222.7891091337215
543660.0,2226.93324939742
543680.0,2237.5365044743207
543700.0,2254.9853261349645
543720.0,2277.8535260789577
543740.0,2302.1218439097756
543760.0,2320.687241141697
543780.0,2323.470685925995
543800.0,2298.4592274450997
543820.0,2233.931271389718
543840.0,2121.816962872421
543860.0,1961.675635004766
543880.0,1764.1605319528403
543900.0,1552.0876584014763
543920.0,1356.9599194900322
543940.0,1210.7412896178055
543960.0,1137.2676580487387
543980.0,1147.3343717021835
544000.0,1237.2583317965598
544020.0,1390.1047678375733
544040.0,1579.8003025300181
544060.0,1777.8538159512239
544080.0,1959.905066037909
544100.0,2109.6544587165895
544120.0,2219.8984552327775
544140.0,2291.3849358308807
544160.0,2330.3170280149816
544180.0,2345.445606619705
544200.0,2345.5787907064764
544220.0,2337.8880034677254
544240.0,2327.0975389661153
544260.0,2315.466899620121
544280.0,2303.3573809321474
544300.0,2290.0700166533925
544320.0,2274.7253598717293
544340.0,2257.0568452015427
544360.0,2237.923874387024
544380.0,2219.292655102166
544400.0,2203.6135053524367
544420.0,2192.9071509258347
544440.0,2188.1028252547085
544460.0,2188.896063836125
544480.0,2194.0291384539055
544500.0,2201.826239131688
544520.0,2210.800443004727
544540.0,2220.133537927257
544560.0,2229.763255665618
544580.0,2240.1892721504473
544600.0,2252.1567403695526
544620.0,2266.3163022018684
544640.0,2283.0565721936064
544660.0,2302.4168559275445
544680.0,2323.885809389783
544700.0,2346.0132995338427
544720.0,2365.743797337472
544740.0,2377.7597264207484
544760.0,2374.2712159702664
544780.0,2345.6246871053863
544800.0,2281.9973487167426
544820.0,2176.1842798249104
544840.0,2027.1744134235455
544860.0,1843.6275021228496
544880.0,1645.4296949603697
544900.0,1461.0406643651027
544920.0,1319.7677975584752
544940.0,1242.919505894235
544960.0,1239.4226756117653
544980.0,1306.0563375672996
545000.0,1429.9775103747236
545020.0,1591.9994502910363
545040.0,1770.1572176019126
545060.0,1943.6251443589329
545080.0,2096.3246052491468
545100.0,2219.007842400516
545120.0,2309.3960393401258
545140.0,2370.8481484593894
545160.0,2410.2562323815337
545180.0,2435.7668466706696
545200.0,2454.810826868478
545220.0,2472.665498870494
545240.0,2491.4980072334265
545260.0,2509.8195768653204
545280.0,2522.367504695975
545300.0,2520.559940521759
545320.0,2493.6397983982124
545340.0,2430.5775673307376
545360.0,2322.8451625075386
545380.0,2167.81647940477
545400.0,1971.654301258451
545420.0,1750.0436248723618
545440.0,1525.5769309852326
545460.0,1321.7412570292247
545480.0,1155.846088114184
545500.0,1035.1469387464645
545520.0,957.3276514233221
545540.0,913.5339500795113
545560.0,892.1900410414555
545580.0,882.4782374702412
545600.0,876.8998266476958
545620.0,872.7009457512598
545640.0,872.1485883412718
545660.0,881.7279872414143
545680.0,910.3754157332302
545700.0,966.9365683546046
545720.0,1057.2142878878033
545740.0,1181.2768923054361
545760.0,1332.1250020778873
545780.0,1497.0110265980543
545800.0,1661.3038186980534
545820.0,1812.49664136246
545840.0,1942.4466839724187
545860.0,2047.6829997205618
545880.0,2128.6184342197753
545900.0,2188.351177089272
545920.0,2231.3781132018926
545940.0,2262.4476996872577
545960.0,2285.748164975918
545980.0,2304.5203096391806
546000.0,2320.9769843347017
546020.0,2336.3666725772937
546040.0,2351.111325571947
546060.0,2365.0136825757936
546080.0,2377.535356683834
546100.0,2388.0661837822963
546120.0,2396.043547183855
546140.0,2400.976793603134
546160.0,2402.3781821264593
546180.0,2399.732130986254
546200.0,2392.5920148921327
546220.0,2380.7187677976094
546240.0,2364.2183925063955
546260.0,2343.63340380078
546280.0,2319.938463108189
546300.0,2294.407698876512
546320.0,2268.4018208330135
546340.0,2243.1576289688996
546360.0,2219.622114474579
546380.0,2198.3716214382407
546400.0,2179.6200859916707
546420.0,2163.283416783887
546440.0,2149.082694855543
546460.0,2136.663075877962
546480.0,2125.7025793782673
546500.0,2115.9739138526056
546520.0,2107.3598219978203
546540.0,2099.843851206258
546560.0,2093.4906103719586
546580.0,2088.408385484719
546600.0,2084.6967187914734
546620.0,2082.3990733356754
546640.0,2081.4976776474946
546660.0,2081.9418316286333
546680.0,2083.679918714118
546700.0,2086.6950018234943
546720.0,2091.020319384933
546740.0,2096.7138300663314
546760.0,2103.805634432576
546780.0,2112.2457480556936
546800.0,2121.864703148899
546820.0,2132.352036010428
546840.0,2143.262954229268
546860.0,2154.0756116843327
546880.0,2164.2798625783034
546900.0,2173.4791511521707
546920.0,2181.4935297457855
546940.0,2188.4515379217337
546960.0,2194.861749053409
546980.0,2201.635927422221
547000.0,2210.0338289673
547020.0,2221.5011782807437
547040.0,2237.32735825514
547060.0,2258.0813335518546
547080.0,2282.8973391180602
547100.0,2308.7670447884548
547120.0,2330.037792970647
547140.0,2338.365952288729
547160.0,2323.3842617386304
547180.0,2274.2790246281784
547200.0,2182.305722914312
547220.0,2043.9530259304295
547240.0,1864.043558034565
547260.0,1657.4504346137333
547280.0,1447.422324003503
547300.0,1259.318907665104
547320.0,1112.589068740522
547340.0,1016.3010749949266
547360.0,969.4088349619278
547380.0,963.6683108215677
547400.0,987.2633561972807
547420.0,1027.954154945131
547440.0,1075.2112448815271
547460.0,1121.2699798702913
547480.0,1161.323260861262
547500.0,1193.1876693527895
547520.0,1216.7708852595233
547540.0,1233.5820594861577
547560.0,1246.403180514339
547580.0,1259.112353469644
547600.0,1276.5458071071455
547620.0,1304.2255252295158
547640.0,1347.7815169429564
547660.0,1411.9768153288555
547680.0,1499.4091555727234
547700.0,1609.2160579389624
547720.0,1736.4223073843598
547740.0,1872.6658413716464
547760.0,2008.226106878194
547780.0,2134.1739722158827
547800.0,2243.6719305980027
547820.0,2332.4922398688595
547840.0,2399.155210625374
547860.0,2444.7435058246147
547880.0,2472.3288518450518
547900.0,2486.125914068839
547920.0,2490.5709699825343
547940.0,2489.4997341183575
547960.0,2485.558277586723
547980.0,2479.9188126709378
548000.0,2472.319315209064
548020.0,2461.3631987287135
548040.0,2445.0194007198834
548060.0,2421.2282710921245
548080.0,2388.506873338442
548100.0,2346.397157135767
548120.0,2295.616368661906
548140.0,2237.8919222857558
548160.0,2175.591938281538
548180.0,2111.2758613509927
548200.0,2047.2794802059282
548220.0,1985.422106829233
548240.0,1926.8755241580504
548260.0,1872.1924718277903
548280.0,1821.4564204253336
548300.0,1774.4714005446554
548320.0,1730.9367307641219
548340.0,1690.6027568618442
548360.0,1653.3706703283667
548380.0,1619.30331999877
548400.0,1588.5744057028812
548420.0,1561.3904288218164
548440.0,1537.9232961990597
548460.0,1518.2946563638418
548480.0,1502.6097046390719
548500.0,1491.0151416583394
548520.0,1483.7542517268707
548540.0,1481.196919155212
548560.0,1483.829074650633
548580.0,1492.1732560345379
548600.0,1506.5550759287767
548620.0,1526.6371428565847
548640.0,1550.822827587025
548660.0,1575.7266852905123
548680.0,1595.8875275964103
548700.0,1603.947918902767
548720.0,1591.4896714877705
548740.0,1550.5762359672372
548760.0,1475.9108550915048
548780.0,1367.2448601607698
548800.0,1231.256804303464
548820.0,1081.787638207079
548840.0,937.4375045351857
548860.0,816.5546186504723
548880.0,731.8066251350289
548900.0,687.6797645179206
548920.0,681.3184131628046
548940.0,705.0588446387017
548960.0,749.261490600871
548980.0,804.6290658281349
549000.0,863.6758461441717
549020.0,921.3451331048234
549040.0,974.9595852248624
549060.0,1023.7584184238121
549080.0,1068.2629695344708
549100.0,1109.6544991473424
549120.0,1149.2756204689533
549140.0,1188.3001249523713
549160.0,1227.5663901174778
549180.0,1267.5402921788414
549200.0,1308.3625487263039
549220.0,1349.9377995733944
549240.0,1392.0328292228728
549260.0,1434.364064320917
549280.0,1476.6660708989043
549300.0,1518.7409603428155
549320.0,1560.4924995812166
549340.0,1601.948524846053
549360.0,1643.272007361568
549380.0,1684.7564065252714
549400.0,1726.7967278288938
549420.0,1769.8260959993204
549440.0,1814.210665694292
549460.0,1860.104820946401
549480.0,1907.284305809369
549500.0,1954.9959395546193
549520.0,2001.8853924633281
549540.0,2046.0830882853072
549560.0,2085.531813788907
549580.0,2118.5559732400197
549600.0,2144.3960682704283
549620.0,2163.3729582846267
549640.0,2176.6990084843683
549660.0,2186.1561779517215
549680.0,2193.720682299364
549700.0,2201.184318806503
549720.0,2209.801388048641
549740.0,2219.9129353833214
549760.0,2230.583004732813
549780.0,2239.500213087187
549800.0,2243.1275712095803
549820.0,2236.9194672754047
549840.0,2215.651881775909
549860.0,2174.077555927138
549880.0,2107.9751084097397
549900.0,2015.3336726485322
549920.0,1897.369715236558
549940.0,1758.972012458033
549960.0,1608.0515127526799
549980.0,1454.1013261368685
550000.0,1307.037714402552
550020.0,1176.7144219570175
550040.0,1072.8064690995932
550060.0,1004.4236547205246
550080.0,978.9709874863368
550100.0,1000.1952701236778
550120.0,1065.923736124537
550140.0,1166.6762539917365
550160.0,1286.8649111713307
550180.0,1409.0670725923796
550200.0,1518.7136399893193
550220.0,1606.826749038109
550240.0,1670.5688318226912
550260.0,1712.1730146938069
550280.0,1737.011393041673
550300.0,1751.475844753236
550320.0,1761.2242303477578
550340.0,1770.1507886789245
550360.0,1780.143918661798
550380.0,1791.4573654116532
550400.0,1803.364718036965
550420.0,1814.8117673595818
550440.0,1824.956464169088
550460.0,1833.5481071702106
550480.0,1841.0805575204752
550500.0,1848.7123598649766
550520.0,1857.9617198176566
550540.0,1870.220427688757
550560.0,1886.231236898815
550580.0,1905.7726889642113
550600.0,1927.7277980223291
550620.0,1950.4469654895154
550640.0,1972.2443539611818
550660.0,1991.8243274208567
550680.0,2008.4723666582079
550700.0,2021.9769004971254
550720.0,2032.443606129791
550740.0,2040.1859787956862
550760.0,2045.6710900220107
550780.0,2049.4921553309932
550800.0,2052.334213358221
550820.0,2054.899158189455
550840.0,2057.825467172406
550860.0,2061.6163214295348
550880.0,2066.5724411556207
550900.0,2072.7713054096866
550920.0,2080.07294709912
550940.0,2088.1583586392376
550960.0,2096.636179884803
550980.0,2105.1860077672054
551000.0,2113.626311157118
551020.0,2121.865366707578
551040.0,2129.7765672577652
551060.0,2137.085479167896
551080.0,2143.3456659092403
551100.0,2147.9449582834504
551120.0,2150.168957245532
551140.0,2149.4183364200626
551160.0,2145.4787642498013
551180.0,2138.742967665424
551200.0,2130.369468709833
551220.0,2122.3492075487684
551240.0,2117.3310427621836
551260.0,2118.195173453402
551280.0,2127.433162923668
551300.0,2146.3501262193486
551320.0,2174.189752707956
551340.0,2207.340646426837
551360.0,2238.7738030962164
551380.0,2257.980616669097
551400.0,2251.7880447028288
551420.0,2206.3089941757016
551440.0,2110.055467786107
551460.0,1957.8792004785053
551480.0,1754.933319702945
551500.0,1519.0659335022744
551520.0,1279.321040651384
551540.0,1068.913070187759
551560.0,915.6242288547561
551580.0,836.1006505255518
551600.0,835.2278474366788
551620.0,908.0120443072849
551640.0,1041.9339501192371
551660.0,1218.9623225187015
551680.0,1417.5669023269304
551700.0,1615.7351908407497
551720.0,1794.84824364922
551740.0,1942.6426626058098
551760.0,2054.1658674284654
551780.0,2130.8323016808563
551800.0,2178.3904613846835
551820.0,2204.6784453153987
551840.0,2217.67656959193
551860.0,2224.109886849821
551880.0,2228.7394450815173
551900.0,2234.245815117253
551920.0,2241.499537710928
551940.0,2250.0686386947154
551960.0,2258.8946060251687
551980.0,2266.879551471711
552000.0,2273.2158900250606
552020.0,2277.502743052678
552040.0,2279.6914087204573
552060.0,2279.966112817156
552080.0,2278.6650180243864
552100.0,2276.2376245729115
552120.0,2273.173364937505
552140.0,2269.9906802330343
552160.0,2267.187945578407
552180.0,2265.108904452499
552200.0,2263.8741465184075
552220.0,2263.3756087003753
552240.0,2263.2615247454587
552260.0,2263.025300367527
552280.0,2262.2030391091366
552300.0,2260.533738081493
552320.0,2258.0542167431904
552340.0,2255.0903462111414
552360.0,2252.1766442064777
552380.0,2249.867911200899
552400.0,2248.543906412722
552420.0,2248.4009982157972
552440.0,2249.5100358181885
552460.0,2251.812994465994
552480.0,2255.1164230245267
552500.0,2259.102547426684
552520.0,2263.3498447284046
552540.0,2267.418133047486
552560.0,2270.994393730719
552580.0,2274.068511384089
552600.0,2277.118623562916
552620.0,2281.2121205752956
552640.0,2287.9156271824268
552660.0,2298.8677789311178
552680.0,2315.0050283418323
552700.0,2335.61381710771
552720.0,2357.4778196874786
552740.0,2374.374041908243
552760.0,2377.2415374255133
552780.0,2355.278691014037
552800.0,2297.971076070583
552820.0,2197.8647706625698
552840.0,2053.612285604683
552860.0,1872.4711904692504
552880.0,1671.1841559721113
552900.0,1473.9431274761803
552920.0,1306.5474820231398
552940.0,1188.969013052257
552960.0,1131.2724248930122
552980.0,1134.050528345429
553000.0,1191.1222634829855
553020.0,1292.4764334405206
553040.0,1426.377427285953
553060.0,1580.4101403669558
553080.0,1741.9464157502039
553100.0,1898.9218368138404
553120.0,2041.3372897778165
553140.0,2162.70701424747
553160.0,2260.4958361929275
553180.0,2335.5242445757017
553200.0,2390.8771139807404
553220.0,2430.7923429801804
553240.0,2459.7477451915274
553260.0,2481.811792249633
553280.0,2500.182567426683
553300.0,2516.940789524042
553320.0,2533.089971663424
553340.0,2548.7965620705268
553360.0,2563.669525062308
553380.0,2576.997337474085
553400.0,2587.886827874824
553420.0,2595.3564445756647
553440.0,2598.4412933330523
553460.0,2596.2437795619708
553480.0,2587.890769305194
553500.0,2572.460811304591
553520.0,2549.1131636251293
553540.0,2517.406633915705
553560.0,2477.6393551290384
553580.0,2431.101787263994
553600.0,2380.1049313703475
553620.0,2327.6863285720838
553640.0,2277.115586559862
553660.0,2231.3980830566893
553680.0,2192.8292675128687
553700.0,2162.5111323969127
553720.0,2139.855239448445
553740.0,2122.2327443702047
553760.0,2104.926131368091
553780.0,2081.5101313213886
553800.0,2044.7461707035905
553820.0,1988.0343327476517
553840.0,1907.319997193387
553860.0,1803.0658143161622
553880.0,1681.5394130466434
553900.0,1554.3576955336518
553920.0,1435.7113824931475
553940.0,1338.7415466765317
553960.0,1273.4077220720535
553980.0,1245.9910531462879
554000.0,1259.178463216948
554020.0,1311.9840096806365
554040.0,1399.3583271277062
554060.0,1511.9754196329861
554080.0,1637.1767788221307
554100.0,1761.523918837378
554120.0,1873.8690670578756
554140.0,1967.4130975095134
554160.0,2039.9588804106884
554180.0,2092.8790135577474
554200.0,2129.6440642298703
554220.0,2154.4633612129865
554240.0,2171.2697350539165
554260.0,2183.0955648424106
554280.0,2191.9213661689105
554300.0,2198.9443124585155
554320.0,2204.9606800406536
554340.0,2210.6151990630533
554360.0,2216.499997956916
554380.0,2223.0785881885085
554400.0,2230.5124009217116
554420.0,2238.6119389531086
554440.0,2246.938477461198
554460.0,2254.961927415795
554480.0,2262.158754849151
554500.0,2268.019251503767
554520.0,2272.0517068606496
554540.0,2273.8329120598646
554560.0,2273.075162652797
554580.0,2269.6710247965375
554600.0,2263.729300781515
554620.0,2255.6384413270384
554640.0,2246.1491561707617
554660.0,2236.401579365077
554680.0,2227.8691184619124
554700.0,2222.167268078492
554720.0,2220.6900425225313
554740.0,2224.0783620892626
554760.0,2231.549213425295
554780.0,2240.261240175832
554800.0,2244.941556760782
554820.0,2237.9852809720132
554840.0,2210.2412694238574
554860.0,2152.546512974931
554880.0,2057.8546990245036
554900.0,1923.5774647626793
554920.0,1753.6071770748972
554940.0,1559.353182545519
554960.0,1358.7468101308511
554980.0,1172.2814138763204
555000.0,1017.5000134823291
555020.0,905.7938535466158
555040.0,842.5622559022847
555060.0,828.9668494338694
555080.0,863.6125335505892
555100.0,943.239475660358
555120.0,1062.3013804210461
555140.0,1212.076253956476
555160.0,1380.618077375993
555180.0,1554.537107706912
555200.0,1721.380820667525
555220.0,1871.2717025144198
555240.0,1997.772037371046
555260.0,2098.006305785333
555280.0,2172.332893570897
555300.0,2223.767650332202
555320.0,2257.117113877193
555340.0,2277.872261211058
555360.0,2291.1307779672707
555380.0,2300.8561123399522
555400.0,2309.5739812619804
555420.0,2318.4527195408514
555440.0,2327.6563240976984
555460.0,2336.7902200876074
555480.0,2345.242487925695
555500.0,2352.3920050480165
555520.0,2357.7146775892634
555540.0,2360.826372406591
555560.0,2361.4880380131067
555580.0,2359.591558180943
555600.0,2355.1346224450826
555620.0,2348.1906411112964
555640.0,2338.878486791874
555660.0,2327.319559777627
555680.0,2313.5645906459167
555700.0,2297.533079277183
555720.0,2279.0550793611296
555740.0,2258.01638711706
555760.0,2234.517794053082
555780.0,2209.009640499083
555800.0,2182.401277631025
555820.0,2156.0951622010934
555840.0,2131.8817211694923
555860.0,2111.6836480315237
555880.0,2097.185917538972
555900.0,2089.391827772768
555920.0,2088.138482849177
555940.0,2091.6232161930384
555960.0,2096.015369345145
555980.0,2095.2866640819498
556000.0,2081.470397117645
556020.0,2045.5901087619773
556040.0,1979.412538280585
556060.0,1877.9179703658963
556080.0,1741.9592539790065
556100.0,1580.1328556412302
556120.0,1408.6981808861972
556140.0,1248.5555989581903
556160.0,1119.2736953288481
556180.0,1033.2130022672627
556200.0,993.4700247086363
556220.0,995.3451799474875
556240.0,1029.3752235163406
556260.0,1084.4746486980036
556280.0,1150.3813210337212
556300.0,1219.1141213627948
556320.0,1285.4938823340033
556340.0,1346.962693442072
556360.0,1402.993726168285
556380.0,1454.3564637964241
556400.0,1502.4312524330246
556420.0,1548.684616330337
556440.0,1594.343927903518
556460.0,1640.2573074468091
556480.0,1686.894254421481
556500.0,1734.4313773607737
556520.0,1782.8701459657666
556540.0,1832.144073020497
556560.0,1882.186548623414
556580.0,1932.944824967689
556600.0,1984.3391290876377
556620.0,2036.1783418747807
556640.0,2088.055123997912
556660.0,2139.253179512415
556680.0,2188.705644504994
556700.0,2235.0429300887913
556720.0,2276.7559572884247
556740.0,2312.4713007757014
556760.0,2341.2838964229086
556780.0,2363.0205075104604
556800.0,2378.2494330962104
556820.0,2387.9669461847507
556840.0,2393.16320097816
556860.0,2394.545943282178
556880.0,2392.5475890911866
556900.0,2387.560383042865
556920.0,2380.263882532802
556940.0,2371.8550237106074
556960.0,2363.9543398455457
556980.0,2358.0006129678204
557000.0,2354.4110349439784
557020.0,2352.1998159895097
557040.0,2349.2226321059743
557060.0,2342.78755375208
557080.0,2330.4057553619355
557100.0,2310.3924612925093
557120.0,2282.164310610647
557140.0,2246.257329162233
557160.0,2204.1406510336033
557180.0,2157.888811950483
557200.0,2109.8056376092322
557220.0,2062.0847169497924
557240.0,2016.5494331137882
557260.0,1974.5084072237337
557280.0,1936.7293530636816
557300.0,1903.4998034355508
557320.0,1874.7314830476735
557340.0,1850.0861675478632
557360.0,1829.091974151596
557380.0,1811.2260397417363
557400.0,1795.9896159021532
557420.0,1782.9766837094041
557440.0,1771.910077336015
557460.0,1762.6389870862051
557480.0,1755.0983064690408
557500.0,1749.2584173693208
557520.0,1745.098938936207
557540.0,1742.606820361517
557560.0,1741.7694910639013
557580.0,1742.5710419816282
557600.0,1744.9850972365143
557620.0,1748.9333110329903
557640.0,1754.2370373168524
557660.0,1760.6245524021822
557680.0,1767.7987416762703
557700.0,1775.51452067735
557720.0,1783.6645560193351
557740.0,1792.3813780540254
557760.0,1802.100272627018
557780.0,1813.542004164241
557800.0,1827.6289006483062
557820.0,1845.3053471757644
557840.0,1867.2023347910701
557860.0,1893.1195288059655
557880.0,1921.4270674895859
557900.0,1948.5809672643475
557920.0,1968.9240315195602
557940.0,1974.9884706960752
557960.0,1958.5130739806925
557980.0,1912.234738248298
558000.0,1832.3184644678179
558020.0,1720.989275719657
558040.0,1588.4603670608178
558060.0,1452.7520585734435
558080.0,1336.0099141726291
558100.0,1258.227592731523
558120.0,1232.1338570326236
558140.0,1260.8266892735205
558160.0,1337.588844925366
558180.0,1447.6590967349985
558200.0,1572.1074859072082
558220.0,1692.771377494783
558240.0,1796.2078325531445
558260.0,1875.5321620673799
558280.0,1930.0548624164935
558300.0,1963.4876088771362
558320.0,1981.7359743903348
558340.0,1990.9936749598455
558360.0,1996.4595742737674
558380.0,2001.7405488154563
558400.0,2008.838098292319
558420.0,2018.4844318374157
558440.0,2030.5622917376022
558460.0,2044.4392004647302
558480.0,2059.194288112479
558500.0,2073.8080076897704
558520.0,2087.35439291724
558540.0,2099.180630687627
558560.0,2109.0247379113366
558580.0,2117.016150686719
558600.0,2123.5732674905403
558620.0,2129.252625319233
558640.0,2134.6204604422446
558660.0,2140.1640074798997
558680.0,2146.2153391827824
558700.0,2152.9026925293206
558720.0,2160.1564317302605
558740.0,2167.757898948871
558760.0,2175.3873939672912
558780.0,2182.632457046716
558800.0,2188.991170317289
558820.0,2193.951066684457
558840.0,2197.163868919398
558860.0,2198.6163669216753
558880.0,2198.6361992179395
558900.0,2197.7460425500462
558920.0,2196.5137825768916
558940.0,2195.4250148974993
558960.0,2194.7598843418164
558980.0,2194.5297753356244
559000.0,2194.5189339993353
559020.0,2194.458037655586
559040.0,2194.2358645356135
559060.0,2194.0380860360465
559080.0,2194.435771456811
559100.0,2196.4279214777935
559120.0,2201.3550678736
559140.0,2210.633445113327
559160.0,2225.2934592068154
559180.0,2245.3358358980486
559200.0,2268.9702331645626
559220.0,2291.8779759498857
559240.0,2306.7553158730043
559260.0,2303.524415603043
559280.0,2270.5783575390105
559300.0,2197.2090840615447
559320.0,2076.994806953454
559340.0,1911.491495836612
559360.0,1713.0611788803587
559380.0,1504.9912210511889
559400.0,1317.0277306674425
559420.0,1177.3491302443658
559440.0,1105.8350014968719
559460.0,1110.951825740897
559480.0,1189.1347953374338
559500.0,1325.7493470665386
559520.0,1497.8526050279902
559540.0,1679.388810828227
559560.0,1847.3672204932864
559580.0,1986.1600939798122
559600.0,2088.784001839397
559620.0,2155.7003248659726
559640.0,2192.471623925852
559660.0,2207.27494845516
559680.0,2208.697575172788
559700.0,2204.137753626531
559720.0,2198.993901374265
559740.0,2196.5641063887324
559760.0,2198.303814738335
559780.0,2204.2520530008046
559800.0,2213.5379311351376
559820.0,2224.885457374804
559840.0,2236.996501075559
559860.0,2248.842785562493
559880.0,2259.910803190669
559900.0,2270.3258285141337
559920.0,2280.8522326402385
559940.0,2292.7291917870043
559960.0,2307.186869747718
559980.0,2324.6763939332586
560000.0,2344.1417938959457
560020.0,2362.6019595030025
560040.0,2374.945260994256
560060.0,2373.8409703228513
560080.0,2350.041220863997
560100.0,2293.547260332012
560120.0,2195.8539564522175
560140.0,2052.9813602320073
560160.0,1868.6129166833502
560180.0,1656.0930797946232
560200.0,1437.3539111325322
560220.0,1237.2693864725047
560240.0,1075.4999557087199
560260.0,961.4406703864006
560280.0,894.1906844510831
560300.0,865.5596031134859
560320.0,864.0805139412971
560340.0,878.7080664037636
560360.0,901.4901116339481
560380.0,928.9414982917531
560400.0,962.1212860919084
560420.0,1005.5645361197196
560440.0,1065.3137903838651
560460.0,1146.4020472399493
560480.0,1250.3109193522944
560500.0,1373.1867586490441
560520.0,1505.8928434098948
560540.0,1636.6298872221184
560560.0,1754.7611207030077
560580.0,1853.4749825041151
560600.0,1930.514593561135
560620.0,1987.4217991428097
560640.0,2028.0063150134945
560660.0,2056.806289879926
560680.0,2078.0747472703356
560700.0,2095.3424194239956
560720.0,2111.2948341127153
560740.0,2127.7940064581235
560760.0,2145.9816859778803
560780.0,2166.4176135712723
560800.0,2189.2459846896363
560820.0,2214.3783077042435
560840.0,2241.5020398566626
560860.0,2269.8622374190504
560880.0,2297.993716729809
560900.0,2323.7787171228238
560920.0,2344.976450516561
560940.0,2359.847616564457
560960.0,2367.5582721323676
560980.0,2368.2372003327696
561000.0,2362.7535280337142
561020.0,2352.3621230278522
561040.0,2338.4106236475304
561060.0,2322.1818362756144
561080.0,2304.846515518909
561100.0,2287.4772126437224
561120.0,2271.0231070469063
561140.0,2256.18485811888
561160.0,2243.2759194583696
561180.0,2232.2389101511912
561200.0,2222.7892604845497
561220.0,2214.518116370823
561240.0,2206.971175609295
561260.0,2199.754398952242
561280.0,2192.611963429158
561300.0,2185.476305496638
561320.0,2178.530063965409
561340.0,2172.2018657957037
561360.0,2167.0361615364072
561380.0,2163.50672412163
561400.0,2161.8760662803975
561420.0,2162.1164265847424
561440.0,2163.891568947001
561460.0,2166.6031844055724
561480.0,2169.5080388786305
561500.0,2171.8882886424526
561520.0,2173.230518814928
561540.0,2173.3831836424756
561560.0,2172.690276852643
561580.0,2172.0559537114796
561600.0,2172.9018450482467
561620.0,2176.9903083386953
561640.0,2186.065323917871
561660.0,2201.2784983430297
561680.0,2222.451833649314
561700.0,2247.278114600551
561720.0,2270.6397829077023
561740.0,2284.3383696283445
561760.0,2277.5433961247477
561780.0,2238.269779854224
561800.0,2156.0091724639137
561820.0,2025.292826119076
561840.0,1849.5454172720777
561860.0,1643.9623469727317
561880.0,1435.327165922969
561900.0,1256.6386817511739
561920.0,1137.7360948379264
561940.0,1097.5668493309893
561960.0,1140.874958304613
561980.0,1258.1681696751136
562000.0,1428.0704584614246
562020.0,1622.2022026554846
562040.0,1811.9537031082152
562060.0,1974.462574414103
562080.0,2096.0486729806544
562100.0,2173.0527325062026
562120.0,2210.544668828261
562140.0,2219.4701756090926
562160.0,2212.819667878667
562180.0,2201.9092949763794
562200.0,2194.304242721121
562220.0,2193.627562052984
562240.0,2200.370328571558
562260.0,2213.045151333449
562280.0,2229.3066612560583
562300.0,2246.7818331381186
562320.0,2263.521172678941
562340.0,2278.1784417068457
562360.0,2290.055622252668
562380.0,2299.128046770897
562400.0,2306.062364511443
562420.0,2312.1526822503647
562440.0,2319.110868917977
562460.0,2328.705016259108
562480.0,2342.2872527263894
562500.0,2360.336956271783
562520.0,2382.2088379850893
562540.0,2406.225228564098
562560.0,2430.048022762719
562580.0,2451.210796879384
562600.0,2467.62086302271
562620.0,2477.8420440681502
562640.0,2481.2425531124627
562660.0,2478.077421642063
562680.0,2469.4297220873514
562700.0,2456.9228510037397
562720.0,2442.2834421076614
562740.0,2426.9485213900407
562760.0,2411.7407371456966
562780.0,2396.676665037726
562800.0,2381.029848939135
562820.0,2363.695469931811
562840.0,2343.749153283216
562860.0,2320.948429117866
562880.0,2295.9246834945216
562900.0,2270.1188633637335
562920.0,2245.5840176999477
562940.0,2224.640866340254
562960.0,2209.465041169836
562980.0,2201.718803060644
563000.0,2202.168965357766
563020.0,2210.178342384709
563040.0,2223.09898457312
563060.0,2235.795480080108
563080.0,2240.6250275855323
563100.0,2228.0776978726103
563120.0,2188.1604641491126
563140.0,2112.5707670240163
563160.0,1997.5587058185642
563180.0,1846.9852537721533
563200.0,1674.3841055718356
563220.0,1502.1932615421488
563240.0,1356.653907315836
563260.0,1259.8101323785813
563280.0,1223.7989372458644
563300.0,1249.884552035434
563320.0,1330.442946813319
563340.0,1451.9002833722461
563360.0,1597.5576285314257
563380.0,1750.1049340016646
563400.0,1894.069964376685
563420.0,2018.0156326935735
563440.0,2115.92543444041
563460.0,2187.167712843861
563480.0,2235.058688490052
563500.0,2264.849969897851
563520.0,2282.018584478278
563540.0,2291.2645018148264
563560.0,2296.117643054121
563580.0,2298.819796108213
563600.0,2300.4163509946206
563620.0,2301.085758051242
563640.0,2300.573737836089
563660.0,2298.606253122503
563680.0,2295.1709596870596
563700.0,2290.6223827615795
563720.0,2285.640687673624
563740.0,2281.079686819304
563760.0,2277.729625323092
563780.0,2276.0359465248084
563800.0,2275.8857052630838
563820.0,2276.5085623838636
563840.0,2276.6055644950966
563860.0,2274.6736569825734
563880.0,2269.3420555342996
563900.0,2259.722359970127
563920.0,2245.6572053157165
563940.0,2227.73001252505
563960.0,2207.1255805559067
563980.0,2185.4146455620453
564000.0,2164.2673637417247
564020.0,2145.0871200720103
564040.0,2128.665967362282
564060.0,2115.010233086506
564080.0,2103.402225147202
564100.0,2092.6970244036224
564120.0,2081.7732005091702
564140.0,2069.933741328406
564160.0,2057.1067620740787
564180.0,2043.800722387166
564200.0,2030.8697909771624
564220.0,2019.2009680065917
564240.0,2009.458651864299
564260.0,2001.9779242851778
564280.0,1996.7836907299782
564300.0,1993.700932106299
564320.0,1992.4904257127175
564340.0,1992.932881557798
564360.0,1994.85593124861
564380.0,1998.141021858009
564400.0,2002.7116503632
564420.0,2008.5255033954552
564440.0,2015.570175913807
564460.0,2023.8380680024718
564480.0,2033.2894586758346
564500.0,2043.8239471830389
564520.0,2055.234180418566
564540.0,2067.1569601041515
564560.0,2079.061083692842
564580.0,2090.311546249911
564600.0,2100.310384962425
564620.0,2108.6570101308903
564640.0,2115.306736628201
564660.0,2120.7123630899832
564680.0,2125.885615160789
564700.0,2132.3728991793296
564720.0,2142.0624856950794
564740.0,2156.6919548281526
564760.0,2177.0376416547588
564780.0,2201.9352217215965
564800.0,2227.4233250685975
564820.0,2246.2797789886645
564840.0,2248.213070862195
564860.0,2220.9883545924254
564880.0,2152.6371864860384
564900.0,2034.653068237268
564920.0,1865.7372895434837
564940.0,1655.2205862884523
564960.0,1424.669387439907
564980.0,1205.5274608226862
565000.0,1031.9455616419496
565020.0,932.0574901530111
565040.0,922.1051985296742
565060.0,1003.8351108921903
565080.0,1164.2562303817565
565100.0,1377.9796863875085
565120.0,1613.007173999666
565140.0,1838.5399732610902
565160.0,2031.2160154127982
565180.0,2178.1374901721765
565200.0,2276.7677487809938
565220.0,2332.546998215244
565240.0,2355.506013217606
565260.0,2357.0176367008708
565280.0,2347.412662340614
565300.0,2334.648723409182
565320.0,2323.859229274599
565340.0,2317.4805949980428
565360.0,2315.740031234305
565380.0,2317.377454643995
565400.0,2320.4624635701384
565420.0,2323.1420370752826
565440.0,2324.1616819455467
565460.0,2323.0133420286697
565480.0,2319.786250158895
565500.0,2314.8758648400303
565520.0,2308.698429546447
565540.0,2301.5626882754045
565560.0,2293.712726183374
565580.0,2285.3977221120676
565600.0,2276.888333596007
565620.0,2268.4955830257413
565640.0,2260.549967364125
565660.0,2253.304376843189
565680.0,2246.845396739194
565700.0,2241.0397787741363
565720.0,2235.558656539619
565740.0,2229.9978373759473
565760.0,2224.028785865057
565780.0,2217.518582624834
565800.0,2210.5873904732625
565820.0,2203.628220877178
565840.0,2197.308282898469
565860.0,2192.570144889227
565880.0,2190.610606883098
565900.0,2192.7550530823414
565920.0,2200.178481250112
565940.0,2213.4471144542163
565960.0,2231.896105833948
565980.0,2252.9375951590046
566000.0,2271.475288978739
566020.0,2279.6485394743995
566040.0,2267.184699308612
566060.0,2222.640843927319
566080.0,2135.6654300773753
566100.0,2000.071267053725
566120.0,1817.0718822452334
566140.0,1597.5960711931918
566160.0,1362.1267389581885
566180.0,1136.6250292370428
566200.0,945.9337874703202
566220.0,809.02427858891
566240.0,737.420673839388
566260.0,735.2205606352134
566280.0,799.3969220175774
566300.0,920.0777492652727
566320.0,1081.5066119502758
566340.0,1264.5936654256095
566360.0,1450.8102989635827
566380.0,1625.712939312762
566400.0,1780.386286496018
566420.0,1911.0162627143297
566440.0,2017.6015509504946
566460.0,2102.4745203066655
566480.0,2168.9299860235224
566500.0,2220.2385161847837
566520.0,2259.278382451481
566540.0,2288.696924643943
566560.0,2311.16131432971
566580.0,2329.300747982461
566600.0,2345.4123559566497
566620.0,2361.1137882750295
566640.0,2377.091373837064
566660.0,2393.0671092181065
566680.0,2407.957009686953
566700.0,2420.1083157396097
566720.0,2427.526253313794
566740.0,2428.1166244467317
566760.0,2419.9963840913056
566780.0,2401.9207826912107
566800.0,2373.776957544801
566820.0,2336.9532112877973
566840.0,2294.3093822487645
566860.0,2249.442574807556
566880.0,2205.442559834526
566900.0,2164.1467503103377
566920.0,2126.2879311529023
566940.0,2091.9734105047073
566960.0,2061.0709890570724
566980.0,2033.4053169788513
567000.0,2008.7901994670676
567020.0,1986.9810626842932
567040.0,1967.6426616233239
567060.0,1950.3837005030332
567080.0,1934.8732919553343
567100.0,1920.9545361193618
567120.0,1908.640820968548
567140.0,1898.0155877021848
567160.0,1889.131119731584
567180.0,1881.955555839515
567200.0,1876.3888613057825
567220.0,1872.338660842342
567240.0,1869.8447658224036
567260.0,1869.2189843678984
567280.0,1871.1250933381648
567300.0,1876.5150890124642
567320.0,1886.3931491043409
567340.0,1901.4394415733216
567360.0,1921.481201164674
567380.0,1944.834094963171
567400.0,1967.670553591186
567420.0,1983.6716597225181
567440.0,1984.2459737871236
567460.0,1959.5486158275573
567480.0,1900.4402160655195
567500.0,1801.2428920813
567520.0,1662.658577056689
567540.0,1493.7426647661282
567560.0,1311.6715972352226
567580.0,1138.4491891497214
567600.0,994.915648760202
567620.0,894.7851432358193
567640.0,842.2377632684007
567660.0,833.1737917970511
567680.0,858.2196264712613
567700.0,905.9465645346743
567720.0,965.437402637033
567740.0,1027.8781095324825
567760.0,1087.2200876459115
567780.0,1140.1570480726346
567800.0,1185.719450514785
567820.0,1224.7506524138087
567840.0,1259.4350772451546
567860.0,1292.9370876478183
567880.0,1329.1093104487736
567900.0,1372.163006797481
567920.0,1426.1768136167982
567940.0,1494.364759038489
567960.0,1578.1350072961793
567980.0,1676.1442008603722
568000.0,1783.7734283376844
568020.0,1893.6497384702398
568040.0,1997.5219425627838
568060.0,2088.628764744896
568080.0,2163.266220048702
568100.0,2220.9440110547403
568120.0,2263.4768434010166
568140.0,2293.789687027144
568160.0,2315.0087222615716
568180.0,2329.8727628567767
568200.0,2340.3793712324537
568220.0,2347.6567100991742
568240.0,2352.010789360951
568260.0,2353.0513219093364
568280.0,2349.8636127996224
568300.0,2341.2323343119037
568320.0,2325.89409883803
568340.0,2302.780974161976
568360.0,2271.227638156185
568380.0,2231.1210718710636
568400.0,2182.9631153624796
568420.0,2127.853102961957
568440.0,2067.398568669152
568460.0,2003.5329937949002
568480.0,1938.2542959119703
568500.0,1873.3877477236972
568520.0,1810.4412135799103
568540.0,1750.5487671928888
568560.0,1694.4722507378622
568580.0,1642.6425342645707
568600.0,1595.240822750876
568620.0,1552.2742394475142
568640.0,1513.6540312508193
568660.0,1479.288976222425
568680.0,1449.15193972164
568700.0,1423.3040063368926
568720.0,1401.8844843787303
568740.0,1385.0594104419474
568760.0,1372.9224803262691
568780.0,1365.368681006039
568800.0,1361.9910372731388
568820.0,1362.0659969674666
568840.0,1364.668135536363
568860.0,1368.9007647280398
568880.0,1374.1024632496033
568900.0,1379.9351450729366
568920.0,1386.3836355017006
568940.0,1393.6673611418141
568960.0,1402.1033857680043
568980.0,1411.9859938477646
569000.0,1423.5125122328063
569020.0,1436.767171130569
569040.0,1451.7480674801714
569060.0,1468.402722348777
569080.0,1486.6514051174254
569100.0,1506.3887767447366
569120.0,1527.4662733893758
569140.0,1549.6563102265222
569160.0,1572.6129286639793
569180.0,1595.8671521796402
569200.0,1618.875090247162
569220.0,1641.0827755824248
569240.0,1661.9700606655708
569260.0,1681.0786047827637
569280.0,1698.0572942935662
569300.0,1712.721393009709
569320.0,1725.0901598107757
569340.0,1735.3864016773678
569360.0,1743.9907560083254
569380.0,1751.3595261381774
569400.0,1757.9525957053363
569420.0,1764.2054750100592
569440.0,1770.5180527914515
569460.0,1777.2130087577098
569480.0,1784.470271598905
569500.0,1792.2922966443098
569520.0,1800.4924255874598
569540.0,1808.709806914799
569560.0,1816.4877452902106
569580.0,1823.389564553246
569600.0,1829.092313828906
569620.0,1833.4336747740986
569640.0,1836.4049812223209
569660.0,1838.129573040605
569680.0,1838.8154271669312
569700.0,1838.6849843897867
569720.0,1837.8870109843494
569740.0,1836.418266743949
569760.0,1834.1202227006524
569780.0,1830.7738194650065
569800.0,1826.248166671626
569820.0,1820.6565415393075
569840.0,1814.4780107599217
569860.0,1808.6208966886975
569880.0,1804.3918911050437
569900.0,1803.3146875520506
569920.0,1806.7611332442175
569940.0,1815.3957322083374
569960.0,1828.468997106062
569980.0,1843.0696339296126
570000.0,1853.5839771799456
570020.0,1851.6823119094486
570040.0,1827.0766219430939
570060.0,1769.2385882677627
570080.0,1670.1299909985453
570100.0,1527.6550468869925
570120.0,1348.9943681326727
570140.0,1152.3224754588682
570160.0,964.9548611577027
570180.0,816.8903722450348
570200.0,732.1990710776942
570220.0,723.050935247474
570240.0,787.7227536570451
570260.0,911.6212848139867
570280.0,1071.0275239140367
570300.0,1239.457597652143
570320.0,1394.367771173412
570340.0,1521.3508013469586
570360.0,1615.2334773562375
570380.0,1678.5376759770795
570400.0,1718.3582891537972
570420.0,1743.0720055682173
570440.0,1759.9319857192345
570460.0,1773.9650266039898
570480.0,1787.9563069290878
570500.0,1802.973852596099
570520.0,1819.0166191346598
570540.0,1835.593238158505
570560.0,1852.1394989202188
570580.0,1868.2544952242308
570600.0,1883.7669325006773
570620.0,1898.671004642245
570640.0,1912.9916098063554
570660.0,1926.6545673538799
570680.0,1939.44545091821
570700.0,1951.0737895707048
570720.0,1961.289473817301
570740.0,1969.991728819548
570760.0,1977.2655648614025
570780.0,1983.3381498306098
570800.0,1988.4968719151057
570820.0,1993.000393401007
570840.0,1997.0283657734756
570860.0,2000.6904389729164
570880.0,2004.059185752752
570900.0,2007.1953164221875
570920.0,2010.1596304420825
570940.0,2013.0112844364382
570960.0,2015.804074216086
570980.0,2018.577648120538
571000.0,2021.352930121909
571020.0,2024.1512352161317
571040.0,2027.0144441586701
571060.0,2029.9861515703437
571080.0,2033.0633303198429
571100.0,2036.17870740639
571120.0,2039.2363450146877
571140.0,2042.1424927170901
571160.0,2044.8097495191705
571180.0,2047.183184089798
571200.0,2049.2801476583945
571220.0,2051.1934123236088
571240.0,2053.059637686414
571260.0,2055.01825014016
571280.0,2057.188504751148
571300.0,2059.673333068942
571320.0,2062.5500548833866
571340.0,2065.823630312998
571360.0,2069.383920377307
571380.0,2073.012712960103
571400.0,2076.4415411978107
571420.0,2079.417188293127
571440.0,2081.7387666119116
571460.0,2083.2798591889377
571480.0,2084.005627418335
571500.0,2083.984746470899
571520.0,2083.4044547530298
571540.0,2082.544065299187
571560.0,2081.6755910799884
571580.0,2080.899836990363
571600.0,2080.010193923483
571620.0,2078.4937931912577
571640.0,2075.6771062141265
571660.0,2070.992160828071
571680.0,2064.292200917914
571700.0,2056.081183307607
571720.0,2047.5642699781542
571740.0,2040.545807124166
571760.0,2037.1551819913002
571780.0,2039.377788961936
571800.0,2048.425803505506
571820.0,2063.9845857474816
571840.0,2083.4158493458717
571860.0,2101.157975390889
571880.0,2108.525051704702
571900.0,2094.162941298025
571920.0,2045.585500248512
571940.0,1952.0780288327758
571960.0,1808.7183299337653
571980.0,1620.4928466968252
572000.0,1404.758734274214
572020.0,1189.8266013053244
572040.0,1008.4775469517157
572060.0,889.461922283485
572080.0,851.6734421516028
572100.0,901.4776123762283
572120.0,1031.9518783172803
572140.0,1223.7950256581314
572160.0,1448.8736573582778
572180.0,1676.8047605852753
572200.0,1881.7517981048472
572220.0,2046.648391498457
572240.0,2164.481773238911
572260.0,2237.179571355047
572280.0,2272.850866412845
572300.0,2282.4499167628846
572320.0,2276.9305037775084
572340.0,2265.355567897071
572360.0,2254.000978587269
572380.0,2246.2642883087938
572400.0,2243.127360036593
572420.0,2243.8919788320227
572440.0,2246.936857719441
572460.0,2250.352095596246
572480.0,2252.4216554815825
572500.0,2251.9239469680997
572520.0,2248.2359221470933
572540.0,2241.2463630126863
572560.0,2231.1384984213746
572580.0,2218.1984156228687
572600.0,2202.716535702636
572620.0,2184.953894561106
572640.0,2165.1841037447707
572660.0,2143.8285772989143
572680.0,2121.6361339563377
572700.0,2099.808586677212
572720.0,2079.8459830493216
572740.0,2063.0305908972555
572760.0,2049.9105206064687
572780.0,2040.194791274865
572800.0,2033.032090958448
572820.0,2027.411916891724
572840.0,2022.4605259998734
572860.0,2017.6023787070649
572880.0,2012.6122154930472
572900.0,2007.6346646299576
572920.0,2003.2136224938502
572940.0,2000.2698093690171
572960.0,1999.9918368785934
572980.0,2003.6140013884299
573000.0,2012.0899393362367
573020.0,2025.713445083148
573040.0,2043.8032162074728
573060.0,2064.6185353896526
573080.0,2085.6972828550834
573100.0,2104.586285794984
573120.0,2119.513596972799
573140.0,2129.6844029229724
573160.0,2135.23721031731
573180.0,2137.008631435421
573200.0,2136.245865206901
573220.0,2134.370696749322
573240.0,2132.779812906142
573260.0,2132.6391437757006
573280.0,2134.586034366502
573300.0,2138.466197932836
573320.0,2143.368537635865
573340.0,2147.921014456968
573360.0,2150.6504903101763
573380.0,2150.304502174067
573400.0,2146.0852044718004
573420.0,2137.755443174902
573440.0,2125.6144254987003
573460.0,2110.376885152688
573480.0,2093.056244798184
573500.0,2074.8567318627665
573520.0,2056.993899669641
573540.0,2040.5093876929027
573560.0,2026.1945004463316
573580.0,2014.613911197372
573600.0,2006.135620106951
573620.0,2000.9816594090419
573640.0,1999.296976144049
573660.0,2001.2102705032262
573680.0,2006.9378038966981
573700.0,2016.8659088098716
573720.0,2031.4891900876362
573740.0,2051.1901146518844
573760.0,2075.843251487324
573780.0,2104.218128466649
573800.0,2133.3122977743574
573820.0,2157.7559945695093
573840.0,2169.529593997649
573860.0,2158.3484069466726
573880.0,2112.9987336922773
573900.0,2023.7178845532685
573920.0,1885.2977310289166
573940.0,1700.1862399301856
573960.0,1480.5527537707212
573980.0,1247.8338346623125
574000.0,1028.3923403962217
574020.0,846.4799885081413
574040.0,719.1743104783969
574060.0,655.2911410102266
574080.0,656.5084847736707
574100.0,718.8221631504923
574120.0,833.4139282819326
574140.0,987.0386087243694
574160.0,1162.904093456348
574180.0,1343.041608973277
574200.0,1511.7191780661228
574220.0,1658.016481868659
574240.0,1776.4603665484378
574260.0,1865.9662930729064
574280.0,1927.8140093459356
574300.0,1963.3610991713388
574320.0,1972.2161716934438
574340.0,1951.441252770944
574360.0,1896.0677691260953
574380.0,1800.9962980854016
574400.0,1664.0195719618434
574420.0,1489.1472918461982
574440.0,1288.8809981123634
574460.0,1083.8750199739895
574480.0,899.2360075604092
574500.0,758.7452229116541
574520.0,680.0682781717336
574540.0,672.5865497508339
574560.0,737.0938200579777
574580.0,866.3787711832678
574600.0,1046.314899220962
574620.0,1257.7935729772403
574640.0,1479.9563293668025
574660.0,1693.6436591406323
574680.0,1883.728968965407
574700.0,2040.3683832724753
574720.0,2159.4295028491456
574740.0,2242.06582165588
574760.0,2293.4265170373924
574780.0,2320.798974103848
574800.0,2331.6989417136638
574820.0,2332.4651327597467
574840.0,2327.6880495745013
574860.0,2320.270340485311
574880.0,2311.7458698513283
574900.0,2302.69139542577
574920.0,2293.066577353533
574940.0,2282.41134736711
574960.0,2270.011672752183
574980.0,2255.1133096058606
575000.0,2237.1465175214644
575020.0,2215.894041381619
575040.0,2191.545890944025
575060.0,2164.6690078040397
575080.0,2136.139081481064
575100.0,2107.0304459043587
575120.0,2078.453541375744
575140.0,2051.3961409225562
575160.0,2026.6224217435797
575180.0,2004.6223741945178
575200.0,1985.6032183946572
575220.0,1969.5273343686506
575240.0,1956.1997141455045
575260.0,1945.3953887425846
575280.0,1936.9628987666279
575300.0,1930.8612613017763
575320.0,1927.1275719754783
575340.0,1925.8005117645887
575360.0,1926.8575820038018
575380.0,1930.1828682580199
575400.0,1935.5494694522044
575420.0,1942.620750340219
575440.0,1950.9714112399229
575460.0,1960.119976988848
575480.0,1969.5536851063123
575500.0,1978.7556304441714
575520.0,1987.2496857349156
575540.0,1994.6753653621495
575560.0,2000.9026160963972
575580.0,2006.12946658591
575600.0,2010.8851525025907
575620.0,2015.891795325027
575640.0,2021.8161834233792
575660.0,2029.027191853044
575680.0,2037.4673863734392
575700.0,2046.6635177333465
575720.0,2055.8229106113567
575740.0,2063.9721010514354
575760.0,2070.128097996045
575780.0,2073.5124659591866
575800.0,2073.7900660504192
575820.0,2071.296231434205
575840.0,2067.2134808505725
575860.0,2063.5923903242633
575880.0,2063.057933676547
575900.0,2068.0815189336963
575920.0,2079.7159320160854
575940.0,2096.1223361622147
575960.0,2111.7192589131346
575980.0,2117.318764909546
576000.0,2101.317706226806
576020.0,2051.9637619343334
576040.0,1960.4118683131517
576060.0,1824.1646586274387
576080.0,1649.9861420698708
576100.0,1454.9546996381393
576120.0,1264.5320580537064
576140.0,1107.2829033717992
576160.0,1007.4653808151859
576180.0,979.1179531211495
576200.0,1023.8231311735068
576220.0,1131.3927950788593
576240.0,1282.7745930571014
576260.0,1455.029499935014
576280.0,1626.867923288012
576300.0,1782.526372979682
576320.0,1913.2184886071504
576340.0,2016.349852304253
576360.0,2093.5888135503333
576380.0,2148.8932230870582
576400.0,2187.0353856364654
576420.0,2212.7196317952935
576440.0,2230.149276596511
576460.0,2242.780591313603
576480.0,2253.1384426357345
576500.0,2262.740323093809
576520.0,2272.1728978174933
576540.0,2281.2904960003966
576560.0,2289.47577400352
576580.0,2295.896378339185
576600.0,2299.6897192898773
576620.0,2300.0748829517574
576640.0,2296.436710872522
576660.0,2288.4144575813493
576680.0,2275.979392909246
576700.0,2259.466683799344
576720.0,2239.539773291407
576740.0,2217.0836725632357
576760.0,2193.0660622709593
576780.0,2168.4321580735423
576800.0,2144.051149560124
576820.0,2120.680924900637
576840.0,2098.928736860799
576860.0,2079.21846941884
576880.0,2061.784862765908
576900.0,2046.6842500754053
576920.0,2033.8131798689265
576940.0,2022.969625047
576960.0,2013.9480703698268
576980.0,2006.6026519222523
577000.0,2000.850219632097
577020.0,1996.6572594169083
577040.0,1994.0368634165504
577060.0,1993.0389003428409
577080.0,1993.7338517490557
577100.0,1996.1988481698693
577120.0,2000.494937368168
577140.0,2006.6364742389414
577160.0,2014.5513572506559
577180.0,2024.0240576767585
577200.0,2034.64465329251
577220.0,2045.7915341464627
577240.0,2056.6591612748953
577260.0,2066.315632937463
577280.0,2073.7816475818654
577300.0,2078.1642425469317
577320.0,2078.836824212597
577340.0,2075.5835067220964
577360.0,2068.615025546333
577380.0,2058.4082038594634
577400.0,2045.576991090124
577420.0,2031.0816143527586
577440.0,2016.636599734901
577460.0,2004.816678351121
577480.0,1998.46672682616
577500.0,1999.7456467233242
577520.0,2009.519308524295
577540.0,2027.2908964753115
577560.0,2051.488933172165
577580.0,2079.7459643438824
577600.0,2109.0994834773683
577620.0,2136.3678627777344
577640.0,2158.645720506048
577660.0,2173.733155648213
577680.0,2180.5019577219873
577700.0,2179.2012161579937
577720.0,2171.5270386438146
577740.0,2160.183020890492
577760.0,2148.053368273432
577780.0,2137.4695568681327
577800.0,2129.785261734024
577820.0,2125.3719508570002
577840.0,2124.0425254093348
577860.0,2125.5973303373485
577880.0,2130.205367881325
577900.0,2138.5018642950254
577920.0,2151.3313319637064
577940.0,2169.2231133006176
577960.0,2191.661117213095
577980.0,2216.248402044822
578000.0,2238.0212719038714
578020.0,2249.1686009760756
578040.0,2239.393724032423
578060.0,2197.150344465691
578080.0,2112.0273832398116
578100.0,1978.2755595790616
578120.0,1798.783525875821
578140.0,1587.9618994772848
578160.0,1371.3505299705694
578180.0,1180.1631859347506
578200.0,1042.597504537779
578220.0,977.4234738244506
578240.0,991.8641387725295
578260.0,1081.9967658416085
578280.0,1234.1637866315612
578300.0,1427.09919616963
578320.0,1635.514890534864
578340.0,1835.291307724471
578360.0,2008.0641765570479
578380.0,2143.347401586743
578400.0,2238.269536531236
578420.0,2295.8268984529873
578440.0,2322.604890999923
578460.0,2326.7133862976248
578480.0,2316.2631193446077
578500.0,2298.403302878265
578520.0,2278.8915154191623
578540.0,2262.0466429679386
578560.0,2250.8419588702027
578580.0,2247.0150958220415
578600.0,2251.1100590476594
578620.0,2262.377533716886
578640.0,2278.5309419842133
578660.0,2295.4425127373916
578680.0,2306.8870851446964
578700.0,2304.511948871677
578720.0,2278.3790477700627
578740.0,2218.411751852447
578760.0,2116.875231541198
578780.0,1971.5772841615417
578800.0,1788.9254441565477
578820.0,1585.365082182264
578840.0,1385.1972258540056
578860.0,1213.6917533769808
578880.0,1088.8713767481247
578900.0,1017.7648957149871
578920.0,997.6708577141377
578940.0,1019.9232378784088
578960.0,1074.0569368813758
578980.0,1151.0652251220781
579000.0,1245.1176057164453
579020.0,1353.627224459169
579040.0,1475.9392115123599
579060.0,1611.1997524409853
579080.0,1756.20702671283
579100.0,1904.264874391372
579120.0,2046.0703099069615
579140.0,2172.492522989301
579160.0,2277.3635008079027
579180.0,2358.7920463536548
579200.0,2418.7255802220448
579220.0,2461.041894248935
579240.0,2489.009703802751
579260.0,2503.132997027686
579280.0,2500.22259132989
579300.0,2473.975131250703
579320.0,2416.854998131895
579340.0,2322.8043011624122
579360.0,2190.2193982184417
579380.0,2024.727345503747
579400.0,1840.7503652175571
579420.0,1660.0723453072253
579440.0,1506.4871842913115
579460.0,1398.989784694441
579480.0,1347.9670957249716
579500.0,1355.2106768503695
579520.0,1415.792925600607
579540.0,1520.1650931402633
579560.0,1655.7352678089494
579580.0,1808.024839068581
579600.0,1962.0791197542294
579620.0,2104.488948683325
579640.0,2225.4201908689292
579660.0,2319.7591015127423
579680.0,2386.945347893091
579700.0,2429.89428600537
579720.0,2453.652047975651
579740.0,2464.145892125268
579760.0,2467.1985620187643
579780.0,2467.8972503478435
579800.0,2470.202559488959
579820.0,2476.5969644399647
579840.0,2487.678713510176
579860.0,2501.7013499438335
579880.0,2514.2032504162057
579900.0,2517.9284819692903
579920.0,2503.320874486205
579940.0,2459.96451643433
579960.0,2379.083766837163
579980.0,2256.7061987429133
580000.0,2096.692429556907
580020.0,1912.3544082698859
580040.0,1724.9125080650163
580060.0,1558.044164691942
580080.0,1431.4969475571677
580100.0,1357.7046008768668
580120.0,1341.3913452456902
580140.0,1380.439568396706
580160.0,1466.8847937894748
580180.0,1587.7995567764087
580200.0,1726.670372839483
580220.0,1866.087449678026
580240.0,1991.223962743064
580260.0,2092.452569481805
580280.0,2166.0083232735683
580300.0,2213.0809315493284
580320.0,2238.194557250292
580340.0,2247.4334096162297
580360.0,2246.9641917904446
580380.0,2242.0805155739313
580400.0,2236.715724957915
580420.0,2233.3039390312388
580440.0,2232.919020510599
580460.0,2235.585522204886
580480.0,2240.6088129425575
580500.0,2246.8867079850015
580520.0,2253.2350476183133
580540.0,2258.6888066199367
580560.0,2262.672814295852
580580.0,2264.976177517277
580600.0,2265.6076280630255
580620.0,2264.6937652229494
580640.0,2262.4335954316325
580660.0,2259.090282724636
580680.0,2255.0307001908527
580700.0,2250.7501772537425
580720.0,2246.8225317958827
580740.0,2243.7676396168345
580760.0,2241.886290914025
580780.0,2241.1677730799775
580800.0,2241.3092029856625
580820.0,2241.8217545058633
580840.0,2242.2151589822183
580860.0,2242.1755974257385
580880.0,2241.6758737340006
580900.0,2241.045535882959
580920.0,2240.99020710702
580940.0,2242.5159035558786
580960.0,2246.7784005046788
580980.0,2254.8552813214874
581000.0,2267.427285049575
581020.0,2284.3574911058354
581040.0,2304.1761688815786
581060.0,2323.5723104277413
581080.0,2337.0933052373257
581100.0,2337.305864853532
581120.0,2315.6147813732814
581140.0,2263.7852866126464
581160.0,2176.0748352678543
581180.0,2051.5528648003274
581200.0,1895.7008890799611
581220.0,1720.0574731164554
581240.0,1539.3785312981674
581260.0,1368.1135773489455
581280.0,1218.287580484156
581300.0,1098.1743601702597
581320.0,1010.9935300617287
581340.0,955.0712816439816
581360.0,925.8859901697064
581380.0,918.7904326937484
581400.0,931.304075938765
581420.0,964.2909037560736
581440.0,1021.7037551726202
581460.0,1108.9063903085403
581480.0,1229.927649732936
581500.0,1384.4021955800865
581520.0,1565.4146941644944
581540.0,1759.5479810760073
581560.0,1948.840971484833
581580.0,2113.1855328188135
581600.0,2232.7444914437415
581620.0,2290.3607266827576
581640.0,2273.950637630518
581660.0,2179.08022810105
581680.0,2011.7707951413818
581700.0,1790.8665323340952
581720.0,1548.2507109045732
581740.0,1324.304668338988
581760.0,1157.7083008281954
581780.0,1074.6604030877195
581800.0,1084.2542131306925
581820.0,1179.8193527763929
581840.0,1343.0340316008555
581860.0,1548.6188633151014
581880.0,1768.757974181767
581900.0,1977.3347374059456
581920.0,2153.898016967835
581940.0,2286.4067303140096
581960.0,2371.8306780480957
581980.0,2414.6248075973135
582000.0,2424.0122289627025
582020.0,2411.0913133862005
582040.0,2386.470351302802
582060.0,2358.7660554563636
582080.0,2333.8915396428933
582100.0,2315.0053620861345
582120.0,2302.9374056374636
582140.0,2296.8482254855207
582160.0,2294.94178648046
582180.0,2295.0877776297766
582200.0,2295.2834995157987
582220.0,2293.958036188983
582240.0,2290.1316865478398
582260.0,2283.436643155857
582280.0,2274.0248703549946
582300.0,2262.416641917018
582320.0,2249.3387269027826
582340.0,2235.595858277561
582360.0,2221.9664711308587
582380.0,2209.1224416055147
582400.0,2197.594091511865
582420.0,2187.7558821231196
582440.0,2179.79215402058
582460.0,2173.664373274718
582480.0,2169.1179215994407
582500.0,2165.7454654298463
582520.0,2163.122536914653
582540.0,2161.0014278674116
582560.0,2159.508064120114
582580.0,2159.2983722945182
582600.0,2161.6214076014435
582620.0,2168.192190034864
582640.0,2180.8107181013315
582660.0,2200.7468094766946
582680.0,2227.967408861098
582700.0,2260.325736071348
582720.0,2292.834125820734
582740.0,2317.2539092837364
582760.0,2322.3742758637845
582780.0,2295.335613483258
582800.0,2224.2339375135793
582820.0,2101.898748362817
582840.0,1930.2389763781516
582860.0,1723.7767605469994
582880.0,1509.9651361583815
582900.0,1323.578865213482
582920.0,1195.862796474285
582940.0,1145.4543887543439
582960.0,1175.855596310398
582980.0,1277.5986571439848
583000.0,1432.317501651781
583020.0,1617.093598911623
583040.0,1808.5377362749318
583060.0,1986.5365456154493
583080.0,2137.0974612357095
583100.0,2253.616155466206
583120.0,2336.338754356898
583140.0,2390.5207119017487
583160.0,2424.134707058074
583180.0,2445.7456123526254
583200.0,2462.8079956203
583220.0,2480.4303713026575
583240.0,2500.5088249698297
583260.0,2521.159402544297
583280.0,2536.6116782132626
583300.0,2537.784596425171
583320.0,2513.7287204471563
583340.0,2453.8946959313457
583360.0,2351.032752271911
583380.0,2204.4197037350827
583400.0,2022.750852985781
583420.0,1825.4972017145617
583440.0,1641.0834267842852
583460.0,1500.3623041988517
583480.0,1426.803972947283
583500.0,1429.779616220704
583520.0,1504.2413968196263
583540.0,1634.454105793045
583560.0,1799.0654823554275
583580.0,1975.8600064138877
583600.0,2145.4181132418653
583620.0,2293.4546004089507
583640.0,2411.823676186134
583660.0,2498.2338309835627
583680.0,2555.0108233989317
583700.0,2587.3365962597245
583720.0,2601.3857641927493
583740.0,2602.8761206505833
583760.0,2596.289289165664
583780.0,2584.7547581249323
583800.0,2570.388885344898
583820.0,2554.8528439764095
583840.0,2539.8026565042246
583860.0,2526.882740089119
583880.0,2517.323384991061
583900.0,2511.625726672527
583920.0,2509.5317365986966
583940.0,2510.210714233503
583960.0,2512.526830782772
583980.0,2515.341302802686
584000.0,2517.8338047555358
584020.0,2519.793025480054
584040.0,2521.7839466126334
584060.0,2525.0652255831023
584080.0,2531.2256589941203
584100.0,2541.5821887954194
584120.0,2556.31817555689
584140.0,2573.450771639959
584160.0,2587.972016724507
584180.0,2591.547327055491
584200.0,2573.0954954763083
584220.0,2520.498872573503
584240.0,2423.510195767597
584260.0,2277.611791729441
584280.0,2088.051801864154
584300.0,1872.5692336658842
584320.0,1660.505827588393
584340.0,1485.7519176409292
584360.0,1375.3590195092834
584380.0,1342.0147508270052
584400.0,1383.5224864323236
584420.0,1486.4577813473647
584440.0,1631.142755043898
584460.0,1796.2144821800998
584480.0,1962.029660812233
584500.0,2112.815138211012
584520.0,2237.814982485147
584540.0,2331.6709199362394
584560.0,2393.979111028916
584580.0,2428.163144417823
584600.0,2440.0669987688916
584620.0,2436.6674359449667
584640.0,2425.0962750073018
584660.0,2412.0226743556077
584680.0,2403.3860371912333
584700.0,2404.1350642577777
584720.0,2417.5939510849266
584740.0,2444.396638050744
584760.0,2481.291008369294
584780.0,2520.47148668296
584800.0,2549.9444670575863
584820.0,2554.9651074540384
584840.0,2520.545508312321
584860.0,2434.946539888253
584880.0,2293.6893044539843
584900.0,2103.1988096301247
584920.0,1882.506233158736
584940.0,1661.0249736548005
584960.0,1471.5665314912019
584980.0,1341.186067902268
585000.0,1285.1832163853337
585020.0,1306.300961801831
585040.0,1396.9557584727522
585060.0,1542.2711294267401
585080.0,1722.8449734209294
585100.0,1917.2665775632493
585120.0,2105.014799782784
585140.0,2269.5876492658185
585160.0,2400.645734192551
585180.0,2494.5740401230746
585200.0,2553.5721186546575
585220.0,2583.7833185887434
585240.0,2593.141475791371
585260.0,2589.530646835022
585280.0,2579.625709322151
585300.0,2568.402586980829
585320.0,2559.0870582884513
585340.0,2553.337473301175
585360.0,2551.5135199457713
585380.0,2552.9890777669734
585400.0,2556.5310796559897
585420.0,2560.6940149804614
585440.0,2564.1440706719645
585460.0,2565.8561866108466
585480.0,2565.2274545746945
585500.0,2562.1695637809757
585520.0,2557.138173356031
585540.0,2550.9780072653803
585560.0,2544.6499615039966
585580.0,2538.9758717922764
585600.0,2534.518160702423
585620.0,2531.5530565951212
585640.0,2530.0686536596822
585660.0,2529.784558386874
585680.0,2530.217786362926
585700.0,2530.830897250357
585720.0,2531.223460365017
585740.0,2531.3254051815607
585760.0,2531.5406506723557
585780.0,2532.7445561386676
585800.0,2536.0255189967997
585820.0,2542.2206976382513
585840.0,2551.414964426366
585860.0,2562.4488770663347
585880.0,2572.4383383264694
585900.0,2576.4225596456727
585920.0,2567.3683836164787
585940.0,2536.92141092614
585960.0,2477.046025054532
585980.0,2382.341631600494
586000.0,2252.622705674357
586020.0,2094.9562206416504
586040.0,1923.882793934954
586060.0,1758.4120791019918
586080.0,1616.1232390526934
586100.0,1508.025479022288
586120.0,1437.0229693339966
586140.0,1399.2318206082603
586160.0,1386.5390393692667
586180.0,1389.2727249783534
586200.0,1398.3711941645392
586220.0,1406.8375597256286
586240.0,1410.5178319524307
586260.0,1408.35180452359
586280.0,1402.2474077500144
586300.0,1396.6646024660336
586320.0,1397.9126514445436
586340.0,1413.1114685087628
586360.0,1448.783735148801
586380.0,1509.1580753178137
586400.0,1594.4863793207442
586420.0,1699.999163965484
586440.0,1816.4484759501381
586460.0,1932.784874534218
586480.0,2039.6051904170756
586500.0,2131.361497901636
586520.0,2206.74423146742
586540.0,2267.711179291475
586560.0,2317.9184178094356
586580.0,2361.1029381474286
586600.0,2399.8831900100276
586620.0,2435.2013944656837
586640.0,2466.547486831302
586660.0,2492.8741148066933
586680.0,2513.4379057148285
586700.0,2528.101070229338
586720.0,2537.2921998793963
586740.0,2541.811753229385
586760.0,2542.5665873465696
586780.0,2540.3505462576313
586800.0,2535.703215765475
586820.0,2528.8732537025267
586840.0,2519.892639434621
586860.0,2508.704919669263
586880.0,2495.265845839579
586900.0,2479.5280609209926
586920.0,2461.413569308685
586940.0,2440.8542471321757
586960.0,2417.8509038777534
586980.0,2392.54183439856
587000.0,2365.249191666302
587020.0,2336.4692225060844
587040.0,2306.8355433949564
587060.0,2277.0414124796084
587080.0,2247.7042844237694
587100.0,2219.2664970372302
587120.0,2192.0163256120804
587140.0,2166.1787681705764
587160.0,2141.971648848683
587180.0,2119.594234807298
587200.0,2099.2042735313694
587220.0,2080.920425379331
587240.0,2064.842457893422
587260.0,2051.054981135513
587280.0,2039.614346693816
587300.0,2030.555732843172
587320.0,2023.9337552202298
587340.0,2019.874990203499
587360.0,2018.6009271041864
587380.0,2020.3823417301398
587400.0,2025.44065338759
587420.0,2033.7857296314112
587440.0,2044.9853935737447
587460.0,2057.9227667076166
587480.0,2070.634479846403
587500.0,2080.3278348904414
587520.0,2083.659367190458
587540.0,2077.3195551675644
587560.0,2058.923185429
587580.0,2028.0842981012138
587600.0,1987.3731470939215
587620.0,1942.693694999279
587640.0,1902.4627579247037
587660.0,1875.1991866847409
587680.0,1866.5313385307556
587700.0,1877.6991875031422
587720.0,1905.9991439839148
587740.0,1946.2076178755192
587760.0,1992.2849782902363
587780.0,2038.862443685251
587800.0,2082.219950483868
587820.0,2120.6185789315964
587840.0,2153.9282864040674
587860.0,2182.8988075448146
587880.0,2208.44247252883
587900.0,2231.085761930755
587920.0,2251.0109230988082
587940.0,2268.6006781688743
587960.0,2284.8598394181304
587980.0,2301.423352836877
588000.0,2320.2037770682264
588020.0,2342.7920765227386
588040.0,2369.689820758619
588060.0,2399.450207283103
588080.0,2427.8165756593144
588100.0,2447.1594609987806
588120.0,2446.654893227298
588140.0,2413.564849485128
588160.0,2335.890024502616
588180.0,2206.266363719372
588200.0,2026.3910921734355
588220.0,1810.5906409361203
588240.0,1586.3016449815248
588260.0,1389.0468357085522
588280.0,1251.9733759494745
588300.0,1195.8437515894225
588320.0,1225.1946495816296
588340.0,1329.755550951637
588360.0,1488.47845335787
588380.0,1674.6422911831737
588400.0,1861.4220561998718
588420.0,2026.950207316264
588440.0,2157.446046176313
588460.0,2247.907478288245
588480.0,2300.836269085531
588500.0,2323.7395849522763
588520.0,2326.2767377748505
588540.0,2317.8491069734
588560.0,2306.036301453298
588580.0,2295.9291792899053
588600.0,2290.1455653444186
588620.0,2289.2714352494695
588640.0,2292.4978482408455
588660.0,2298.259963159539
588680.0,2304.8224134477205
588700.0,2310.737689185287
588720.0,2315.034115211571
588740.0,2317.1947646773765
588760.0,2317.1346650550922
588780.0,2315.2190820789833
588800.0,2312.2993675678017
588820.0,2309.791385418942
588840.0,2309.6722430098043
588860.0,2314.281410693552
588880.0,2325.8382465580403
588900.0,2345.673006026656
588920.0,2373.281289560457
588940.0,2405.474545591721
588960.0,2435.732290773599
588980.0,2454.019018653469
589000.0,2447.4957859559545
589020.0,2402.2871356830537
589040.0,2306.4129112701166
589060.0,2153.7351274456596
589080.0,1948.1393928636783
589100.0,1706.3439963936544
589120.0,1457.1750289247539
589140.0,1235.4997689083743
589160.0,1071.8736998549155
589180.0,984.2727467933537
589200.0,976.3895736305769
589220.0,1040.5196643334743
589240.0,1161.9562549793075
589260.0,1322.9370375973208
589280.0,1505.3193767277564
589300.0,1692.0734850585552
589320.0,1868.3043651437515
589340.0,2022.5248319221816
589360.0,2147.8704905516292
589380.0,2242.4055460200134
589400.0,2308.3099891143947
589420.0,2350.4682107689923
589440.0,2374.9207932313675
589460.0,2387.5640052177923
589480.0,2393.331215153449
589500.0,2395.8369482474995
589520.0,2397.3484999535594
589540.0,2398.9886054838853
589560.0,2401.1208624016526
589580.0,2403.76723016913
589600.0,2406.881897910911
589620.0,2410.4538002128584
589640.0,2414.4838976602587
589660.0,2418.882989578731
589680.0,2423.366925533052
589700.0,2427.452759863972
589720.0,2430.5597156592503
589740.0,2432.1568485468115
589760.0,2431.8754626250743
589780.0,2429.5346536535417
589800.0,2425.123078449823
589820.0,2418.8006704606164
589840.0,2410.8699536365352
589860.0,2401.728461562499
589880.0,2391.8480152507545
589900.0,2381.7398000900653
589920.0,2371.9498059979055
589940.0,2363.1111249449154
589960.0,2356.0034560053887
589980.0,2351.5364293596426
590000.0,2350.60447228809
590020.0,2353.800998202732
590040.0,2360.9061040840284
590060.0,2370.279256240657
590080.0,2378.468040528669
590100.0,2380.1647618050097
590120.0,2368.624876181082
590140.0,2336.652508512256
590160.0,2278.1355774247777
590180.0,2189.950776121255
590200.0,2073.8002133813234
590220.0,1937.2209267725004
590240.0,1792.9121129285118
590260.0,1655.84087667821
590280.0,1538.7504650159067
590300.0,1448.752734623311
590320.0,1386.9038815674974
590340.0,1349.9712933801684
590360.0,1333.0058262709929
590380.0,1331.70803907341
590400.0,1343.971897854804
590420.0,1370.3144845169386
590440.0,1413.1621409439856
590460.0,1475.1931316344137
590480.0,1557.1719997668324
590500.0,1655.9782925540462
590520.0,1763.8223779350824
590540.0,1869.6232075212015
590560.0,1962.2400809797377
590580.0,2033.757654642177
590600.0,2081.3080930460487
590620.0,2107.0380084196986
590640.0,2116.680023878567
590660.0,2117.4337226488597
590680.0,2115.877885188117
590700.0,2116.5207494373794
590720.0,2121.275337552254
590740.0,2129.7786028149517
590760.0,2140.2668825449596
590780.0,2150.604376980281
590800.0,2159.0646608940983
590820.0,2164.758388120452
590840.0,2167.686767027552
590860.0,2168.557145775072
590880.0,2168.497381375303
590900.0,2168.688285395444
590920.0,2169.9822002414357
590940.0,2172.6085323696507
590960.0,2176.1655140083903
590980.0,2179.9734995599324
591000.0,2183.5761559618873
591020.0,2186.961888690278
591040.0,2190.3550681773922
591060.0,2193.9012627992824
591080.0,2197.611030907061
591100.0,2201.532266129495
591120.0,2205.8529874816727
591140.0,2210.912555006033
591160.0,2217.0120609601922
591180.0,2224.041716329662
591200.0,2231.3876294617703
591220.0,2238.417451018147
591240.0,2245.1261712296377
591260.0,2252.4576067142784
591280.0,2262.2214992982326
591300.0,2276.5226458731486
591320.0,2296.8267070536244
591340.0,2322.777398115703
591360.0,2351.1422639019747
591380.0,2375.22838373705
591400.0,2384.9711028919473
591420.0,2367.9866609986325
591440.0,2311.695693519643
591460.0,2206.356940921067
591480.0,2048.542207645158
591500.0,1844.155368516475
591520.0,1609.999580245111
591540.0,1372.9995911940039
591560.0,1165.678044840096
591580.0,1017.8573783440821
591600.0,949.2153160548162
591620.0,966.4034923200215
591640.0,1063.5446628323589
591660.0,1224.3335155265327
591680.0,1425.204190961391
591700.0,1640.0374531251696
591720.0,1845.772770911963
591740.0,2026.1745797562157
591760.0,2172.821133983444
591780.0,2284.2155777186354
591800.0,2363.917778136157
591820.0,2418.2599956493405
591840.0,2454.247526142421
591860.0,2478.1734960840286
591880.0,2495.0324771223104
591900.0,2508.501759417447
591920.0,2521.09118283231
591940.0,2534.217717473694
591960.0,2548.192276381995
591980.0,2562.287806808006
592000.0,2575.1164106783413
592020.0,2585.128718265657
592040.0,2590.9966074489676
592060.0,2591.857929259594
592080.0,2587.512216544266
592100.0,2578.565390466956
592120.0,2566.400246172503
592140.0,2552.9191172023557
592160.0,2540.0375938322586
592180.0,2528.87219091808
592200.0,2518.685946189874
592220.0,2505.817698492785
592240.0,2483.0587194847135
592260.0,2439.9888248083066
592280.0,2364.604029037234
592300.0,2246.323430241635
592320.0,2079.9965396316793
592340.0,1869.9165150877325
592360.0,1632.3216507585432
592380.0,1394.3132163904381
592400.0,1187.5881770436088
592420.0,1038.7581779487023
592440.0,962.4117859629565
592460.0,960.2566997590868
592480.0,1024.1491205248917
592500.0,1140.2183303781708
592520.0,1292.3769781468393
592540.0,1464.5504225228028
592560.0,1641.7916823635592
592580.0,1811.003881279276
592600.0,1961.9297555821074
592620.0,2088.1337330175847
592640.0,2187.3345238849424
592660.0,2260.8903327906746
592680.0,2312.7015143982344
592700.0,2347.9896279641553
592720.0,2372.2265719745183
592740.0,2390.301868209908
592760.0,2406.0442179415777
592780.0,2422.0099812702742
592800.0,2439.433960315473
592820.0,2458.347875212874
592840.0,2477.8068323163216
592860.0,2496.2164124277406
592880.0,2511.77367614658
592900.0,2522.9423272130994
592920.0,2528.8461806087917
592940.0,2529.5382282295473
592960.0,2526.185879837665
592980.0,2521.0546764002725
593000.0,2517.1678253071887
593020.0,2517.740780026785
593040.0,2525.3694208379343
593060.0,2540.9289080515478
593080.0,2562.372150732112
593100.0,2583.778693728205
593120.0,2595.0633408375184
593140.0,2582.727831810605
593160.0,2531.894661838155
593180.0,2429.6888917306464
593200.0,2269.6201590444243
593220.0,2055.9817298483563
593240.0,1806.5510983019842
593260.0,1551.169748903955
593280.0,1324.5897214120075
593300.0,1155.931896042953
593320.0,1061.3298540846358
593340.0,1043.080573113003
593360.0,1092.9224658218468
593380.0,1196.5068357221849
593400.0,1337.250132600722
593420.0,1498.8288088133904
593440.0,1666.4370511746984
593460.0,1827.5099703540006
593480.0,1972.6016726730352
593500.0,2096.099428517704
593520.0,2196.181182374739
593540.0,2274.0785295150213
593560.0,2332.934897961063
593580.0,2376.7070580913255
593600.0,2409.367506091591
593620.0,2434.3699331470716
593640.0,2454.364329203675
593660.0,2471.2165492523936
593680.0,2486.1695221363275
593700.0,2500.0298465159963
593720.0,2513.319598653593
593740.0,2526.329671454629
593760.0,2539.112535386966
593780.0,2551.4510091238494
593800.0,2562.8597974573395
593820.0,2572.6278223963586
593840.0,2579.900057012888
593860.0,2583.8155930342045
593880.0,2583.623506614459
593900.0,2578.757537923514
593920.0,2568.8863416760823
593940.0,2553.9626953268094
593960.0,2534.3566993149207
593980.0,2511.055359432485
594000.0,2485.7484095011555
594020.0,2460.7622442190027
594040.0,2438.7549023111133
594060.0,2422.129122644492
594080.0,2412.2403326161284
594100.0,2408.4732295851413
594120.0,2407.366992071694
594140.0,2402.1156373827885
594160.0,2382.8005439466638
594180.0,2337.64057998012
594200.0,2255.3751353613625
594220.0,2128.6441182466333
594240.0,1957.7513660014515
594260.0,1753.5087868854002
594280.0,1537.249704773718
594300.0,1336.2236269133582
594320.0,1175.550581672619
594340.0,1071.9147621699015
594360.0,1032.1375001413942
594380.0,1055.0081435820625
594400.0,1133.9779636501842
594420.0,1259.2313525012319
594440.0,1418.6380035316965
594460.0,1597.9820151713461
594480.0,1781.5682852229427
594500.0,1954.2666217029346
594520.0,2104.3941207053795
594540.0,2225.6027763543602
594560.0,2316.7541512768385
594580.0,2379.9706389160283
594600.0,2417.802549011822
594620.0,2430.7115521240494
594640.0,2415.7815620190636
594660.0,2367.0955816659534
594680.0,2277.7917598564645
594700.0,2143.442306146798
594720.0,1966.050543158905
594740.0,1757.2297599472372
594760.0,1538.1532287759942
594780.0,1334.231621961505
594800.0,1166.621111833446
594820.0,1046.6500613312578
594840.0,975.2948842181031
594860.0,945.7398667314337
594880.0,946.9708005956905
594900.0,967.0858697712135
594920.0,995.6649617950565
594940.0,1025.0319676731547
594960.0,1050.5555478282986
594980.0,1070.2816920384735
595000.0,1084.2165659330312
595020.0,1093.5270398896184
595040.0,1099.8407287533496
595060.0,1104.7386375135916
595080.0,1109.4607507668836
595100.0,1114.7963458225765
595120.0,1121.106567678797
595140.0,1128.4221285238568
595160.0,1136.5671500447302
595180.0,1145.274549969136
595200.0,1154.2737582908787
595220.0,1163.3445645823565
595240.0,1172.339960733423
595260.0,1181.185758909328
595280.0,1189.8662188355574
595300.0,1198.403998472161
595320.0,1206.840566015022
595340.0,1215.220699176436
595360.0,1223.5824715047615
595380.0,1231.9525053864904
595400.0,1240.3453331401024
595420.0,1248.7653645369014
595440.0,1257.210043103391
595460.0,1265.6731001673616
595480.0,1274.1472262694192
595500.0,1282.6258622354171
595520.0,1291.1041045986065
595540.0,1299.578901782355
595560.0,1308.0487970005377
595580.0,1316.5134750358734
595600.0,1324.9733209558208
595620.0,1333.4291243627881
595640.0,1341.881981423944
595660.0,1350.333370583863
595680.0,1358.785313865285
595700.0,1367.2404896671867
595720.0,1375.7021414944331
595740.0,1384.173638674994
595760.0,1392.657599601198
595780.0,1401.154593071751
595800.0,1409.6615891568154
595820.0,1418.170523817625
595840.0,1426.6675371827366
595860.0,1435.1335862918793
595880.0,1443.5471407611296
595900.0,1451.8894562599576
595920.0,1460.1524107612101
595940.0,1468.3480525989314
595960.0,1476.517902869556
595980.0,1484.7388560750662
596000.0,1493.1215566886099
596020.0,1501.7968573532594
596040.0,1510.886926951712
596060.0,1520.4602699252025
596080.0,1530.4746055158198
596100.0,1540.7180312556743
596120.0,1550.7662433208575
596140.0,1559.9800121679073
596160.0,1567.5699428925193
596180.0,1572.7515219445208
596200.0,1574.9993706829719
596220.0,1574.3834363443377
596240.0,1571.9320358309237
596260.0,1569.9217441230019
596280.0,1571.9518054182872
596300.0,1582.6362112770298
596320.0,1606.7591043155526
596340.0,1647.810716923998
596360.0,1706.0791934416807
596380.0,1777.3393118920462
596400.0,1853.5214153884638
596420.0,1925.104301283427
596440.0,1983.6608753126316
596460.0,2023.5777006033925
596480.0,2042.8426242745634
596500.0,2043.1925229085705
596520.0,2029.8497682750635
596540.0,2010.8015641106285
596560.0,1995.3416793321019
596580.0,1991.5362342670778
596600.0,2003.3163553094491
596620.0,2028.9149281759346
596640.0,2061.0334800254645
596660.0,2088.1292329546136
596680.0,2096.3757902222246
596700.0,2072.127709355883
596720.0,2004.8561147298892
596740.0,1890.3809446582932
596760.0,1733.849647659703
596780.0,1551.4603564990116
596800.0,1369.3817915384295
596820.0,1217.9089917149568
596840.0,1121.8858690989525
596860.0,1093.9353602886542
596880.0,1133.6034362192916
596900.0,1230.1640293450687
596920.0,1366.634247787484
596940.0,1523.5651212802065
596960.0,1682.0661919241047
596980.0,1826.1601901342285
597000.0,1944.7901031303936
597020.0,2033.046755099588
597040.0,2091.7719065940846
597060.0,2125.9041263831987
597080.0,2142.353494105814
597100.0,2148.094878436418
597120.0,2148.896258737288
597140.0,2148.782295275157
597160.0,2150.1187151974405
597180.0,2154.078695776476
597200.0,2161.2359396714346
597220.0,2172.061443060862
597240.0,2187.1657253923963
597260.0,2207.1739197053275
597280.0,2232.2498245731786
597300.0,2261.364233702292
597320.0,2291.4619487391237
597340.0,2316.7675973234695
597360.0,2328.559054271003
597380.0,2315.800471051073
597400.0,2266.9166176878143
597420.0,2172.756862397445
597440.0,2030.4202197127681
597460.0,1847.0435423050917
597480.0,1641.9613791290133
597500.0,1444.9450010073472
597520.0,1288.4584420937551
597540.0,1196.8149782611476
597560.0,1179.9397990990192
597580.0,1233.647980659034
597600.0,1343.5251075013107
597620.0,1489.8062541602944
597640.0,1651.7321169582628
597660.0,1810.7460931043229
597680.0,1952.4797560589254
597700.0,2067.7357695473684
597720.0,2152.656014434726
597740.0,2208.1288572135154
597760.0,2238.5230584093497
597780.0,2250.085580399344
597800.0,2249.4846404328705
597820.0,2242.727877677372
597840.0,2234.486290881321
597860.0,2227.8352299198186
597880.0,2224.3539255029236
597900.0,2224.4411987001904
597920.0,2227.7136391507656
597940.0,2233.3759491646642
597960.0,2240.4854732975737
597980.0,2248.130520842763
598000.0,2255.5547783346415
598020.0,2262.2062236333086
598040.0,2267.716062829257
598060.0,2271.8417432326955
598080.0,2274.380935026956
598100.0,2275.1492904772194
598120.0,2274.0592859356793
598140.0,2271.2644219390945
598160.0,2267.3149655161437
598180.0,2263.2376942332266
598200.0,2260.4763369857724
598220.0,2260.6790384794576
598240.0,2265.341443341597
598260.0,2275.3133571461835
598280.0,2290.2006837218983
598300.0,2307.7154228300105
598320.0,2323.1316968327606
598340.0,2329.138705938655
598360.0,2316.3700726574034
598380.0,2274.8137189079016
598400.0,2196.180915091936
598420.0,2077.0243277163163
598440.0,1921.8997437208388
598460.0,1745.2797988078157
598480.0,1570.35689956689
598500.0,1423.201678533297
598520.0,1324.325692938011
598540.0,1283.3685350782994
598560.0,1299.0441760209255
598580.0,1362.2250124863026
598600.0,1459.908572606098
598620.0,1578.66149414221
598640.0,1706.8865235919322
598660.0,1835.8135489310146
598680.0,1959.4633178034662
598700.0,2073.9969564340026
598720.0,2176.887143962839
598740.0,2266.2703581734054
598760.0,2340.6978126734925
598780.0,2399.317458644454
598800.0,2442.303763830295
598820.0,2471.155291104762
598840.0,2488.5561696087143
598860.0,2497.8474505389686
598880.0,2502.3365452442463
598900.0,2504.732368693457
598920.0,2506.889979309507
598940.0,2509.8575601887196
598960.0,2514.1092478147925
598980.0,2519.800690996114
599000.0,2526.902623984961
599020.0,2535.1579601389835
599040.0,2543.9766834648417
599060.0,2552.353244806613
599080.0,2558.8535998796433
599100.0,2561.674947914521
599120.0,2558.8132144461965
599140.0,2548.4478885597637
599160.0,2529.4999767496656
599180.0,2502.2427604116683
599200.0,2468.8447285673806
599220.0,2433.6221250854387
599240.0,2402.601488397224
599260.0,2381.984220223443
599280.0,2375.784659277444
599300.0,2384.1570001735627
599320.0,2403.691274700711
599340.0,2429.097345593599
599360.0,2454.9256203952573
599380.0,2476.656392803357
599400.0,2491.144225165502
599420.0,2496.657339979066
599440.0,2492.729742225937
599460.0,2480.0483319856476
599480.0,2460.529449306363
599500.0,2437.3368041849167
599520.0,2414.196404774503
599540.0,2394.292762571139
599560.0,2379.566533443777
599580.0,2370.5570912103085
599600.0,2366.6276401913938
599620.0,2366.4003095388143
599640.0,2368.249136007641
599660.0,2370.711313017509
599680.0,2372.759082453934
599700.0,2373.9369001037767
599720.0,2374.388033503893
599740.0,2374.782671470194
599760.0,2376.1601647717057
599780.0,2379.667783833209
599800.0,2386.138887276292
599820.0,2395.591949553582
599840.0,2406.7883763744867
599860.0,2416.946661220124
599880.0,2421.7281363434745
599900.0,2415.625920428679
599920.0,2392.8495567194514
599940.0,2348.6924785247984
599960.0,2281.202939298465
599980.0,2192.752338787425
600000.0,2090.6901179053675
600020.0,1985.7951361490202
600040.0,1889.0456916423532
600060.0,1809.465276192324
600080.0,1753.6518422184436
600100.0,1726.0771934771012
600120.0,1729.3319486779606
600140.0,1763.864448044831
600160.0,1827.2102023905013
600180.0,1913.197243775176
600200.0,2012.0664535113297
600220.0,2112.3101429568164
600240.0,2203.531434499248
600260.0,2278.653988433106
600280.0,2334.67586211678
600300.0,2372.211134306869
600320.0,2394.357286437085
600340.0,2405.372334233628
600360.0,2409.533968993389
600380.0,2410.353665016438
600400.0,2410.229764169373
600420.0,2410.4849110374607
600440.0,2411.5796366522254
600460.0,2413.3533792989415
600480.0,2415.236315225458
600500.0,2416.4075074133852
600520.0,2415.925271984702
600540.0,2412.858892781847
600560.0,2406.417901185583
600580.0,2396.050164482468
600600.0,2381.4872844705933
600620.0,2362.7567218411004
600640.0,2340.1810384715914
600660.0,2314.3638606974973
600680.0,2286.1270514702564
600700.0,2256.4063909056363
600720.0,2226.1590121736713
600740.0,2196.2742439947197
600760.0,2167.485342505156
600780.0,2140.320544926899
600800.0,2115.109961501713
600820.0,2092.0562224812343
600840.0,2071.3290066551886
600860.0,2053.1164847554596
600880.0,2037.6154475206781
600900.0,2024.9755195883986
600920.0,2015.2477781239966
600940.0,2008.3788327061109
600960.0,2004.2230039308185
600980.0,2002.5618939619321
601000.0,2003.1259076223512
601020.0,2005.61570415561
601040.0,2009.723378123514
601060.0,2015.1438830116745
601080.0,2021.579222123461
601100.0,2028.761321047998
601120.0,2036.5204909833712
601140.0,2044.875931053777
601160.0,2054.1090226479
601180.0,2064.777713717395
601200.0,2077.6578597079906
601220.0,2093.5814428753692
601240.0,2113.138181442183
601260.0,2136.240128534256
601280.0,2161.6285965018537
601300.0,2186.4398540079587
601320.0,2205.9484907623473
601340.0,2213.687618348632
601360.0,2202.1675556716627
601380.0,2164.3192257697165
601400.0,2095.5860418376305
601420.0,1996.2884034484073
601440.0,1873.5039685630338
601460.0,1741.3256281992424
601480.0,1618.194440142608
601500.0,1521.2223684107378
601520.0,1461.0270468707618
601540.0,1440.2976191714295
601560.0,1455.3268816358598
601580.0,1498.7381897360767
601600.0,1562.1519589749396
601620.0,1638.098638057124
601640.0,1720.939155562815
601660.0,1806.880478369942
601680.0,1893.3837286674086
601700.0,1978.3811355001446
601720.0,2059.7644281074117
601740.0,2135.4341742740467
601760.0,2203.5747670362794
601780.0,2262.6320961538886
601800.0,2310.9327749616846
601820.0,2346.161226058889
601840.0,2364.8955025113855
601860.0,2362.4092004686554
601880.0,2333.0302752525336
601900.0,2271.409437077674
601920.0,2174.736918892487
601940.0,2045.3171339687428
601960.0,1892.4723131515464
601980.0,1732.2459035095023
602000.0,1583.5688979122026
602020.0,1462.1671427656295
602040.0,1376.45285522705
602060.0,1327.1227771106921
602080.0,1309.0630039555103
602100.0,1314.029713561277
602120.0,1333.1205468313651
602140.0,1358.5434753605102
602160.0,1384.5590479717546
602180.0,1407.7044607196685
602200.0,1426.5185036615808
602220.0,1441.0053105307938
602240.0,1452.0366891049093
602260.0,1460.8288846429402
602280.0,1468.5633289106947
602300.0,1476.1665625242547
602320.0,1484.2282361276493
602340.0,1493.0179841825397
602360.0,1502.558473389065
602380.0,1512.718021918594
602400.0,1523.2969297582
602420.0,1534.0931482401352
602440.0,1544.9426313598692
602460.0,1555.7364706456815
602480.0,1566.420577934818
602500.0,1576.9847651081895
602520.0,1587.447395386657
602540.0,1597.840188771332
602560.0,1608.195945123355
602580.0,1618.5403636902838
602600.0,1628.8880150863042
602620.0,1639.241894964749
602640.0,1649.5957602190745
602660.0,1659.938453502596
602680.0,1670.2594846932
602700.0,1680.555117642507
602720.0,1690.8340329449834
602740.0,1701.1213153756587
602760.0,1711.4591553535254
602780.0,1721.902450869674
602800.0,1732.5077011354897
602820.0,1743.314451040381
602840.0,1754.320254088457
602860.0,1765.452666243838
602880.0,1776.5448639303872
602900.0,1787.3244063803431
602920.0,1797.4263205159168
602940.0,1806.4406057421904
602960.0,1813.9988307339286
602980.0,1819.8933710745118
603000.0,1824.2054570327339
603020.0,1827.3964338269677
603040.0,1830.3050607368823
603060.0,1834.0237239914593
603080.0,1839.6730272727632
603100.0,1848.1372173984328
603120.0,1859.8434066740185
603140.0,1874.6224286924728
603160.0,1891.6670541336766
603180.0,1909.6192396514434
603200.0,1926.8205785841697
603220.0,1941.6997577626491
603240.0,1953.127097808648
603260.0,1960.5017196386739
603280.0,1963.865758249945
603300.0,1964.1622125788085
603320.0,1963.1602623917584
603340.0,1962.968684117454
603360.0,1965.5510016939902
603380.0,1972.4522191440417
603400.0,1984.6524671332386
603420.0,2002.4554445802835
603440.0,2025.3950643058602
603460.0,2052.2304051126944
603480.0,2081.0995328459367
603500.0,2109.8387486366237
603520.0,2136.470328593784
603540.0,2159.6981763443246
603560.0,2179.1148344393196
603580.0,2195.0793781215502
603600.0,2208.422242702166
603620.0,2220.113837838207
603640.0,2230.98086015653
603660.0,2241.512459682743
603680.0,2251.771169282727
603700.0,2261.4088150511434
603720.0,2269.780467219842
603740.0,2276.1434071881085
603760.0,2279.9168466967803
603780.0,2280.9573688419587
603800.0,2279.7761028427567
603820.0,2277.5853264004095
603840.0,2276.06219410402
603860.0,2276.9045778119253
603880.0,2281.334307873639
603900.0,2289.7093840663647
603920.0,2301.430749339866
603940.0,2315.2550369641526
603960.0,2329.794514391585
603980.0,2343.8897013285155
604000.0,2356.7638101118705
604020.0,2368.040316568489
604040.0,2377.690351092607
604060.0,2385.9330588862445
604080.0,2393.124578675915
604100.0,2399.6705412906012
604120.0,2405.943494225628
604140.0,2412.196081465666
604160.0,2418.4986216378993
604180.0,2424.7399081471467
604200.0,2430.691397896155
604220.0,2436.0967576818466
604240.0,2440.7418269059276
604260.0,2444.5425786828923
604280.0,2447.6159744168426
604300.0,2450.231400165787
604320.0,2452.689536751747
604340.0,2455.2260647576372
604360.0,2457.9706007914065
604380.0,2460.9455171524123
604400.0,2464.0916588527975
604420.0,2467.2887215774135
604440.0,2470.324110543967
604460.0,2472.895513930712
604480.0,2474.7072408007016
604500.0,2475.599146162032
604520.0,2475.685102379316
604540.0,2475.408943489284
604560.0,2475.420732429924
604580.0,2476.2951046092544
604600.0,2478.1848845460486
604620.0,2480.4720917883756
604640.0,2481.697606519472
604660.0,2480.1491703827623
604680.0,2474.517484973301
604700.0,2464.152747864528
604720.0,2449.061296495542
604740.0,2429.8229818844566
604760.0,2407.5375979627847
604780.0,2383.8347228377843
604800.0,2360.9165077687144
604820.0,2341.5559266204195
604840.0,2328.9524576840986
604860.0,2326.3621715203562
604880.0,2336.4783766741634
604900.0,2360.6482967939164
604920.0,2398.170185354428
604940.0,2446.0881524026618
604960.0,2499.815059342004
604980.0,2554.2798870008783
605000.0,2604.954047291053
605020.0,2648.4793465744747
605040.0,2682.8894490512666
605060.0,2707.443648538694
605080.0,2722.17943202326
605100.0,2727.394688895313
605120.0,2723.268314918148
605140.0,2709.6900452930645
605160.0,2686.433459701726
605180.0,2653.622025089449
605200.0,2612.296993512845
605220.0,2564.90450666419
605240.0,2515.404023287615
605260.0,2468.61222089253
605280.0,2428.774102514617
605300.0,2398.297362889237
605320.0,2377.463585374386
605340.0,2364.939793719005
605360.0,2358.5634557761223
605380.0,2356.047159796903
605400.0,2355.455446589459
605420.0,2355.4295164386976
605440.0,2355.204813920483
605460.0,2354.492933354667
605480.0,2353.2993073777006
605500.0,2351.7185983734657
605520.0,2349.766057048227
605540.0,2347.3041530654054
605560.0,2344.05590499938
605580.0,2339.6603268525896
605600.0,2333.7782423173326
605620.0,2326.271430702499
605640.0,2317.3937060917206
605660.0,2307.875878508025
605680.0,2298.773766189835
605700.0,2291.157095310681
605720.0,2285.928115491389
605740.0,2283.821705573523
605760.0,2285.46572822041
605780.0,2291.387585819242
605800.0,2301.903479682625
605820.0,2316.8997109177385
605840.0,2335.59763481446
605860.0,2356.4566802313952
605880.0,2377.332994591612
605900.0,2395.9861890501056
605920.0,2410.7635473249393
605940.0,2420.9626286264383
605960.0,2426.7728320020265
605980.0,2428.9957397882185
606000.0,2428.7139561089143
606020.0,2427.0101625558045
606040.0,2424.7813437064715
606060.0,2422.6526992095273
606080.0,2420.9720439768375
606100.0,2419.855911614749
606120.0,2419.2590593615087
606140.0,2419.0453587530924
606160.0,2419.046507168594
606180.0,2419.1030056023747
606200.0,2419.087900718013
606220.0,2418.9172927156105
606240.0,2418.5526365060196
606260.0,2417.9988833909906
606280.0,2417.30018526251
606300.0,2416.5319283476692
606320.0,2415.785078305443
606340.0,2415.1349244035328
606360.0,2414.5806659042332
606380.0,2414.0172577419685
606400.0,2413.3171650302866
606420.0,2412.4288998387233
606440.0,2411.415703092968
606460.0,2410.404572681172
606480.0,2409.464256686354
606500.0,2408.5169590148535
606520.0,2407.3843957495546
606540.0,2405.932145349428
606560.0,2404.2001637125295
606580.0,2402.427925661882
606600.0,2400.9907968753537
606620.0,2400.294781518514
606640.0,2400.63989838219
606660.0,2402.1487393668635
606680.0,2404.739469749041
606700.0,2408.0178236414313
606720.0,2411.1699667653934
606740.0,2413.084080479056
606760.0,2412.7856178487846
606780.0,2409.975917981295
606800.0,2405.202698013459
606820.0,2399.6232369936088
606840.0,2394.6272913151
606860.0,2391.4657680828905
606880.0,2390.9494249913723
606900.0,2393.235260137352
606920.0,2397.725488699146
606940.0,2403.174466762465
606960.0,2408.143794314013
606980.0,2411.708987067776
607000.0,2413.8919049508295
607020.0,2415.380251090506
607040.0,2416.9989947359763
607060.0,2419.3913199881226
607080.0,2422.9082688585777
607100.0,2427.628814554502
607120.0,2433.442182247375
607140.0,2440.141285851423
607160.0,2447.4948074514327
607180.0,2455.282695119701
607200.0,2463.294054135705
607220.0,2471.297016186955
607240.0,2478.9972196273416
607260.0,2486.0050548327613
607280.0,2491.8314370239405
607300.0,2495.9265914011303
607320.0,2497.7647505194072
607340.0,2496.958348779938
607360.0,2493.3616556344855
607380.0,2487.1504479380765
607400.0,2478.9198372141486
607420.0,2469.687147923862
607440.0,2460.645495236164
607460.0,2452.8078829502365
607480.0,2446.7832762753233
607500.0,2442.753974375836
607520.0,2440.5681713370373
607540.0,2439.854930497055
607560.0,2440.138509325409
607580.0,2440.938800399956
607600.0,2441.827945373295
607620.0,2442.4437976344498
607640.0,2442.4856737604423
607660.0,2441.719711637973
607680.0,2440.006108955381
607700.0,2437.3264747226563
607720.0,2433.7865014221593
607740.0,2429.583013792351
607760.0,2424.932018932218
607780.0,2419.9976406380706
607800.0,2414.8756109287197
607820.0,2409.6421429489114
607840.0,2404.440777028509
607860.0,2399.5506794888342
607880.0,2395.400949040585
607900.0,2392.536762371684
607920.0,2391.518476347306
607940.0,2392.7302646594417
607960.0,2396.168598435454
607980.0,2401.361251448308
608000.0,2407.5473831469935
608020.0,2413.9839839094057
608040.0,2420.1322516909822
608060.0,2425.7112280262177
608080.0,2430.6665531684484
608100.0,2435.0941294661907
608120.0,2439.150014195692
608140.0,2442.968407970985
608160.0,2446.601330727448
608180.0,2449.9874877211273
608200.0,2452.953658435681
608220.0,2455.2484841296096
608240.0,2456.6040883993796
608260.0,2456.8138647599876
608280.0,2455.8038575079527
608300.0,2453.6602603670917
608320.0,2450.564181156038
608340.0,2446.6662650989665
608360.0,2442.0960460823394
608380.0,2437.1171002786914
608400.0,2432.215173169053
608420.0,2428.0237892699292
608440.0,2425.1378225835606
608460.0,2423.9501811015134
608480.0,2424.634834618408
608500.0,2427.2733329561042
608520.0,2432.0048232882605
608540.0,2439.0811035582556
608560.0,2448.7897384652197
608580.0,2461.258200885615
608600.0,2476.2354366438703
608620.0,2492.9701419481853
608640.0,2510.327642718809
608660.0,2527.150542059204
608680.0,2542.503443201233
608700.0,2555.6431003561606
608720.0,2565.8381072626007
608740.0,2572.189383343518
608760.0,2573.5831113546324
608780.0,2568.820830637549
608800.0,2556.927518244606
608820.0,2537.5949676936843
608840.0,2511.6131656641346
608860.0,2481.1405348158914
608880.0,2449.5933350694927
608900.0,2420.9224667005983
608920.0,2398.473103786901
608940.0,2384.1069622449586
608960.0,2378.0256947184344
608980.0,2379.140945536234
609000.0,2385.6565022314417
609020.0,2395.623621734796
609040.0,2407.3434988360677
609060.0,2419.577407741313
609080.0,2431.581790510355
609100.0,2443.0157416624616
609120.0,2453.7786600573136
609140.0,2463.833780204667
609160.0,2473.0650703112124
609180.0,2481.204415138923
609200.0,2487.854254904534
609220.0,2492.6169343333504
609240.0,2495.3228177953742
609260.0,2496.285692213426
609280.0,2496.3296673248724
609300.0,2496.4636523457075
609320.0,2497.505438904555
609340.0,2499.852535646899
609360.0,2503.4185097318145
609380.0,2507.7292077123093
609400.0,2512.135198983641
609420.0,2516.029444538105
609440.0,2518.996943202951
609460.0,2520.884657465359
609480.0,2521.7766498576116
609500.0,2521.9331469993176
609520.0,2521.7279939100868
609540.0,2521.5571414467586
609560.0,2521.7218357889296
609580.0,2522.3705323454105
609600.0,2523.527428664647
609620.0,2525.153038238302
609640.0,2527.1845839520474
609660.0,2529.544278838151
609680.0,2532.09084959523
609700.0,2534.533603761273
609720.0,2536.378928840906
609740.0,2536.9540165455273
609760.0,2535.4871590425673
609780.0,2531.2498408442134
609800.0,2523.7747706461055
609820.0,2513.0871679290235
609840.0,2499.8569649269366
609860.0,2485.3967102269044
609880.0,2471.4204725579825
609900.0,2459.545063990886
609920.0,2450.8175794691742
609940.0,2445.546119673441
609960.0,2443.399549715942
609980.0,2443.631705149138
610000.0,2445.3240606480185
610020.0,2447.589516034965
610040.0,2449.717654755264
610060.0,2451.265532640394
610080.0,2452.108029812386
610100.0,2452.4606764527257
610120.0,2452.879796830486
610140.0,2454.2348237081424
610160.0,2457.6411235735404
610180.0,2464.3441536744417
610200.0,2475.5692498851686
610220.0,2492.401822607535
610240.0,2515.6837610751563
610260.0,2545.7706227664066
610280.0,2582.141377863885
610300.0,2623.0314233823638
610320.0,2665.3610948223018
610340.0,2705.2644040909463
610360.0,2739.139433931897
610380.0,2764.5661383605957
610400.0,2780.7438246527136
610420.0,2788.4920481144472
610440.0,2789.8864595691803
610460.0,2787.59430309298
610480.0,2784.1337500824684
610500.0,2781.325734217295
610520.0,2780.027052939998
610540.0,2780.072157336345
610560.0,2780.51699195557
610580.0,2779.999363929911
610600.0,2777.116439240474
610620.0,2770.7823929942865
610640.0,2760.458105802867
610660.0,2746.260643716459
610680.0,2728.926809587868
610700.0,2709.6447126305343
610720.0,2689.714748846983
610740.0,2670.1732236781427
610760.0,2651.4391147644146
610780.0,2633.1169943752534
610800.0,2614.1424847234016
610820.0,2593.2349870529915
610840.0,2569.5092731176096
610860.0,2543.1322961218407
610880.0,2515.8523385908347
610900.0,2490.978613506816
610920.0,2472.191060124435
610940.0,2462.022051483338
610960.0,2461.23242780782
610980.0,2468.992397066474
611000.0,2483.436746245538
611020.0,2502.285609972948
611040.0,2523.3558136403176
611060.0,2544.8940359540584
611080.0,2565.7345398100692
611100.0,2585.321838881717
611120.0,2603.648625510022
611140.0,2621.150518026665
611160.0,2638.581197704192
611180.0,2656.8729696150067
611200.0,2676.975767465371
611220.0,2699.6672048096416
611240.0,2725.340249867425
611260.0,2753.8034374000085
611280.0,2784.1605109640554
611300.0,2814.8518097710457
611320.0,2843.918685371273
611340.0,2869.389897458762
611360.0,2889.5678684590785
611380.0,2903.15956442874
611400.0,2909.382231738401
611420.0,2907.995099165992
611440.0,2899.125263247089
611460.0,2883.048768713422
611480.0,2860.007587088694
611500.0,2830.0899811906806
611520.0,2793.2962701302827
611540.0,2749.8527459939833
611560.0,2700.672092068859
611580.0,2647.6732773509716
611600.0,2593.6225476433237
611620.0,2541.419676613311
611640.0,2493.313666874703
611660.0,2450.578349084065
611680.0,2413.6235812769955
611700.0,2382.283309493529
611720.0,2356.113341512528
611740.0,2334.601264882414
611760.0,2317.2336271040263
611780.0,2303.43078218573
611800.0,2292.4240566831877
611820.0,2283.186319423282
611840.0,2274.55590487755
611860.0,2265.602021174471
611880.0,2256.0022304570384
611900.0,2246.1367163787036
611920.0,2236.895807105847
611940.0,2229.32969807692
611960.0,2224.268026893161
611980.0,2222.0718061636653
612000.0,2222.613673631611
612020.0,2225.4122186483132
612040.0,2229.8147000059635
612060.0,2235.160431422892
612080.0,2240.892829115562
612100.0,2246.613978869628
612120.0,2252.0912335510393
612140.0,2257.2322429180676
612160.0,2262.0453118687938
612180.0,2266.598619989768
612200.0,2270.9868193165194
612220.0,2275.3084787022963
612240.0,2279.653758723131
612260.0,2284.09905221531
612280.0,2288.7042173368045
612300.0,2293.5083551998296
612320.0,2298.5216310135506
612340.0,2303.7131335074077
612360.0,2308.997861032792
612380.0,2314.2291309916586
612400.0,2319.205365620667
612420.0,2323.7014608462555
612440.0,2327.5338177577432
612460.0,2330.6585698596623
612480.0,2333.2485536202084
612500.0,2335.6522328969827
612520.0,2338.268060178064
612540.0,2341.4359793206313
612560.0,2345.382688993831
612580.0,2350.245230244421
612600.0,2356.096752803214
612620.0,2362.9164755763923
612640.0,2370.5559001193337
612660.0,2378.705959839076
612680.0,2386.90863687711
612700.0,2394.6740885808135
612720.0,2401.6282231273467
612740.0,2407.5802290933107
612760.0,2412.536067863251
612780.0,2416.7146262733704
612800.0,2420.5155978830094
612820.0,2424.3906675261774
612840.0,2428.7080447212325
612860.0,2433.6471445709253
612880.0,2439.124379202119
612900.0,2444.797413262301
612920.0,2450.1580706317404
612940.0,2454.680755652105
612960.0,2458.0093809068453
612980.0,2460.082086852225
613000.0,2461.1705967120934
613020.0,2461.8670941462456
613040.0,2462.9939368256146
613060.0,2465.4578779247495
613080.0,2470.0603708999474
613100.0,2477.2109724734178
613120.0,2486.5853996804976
613140.0,2496.8111453697593
613160.0,2505.2592196953487
613180.0,2508.079139318756
613200.0,2500.643512802982
613220.0,2478.4646179394076
613240.0,2438.595696601005
613260.0,2381.2824977095106
613280.0,2311.3843548679224
613300.0,2238.938058816452
613320.0,2177.8510530186472
613340.0,2141.634988303096
613360.0,2138.1378906644986
613380.0,2166.951370823556
613400.0,2220.4907851017733
613420.0,2287.222360076033
613440.0,2355.0684841473194
613460.0,2413.940507519468
613480.0,2457.097580655004
613500.0,2481.4696264079375
613520.0,2487.3022795667903
613540.0,2477.4731513514535
613560.0,2456.7123879402316
613580.0,2430.7878886043823
613600.0,2405.559088621918
613620.0,2385.852772685358
613640.0,2374.4221080710536
613660.0,2371.6138150158276
613680.0,2375.793826156757
613700.0,2384.201070601985
613720.0,2393.8495495358993
613740.0,2402.172972753368
613760.0,2407.350937646437
613780.0,2408.384029419586
613800.0,2405.0338543080056
613820.0,2397.6523769462183
613840.0,2386.9371601870616
613860.0,2373.7362780631183
613880.0,2358.9285440759504
613900.0,2343.3105289364194
613920.0,2327.5060812061083
613940.0,2311.9268609137825
613960.0,2296.763791875036
613980.0,2282.0006850778527
614000.0,2267.4479136046316
614020.0,2252.805822648847
614040.0,2237.76467205696
614060.0,2222.1186419637133
614080.0,2205.839314456966
614100.0,2189.060411250729
614120.0,2172.0019237445777
614140.0,2154.899366138856
614160.0,2137.958698887499
614180.0,2121.3194216569273
614200.0,2105.0241244214503
614220.0,2089.009050019325
614240.0,2073.1358588434296
614260.0,2057.256724589739
614280.0,2041.273930632117
614300.0,2025.2021881809173
614320.0,2009.2381164086423
614340.0,1993.8296040441721
614360.0,1979.7350375061094
614380.0,1968.0252691793983
614400.0,1959.976141612528
614420.0,1956.8232429930456
614440.0,1959.3340197781424
614460.0,1967.1899200023104
614480.0,1978.266975676142
614500.0,1988.0152148609068
614520.0,1989.3594076982147
614540.0,1973.605164561171
614560.0,1932.2017718477814
614580.0,1859.0073480141787
614600.0,1752.8233265615054
614620.0,1619.5878232722368
614640.0,1473.0697188242104
614660.0,1332.4388997051485
614680.0,1216.3024328284343
614700.0,1136.8396340223994
614720.0,1097.777206990259
614740.0,1095.6330442463027
614760.0,1122.4077445439736
614780.0,1168.411880371109
614800.0,1224.4942873974828
614820.0,1283.3966339465692
614840.0,1340.2721679423062
614860.0,1392.576972389626
614880.0,1439.597440385649
614900.0,1481.854377605902
614920.0,1520.5578429950438
614940.0,1557.2065883183818
614960.0,1593.3518869158613
614980.0,1630.4893672787607
615000.0,1670.0095189466003
615020.0,1713.1291871790102
615040.0,1760.7419606270346
615060.0,1813.1631088505408
615080.0,1869.801511251709
615100.0,1928.861103092575
615120.0,1987.253277421077
615140.0,2041.0168659557967
615160.0,2086.407256345833
615180.0,2121.116285962549
615200.0,2144.930099631763
615220.0,2159.740307165558
615240.0,2169.0733399130913
615260.0,2177.196872300018
615280.0,2187.7907572416034
615300.0,2202.3510415592455
615320.0,2218.7533090007937
615340.0,2230.4010754718283
615360.0,2226.402958910723
615380.0,2193.3126289005427
615400.0,2118.64536441265
615420.0,1995.2740201627992
615440.0,1825.275116025719
615460.0,1621.8178282603344
615480.0,1407.5277220896498
615500.0,1208.5880050887706
615520.0,1046.785917079084
615540.0,934.4669496078734
615560.0,874.4467417432461
615580.0,862.9043878564029
615600.0,892.9833179185391
615620.0,957.6056832243564
615640.0,1050.7764386494564
615660.0,1167.3243542664818
615680.0,1301.5892874398091
615700.0,1446.0288483972276
615720.0,1591.0165600541627
615740.0,1726.462590643897
615760.0,1844.0971935575749
615780.0,1939.0169052639626
615800.0,2010.0088729606086
615820.0,2058.9227969858903
615840.0,2089.6272562643285
615860.0,2106.97570810908
615880.0,2115.885794963718
615900.0,2120.6796801373694
615920.0,2124.727368525719
615940.0,2130.2395958701036
615960.0,2138.203730188908
615980.0,2148.6016987836088
616000.0,2160.828215515996
616020.0,2174.0622108191174
616040.0,2187.468684380269
616060.0,2200.2992261670697
616080.0,2211.9208218804783
616100.0,2221.803813918397
616120.0,2229.549954335854
616140.0,2235.034303400597
616160.0,2238.6515225341486
616180.0,2241.4797958685003
616200.0,2245.194827667599
616220.0,2251.7059831432907
616240.0,2262.565435638709
616260.0,2278.1985657496707
616280.0,2297.010593399504
616300.0,2314.5710874717456
616320.0,2323.247380458256
616340.0,2312.6263878472473
616360.0,2270.872232821046
616380.0,2187.0717037332597
616400.0,2054.5127980939005
616420.0,1874.2912556738024
616440.0,1657.9149801888857
616460.0,1427.2289001639726
616480.0,1210.1117304849427
616500.0,1032.1044435561257
616520.0,908.7688578060352
616540.0,843.585887170834
616560.0,830.433564916264
616580.0,857.9730576361729
616600.0,914.000535563949
616620.0,988.6408096063794
616640.0,1075.9120776724992
616660.0,1173.6605475112488
616680.0,1282.1800890149548
616700.0,1402.0516270475885
616720.0,1531.9161550872318
616740.0,1667.0686126926244
616760.0,1799.8123710471198
616780.0,1921.6226810341425
616800.0,2025.6118396273837
616820.0,2108.0449928410817
616840.0,2168.6736247037816
616860.0,2210.1356209729265
616880.0,2236.901900953905
616900.0,2254.139642594525
616920.0,2266.768396072885
616940.0,2278.8339209327387
616960.0,2293.121703984063
616980.0,2311.0601399757966
617000.0,2332.887925296908
617020.0,2357.9559035834545
617040.0,2384.884139918863
617060.0,2411.438246907696
617080.0,2434.146332442694
617100.0,2447.857671029154
617120.0,2445.6235206374017
617140.0,2419.2893999876546
617160.0,2360.9627765824052
617180.0,2265.207327277376
617200.0,2131.5274631136313
617220.0,1966.266376612221
617240.0,1782.8336845303602
617260.0,1599.4213435008237
617280.0,1434.8120582722556
617300.0,1304.9769234963492
617320.0,1221.7450990096804
617340.0,1192.486020672121
617360.0,1219.7014403554099
617380.0,1300.1404558646632
617400.0,1423.9021903535029
617420.0,1574.852091898573
617440.0,1733.7622529528085
617460.0,1883.0516530942737
617480.0,2010.2446730012348
617500.0,2109.1500951009666
617520.0,2179.2858199300563
617540.0,2224.3205275163104
617560.0,2250.1517788774577
617580.0,2263.1874954979867
617600.0,2269.1439522243872
617620.0,2272.392351569311
617640.0,2275.7644593450755
617660.0,2280.7040981227965
617680.0,2287.625794375026
617700.0,2296.314849805586
617720.0,2306.270566922153
617740.0,2316.923026357167
617760.0,2327.7112860896063
617780.0,2338.0759122251393
617800.0,2347.467395283731
617820.0,2355.4266355395803
617840.0,2361.652657072235
617860.0,2366.0099455105874
617880.0,2368.5470870593767
617900.0,2369.509069495833
617920.0,2369.329863260698
617940.0,2368.6211389074233
617960.0,2368.1098734357815
617980.0,2368.477151504231
618000.0,2370.1810920933035
618020.0,2373.351092638524
618040.0,2377.7680977296995
618060.0,2382.874386362736
618080.0,2387.8313587906587
618100.0,2391.66663312761
618120.0,2393.4735689170084
618140.0,2392.656044563526
618160.0,2389.1743249559013
618180.0,2383.6567705419393
618200.0,2377.265995532261
618220.0,2371.372054480944
618240.0,2367.212876070854
618260.0,2365.7390833416966
618280.0,2367.6026856904537
618300.0,2373.2065966836562
618320.0,2382.776006156152
618340.0,2396.3361995345526
618360.0,2413.4647203670165
618380.0,2432.8683218826673
618400.0,2451.9029118051762
618420.0,2466.2069391240207
618440.0,2469.713361704628
618460.0,2455.269035947712
618480.0,2416.0020868415527
618500.0,2347.3146288581343
618520.0,2249.064497566532
618540.0,2127.2091691700293
618560.0,1993.7405140253904
618580.0,1863.7643309244372
618600.0,1751.1453083158008
618620.0,1666.0185812837547
618640.0,1614.614528215006
618660.0,1600.0826813217204
618680.0,1623.2112344048885
618700.0,1682.4682783985477
618720.0,1773.3765503390107
618740.0,1887.8314163064783
618760.0,2014.4632049340903
618780.0,2140.743332974786
618800.0,2255.7602862677645
618820.0,2352.0456898947086
618840.0,2426.0962732402136
618860.0,2478.0420939115374
618880.0,2510.8698107274495
618900.0,2529.333670745983
618920.0,2538.757855197211
618940.0,2543.9581472454493
618960.0,2548.4741177441347
618980.0,2554.2708825424343
619000.0,2561.94263790036
619020.0,2571.174755676322
619040.0,2581.190856788013
619060.0,2591.114404198472
619080.0,2600.1975533210266
619100.0,2607.8735694892116
619120.0,2613.7214039546143
619140.0,2617.44550829329
619160.0,2618.887179726883
619180.0,2618.0035243298926
619200.0,2614.821565549835
619220.0,2609.4129202100285
619240.0,2601.930947808701
619260.0,2592.6686872731234
619280.0,2582.0660190101653
619300.0,2570.6814222654484
619320.0,2559.116863008069
619340.0,2547.888156695287
619360.0,2537.3129706579107
619380.0,2527.480618665611
619400.0,2518.3124523030892
619420.0,2509.6900043956625
619440.0,2501.576844063996
619460.0,2494.0407378297655
619480.0,2487.1763722303176
619500.0,2481.0336088287904
619520.0,2475.577091159287
619540.0,2470.647347678426
619560.0,2465.967905991517
619580.0,2461.237325330046
619600.0,2456.269278862238
619620.0,2451.1236594998213
619640.0,2446.2096280667406
619660.0,2442.319205974472
619680.0,2440.5683847495566
619700.0,2442.223734249144
619720.0,2448.374119134453
619740.0,2459.445570284457
619760.0,2474.658775185717
619780.0,2491.5627623152427
619800.0,2505.737659617428
619820.0,2510.805027725856
619840.0,2498.9758243088386
619860.0,2462.3284097715264
619880.0,2394.841809728313
619900.0,2294.9352473007057
619920.0,2167.8821110948975
619940.0,2026.9095875867959
619960.0,1891.3460468530714
619980.0,1781.555667657191
620000.0,1713.9686061425284
620020.0,1698.5460940712164
620040.0,1737.9514956076036
620060.0,1827.470761029605
620080.0,1955.5037822276809
620100.0,2105.2447319063817
620120.0,2258.1157708351107
620140.0,2397.7976566695997
620160.0,2513.1015349661993
620180.0,2599.052404610621
620200.0,2656.2886194033053
620220.0,2689.2359990109935
620240.0,2703.7431230767183
620260.0,2704.7899484998006
620280.0,2694.6552485901657
620300.0,2671.836027237343
620320.0,2631.279820525486
620340.0,2566.1351233231717
620360.0,2470.674114716198
620380.0,2343.76890016806
620400.0,2191.809436447577
620420.0,2029.4318974582893
620440.0,1876.6272028466283
620460.0,1752.4849423266987
620480.0,1669.1963104370857
620500.0,1629.961447861298
620520.0,1630.388458283064
620540.0,1661.47005052752
620560.0,1712.7091838017045
620580.0,1774.5847815445898
620600.0,1840.0374128865944
620620.0,1904.9842556335236
620640.0,1968.0544255234108
620660.0,2029.8056677441448
620680.0,2091.6863297502596
620700.0,2154.984131204429
620720.0,2219.9856881064843
620740.0,2285.579176270507
620760.0,2349.534367782572
620780.0,2409.3001762990225
620800.0,2462.75521728872
620820.0,2508.6231009999306
620840.0,2546.5405919098284
620860.0,2576.932570104401
620880.0,2600.8348244206377
620900.0,2619.6607512665432
620920.0,2634.875338883291
620940.0,2647.7247607465206
620960.0,2659.081448647944
620980.0,2669.3600152569907
621000.0,2678.5241841786037
621020.0,2686.1450639008312
621040.0,2691.50250382381
621060.0,2693.7460487043018
621080.0,2692.1006064308194
621100.0,2686.0151690513153
621120.0,2675.22068354661
621140.0,2659.7381598205793
621160.0,2639.877851663562
621180.0,2616.304035223099
621200.0,2590.090542484468
621220.0,2562.6584575693573
621240.0,2535.681227090476
621260.0,2510.9843659041394
621280.0,2490.342688502116
621300.0,2475.1859607822325
621320.0,2466.225123097677
621340.0,2463.000847346857
621360.0,2463.4326343625635
621380.0,2463.4331976086423
621400.0,2456.8850780149573
621420.0,2436.2572120867217
621440.0,2393.920895884264
621460.0,2324.0630519460105
621480.0,2224.9210682148196
621500.0,2100.714586585197
621520.0,1962.1254797926474
621540.0,1823.9705618704734
621560.0,1701.0575219828884
621580.0,1605.437976130338
621600.0,1545.7134802847706
621620.0,1527.2259204883353
621640.0,1552.144652954225
621660.0,1619.0259185311836
621680.0,1722.0727126575755
621700.0,1850.9719686276574
621720.0,1992.2639468212801
621740.0,2131.977801550403
621760.0,2258.30951593591
621780.0,2363.251578085569
621800.0,2442.9610361495897
621820.0,2497.278139994157
621840.0,2528.803563270456
621860.0,2541.960084817286
621880.0,2542.126170630835
621900.0,2534.799944225975
621920.0,2524.7857892354327
621940.0,2515.550945018869
621960.0,2509.0034039730144
621980.0,2505.7020410317336
622000.0,2505.2802814353918
622020.0,2506.8382191347114
622040.0,2509.2797074514683
622060.0,2511.5593469580112
622080.0,2512.7954903063874
622100.0,2512.3156529814173
622120.0,2509.688380008432
622140.0,2504.741514210874
622160.0,2497.5538853164367
622180.0,2488.4146637308622
622200.0,2477.7395736229987
622220.0,2465.971311622806
622240.0,2453.496803576886
622260.0,2440.600493827468
622280.0,2427.45768919697
622300.0,2414.163982859383
622320.0,2400.786202987895
622340.0,2387.4251709858722
622360.0,2374.2446185656295
622380.0,2361.4581929745373
622400.0,2349.308080789191
622420.0,2338.0538711225563
622440.0,2327.9791445585547
622460.0,2319.3968531349224
622480.0,2312.610757339032
622500.0,2307.851859763879
622520.0,2305.2374383123183
622540.0,2304.7564519340463
622560.0,2306.2718363512568
622580.0,2309.5370264138937
622600.0,2314.2292807576714
622620.0,2320.0082442723256
622640.0,2326.572351888574
622660.0,2333.680338065777
622680.0,2341.1261989334225
622700.0,2348.7082814027676
622720.0,2356.21721689672
622740.0,2363.45530010558
622760.0,2370.2779691161727
622780.0,2376.620846789537
622800.0,2382.4928047958033
622820.0,2387.9448030169333
622840.0,2393.054236101658
622860.0,2397.919024519722
622880.0,2402.6325269752097
622900.0,2407.239099880827
622920.0,2411.6912389773956
622940.0,2415.848203038397
622960.0,2419.521648487949
622980.0,2422.510521815807
623000.0,2424.620702585619
623020.0,2425.6789905067485
623040.0,2425.53015790522
623060.0,2424.0314177437494
623080.0,2421.07430551495
623100.0,2416.6366847089257
623120.0,2410.8531097536356
623140.0,2404.076281060581
623160.0,2396.929458990611
623180.0,2390.3241408904787
623200.0,2385.411282411554
623220.0,2383.432726975032
623240.0,2385.431392901887
623260.0,2391.822700575797
623280.0,2401.853981678157
623300.0,2413.041956568318
623320.0,2420.780216440411
623340.0,2418.37842192695
623360.0,2397.7451484504904
623380.0,2350.848200344124
623400.0,2271.9162085414605
623420.0,2160.0255103006616
623440.0,2021.3314224423252
623460.0,1869.6895154162248
623480.0,1723.9467701898507
623500.0,1601.840887955968
623520.0,1514.5829552970522
623540.0,1465.2750600944864
623560.0,1450.2862859568172
623580.0,1461.8786251938805
623600.0,1490.887143527057
623620.0,1528.795860329691
623640.0,1568.9741228211785
623660.0,1607.1220691447559
623680.0,1641.125158937442
623700.0,1670.563913883017
623720.0,1696.1011699739186
623740.0,1718.9091669228717
623760.0,1740.2295500112184
623780.0,1761.0984686290606
623800.0,1782.2251889742554
623820.0,1803.9877901371856
623840.0,1826.5008929017908
623860.0,1849.7131808273284
623880.0,1873.5016619849855
623900.0,1897.7410563529797
623920.0,1922.3376867370425
623940.0,1947.226541825561
623960.0,1972.3375868504336
623980.0,1997.5432801209918
624000.0,2022.6039496070152
624020.0,2047.1310349342705
624040.0,2070.5892695816383
624060.0,2092.3559285773003
624080.0,2111.8460539867724
624100.0,2128.6949583310757
624120.0,2142.9621514290907
624140.0,2155.2849797433623
624160.0,2166.8663261304882
624180.0,2179.0996767725214
624200.0,2192.8186304573464
624220.0,2207.815159801668
624240.0,2222.948909553744
624260.0,2236.7729319527944
624280.0,2248.331271871547
624300.0,2257.5493860366355
624320.0,2265.0860657943213
624340.0,2271.7628660894834
624360.0,2277.994603056837
624380.0,2283.4470152647673
624400.0,2287.0463150709006
624420.0,2287.45851013235
624440.0,2283.863172711483
624460.0,2276.4282452029393
624480.0,2266.031841058794
624500.0,2253.556338796846
624520.0,2239.318918476141
624540.0,2222.949834457322
624560.0,2203.8093909895733
624580.0,2181.6504861686108
624600.0,2157.0468121783842
624620.0,2131.3445928536453
624640.0,2106.3820723462495
624660.0,2084.14454382438
624680.0,2066.2362700036615
624700.0,2053.3445672595017
624720.0,2045.1472044871557
624740.0,2040.6442742129075
624760.0,2038.756430073147
624780.0,2038.8157035136926
624800.0,2040.6618525568763
624820.0,2044.402948983778
624840.0,2050.044146457037
624860.0,2057.160450767038
624880.0,2064.895692072117
624900.0,2072.2772540078636
624920.0,2078.476617151762
624940.0,2082.7832655910697
624960.0,2084.6328145608595
624980.0,2083.8683269033327
625000.0,2080.979680929323
625020.0,2077.1728208672967
625040.0,2074.40789216064
625060.0,2075.1994153286587
625080.0,2082.0505274765874
625100.0,2096.7604302035666
625120.0,2119.822426212416
625140.0,2149.9823164132035
625160.0,2184.05624733606
625180.0,2217.4919667505496
625200.0,2245.8594021214176
625220.0,2266.247280824741
625240.0,2277.6893623759292
625260.0,2280.858220743612
625280.0,2277.4485076136893
625300.0,2269.543640865481
625320.0,2259.1304622809394
625340.0,2247.821788620299
625360.0,2236.7738173030057
625380.0,2226.743327679222
625400.0,2218.2132970470375
625420.0,2211.518126123803
625440.0,2206.914973209316
625460.0,2204.5713085863927
625480.0,2204.4681028677965
625500.0,2206.2514668843723
625520.0,2209.1012753871855
625540.0,2211.7200678301915
625560.0,2212.567160287438
625580.0,2210.381730250135
625600.0,2204.7909466744204
625620.0,2196.6899907387824
625640.0,2187.984368489401
625660.0,2180.7457167201255
625680.0,2176.4765997298537
625700.0,2175.769375204631
625720.0,2178.329348477263
625740.0,2183.2632482518957
625760.0,2189.4512598462156
625780.0,2195.8242100066946
625800.0,2201.506191821001
625820.0,2205.8784811147284
625840.0,2208.6208893487237
625860.0,2209.731096209055
625880.0,2209.4697464802452
625900.0,2208.2204052119896
625920.0,2206.319504834137
625940.0,2203.9729503799626
625960.0,2201.2357539155837
625980.0,2198.022811199381
626000.0,2194.168029532276
626020.0,2189.494016861741
626040.0,2183.863482790436
626060.0,2177.210681828485
626080.0,2169.562028468601
626100.0,2161.0306559248393
626120.0,2151.8525641501724
626140.0,2142.464982560989
626160.0,2133.5516786216835
626180.0,2126.056695344415
626200.0,2121.1277593627883
626220.0,2119.9740816757276
626240.0,2123.64539001209
626260.0,2132.742231905371
626280.0,2147.078309864264
626300.0,2165.452227184216
626320.0,2185.74283605156
626340.0,2205.3494241697294
626360.0,2221.5527883542227
626380.0,2231.6123145295105
626400.0,2232.8519064897173
626420.0,2222.855129040744
626440.0,2199.7912302455884
626460.0,2162.8093999137736
626480.0,2112.2332397859677
626500.0,2049.4732823562085
626520.0,1976.8993652128938
626540.0,1897.8709592863065
626560.0,1816.9377859497858
626580.0,1740.0684078316667
626600.0,1674.6651449178148
626620.0,1629.0987172589932
626640.0,1611.5674785441897
626660.0,1628.2751686290808
626680.0,1681.2406638647178
626700.0,1766.4974562625277
626720.0,1873.9276998985613
626740.0,1989.7880581663092
626760.0,2100.996225131889
626780.0,2198.486019910739
626800.0,2278.1777102321075
626820.0,2340.1492088283967
626840.0,2386.9634223973167
626860.0,2422.086373300926
626880.0,2448.8449418652067
626900.0,2469.9159239934816
626920.0,2487.1675714094968
626940.0,2501.6643925683034
626960.0,2513.7845489778992
626980.0,2523.452912494629
627000.0,2530.3665149814397
627020.0,2534.142195328467
627040.0,2534.457681614521
627060.0,2531.18670401614
627080.0,2524.5209187347514
627100.0,2515.0886636236887
627120.0,2503.979279938664
627140.0,2492.456879663362
627160.0,2481.4746759301242
627180.0,2471.4374550189855
627200.0,2462.2770468336525
627220.0,2453.688170831644
627240.0,2445.345232129356
627260.0,2437.0565690582216
627280.0,2428.829805021268
627300.0,2420.85699042541
627320.0,2413.4481884863208
627340.0,2406.923957677972
627360.0,2401.510447378712
627380.0,2397.285931665982
627400.0,2394.1846201650137
627420.0,2392.04256294166
627440.0,2390.618495041376
627460.0,2389.6156342347617
627480.0,2388.759549694722
627500.0,2387.9249442560613
627520.0,2387.237646248118
627540.0,2387.09828040698
627560.0,2388.07095967047
627580.0,2390.627142260974
627600.0,2394.8875347974695
627620.0,2400.480571462641
627640.0,2406.608993288236
627660.0,2412.3313488230588
627680.0,2416.9085109016273
627700.0,2420.006606185727
627720.0,2421.6701356505178
627740.0,2422.202289173075
627760.0,2422.062179540335
627780.0,2421.8346876752476
627800.0,2422.1287845372162
627820.0,2423.3505304861797
627840.0,2425.5588549262857
627860.0,2428.5213359964505
627880.0,2431.844205476664
627900.0,2435.1522569524473
627920.0,2438.2299829637404
627940.0,2441.0523926759583
627960.0,2443.761368669023
627980.0,2446.624741059583
628000.0,2449.953194076621
628020.0,2453.939318193051
628040.0,2458.470254132364
628060.0,2462.907223642699
628080.0,2465.8189361748946
628100.0,2464.748300552653
628120.0,2456.1579931665588
628140.0,2435.6899960318087
628160.0,2398.866697019432
628180.0,2342.206706890443
628200.0,2264.152069624038
628220.0,2165.159900252223
628240.0,2047.196876136334
628260.0,1913.2276975873378
628280.0,1767.0883190607499
628300.0,1613.838898042854
628320.0,1460.4365857526404
628340.0,1316.3768259954636
628360.0,1193.8448100409637
628380.0,1106.926646842186
628400.0,1069.5916261632651
628420.0,1092.5122679092824
628440.0,1179.3633515361382
628460.0,1324.0214334642176
628480.0,1510.747556336883
628500.0,1718.2691927400551
628520.0,1925.2994168929404
628540.0,2114.6167024529886
628560.0,2274.971919979498
628580.0,2401.2112277690094
628600.0,2493.257249885622
628620.0,2554.590937636099
628640.0,2590.654820125526
628660.0,2607.4267167571525
628680.0,2610.500787451105
628700.0,2604.7446007600533
628720.0,2594.2207588628453
628740.0,2582.056210059156
628760.0,2570.363364036314
628780.0,2560.441087319959
628800.0,2553.1511558670136
628820.0,2549.2997225158765
628840.0,2549.867905115831
628860.0,2556.001251727959
628880.0,2568.709271549351
628900.0,2588.2836968004294
628920.0,2613.5123274865896
628940.0,2640.887886891923
628960.0,2664.0915186363604
628980.0,2673.8477404804757
629000.0,2658.2958914412297
629020.0,2604.296007665732
629040.0,2499.96337887394
629060.0,2338.296209998491
629080.0,2121.1945946926235
629100.0,1862.4899848219927
629120.0,1588.0532457286465
629140.0,1331.3893305907973
629160.0,1125.6414644834692
629180.0,996.6046470029262
629200.0,958.938046332389
629220.0,1014.3456647838051
629240.0,1150.8595207221103
629260.0,1343.756552138136
629280.0,1559.8323982454835
629300.0,1765.444503983062
629320.0,1934.3682858431155
629340.0,2051.772902015122
629360.0,2114.172293754579
629380.0,2126.566264104381
629400.0,2098.3955989115116
629420.0,2039.7974783016157
629440.0,1958.972193911294
629460.0,1861.2016950247787
629480.0,1749.805500602765
629500.0,1628.3726695780358
629520.0,1502.8132264704109
629540.0,1381.8495869288486
629560.0,1275.0446479403329
629580.0,1189.648347495081
629600.0,1128.9795331559133
629620.0,1092.5716201112002
629640.0,1077.1809702392895
629660.0,1078.0153037435098
629680.0,1089.793222718625
629700.0,1107.495503488226
629720.0,1126.7764498592883
629740.0,1144.1557703766498
629760.0,1157.1550038360851
629780.0,1164.4279023806034
629800.0,1165.81611377677
629820.0,1162.2026283312819
629840.0,1155.1252692822811
629860.0,1146.2861464848343
629880.0,1137.1650554245234
629900.0,1128.8378267257444
629920.0,1121.982364403921
629940.0,1116.9968412211897
629960.0,1114.1025210781486
629980.0,1113.3244518544973
630000.0,1114.4175901844128
630020.0,1116.8641731390098
630040.0,1119.971312257498
630060.0,1123.0552578788563
630080.0,1125.6445863139563
630100.0,1127.5748039691675
630120.0,1128.9271694746747
630140.0,1129.8880330485604
630160.0,1130.637571358729
630180.0,1131.3058065890916
630200.0,1131.9840401668744
630220.0,1132.7698905251705
630240.0,1133.822502719951
630260.0,1135.4046866694807
630280.0,1137.8907302186885
630300.0,1141.7233652029768
630320.0,1147.313286276508
630340.0,1154.901524422001
630360.0,1164.416517280842
630380.0,1175.2797534891156
630400.0,1186.1252733372808
630420.0,1194.512111433577
630440.0,1196.7997133816502
630460.0,1188.3892828074504
630480.0,1164.4512717550983
630500.0,1121.0520740957195
630520.0,1056.361885534368
630540.0,971.5131088400207
630560.0,870.8690659990428
630580.0,761.8329609973943
630600.0,654.3705168557002
630620.0,560.2365935250893
630640.0,491.77384588033357
630660.0,460.18421906243765
630680.0,473.3916734372213
630700.0,534.0215932972106
630720.0,638.4857069451007
630740.0,778.0383805712012
630760.0,941.5528747201049
630780.0,1118.3124241216115
630800.0,1299.0443703466433
630820.0,1475.254979961428
630840.0,1638.352080736357
630860.0,1780.3189806857094
630880.0,1896.1590403289574
630900.0,1985.338628524581
630920.0,2051.049582802189
630940.0,2098.3028517669936
630960.0,2132.1051572221413
630980.0,2156.4337925367217
631000.0,2174.1473000944015
631020.0,2187.3535990455703
631040.0,2197.598888131466
631060.0,2205.899089821187
631080.0,2212.827255548884
631100.0,2218.602806074893
631120.0,2223.565505067221
631140.0,2228.881318976252
631160.0,2236.6918022763575
631180.0,2249.3195123472333
631200.0,2267.9755933429615
631220.0,2291.675572785932
631240.0,2316.0531800807544
631260.0,2332.472352889045
631280.0,2328.202000679248
631300.0,2288.1574600007893
631320.0,2198.5028104167595
631340.0,2051.4278608913874
631360.0,1849.7461399611311
631380.0,1609.84312998232
631400.0,1361.005908480343
631420.0,1139.1377449666
631440.0,976.8233735615046
631460.0,896.0291382365019
631480.0,905.6207882225106
631500.0,1001.6985157453588
631520.0,1169.090648926269
631540.0,1383.7288102204186
631560.0,1616.84003490596
631580.0,1841.3303797593458
631600.0,2037.5270968210039
631620.0,2195.437347743103
631640.0,2313.587769271557
631660.0,2395.8959529780004
631680.0,2448.0386125140553
631700.0,2474.251943087297
631720.0,2475.0887833864203
631740.0,2446.8153263836607
631760.0,2382.838775497215
631780.0,2276.8053398122725
631800.0,2126.5040231160365
631820.0,1937.4134085366375
631840.0,1724.2965740146112
631860.0,1509.0429651262866
631880.0,1314.305670126171
631900.0,1156.5977999492036
631920.0,1043.6261613191655
631940.0,975.8402700197428
631960.0,949.8571048750703
631980.0,961.8231683930233
632000.0,1009.486452398863
632020.0,1092.423885346876
632040.0,1210.4890336338772
632060.0,1361.1286015909202
632080.0,1536.7868908474502
632100.0,1724.1504098315531
632120.0,1906.7679397022025
632140.0,2069.6672131133187
632160.0,2202.6292277996654
632180.0,2301.21957863202
632200.0,2366.24268206768
632220.0,2402.280640854976
632240.0,2416.0613356946824
632260.0,2415.0860096498277
632280.0,2406.5578670773957
632300.0,2396.548750786676
632320.0,2389.406692530625
632340.0,2387.3333990623114
632360.0,2390.1910972072283
632380.0,2395.9761037662583
632400.0,2402.3136680326697
632420.0,2407.916478994992
632440.0,2412.805561268038
632460.0,2417.5611212732574
632480.0,2422.288157047836
632500.0,2425.748308751977
632520.0,2424.9053857508397
632540.0,2414.901086109932
632560.0,2389.3270903061316
632580.0,2340.7859011677056
632600.0,2261.9037604400933
632620.0,2146.9284402178027
632640.0,1993.8297195837822
632660.0,1806.2590982164372
632680.0,1594.2495826945235
632700.0,1372.2355984798953
632720.0,1154.7531149321962
632740.0,953.3990155997238
632760.0,776.4672015584936
632780.0,630.0810506654132
632800.0,519.502588102114
632820.0,449.6784602317572
632840.0,424.57245061609717
632860.0,445.41107741273373
632880.0,508.6165102843148
632900.0,604.7484280730057
632920.0,719.5895750093047
632940.0,837.2909272447735
632960.0,944.104636450001
632980.0,1030.8878473218494
633000.0,1093.6467567818631
633020.0,1132.7034924579164
633040.0,1151.347093527464
633060.0,1154.473481395204
633080.0,1147.4256259277863
633100.0,1135.214828400175
633120.0,1122.0996738916258
633140.0,1111.3084269466074
633160.0,1104.8464312768035
633180.0,1103.4340500125234
633200.0,1106.5929774260735
633220.0,1112.9099068483347
633240.0,1120.4829181893138
633260.0,1127.4778880302667
633280.0,1132.6112475981645
633300.0,1135.377203051299
633320.0,1135.9896108792516
633340.0,1135.1341364944824
633360.0,1133.6515148097424
633380.0,1132.2846943522377
633400.0,1131.5439809028826
633420.0,1131.6646460268482
633440.0,1132.6304513391572
633460.0,1134.2478276406341
633480.0,1136.2631841765556
633500.0,1138.4914199580257
633520.0,1140.886908386772
633540.0,1143.5223630328178
633560.0,1146.5001680190821
633580.0,1149.8833255366021
633600.0,1153.681832862729
633620.0,1157.8731874372952
633640.0,1162.4331097926486
633660.0,1167.3590110495725
633680.0,1172.6750677097184
633700.0,1178.4138053833012
633720.0,1184.5751103334546
633740.0,1191.0699197019317
633760.0,1197.6625308223017
633780.0,1203.9319279031793
633800.0,1209.2773093303333
633820.0,1212.9938217117337
633840.0,1214.4385569466517
633860.0,1213.2915307705555
633880.0,1209.890324442988
633900.0,1205.5817232053341
633920.0,1202.9945391275717
633940.0,1206.105545756172
633960.0,1219.9610466858053
633980.0,1249.9499009248407
634000.0,1300.620190779496
634020.0,1374.2065277209158
634040.0,1469.2879391572892
634060.0,1580.276481305155
634080.0,1698.6271674866234
634100.0,1815.5093415026254
634120.0,1923.1883045448108
634140.0,2014.2500222309186
634160.0,2080.0181605441535
634180.0,2109.3835836017993
634200.0,2088.9456423536603
634220.0,2004.9607022018276
634240.0,1847.1193322592294
634260.0,1613.7029356902299
634280.0,1316.6814896194119
634300.0,983.9391069411304
634320.0,654.5864883150173
634340.0,366.3436659733342
634360.0,143.88778480602488
634380.0,-4.660787241534062
634400.0,-85.14396682226767
634420.0,-112.14542792916816
634440.0,-103.5663339249621
634460.0,-76.35637350003879
634480.0,-43.9092576548082
634500.0,-15.053543058801457
634520.0,5.745646072826725
634540.0,17.46162541832322
634560.0,21.30537692205462
634580.0,19.580491499656144
634600.0,14.787856570133851
634620.0,9.051518337196196
634640.0,3.848076286303571
634660.0,-0.029083206817814178
634680.0,-2.3572794270641406
634700.0,-3.3045067536381056
634720.0,-3.2435527328364926
634740.0,-2.5985290596178126
634760.0,-1.7406255032310138
634780.0,-0.9338335091268158
634800.0,-0.32174304370653967
634820.0,0.05735710387486871
634840.0,0.23951154877185993
634860.0,0.2939832183055325
