time_in_ms,pupilSize_clean
0.0,1725.055966007537
20.0,1719.1596956932076
40.0,1711.1739549558
60.0,1701.0202279585192
80.0,1688.813823144362
100.0,1674.928296806524
120.0,1660.0074638514275
140.0,1644.8731352395273
160.0,1630.3487906571092
180.0,1617.0553020244718
200.0,1605.2785207248826
220.0,1594.982501904998
240.0,1585.926449575906
260.0,1577.8008189949871
280.0,1570.3303237679709
300.0,1563.3418168013209
320.0,1556.808951829957
340.0,1550.862336642193
360.0,1545.7474173988826
380.0,1541.7440104251311
400.0,1539.0816582464843
420.0,1537.9046821156421
440.0,1538.2908043273524
460.0,1540.278369159827
480.0,1543.8897214570468
500.0,1549.1306000083578
520.0,1555.9529136139465
540.0,1564.2076639414122
560.0,1573.628131639299
580.0,1583.8719215194446
600.0,1594.5789381249335
620.0,1605.406932392913
640.0,1616.0291762691677
660.0,1626.1171827686553
680.0,1635.341163248623
700.0,1643.4117491696784
720.0,1650.134476061874
740.0,1655.4318733387129
760.0,1659.3545194546618
780.0,1662.1005176316144
800.0,1664.0056005203646
820.0,1665.4657807970675
840.0,1666.8337172326076
860.0,1668.339923255097
880.0,1670.0477903299288
900.0,1671.8405935240582
920.0,1673.467426800847
940.0,1674.6341785891186
960.0,1675.0749002201042
980.0,1674.570648929901
1000.0,1672.9322821776168
1020.0,1669.9714845670642
1040.0,1665.4993329527872
1060.0,1659.3979681960368
1080.0,1651.7718101846701
1100.0,1643.1166117949829
1120.0,1634.4258664248998
1140.0,1627.157013825878
1160.0,1622.9934734872284
1180.0,1623.3778545345635
1200.0,1628.873197886206
1220.0,1638.4475850438612
1240.0,1648.8045281839786
1260.0,1653.9812373655254
1280.0,1645.4975038379512
1300.0,1613.344066304572
1320.0,1548.0013392493167
1340.0,1443.408467802046
1360.0,1300.4405449158962
1380.0,1129.9354514965255
1400.0,953.6877210435814
1420.0,801.248577883719
1440.0,701.2125512006276
1460.0,671.544374926758
1480.0,715.4592551442795
1500.0,822.57852899164
1520.0,972.8091577177513
1540.0,1141.3064018515856
1560.0,1303.8170622244172
1580.0,1441.7666144862949
1600.0,1545.3035224662924
1620.0,1613.1502870336985
1640.0,1650.2928303524354
1660.0,1665.019789860636
1680.0,1666.2814905510627
1700.0,1661.8196018381902
1720.0,1657.183891561273
1740.0,1655.5140600691216
1760.0,1657.8543759095076
1780.0,1663.7680740209682
1800.0,1672.0450085729146
1820.0,1681.3409374936462
1840.0,1690.669853445046
1860.0,1699.7183834306447
1880.0,1708.9527011199002
1900.0,1719.4993866892485
1920.0,1732.7763110370802
1940.0,1749.883583211232
1960.0,1770.8141669537213
1980.0,1793.6163218493916
2000.0,1813.72535705769
2020.0,1823.7219184827445
2040.0,1813.8262543907517
2060.0,1773.3840581417753
2080.0,1693.417472104953
2100.0,1570.0060351286031
2120.0,1407.7717040227676
2140.0,1222.1558296350797
2160.0,1038.5457734255322
2180.0,886.1761721018726
2200.0,788.8050834878557
2220.0,758.953726113337
2240.0,797.3162265460603
2260.0,894.9102275873025
2280.0,1035.9971886134972
2300.0,1200.8566631190756
2320.0,1368.4267342008864
2340.0,1519.4210305078814
2360.0,1639.957188245115
2380.0,1723.8768328680228
2400.0,1772.3898098952327
2420.0,1791.8526331815215
2440.0,1791.044196811556
2460.0,1778.8489503597368
2480.0,1762.7267506293072
2500.0,1747.990868017626
2520.0,1737.7230439093623
2540.0,1733.074890662862
2560.0,1733.758575853936
2580.0,1738.5886851444677
2600.0,1745.9725674722104
2620.0,1754.2794207283368
2640.0,1762.0709157410943
2660.0,1768.2110353963617
2680.0,1771.8821763090746
2700.0,1772.5810780423835
2720.0,1770.1187104893518
2740.0,1764.5998771102481
2760.0,1756.3647197325506
2780.0,1745.9037008455289
2800.0,1733.7933927005847
2820.0,1720.6344323417557
2840.0,1706.9938648014788
2860.0,1693.363904151336
2880.0,1680.138785447242
2900.0,1667.6120517655236
2920.0,1655.9939481040467
2940.0,1645.4286381573106
2960.0,1636.0091691233279
2980.0,1627.7873285779804
3000.0,1620.7802606271368
3020.0,1614.9762599408543
3040.0,1610.3340529076597
3060.0,1606.7805422710674
3080.0,1604.2118632818267
3100.0,1602.5011824657377
3120.0,1601.5066348830183
3140.0,1601.0735161396146
3160.0,1601.0364484822062
3180.0,1601.227051204168
3200.0,1601.4966109675775
3220.0,1601.7389292867556
3240.0,1601.9021485390804
3260.0,1601.9864530675234
3280.0,1602.0396031874893
3300.0,1602.1690823065433
3320.0,1602.5763791334166
3340.0,1603.5700223045953
3360.0,1605.5315970667132
3380.0,1608.7923251542245
3400.0,1613.434633029106
3420.0,1619.1000709235682
3440.0,1624.8550700993383
3460.0,1629.137597451458
3480.0,1629.8106447035477
3500.0,1624.3859286157374
3520.0,1610.4303031633624
3540.0,1586.108113207319
3560.0,1550.733829012275
3580.0,1504.9654282817032
3600.0,1450.3210780392062
3620.0,1388.275207111475
3640.0,1319.5993444642
3660.0,1244.5896876429167
3680.0,1164.394173265954
3700.0,1082.7838180736296
3720.0,1007.232433336639
3740.0,948.1584588523647
3760.0,915.9142954386214
3780.0,917.6022215423327
3800.0,955.7011071828686
3820.0,1028.0267728546683
3840.0,1128.1800513056755
3860.0,1246.1632187733258
3880.0,1369.3805142070782
3900.0,1484.6221939081474
3920.0,1581.1563930527313
3940.0,1653.1970548709505
3960.0,1700.2247223206164
3980.0,1725.710771111253
4000.0,1735.275454675732
4020.0,1734.9994008907875
4040.0,1730.2451102445307
4060.0,1725.0285731426106
4080.0,1721.826580079991
4100.0,1721.722969847305
4120.0,1724.7612189847896
4140.0,1730.3459172868381
4160.0,1737.5960495106956
4180.0,1745.6208726182624
4200.0,1753.7123274113899
4220.0,1761.4388560339473
4240.0,1768.6196053702831
4260.0,1775.2138049482523
4280.0,1781.1752442530874
4300.0,1786.3325696574873
4320.0,1790.371003240189
4340.0,1792.885810528748
4360.0,1793.4508427773835
4380.0,1791.6887061166453
4400.0,1787.3618626525465
4420.0,1780.5153318126352
4440.0,1771.6164908156748
4460.0,1761.6254720952086
4480.0,1751.9726678090876
4500.0,1744.419587394436
4520.0,1740.7502276556668
4540.0,1742.2680856880925
4560.0,1749.1653556522983
4580.0,1759.8691641510075
4600.0,1770.4879665303372
4620.0,1774.5839098420656
4640.0,1763.5612293993113
4660.0,1727.875580032965
4680.0,1659.1529749214774
4700.0,1553.0547849070388
4720.0,1412.3491584378173
4740.0,1249.0997615537794
4760.0,1084.3287352373848
4780.0,943.3097089594481
4800.0,847.5065123428342
4820.0,809.0806530079061
4840.0,830.212487779488
4860.0,905.1096630590279
4880.0,1022.6717577397756
4900.0,1168.6956479149806
4920.0,1327.3524903188656
4940.0,1482.342013121327
4960.0,1618.409895133654
4980.0,1722.8907333730792
5000.0,1786.015546841631
5020.0,1800.288089800714
5040.0,1760.2276964805285
5060.0,1663.3418175262395
5080.0,1512.407782068331
5100.0,1318.3468201556987
5120.0,1102.133927280466
5140.0,893.3774800063951
5160.0,723.2764834902271
5180.0,614.8940995887812
5200.0,578.2698796556795
5220.0,611.3048505737441
5240.0,703.401726014995
5260.0,839.4690503267484
5280.0,1002.9843555075483
5300.0,1177.7466043095014
5320.0,1348.6522205062547
5340.0,1502.2727374060964
5360.0,1628.1191157754615
5380.0,1720.5755507537554
5400.0,1779.776106795415
5420.0,1810.5389678381011
5440.0,1820.3093467071394
5460.0,1817.0918596512395
5480.0,1807.889266967613
5500.0,1797.8402556094854
5520.0,1790.009191867867
5540.0,1785.6511504475843
5560.0,1784.7460057868295
5580.0,1786.6109923646338
5600.0,1790.4164814268188
5620.0,1795.4930143950455
5640.0,1801.4186527128197
5660.0,1807.9384703765186
5680.0,1814.7542762686596
5700.0,1821.2095897004444
5720.0,1825.9653666526058
5740.0,1826.7987575715804
5760.0,1820.616259381158
5780.0,1803.7812933725395
5800.0,1772.7894691240522
5820.0,1725.23425377022
5840.0,1660.8786816534416
5860.0,1582.4381282832933
5880.0,1495.4268189407392
5900.0,1406.5777697509359
5920.0,1321.9243065613853
5940.0,1246.1203324797093
5960.0,1182.8821168272984
5980.0,1135.8120788096714
6000.0,1108.965586021524
6020.0,1106.7241308610535
6040.0,1132.801123848133
6060.0,1188.5343642359549
6080.0,1271.0137585284913
6100.0,1372.0387335532303
6120.0,1479.218292859177
6140.0,1579.4951504270684
6160.0,1662.7432884064024
6180.0,1723.2397623710726
6200.0,1759.204079989811
6220.0,1771.5150537695313
6240.0,1762.4416675007178
6260.0,1734.8629873363425
6280.0,1692.0863262538728
6300.0,1638.0180582499547
6320.0,1577.1627185570508
6340.0,1514.1794203875238
6360.0,1453.5819882192404
6380.0,1399.9057325201466
6400.0,1358.0151713123869
6420.0,1333.151489948378
6440.0,1330.4293664505035
6460.0,1353.684596233541
6480.0,1403.848314113545
6500.0,1477.3758570109953
6520.0,1565.6641398126515
6540.0,1656.6579390763477
6560.0,1738.691648541661
6580.0,1803.93133785686
6600.0,1849.4581082898355
6620.0,1876.5232006545932
6640.0,1888.9937696407474
6660.0,1891.7206980105395
6680.0,1889.261825984869
6700.0,1885.1379245543371
6720.0,1881.6050968769855
6740.0,1879.7783574101838
6760.0,1879.935274103657
6780.0,1881.893371806335
6800.0,1885.3607314142766
6820.0,1890.1565136095555
6840.0,1896.2493994159286
6860.0,1903.6201093466425
6880.0,1912.0207947379536
6900.0,1920.7007593350893
6920.0,1928.1414473092475
6940.0,1931.8921631573867
6960.0,1928.6348258389476
6980.0,1914.5619054044596
7000.0,1886.0970818935941
7020.0,1840.9365492877303
7040.0,1779.2143703961542
7060.0,1704.3406935775079
7080.0,1622.9025608111967
7100.0,1543.4256405790907
7120.0,1474.9072498042954
7140.0,1425.6680508741354
7160.0,1402.2800164620649
7180.0,1408.3549184776546
7200.0,1443.278944041888
7220.0,1501.3843261031195
7240.0,1572.4934359888753
7260.0,1644.723856429022
7280.0,1708.296988608401
7300.0,1757.6533078671855
7320.0,1791.4828473405025
7340.0,1811.5438719838282
7360.0,1821.1069979687345
7380.0,1823.6321000989406
7400.0,1821.9745869971357
7420.0,1818.0485352804885
7440.0,1812.6372193673953
7460.0,1805.4239419174373
7480.0,1795.375986829587
7500.0,1781.4424854176038
7520.0,1763.4427404877092
7540.0,1742.8597509919873
7560.0,1723.1402264704861
7580.0,1709.0796111130373
7600.0,1704.8397092687187
7620.0,1710.9023841674139
7640.0,1722.0694987033871
7660.0,1728.5964767371588
7680.0,1720.2634649590614
7700.0,1690.6603404961884
7720.0,1639.568661210507
7740.0,1572.6924630059661
7760.0,1498.7168084842233
7780.0,1425.742425703338
7800.0,1359.493786460729
7820.0,1303.3605823082612
7840.0,1259.4516884058153
7860.0,1229.887932969906
7880.0,1217.7179669818022
7900.0,1227.0389427658688
7920.0,1262.139084766316
7940.0,1325.7643156461845
7960.0,1416.9588330280371
7980.0,1529.3393956078373
8000.0,1651.08527161741
8020.0,1767.7925593831355
8040.0,1867.109085895268
8060.0,1941.93576732664
8080.0,1990.938142879634
8100.0,2017.3189129253976
8120.0,2026.9258453514285
8140.0,2026.378996226891
8160.0,2021.601107186966
8180.0,2016.8885453405278
8200.0,2014.4777349735764
8220.0,2014.4591565776136
8240.0,2014.8547393322267
8260.0,2011.7578395652029
8280.0,1999.7427703318203
8300.0,1972.7999027176131
8320.0,1925.8196165985714
8340.0,1856.376738302723
8360.0,1766.33455179854
8380.0,1662.4579119289733
8400.0,1554.9995155503548
8420.0,1454.2960450598941
8440.0,1368.0081887643878
8460.0,1300.6106169506081
8480.0,1254.35076813047
8500.0,1230.5954265390133
8520.0,1230.7664266715653
8540.0,1256.4045000979556
8560.0,1308.263821339746
8580.0,1384.7265620296562
8600.0,1480.2347001497099
8620.0,1584.8391901345012
8640.0,1686.0208251559802
8660.0,1772.4428726926617
8680.0,1837.1647516879807
8700.0,1878.6005931334225
8720.0,1899.6012867674697
8740.0,1905.6644567079256
8760.0,1903.077335257068
8780.0,1897.4567437927356
8800.0,1892.8676300221573
8820.0,1891.530223826126
8840.0,1893.9883833703539
8860.0,1899.5494073028708
8880.0,1906.845484236635
8900.0,1914.3720556282817
8920.0,1920.882375537145
8940.0,1925.5772921623106
8960.0,1928.0902293982922
8980.0,1928.3578479559412
9000.0,1926.4689828967348
9020.0,1922.5563343558745
9040.0,1916.7699536911925
9060.0,1909.2941445749043
9080.0,1900.3806772950338
9100.0,1890.375589800299
9120.0,1879.6903313874307
9140.0,1868.7106076666234
9160.0,1857.714840582692
9180.0,1846.8392932843751
9200.0,1836.0804589411705
9220.0,1825.3678627758752
9240.0,1814.718417084548
9260.0,1804.3782797322242
9280.0,1794.8499833034894
9300.0,1786.7867707396522
9320.0,1780.7827305874173
9340.0,1777.0792209254355
9360.0,1775.2565826853945
9380.0,1773.9843544289154
9400.0,1770.9298368099335
9420.0,1762.9052124254272
9440.0,1746.3268497717079
9460.0,1718.0019224030318
9480.0,1676.1718309263429
9500.0,1621.5973067471627
9520.0,1558.2387547288313
9540.0,1493.0198523592048
9560.0,1434.595445987985
9580.0,1391.8266331117397
9600.0,1372.30780660551
9620.0,1380.8564519584581
9640.0,1418.0476085862178
9660.0,1479.2379618634734
9680.0,1554.9434750950772
9700.0,1633.3549221507988
9720.0,1703.7619848470663
9740.0,1758.5726457235032
9760.0,1793.6917141314982
9780.0,1808.0219213547116
9800.0,1802.7322669175132
9820.0,1780.6868225296955
9840.0,1746.132513156838
9860.0,1704.4084254484442
9880.0,1661.218897654505
9900.0,1621.378576849737
9920.0,1587.8912935610526
9940.0,1561.8337576869556
9960.0,1542.758814185156
9980.0,1529.2829117879232
10000.0,1519.6332826793985
10020.0,1512.03923633447
10040.0,1504.940768326014
10060.0,1497.0494600655825
10080.0,1487.3306885210811
10100.0,1474.9852752465351
10120.0,1459.4969449194748
10140.0,1440.7834297152483
10160.0,1419.4478164333632
10180.0,1397.0777778899687
10200.0,1376.4910734179455
10220.0,1361.7874036315961
10240.0,1358.055035865967
10260.0,1370.6146453835563
10280.0,1403.7818300084314
10300.0,1459.3078263216792
10320.0,1534.9168814654697
10340.0,1623.679850926936
10360.0,1715.198635458987
10380.0,1798.765458840273
10400.0,1866.5964606120983
10420.0,1915.2965839406017
10440.0,1945.5288711379628
10460.0,1960.7196615532398
10480.0,1965.5737986288318
10500.0,1964.8278151220682
10520.0,1962.4064387109145
10540.0,1960.9724695407808
10560.0,1961.8127879886113
10580.0,1964.9857329940364
10600.0,1969.608574249535
10620.0,1974.1991732061256
10640.0,1977.0471731567643
10660.0,1976.5851762645677
10680.0,1971.7124769124898
10700.0,1962.0018523150761
10720.0,1947.7796308871195
10740.0,1930.1155164136119
10760.0,1910.7219913674162
10780.0,1891.7491176836306
10800.0,1875.4422017069744
10820.0,1863.6217164450584
10840.0,1856.9793281490456
10860.0,1854.2833122286975
10880.0,1851.7054384465478
10900.0,1842.5244928250763
10920.0,1817.4367203445436
10940.0,1765.728656856819
10960.0,1677.5007723312642
10980.0,1546.8109641719673
11000.0,1375.2003519238583
11020.0,1174.5388779576608
11040.0,967.4375526256727
11060.0,782.9480193480156
11080.0,647.4200663231308
11100.0,576.782030313193
11120.0,574.665354312691
11140.0,634.481081537488
11160.0,742.8657653498337
11180.0,882.926620827469
11200.0,1036.6879917599213
11220.0,1186.9112875691917
11240.0,1318.9395155893542
11260.0,1422.9243495257554
11280.0,1495.3180107691342
11300.0,1538.4045187619652
11320.0,1558.3688266916004
11340.0,1562.999391045047
11360.0,1559.7767895386771
11380.0,1554.6917264112667
11400.0,1551.7647815889081
11420.0,1553.0933649436654
11440.0,1559.2211209183106
11460.0,1569.6246021109594
11480.0,1583.1683124264468
11500.0,1598.4687272247613
11520.0,1614.152034933695
11540.0,1629.022261456752
11560.0,1642.1470971401966
11580.0,1652.871525453101
11600.0,1660.8096513066678
11620.0,1665.8235931605145
11640.0,1667.9965302530513
11660.0,1667.643842857498
11680.0,1665.3751729634776
11700.0,1662.1599506672324
11720.0,1659.3578183811587
11740.0,1658.6566998579867
11760.0,1661.8444311367507
11780.0,1670.4106226506804
11800.0,1685.002239526598
11820.0,1704.773625270749
11840.0,1726.7014242333728
11860.0,1745.0490709052065
11880.0,1751.2573918891987
11900.0,1734.5798110184721
11920.0,1683.7197206709739
11940.0,1589.5766892132722
11960.0,1448.8576705600417
11980.0,1267.7615442558872
12000.0,1064.2522464634935
12020.0,866.7396096280179
12040.0,707.0253633290588
12060.0,609.880059517048
12080.0,586.9198643314446
12100.0,636.5966406351855
12120.0,747.4141477688175
12140.0,901.9259771827197
12160.0,1080.1946151402637
12180.0,1262.35385239713
12200.0,1430.6117379374823
12220.0,1571.3453137481965
12240.0,1677.1767437650553
12260.0,1747.4899664603277
12280.0,1786.9970156330116
12300.0,1803.4320205255287
12320.0,1805.3276961524437
12340.0,1800.349385127861
12360.0,1794.3437939828593
12380.0,1791.0182723318862
12400.0,1792.0789169750908
12420.0,1797.668346707605
12440.0,1806.9217514526813
12460.0,1818.5044847160639
12480.0,1831.0680208012268
12500.0,1843.5985704353166
12520.0,1855.638882176234
12540.0,1867.3379292330715
12560.0,1879.296212921421
12580.0,1892.205279512133
12600.0,1906.331843642487
12620.0,1920.9484161072025
12640.0,1933.7919210413784
12660.0,1940.6509726313816
12680.0,1935.3034823242501
12700.0,1910.0890708523107
12720.0,1857.314625092065
12740.0,1771.4289175325678
12760.0,1651.5769823905757
12780.0,1503.7910454387438
12800.0,1341.6399911421604
12820.0,1184.464802130667
12840.0,1054.0860562415364
12860.0,971.0146581603251
12880.0,950.3100167380966
12900.0,997.4270514134583
12920.0,1105.129301947463
12940.0,1253.501955022628
12960.0,1415.3426460870885
12980.0,1565.202450602663
13000.0,1686.0433768824594
13020.0,1771.0211276086059
13040.0,1821.868344577701
13060.0,1845.802696474527
13080.0,1852.2803652204395
13100.0,1850.3215419513326
13120.0,1846.7281697691585
13140.0,1845.2295049285235
13160.0,1846.387460583985
13180.0,1848.0463498929312
13200.0,1846.1583353032233
13220.0,1835.8559167854796
13240.0,1812.6770218002748
13260.0,1773.82057784406
13280.0,1719.1244370365362
13300.0,1651.29683013199
13320.0,1575.2842388435245
13340.0,1497.4969203662517
13360.0,1425.3188729417939
13380.0,1366.692315750006
13400.0,1329.4555492003346
13420.0,1320.2045230553688
13440.0,1342.666795566617
13460.0,1395.9168198465027
13480.0,1473.20122225792
13500.0,1562.5734904515289
13520.0,1650.1407665832598
13540.0,1724.4304331565381
13560.0,1779.0678625862179
13580.0,1812.962323920272
13600.0,1828.9983377634878
13620.0,1832.2478831502165
13640.0,1828.30241948585
13660.0,1822.0315329787786
13680.0,1816.871077760067
13700.0,1814.6192786210565
13720.0,1815.612057241949
13740.0,1819.0920067839565
13760.0,1823.6439785789612
13780.0,1827.5842127518238
13800.0,1829.2618678182484
13820.0,1827.3068498568166
13840.0,1820.832529778508
13860.0,1809.6131212944208
13880.0,1794.216018608855
13900.0,1775.9569006094794
13920.0,1756.5741937670457
13940.0,1737.8005624096647
13960.0,1721.0326726913129
13980.0,1707.1302831186754
14000.0,1696.3406781966537
14020.0,1688.3655350542108
14040.0,1682.5278038330332
14060.0,1677.9979502687722
14080.0,1674.0178387310782
14100.0,1670.0423790161726
14120.0,1665.7694173150715
14140.0,1661.0561421268314
14160.0,1655.7710848932904
14180.0,1649.6622206551172
14200.0,1642.2996804189038
14220.0,1633.1587997644804
14240.0,1621.818932685027
14260.0,1608.2361786819836
14280.0,1592.98835337155
14300.0,1577.3575344714716
14320.0,1563.1539931698555
14340.0,1552.1803224307027
14360.0,1545.3386737614699
14380.0,1541.7516851478715
14400.0,1538.2785491228492
14420.0,1529.5620136691148
14440.0,1508.6697580797277
14460.0,1468.4183122041054
14480.0,1403.3633037076497
14500.0,1312.1415237927426
14520.0,1199.4679495849691
14540.0,1076.772357657078
14560.0,960.3399603669046
14580.0,867.4205875644642
14600.0,812.7403777080276
14620.0,806.1330115261135
14640.0,850.7407420551908
14660.0,941.6426240118811
14680.0,1065.5139417024943
14700.0,1202.6310842667638
14720.0,1331.8283691630727
14740.0,1435.5685262567758
14760.0,1502.238632771212
14780.0,1526.0988742630377
14800.0,1506.3381326514923
14820.0,1446.3232709365816
14840.0,1353.473851647909
14860.0,1239.468890060382
14880.0,1119.8590126278116
14900.0,1011.7677060588743
14920.0,929.6294389521347
14940.0,882.1049739307689
14960.0,871.9176043262993
14980.0,897.3724647996294
15000.0,954.1507634093207
15020.0,1036.536735252223
15040.0,1137.7998382894395
15060.0,1249.9547020744606
15080.0,1363.5306208501138
15100.0,1468.268656691631
15120.0,1555.4035525796487
15140.0,1620.271875111361
15160.0,1663.1417063392723
15180.0,1688.2978735152926
15200.0,1702.3348144768897
15220.0,1712.266237783503
15240.0,1723.755459254577
15260.0,1739.652530731053
15280.0,1758.996325717846
15300.0,1776.6139323730408
15320.0,1783.4613392579558
15340.0,1767.8593968659625
15360.0,1717.7407861599283
15380.0,1623.8892275407784
15400.0,1483.7614128097962
15420.0,1304.899141525571
15440.0,1106.3026023547668
15460.0,915.5135724615162
15480.0,760.2891782435848
15500.0,659.8699687059764
15520.0,621.586749284688
15540.0,641.9464920616307
15560.0,709.6242077785649
15580.0,808.6161089893977
15600.0,920.723990766335
15620.0,1027.2855654084312
15640.0,1110.5620576804822
15660.0,1155.4042260363365
15680.0,1151.732033291571
15700.0,1097.9497138676836
15720.0,1004.0881488174002
15740.0,891.0103101168568
15760.0,783.4579444328043
15780.0,701.8789896626596
15800.0,658.6328300685708
15820.0,658.1871001058058
15840.0,699.1943898098358
15860.0,776.8182715216253
15880.0,884.3451995310363
15900.0,1013.7738192702188
15920.0,1155.6566926580115
15940.0,1298.946751305391
15960.0,1431.9037362530757
15980.0,1544.622253607979
16000.0,1631.7150678649655
16020.0,1693.0829510903902
16040.0,1732.7881254346685
16060.0,1757.0760037271696
16080.0,1772.352472714847
16100.0,1783.5898097098584
16120.0,1793.3982147325546
16140.0,1801.830864610738
16160.0,1806.8218431742448
16180.0,1804.916481492428
16200.0,1792.1579561803105
16220.0,1765.2397725128171
16240.0,1722.8151508427036
16260.0,1666.62954400041
16280.0,1601.946961384454
16300.0,1536.5403264405927
16320.0,1478.0888538153517
16340.0,1431.784809761267
16360.0,1399.5610997780352
16380.0,1380.5465619973206
16400.0,1372.0671285313601
16420.0,1370.711243992454
16440.0,1373.1838292432349
16460.0,1376.8401501581
16480.0,1379.9064275428686
16500.0,1381.45848533842
16520.0,1381.2524022803314
16540.0,1379.495079988197
16560.0,1376.6209785873784
16580.0,1373.114734778222
16600.0,1369.3952689441298
16620.0,1365.75916784281
16640.0,1362.3706585815514
16660.0,1359.281549187215
16680.0,1356.4653167648705
16700.0,1353.853061937984
16720.0,1351.3635612152473
16740.0,1348.9238804568467
16760.0,1346.4802546651777
16780.0,1344.0009544782088
16800.0,1341.4737420828417
16820.0,1338.9005454994033
16840.0,1336.291483910658
16860.0,1333.6596611762234
16880.0,1331.0174358824668
16900.0,1328.3743095756986
16920.0,1325.7362044071624
16940.0,1323.1057218591488
16960.0,1320.4829450751836
16980.0,1317.866414813429
17000.0,1315.2540218005443
17020.0,1312.6436763459835
17040.0,1310.0337142472688
17060.0,1307.423064874372
17080.0,1304.8112421054575
17100.0,1302.198227396086
17120.0,1299.5843055554926
17140.0,1296.969896772183
17160.0,1294.3554104300117
17180.0,1291.7411321666318
17200.0,1289.1271477226874
17220.0,1286.5133053731847
17240.0,1283.8992212760427
17260.0,1281.2843358455052
17280.0,1278.6680306048506
17300.0,1276.0498103544837
17320.0,1273.4295423165472
17340.0,1270.807721503701
17360.0,1268.1857021290737
17380.0,1265.5658043836752
17400.0,1262.951184350167
17420.0,1260.3453555578521
17440.0,1257.7512883385903
17460.0,1255.1700997872988
17480.0,1252.599486809889
17500.0,1250.03223701867
17520.0,1247.4553461505025
17540.0,1244.8504213489246
17560.0,1242.1960803046368
17580.0,1239.472878651821
17600.0,1236.6708333373174
17620.0,1233.7988199819363
17640.0,1230.8940494064784
17660.0,1228.0286328587651
17680.0,1225.3092317646249
17700.0,1222.8654015042168
17720.0,1220.8230148854082
17740.0,1219.2616011817192
17760.0,1218.1588694765026
17780.0,1217.3319755519087
17800.0,1216.3924393938912
17820.0,1214.7383688552875
17840.0,1211.611258431301
17860.0,1206.2419436435478
17880.0,1198.0981201642985
17900.0,1187.222018619372
17920.0,1174.6116035792002
17940.0,1162.5562298966329
17960.0,1154.7974928715496
17980.0,1156.3632921502208
18000.0,1172.9380252871413
18020.0,1209.7064453833166
18040.0,1269.7619325153503
18060.0,1352.4101982645748
18080.0,1452.0169155291192
18100.0,1558.3914064740713
18120.0,1659.57616039774
18140.0,1745.9354535688212
18160.0,1812.700242270132
18180.0,1860.0024757296505
18200.0,1891.306277460172
18220.0,1911.264695981803
18240.0,1923.7116952893953
18260.0,1930.2153402595377
18280.0,1929.4596906625272
18300.0,1917.5679508467529
18320.0,1889.347431326234
18340.0,1840.2374375923628
18360.0,1768.5132353956567
18380.0,1677.052557495647
18400.0,1573.7186540227078
18420.0,1469.591916156824
18440.0,1376.237813140081
18460.0,1304.0473441794197
18480.0,1261.6021771943801
18500.0,1255.2281637202832
18520.0,1288.1739533084594
18540.0,1359.3222765221242
18560.0,1461.9112649734163
18580.0,1583.3539643122585
18600.0,1707.5467287588733
18620.0,1819.4273421151606
18640.0,1908.6234807502628
18660.0,1970.165801771771
18680.0,2003.108195724036
18700.0,2008.4609453726812
18720.0,1987.453215523158
18740.0,1940.6939322077008
18760.0,1868.3653989714144
18780.0,1771.1889247998995
18800.0,1651.4932072218555
18820.0,1513.4914785077
18840.0,1362.752393340073
18860.0,1206.020017320728
18880.0,1051.70324896505
18900.0,910.5404567435933
18920.0,795.7931739065674
18940.0,722.3708024844964
18960.0,704.5109448696728
18980.0,752.0731596733283
19000.0,866.1683569020895
19020.0,1035.7251886399754
19040.0,1237.5659390202418
19060.0,1442.2421159523997
19080.0,1623.114490110553
19100.0,1763.012427290947
19120.0,1856.0934795085166
19140.0,1905.983626296873
19160.0,1922.2507099148086
19180.0,1916.7719649988
19200.0,1900.848562272656
19220.0,1883.3938117264574
19240.0,1870.1725782459112
19260.0,1863.8501765963695
19280.0,1864.534732510942
19300.0,1870.5649564811804
19320.0,1879.3573401338476
19340.0,1888.1394815161852
19360.0,1894.4848761789897
19380.0,1896.6286693842067
19400.0,1893.6073738924206
19420.0,1885.3123885980672
19440.0,1872.4874089389991
19460.0,1856.637115490692
19480.0,1839.8571599774764
19500.0,1824.5943032347895
19520.0,1813.3393276284726
19540.0,1808.2270819965063
19560.0,1810.5116573517546
19580.0,1819.9444361150286
19600.0,1834.163160278562
19620.0,1848.288171205551
19640.0,1854.9813410997272
19660.0,1845.2139425690275
19680.0,1809.7784297546466
19700.0,1741.4008132241336
19720.0,1637.3270053747324
19740.0,1501.931723531309
19760.0,1348.253904376286
19780.0,1196.9643728779386
19800.0,1072.2599508274648
19820.0,996.4202692009151
19840.0,984.488043666511
19860.0,1039.8123453569858
19880.0,1151.776703347691
19900.0,1297.912898546719
19920.0,1451.6166557496017
19940.0,1591.1117120117856
19960.0,1704.0584419085321
19980.0,1787.4327908108203
20000.0,1844.6408483189807
20020.0,1881.6372434640775
20040.0,1903.2712341756876
20060.0,1910.677095590483
20080.0,1900.2203058994542
20100.0,1864.2482399807748
20120.0,1793.6289059398077
20140.0,1681.712085978991
20160.0,1528.890277112484
20180.0,1346.3943016234186
20200.0,1157.3435261882503
20220.0,992.565547187363
20240.0,880.9336212663331
20260.0,840.7114191962319
20280.0,876.7099572344132
20300.0,981.54971245302
20320.0,1138.6140578973545
20340.0,1325.4020780645935
20360.0,1517.0608029742948
20380.0,1690.53955687601
20400.0,1828.837954695345
20420.0,1922.938157993854
20440.0,1970.8343531815221
20460.0,1975.269603090924
20480.0,1941.6434661307435
20500.0,1876.8466548552478
20520.0,1789.0185179977343
20540.0,1687.6293037224405
20560.0,1582.944620644572
20580.0,1484.5205444665457
20600.0,1400.1529498034638
20620.0,1336.0236966710725
20640.0,1297.3200713341434
20660.0,1288.5294485054374
20680.0,1312.9275056723438
20700.0,1371.1859374157666
20720.0,1459.5035870955155
20740.0,1568.189739897069
20760.0,1682.0932259550755
20780.0,1783.795775872788
20800.0,1858.0052437538507
20820.0,1894.543218361045
20840.0,1889.414146080319
20860.0,1844.753758291644
20880.0,1768.2138510420045
20900.0,1671.697649610561
20920.0,1568.9924349985663
20940.0,1472.9351929772363
20960.0,1393.8720743862311
20980.0,1339.5379381706693
21000.0,1315.4343158200595
21020.0,1324.9336669664613
21040.0,1368.7270447872272
21060.0,1443.7116423700427
21080.0,1541.9462255898222
21100.0,1650.8258690932992
21120.0,1755.6731946832836
21140.0,1844.0219048106023
21160.0,1908.7289018355355
21180.0,1948.5264416843406
21200.0,1966.7460142299956
21220.0,1969.323289859893
21240.0,1962.8537554004808
21260.0,1953.120624758083
21280.0,1944.2595845498793
21300.0,1938.551691995137
21320.0,1936.673874844329
21340.0,1938.2332669718392
21360.0,1942.4120853682678
21380.0,1948.5419549411267
21400.0,1956.4509352169614
21420.0,1966.4915548134636
21440.0,1979.2457813062551
21460.0,1994.9470529581479
21480.0,2012.7241747337325
21500.0,2029.8174433180398
21520.0,2041.0116359806846
21540.0,2038.576734634837
21560.0,2012.9807648144713
21580.0,1954.524536973564
21600.0,1855.8516121592213
21620.0,1714.9602364558275
21640.0,1537.862755185231
21660.0,1339.4066621880477
21680.0,1140.9342898465598
21700.0,966.1409874550116
21720.0,837.5231207678489
21740.0,773.3863589760073
21760.0,784.732249814508
21780.0,872.0113421280457
21800.0,1022.7422209976154
21820.0,1212.1408263543103
21840.0,1409.0429278472825
21860.0,1585.2051223637168
21880.0,1722.2356716092272
21900.0,1813.4848487139886
21920.0,1862.0931239225126
21940.0,1877.3520000907786
21960.0,1870.9569778814596
21980.0,1854.068550559735
22000.0,1835.4915512588527
22020.0,1820.9239641768418
22040.0,1813.0449568720742
22060.0,1812.1190216182936
22080.0,1816.8115222904967
22100.0,1825.0087989641165
22120.0,1834.5074110416886
22140.0,1843.4658301663007
22160.0,1850.613299672142
22180.0,1855.2735082706836
22200.0,1857.264629427052
22220.0,1856.7362899869731
22240.0,1853.9864859315876
22260.0,1849.2790616072562
22280.0,1842.7271036482882
22300.0,1834.2848547841495
22320.0,1823.8531417082481
22340.0,1811.448724005828
22360.0,1797.3437658127873
22380.0,1782.1263187393367
22400.0,1766.6500675327293
22420.0,1751.8898557853722
22440.0,1738.779417648433
22460.0,1728.0701619276915
22480.0,1720.2294386247013
22500.0,1715.4190508613992
22520.0,1713.5793209513395
22540.0,1714.5984728242197
22560.0,1718.5147397758963
22580.0,1725.642967372331
22600.0,1736.5391397011401
22620.0,1751.7802876947176
22640.0,1771.5268697077997
22660.0,1794.8620654459257
22680.0,1819.0293227504062
22700.0,1838.8160424241796
22720.0,1846.3835087300972
22740.0,1831.864357864474
22760.0,1784.9858816113635
22780.0,1697.7616725522676
22800.0,1567.9256490869745
22820.0,1402.2836700563694
22840.0,1218.5024087873478
22860.0,1043.2305694787642
22880.0,904.8198756336458
22900.0,824.1203069285746
22920.0,810.0597074134962
22940.0,860.3373849611022
22960.0,964.5012962604551
22980.0,1107.373290877918
23000.0,1271.7903789921834
23020.0,1440.4806766588952
23040.0,1597.5078360309692
23060.0,1729.9529497582923
23080.0,1829.6619531350636
23100.0,1893.6498520662492
23120.0,1922.9490971678847
23140.0,1920.9693617728328
23160.0,1892.2330568599432
23180.0,1841.8406660154178
23200.0,1775.529725163163
23220.0,1699.8145260485858
23240.0,1621.405560579045
23260.0,1545.7306311075306
23280.0,1475.942407058405
23300.0,1413.1924642101678
23320.0,1357.722821264761
23340.0,1310.1848597715584
23360.0,1272.7008930950544
23380.0,1249.302873169135
23400.0,1245.5167844071716
23420.0,1267.031382155431
23440.0,1317.623435806226
23460.0,1396.8289262531207
23480.0,1498.250205562982
23500.0,1609.805588081146
23520.0,1716.9756395250483
23540.0,1807.7101472123436
23560.0,1875.6739981292726
23580.0,1920.5719453752677
23600.0,1946.591244633141
23620.0,1960.1615045457625
23640.0,1967.8050600951876
23660.0,1974.4718942380666
23680.0,1982.5187544802764
23700.0,1991.3477531819037
23720.0,1997.6600469048365
23740.0,1996.2345449485467
23760.0,1981.1445980382937
23780.0,1947.280468790961
23800.0,1891.9506543004159
23820.0,1816.1453028191252
23840.0,1724.7709482604182
23860.0,1625.3715306292704
23880.0,1526.4173317819857
23900.0,1436.4420188062136
23920.0,1363.8292057483927
23940.0,1316.616220458073
23960.0,1301.8088858737863
23980.0,1323.9800110607935
24000.0,1383.3301362034313
24020.0,1473.9023210157204
24040.0,1583.2156333574417
24060.0,1694.8367600485149
24080.0,1793.5547003970823
24100.0,1869.674013890369
24120.0,1920.1874635170166
24140.0,1947.582201258097
24160.0,1957.6535409589098
24180.0,1957.2652137975806
24200.0,1952.592661678152
24220.0,1948.0908435779197
24240.0,1946.2119825515852
24260.0,1947.734207899181
24280.0,1952.3486860237288
24300.0,1959.1595081843411
24320.0,1967.0146726633047
24340.0,1974.7054382193758
24360.0,1981.0882773702608
24380.0,1985.1745383631496
24400.0,1986.2358374593173
24420.0,1983.9574828516397
24440.0,1978.5814165603229
24460.0,1970.9085713103782
24480.0,1962.042530019491
24500.0,1953.0310669319829
24520.0,1944.6169722834347
24540.0,1937.149125779108
24560.0,1930.6111286064292
24580.0,1924.7161916915306
24600.0,1919.051656252314
24620.0,1913.2364876268439
24640.0,1907.0552503091308
24660.0,1900.5075402260713
24680.0,1893.7674995163386
24700.0,1887.1263551355216
24720.0,1880.9364004670235
24740.0,1875.5429860032807
24760.0,1871.1996069467946
24780.0,1867.9990907825602
24800.0,1865.848862889093
24820.0,1864.5167191318365
24840.0,1863.690793536111
24860.0,1863.0405116218978
24880.0,1862.279588997592
24900.0,1861.209863510645
24920.0,1859.752303244936
24940.0,1857.9587867090754
24960.0,1855.999263810092
24980.0,1854.1227160952778
25000.0,1852.5962410189707
25020.0,1851.6594107662193
25040.0,1851.507781865093
25060.0,1852.283607609909
25080.0,1854.0616373594512
25100.0,1856.84088577088
25120.0,1860.5696411478377
25140.0,1865.178229254868
25160.0,1870.6223071159304
25180.0,1876.9036171921248
25200.0,1884.0397590889431
25220.0,1892.0047875512191
25240.0,1900.6798518635721
25260.0,1909.8293309767637
25280.0,1919.1083359328204
25300.0,1928.1135382051991
25320.0,1936.4469759737633
25340.0,1943.7790967677167
25360.0,1949.9173282922718
25380.0,1954.8758327287105
25400.0,1958.922832605728
25420.0,1962.576253520777
25440.0,1966.5321784018204
25460.0,1971.5480338946338
25480.0,1978.2845451246933
25500.0,1987.0411333218522
25520.0,1997.3911451398835
25540.0,2007.805676558998
25560.0,2015.3971166585907
25580.0,2015.9191282762258
25600.0,2004.1475591048688
25620.0,1974.7833683132308
25640.0,1923.8971216905204
25660.0,1850.6889683061133
25680.0,1759.0786076521592
25700.0,1658.33423123363
25720.0,1561.8624253732141
25740.0,1484.426646004842
25760.0,1439.248568922369
25780.0,1435.429077255849
25800.0,1475.6518070674078
25820.0,1554.5691820196066
25840.0,1658.9049825161874
25860.0,1770.633006976133
25880.0,1872.6717794450228
25900.0,1953.4448496065168
25920.0,2008.232878878615
25940.0,2038.1636541864493
25960.0,2048.1686189203656
25980.0,2044.820494016639
26000.0,2034.5832181727158
26020.0,2022.6966240042705
26040.0,2012.6800529331042
26060.0,2006.3249836091295
26080.0,2004.0188140818805
26100.0,2005.2232863594738
26120.0,2008.93136521589
26140.0,2013.9996424738918
26160.0,2019.3569961920916
26180.0,2024.1186379663475
26200.0,2027.6425558371564
26220.0,2029.541837376349
26240.0,2029.6673075016965
26260.0,2028.068268930645
26280.0,2024.9392431645915
26300.0,2020.548613845994
26320.0,2015.1606894957363
26340.0,2008.9795189643264
26360.0,2002.1256279910162
26380.0,1994.633226037399
26400.0,1986.461377794079
26420.0,1977.5411811387926
26440.0,1967.8439582766744
26460.0,1957.4232122802955
26480.0,1946.4133954761153
26500.0,1935.042721210692
26520.0,1923.6666912808923
26540.0,1912.7748443878718
26560.0,1902.9729517710002
26580.0,1894.9139257889851
26600.0,1889.1952130010982
26620.0,1886.275508904073
26640.0,1886.4047301933701
26660.0,1889.552142553553
26680.0,1895.3608054559395
26700.0,1903.1497295267516
26720.0,1911.943207699394
26740.0,1920.5432915984595
26760.0,1927.6732357494845
26780.0,1932.1810919327895
26800.0,1933.2711019582744
26820.0,1930.7012561085855
26840.0,1924.8956694016804
26860.0,1916.9674361018078
26880.0,1908.637572006422
26900.0,1901.9948296376456
26920.0,1899.10627275441
26940.0,1901.5403244354857
26960.0,1909.8230173078039
26980.0,1922.8339816595949
27000.0,1937.2065621660618
27020.0,1946.9162157676099
27040.0,1943.3232785455343
27060.0,1915.958246461457
27080.0,1854.268209784941
27100.0,1750.278976096513
27120.0,1601.7207886507351
27140.0,1414.6444838182845
27160.0,1204.0866388043823
27180.0,992.150415773481
27200.0,804.9344009138055
27220.0,669.1428323530492
27240.0,608.0253652498493
27260.0,636.507058153102
27280.0,756.1826135838436
27300.0,952.0172332507143
27320.0,1193.7506355628975
27340.0,1443.8312448252368
27360.0,1667.882131387202
27380.0,1841.2271725811224
27400.0,1949.836297105093
27420.0,1988.0631239581169
27440.0,1955.9065805637085
27460.0,1857.4579888810458
27480.0,1701.113632684514
27500.0,1501.0943280189256
27520.0,1278.7363471177787
27540.0,1061.09773402555
27560.0,874.7102463845386
27580.0,737.5402358441962
27600.0,655.5304571264271
27620.0,624.0644353600819
27640.0,631.8459259255553
27660.0,665.246441809024
27680.0,711.9611827429862
27700.0,763.4378340606015
27720.0,815.961715542382
27740.0,870.511037429195
27760.0,931.5926649343679
27780.0,1005.3048803752181
27800.0,1096.920759733375
27820.0,1208.397758838397
27840.0,1336.4196769035664
27860.0,1471.8510452306639
27880.0,1601.648665888879
27900.0,1713.2012531950531
27920.0,1798.4812588038972
27940.0,1855.4852540215793
27960.0,1887.2170302651095
27980.0,1899.6370523923883
28000.0,1899.5861277616423
28020.0,1893.1967388830478
28040.0,1884.98495425201
28060.0,1877.5998551050993
28080.0,1872.0768478536243
28100.0,1868.381958136904
28120.0,1866.020275297208
28140.0,1864.518222689633
28160.0,1863.5752650998377
28180.0,1862.8533245276988
28200.0,1861.8043257779987
28220.0,1859.8401657354157
28240.0,1856.656286774484
28260.0,1852.3877490147593
28280.0,1847.486272255965
28300.0,1842.4241700971932
28320.0,1837.4608406516659
28340.0,1832.640708105751
28360.0,1827.898910744414
28380.0,1823.142230702093
28400.0,1818.2937371398716
28420.0,1813.3105760238018
28440.0,1808.1844450031926
28460.0,1802.932946886564
28480.0,1797.5879812933497
28500.0,1792.1851313631862
28520.0,1786.7560367714425
28540.0,1781.324250427699
28560.0,1775.9041256876146
28580.0,1770.501824207598
28600.0,1765.117453529525
28620.0,1759.7474982476954
28640.0,1754.3869715645578
28660.0,1749.0309886592943
28680.0,1743.6756899548666
28700.0,1738.3185949628146
28720.0,1732.958544904433
28740.0,1727.5954089746767
28760.0,1722.2297055136582
28780.0,1716.8622458477753
28800.0,1711.4938614022453
28820.0,1706.1252344410939
28840.0,1700.756824526647
28860.0,1695.3888672544738
28880.0,1690.021416997377
28900.0,1684.6544079814507
28920.0,1679.287714583661
28940.0,1673.9211994335878
28960.0,1668.554744779754
28980.0,1663.1882676272767
29000.0,1657.8217221107584
29020.0,1652.4550936843164
29040.0,1647.0883894993046
29060.0,1641.7216283644127
29080.0,1636.35483243301
29100.0,1630.9880215878732
29120.0,1625.6212105875425
29140.0,1620.25440846737
29160.0,1614.887619427294
29180.0,1609.5208444123887
29200.0,1604.1540827152196
29220.0,1598.7873331277021
29240.0,1593.420594389247
29260.0,1588.0538648911938
29280.0,1582.6871417926548
29300.0,1577.3204198763765
29320.0,1571.9536906178714
29340.0,1566.5869420342535
29360.0,1561.2201598847416
29380.0,1555.8533306624577
29400.0,1550.4864464958887
29420.0,1545.1195115395421
29440.0,1539.7525486967827
29460.0,1534.3856046798526
29480.0,1529.0187506685506
29500.0,1523.652075476682
29520.0,1518.285668538545
29540.0,1512.9195915527175
29560.0,1507.553840509224
29580.0,1502.1883040423231
29600.0,1496.822729109266
29620.0,1491.4567098179364
29640.0,1486.089718111518
29660.0,1480.7211937743782
29680.0,1475.3507035520936
29700.0,1469.9781633522275
29720.0,1464.6040932733836
29740.0,1459.2298449035877
29760.0,1453.8577097061675
29780.0,1448.490796011538
29800.0,1443.1325630892259
29820.0,1437.7859382154825
29840.0,1432.4520283620793
29860.0,1427.1285760730339
29880.0,1421.808489030689
29900.0,1416.4789643130682
29920.0,1411.1218774095744
29940.0,1405.7161370803294
29960.0,1400.2425331037698
29980.0,1394.691146983745
30000.0,1389.070618069109
30020.0,1383.4175000925575
30040.0,1377.802763404788
30060.0,1372.3314960699631
30080.0,1367.1314714069792
30100.0,1362.3270082663103
30120.0,1357.996958581312
30140.0,1354.1200206784542
30160.0,1350.5167759633357
30180.0,1346.8050953591935
30200.0,1342.392230378334
30220.0,1336.5304944393358
30240.0,1328.4608308720026
30260.0,1317.6566149984583
30280.0,1304.156606684305
30300.0,1288.9412825033585
30320.0,1274.2649488924328
30340.0,1263.8163727015694
30360.0,1262.5581839571028
30380.0,1276.1098700583111
30400.0,1309.6126365971659
30420.0,1366.1654615058528
30440.0,1445.1588130414068
30460.0,1541.146175463295
30480.0,1644.2241861332272
30500.0,1742.7215238115539
30520.0,1827.1159174145087
30540.0,1892.4354063031283
30560.0,1938.0991693622698
30580.0,1966.1533120306576
30600.0,1979.0953755547603
30620.0,1978.1605522607902
30640.0,1962.5500067759422
30660.0,1929.7624671762321
30680.0,1876.939964155982
30700.0,1802.883056509405
30720.0,1710.136771800994
30740.0,1606.241723375107
30760.0,1502.9822326784301
30780.0,1413.2529543488065
30800.0,1347.8435790501856
30820.0,1314.0009279529145
30840.0,1315.1648537098986
30860.0,1350.9754881506033
30880.0,1417.1211471533682
30900.0,1505.1458694822954
30920.0,1602.8776202422653
30940.0,1696.4777021864024
30960.0,1774.01735188932
30980.0,1828.1055376023985
31000.0,1856.2511715865144
31020.0,1859.8413601199136
31040.0,1842.748498881075
31060.0,1810.1982342477513
31080.0,1768.095010028686
31100.0,1722.5912427819098
31120.0,1679.47611321885
31140.0,1643.2632872095323
31160.0,1616.4288015815214
31180.0,1599.2607369744483
31200.0,1590.3136225456535
31220.0,1587.114904462521
31240.0,1586.8863443620835
31260.0,1587.105722816813
31280.0,1585.8427264291436
31300.0,1581.8852373122434
31320.0,1574.7117763120411
31340.0,1564.3873390284423
31360.0,1551.3920830515806
31380.0,1536.483512026248
31400.0,1520.6005873151287
31420.0,1504.6943826889456
31440.0,1489.4665581403713
31460.0,1475.2326877372109
31480.0,1461.987358487811
31500.0,1449.5705451538754
31520.0,1437.8559916663326
31540.0,1426.9137180326352
31560.0,1417.1204296928388
31580.0,1409.1518170760387
31600.0,1403.826497771367
31620.0,1401.806442479606
31640.0,1403.1939713587058
31660.0,1407.0628300965514
31680.0,1411.018512336948
31700.0,1410.9734692474074
31720.0,1401.3236098465532
31740.0,1375.6416846691611
31760.0,1327.9094764085467
31780.0,1254.190187309184
31800.0,1154.3245724292165
31820.0,1032.8951802657336
31840.0,898.7584902716533
31860.0,763.7909751357665
31880.0,641.8985075146799
31900.0,548.0956879977969
31920.0,497.0624695859727
31940.0,500.78338527977485
31960.0,565.3267957211822
31980.0,687.5010678641773
32000.0,852.981762977068
32020.0,1038.2421467347472
32040.0,1217.3012468068437
32060.0,1369.6011332516262
32080.0,1484.2426441795512
32100.0,1559.8824495019753
32120.0,1602.1252687522772
32140.0,1620.1778807735018
32160.0,1623.886139390027
32180.0,1621.6823690976091
32200.0,1619.5459452448672
32220.0,1620.8510203376377
32240.0,1626.8157957410945
32260.0,1637.165761861069
32280.0,1650.756368672126
32300.0,1666.0663003573186
32320.0,1681.5532072603564
32340.0,1695.899509602174
32360.0,1708.1852223636165
32380.0,1718.0227634642215
32400.0,1725.6438996667464
32420.0,1731.903283034738
32440.0,1738.1690672901848
32460.0,1746.0674904562966
32480.0,1757.0390656850643
32500.0,1771.6964242367321
32520.0,1789.0545000718503
32540.0,1805.7516398682608
32560.0,1815.541744520077
32580.0,1809.4360517122557
32600.0,1776.7859159391428
32620.0,1707.4526097423925
32640.0,1594.9641454140992
32660.0,1440.167382618442
32680.0,1254.329972083481
32700.0,1059.9794055172038
32720.0,887.1876183257839
32740.0,764.5130134154275
32760.0,710.2030629629559
32780.0,729.1058956677872
32800.0,814.0183055908731
32820.0,948.9316778329239
32840.0,1112.6710598101497
32860.0,1282.452229042832
32880.0,1437.6279272482655
32900.0,1563.624269239854
32920.0,1654.207098533279
32940.0,1710.7531612602077
32960.0,1739.660774548104
32980.0,1749.4282345445197
33000.0,1748.36808548232
33020.0,1743.2812392579358
33040.0,1738.931118426142
33060.0,1738.059885333998
33080.0,1741.7304360728965
33100.0,1749.816349497655
33120.0,1761.5058065603848
33140.0,1775.7505077893322
33160.0,1791.6108270902464
33180.0,1808.4558234553206
33200.0,1825.984270357168
33220.0,1844.075713184747
33240.0,1862.5309241611817
33260.0,1880.7730515073356
33280.0,1897.5808029110224
33300.0,1910.9476909554883
33320.0,1918.1844287429103
33340.0,1916.3095395505359
33360.0,1902.7037297211336
33380.0,1875.9457901921382
33400.0,1836.6237563135478
33420.0,1787.7583380435055
33440.0,1734.4391512473856
33460.0,1682.679230861452
33480.0,1637.7730388774303
33500.0,1602.939574970555
33520.0,1578.9912919848082
33540.0,1564.8009653814643
33560.0,1558.0901327092026
33580.0,1556.2078748661743
33600.0,1556.721503968221
33620.0,1557.759953492887
33640.0,1558.1295091209397
33660.0,1557.262491005454
33680.0,1555.0707386793367
33700.0,1551.7675113166576
33720.0,1547.7034156811246
33740.0,1543.2418232436398
33760.0,1538.6818592917614
33780.0,1534.2248185758606
33800.0,1529.9731843857548
33820.0,1525.9494412138304
33840.0,1522.123129361694
33860.0,1518.4375788983027
33880.0,1514.8312226972002
33900.0,1511.251468021035
33920.0,1507.6613581241256
33940.0,1504.040570207834
33960.0,1500.382789226374
33980.0,1496.6913977709023
34000.0,1492.9749842518117
34020.0,1489.2436140771492
34040.0,1485.506287273399
34060.0,1481.7696081509362
34080.0,1478.0374468613277
34100.0,1474.3112667755704
34120.0,1470.5907909121674
34140.0,1466.874743743588
34160.0,1463.1614941497658
34180.0,1459.4495132829247
34200.0,1455.7376311382586
34220.0,1452.0251211971306
34240.0,1448.311664451631
34260.0,1444.597247521327
34280.0,1440.8820411035713
34300.0,1437.1662909637246
34320.0,1433.4502389240126
34340.0,1429.7340788738368
34360.0,1426.0179440321976
34380.0,1422.3019166241115
34400.0,1418.5860491423389
34420.0,1414.870386565205
34440.0,1411.1549805128034
34460.0,1407.439888875028
34480.0,1403.7251577795532
34500.0,1400.010786933643
34520.0,1396.296684400333
34540.0,1392.582622499883
34560.0,1388.8682119680323
34580.0,1385.1529152794005
34600.0,1381.4361200405613
34620.0,1377.7172871260839
34640.0,1373.996173621862
34660.0,1370.2731067513964
34680.0,1366.5492532804637
34700.0,1362.8267944113409
34720.0,1359.1088880747511
34740.0,1355.3992919702316
34760.0,1351.7015472003582
34780.0,1348.0176982721703
34800.0,1344.3466584868463
34820.0,1340.6825149198316
34840.0,1337.0132787057323
34860.0,1333.320773397904
34880.0,1329.58244069239
34900.0,1325.775735363223
34920.0,1321.8853878017974
34940.0,1317.9130729275676
34960.0,1313.8879503493745
34980.0,1309.8752597590278
35000.0,1305.9789446799587
35020.0,1302.333572557596
35040.0,1299.0811777569857
35060.0,1296.3306573597815
35080.0,1294.1014305041215
35100.0,1292.2592797309362
35120.0,1290.4600283417308
35140.0,1288.1244950311752
35160.0,1284.47355825225
35180.0,1278.6518967010104
35200.0,1269.9595011908386
35220.0,1258.188511803799
35240.0,1244.0285325795217
35260.0,1229.459251044077
35280.0,1218.0031651614827
35300.0,1214.6779305965679
35320.0,1225.4875401066076
35340.0,1256.3479134912802
35360.0,1311.4777665455035
35380.0,1391.5134608930398
35400.0,1491.9233229673916
35420.0,1602.6721333435282
35440.0,1710.302556217343
35460.0,1802.3232553681578
35480.0,1871.000840903703
35500.0,1914.4382978686149
35520.0,1935.5714540778852
35540.0,1940.2355165006597
35560.0,1935.1341671250684
35580.0,1926.242646248285
35600.0,1917.877085013226
35620.0,1912.4292246708978
35640.0,1910.5975712249085
35660.0,1911.8674561787095
35680.0,1915.0459238991298
35700.0,1918.7601717341265
35720.0,1921.8932730873469
35740.0,1923.959512624558
35760.0,1925.2670048675482
35780.0,1926.6019761104303
35800.0,1928.5948104760125
35820.0,1931.0584936406947
35840.0,1932.430881971315
35860.0,1929.5003068232804
35880.0,1917.5455094231334
35900.0,1891.0099475928484
35920.0,1844.7999578116992
35940.0,1776.0433736408274
35960.0,1685.8751334668145
35980.0,1580.538029236291
36000.0,1470.7751065304121
36020.0,1368.9307487046913
36040.0,1285.7390344250166
36060.0,1228.9883908368477
36080.0,1203.6028144845147
36100.0,1212.0574287868683
36120.0,1254.4206681850756
36140.0,1327.8117301684529
36160.0,1425.5984519255753
36180.0,1537.1949068193894
36200.0,1649.6750076059889
36220.0,1751.3814017522498
36240.0,1834.99148635547
36260.0,1898.1121366163025
36280.0,1942.0307651052779
36300.0,1969.7143691793724
36320.0,1983.8857911247892
36340.0,1985.7073607940824
36360.0,1974.3435470643649
36380.0,1947.4754364733333
36400.0,1902.6031536841408
36420.0,1838.74794587274
36440.0,1757.9334942843234
36460.0,1665.5785275645176
36480.0,1569.0347432001217
36500.0,1475.2906553849398
36520.0,1389.8833237276801
36540.0,1317.1496499318762
36560.0,1261.0405808073006
36580.0,1225.7860386310745
36600.0,1215.9012411513359
36620.0,1235.2946093993148
36640.0,1285.5753003786938
36660.0,1364.0655013312185
36680.0,1462.4857540546532
36700.0,1567.7107126089873
36720.0,1665.4796405250345
36740.0,1744.9915845913135
36760.0,1801.166636566511
36780.0,1834.3306145045758
36800.0,1848.560591859413
36820.0,1849.7113411491973
36840.0,1843.7421203228853
36860.0,1835.633625353034
36880.0,1828.9242501183057
36900.0,1825.679422534717
36920.0,1826.7094896909246
36940.0,1831.8888679757201
36960.0,1840.4591063390394
36980.0,1851.2676152560866
37000.0,1862.9371007995367
37020.0,1873.9936137378616
37040.0,1883.001484591087
37060.0,1888.7496096735963
37080.0,1890.4799763846029
37100.0,1888.1006105604574
37120.0,1882.3111306520718
37140.0,1874.6282504632559
37160.0,1867.289613750539
37180.0,1862.9659827926166
37200.0,1864.211852076834
37220.0,1872.6241907146505
37240.0,1887.7850125928503
37260.0,1906.2074485808018
37280.0,1920.584040196622
37300.0,1919.711303922555
37320.0,1889.4785385242528
37340.0,1815.2006651590605
37360.0,1685.3708754342638
37380.0,1496.3959343761062
37400.0,1257.1058692497104
37420.0,990.970753797065
37440.0,733.1993520889578
37460.0,521.8552601515951
37480.0,388.5938480206454
37500.0,353.3074746458359
37520.0,421.55194330553013
37540.0,583.4230418152539
37560.0,814.0338047396455
37580.0,1077.2312993791945
37600.0,1334.0621105970663
37620.0,1553.152909968672
37640.0,1716.996395642059
37660.0,1822.2216200724265
37680.0,1876.032961196745
37700.0,1891.4343838980662
37720.0,1882.9272330334484
37740.0,1863.4347142971553
37760.0,1842.6054921354512
37780.0,1826.3477305201136
37800.0,1817.2626106076114
37820.0,1815.5408592863491
37840.0,1819.9326505008194
37860.0,1828.5446964562386
37880.0,1839.3570913833487
37900.0,1850.494728012009
37920.0,1860.3314767963325
37940.0,1867.4955579269347
37960.0,1870.8936022151738
37980.0,1869.7949993706
38000.0,1863.9724005641212
38020.0,1853.8647289076623
38040.0,1840.6614395636177
38060.0,1826.151737846499
38080.0,1812.2378221950607
38100.0,1800.3285936458701
38120.0,1790.982736102571
38140.0,1783.9426778190973
38160.0,1778.4427522571507
38180.0,1773.5916529600058
38200.0,1768.688638826706
38220.0,1763.4069923902
38240.0,1757.833578229939
38260.0,1752.3882456685053
38280.0,1747.605190917458
38300.0,1743.7559241513682
38320.0,1740.3058974260707
38340.0,1735.2294314429741
38360.0,1724.4832024558407
38380.0,1702.1850736388994
38400.0,1661.78770477703
38420.0,1598.1269200402858
38440.0,1509.9295299121954
38460.0,1402.11003488189
38480.0,1286.8926060765377
38500.0,1182.5109633955315
38520.0,1108.4839785537213
38540.0,1079.5683790789683
38560.0,1102.3416486785504
38580.0,1174.6588380906676
38600.0,1286.5564920792435
38620.0,1421.7685828458095
38640.0,1559.782232313009
38660.0,1678.782072200474
38680.0,1758.935917756445
38700.0,1784.5343484948357
38720.0,1745.2134640305314
38740.0,1637.447789465775
38760.0,1466.6898928744681
38780.0,1249.3730130226754
38800.0,1012.8833869290808
38820.0,790.8293292535606
38840.0,613.1307656312352
38860.0,497.7156008580776
38880.0,449.02026374763034
38900.0,461.2720832282973
38920.0,523.4408614007965
38940.0,623.7096715902229
38960.0,752.2774050859646
38980.0,902.1082537005925
39000.0,1067.866621748561
39020.0,1243.74410310623
39040.0,1421.235347992199
39060.0,1588.1548720626413
39080.0,1729.8846379492923
39100.0,1831.980707672056
39120.0,1882.035717075261
39140.0,1870.599003710277
39160.0,1792.3256472159005
39180.0,1648.0180089371945
39200.0,1447.2393989533014
39220.0,1210.1744491480454
39240.0,966.4366186317231
39260.0,748.7341669145437
39280.0,584.6046275613769
39300.0,492.2169348831611
39320.0,480.10639835359615
39340.0,548.274754148077
39360.0,688.9777845050128
39380.0,886.783503043145
39400.0,1118.7485514136083
39420.0,1356.6576342443907
39440.0,1572.937383638139
39460.0,1747.6746558582631
39480.0,1871.9890049734938
39500.0,1946.8544367093723
39520.0,1979.480403583777
39540.0,1979.3451515255013
39560.0,1955.161645923529
39580.0,1913.345622718598
39600.0,1857.977105649138
39620.0,1791.866550101946
39640.0,1718.065148754716
39660.0,1640.929105987124
39680.0,1565.9806504279973
39700.0,1499.0849275823841
39720.0,1445.9284720910753
39740.0,1411.7024752902055
39760.0,1400.5919802426595
39780.0,1414.870476081532
39800.0,1453.700852100159
39820.0,1512.1090665162906
39840.0,1580.9891305040169
39860.0,1649.1169248456517
39880.0,1706.594219302724
39900.0,1747.1322525783314
39920.0,1768.302389958822
39940.0,1770.6443574869568
39960.0,1756.4782754599496
39980.0,1728.9530294104402
40000.0,1691.5378572686764
40020.0,1647.8075709178452
40040.0,1601.1837007974639
40060.0,1554.6911960740313
40080.0,1511.0109305094331
40100.0,1472.728888327185
40120.0,1442.541907201175
40140.0,1423.2179721758807
40160.0,1417.1966468685641
40180.0,1425.8462018620571
40200.0,1448.5680342157048
40220.0,1482.1521661683244
40240.0,1521.048441971811
40260.0,1559.0008289899736
40280.0,1590.9868345988684
40300.0,1614.2454063821401
40320.0,1628.393172196022
40340.0,1634.9862668996404
40360.0,1636.788378313298
40380.0,1636.9982735338378
40400.0,1638.6137599269193
40420.0,1644.0185360321393
40440.0,1654.7633845335126
40460.0,1671.4205714590498
40480.0,1693.4351171223836
40500.0,1719.0310678206079
40520.0,1745.3732938750913
40540.0,1769.1462229299293
40560.0,1787.4431679804807
40580.0,1798.4763180681462
40600.0,1801.8153762642462
40620.0,1798.179373975801
40640.0,1789.0021257762928
40660.0,1776.004908914904
40680.0,1760.8588187264063
40700.0,1744.948038893212
40720.0,1729.2632689747181
40740.0,1714.3997492057442
40760.0,1700.6023520592098
40780.0,1687.8258717450608
40800.0,1675.811344533426
40820.0,1664.1740100419406
40840.0,1652.500788808168
40860.0,1640.493116265487
40880.0,1628.1191843021475
40900.0,1615.7148590446923
40920.0,1603.9670286644075
40940.0,1593.7261392364298
40960.0,1585.7417794799862
40980.0,1580.576634329253
41000.0,1578.746684013833
41020.0,1580.946550541021
41040.0,1588.2020624693273
41060.0,1601.8154701434275
41080.0,1623.018415961756
41100.0,1652.3383737807096
41120.0,1688.7717816745912
41140.0,1728.9333975786158
41160.0,1766.3124841727156
41180.0,1790.8201332934507
41200.0,1789.090709774251
41220.0,1746.0459780422093
41240.0,1648.0205428178313
41260.0,1487.2866813194476
41280.0,1267.1192695473158
41300.0,1005.6795916049025
41320.0,736.068203758831
41340.0,499.65788934111106
41360.0,334.5910246274956
41380.0,267.12289985959393
41400.0,307.9716494078866
41420.0,451.53934544719704
41440.0,676.7253674336404
41460.0,949.7242538358225
41480.0,1230.4928235390073
41500.0,1482.838124451112
41520.0,1682.961373253281
41540.0,1822.0782251935393
41560.0,1904.0195344357694
41580.0,1940.600169475644
41600.0,1946.8187699270045
41620.0,1937.0259241177805
41640.0,1922.5417996885014
41660.0,1910.7022718526373
41680.0,1904.9834055854649
41700.0,1905.7887769309837
41720.0,1911.5027686915328
41740.0,1919.5301758401802
41760.0,1927.1701769805416
41780.0,1932.2731010871416
41800.0,1933.6526223167548
41820.0,1931.2112826228167
41840.0,1925.7226785320818
41860.0,1918.3573406254156
41880.0,1910.2928507427591
41900.0,1902.5887020578568
41920.0,1896.2259713512256
41940.0,1892.1864381515036
41960.0,1891.4917604069801
41980.0,1895.1227387099818
42000.0,1903.7735851761893
42020.0,1917.501174882052
42040.0,1935.3578809119808
42060.0,1955.078407077866
42080.0,1972.7340832026791
42100.0,1982.3889498707401
42120.0,1976.1181482023105
42140.0,1944.8119026977533
42160.0,1879.9282421768335
42180.0,1775.996092073638
42200.0,1633.345207644036
42220.0,1460.0656492727242
42240.0,1271.7077253770308
42260.0,1088.017794671417
42280.0,928.6065000800594
42300.0,809.178767193632
42320.0,738.354760518628
42340.0,715.1391154273404
42360.0,727.7044715031075
42380.0,754.8993796810107
42400.0,772.4156072968752
42420.0,763.3677137593536
42440.0,726.4008712627699
42460.0,674.3892877979836
42480.0,625.6217476370314
42500.0,595.7540459494305
42520.0,594.4457262374007
42540.0,625.4663150238645
42560.0,688.4498745295142
42580.0,780.8933468925985
42600.0,899.4992682506057
42620.0,1040.4707294029945
42640.0,1198.8388056657345
42660.0,1367.3229975237696
42680.0,1535.5815144787107
42700.0,1690.9650850648802
42720.0,1821.5728546518149
42740.0,1920.117961277777
42760.0,1985.659013489263
42780.0,2022.7947664074422
42800.0,2039.4958504455328
42820.0,2044.6238727442847
42840.0,2045.7956501806143
42860.0,2047.9218785246107
42880.0,2052.47207886126
42900.0,2057.395489952778
42920.0,2057.6433860759607
42940.0,2046.271251419943
42960.0,2016.0995907133415
42980.0,1961.781617292326
43000.0,1881.9644927589336
43020.0,1780.9433458214444
43040.0,1668.7836865882703
43060.0,1558.841846693905
43080.0,1463.632500732169
43100.0,1392.2223023596189
43120.0,1349.8648914549879
43140.0,1338.7142560874686
43160.0,1358.58518969549
43180.0,1407.1836914431385
43200.0,1479.724430116548
43220.0,1568.3446098146446
43240.0,1662.175886388867
43260.0,1749.1718171412945
43280.0,1819.589227041583
43300.0,1868.5456255350346
43320.0,1896.1826772253764
43340.0,1906.3063638449253
43360.0,1904.5579252135467
43380.0,1896.7588138440885
43400.0,1887.7258953008761
43420.0,1880.6221128775808
43440.0,1876.7886007386364
43460.0,1875.9484565401006
43480.0,1876.6511913294512
43500.0,1876.841993785058
43520.0,1874.4490080315213
43540.0,1867.913364340236
43560.0,1856.582183957345
43580.0,1840.870069399347
43600.0,1822.0606695631773
43620.0,1801.7638216404732
43640.0,1781.3410983653198
43660.0,1761.627285114982
43680.0,1742.973523550662
43700.0,1725.4921384719905
43720.0,1709.3485381951184
43740.0,1694.9621306455915
43760.0,1683.0386869159818
43780.0,1674.4186473176385
43800.0,1669.8342483603556
43820.0,1669.6752672509974
43840.0,1673.8160278797968
43860.0,1681.5871777494565
43880.0,1691.9938088555186
43900.0,1704.170455873411
43920.0,1717.6699534664615
43940.0,1732.2036343083648
43960.0,1746.886824659429
43980.0,1759.281229323347
44000.0,1764.6346826275264
44020.0,1755.6362744256799
44040.0,1722.975291624905
44060.0,1656.9646249723428
44080.0,1550.2716006419487
44100.0,1401.4149553047114
44120.0,1218.1560693218303
44140.0,1019.2759967092112
44160.0,832.5524756794351
44180.0,687.1717690551948
44200.0,604.17480966576
44220.0,591.9118068863321
44240.0,646.8485789918299
44260.0,756.8781322781751
44280.0,905.031833506156
44300.0,1072.5324034654593
44320.0,1241.0005800731278
44340.0,1394.2346552606966
44360.0,1520.195187360823
44380.0,1612.8894093063225
44400.0,1672.5832118044223
44420.0,1704.2381518645657
44440.0,1715.3168862422112
44460.0,1713.7833344937862
44480.0,1706.6968469265253
44500.0,1699.4917831414994
44520.0,1695.8145593927507
44540.0,1697.6905030860357
44560.0,1705.7927105360363
44580.0,1719.6438146641601
44600.0,1737.6867703129399
44620.0,1757.206196335325
44640.0,1774.1155441586063
44660.0,1782.6723423995052
44680.0,1775.2965528632715
44700.0,1742.9909036566653
44720.0,1676.961560052036
44740.0,1571.5027641847585
44760.0,1427.6058275047508
44780.0,1256.288316573316
44800.0,1079.9131203506624
44820.0,929.1451059965251
44840.0,834.0204927264953
44860.0,813.3790810939979
44880.0,869.9104975655255
44900.0,991.2131124312939
44920.0,1154.1879921319592
44940.0,1330.9094159700085
44960.0,1495.0511312479098
44980.0,1627.7718183187433
45000.0,1720.677429865612
45020.0,1775.0250586110874
45040.0,1798.699319869393
45060.0,1802.526911072781
45080.0,1796.9010626530119
45100.0,1789.1673811146125
45120.0,1781.9299703335068
45140.0,1772.292731708992
45160.0,1752.0308962526299
45180.0,1708.884528059596
45200.0,1629.3000397855537
45220.0,1502.5721520393515
45240.0,1325.7488202166533
45260.0,1108.0020047215396
45280.0,872.3042972657071
45300.0,651.721681640158
45320.0,480.4419842073421
45340.0,385.5348813408977
45360.0,382.6073118242152
45380.0,473.8970010799194
45400.0,647.5740772109742
45420.0,878.4311924415384
45440.0,1131.5611535575213
45460.0,1370.6467850120412
45480.0,1567.8494818378379
45500.0,1709.178194729576
45520.0,1794.0453242839692
45540.0,1831.4677861184414
45560.0,1835.326593093458
45580.0,1820.1751671636262
45600.0,1798.3261016953747
45620.0,1778.3792182321886
45640.0,1764.958510904172
45660.0,1759.2724396863425
45680.0,1760.1305027509875
45700.0,1765.1208520527648
45720.0,1771.6643564714225
45740.0,1777.6965047252124
45760.0,1781.921042386178
45780.0,1783.7937453562292
45800.0,1783.3892879501986
45820.0,1781.229600965757
45840.0,1778.1414214954646
45860.0,1775.1184203219138
45880.0,1773.1067906482342
45900.0,1772.647205718781
45920.0,1773.3458441120824
45940.0,1773.1832073774262
45960.0,1767.8394884858976
45980.0,1750.5209901933345
46000.0,1712.7382124323062
46020.0,1646.1801248696906
46040.0,1545.54565896095
46060.0,1411.771876430888
46080.0,1254.5457873505316
46100.0,1092.5287518658583
46120.0,949.4645018112999
46140.0,846.7428658390348
46160.0,797.8093390901581
46180.0,806.9008507169001
46200.0,870.3025861043409
46220.0,978.3114883249106
46240.0,1116.980444762589
46260.0,1269.5695703973263
46280.0,1418.3290000188758
46300.0,1547.480163590613
46320.0,1646.7826860219116
46340.0,1713.1238462120102
46360.0,1749.5083291855044
46380.0,1762.8307120640486
46400.0,1761.5537499117393
46420.0,1753.8525141889554
46440.0,1746.4235942387434
46460.0,1743.9035846439263
46480.0,1748.7241268505034
46500.0,1761.2518473433665
46520.0,1780.0668810883221
46540.0,1802.259100599619
46560.0,1823.7359121635861
46580.0,1839.635162636118
46600.0,1844.938374346212
46620.0,1835.3233446469635
46640.0,1808.2204288017595
46660.0,1763.8947651325675
46680.0,1706.191191484575
46700.0,1642.3460955080184
46720.0,1581.4406118311763
46740.0,1532.3907047747798
46760.0,1502.5369652848785
46780.0,1496.7176142061317
46800.0,1516.499154741011
46820.0,1559.522265374985
46840.0,1619.2951837343612
46860.0,1686.1463390208905
46880.0,1749.8944913333057
46900.0,1802.891949332044
46920.0,1841.3744596627425
46940.0,1865.1737160116493
46960.0,1876.661657193795
46980.0,1879.486130683489
47000.0,1877.4202688908777
47020.0,1873.5205533302155
47040.0,1869.6578604810588
47060.0,1866.402570157587
47080.0,1863.2029101076253
47100.0,1858.7876523047253
47120.0,1851.6934656637186
47140.0,1840.8238897296283
47160.0,1825.9469919540431
47180.0,1807.9239737226806
47200.0,1788.4470814953856
47220.0,1769.385857831748
47240.0,1752.2222003934628
47260.0,1737.8707266636732
47280.0,1726.7796709572322
47300.0,1719.138754432798
47320.0,1715.033050611127
47340.0,1714.4507669784246
47360.0,1717.1772509602736
47380.0,1722.6817480872828
47400.0,1730.118705743714
47420.0,1738.5892542301146
47440.0,1747.7140179471382
47460.0,1758.0743372776171
47480.0,1771.0222360247667
47500.0,1787.8787622696618
47520.0,1808.7628112964085
47540.0,1831.3128164621849
47560.0,1849.615529491574
47580.0,1853.7780722565676
47600.0,1830.602544620735
47620.0,1765.6957363412196
47640.0,1647.0617012216833
47660.0,1469.7945898665323
47680.0,1240.8699822222943
47700.0,982.2101453376887
47720.0,729.2848547351138
47740.0,522.8281555716518
47760.0,397.2085383140046
47780.0,372.776326926761
47800.0,453.01079800565947
47820.0,624.5182425727156
47840.0,859.171031062962
47860.0,1119.2451345802865
47880.0,1366.549731552771
47900.0,1572.2406925910896
47920.0,1721.702175397452
47940.0,1813.8131593129315
47960.0,1857.0831962511033
47980.0,1864.9587951143108
48000.0,1851.729918297468
48020.0,1829.68451525378
48040.0,1807.6160294444066
48060.0,1790.5319018207126
48080.0,1780.222556394551
48100.0,1776.2882311132125
48120.0,1777.2574701501599
48140.0,1781.5411357412443
48160.0,1788.0742895316985
48180.0,1796.59506757156
48200.0,1807.5512256495035
48220.0,1821.6241727446966
48240.0,1838.957894148462
48260.0,1858.283726379957
48280.0,1876.1557536823434
48300.0,1886.5436977309073
48320.0,1881.0546996038006
48340.0,1850.0078906108756
48360.0,1784.5153108366299
48380.0,1679.5051400386692
48400.0,1537.1585074195646
48420.0,1369.6712014975665
48440.0,1199.695378617655
48460.0,1056.2990534312196
48480.0,965.7452990118393
48500.0,942.7567344695993
48520.0,987.914527454656
48540.0,1089.9165154877403
48560.0,1229.9454109028961
48580.0,1386.332682668617
48600.0,1538.5906481088782
48620.0,1670.4880770604577
48640.0,1772.0969598445893
48660.0,1840.504541818556
48680.0,1878.792855835344
48700.0,1893.8435903976
48720.0,1893.937122722017
48740.0,1886.8066029965685
48760.0,1878.4459841314135
48780.0,1872.6831847557235
48800.0,1871.315654725302
48820.0,1874.5317308667418
48840.0,1881.4349726846863
48860.0,1890.5749533317526
48880.0,1900.3942045926
48900.0,1909.5566910954847
48920.0,1917.146729684567
48940.0,1922.7196122271805
48960.0,1926.2234395148255
48980.0,1927.8538445783445
49000.0,1927.8825459353345
49020.0,1926.512379901515
49040.0,1923.813882645513
49060.0,1919.731262776293
49080.0,1914.1288412383008
49100.0,1906.8718071653154
49120.0,1897.93326775657
49140.0,1887.483513635037
49160.0,1875.9216640038376
49180.0,1863.8271821521128
49200.0,1851.8618096170514
49220.0,1840.6819864843833
49240.0,1830.8433059881252
49260.0,1822.66824478321
49280.0,1816.1071393521065
49300.0,1810.6725504170251
49320.0,1805.4772501765572
49340.0,1799.3540472985453
49360.0,1791.0386282382692
49380.0,1779.4235356768252
49400.0,1763.8762733789158
49420.0,1744.5373684603874
49440.0,1722.4727840649368
49460.0,1699.533228461054
49480.0,1677.847432636347
49500.0,1659.159393291288
49520.0,1644.3783774546232
49540.0,1633.530282100581
49560.0,1626.039732290651
49580.0,1621.1752102943121
49600.0,1618.500285857224
49620.0,1618.2166221162502
49640.0,1621.2855523162673
49660.0,1629.2929964704376
49680.0,1644.0821993838467
49700.0,1667.1594323397312
49720.0,1698.9498161775523
49740.0,1738.0927763962318
49760.0,1781.0786387471667
49780.0,1822.3820971700657
49800.0,1854.7132818618807
49820.0,1869.2570341534288
49840.0,1856.30182140088
49860.0,1806.7078857113665
49880.0,1714.4103545807561
49900.0,1579.7164515493896
49920.0,1412.5438389857293
49940.0,1234.0729526693533
49960.0,1074.709872638509
49980.0,966.3127930059893
50000.0,931.0415434180383
50020.0,974.6425998529705
50040.0,1086.4176805086472
50060.0,1243.4580043497012
50080.0,1417.183575250915
50100.0,1580.9024164020943
50120.0,1715.9654035414358
50140.0,1813.924939434668
50160.0,1875.1889551904333
50180.0,1905.999581824739
50200.0,1915.1767784618303
50220.0,1911.5063880233236
50240.0,1902.1202303282084
50260.0,1891.871382309771
50280.0,1883.4737632024837
50300.0,1878.095400773334
50320.0,1876.070412169795
50340.0,1877.4499914906257
50360.0,1882.3505688677772
50380.0,1891.096196803814
50400.0,1904.0832324085375
50420.0,1921.3477712171193
50440.0,1941.8928546626018
50460.0,1962.9057785248592
50480.0,1979.120028339042
50500.0,1982.6641308017502
50520.0,1963.6905598248807
50540.0,1911.910709030705
50560.0,1819.095849806851
50580.0,1682.3160750770076
50600.0,1507.1805408425048
50620.0,1309.6839731288085
50640.0,1114.8331916454672
50660.0,951.8357359296476
50680.0,848.1344450234164
50700.0,823.5329895497371
50720.0,884.8496716817339
50740.0,1022.316740392493
50760.0,1210.128171229516
50780.0,1413.6745189430703
50800.0,1600.9120703611868
50820.0,1750.4110832145266
50840.0,1853.4153392630706
50860.0,1911.8182967901878
50880.0,1934.345990231944
50900.0,1932.595732954058
50920.0,1917.911903180635
50940.0,1899.437527671281
50960.0,1883.279367429782
50980.0,1872.5540910810373
51000.0,1867.9927879344293
51020.0,1868.768965817464
51040.0,1873.3079788509451
51060.0,1879.9491666123893
51080.0,1887.3750586096437
51100.0,1894.78333960105
51120.0,1901.8304353878066
51140.0,1908.4424890667938
51160.0,1914.6222364235819
51180.0,1920.3358616897938
51200.0,1925.4710177617872
51220.0,1929.8262889008336
51240.0,1933.1292032993836
51260.0,1935.0962572373387
51280.0,1935.5235366918137
51300.0,1934.3737794246074
51320.0,1931.821226462004
51340.0,1928.2254163261375
51360.0,1924.0328889264324
51380.0,1919.6368388992196
51400.0,1915.2528913416852
51420.0,1910.8446965589887
51440.0,1906.1281825290014
51460.0,1900.6516059909663
51480.0,1893.9214490456611
51500.0,1885.5815168120032
51520.0,1875.6431424285176
51540.0,1864.6877088758429
51560.0,1853.9573333733
51580.0,1845.302850271061
51600.0,1840.9384753597064
51620.0,1842.9290170904928
51640.0,1852.3373808772274
51660.0,1868.03813838682
51680.0,1885.4548982239382
51700.0,1895.8334457760125
51720.0,1886.6309175919728
51740.0,1843.2745350573782
51760.0,1752.383404200035
51780.0,1606.232600502642
51800.0,1407.6630943714963
51820.0,1173.9134215982228
51840.0,937.1116744251989
51860.0,738.666646627582
51880.0,617.3263431757177
51900.0,597.3795825219921
51920.0,681.978927261671
51940.0,851.4626984222186
51960.0,1066.646770539883
51980.0,1278.0079788197493
52000.0,1438.8497110539097
52020.0,1516.4188573222777
52040.0,1497.7427999211995
52060.0,1390.9067780429084
52080.0,1222.773308151309
52100.0,1032.8394248366683
52120.0,862.6051661745053
52140.0,744.3004876158745
52160.0,695.3971152440029
52180.0,718.9624675735926
52200.0,806.8932056073021
52220.0,943.7942743144602
52240.0,1110.3914385447724
52260.0,1286.374271586198
52280.0,1453.2785426092646
52300.0,1597.6379554932678
52320.0,1712.6727773910534
52340.0,1797.0731420823747
52360.0,1851.8819877305825
52380.0,1877.1403573348357
52400.0,1869.5997822606205
52420.0,1822.3106046161502
52440.0,1726.395855974315
52460.0,1574.8232649163372
52480.0,1367.3444772356231
52500.0,1114.9821070082985
52520.0,841.644660687987
52540.0,580.0770971475914
52560.0,362.9096543392679
52580.0,215.61887269335307
52600.0,154.07187256928816
52620.0,184.37989489715352
52640.0,302.99779618156316
52660.0,496.3352118634981
52680.0,740.5883916634469
52700.0,1003.8223697062585
52720.0,1252.3103433849606
52740.0,1459.141925626586
52760.0,1609.7904625962096
52780.0,1702.558188751489
52800.0,1745.387635267134
52820.0,1751.3964741653672
52840.0,1734.831106256508
52860.0,1708.207149063077
52880.0,1680.7565053767212
52900.0,1658.0430918857728
52920.0,1642.4563268204092
52940.0,1634.1352379437117
52960.0,1631.9075996703657
52980.0,1634.001611306436
53000.0,1638.476943577838
53020.0,1643.4894296297873
53040.0,1647.4583882475013
53060.0,1649.187931125853
53080.0,1647.9561356423771
53100.0,1643.5105897726303
53120.0,1636.029702626583
53140.0,1626.0617052793984
53160.0,1614.3722908742852
53180.0,1601.7720221423863
53200.0,1589.036540375388
53220.0,1576.9171511449856
53240.0,1566.1456383826296
53260.0,1557.365072936739
53280.0,1550.9797967772001
53300.0,1546.8941760571147
53320.0,1544.1634369729177
53340.0,1540.7323519531997
53360.0,1533.4542840613194
53380.0,1518.4644513347125
53400.0,1491.9392727890138
53420.0,1451.2214816801074
53440.0,1396.0008581221118
53460.0,1329.0520201833795
53480.0,1255.9424580660761
53500.0,1183.2453124460285
53520.0,1116.2199986997189
53540.0,1057.5236912232847
53560.0,1007.0896780958828
53580.0,962.7304595851147
53600.0,921.1038652806546
53620.0,878.8050718367174
53640.0,833.440773714892
53660.0,784.5856300824723
53680.0,734.5144033073807
53700.0,688.5617683381865
53720.0,654.9164600808895
53740.0,643.6493038579606
53760.0,664.8528286723118
53780.0,725.9765434489715
53800.0,828.8033300388009
53820.0,967.0258539978062
53840.0,1125.9863102064307
53860.0,1286.1747678198767
53880.0,1429.3847986459134
53900.0,1543.6151762676238
53920.0,1624.5600987342225
53940.0,1674.3865449758862
53960.0,1699.338021270735
53980.0,1707.2471128473578
54000.0,1705.5386358367718
54020.0,1700.036053769321
54040.0,1694.5685614785375
54060.0,1691.1325802687884
54080.0,1690.2610991385911
54100.0,1691.4748427158836
54120.0,1693.7915127089168
54140.0,1696.1185362164815
54160.0,1697.4427576898208
54180.0,1696.9476393170262
54200.0,1694.0922408700467
54220.0,1688.6135776124288
54240.0,1680.5048298590118
54260.0,1670.0231359406673
54280.0,1657.659245846729
54300.0,1644.0948448605723
54320.0,1630.1353598482685
54340.0,1616.5903997700684
54360.0,1604.132988368146
54380.0,1593.1911314343117
54400.0,1583.899116790177
54420.0,1576.1530656999157
54440.0,1569.7398764778966
54460.0,1564.4575441424495
54480.0,1560.1959956207015
54500.0,1556.9456159328429
54520.0,1554.7420263719819
54540.0,1553.6537420974091
54560.0,1553.8046787009512
54580.0,1555.4019953782067
54600.0,1558.7760647281739
54620.0,1564.3544965737692
54640.0,1572.5028439283965
54660.0,1583.2192787197957
54680.0,1595.6528711399662
54700.0,1607.558237448735
54720.0,1614.939088351784
54740.0,1612.0986353035373
54760.0,1592.2413570126987
54780.0,1548.7589350794212
54800.0,1477.22000563363
54820.0,1377.7703549781386
54840.0,1257.1806051269236
54860.0,1129.3630125453296
54880.0,1012.7927000456159
54900.0,924.6682151951538
54920.0,875.9950390719423
54940.0,870.4147995822466
54960.0,905.4921133002232
54980.0,974.778173237308
55000.0,1069.6149161568064
55020.0,1180.2836446530205
55040.0,1296.645246596236
55060.0,1408.8210717022564
55080.0,1508.4960828740416
55100.0,1590.3177650104196
55120.0,1651.821074811975
55140.0,1691.7372257151394
55160.0,1707.9152939819674
55180.0,1696.002641242072
55200.0,1649.6006306420998
55220.0,1562.1510750640145
55240.0,1430.3011889186705
55260.0,1257.9329498529246
55280.0,1059.4031996390931
55300.0,859.8091240076641
55320.0,689.7406275308657
55340.0,575.2864943760253
55360.0,530.7298923912638
55380.0,557.5101507654475
55400.0,646.9664768478272
55420.0,784.1981447543736
55440.0,951.458453220087
55460.0,1130.4861861939366
55480.0,1303.9379957245906
55500.0,1456.5669278243859
55520.0,1576.8918222519555
55540.0,1659.1182881827153
55560.0,1703.677752142527
55580.0,1716.0289761761142
55600.0,1704.732283714597
55620.0,1679.5445726792045
55640.0,1649.7730822105375
55660.0,1622.9304455692923
55680.0,1603.8459479323658
55700.0,1594.4590345717506
55720.0,1594.2490758816461
55740.0,1601.0475952035906
55760.0,1611.951694859246
55780.0,1624.0521198164886
55800.0,1634.8379362767769
55820.0,1642.2765768460008
55840.0,1644.682626488165
55860.0,1640.5234129016335
55880.0,1628.3335167804046
55900.0,1606.8615787185172
55920.0,1575.4610784697936
55940.0,1534.6805052339673
55960.0,1486.8854338632066
55980.0,1436.4834511504982
56000.0,1389.5147850012036
56020.0,1352.7639715129567
56040.0,1332.5033988087337
56060.0,1332.9893760747934
56080.0,1354.9917757937205
56100.0,1394.8962550214972
56120.0,1445.2146123548707
56140.0,1497.1267434779363
56160.0,1543.7778916156276
56180.0,1581.977242929162
56200.0,1611.851353749977
56220.0,1635.2422862756462
56240.0,1653.6527297522982
56260.0,1666.393572038941
56280.0,1669.4438995267187
56300.0,1655.3635656022357
56320.0,1614.4932706165193
56340.0,1537.4788336184358
56360.0,1418.7708671715704
56380.0,1260.313493632086
56400.0,1074.088052676419
56420.0,881.4920489007407
56440.0,707.5311291830473
56460.0,572.1225003889988
56480.0,485.08194391580065
56500.0,446.1050766474697
56520.0,447.49677158958775
56540.0,477.7166130200949
56560.0,524.5507052868918
56580.0,577.3562088890046
56600.0,628.2876363004586
56620.0,672.6885764120934
56640.0,708.940350151106
56660.0,738.04188660499
56680.0,763.1021128604865
56700.0,788.8053099659621
56720.0,820.8030976780996
56740.0,864.9279209220746
56760.0,926.1372520114217
56780.0,1007.2000840326773
56800.0,1107.3294988986852
56820.0,1221.2319835991173
56840.0,1339.3454814610593
56860.0,1450.1045036328353
56880.0,1543.7121453787015
56900.0,1614.882230860968
56920.0,1663.246125537505
56940.0,1692.1740015622745
56960.0,1707.0478507837731
56980.0,1713.6542026855386
57000.0,1717.0073030181277
57020.0,1720.7064509961644
57040.0,1726.778848218782
57060.0,1735.8208651124908
57080.0,1747.2544407214966
57100.0,1759.663318459455
57120.0,1771.1890238505046
57140.0,1779.9369856220678
57160.0,1784.359583134245
57180.0,1783.596160388619
57200.0,1777.7071629711656
57220.0,1767.6570285515568
57240.0,1754.971465039116
57260.0,1741.309527790796
57280.0,1728.135534895338
57300.0,1716.4729776000481
57320.0,1706.7562366278155
57340.0,1698.8098787556155
57360.0,1691.99882946266
57380.0,1685.572334298904
57400.0,1678.9920531721007
57420.0,1672.0864704189928
57440.0,1665.0399399621285
57460.0,1658.2782413940251
57480.0,1652.3357329638445
57500.0,1647.7337462629107
57520.0,1644.8762357104333
57540.0,1643.9798418391092
57560.0,1645.0466267023155
57580.0,1647.898671588859
57600.0,1652.2583703468258
57620.0,1657.8218293972302
57640.0,1664.28620698782
57660.0,1671.3510491805603
57680.0,1678.7076504571698
57700.0,1685.9905918492416
57720.0,1692.7122597132213
57740.0,1698.2259261336512
57760.0,1701.752997059119
57780.0,1702.4887830004895
57800.0,1699.7659021388317
57820.0,1693.2912816505454
57840.0,1683.4307701513214
57860.0,1671.421423326081
57880.0,1659.36346226845
57900.0,1649.8710736267155
57920.0,1645.494718930629
57940.0,1648.1523228744652
57960.0,1658.5751108835734
57980.0,1675.7099962928173
58000.0,1696.181226034702
58020.0,1714.0360069909052
58040.0,1721.0244837069483
58060.0,1707.5071263872935
58080.0,1664.1103093594065
58100.0,1584.2007023853334
58120.0,1466.910123115702
58140.0,1319.979843842581
58160.0,1161.153291825171
58180.0,1016.2632881262422
58200.0,912.3542242722344
58220.0,868.5553695914083
58240.0,891.1422128193146
58260.0,973.7031244824763
58280.0,1100.139992270491
58300.0,1248.8536622418965
58320.0,1397.3865394422648
58340.0,1527.2332710532378
58360.0,1627.4822621843034
58380.0,1695.5024413457922
58400.0,1735.1608529462815
58420.0,1754.001711233598
58440.0,1760.4495217033277
58460.0,1761.614811857999
58480.0,1761.907196865962
58500.0,1762.504680903597
58520.0,1761.6081716168396
58540.0,1755.310449123756
58560.0,1738.8727197252203
58580.0,1708.2529936988462
58600.0,1661.6256735132279
58620.0,1600.3962584084763
58640.0,1529.108406866968
58660.0,1453.9230265836682
58680.0,1380.8284970273849
58700.0,1314.9170862822427
58720.0,1260.5592313633256
58740.0,1221.858474703174
58760.0,1202.8617525759357
58780.0,1207.1851562039874
58800.0,1236.967826082907
58820.0,1291.3829830633192
58840.0,1365.3055649776793
58860.0,1449.1272522274535
58880.0,1530.7845950673761
58900.0,1599.4759367805098
58920.0,1648.4431076118349
58940.0,1675.5911497647962
58960.0,1682.7221457186884
58980.0,1674.2693019168328
59000.0,1656.0105002665255
59020.0,1633.8448339860993
59040.0,1612.6163722235995
59060.0,1595.3505997566203
59080.0,1583.223730607199
59100.0,1576.0943018192827
59120.0,1573.2615488752056
59140.0,1574.1785308524281
59160.0,1578.9339376311025
59180.0,1588.3997074206632
59200.0,1604.0006333130093
59220.0,1627.099438747042
59240.0,1658.0967870500758
59260.0,1695.4475266870036
59280.0,1734.9090306366222
59300.0,1769.3715176123235
59320.0,1789.3425451937358
59340.0,1783.9478882346532
59360.0,1742.512469114868
59380.0,1656.8748140813157
59400.0,1524.363311242559
59420.0,1350.752535400737
59440.0,1151.8326233765229
59460.0,951.532569875841
59480.0,775.0418304410299
59500.0,640.5602319518011
59520.0,555.6331857247955
59540.0,518.0756153453241
59560.0,519.1325007842685
59580.0,547.0813851305827
59600.0,590.2194929153496
59620.0,638.7894143307582
59640.0,685.8315347063009
59660.0,727.2045443949548
59680.0,761.1144857116781
59700.0,787.4796533551773
59720.0,807.3767520971779
59740.0,822.7002516573872
59760.0,836.0498340063374
59780.0,850.7597716268258
59800.0,870.9131376402429
59820.0,901.1548932150142
59840.0,946.1429210937042
59860.0,1009.5662448522231
59880.0,1092.822588389751
59900.0,1193.6815395475762
59920.0,1305.547787253199
59940.0,1418.2156336663743
59960.0,1520.70813819548
59980.0,1604.876380654459
60000.0,1667.303898970554
60020.0,1709.0076018012865
60040.0,1733.9726423304917
60060.0,1747.4460455838641
60080.0,1754.5063372916072
60100.0,1759.1115932357402
60120.0,1763.6215884701232
60140.0,1768.7102649909561
60160.0,1773.576993466128
60180.0,1776.4069166298038
60200.0,1775.0151179012391
60220.0,1767.5456879756669
60240.0,1753.0972405358502
60260.0,1732.119640088662
60280.0,1706.3758679905368
60300.0,1678.3395789507608
60320.0,1650.3206485554224
60340.0,1623.83990054965
60360.0,1599.4898911393782
60380.0,1577.1558488004741
60400.0,1556.3684352064834
60420.0,1536.603675719805
60440.0,1517.4734195909305
60460.0,1498.797945077151
60480.0,1480.5778222981628
60500.0,1462.9040413777273
60520.0,1445.8933981270848
60540.0,1429.6840928892889
60560.0,1414.459364207667
60580.0,1400.4417892509537
60600.0,1387.8477072212313
60620.0,1376.8506655259475
60640.0,1367.5557206915735
60660.0,1359.975828425495
60680.0,1354.0848352054672
60700.0,1349.9290916501955
60720.0,1347.7363581238
60740.0,1347.921183185967
60760.0,1350.9013324257598
60780.0,1356.7986006300475
60800.0,1365.1406360194057
60820.0,1374.729501764215
60840.0,1383.8578016285567
60860.0,1390.8421224375268
60880.0,1394.5236765533741
60900.0,1394.546843272245
60920.0,1391.4121912478222
60940.0,1386.377951766379
60960.0,1381.28071183061
60980.0,1378.307233183975
61000.0,1379.7302596667532
61020.0,1387.568219580866
61040.0,1403.1329836067557
61060.0,1426.4815862759024
61080.0,1455.8142360476168
61100.0,1486.9372754746566
61120.0,1513.006742009106
61140.0,1524.8528416202778
61160.0,1512.1205408796782
61180.0,1465.318222962998
61200.0,1378.7172196502838
61220.0,1253.694408202375
61240.0,1101.505392684146
61260.0,943.8379925974899
61280.0,809.0180394714409
61300.0,723.0394406349152
61320.0,700.7590791187173
61340.0,743.0831543900008
61360.0,839.1144851195252
61380.0,970.5453422299743
61400.0,1116.439681120753
61420.0,1257.385264176525
61440.0,1378.5569439410206
61460.0,1471.4730546699907
61480.0,1534.22686708934
61500.0,1570.2085260549907
61520.0,1585.9827305395875
61540.0,1589.0989782237461
61560.0,1586.3109157746012
61580.0,1582.4846178310736
61600.0,1580.1989144031288
61620.0,1579.84307806656
61640.0,1580.0308996898643
61660.0,1578.2399541189475
61680.0,1571.5590362668654
61700.0,1557.3940606696247
61720.0,1534.0016373773656
61740.0,1500.8028610192969
61760.0,1458.4689531577794
61780.0,1408.8779837044335
61800.0,1355.0848725994094
61820.0,1301.3189278980499
61840.0,1252.9084028928091
61860.0,1215.9684886033947
61880.0,1196.6940873240844
61900.0,1200.188384253604
61920.0,1228.9437421614862
61940.0,1281.372191699262
61960.0,1351.1388714877853
61980.0,1428.3465549418502
62000.0,1502.8772938181614
62020.0,1567.8235002100214
62040.0,1620.7592009430762
62060.0,1662.9270159163607
62080.0,1697.29513730402
62100.0,1726.3042130806814
62120.0,1749.9591266983402
62140.0,1764.6809868142245
62160.0,1763.1894389846525
62180.0,1735.5954165657124
62200.0,1671.7778398087896
62220.0,1564.906947958586
62240.0,1415.5035922640811
62260.0,1234.7874522132756
62280.0,1045.4147563669694
62300.0,877.244271431416
62320.0,757.8325024021492
62340.0,704.1182119249397
62360.0,720.146893022127
62380.0,799.0195421905013
62400.0,926.4118448811048
62420.0,1084.0298636792618
62440.0,1252.3526097595172
62460.0,1412.7789929887103
62480.0,1549.765635716544
62500.0,1653.3361675733063
62520.0,1720.755194871145
62540.0,1755.9118526735733
62560.0,1767.0662574945757
62580.0,1764.193118449198
62600.0,1756.6077406440895
62620.0,1751.1637319388283
62640.0,1751.1272856868588
62660.0,1755.6733291448284
62680.0,1759.8922537808362
62700.0,1755.2976792225606
62720.0,1731.041502393959
62740.0,1676.093855559083
62760.0,1582.3297871788536
62780.0,1448.109471653794
62800.0,1281.4371502147042
62820.0,1101.1780274443738
62840.0,934.24850636005
62860.0,807.7535641817124
62880.0,740.7721937451212
62900.0,741.0517339388922
62920.0,805.7139568018947
62940.0,923.6228437673404
62960.0,1077.9877899269318
62980.0,1248.7815593076841
63000.0,1415.3834883105997
63020.0,1560.1580413554861
63040.0,1672.1295249963837
63060.0,1748.2849870453924
63080.0,1792.1649697375433
63100.0,1811.1861638033129
63120.0,1813.938343445189
63140.0,1808.13687558766
63160.0,1799.4802061210498
63180.0,1791.35038678915
63200.0,1785.1404876685126
63220.0,1780.9368397838673
63240.0,1778.278102567468
63260.0,1776.700685810894
63280.0,1775.9422981175435
63300.0,1775.999012952426
63320.0,1777.1883229995954
63340.0,1780.186392365169
63360.0,1786.0104312290634
63380.0,1795.9010487301919
63400.0,1811.0070227948465
63420.0,1831.8617783711293
63440.0,1857.7501051007687
63460.0,1886.0668738474883
63480.0,1911.6183257344935
63500.0,1926.0462964758287
63520.0,1917.8827255730691
63540.0,1873.775336360325
63560.0,1781.1787981798157
63580.0,1632.4322957374202
63600.0,1429.5641227630497
63620.0,1188.3465210180057
63640.0,939.2347901210338
63660.0,722.250339555705
63680.0,575.9428603729914
63700.0,527.1096762055116
63720.0,585.0866712496899
63740.0,739.7885374432753
63760.0,963.1964240912317
63780.0,1215.4759386735045
63800.0,1456.0897076485046
63820.0,1654.6877140020983
63840.0,1795.9526050916033
63860.0,1878.6597935713817
63880.0,1911.7437557620924
63900.0,1909.601444628551
63920.0,1887.9729345096391
63940.0,1860.916632497395
63960.0,1838.801906570814
63980.0,1826.9282126400055
64000.0,1824.5942313195308
64020.0,1825.0572359148196
64040.0,1816.7114004448024
64060.0,1785.435949618382
64080.0,1717.980459216332
64100.0,1606.0737691909874
64120.0,1450.6084829314511
64140.0,1264.698258838915
64160.0,1073.724737465313
64180.0,910.0787448176646
64200.0,802.7712633216963
64220.0,768.8332658013791
64240.0,811.0614546993154
64260.0,920.0565903862974
64280.0,1077.9113978218058
64300.0,1262.032916166272
64320.0,1448.6273788441981
64340.0,1616.1332042264123
64360.0,1748.928277464404
64380.0,1840.0279555153825
64400.0,1890.9602458387872
64420.0,1909.4474476624353
64440.0,1906.439528623757
64460.0,1893.430415957182
64480.0,1880.4241538185154
64500.0,1874.5877525004275
64520.0,1879.4517377252391
64540.0,1894.4960899814293
64560.0,1915.0497716393406
64580.0,1932.5708758590658
64600.0,1935.4791268289314
64620.0,1910.7506898974511
64640.0,1846.442951341421
64660.0,1735.0726107897785
64680.0,1577.3177834277606
64700.0,1384.8566301518167
64720.0,1180.498123964108
64740.0,994.1830555901482
64760.0,856.5455152342836
64780.0,792.5916332400188
64800.0,816.0313993222442
64820.0,924.7927304798628
64840.0,1099.3576219436166
64860.0,1306.7024649542077
64880.0,1510.8331875666079
64900.0,1683.723452121685
64920.0,1810.3419908088301
64940.0,1888.1648627818354
64960.0,1923.770292127701
64980.0,1928.6164954470537
65000.0,1915.2868005459582
65020.0,1894.8142898376786
65040.0,1875.2153219463303
65060.0,1861.1128166687527
65080.0,1854.127732575714
65100.0,1853.6233850102712
65120.0,1857.5220729943308
65140.0,1863.044936908994
65160.0,1867.3001746619288
65180.0,1867.7173603694323
65200.0,1862.390240096555
65220.0,1850.4004599914963
65240.0,1832.0981004261562
65260.0,1809.2217338131072
65280.0,1784.6921440168965
65300.0,1762.0150732641766
65320.0,1744.5888271275896
65340.0,1735.2072321764517
65360.0,1735.726779854464
65380.0,1746.7700902634965
65400.0,1767.4628409852037
65420.0,1795.307528408003
65440.0,1826.2422634044055
65460.0,1854.5832136509246
65480.0,1872.737697295163
65500.0,1871.142161075877
65520.0,1839.0237244802545
65540.0,1766.336540627369
65560.0,1646.8250688393443
65580.0,1481.6684494768094
65600.0,1282.5039186771508
65620.0,1071.9780101630904
65640.0,879.4569051511235
65660.0,731.7524640962695
65680.0,645.3938603709114
65700.0,624.9856419568746
65720.0,665.6620810421832
65740.0,756.8730357516017
65760.0,885.708788255236
65780.0,1038.9343266383105
65800.0,1203.7097534625848
65820.0,1367.5795982801346
65840.0,1518.7022916152673
65860.0,1647.245594806748
65880.0,1747.498240217938
65900.0,1818.659119235345
65920.0,1863.648255673183
65940.0,1886.9964596884809
65960.0,1892.8631749503559
65980.0,1883.804429316715
66000.0,1860.5384092664876
66020.0,1822.640251650356
66040.0,1769.878847524246
66060.0,1703.6438776014427
66080.0,1627.6785580463488
66100.0,1547.34822329199
66120.0,1467.8839001728095
66140.0,1393.377434604788
66160.0,1326.9820809686794
66180.0,1271.7288332984176
66200.0,1231.3331610625469
66220.0,1210.4963293816863
66240.0,1214.3881705897925
66260.0,1247.2420598195768
66280.0,1310.3105173997053
66300.0,1399.8252735156464
66320.0,1506.0596598673073
66340.0,1614.9210111107695
66360.0,1712.3902929585597
66380.0,1788.973768358042
66400.0,1841.3322303624486
66420.0,1871.2792570404047
66440.0,1883.4430406825027
66460.0,1882.6276053899219
66480.0,1871.479642004539
66500.0,1848.77697414822
66520.0,1808.9679629994432
66540.0,1743.6119894101903
66560.0,1644.6133917689826
66580.0,1508.5397376849342
66600.0,1340.8678491937212
66620.0,1158.4525173910768
66640.0,988.0565310752714
66660.0,859.1177053734173
66680.0,793.8607716058244
66700.0,801.8630219599416
66720.0,879.9824637615004
66740.0,1015.0244399069286
66760.0,1187.2144728140615
66780.0,1373.632749089929
66800.0,1551.6537706853437
66820.0,1702.8083464658132
66840.0,1816.2428944507542
66860.0,1889.5820028540943
66880.0,1927.1655591272902
66900.0,1937.2575673945653
66920.0,1929.394084021415
66940.0,1912.4149956128877
66960.0,1893.333059993033
66980.0,1876.883370334328
67000.0,1865.5120005842855
67020.0,1859.7303458994204
67040.0,1858.7523586943785
67060.0,1861.1959438939539
67080.0,1865.6645676451324
67100.0,1871.1153862994117
67120.0,1877.0084956277965
67140.0,1883.2745627384015
67160.0,1890.1417783257468
67180.0,1897.877845246017
67200.0,1906.4963617132776
67220.0,1915.521396167349
67240.0,1923.9372041267932
67260.0,1930.3557997226646
67280.0,1933.2854466558208
67300.0,1931.4420922553577
67320.0,1924.1466595369825
67340.0,1911.7555965144807
67360.0,1895.9595427082554
67380.0,1879.7349761262199
67400.0,1866.6895846421758
67420.0,1859.6005088999277
67440.0,1858.5584752639436
67460.0,1859.6702373241242
67480.0,1854.8447404576702
67500.0,1832.7594370454117
67520.0,1781.0300225678682
67540.0,1689.4759075380728
67560.0,1554.1092204412375
67580.0,1380.9984069834234
67600.0,1188.521246187176
67620.0,1005.9117367310877
67640.0,865.9888081490693
67660.0,794.3538932204217
67680.0,802.7151203838624
67700.0,888.3143892760157
67720.0,1036.7401467553373
67740.0,1225.9015641693259
67760.0,1430.1293987137008
67780.0,1624.3381967310697
67800.0,1788.4833698849422
67820.0,1911.2272044168865
67840.0,1990.6904003139996
67860.0,2032.3599987341695
67880.0,2045.855157800781
67900.0,2041.855525000597
67920.0,2029.8574991483542
67940.0,2016.9458019527247
67960.0,2007.4554564664256
67980.0,2003.2540991364901
68000.0,2004.3699587154163
68020.0,2009.7100431654944
68040.0,2017.6562982996766
68060.0,2026.4634083658311
68080.0,2034.4866026139655
68100.0,2040.2931600251745
68120.0,2042.7312649676885
68140.0,2040.9948915491009
68160.0,2034.687601414092
68180.0,2023.8956025376033
68200.0,2009.2368852339976
68220.0,1991.8387242780543
68240.0,1973.162627017617
68260.0,1954.657797148153
68280.0,1937.4534057269805
68300.0,1922.2110526780623
68320.0,1909.0686752074776
68340.0,1897.638034240156
68360.0,1887.0763053568462
68380.0,1876.280450358578
68400.0,1864.1957683875285
68420.0,1850.1734310440067
68440.0,1834.2763719222348
68460.0,1817.3923073594676
68480.0,1801.015146030951
68500.0,1786.7632739627054
68520.0,1775.9543328154373
68540.0,1769.4902332075694
68560.0,1768.0121081556613
68580.0,1772.0851620559529
68600.0,1782.2141374877378
68620.0,1798.6013092754997
68640.0,1820.7326377780962
68660.0,1847.0672870649032
68680.0,1875.0582035266405
68700.0,1901.4784062457325
68720.0,1922.6713950889443
68740.0,1934.5306622923908
68760.0,1932.4234526131193
68780.0,1911.4611430180423
68800.0,1867.3380347448651
68820.0,1797.7278381539963
68840.0,1704.0018662222533
68860.0,1592.692132560609
68880.0,1475.7660424614758
68900.0,1368.6055371515267
68920.0,1286.085580672844
68940.0,1239.2648665564277
68960.0,1233.5734182277813
68980.0,1267.967674164423
69000.0,1334.8523525106825
69020.0,1421.1990365026934
69040.0,1511.6496565617038
69060.0,1592.9327628262147
69080.0,1656.8377919813586
69100.0,1700.717506516527
69120.0,1726.3621645194137
69140.0,1738.1963872134843
69160.0,1741.497804765566
69180.0,1741.0293265926448
69200.0,1740.2510452060112
69220.0,1741.1077000771616
69240.0,1744.2004736678002
69260.0,1749.1445858603117
69280.0,1754.9838500374894
69300.0,1760.5568342033876
69320.0,1764.7875270689299
69340.0,1766.8867902109655
69360.0,1766.4518571976164
69380.0,1763.446407953366
69400.0,1758.1245714868687
69420.0,1750.947033576521
69440.0,1742.484167872207
69460.0,1733.3229099077034
69480.0,1723.9958888101314
69500.0,1714.9225182452824
69520.0,1706.3614002050526
69540.0,1698.421835550326
69560.0,1691.113058112418
69580.0,1684.3967200391114
69600.0,1678.2087800702589
69620.0,1672.4270302970795
69640.0,1666.847257700702
69660.0,1661.2474883801137
69680.0,1655.4879145755683
69700.0,1649.5783589700197
69720.0,1643.7102208341519
69740.0,1638.24603404672
69760.0,1633.672012234405
69780.0,1630.5850241230776
69800.0,1629.717616229675
69820.0,1631.9269970797857
69840.0,1638.106271953978
69860.0,1648.9379108078174
69880.0,1664.441258385558
69900.0,1683.407180457051
69920.0,1702.95018917755
69940.0,1718.3558177350428
69960.0,1723.1314254615725
69980.0,1709.333249323356
70000.0,1668.5276981924028
70020.0,1593.6838309670025
70040.0,1481.883762822728
70060.0,1337.2826289396105
70080.0,1173.2846011189627
70100.0,1012.3598241120435
70120.0,881.5194471860465
70140.0,803.6538629694038
70160.0,790.5947981313936
70180.0,841.4978012901163
70200.0,944.8305704011412
70220.0,1081.9413413461143
70240.0,1231.1352078646937
70260.0,1371.9675434842934
70280.0,1489.3892513602964
70300.0,1576.1031529314193
70320.0,1632.1748185528038
70340.0,1662.8885187762003
70360.0,1676.0823993123158
70380.0,1679.7784181975908
70400.0,1680.5290364323623
70420.0,1682.6004271077043
70440.0,1687.944263732065
70460.0,1696.7452386149912
70480.0,1708.1489147761356
70500.0,1720.89655216648
70520.0,1733.78406660241
70540.0,1745.9330917333482
70560.0,1756.873511619787
70580.0,1766.4686312860074
70600.0,1774.7685326805483
70620.0,1781.8859849760495
70640.0,1787.934932380107
70660.0,1793.0118894870907
70680.0,1797.2095269916754
70700.0,1800.6923813462436
70720.0,1803.8310237100948
70740.0,1807.3578526521753
70760.0,1812.455463688954
70780.0,1820.6702124337157
70800.0,1833.5747257961837
70820.0,1852.1178701799424
70840.0,1875.7027741432335
70860.0,1901.165209113414
70880.0,1921.888078291157
70900.0,1927.4684198476818
70920.0,1904.4399517671839
70940.0,1838.4019961486258
70960.0,1717.6238966151516
70980.0,1537.6909923964479
71000.0,1306.110410568965
71020.0,1045.0175788873569
71040.0,789.2844214200816
71060.0,578.0549623972079
71080.0,444.0095688635042
71100.0,406.76439094637755
71120.0,470.3793281833059
71140.0,623.1366842462808
71160.0,839.0662148333216
71180.0,1082.2296526751786
71200.0,1315.1753502388697
71220.0,1508.8650250586632
71240.0,1648.0785477866132
71260.0,1731.0296462038143
71280.0,1765.6482406294194
71300.0,1764.9037817335109
71320.0,1742.7379765738224
71340.0,1711.3532065365566
71360.0,1679.8976339726917
71380.0,1654.2251993156965
71400.0,1637.2662428670587
71420.0,1629.5976288991392
71440.0,1630.0502789738046
71460.0,1636.3353735405856
71480.0,1645.6790946134522
71500.0,1655.3972412939117
71520.0,1663.341572796202
71540.0,1668.168252227007
71560.0,1669.4079732617174
71580.0,1667.373622890672
71600.0,1662.9739511174582
71620.0,1657.5158955020743
71640.0,1652.5344957258153
71660.0,1649.6510571726296
71680.0,1650.4303313202133
71700.0,1656.2085609640174
71720.0,1667.8506834038344
71740.0,1685.5238215481793
71760.0,1708.6023623130109
71780.0,1735.5425484870655
71800.0,1763.4144953734365
71820.0,1787.1965787053243
71840.0,1799.2382328731987
71860.0,1789.3580121493947
71880.0,1745.9649217790607
71900.0,1658.4031877510708
71920.0,1520.456370263383
71940.0,1334.4686790557698
71960.0,1114.8363080320817
71980.0,888.8164745993924
72000.0,692.06615386594
72020.0,558.5300710197932
72040.0,510.7323350006201
72060.0,555.0583603670364
72080.0,681.1962315061285
72100.0,864.7402773569274
72120.0,1073.2369527710646
72140.0,1275.4565797940943
72160.0,1449.4678621202452
72180.0,1585.1563451924562
72200.0,1681.9149877081989
72220.0,1744.0629902391745
72240.0,1776.045671889367
72260.0,1778.8462824151295
72280.0,1748.5135246895147
72300.0,1677.1825582384197
72320.0,1556.4353971544774
72340.0,1382.3064928876415
72360.0,1160.5854139024818
72380.0,910.2316553261253
72400.0,661.9466934374063
72420.0,450.2594028127686
72440.0,304.2191651508204
72460.0,242.52317698092074
72480.0,272.2475485594665
72500.0,388.9319918402405
72520.0,576.9669865036591
72540.0,810.6610152680231
72560.0,1057.6794003380958
72580.0,1286.4029168016384
72600.0,1473.9121387009643
72620.0,1608.9278872400998
72640.0,1689.660698606665
72660.0,1719.4383441327536
72680.0,1702.556550901884
72700.0,1641.8570748771858
72720.0,1538.6886839926447
72740.0,1395.0937889296806
72760.0,1217.268024710324
72780.0,1018.6793988014803
72800.0,820.5940749482459
72820.0,647.5800555439916
72840.0,519.3114808208124
72860.0,445.139682819933
72880.0,423.8572698720976
72900.0,446.57062227235735
72920.0,500.5405657113985
72940.0,572.6509839328994
72960.0,651.8597488967058
72980.0,730.4894323305402
73000.0,804.516597368115
73020.0,873.1468142024951
73040.0,937.9681336413098
73060.0,1001.9146577820287
73080.0,1068.1944706078916
73100.0,1139.280216277248
73120.0,1216.0476226779854
73140.0,1297.1819432765762
73160.0,1379.0433713056113
73180.0,1456.2619513963214
73200.0,1523.263376773355
73220.0,1576.1766602148543
73240.0,1613.8379249872464
73260.0,1637.5385994495969
73280.0,1650.1241603949554
73300.0,1654.9952138595322
73320.0,1655.3061000141358
73340.0,1653.5080827676727
73360.0,1651.2231350054876
73380.0,1649.2996833495533
73400.0,1647.9211699277057
73420.0,1646.8134480437177
73440.0,1645.5525583184633
73460.0,1643.841751685556
73480.0,1641.662994436157
73500.0,1639.2573827277706
73520.0,1637.0059787531568
73540.0,1635.3007477173996
73560.0,1634.3887939700276
73580.0,1634.176206206949
73600.0,1634.0344671347254
73620.0,1632.823445416
73640.0,1629.3086539301025
73660.0,1622.6890058359668
73680.0,1612.8537678001094
73700.0,1600.3147756329279
73720.0,1585.9501120032485
73740.0,1570.6967675909968
73760.0,1555.2796501418134
73780.0,1540.0536702435186
73800.0,1524.970716585923
73820.0,1509.642972037911
73840.0,1493.488867901105
73860.0,1475.9429707015047
73880.0,1456.7045847301767
73900.0,1435.9545025211114
73920.0,1414.4420258245618
73940.0,1393.3600687234107
73960.0,1374.0132741311324
73980.0,1357.4691422998587
74000.0,1344.3794820620346
74020.0,1335.017779782642
74040.0,1329.443636501464
74060.0,1327.6653856661105
74080.0,1329.7356007244682
74100.0,1335.7353122473464
74120.0,1345.6317158259003
74140.0,1359.0829593489539
74160.0,1375.2625357565416
74180.0,1392.8403374795155
74200.0,1410.280278279037
74220.0,1426.358414618337
74240.0,1440.4861940231901
74260.0,1452.6699765908502
74280.0,1463.2134357310774
74300.0,1472.3326304610364
74320.0,1479.8673743094562
74340.0,1485.1859178131701
74360.0,1487.3042784257707
74380.0,1485.1836110282218
74400.0,1478.148656161924
74420.0,1466.3447365767747
74440.0,1451.1364988163837
74460.0,1435.2671820803828
74480.0,1422.4425159399084
74500.0,1416.227886884004
74520.0,1418.732735956887
74540.0,1429.6459273682456
74560.0,1445.7509308206786
74580.0,1460.8423698875445
74600.0,1466.1633339362747
74620.0,1451.5384131562143
74640.0,1407.3165824246494
74660.0,1327.0818028427552
74680.0,1210.782032627784
74700.0,1067.4735266804116
74720.0,916.3001188410237
74740.0,783.8376981328205
74760.0,696.5932148005818
74780.0,672.2920037385514
74800.0,715.8011654382732
74820.0,819.7257790119472
74840.0,967.4062224435125
74860.0,1136.8348001587765
74880.0,1304.942218323018
74900.0,1452.1814763490906
74920.0,1566.3598756103652
74940.0,1643.7885432607836
74960.0,1687.8128247556458
74980.0,1706.0972483238638
75000.0,1707.815869932206
75020.0,1701.4275624444576
75040.0,1693.2885986434765
75060.0,1687.1145621890132
75080.0,1684.1198127035018
75100.0,1683.604228243282
75120.0,1683.7750757382905
75140.0,1682.6084328154743
75160.0,1678.5807239809183
75180.0,1671.1500905769267
75200.0,1660.850128968071
75220.0,1648.9163796469234
75240.0,1636.644520536724
75260.0,1624.8943345167065
75280.0,1613.9678808140086
75300.0,1603.7543077838209
75320.0,1593.9422829932569
75340.0,1584.2041106478605
75360.0,1574.3311878652364
75380.0,1564.3028053792004
75400.0,1554.2767765904125
75420.0,1544.5432434655436
75440.0,1535.4937307829855
75460.0,1527.5799241682116
75480.0,1521.2836569509532
75500.0,1517.0983502563208
75520.0,1515.4570785794756
75540.0,1516.595335722504
75560.0,1520.4283754104324
75580.0,1526.4919017519424
75600.0,1533.8946469110276
75620.0,1541.3390891354604
75640.0,1547.3687225144974
75660.0,1550.8015686749914
75680.0,1551.0327090918393
75700.0,1548.0539036628493
75720.0,1542.2522946932445
75740.0,1534.1162704839796
75760.0,1523.9967595312257
75780.0,1512.003666384601
75800.0,1498.0070996873562
75820.0,1481.7268658493324
75840.0,1462.953158205472
75860.0,1441.8667621347606
75880.0,1419.3139682411204
75900.0,1396.8340601437208
75920.0,1376.305623552319
75940.0,1359.3759677467067
75960.0,1347.0238651279446
75980.0,1339.4922125851763
76000.0,1336.5031092727365
76020.0,1337.570259282327
76040.0,1342.2822225724121
76060.0,1350.4698706404379
76080.0,1362.1983953514168
76100.0,1377.5619739958377
76120.0,1396.3455632652888
76140.0,1417.7041905983867
76160.0,1440.0616700800256
76180.0,1461.4398278614376
76200.0,1480.1726699552023
76220.0,1495.4518945278298
76240.0,1507.35516334003
76260.0,1516.5169086705505
76280.0,1523.7239128938188
76300.0,1529.5974450917624
76320.0,1534.4385172444372
76340.0,1538.2401471632452
76360.0,1540.8236802735182
76380.0,1542.0546926021684
76400.0,1542.0741210691363
76420.0,1541.4292627233801
76440.0,1540.9770770113885
76460.0,1541.5607284051807
76480.0,1543.6621427568311
76500.0,1547.237055305688
76520.0,1551.76618602079
76540.0,1556.4486197275833
76560.0,1560.4616557133008
76580.0,1563.2079093748796
76600.0,1564.5168317685752
76620.0,1564.7779073188644
76640.0,1564.9495445130897
76660.0,1566.38373870937
76680.0,1570.4697594982279
76700.0,1578.1724916303758
76720.0,1589.5162474875056
76740.0,1603.0606244949179
76760.0,1615.4544426418963
76780.0,1621.226645515355
76800.0,1613.0405572684701
76820.0,1582.6591717875053
76840.0,1522.8013181983629
76860.0,1429.7512691831396
76880.0,1306.1887124535383
76900.0,1163.2911396463453
76920.0,1020.6755989816231
76940.0,902.3934281214515
76960.0,829.1786880983054
76980.0,812.168823805458
77000.0,851.393235960496
77020.0,937.5092971321985
77040.0,1054.897131626753
77060.0,1185.058018673029
77080.0,1309.9905466794044
77100.0,1415.5460938515712
77120.0,1493.9122279035778
77140.0,1543.891198181534
77160.0,1569.3439178703188
77180.0,1576.9359046179748
77200.0,1574.0226809545034
77220.0,1567.0983973803611
77240.0,1560.9008088954474
77260.0,1558.1007786354648
77280.0,1559.4685767295682
77300.0,1564.3434459169312
77320.0,1571.1032396528776
77340.0,1577.462093959905
77360.0,1580.7574484335623
77380.0,1578.3808310809718
77400.0,1568.3584100164749
77420.0,1549.9831793989988
77440.0,1524.2827698410383
77460.0,1494.032418565925
77480.0,1463.0660222644801
77500.0,1435.1967370513044
77520.0,1413.4874560521168
77540.0,1400.0996933344813
77560.0,1396.4193524474583
77580.0,1403.1685675312206
77600.0,1420.343492228148
77620.0,1446.9590680023234
77640.0,1480.7174756823774
77660.0,1517.8721819526295
77680.0,1553.71887535576
77700.0,1583.8589613188847
77720.0,1605.51588211083
77740.0,1618.1159042834838
77760.0,1623.0583552784676
77780.0,1623.0827147146879
77800.0,1621.557741943952
77820.0,1621.7886476518695
77840.0,1626.3388881151598
77860.0,1636.3241671614096
77880.0,1650.7023091749518
77900.0,1665.6807108678597
77920.0,1674.4569133423265
77940.0,1667.574022320745
77960.0,1634.1643995306517
77980.0,1564.2110161367498
78000.0,1451.6843810815162
78020.0,1298.0460643713966
78040.0,1115.0298929685575
78060.0,924.8796726123271
78080.0,755.7828131900078
78100.0,632.8457351469178
78120.0,571.0688758888299
78140.0,574.0006870925415
78160.0,635.9730026701609
78180.0,745.4330889438696
78200.0,887.8608558806294
78220.0,1047.6888991634712
78240.0,1209.397594799147
78260.0,1358.4849492881342
78280.0,1483.1917344691171
78300.0,1576.8115679944306
78320.0,1638.6195249096177
78340.0,1672.7470902806297
78360.0,1686.099660418557
78380.0,1686.3081444601444
78400.0,1680.2022961199496
78420.0,1672.9540580788976
78440.0,1667.8311470927795
78460.0,1666.382069776991
78480.0,1668.8378580203268
78500.0,1674.5684370529907
78520.0,1682.489691668205
78540.0,1691.3785132087148
78560.0,1700.093066140834
78580.0,1707.6910745007783
78600.0,1713.462197550835
78620.0,1716.9233186894883
78640.0,1717.8368173241347
78660.0,1716.266477192338
78680.0,1712.6702623983415
78700.0,1707.9843628443966
78720.0,1703.6311833849227
78740.0,1701.37821845818
78760.0,1702.9655992148207
78780.0,1709.4985703741622
78800.0,1720.6861306836563
78820.0,1734.043023249511
78840.0,1744.2362249770754
78860.0,1742.8821189552896
78880.0,1719.1608658333075
78900.0,1661.5574592178866
78920.0,1560.8012445605975
78940.0,1413.6807940031217
78960.0,1226.8513238592855
78980.0,1019.0570915113276
79000.0,819.4764770892414
79020.0,660.1361856662061
79040.0,565.5881579740425
79060.0,547.2973516428985
79080.0,603.6515518836022
79100.0,722.7674759226071
79120.0,885.9827256919691
79140.0,1071.0826731343245
79160.0,1255.2962982945257
79180.0,1418.7046073585343
79200.0,1548.013544162641
79220.0,1638.574579029014
79240.0,1693.4030550778662
79260.0,1720.368636188518
79280.0,1729.0186273472616
79300.0,1727.950440053973
79320.0,1723.1570824907715
79340.0,1717.3629324832054
79360.0,1710.1925090388372
79380.0,1699.0123508228958
79400.0,1680.2619133462363
79420.0,1651.0135623015344
79440.0,1610.4014643016376
79460.0,1560.4648626113417
79480.0,1505.8474039560492
79500.0,1452.0639765376588
79520.0,1403.525417474448
79540.0,1362.571076380538
79560.0,1329.414675620217
79580.0,1302.601069771227
79600.0,1279.6715608154948
79620.0,1257.8545097205697
79640.0,1234.69629107149
79660.0,1208.6090673357526
79680.0,1179.3311226713254
79700.0,1148.2773890870458
79720.0,1118.7159397860737
79740.0,1095.661573897756
79760.0,1085.356527794672
79780.0,1094.2395805206352
79800.0,1127.4148881894357
79820.0,1186.838516870541
79840.0,1269.7449308244638
79860.0,1368.1982647445134
79880.0,1470.7187392975186
79900.0,1565.751615725207
79920.0,1645.0374224747798
79940.0,1705.102891998266
79960.0,1746.736206785768
79980.0,1773.3430996033544
80000.0,1789.0389644190884
80020.0,1796.9771465432593
80040.0,1798.2433621706925
80060.0,1791.5111868732115
80080.0,1773.5374138833977
80100.0,1740.415719761288
80120.0,1689.3116240640127
80140.0,1620.223222899474
80160.0,1537.0768376321873
80180.0,1447.3047729593284
80200.0,1359.896036428676
80220.0,1283.6821371917251
80240.0,1226.7076082585077
80260.0,1196.0533701676864
80280.0,1197.3977117507177
80300.0,1233.9013282579408
80320.0,1304.4220484606622
80340.0,1401.571186747717
80360.0,1510.6718309661474
80380.0,1611.0606130233048
80400.0,1680.1470699250372
80420.0,1698.0160851834257
80440.0,1650.8215906330508
80460.0,1533.4089503913035
80480.0,1351.5759648437788
80500.0,1123.3557902552463
80520.0,877.5912060652865
80540.0,647.4676261153788
80560.0,460.2719484967446
80580.0,330.69173806330826
80600.0,260.3598135697347
80620.0,241.13085936987204
80640.0,259.58331402785336
80660.0,301.14283671330577
80680.0,353.0271715499315
80700.0,405.81585652433466
80720.0,453.82857524347435
80740.0,494.67636182473245
80760.0,528.3797544083648
80780.0,556.3843519972961
80800.0,580.6984244911963
80820.0,603.267731786245
80840.0,625.613025568107
80860.0,648.6958875585284
80880.0,672.9486638770292
80900.0,698.3983589403167
80920.0,724.8240983505304
80940.0,751.9049998400558
80960.0,779.333599142376
80980.0,806.8853236548728
81000.0,834.445136262301
81020.0,861.9984219693249
81040.0,889.5956242324795
81060.0,917.3006781717304
81080.0,945.1334479562589
81100.0,973.017139577111
81120.0,1000.7432212500742
81140.0,1027.9680508181673
81160.0,1054.2556940783618
81180.0,1079.1783230159567
81200.0,1102.4771162475329
81220.0,1124.2714909194976
81240.0,1145.2831537216402
81260.0,1167.01679385765
81280.0,1191.8174186311708
81300.0,1222.7148978395248
81320.0,1262.9813720475481
81340.0,1315.3794889565047
81360.0,1381.1788471690895
81380.0,1459.1672018162576
81400.0,1545.0727203196059
81420.0,1632.0052902443713
81440.0,1712.3703493330959
81460.0,1780.315842913602
81480.0,1832.7992055815034
81500.0,1869.0182947914905
81520.0,1889.1472095987745
81540.0,1893.167953019558
81560.0,1880.2969555236346
81580.0,1849.196253800755
81600.0,1798.918030217657
81620.0,1730.2885584298024
81640.0,1647.1158563431406
81660.0,1556.268368176699
81680.0,1465.916849406917
81700.0,1383.3457761483694
81720.0,1314.1686808523834
81740.0,1262.723755641848
81760.0,1232.7923430641076
81780.0,1227.9544351946456
81800.0,1251.1792248746679
81820.0,1303.595249950075
81840.0,1382.7872903271298
81860.0,1481.4127122543691
81880.0,1587.3709397558528
81900.0,1686.6914324850582
81920.0,1768.0502423035118
81940.0,1825.6091451542827
81960.0,1859.1212315199032
81980.0,1872.4283370690057
82000.0,1871.4761732546817
82020.0,1862.5511124726497
82040.0,1851.0498978454234
82060.0,1840.8367937980188
82080.0,1834.1203623422261
82100.0,1831.7013885769563
82120.0,1833.3836587821625
82140.0,1838.3538399969148
82160.0,1845.4712577959103
82180.0,1853.4697735564641
82200.0,1861.0778649270046
82220.0,1867.0915484576042
82240.0,1870.4778429381345
82260.0,1870.5937556503955
82280.0,1867.4356386055774
82300.0,1861.5755302762482
82320.0,1853.8190949752407
82340.0,1844.912961087825
82360.0,1835.399632255505
82380.0,1825.57447681642
82400.0,1815.47083853112
82420.0,1804.83688189442
82440.0,1793.139486749657
82460.0,1779.6454630002947
82480.0,1763.6241732089002
82500.0,1744.6646653268713
82520.0,1723.0351250917188
82540.0,1699.9147223755106
82560.0,1677.2392122665497
82580.0,1657.1318781082568
82600.0,1641.3159018644662
82620.0,1630.7813840768185
82640.0,1625.7420303266267
82660.0,1625.8337867962828
82680.0,1630.4088567815413
82700.0,1638.758614644245
82720.0,1650.1204479513065
82740.0,1663.5686691569142
82760.0,1677.9560544662388
82780.0,1691.9727161871292
82800.0,1704.3088415260852
82820.0,1713.9181590849705
82840.0,1720.2810337051774
82860.0,1723.457743863498
82880.0,1723.9491560878614
82900.0,1722.4866538443523
82920.0,1719.835948361917
82940.0,1716.657036530559
82960.0,1713.431165304632
82980.0,1710.446047335122
83000.0,1707.8213146143567
83020.0,1705.554647479325
83040.0,1703.5722153186657
83060.0,1701.772383907172
83080.0,1700.0571314969834
83100.0,1698.3500898197158
83120.0,1696.6030880201051
83140.0,1694.7945309483882
83160.0,1692.9231907531478
83180.0,1691.0004541312387
83200.0,1689.0431571319245
83220.0,1687.0681775119344
83240.0,1685.08914729618
83260.0,1683.1150905404252
83280.0,1681.1504926400387
83300.0,1679.1962233474392
83320.0,1677.2507974170917
83340.0,1675.311594716167
83360.0,1673.3758187396338
83380.0,1671.4411105747745
83400.0,1669.505835086884
83420.0,1667.5691131931064
83440.0,1665.6306942786548
83460.0,1663.6907567371866
83480.0,1661.7497038361842
83500.0,1659.807996467227
83520.0,1657.8660407468838
83540.0,1655.9241306669933
83560.0,1653.982435205437
83580.0,1652.0410148430187
83600.0,1650.0998526586427
83620.0,1648.158888196314
83640.0,1646.218046421624
83660.0,1644.2772580755532
83680.0,1642.336470864755
83700.0,1640.3956529314232
83720.0,1638.454790977626
83740.0,1636.5138855205607
83760.0,1634.57294533491
83780.0,1632.631982484163
83800.0,1630.6910086750354
83820.0,1628.7500331214949
83840.0,1626.8090617372538
83860.0,1624.8680972890274
83880.0,1622.9271401014876
83900.0,1620.9861889588503
83920.0,1619.045241949733
83940.0,1617.1042971137608
83960.0,1615.1633528422776
83980.0,1613.2224080522913
84000.0,1611.2814621894454
84020.0,1609.340515127054
84040.0,1607.3995670218364
84060.0,1605.4586181713703
84080.0,1603.5176689005657
84100.0,1601.5767194877808
84120.0,1599.6357701291417
84140.0,1597.6948209327186
84160.0,1595.7538719322731
84180.0,1593.812923110121
84200.0,1591.8719744209259
84220.0,1589.931025811392
84240.0,1587.9900772337737
84260.0,1586.0491286530073
84280.0,1584.1081800485258
84300.0,1582.1672314124226
84320.0,1580.226282746048
84340.0,1578.2853340562317
84360.0,1576.344385351654
84380.0,1574.4034366403246
84400.0,1572.4624879283838
84420.0,1570.5215392197488
84440.0,1568.5805905161094
84460.0,1566.639641817501
84480.0,1564.6986931229915
84500.0,1562.7577444312205
84520.0,1560.8167957408455
84540.0,1558.8758470507828
84560.0,1556.9348983603113
84580.0,1554.9939496690915
84600.0,1553.0530009770002
84620.0,1551.1120522841593
84640.0,1549.1711035908743
84660.0,1547.2301548973833
84680.0,1545.2892062038093
84700.0,1543.3482575102378
84720.0,1541.4073088166901
84740.0,1539.4663601231991
84760.0,1537.5254114298311
84780.0,1535.5844627366198
84800.0,1533.6435140435483
84820.0,1531.7025653506334
84840.0,1529.7616166579428
84860.0,1527.8206679654527
84880.0,1525.8797192730376
84900.0,1523.9387705806112
84920.0,1521.9978218880453
84940.0,1520.056873195103
84960.0,1518.115924501459
84980.0,1516.1749758067883
85000.0,1514.2340271108792
85020.0,1512.293078413813
85040.0,1510.3521297160464
85060.0,1508.411181018645
85080.0,1506.4702323232646
85100.0,1504.5292836319081
85120.0,1502.588334946605
85140.0,1500.6473862687806
85160.0,1498.7064375984091
85180.0,1496.7654889330875
85200.0,1494.8245402672503
85220.0,1492.8835915917741
85240.0,1490.9426428946556
85260.0,1489.001694163004
85280.0,1487.0607453866282
85300.0,1485.1197965630831
85320.0,1483.1788477035243
85340.0,1481.2378988379005
85360.0,1479.2969500176719
85380.0,1477.3560013133515
85400.0,1475.4150528041976
85420.0,1473.474104558521
85440.0,1471.5331566045372
85460.0,1469.5922088950392
85480.0,1467.6512612733663
85500.0,1465.710313452375
85520.0,1463.7693650215176
85540.0,1461.8284154982416
85560.0,1459.8874644361445
85580.0,1457.9465115920825
85600.0,1456.0055571371522
85620.0,1454.0646018721413
85640.0,1452.123647381095
85660.0,1450.1826960334208
85680.0,1448.2417507350506
85700.0,1446.300814344336
85720.0,1444.3598887219803
85740.0,1442.4189734815366
85760.0,1440.4780646463591
85780.0,1438.5371535840172
85800.0,1436.596226741795
85820.0,1434.6552667912993
85840.0,1432.714255734442
85860.0,1430.7731802528408
85880.0,1428.8320390452286
85900.0,1426.8908510921233
85920.0,1424.9496627961112
85940.0,1423.0085509676849
85960.0,1421.0676179843008
85980.0,1419.126975568707
86000.0,1417.1867149710524
86020.0,1415.246864264083
86040.0,1413.307338067483
86060.0,1411.3678909219757
86080.0,1409.4280916870111
86100.0,1407.4873409204513
86120.0,1405.544953717063
86140.0,1403.6003241129813
86160.0,1401.6531714565579
86180.0,1399.7038430547086
86200.0,1397.753612537827
86220.0,1395.8048752248917
86240.0,1393.8611104318409
86260.0,1391.9264706820327
86280.0,1390.0048863013626
86300.0,1388.0986568872718
86320.0,1386.2066475168083
86340.0,1384.3224116269178
86360.0,1382.432796325792
86380.0,1380.5177937421588
86400.0,1378.5525001265687
86420.0,1376.5119296241294
86440.0,1374.3789998988414
86460.0,1372.155194729764
86480.0,1369.8722259347867
86500.0,1367.6016019991093
86520.0,1365.457667337219
86540.0,1363.5888835574983
86560.0,1362.1524981305588
86580.0,1361.2699299131405
86600.0,1360.9646779441562
86620.0,1361.0913929514118
86640.0,1361.2732905002472
86660.0,1360.8737141612396
86680.0,1359.033685232013
86700.0,1354.807106310648
86720.0,1347.4149942150957
86740.0,1336.6165135404717
86760.0,1323.1567452805066
86780.0,1309.2022296793052
86800.0,1298.624368587005
86820.0,1296.9536245529187
86840.0,1310.8264359834495
86860.0,1346.8080572727945
86880.0,1409.6228434212505
86900.0,1500.0741435253208
86920.0,1613.2853936457673
86940.0,1738.3084262004304
86960.0,1860.3769788695943
86980.0,1965.6878763605432
87000.0,2045.5602653201217
87020.0,2097.6100617294837
87040.0,2124.6293602228984
87060.0,2132.530602794747
87080.0,2128.2920773479664
87100.0,2118.387867206286
87120.0,2107.865940378682
87140.0,2100.0571742477614
87160.0,2096.7334283246396
87180.0,2098.4899330895446
87200.0,2105.145932320741
87220.0,2116.0022300462347
87240.0,2129.8847113941692
87260.0,2145.003048477607
87280.0,2158.722765122817
87300.0,2167.391188624234
87320.0,2166.3597110533183
87340.0,2150.35480837439
87360.0,2114.2832833177526
87380.0,2054.4427633759547
87400.0,1969.9792635523415
87420.0,1864.1489397591347
87440.0,1744.5917806689745
87460.0,1621.6595305838869
87480.0,1505.1610689543481
87500.0,1402.1688748575534
87520.0,1316.94215742505
87540.0,1252.0621060214469
87560.0,1209.759443538493
87580.0,1192.6885587767433
87600.0,1203.7295631695113
87620.0,1244.765838863204
87640.0,1314.7929119222222
87660.0,1408.1642219453456
87680.0,1514.2263779491418
87700.0,1619.5045333748853
87720.0,1711.7267947381865
87740.0,1783.1130150098998
87760.0,1831.3847209839332
87780.0,1858.8693122210784
87800.0,1870.7009396471992
87820.0,1872.937680387095
87840.0,1871.1058069103606
87860.0,1869.3363448433652
87880.0,1870.0365369729166
87900.0,1873.9988193973702
87920.0,1880.8069129361581
87940.0,1889.3356781056032
87960.0,1898.2041842799863
87980.0,1906.1071286816957
88000.0,1912.0084890699104
88020.0,1915.218397834591
88040.0,1915.389406357234
88060.0,1912.488606064139
88080.0,1906.768016520927
88100.0,1898.7088721799712
88120.0,1888.9419340657896
88140.0,1878.170105548476
88160.0,1867.0801364255458
88180.0,1856.238939797668
88200.0,1846.001383299168
88220.0,1836.457142855963
88240.0,1827.4296805236995
88260.0,1818.5419216651849
88280.0,1809.3708201586887
88300.0,1799.6850733190283
88320.0,1789.696289965475
88340.0,1780.2359883115594
88360.0,1772.758735745915
88380.0,1769.1189160598442
88400.0,1771.0857415025912
88420.0,1779.6078610162235
88440.0,1793.927604636448
88460.0,1810.723359171617
88480.0,1823.5455060765278
88500.0,1822.8144976685787
88520.0,1796.65839964564
88540.0,1732.8816501150782
88560.0,1622.1216130358603
88580.0,1461.7874784441344
88600.0,1259.7423383572732
88620.0,1035.9785987500425
88640.0,819.7700461186485
88660.0,640.8799289533596
88680.0,520.1600805310743
88700.0,466.1557265937922
88720.0,476.87868543264585
88740.0,543.6814569889859
88760.0,655.0169428582461
88780.0,798.88588452016
88800.0,963.6676511497084
88820.0,1137.7471026195076
88840.0,1308.876934480205
88860.0,1464.5238962829085
88880.0,1594.064411979425
88900.0,1691.6305118987045
88920.0,1757.122036119314
88940.0,1795.063230718144
88960.0,1812.5214414237264
88980.0,1817.0479784209388
89000.0,1815.1331495593677
89020.0,1811.3785936749744
89040.0,1808.3363773675228
89060.0,1806.8481452741776
89080.0,1806.7167694219545
89100.0,1807.4997544419286
89120.0,1809.1897808650556
89140.0,1812.568926649994
89160.0,1819.1399817713307
89180.0,1830.7782735433927
89200.0,1849.1932134286958
89220.0,1875.1270638650071
89240.0,1907.3544224789662
89260.0,1941.6702808883922
89280.0,1970.1213334384254
89300.0,1980.8870785263625
89320.0,1959.2725468905749
89340.0,1890.1732725281495
89360.0,1762.090988198925
89380.0,1572.24733933181
89400.0,1331.5430160105993
89420.0,1067.151763938625
89440.0,819.7676218496612
89460.0,633.5180871522119
89480.0,543.0467421781411
89500.0,564.6372603717024
89520.0,692.4773323722028
89540.0,899.833131992786
89560.0,1146.1517859237442
89580.0,1389.5334607922591
89600.0,1598.4180867682146
89620.0,1756.7407653141502
89640.0,1862.6787283342921
89660.0,1923.791516707925
89680.0,1951.1321411280624
89700.0,1954.0660109561024
89720.0,1936.8219847929468
89740.0,1897.315622236114
89760.0,1828.3726193347916
89780.0,1721.1435901486743
89800.0,1570.0578511700112
89820.0,1378.0815148200147
89840.0,1160.4562776674768
89860.0,944.5151128855316
89880.0,763.1372316033039
89900.0,644.1892617422066
89920.0,603.7929852766327
89940.0,645.3002913017447
89960.0,761.2095312652561
89980.0,935.7829016115451
90000.0,1147.3939513025416
90020.0,1370.8017003414434
90040.0,1580.4147167361002
90060.0,1755.2305374352775
90080.0,1883.2738377902592
90100.0,1962.543983104085
90120.0,1998.8350488738924
90140.0,2002.4015274225967
90160.0,1984.8628987185687
90180.0,1956.9604077510733
90200.0,1927.2528821060775
90220.0,1901.5533116336046
90240.0,1882.8858510481691
90260.0,1871.8941063678624
90280.0,1867.5933858313451
90300.0,1868.225614670866
90320.0,1871.983672184556
90340.0,1877.456322079485
90360.0,1883.7989404293646
90380.0,1890.7020302876294
90400.0,1898.235308693226
90420.0,1906.6393766927636
90440.0,1916.0927848469062
90460.0,1926.5002569677533
90480.0,1937.365642201812
90500.0,1947.8146840954184
90520.0,1956.8148558330697
90540.0,1963.4961078943895
90560.0,1967.3106558888023
90580.0,1967.9916694820054
90600.0,1965.4391955586034
90620.0,1959.6590900410822
90640.0,1950.7917353660482
90660.0,1939.2013947300275
90680.0,1925.587049820019
90700.0,1911.0280403063675
90720.0,1896.8466445917124
90740.0,1884.2745708718558
90760.0,1874.0932580642057
90780.0,1866.4539448054052
90800.0,1860.9497344423448
90820.0,1856.863021021182
90840.0,1853.5076799365215
90860.0,1850.574416272905
90880.0,1848.3609815856603
90900.0,1847.8303348477475
90920.0,1850.4629570756201
90940.0,1857.8813797570097
90960.0,1871.2295244543893
90980.0,1890.3787114185598
91000.0,1913.0908794697448
91020.0,1934.3216343266693
91040.0,1945.9197557574764
91060.0,1937.061251978887
91080.0,1895.7141738025828
91100.0,1811.2678188664663
91120.0,1678.0979927366436
91140.0,1499.2911879396565
91160.0,1289.0722615408586
91180.0,1071.7386816299004
91200.0,875.0024359189141
91220.0,720.5404345838376
91240.0,618.7961459020114
91260.0,569.192548846848
91280.0,563.268681961065
91300.0,588.634223475404
91320.0,632.4427972863136
91340.0,683.7738665434626
91360.0,734.8163554686728
91380.0,781.0527453493861
91400.0,820.7765349676598
91420.0,854.2847599476778
91440.0,883.021175992473
91460.0,908.8487772311489
91480.0,933.5346821573443
91500.0,958.4551137006374
91520.0,984.4808608790714
91540.0,1011.983588234409
91560.0,1040.9050832470798
91580.0,1070.847336422305
91600.0,1101.1634344886847
91620.0,1131.0507607798393
91640.0,1159.663457249135
91660.0,1186.2665017371942
91680.0,1210.4466576087082
91700.0,1232.3754326887974
91720.0,1253.0880617703701
91740.0,1274.7058081869623
91760.0,1300.4960691240478
91780.0,1334.6495772365774
91800.0,1381.6732867221035
91820.0,1445.3686629431238
91840.0,1527.5014005660457
91860.0,1626.473495718205
91880.0,1736.569151321951
91900.0,1848.5865191894238
91920.0,1952.2980376587009
91940.0,2039.4792730371519
91960.0,2105.495406767323
91980.0,2148.930585408966
92000.0,2170.0568615807015
92020.0,2169.103933489279
92040.0,2145.1642482599564
92060.0,2096.2964242865473
92080.0,2020.880213148379
92100.0,1919.7366517397925
92120.0,1798.1681623953755
92140.0,1666.753267499802
92160.0,1539.6146921204668
92180.0,1430.859199670418
92200.0,1352.0269871717724
92220.0,1311.1100227113475
92240.0,1312.155089249061
92260.0,1354.747770460233
92280.0,1433.2681286885274
92300.0,1536.4680732626819
92320.0,1648.5485304514223
92340.0,1752.8626668403995
92360.0,1836.824256537675
92380.0,1894.5262554257122
92400.0,1926.336591471802
92420.0,1936.898812595981
92440.0,1932.762922518741
92460.0,1920.3952306789301
92480.0,1904.982179706556
92500.0,1890.0839510472847
92520.0,1877.8524412619197
92540.0,1869.3109617469229
92560.0,1864.5148846527165
92580.0,1862.8211291015346
92600.0,1863.2540242979528
92620.0,1864.7805138315173
92640.0,1866.4670348281084
92660.0,1867.5414360388052
92680.0,1867.3777474650851
92700.0,1865.4491480583936
92720.0,1861.3262425339904
92740.0,1854.7514327151493
92760.0,1845.7514779503242
92780.0,1834.763301513633
92800.0,1822.7322703130055
92820.0,1811.0610071387066
92840.0,1801.261723320041
92860.0,1794.4413717356256
92880.0,1791.0206190458514
92900.0,1790.7927651352402
92920.0,1793.149994910415
92940.0,1797.3219116942516
92960.0,1802.5582487241604
92980.0,1808.241763480043
93000.0,1813.945998727101
93020.0,1819.46408653135
93040.0,1824.812464574266
93060.0,1830.226184926456
93080.0,1836.1122854312823
93100.0,1842.9060720865987
93120.0,1850.8353446855872
93140.0,1859.631713482635
93160.0,1868.255669867753
93180.0,1874.701924659757
93200.0,1875.9325071552012
93220.0,1868.0794161103538
93240.0,1847.0980250890213
93260.0,1809.8130040453202
93280.0,1755.0909848940878
93300.0,1684.8109454915793
93320.0,1604.2413148766052
93340.0,1521.7044475499226
93360.0,1447.7224897170079
93380.0,1393.6857009145267
93400.0,1369.973943123135
93420.0,1383.5944699481608
93440.0,1435.7169645551767
93460.0,1519.9625992499734
93480.0,1622.8614031408765
93500.0,1727.7704289688238
93520.0,1820.4748133750454
93540.0,1892.5088987105505
93560.0,1941.4603313398025
93580.0,1969.5537823365182
93600.0,1981.6579236386544
93620.0,1983.4634512907276
93640.0,1980.206233201469
93660.0,1975.9762862036168
93680.0,1973.4942843373597
93700.0,1974.2387807130824
93720.0,1978.79183584733
93740.0,1987.2144746776162
93760.0,1999.3032092436824
93780.0,2014.641677598935
93800.0,2032.443380558135
93820.0,2051.2314141811253
93840.0,2068.4592757472624
93860.0,2080.238236437253
93880.0,2081.346366766125
93900.0,2065.688760084693
93920.0,2027.3401280579121
93940.0,1962.190793545081
93960.0,1869.956294819401
93980.0,1755.962339656206
94000.0,1631.726504577668
94020.0,1513.0889834502882
94040.0,1416.0860286379252
94060.0,1353.3930983811601
94080.0,1332.563806207952
94100.0,1355.2878286571395
94120.0,1417.0650759140788
94140.0,1507.339683868367
94160.0,1610.809665310025
94180.0,1710.9003537488866
94200.0,1794.4695726135317
94220.0,1854.5536790688882
94240.0,1890.3070933975152
94260.0,1905.3355456173535
94280.0,1905.5723927387844
94300.0,1897.3994708739913
94320.0,1886.325542685414
94340.0,1876.3010413419822
94360.0,1869.5832385096558
94380.0,1866.966980431155
94400.0,1868.2035901752374
94420.0,1872.4902343738795
94440.0,1878.9283191928578
94460.0,1886.8263067051296
94480.0,1895.7682923923949
94500.0,1905.4584211009956
94520.0,1915.3991171814191
94540.0,1924.4914003097972
94560.0,1930.666853114486
94580.0,1930.708971448733
94600.0,1920.4407905047997
94620.0,1895.385959344881
94640.0,1851.8790901458647
94660.0,1788.4770089687547
94680.0,1707.300867334423
94700.0,1614.6309247273944
94720.0,1520.0750524434584
94740.0,1434.778971505168
94760.0,1369.7583015460436
94780.0,1334.3932072047544
94800.0,1334.8024743575465
94820.0,1372.1068176771937
94840.0,1441.05664375584
94860.0,1530.0509111334081
94880.0,1623.8388897404436
94900.0,1708.4208810718646
94920.0,1774.7973125756969
94940.0,1819.831708337902
94960.0,1845.1574930184488
94980.0,1855.3148523218674
95000.0,1855.8995472364172
95020.0,1852.1388740930117
95040.0,1848.049448110621
95060.0,1846.1086929954822
95080.0,1847.28983043139
95100.0,1851.3460870140989
95120.0,1857.2267293337088
95140.0,1863.5362939593342
95160.0,1868.9648952953096
95180.0,1872.635267695407
95200.0,1874.3298089335046
95220.0,1874.5665328283176
95240.0,1874.5303285483255
95260.0,1875.863187977744
95280.0,1880.2910870929995
95300.0,1889.0763565038724
95320.0,1902.307565730278
95340.0,1918.1181062377905
95360.0,1932.0140226262367
95380.0,1936.576676170709
95400.0,1921.8456106501915
95420.0,1876.6520981975204
95440.0,1791.027370726578
95460.0,1659.4487197072795
95480.0,1484.1881111297075
95500.0,1277.4567879119377
95520.0,1060.5898890083513
95540.0,860.0611732832782
95560.0,702.8804726978866
95580.0,612.4697747872809
95600.0,604.5567100365904
95620.0,683.0727563477925
95640.0,837.0872916988255
95660.0,1041.0452810854676
95680.0,1260.8370046096127
95700.0,1464.2972566063731
95720.0,1629.8926678715586
95740.0,1749.5241211540456
95760.0,1826.2860087239346
95780.0,1869.7529167319276
95800.0,1890.8648511656077
95820.0,1897.6910269846808
95840.0,1892.757305175177
95860.0,1872.273921992853
95880.0,1827.3334872368796
95900.0,1746.9331165887756
95920.0,1622.3849757020303
95940.0,1452.2220597723422
95960.0,1246.1230404711994
95980.0,1025.7169793923874
96000.0,819.6753009197837
96020.0,653.6255687282052
96040.0,542.3155970522168
96060.0,488.0786981818592
96080.0,483.49051072664923
96100.0,515.6623433381399
96120.0,570.4689333919816
96140.0,635.7878223232044
96160.0,703.4159785877351
96180.0,769.7028987173643
96200.0,835.1251395989332
96220.0,903.0831207538752
96240.0,978.1962554723668
96260.0,1064.370471946722
96280.0,1162.9581236655881
96300.0,1271.4429165106446
96320.0,1383.2458690488947
96340.0,1489.2491103466232
96360.0,1580.709680521974
96380.0,1652.0047726754813
96400.0,1701.9338448758608
96420.0,1733.4145960545616
96440.0,1752.2010247423036
96460.0,1765.2891675551805
96480.0,1779.3755853715563
96500.0,1799.516299599539
96520.0,1828.1502452683824
96540.0,1864.6365645591352
96560.0,1905.0755105490396
96580.0,1942.08181991825
96600.0,1964.674170931357
96620.0,1958.8196006303592
96640.0,1909.1458377321026
96660.0,1802.0491803052926
96680.0,1630.0202929615168
96700.0,1396.3255960878134
96720.0,1118.3176426150335
96740.0,826.7602802845935
96760.0,558.6032060822001
96780.0,346.2379795377501
96800.0,211.2382994514649
96820.0,163.69522635397638
96840.0,204.02108527346388
96860.0,324.78150209991895
96880.0,511.48308796475993
96900.0,742.6309033295786
96920.0,990.6397507077061
96940.0,1225.9342791896313
96960.0,1424.2870604633858
96980.0,1572.6642248217954
97000.0,1670.1392313927458
97020.0,1724.8497024953954
97040.0,1749.322732726681
97060.0,1755.83639575745
97080.0,1752.7965867435887
97100.0,1742.6307427860647
97120.0,1721.366446871182
97140.0,1679.893149963726
97160.0,1606.772019059706
97180.0,1492.2674692229948
97200.0,1332.9088354563821
97220.0,1135.3100255190386
97240.0,917.4367520970816
97260.0,705.3933780600485
97280.0,525.3845032604738
97300.0,395.2918947571905
97320.0,321.3088828657428
97340.0,299.34570936713703
97360.0,318.67610154209694
97380.0,365.91699391062014
97400.0,428.2446471586262
97420.0,495.4062435687518
97440.0,560.538913118975
97460.0,620.0622039351567
97480.0,673.0019013444414
97500.0,720.0837663398605
97520.0,762.8558726521453
97540.0,802.9989027706918
97560.0,841.8925745432191
97580.0,880.4373521652587
97600.0,919.0869346261559
97620.0,958.02489532083
97640.0,997.4113934466475
97660.0,1037.6264683376132
97680.0,1079.4409882176087
97700.0,1124.054463449264
97720.0,1172.9539055147827
97740.0,1227.5754824505148
97760.0,1288.7970788841064
97780.0,1356.3588520309283
97800.0,1428.398976736862
97820.0,1501.3934792908985
97840.0,1570.8426424553709
97860.0,1632.561513787982
97880.0,1683.4286713985196
97900.0,1721.1266568174917
97920.0,1743.5231151119847
97940.0,1748.3208673606853
97960.0,1733.307460992343
97980.0,1697.252762907364
98000.0,1641.251259090225
98020.0,1570.035672985852
98040.0,1492.4642308058826
98060.0,1420.144280309249
98080.0,1363.9873540938056
98100.0,1331.1867090660521
98120.0,1324.4674726606045
98140.0,1342.8694566918534
98160.0,1382.9966617982072
98180.0,1440.0523645532026
98200.0,1508.3743111748815
98220.0,1581.5295579653757
98240.0,1652.298000829211
98260.0,1713.0093097048962
98280.0,1756.2808466165789
98300.0,1775.368537280563
98320.0,1763.9282278356604
98340.0,1715.9635563616434
98360.0,1626.723853525032
98380.0,1494.7422916258333
98400.0,1324.4804357210119
98420.0,1128.3041859074224
98440.0,925.9637070972847
98460.0,741.1250909958055
98480.0,597.4591712045504
98500.0,515.4619249907456
98520.0,509.34535416803493
98540.0,583.6700285621239
98560.0,730.3556611116265
98580.0,927.8835608015883
98600.0,1145.3092108904152
98620.0,1351.292802933831
98640.0,1522.8534574459727
98660.0,1649.0401487457304
98680.0,1729.857273685696
98700.0,1772.8390722462354
98720.0,1789.1261290981915
98740.0,1790.152324421669
98760.0,1785.4554415524642
98780.0,1781.6501901285797
98800.0,1782.3199650010708
98820.0,1788.4965718016101
98840.0,1799.4496567492406
98860.0,1813.5255660574476
98880.0,1828.8244546188548
98900.0,1843.6155020620251
98920.0,1856.4840239590249
98940.0,1866.304594441682
98960.0,1872.1737238973747
98980.0,1873.3639314593197
99000.0,1869.343145582247
99020.0,1859.85343965143
99040.0,1845.003727279985
99060.0,1825.3573913888006
99080.0,1801.9891097506472
99100.0,1776.4385119965584
99120.0,1750.4600947883441
99140.0,1725.6133607879751
99160.0,1703.0468617281538
99180.0,1683.608856093981
99200.0,1668.1110189322103
99220.0,1657.5898992545176
99240.0,1653.3983649726306
99260.0,1657.0182743921584
99280.0,1669.5591216293546
99300.0,1690.9725376884483
99320.0,1719.1907421000183
99340.0,1749.5051453479475
99360.0,1774.3935179575487
99380.0,1783.792854718792
99400.0,1765.9416948560324
99420.0,1709.1550159871647
99440.0,1604.7422686840605
99460.0,1450.7385816917747
99480.0,1255.4484776572087
99500.0,1039.0822925987682
99520.0,831.1787114847868
99540.0,663.3536155211509
99560.0,561.8855842603679
99580.0,543.12928990389
99600.0,610.9239073154712
99620.0,755.2879486342725
99640.0,952.953260000539
99660.0,1171.499856703572
99680.0,1378.0092142158146
99700.0,1548.0738140215533
99720.0,1669.8871849033567
99740.0,1743.3221670984772
99760.0,1776.397183392182
99780.0,1781.1045090498606
99800.0,1769.807588359507
99820.0,1752.79615831384
99840.0,1737.122250844525
99860.0,1726.5264899313158
99880.0,1722.0726627260005
99900.0,1723.0179622248888
99920.0,1727.647659382513
99940.0,1734.0139495569651
99960.0,1740.522667797722
99980.0,1746.3421976337527
100000.0,1751.608711593024
100020.0,1757.4178356195102
100040.0,1765.5829796255373
100060.0,1778.0825749899566
100080.0,1796.1972513870721
100100.0,1819.4422835701444
100120.0,1844.5197088111909
100140.0,1864.6201786298802
100160.0,1869.3613214098718
100180.0,1845.5894558452678
100200.0,1779.47486128216
100220.0,1660.1182762790384
100240.0,1484.284995186233
100260.0,1261.1611867374045
100280.0,1015.1801045190908
100300.0,784.0935032247377
100320.0,609.9259081843227
100340.0,526.4114466401204
100360.0,550.1538732527811
100380.0,676.9487300907949
100400.0,882.549816831452
100420.0,1128.4542987229138
100440.0,1373.0855866647673
100460.0,1583.61308192949
100480.0,1741.944678238441
100500.0,1844.4138787090747
100520.0,1897.9370937548786
100540.0,1915.0713488378692
100560.0,1909.5506129190078
100580.0,1893.1349155350163
100600.0,1874.0229126998395
100620.0,1856.6383812261865
100640.0,1842.366364877714
100660.0,1830.8168428277882
100680.0,1821.2092272922534
100700.0,1813.5009208214688
100720.0,1808.9598598623525
100740.0,1809.8794152847781
100760.0,1818.260031985344
100780.0,1833.9721839970516
100800.0,1853.2473808617615
100820.0,1867.8840209866332
100840.0,1865.4631527866295
100860.0,1830.8573605343129
100880.0,1749.1656054073378
100900.0,1609.957405610956
100920.0,1412.237118191769
100940.0,1168.7895279751435
100960.0,907.7018842115418
100980.0,668.1962600975166
101000.0,490.4141101524227
101020.0,405.3469986042112
101040.0,428.9779667958019
101060.0,559.5834439909524
101080.0,777.3438077973935
101100.0,1047.0550776111108
101120.0,1325.8907953109083
101140.0,1575.3239487353007
101160.0,1770.472178961374
101180.0,1902.5089788681248
101200.0,1975.772382822996
101220.0,2002.6261622586414
101240.0,1998.2765186598722
101260.0,1976.768009740204
101280.0,1948.6440897157495
101300.0,1920.2330447144784
101320.0,1894.1938532643103
101340.0,1870.8055533198653
101360.0,1849.461705358345
101380.0,1829.8578219180436
101400.0,1812.4843623145894
101420.0,1798.410953034451
101440.0,1788.6791124352633
101460.0,1783.6363017778865
101480.0,1782.4475775023789
101500.0,1782.8387760002638
101520.0,1781.0760009386297
101540.0,1772.242647934654
101560.0,1750.855452126491
101580.0,1711.851066531362
101600.0,1651.9336452314953
101620.0,1571.1509608975025
101640.0,1474.292052945047
101660.0,1371.3241903404307
101680.0,1275.8264871876474
101700.0,1201.4623579776842
101720.0,1158.9722813528897
101740.0,1154.8699923728202
101760.0,1191.033530153234
101780.0,1264.4792939644362
101800.0,1367.2002651430082
101820.0,1486.5794173971162
101840.0,1607.3930676417854
101860.0,1715.7280908822213
101880.0,1802.4294963063596
101900.0,1863.8344223513177
101920.0,1900.3915970123558
101940.0,1914.5456995880838
101960.0,1908.880885602257
101980.0,1885.1056516490485
102000.0,1844.0803078059162
102020.0,1786.7492913167102
102040.0,1715.553404966199
102060.0,1635.6276955551843
102080.0,1554.813008920324
102100.0,1481.6903044330168
102120.0,1422.9359117942242
102140.0,1382.2117086306812
102160.0,1360.551615170375
102180.0,1357.3464083772076
102200.0,1371.2393155161624
102220.0,1400.5457092732368
102240.0,1443.1051208143228
102260.0,1495.7484845617755
102280.0,1553.8104405550198
102300.0,1611.3240861283798
102320.0,1662.502079685817
102340.0,1703.8637991731223
102360.0,1735.1984991794143
102380.0,1758.9380498229573
102400.0,1778.5263953207145
102420.0,1796.4372788462192
102440.0,1812.3732138242788
102460.0,1822.06928591998
102480.0,1817.043671660859
102500.0,1785.5585799670648
102520.0,1714.9744193478612
102540.0,1595.4111846070687
102560.0,1424.1379339389264
102580.0,1209.412930454234
102600.0,971.7765202535568
102620.0,740.2661863162205
102640.0,543.70481241936
102660.0,403.53800821132074
102680.0,331.8678445659502
102700.0,332.6054919574797
102720.0,403.27269342020674
102740.0,536.0221975288304
102760.0,717.5902125154632
102780.0,929.0009482649288
102800.0,1146.784120460667
102820.0,1347.2484364694706
102840.0,1512.0790542951052
102860.0,1631.9849475353853
102880.0,1707.1392829655329
102900.0,1744.8539056149107
102920.0,1756.0419345732753
102940.0,1751.9099651769234
102960.0,1741.7010723511435
102980.0,1731.7551597442223
103000.0,1725.6078324590828
103020.0,1724.4999565272124
103040.0,1728.0106785107812
103060.0,1734.7339365898752
103080.0,1742.9199084356164
103100.0,1751.016260365101
103120.0,1758.0709615591581
103140.0,1763.9929188016517
103160.0,1769.6290708827496
103180.0,1776.6226700806499
103200.0,1786.9758336139726
103220.0,1802.1883298890166
103240.0,1822.1938840479008
103260.0,1844.4540134675044
103280.0,1863.4441988855972
103300.0,1870.782926880523
103320.0,1856.2388814768128
103340.0,1809.7448586534508
103360.0,1724.356186940944
103380.0,1599.7323439552808
103400.0,1445.2306093044713
103420.0,1281.1491345187835
103440.0,1136.0819448704963
103460.0,1038.8203799208773
103480.0,1008.4942051890214
103500.0,1049.7267456628256
103520.0,1153.2102754096866
103540.0,1299.2841110075299
103560.0,1462.8867854908708
103580.0,1619.1758788736795
103600.0,1749.0929598961095
103620.0,1842.7142462168008
103640.0,1899.1177893379559
103660.0,1924.0138541487966
103680.0,1926.6950776394885
103700.0,1917.26386632539
103720.0,1904.568044735363
103740.0,1894.9365152886453
103760.0,1891.619847334317
103780.0,1894.7425553769904
103800.0,1901.5929892725537
103820.0,1907.180710308547
103840.0,1905.1044717364541
103860.0,1888.7590206843433
103880.0,1852.8485168240354
103900.0,1795.1010261829165
103920.0,1717.812479722777
103940.0,1628.5208009776438
103960.0,1538.8922733052468
103980.0,1461.6664986016665
104000.0,1407.6536905217492
104020.0,1384.1138826538777
104040.0,1394.0256776291944
104060.0,1435.6897739048839
104080.0,1502.576482035486
104100.0,1583.8468394579825
104120.0,1666.3842523223927
104140.0,1738.4538517060714
104160.0,1792.770978625585
104180.0,1827.210230906339
104200.0,1843.7809901722292
104220.0,1846.9401618019442
104240.0,1841.9380235901924
104260.0,1833.5752922032104
104280.0,1825.4997085203918
104300.0,1819.984814483601
104320.0,1818.0427251536662
104340.0,1819.6779516057645
104360.0,1824.1863220138814
104380.0,1830.4523867759235
104400.0,1837.2057008519569
104420.0,1843.21875603845
104440.0,1847.4420398541392
104460.0,1849.0881914840375
104480.0,1847.6933907062048
104500.0,1843.1867624200604
104520.0,1835.9740139135306
104540.0,1826.988464342307
104560.0,1817.6777361899665
104580.0,1809.8897420810536
104600.0,1805.6003925956793
104620.0,1806.4436144120602
104640.0,1813.0419119099377
104660.0,1824.2214894266563
104680.0,1836.2827939809413
104700.0,1842.5842346288496
104720.0,1833.7415391843429
104740.0,1798.709034017408
104760.0,1726.9222488411856
104780.0,1611.4609389493949
104800.0,1452.7905269145356
104820.0,1262.0769502746884
104840.0,1062.374845564099
104860.0,885.331922022318
104880.0,761.930344443311
104900.0,712.1194689818628
104920.0,740.5038547802375
104940.0,837.7643448873263
104960.0,984.8173749997983
104980.0,1157.6602890706567
105000.0,1331.9215893667956
105020.0,1486.9073361507358
105040.0,1609.0084353305185
105060.0,1693.2576433268816
105080.0,1742.233028744103
105100.0,1763.3918474729198
105120.0,1766.1598513131826
105140.0,1759.578079643746
105160.0,1750.845411049316
105180.0,1744.699081493111
105200.0,1743.419317368624
105220.0,1747.263637909157
105240.0,1755.121299551282
105260.0,1765.2069332081428
105280.0,1775.6816012863953
105300.0,1785.1778426649412
105320.0,1793.1979751475362
105340.0,1800.3277312915438
105360.0,1808.1696140013169
105380.0,1818.882399313276
105400.0,1834.3437834383367
105420.0,1855.114048373578
105440.0,1879.349786748675
105460.0,1901.8437770124856
105480.0,1913.512300297507
105500.0,1901.713234185466
105520.0,1851.7739172299505
105540.0,1749.9317605116958
105560.0,1587.5209367651094
105580.0,1365.7679555028922
105600.0,1099.8302367221781
105620.0,819.7722385646063
105640.0,565.516546677107
105660.0,375.89198149891297
105680.0,278.9643482114956
105700.0,287.7084647790433
105720.0,399.1598365151514
105740.0,595.2491711654203
105760.0,845.1282758851451
105780.0,1110.3237105644027
105800.0,1353.767231736052
105820.0,1548.8344987069036
105840.0,1683.1349702475195
105860.0,1757.1568357739227
105880.0,1780.3704692767867
105900.0,1766.910175646501
105920.0,1731.950754377577
105940.0,1689.133704506466
105960.0,1648.9669004007678
105980.0,1618.0708009158711
106000.0,1599.259060795685
106020.0,1592.3020015332143
106040.0,1594.9920491718742
106060.0,1604.1828973983922
106080.0,1616.6379961204714
106100.0,1629.5594698258194
106120.0,1640.8143394363628
106140.0,1649.0032268967843
106160.0,1653.4428690504815
106180.0,1654.0800304952368
106200.0,1651.3922157673355
106220.0,1646.270454424503
106240.0,1639.8454407449904
106260.0,1633.1872880950655
106280.0,1627.0037054673403
106300.0,1621.4988452158339
106320.0,1616.3659795496683
106340.0,1610.9036880812762
106360.0,1604.2409530571251
106380.0,1595.5584473677575
106400.0,1584.229050380749
106420.0,1569.8998724823043
106440.0,1552.5777444909447
106460.0,1532.7477758482898
106480.0,1511.458555820726
106500.0,1490.1802176647893
106520.0,1470.3890308954947
106540.0,1453.1399786977431
106560.0,1438.9025380905116
106580.0,1427.652160935944
106600.0,1419.0535443768354
106620.0,1412.635609693494
106640.0,1407.9169483099265
106660.0,1404.481923195633
106680.0,1402.0319071010658
106700.0,1400.4168228745596
106720.0,1399.6076147090723
106740.0,1399.6382755647824
106760.0,1400.5460195183637
106780.0,1402.2814274355728
106800.0,1404.6913755197077
106820.0,1407.5867311430607
106840.0,1410.810411583491
106860.0,1414.2802465320303
106880.0,1418.009404713062
106900.0,1422.1205614741025
106920.0,1426.8067588837346
106940.0,1432.2207521070973
106960.0,1438.3309717466595
106980.0,1444.7721219623663
107000.0,1450.8119836264864
107020.0,1455.5208240020052
107040.0,1458.0638087863813
107060.0,1457.9241924225282
107080.0,1455.0403775321993
107100.0,1449.8573658941698
107120.0,1443.2655887349506
107140.0,1436.4454606078677
107160.0,1430.597325989705
107180.0,1426.5221175359463
107200.0,1424.1050609599358
107220.0,1421.8334672832248
107240.0,1416.5437624066562
107260.0,1403.6351564402114
107280.0,1377.833229150158
107300.0,1334.5120041963924
107320.0,1271.4439613659338
107340.0,1190.6417564274338
107360.0,1099.687027073213
107380.0,1011.6590245958054
107400.0,942.5730183913305
107420.0,906.3984554696214
107440.0,910.8032004844024
107460.0,955.5888005603244
107480.0,1033.1560543749904
107500.0,1130.332865459936
107520.0,1231.4570756382534
107540.0,1322.409463920079
107560.0,1393.8332042948884
107580.0,1442.1184133940833
107600.0,1468.5113808321453
107620.0,1477.3434138975829
107640.0,1474.210628368584
107660.0,1464.5600620613366
107680.0,1452.8313201994588
107700.0,1442.1344905519236
107720.0,1434.3258408611182
107740.0,1430.2801537240023
107760.0,1430.1409575993387
107780.0,1433.4765174008153
107800.0,1439.473409297204
107820.0,1447.2245258571863
107840.0,1456.0268055600854
107860.0,1465.5979802601678
107880.0,1476.1830449855504
107900.0,1488.4887743384552
107920.0,1503.3925526248593
107940.0,1521.521502475112
107960.0,1542.8796015026087
107980.0,1566.6288414095907
108000.0,1591.119875841783
108020.0,1614.290650547231
108040.0,1634.3990589763448
108060.0,1650.575925616799
108080.0,1662.8445236474752
108100.0,1671.7573401580896
108120.0,1677.90398331394
108140.0,1681.4925799934924
108160.0,1682.1385309253437
108180.0,1678.9216186663812
108200.0,1670.7107833904763
108220.0,1656.6428726604972
108240.0,1636.6163620794655
108260.0,1611.674090312425
108280.0,1584.0850350864962
108300.0,1556.8768092059343
108320.0,1532.8726546952114
108340.0,1513.889737873858
108360.0,1500.5017870976924
108380.0,1492.2405875675445
108400.0,1487.990764537844
108420.0,1486.3971040781796
108440.0,1486.1833845375295
108460.0,1486.3454740577981
108480.0,1486.2246527397824
108500.0,1485.4905066520462
108520.0,1484.0702192024337
108540.0,1482.0578605167116
108560.0,1479.6284282489526
108580.0,1476.9710001576318
108600.0,1474.2461330380484
108620.0,1471.5659685103133
108640.0,1468.9917099778927
108660.0,1466.541849132604
108680.0,1464.2050341411789
108700.0,1461.9530068049612
108720.0,1459.7509220942902
108740.0,1457.5641191197626
108760.0,1455.3617542567179
108780.0,1453.1185139979593
108800.0,1450.8158873429818
108820.0,1448.4442489186108
108840.0,1446.0063720296048
108860.0,1443.5220685623422
108880.0,1441.0325893630593
108900.0,1438.602419104849
108920.0,1436.3154377797114
108940.0,1434.262432212111
108960.0,1432.5179774116707
108980.0,1431.107046928415
109000.0,1429.9654217580355
109020.0,1428.9027452001635
109040.0,1427.582090513942
109060.0,1425.5337404371944
109080.0,1422.2215541078663
109100.0,1417.1755915568747
109120.0,1410.192650055348
109140.0,1401.5862385473743
109160.0,1392.4406220061446
109180.0,1384.7944141910084
109200.0,1381.6561422024538
109220.0,1386.7494034616032
109240.0,1403.913405169711
109260.0,1436.1603724508448
109280.0,1484.5246745269624
109300.0,1547.030022176447
109320.0,1618.3360565624546
109340.0,1690.7918051024703
109360.0,1756.8185107294544
109380.0,1810.7244603446547
109400.0,1848.92498505276
109420.0,1869.2498704411205
109440.0,1870.141846479632
109460.0,1850.2756327828374
109480.0,1808.8638390529406
109500.0,1746.5947692845843
109520.0,1666.7433171816992
109540.0,1575.691373417205
109560.0,1482.097427133392
109580.0,1395.2938148675962
109600.0,1324.243706405093
109620.0,1277.0126758124522
109640.0,1260.1700824029995
109660.0,1277.7456407882087
109680.0,1329.7448950281303
109700.0,1410.7075559166926
109720.0,1509.3300979620967
109740.0,1610.5391468392318
109760.0,1700.1001497757188
109780.0,1768.6758883822902
109800.0,1813.0184941106538
109820.0,1834.9602906637315
109840.0,1839.472900312785
109860.0,1832.6968409137783
109880.0,1820.4414578608971
109900.0,1807.306516213322
109920.0,1796.3472131665446
109940.0,1789.1205352478034
109960.0,1785.9846763268895
109980.0,1786.5586817916887
110000.0,1790.2312469691212
110020.0,1796.612803507891
110040.0,1805.8214586331899
110060.0,1818.4891813467627
110080.0,1835.4210876719903
110100.0,1856.920815030698
110120.0,1881.8619528746312
110140.0,1906.6770187767422
110160.0,1924.5625084503176
110180.0,1925.3167551082643
110200.0,1896.199807972437
110220.0,1824.0859882263671
110240.0,1698.9487914047684
110260.0,1518.2301814471048
110280.0,1290.9516902834544
110300.0,1039.6438874573523
110320.0,797.4838748019095
110340.0,599.3398627798334
110360.0,472.099662368607
110380.0,430.2357159392938
110400.0,475.5819801102648
110420.0,598.7752410989085
110440.0,781.01216127141
110460.0,996.1357592861228
110480.0,1214.2651434322374
110500.0,1408.1718410447827
110520.0,1559.9698854717624
110540.0,1663.8330719338464
110560.0,1724.3951539216719
110580.0,1752.9243713772617
110600.0,1763.0084407942472
110620.0,1766.775196187106
110640.0,1772.1294401274874
110660.0,1781.1459472046922
110680.0,1789.6026892223422
110700.0,1787.5611819048077
110720.0,1761.0963552709131
110740.0,1695.4342355643944
110760.0,1579.3112246458986
110780.0,1409.8831945587958
110800.0,1196.9741577655057
110820.0,964.6947546186291
110840.0,747.7807177589963
110860.0,582.3334132413877
110880.0,496.7863115871146
110900.0,506.8875302858414
110920.0,613.5275448061707
110940.0,802.3013069996641
110960.0,1045.1470558140832
110980.0,1305.6759965220594
111000.0,1548.3151923109585
111020.0,1746.157205874039
111040.0,1883.2745022374838
111060.0,1952.7720977341717
111080.0,1953.5506707374454
111100.0,1887.9612285516196
111120.0,1761.4206319895457
111140.0,1583.9729277356485
111160.0,1372.7390243345103
111180.0,1153.2294758466462
111200.0,956.721077625221
111220.0,812.2406182668408
111240.0,738.4092079415177
111260.0,741.0285592547627
111280.0,815.125395175693
111300.0,948.477232355251
111320.0,1124.691619774744
111340.0,1325.0350649389359
111360.0,1529.1474801693869
111380.0,1715.4602432853721
111400.0,1862.474397617419
111420.0,1951.4270920262213
111440.0,1969.019617534655
111460.0,1909.1751380219762
111480.0,1774.494009801075
111500.0,1577.747713587693
111520.0,1342.4508201592425
111540.0,1100.4196338435831
111560.0,884.2176245900155
111580.0,717.6090525374784
111600.0,610.9999357325331
111620.0,562.4981532598622
111640.0,561.8149536283695
111660.0,594.769602780407
111680.0,647.060088100167
111700.0,706.7189202070028
111720.0,765.2156256660867
111740.0,817.4892077728314
111760.0,861.3268458986574
111780.0,896.5005268611551
111800.0,923.984492870419
111820.0,945.4483373299794
111840.0,963.0856502869052
111860.0,979.7168410332445
111880.0,999.0097399567707
111900.0,1025.60238271567
111920.0,1064.8996064618802
111940.0,1122.3620211451978
111960.0,1202.2268911949564
111980.0,1305.8057852404309
112000.0,1429.7921156337993
112020.0,1565.361377710538
112040.0,1699.1841564719205
112060.0,1817.1491976742632
112080.0,1909.1021194993332
112100.0,1971.2792418554316
112120.0,2005.816987025321
112140.0,2018.7448287795025
112160.0,2017.69715740643
112180.0,2010.0142398212295
112200.0,2001.4936630334528
112220.0,1995.8237696002957
112240.0,1994.5672698766496
112260.0,1997.5249649572415
112280.0,2003.3283145718792
112300.0,2010.1662426053874
112320.0,2016.4597288482837
112340.0,2021.202308811747
112360.0,2023.9975341876882
112380.0,2024.918712420806
112400.0,2024.297595760195
112420.0,2022.5348531198138
112440.0,2019.9757624911642
112460.0,2016.8580572878077
112480.0,2013.3168874560183
112500.0,2009.4381974488304
112520.0,2005.3311802774824
112540.0,2001.1606989148172
112560.0,1997.1285706771591
112580.0,1993.4207579563893
112600.0,1990.173188823482
112620.0,1987.4966071293002
112640.0,1985.4799215864393
112660.0,1984.1064527757458
112680.0,1983.1407249374854
112700.0,1982.0599181251532
112720.0,1980.0508630129302
112740.0,1976.092199107818
112760.0,1969.1539508430221
112780.0,1958.5363596472412
112800.0,1944.2726601137488
112820.0,1927.4186822544284
112840.0,1910.024854640252
112860.0,1894.5726058657588
112880.0,1882.9794386562317
112900.0,1875.7746298036095
112920.0,1871.866171365246
112940.0,1868.8168682094815
112960.0,1863.4367995394628
112980.0,1852.559729494485
113000.0,1833.879613791251
113020.0,1806.6934126639403
113040.0,1772.3110271266814
113060.0,1733.717606616404
113080.0,1694.4044236601044
113100.0,1657.2488964073123
113120.0,1624.0034723457723
113140.0,1595.2581029357661
113160.0,1570.6522685074456
113180.0,1549.1686118567316
113200.0,1529.409011785218
113220.0,1509.8180730375539
113240.0,1488.8678558845252
113260.0,1465.2448583968217
113280.0,1438.0831017077637
113300.0,1407.2661063736175
113320.0,1373.7792361836116
113340.0,1340.039829454774
113360.0,1310.0780406737292
113380.0,1289.4040723516603
113400.0,1284.3999939654518
113420.0,1301.141377444473
113440.0,1343.707481443202
113460.0,1412.2904447406572
113480.0,1501.756880542079
113500.0,1601.7089504893333
113520.0,1699.1533732207158
113540.0,1782.9502949285147
113560.0,1846.7923895829924
113580.0,1889.5280223984741
113600.0,1913.9119401829582
113620.0,1924.8379702863833
113640.0,1927.6769459219547
113660.0,1927.069247222371
113680.0,1926.2780027977683
113700.0,1927.0078050238997
113720.0,1929.563648658804
113740.0,1933.229915490868
113760.0,1936.7646349721995
113780.0,1938.9019174916134
113800.0,1938.7552591636952
113820.0,1936.0382831335705
113840.0,1931.0183267811274
113860.0,1924.20795537426
113880.0,1916.0172216802644
113900.0,1906.6047499321714
113920.0,1895.9339590673437
113940.0,1883.9313812778196
113960.0,1870.6847177385735
113980.0,1856.6208945949365
114000.0,1842.6106296048943
114020.0,1829.968076343873
114040.0,1820.2860204492129
114060.0,1815.1235877740278
114080.0,1815.57808041013
114100.0,1821.7827949089278
114120.0,1832.4421856812066
114140.0,1844.4690867292018
114160.0,1852.7864779884535
114180.0,1850.3887399361888
114200.0,1828.8649281294045
114220.0,1779.6750217010235
114240.0,1696.2476044178172
114260.0,1576.5915538842087
114280.0,1425.6921439677617
114300.0,1256.4896720991796
114320.0,1088.5214977076243
114340.0,944.9071040916881
114360.0,848.5178031685067
114380.0,817.4793895005589
114400.0,860.3857378740624
114420.0,972.3409757477015
114440.0,1133.9600518889627
114460.0,1316.0825272903319
114480.0,1489.5217411458727
114500.0,1633.296720518256
114520.0,1737.492145909142
114540.0,1802.0129919259023
114560.0,1833.4173767451018
114580.0,1841.4194162641802
114600.0,1836.079481746734
114620.0,1826.1191774970393
114640.0,1818.1427174618589
114660.0,1816.370954177143
114680.0,1822.6822732713288
114700.0,1836.7977834379635
114720.0,1856.5159811207327
114740.0,1877.9684746413473
114760.0,1895.9163096703965
114780.0,1904.1861685816089
114800.0,1896.3995131209326
114820.0,1867.1326251856754
114840.0,1813.4587071504127
114860.0,1736.578234888359
114880.0,1643.0022401555088
114900.0,1544.38345781278
114920.0,1455.2012684626748
114940.0,1389.3982239629754
114960.0,1357.772796342339
114980.0,1366.1876467000423
115000.0,1414.267159887969
115020.0,1494.7507406568773
115040.0,1594.283004093033
115060.0,1696.681110190068
115080.0,1787.7370592311818
115100.0,1858.2925932184644
115120.0,1904.7037606686467
115140.0,1927.7979245048978
115160.0,1931.3278631143482
115180.0,1920.532329813861
115200.0,1901.056287227817
115220.0,1878.1845685236967
115240.0,1856.2393602373224
115260.0,1838.154601072365
115280.0,1825.3713682505781
115300.0,1818.1167054356574
115320.0,1815.9328291650156
115340.0,1818.2609110802564
115360.0,1824.8643984835119
115380.0,1835.9283931887949
115400.0,1851.8110927010607
115420.0,1872.5272758349843
115440.0,1897.164193880911
115460.0,1923.5878946105356
115480.0,1948.6714587823376
115500.0,1968.654713263113
115520.0,1979.2102722861491
115540.0,1975.428464912174
115560.0,1952.1554625956026
115580.0,1904.9330493531913
115600.0,1831.5183085269268
115620.0,1733.6749326858258
115640.0,1618.6051893681133
115660.0,1499.0207625502235
115680.0,1390.7275429858346
115700.0,1308.310937892914
115720.0,1261.9293704457461
115740.0,1256.1718579635865
115760.0,1290.0214609347872
115780.0,1357.2149544935244
115800.0,1446.9179624026335
115820.0,1545.2363054709538
115840.0,1638.1652783057432
115860.0,1715.0072421820485
115880.0,1770.2200442348337
115900.0,1803.279464116814
115920.0,1817.3730003088635
115940.0,1817.7687989632727
115960.0,1810.3875611789485
115980.0,1800.775282215367
116000.0,1793.4842769018803
116020.0,1791.8243159820722
116040.0,1797.8408768518414
116060.0,1812.3407272433749
116080.0,1834.8533080371712
116100.0,1863.576973006811
116120.0,1895.460564557623
116140.0,1926.5821216583895
116160.0,1952.7838158314964
116180.0,1970.1204257311826
116200.0,1975.0052411163615
116220.0,1964.3343870239241
116240.0,1935.8615089064006
116260.0,1888.9067468615262
116280.0,1825.2266453293582
116300.0,1749.5563368631088
116320.0,1669.1232023337943
116340.0,1591.9180821556802
116360.0,1525.0304302637462
116380.0,1474.0102855224243
116400.0,1442.851311280402
116420.0,1434.0154855798905
116440.0,1448.1600924692975
116460.0,1483.5420643539635
116480.0,1535.427758468219
116500.0,1596.1916334240673
116520.0,1656.8745986607373
116540.0,1709.7762244952532
116560.0,1750.3353995243688
116580.0,1777.6106595743222
116600.0,1793.7629416439656
116620.0,1803.0268172555043
116640.0,1810.5248355665767
116660.0,1821.1802224115686
116680.0,1838.7888494131882
116700.0,1865.1306603031037
116720.0,1899.1546225917577
116740.0,1936.4296657912648
116760.0,1969.1176483114675
116780.0,1986.6926341369385
116800.0,1977.379758892778
116820.0,1930.1954594217532
116840.0,1837.5899614161456
116860.0,1698.5733697430792
116880.0,1521.6336851774922
116900.0,1325.9924554480936
116920.0,1139.1191353819358
116940.0,989.1021786754998
116960.0,895.8597209202326
116980.0,867.3029412159891
117000.0,900.2312084541403
117020.0,983.3752142306428
117040.0,1100.7775525233335
117060.0,1234.6590863523065
117080.0,1367.7107975252013
117100.0,1485.2637979323295
117120.0,1577.5774390954134
117140.0,1641.160718056071
117160.0,1678.0933509237161
117180.0,1694.042865938989
117200.0,1696.114144094617
117220.0,1691.1300100959702
117240.0,1684.4980387276198
117260.0,1679.7054476329256
117280.0,1678.368676343202
117300.0,1680.6141986251994
117320.0,1685.5711412611531
117340.0,1691.8704305431863
117360.0,1698.1232758121473
117380.0,1703.3584346813557
117400.0,1707.3710669068685
117420.0,1710.8923413195248
117440.0,1715.5318958535886
117460.0,1723.4950112950496
117480.0,1737.0651176160932
117500.0,1757.884041633813
117520.0,1786.1826627998314
117540.0,1820.1684458704847
117560.0,1855.654299306756
117580.0,1885.819965018375
117600.0,1901.1717414197956
117620.0,1890.0551052945254
117640.0,1840.1737142233537
117660.0,1741.4061609138262
117680.0,1589.7336747780919
117700.0,1391.4330512785693
117720.0,1165.9225211377761
117740.0,944.8842111243878
117760.0,765.0569645129975
117780.0,656.3291807512862
117800.0,633.4816051109567
117820.0,694.8813257317585
117840.0,825.4209400465843
117860.0,1001.1354652266425
117880.0,1194.2100611410542
117900.0,1378.134044210758
117920.0,1532.7628504554787
117940.0,1647.4606966558174
117960.0,1720.9568637389832
117980.0,1758.8509251783303
118000.0,1770.3513720810508
118020.0,1765.4480194926268
118040.0,1753.0326788240855
118060.0,1739.9641573557885
118080.0,1730.89222677379
118100.0,1728.5379636245038
118120.0,1734.124779332265
118140.0,1747.767525777869
118160.0,1768.655345028544
118180.0,1794.921896344515
118200.0,1823.265161621861
118220.0,1848.5058317274604
118240.0,1863.3484196129307
118260.0,1858.63132425459
118280.0,1824.3324790084384
118300.0,1751.4998029129492
118320.0,1635.0744835325772
118340.0,1477.1442637560056
118360.0,1289.6033642357302
118380.0,1094.469330498217
118400.0,919.693376916737
118420.0,790.5326080031306
118440.0,722.2860550600005
118460.0,718.532034977742
118480.0,773.193036414528
118500.0,873.9347376016154
118520.0,1005.3330920169268
118540.0,1151.160864195539
118560.0,1295.87642470822
118580.0,1425.8926269487915
118600.0,1531.2694276209222
118620.0,1607.2965983728513
118640.0,1654.603103631068
118660.0,1677.8392695910636
118680.0,1683.791507571311
118700.0,1679.6015937683565
118720.0,1671.4627179278882
118740.0,1663.9028977112637
118760.0,1659.5755035728137
118780.0,1659.4535456011242
118800.0,1663.2951158515211
118820.0,1670.1747179285085
118840.0,1678.941539446159
118860.0,1688.5421355915623
118880.0,1698.1937420047775
118900.0,1707.417790129315
118920.0,1715.9661326565924
118940.0,1723.6849793643232
118960.0,1730.4367094572135
118980.0,1736.099232913605
119000.0,1740.5497820782432
119020.0,1743.6595500312665
119040.0,1745.331082617493
119060.0,1745.5604561129094
119080.0,1744.5082649407454
119100.0,1742.545721438925
119120.0,1740.1982487286703
119140.0,1738.009943796043
119160.0,1736.4324706782413
119180.0,1735.7732537339343
119200.0,1736.1823798207654
119220.0,1737.632535639176
119240.0,1739.9359934087217
119260.0,1742.9444600860668
119280.0,1746.9713034829263
119300.0,1753.0868549200827
119320.0,1762.8991053663244
119340.0,1777.767433675313
119360.0,1797.6006412678241
119380.0,1819.5609962951016
119400.0,1837.053099156318
119420.0,1839.3958770135857
119440.0,1812.6063863193654
119460.0,1741.638942515375
119480.0,1614.1046429007815
119500.0,1425.0383069116526
119520.0,1181.6136448942743
119540.0,905.8381574491356
119560.0,632.4041765223817
119580.0,399.97661864932695
119600.0,240.99599842894662
119620.0,176.2744895629128
119640.0,213.60365633911843
119660.0,347.8737211004386
119680.0,561.51871920439
119700.0,825.696466838602
119720.0,1104.0706557685237
119740.0,1360.896467198835
119760.0,1570.187216090926
119780.0,1720.0603660869438
119800.0,1811.5148543814398
119820.0,1854.2882214250367
119840.0,1862.1594452052686
119860.0,1849.0690499317693
119880.0,1826.6340874817809
119900.0,1803.0617059287956
119920.0,1783.1688244864738
119940.0,1769.0813786693884
119960.0,1761.1433436163527
119980.0,1758.661307205124
120000.0,1760.3692315201538
120020.0,1764.7984826404434
120040.0,1770.623361010888
120060.0,1776.877895786362
120080.0,1783.0286781841253
120100.0,1788.9183344875696
120120.0,1794.605760619254
120140.0,1800.1595959990693
120160.0,1805.4446389513948
120180.0,1809.9925060927878
120200.0,1813.1099693037263
120220.0,1814.2417183969476
120240.0,1813.3163929545185
120260.0,1810.8843848685306
120280.0,1808.0985046213482
120300.0,1806.5871487483812
120320.0,1808.2219246877298
120340.0,1814.7633905285718
120360.0,1827.368162311607
120380.0,1845.9584903403713
120400.0,1868.5226261794528
120420.0,1890.4786331226417
120440.0,1904.3500398314955
120460.0,1900.0926892088403
120480.0,1866.3659765363416
120500.0,1792.8821476004603
120520.0,1673.6777539092175
120540.0,1510.6654079089496
120560.0,1316.216176926917
120580.0,1112.817396123938
120600.0,927.6251717661053
120620.0,783.2639987685804
120640.0,691.6861937216058
120660.0,653.6258238557697
120680.0,661.403109929963
120700.0,702.8332267171493
120720.0,764.8100240437365
120740.0,835.8568604488046
120760.0,907.4762818710494
120780.0,974.4686358853203
120800.0,1034.548307733087
120820.0,1087.608988473257
120840.0,1134.9266077996913
120860.0,1178.4858909920972
120880.0,1220.5088545899484
120900.0,1263.1737547835248
120920.0,1308.4533114510807
120940.0,1357.9760569278217
120960.0,1412.8241827476782
120980.0,1473.2220570211628
121000.0,1538.135845760522
121020.0,1604.8871296039329
121040.0,1668.9678554465304
121060.0,1724.3101508522082
121080.0,1764.2863834961718
121100.0,1783.616282159623
121120.0,1780.625035523452
121140.0,1758.0067715199389
121160.0,1721.2178744360347
121180.0,1676.1190011805816
121200.0,1627.486835187077
121220.0,1578.596008566983
121240.0,1531.5910366672542
121260.0,1488.2916992695125
121280.0,1451.0665220572196
121300.0,1423.4381409817875
121320.0,1410.1463976529826
121340.0,1416.4977830539217
121360.0,1446.9897404821904
121380.0,1503.432099046845
121400.0,1583.1017359663606
121420.0,1677.8447934340336
121440.0,1775.3514818752678
121460.0,1862.9935328609456
121480.0,1931.821568486926
121500.0,1978.1313774180903
121520.0,2002.8475817345686
121540.0,2009.9565686026046
121560.0,2004.8116133020649
121580.0,1992.763608353886
121600.0,1978.3126840708417
121620.0,1964.778705733404
121640.0,1954.336720141114
121660.0,1948.2033368331981
121680.0,1946.786350682652
121700.0,1949.6533702154607
121720.0,1955.2788804600063
121740.0,1960.620508700691
121760.0,1960.677174551248
121780.0,1948.2711426829478
121800.0,1914.368636928218
121820.0,1849.2794011421167
121840.0,1744.9304768267327
121860.0,1598.0604083780788
121880.0,1413.6890051687226
121900.0,1207.6145113739133
121920.0,1006.0090580282822
121940.0,839.8741897826778
121960.0,735.0720523437114
121980.0,704.8361150009875
122000.0,748.2592312704267
122020.0,852.5960513100675
122040.0,997.127674454888
122060.0,1157.449340043962
122080.0,1309.9711549557298
122100.0,1436.5184433331806
122120.0,1527.2885007722193
122140.0,1580.6422948790164
122160.0,1600.8747891080225
122180.0,1595.5312921606283
122200.0,1573.1771005789856
122220.0,1541.954472050214
122240.0,1508.8511533866845
122260.0,1479.3557792790612
122280.0,1457.168647542986
122300.0,1444.1121121561766
122320.0,1440.4904865298809
122340.0,1445.7161627031714
122360.0,1458.8794420701822
122380.0,1479.0665684996338
122400.0,1505.3723284405446
122420.0,1536.7145212229775
122440.0,1571.6959134589438
122460.0,1608.735420805842
122480.0,1646.2151649957075
122500.0,1682.088356520259
122520.0,1712.959019309803
122540.0,1733.1508005414253
122560.0,1734.377297199818
122580.0,1706.4786193768784
122600.0,1639.466987087988
122620.0,1526.8014924367633
122640.0,1369.3555551112295
122660.0,1178.9209726948861
122680.0,979.3406835350518
122700.0,802.7769183799062
122720.0,680.1479446175641
122740.0,631.5200059430658
122760.0,662.4896064906792
122780.0,765.3946163179705
122800.0,922.6649012283609
122820.0,1110.7267775981422
122840.0,1303.9951926179685
122860.0,1479.229750385533
122880.0,1619.9473147380652
122900.0,1718.8664321281763
122920.0,1777.2444420491622
122940.0,1802.21784608026
122960.0,1803.679981192167
122980.0,1791.658034159432
123000.0,1774.5962178042469
123020.0,1758.6175242401375
123040.0,1747.5754133428532
123060.0,1743.538466840349
123080.0,1747.400088849337
123100.0,1759.3709087331779
123120.0,1779.152911661496
123140.0,1805.714858975384
123160.0,1836.7250089245686
123180.0,1867.8339276703052
123200.0,1892.1267337525835
123220.0,1900.0941109759533
123240.0,1880.4650364497525
123260.0,1822.1416305146074
123280.0,1717.2716142296072
123300.0,1565.086503132289
123320.0,1375.533021294154
123340.0,1171.0071056569209
123360.0,983.8407931593174
123380.0,847.5413254956796
123400.0,785.3572358453184
123420.0,804.3296413432879
123440.0,895.9428962038643
123460.0,1040.3257240857115
123480.0,1211.6626861422722
123500.0,1383.5971530808304
123520.0,1534.1721072374144
123540.0,1649.6611268883876
123560.0,1725.7963032874407
123580.0,1766.1346241421822
123600.0,1779.0106451774132
123620.0,1774.4261628186512
123640.0,1761.6441382987632
123660.0,1747.7739544998665
123680.0,1737.2726184554344
123700.0,1732.113954262008
123720.0,1732.3378439810513
123740.0,1736.7605523028346
123760.0,1743.7002456392543
123780.0,1751.610571950299
123800.0,1759.5528109843858
123820.0,1767.4681146006958
123840.0,1776.2006900661247
123860.0,1787.255455300598
123880.0,1802.3008843230095
123900.0,1822.4194225559004
123920.0,1847.1592712460238
123940.0,1873.5449441723035
123960.0,1895.2857995316576
123980.0,1902.5684778751627
124000.0,1882.83646155987
124020.0,1822.8471445605396
124040.0,1712.03311040226
124060.0,1546.792813918252
124080.0,1334.6996889363102
124100.0,1096.7961824340787
124120.0,865.4074034367102
124140.0,675.3950016132158
124160.0,553.0094225424741
124180.0,510.44834524404575
124200.0,546.5712254186205
124220.0,650.4668015156283
124240.0,805.3874796884296
124260.0,991.7922429321685
124280.0,1189.3100801194364
124300.0,1378.247140226702
124320.0,1541.6683538762895
124340.0,1668.3034548700903
124360.0,1754.444406700203
124380.0,1803.232557044625
124400.0,1822.181524236365
124420.0,1820.4036511123443
124440.0,1806.4491753068523
124460.0,1787.1269261510533
124480.0,1767.2527391843294
124500.0,1750.0036451577369
124520.0,1737.4667997814588
124540.0,1730.978494419091
124560.0,1731.146434804877
124580.0,1737.7371493509581
124600.0,1749.5280927407305
124620.0,1764.1564333634938
124640.0,1778.0322506081034
124660.0,1786.3848271173101
124680.0,1783.5390627136935
124700.0,1763.571394210671
124720.0,1721.450381777618
124740.0,1654.6199618676687
124760.0,1564.6921661346887
124780.0,1458.5914243048733
124800.0,1348.1327390361546
124820.0,1246.9530761050178
124840.0,1166.2736231760368
124860.0,1112.60963035646
124880.0,1087.6531248401711
124900.0,1089.1614694245732
124920.0,1111.9536597890597
124940.0,1148.5625886358912
124960.0,1189.5067559395393
124980.0,1223.4791640832975
125000.0,1237.96596673651
125020.0,1220.8699869068091
125040.0,1163.5888217776308
125060.0,1065.4452551376605
125080.0,937.5178381822225
125100.0,801.8066907545957
125120.0,683.8194930224794
125140.0,603.6090158281625
125160.0,571.6185306973263
125180.0,589.2682884380656
125200.0,651.800626991072
125220.0,751.4312187713879
125240.0,879.6293545960505
125260.0,1028.062414004211
125280.0,1188.3355306781923
125300.0,1351.1194599781097
125320.0,1505.585617120669
125340.0,1640.194996544717
125360.0,1745.14277904546
125380.0,1814.6901857667067
125400.0,1847.7707806261424
125420.0,1847.4210381527578
125440.0,1819.9114185767853
125460.0,1773.9145297369018
125480.0,1719.5411990590735
125500.0,1666.7188302199934
125520.0,1623.0458022432279
125540.0,1592.553519259176
125560.0,1575.8611523348702
125580.0,1571.1279046217876
125600.0,1575.2270647771068
125620.0,1584.7760812063234
125640.0,1596.8447103753165
125660.0,1609.304833047506
125680.0,1620.8753561658739
125700.0,1630.9595675509022
125720.0,1639.3820906092333
125740.0,1646.1210229036155
125760.0,1651.1085731798423
125780.0,1654.1473176451732
125800.0,1654.9618347371677
125820.0,1653.37667930299
125840.0,1649.5798817319835
125860.0,1644.3956614651984
125880.0,1639.45353385715
125900.0,1637.1287109310108
125920.0,1640.2090805644475
125940.0,1651.3545443226678
125960.0,1672.3958073271538
125980.0,1703.5719847282514
126000.0,1742.9376491361782
126020.0,1786.1607712565733
126040.0,1826.710798981448
126060.0,1856.167736460658
126080.0,1864.6835110890577
126100.0,1841.9073935457425
126120.0,1778.708424221264
126140.0,1669.8178255879404
126160.0,1517.0174869548987
126180.0,1331.9353795761112
126200.0,1136.8532974524815
126220.0,961.3543804866188
126240.0,833.5986032494827
126260.0,770.9875471525638
126280.0,776.6796860641696
126300.0,841.4349677709413
126320.0,947.9354230878992
126340.0,1075.561296742509
126360.0,1204.5219872156256
126380.0,1318.9015672857045
126400.0,1408.5231267876923
126420.0,1469.5804603911406
126440.0,1503.9150995642892
126460.0,1517.1483620367276
126480.0,1516.4556229844054
126500.0,1508.7244655004695
126520.0,1499.460601150782
126540.0,1492.3959027755163
126560.0,1489.5697397969004
126580.0,1491.6979640301902
126600.0,1498.656763083542
126620.0,1509.9529866932344
126640.0,1525.0340440176699
126660.0,1543.3820863111437
126680.0,1564.4142810442959
126700.0,1587.2436880018954
126720.0,1610.4583352954173
126740.0,1632.1339271082825
126760.0,1650.1808177875403
126780.0,1662.8692104492977
126800.0,1669.2293240574872
126820.0,1669.2106296513298
126840.0,1663.6424245923547
126860.0,1654.110785922591
126880.0,1642.7890482845742
126900.0,1632.2005231924054
126920.0,1624.8682576250985
126940.0,1622.814012819746
126960.0,1626.9291486321188
126980.0,1636.27766528462
127000.0,1647.4595613710487
127020.0,1654.2473456961397
127040.0,1647.7653896146287
127060.0,1617.5209872737066
127080.0,1553.5345961414953
127100.0,1449.4741674854388
127120.0,1306.2501930159747
127140.0,1134.9947396975813
127160.0,957.701660956093
127180.0,803.2902349405815
127200.0,698.5280461398145
127220.0,659.5995960903961
127240.0,689.504588228214
127260.0,779.853454523594
127280.0,914.4797748553053
127300.0,1073.2659010218476
127320.0,1235.522166480943
127340.0,1382.9546169519494
127360.0,1502.456648571991
127380.0,1588.0153777098622
127400.0,1640.4927491932747
127420.0,1665.6556390237827
127440.0,1671.6536124067484
127460.0,1666.8046679032664
127480.0,1658.1035888141246
127500.0,1650.5126112520181
127520.0,1646.879706964884
127540.0,1648.2488067501254
127560.0,1654.3426048618796
127580.0,1664.0743005345626
127600.0,1676.020919933961
127620.0,1688.8024461977784
127640.0,1701.3205515680424
127660.0,1712.8502195301412
127680.0,1723.0188532335264
127700.0,1731.7272894818168
127720.0,1739.058040695437
127740.0,1745.1725473747713
127760.0,1750.1718570686069
127780.0,1753.9736267696233
127800.0,1756.281987655197
127820.0,1756.7456162374278
127840.0,1755.2461595985055
127860.0,1752.0322116733525
127880.0,1747.6326397504606
127900.0,1742.6409968312933
127920.0,1737.5028822819847
127940.0,1732.3893203581888
127960.0,1727.1590471144998
127980.0,1721.4015649782245
128000.0,1714.5604323453394
128020.0,1706.127657559618
128040.0,1695.8757718073969
128060.0,1684.0921568250583
128080.0,1671.7087957832052
128100.0,1660.1706423782275
128120.0,1651.0241885401563
128140.0,1645.4851020027695
128160.0,1644.2062996212267
128180.0,1647.1834177623155
128200.0,1653.6591338984174
128220.0,1662.0125101695266
128240.0,1669.6964231524908
128260.0,1673.2937053465625
128280.0,1668.822519834503
128300.0,1652.416181545938
128320.0,1621.352784040027
128340.0,1575.2609146504258
128360.0,1517.120385691148
128380.0,1453.433092402434
128400.0,1393.0497784739516
128420.0,1345.3244094308432
128440.0,1318.6119646624604
128460.0,1319.0378330277229
128480.0,1349.2377035445202
128500.0,1407.0757192334809
128520.0,1484.772534292682
128540.0,1569.3331475162615
128560.0,1645.3704770221157
128580.0,1699.886336416111
128600.0,1726.045338999745
128620.0,1724.2826255619443
128640.0,1701.075238409348
128660.0,1665.915855870265
128680.0,1627.8582538996354
128700.0,1593.403919437798
128720.0,1565.9612887789308
128740.0,1546.354825265683
128760.0,1533.8562073721419
128780.0,1527.3123613716762
128800.0,1526.0652452487018
128820.0,1530.4713009599768
128840.0,1541.92664003969
128860.0,1562.3936734522645
128880.0,1593.5204020684355
128900.0,1635.5597006630892
128920.0,1686.4401413092987
128940.0,1741.5059278459255
128960.0,1794.5341456159786
128980.0,1839.9006718466524
129000.0,1874.3038457084047
129020.0,1897.1296434123499
129040.0,1909.898530689327
129060.0,1915.3674760874728
129080.0,1916.6216278972424
129100.0,1916.350912112021
129120.0,1916.4219493618536
129140.0,1917.7389490669018
129160.0,1920.313633919206
129180.0,1923.4606025942508
129200.0,1926.0816535158533
129220.0,1926.9796017916433
129240.0,1925.126337768607
129260.0,1919.85796293646
129280.0,1910.9810646685369
129300.0,1898.751377754596
129320.0,1883.6824555946707
129340.0,1866.349216514937
129360.0,1847.2571982255354
129380.0,1826.7694060302947
129400.0,1805.1167425752403
129420.0,1782.4592150591554
129440.0,1758.9559145104781
129460.0,1734.8261440748004
129480.0,1710.4019229089513
129500.0,1686.1775719015247
129520.0,1662.8420985599864
129540.0,1641.2965435970552
129560.0,1622.645026557045
129580.0,1608.1201203553258
129600.0,1598.9246759216953
129620.0,1595.9607826827937
129640.0,1599.419034284225
129660.0,1608.2349645961726
129680.0,1619.4891905174939
129700.0,1627.9600627552306
129720.0,1626.0729915743163
129740.0,1604.5088358086027
129760.0,1553.6782526400698
129780.0,1466.0752523121696
129800.0,1339.191825612906
129820.0,1178.2045043683097
129840.0,997.1022060106934
129860.0,816.4235613633766
129880.0,656.7841856842599
129900.0,532.2936784727575
129920.0,448.13839810973315
129940.0,401.6120482789086
129960.0,384.72765412810304
129980.0,387.09059888835236
130000.0,398.29830019396684
130020.0,409.600832687668
130040.0,414.8675024865653
130060.0,411.05392355381935
130080.0,398.3763900338728
130100.0,380.3155270977096
130120.0,363.4379611834755
130140.0,356.8950153374702
130160.0,371.38315640429994
130180.0,417.38059540583527
130200.0,502.6476007885811
130220.0,629.3167248357394
130240.0,791.3967583282005
130260.0,974.1210745207957
130280.0,1156.945754947263
130300.0,1320.0543814324822
130320.0,1449.9335820417202
130340.0,1540.9942655515338
130360.0,1594.223112334099
130380.0,1614.6654414844681
130400.0,1609.104336746789
130420.0,1584.6747677292065
130440.0,1548.5869172188654
130460.0,1508.2905644844914
130480.0,1470.762670054934
130500.0,1441.0751397784904
130520.0,1421.6493653799516
130540.0,1412.4857267816817
130560.0,1411.9098121935963
130580.0,1417.4326401030514
130600.0,1426.4797254197479
130620.0,1436.8791483234013
130640.0,1447.0968902021884
130660.0,1456.2662376321362
130680.0,1464.0824918643107
130700.0,1470.6340153047563
130720.0,1476.2260201330387
130740.0,1481.2332696058775
130760.0,1485.9983347162101
130780.0,1490.7768459891183
130800.0,1495.7216108844182
130820.0,1500.8932037599072
130840.0,1506.2844329786888
130860.0,1511.8483969351396
130880.0,1517.5232254652922
130900.0,1523.2499861727092
130920.0,1528.9829621821575
130940.0,1534.6933092457025
130960.0,1540.367992264138
130980.0,1546.0060704486962
131000.0,1551.6140996070017
131020.0,1557.201893743763
131040.0,1562.7793279312493
131060.0,1568.3543926901343
131080.0,1573.9323837656987
131100.0,1579.5159362803026
131120.0,1585.1055630045755
131140.0,1590.7003928671465
131160.0,1596.2988869284618
131180.0,1601.8994014393272
131200.0,1607.5005488616764
131220.0,1613.1013664434267
131240.0,1618.701335596375
131260.0,1624.3003072741799
131280.0,1629.8983850359298
131300.0,1635.495805294578
131320.0,1641.092839180382
131340.0,1646.689726562925
131360.0,1652.286642304815
131380.0,1657.8836884560544
131400.0,1663.4809034681116
131420.0,1669.0782796678109
131440.0,1674.6757820763778
131460.0,1680.273364196109
131480.0,1685.8709788774133
131500.0,1691.468584369342
131520.0,1697.0661469406245
131540.0,1702.6636420055518
131560.0,1708.2610555733577
131580.0,1713.858387184832
131600.0,1719.4556544528064
131620.0,1725.0528980639108
131640.0,1730.650184848829
131660.0,1736.2476055845298
131680.0,1741.8452639169736
131700.0,1747.4432535868048
131720.0,1753.0416233551052
131740.0,1758.640332821499
131760.0,1764.2392074905206
131780.0,1769.8379072137257
131800.0,1775.4359270711436
131820.0,1781.032651745688
131840.0,1786.6274809487354
131860.0,1792.2200320309894
131880.0,1797.810405068881
131900.0,1803.3994660112542
131920.0,1808.9890686697497
131940.0,1814.582104307086
131960.0,1820.18225042938
131980.0,1825.793303365032
132000.0,1831.4180378313627
132020.0,1837.0566519422941
132040.0,1842.7050279854325
132060.0,1848.3532496121504
132080.0,1853.9850225037815
132100.0,1859.5787794839482
132120.0,1865.1112225369966
132140.0,1870.5637671952486
132160.0,1875.9317341087778
132180.0,1881.2351622200881
132200.0,1886.528885125049
132220.0,1891.9082479708118
132240.0,1897.505942595312
132260.0,1903.4754473946668
132280.0,1909.9580932917816
132300.0,1917.0343863775427
132320.0,1924.6661701097578
132340.0,1932.6442452519987
132360.0,1940.5651651629541
132380.0,1947.8690214251972
132400.0,1953.96433234849
132420.0,1958.3933453938128
132440.0,1960.9282843708345
132460.0,1961.588135667454
132480.0,1960.645112914448
132500.0,1958.6609664760276
132520.0,1956.537105886638
132540.0,1955.5057638631283
132560.0,1956.9905617139787
132580.0,1962.305323085994
132600.0,1972.1655799198659
132620.0,1986.0039633894758
132640.0,2001.1703276204632
132660.0,2012.2348706942787
132680.0,2010.6621802448185
132700.0,1985.181997178925
132720.0,1923.2002644824297
132740.0,1813.4310518142051
132760.0,1649.5679923675616
132780.0,1434.3197588760647
132800.0,1182.4864406302195
132820.0,920.9322065317189
132840.0,682.9931767023168
132860.0,498.85156039523497
132880.0,388.8777125651172
132900.0,361.9382459498411
132920.0,416.2241841146506
132940.0,540.6269046446374
132960.0,715.9784176295703
132980.0,916.7465037707805
133000.0,1114.7799692724136
133020.0,1285.7621505141228
133040.0,1414.898031435017
133060.0,1498.3466041687418
133080.0,1541.0524500259064
133100.0,1553.1122616709692
133120.0,1546.215540981159
133140.0,1530.9839671281484
133160.0,1515.4626060635796
133180.0,1504.649159837479
133200.0,1500.764945723399
133220.0,1503.936242515772
133240.0,1513.0180567800062
133260.0,1526.3274169619367
133280.0,1542.121200687769
133300.0,1558.8291795326859
133320.0,1575.123540532671
133340.0,1589.8837005075459
133360.0,1602.1195568458486
133380.0,1610.9544011897092
133400.0,1615.712023487134
133420.0,1616.0764476193501
133440.0,1612.2733303413413
133460.0,1605.203277297731
133480.0,1596.4356609421425
133500.0,1588.0241064214883
133520.0,1582.1486616419618
133540.0,1580.6090054487022
133560.0,1584.2330455394792
133580.0,1592.2844451477572
133600.0,1601.974795549119
133620.0,1608.2472171848876
133640.0,1603.9972172101545
133660.0,1580.9261723259006
133680.0,1531.1669308768987
133700.0,1449.607215571335
133720.0,1336.5347261832244
133740.0,1199.8089974332345
133760.0,1055.2234172420572
133780.0,923.3442528777529
133800.0,822.8444310853336
133820.0,765.0630179617931
133840.0,752.8893214457722
133860.0,782.5220384379736
133880.0,846.1792781588043
133900.0,934.5120282243009
133920.0,1038.1323498770278
133940.0,1148.2104942685646
133960.0,1256.4933352465825
133980.0,1355.343074029942
134000.0,1438.4163852718073
134020.0,1501.930450960283
134040.0,1545.3408476792513
134060.0,1570.8649989302671
134080.0,1582.4106605145855
134100.0,1584.4969331745747
134120.0,1581.4861839153268
134140.0,1577.2142540652524
134160.0,1574.941434563895
134180.0,1577.4442566296243
134200.0,1587.0761252585264
134220.0,1605.6952810523321
134240.0,1634.3582391895993
134260.0,1672.7458481260778
134280.0,1718.4083899168108
134300.0,1766.0233468634117
134320.0,1807.0479034373238
134340.0,1830.1710007925292
134360.0,1822.6732238383167
134380.0,1772.5668427390476
134400.0,1671.538697701004
134420.0,1518.5366724842106
134440.0,1323.2192699268355
134460.0,1107.6706284909963
134480.0,904.0456742961635
134500.0,746.3095346386043
134520.0,659.9160836692312
134540.0,656.2599150247966
134560.0,732.1750284544601
134580.0,872.1210091573073
134600.0,1051.6917052705235
134620.0,1242.30381217073
134640.0,1417.4403150831527
134660.0,1558.6763096816921
134680.0,1658.0613887064508
134700.0,1716.8099917567258
134720.0,1742.2484887423439
134740.0,1744.5400992297357
134760.0,1734.0433670718608
134780.0,1719.6099260696756
134800.0,1707.801562720541
134820.0,1702.8331114042285
134840.0,1706.9092235815242
134860.0,1720.6255264787692
134880.0,1743.2580014410246
134900.0,1772.8239239484865
134920.0,1805.8333276023143
134940.0,1836.8269937607918
134960.0,1858.0013482410602
134980.0,1859.2714894731555
135000.0,1829.1497988903825
135020.0,1756.7301534175317
135040.0,1634.8381640197151
135060.0,1463.8846638278205
135080.0,1255.2813561023863
135100.0,1032.5257965322485
135120.0,827.3725180250815
135140.0,670.1717451491164
135160.0,580.5875683284635
135180.0,564.7546157787237
135200.0,617.375671498743
135220.0,725.6940058180556
135240.0,873.3012333455047
135260.0,1042.8161107509422
135280.0,1217.353983007593
135300.0,1381.3368338608116
135320.0,1521.5272939474703
135340.0,1628.8383886380361
135360.0,1699.941692103887
135380.0,1737.2383300046993
135400.0,1747.3782301069928
135420.0,1739.3096697917267
135440.0,1722.530752094938
135460.0,1705.729193769584
135480.0,1695.69301174193
135500.0,1696.4480568452084
135520.0,1708.7657580601074
135540.0,1729.9336200807993
135560.0,1753.7093774642697
135580.0,1770.627949966202
135600.0,1768.9250327272628
135620.0,1736.287791821635
135640.0,1662.5320434010769
135660.0,1543.03591816591
135680.0,1382.2519919647934
135700.0,1195.9768759320148
135720.0,1010.3680050399919
135740.0,855.5933242290764
135760.0,756.0101854827157
135780.0,724.0051156848423
135800.0,759.505095327345
135820.0,852.6045549969015
135840.0,987.0806717202893
135860.0,1143.610054554994
135880.0,1302.4040698587407
135900.0,1445.6283337546195
135920.0,1560.0700425932941
135940.0,1639.3147692344942
135960.0,1683.9330457441108
135980.0,1699.778869281372
136000.0,1695.51611294113
136020.0,1680.2849795085974
136040.0,1662.047359442497
136060.0,1646.7041638025148
136080.0,1637.8107892578337
136100.0,1636.7087054730187
136120.0,1642.9008510641488
136140.0,1654.5486937147987
136160.0,1669.0587896153188
136180.0,1683.7638250666605
136200.0,1696.5412419143981
136220.0,1706.082983946339
136240.0,1711.8246803053194
136260.0,1713.7069998942104
136280.0,1711.9127094084383
136300.0,1706.6548762263185
136320.0,1698.0688889013018
136340.0,1686.2230476488337
136360.0,1671.2030573887248
136380.0,1653.2361318580329
136400.0,1632.8260531764936
136420.0,1610.8510991050866
136440.0,1588.5656365446468
136460.0,1567.4338036888603
136480.0,1548.7961323803634
136500.0,1533.5919247406039
136520.0,1522.297129042323
136540.0,1515.0243404286637
136560.0,1511.7135373104966
136580.0,1512.2842626200684
136600.0,1516.5932283997831
136620.0,1524.1916060041724
136640.0,1533.9757040956197
136660.0,1543.849697987143
136680.0,1550.5458571747824
136700.0,1549.7527888439843
136720.0,1536.67710482277
136740.0,1507.109029070713
136760.0,1458.960353660117
136780.0,1394.0087890782095
136800.0,1319.3157077323579
136820.0,1247.5131453585552
136840.0,1194.9907769342367
136860.0,1177.0745155173008
136880.0,1200.7218668688201
136900.0,1260.274216563753
136920.0,1340.8402498227313
136940.0,1425.3113026796332
136960.0,1499.9080481559477
136980.0,1556.5351761287131
137000.0,1592.6711184627627
137020.0,1610.0055192168852
137040.0,1612.7285133205714
137060.0,1606.0020873682283
137080.0,1594.8909556889432
137100.0,1583.8140305943207
137120.0,1576.388833079603
137140.0,1575.4398772944787
137160.0,1582.9532574477794
137180.0,1599.84608791648
137200.0,1625.4958265475923
137220.0,1657.0626324459458
137240.0,1688.8219016831094
137260.0,1711.877504160051
137280.0,1714.6443278253169
137300.0,1684.3894921450228
137320.0,1609.9457430871648
137340.0,1485.415477537634
137360.0,1314.176066173199
137380.0,1111.817084458616
137400.0,905.9143577347033
137420.0,730.1026414246514
137440.0,612.9728303269121
137460.0,569.3573693715919
137480.0,598.3791908117448
137500.0,686.0572206151991
137520.0,809.8009484304251
137540.0,943.1986996869849
137560.0,1060.4160794296745
137580.0,1140.0873513338859
137600.0,1168.7065895915857
137620.0,1142.9989546156498
137640.0,1070.1800404043347
137660.0,966.1356937905041
137680.0,852.5567071713965
137700.0,753.6423737327425
137720.0,692.4991695089828
137740.0,687.2181763432102
137760.0,746.8471753030116
137780.0,868.0626655248392
137800.0,1034.2080023987126
137820.0,1219.0654357660135
137840.0,1395.5693496242263
137860.0,1543.9624020152382
137880.0,1654.9335672006746
137900.0,1728.5713300866441
137920.0,1771.2384845466374
137940.0,1791.954453085149
137960.0,1799.3204653982652
137980.0,1799.4871265949173
138000.0,1795.245650201146
138020.0,1786.1618535329842
138040.0,1769.5733220345508
138060.0,1742.1961389050098
138080.0,1701.9618671838784
138100.0,1649.6035339807888
138120.0,1589.3597386044712
138140.0,1528.2263429340396
138160.0,1474.2909547529953
138180.0,1435.2893572166079
138200.0,1417.4879721034708
138220.0,1424.6214596947052
138240.0,1456.8196410384319
138260.0,1509.7898020261985
138280.0,1574.9070918767388
138300.0,1641.1215705907246
138320.0,1698.507688647704
138340.0,1740.9767043929216
138360.0,1766.8162235293644
138380.0,1777.8244922560607
138400.0,1777.894144030334
138420.0,1771.590864898403
138440.0,1763.0367465034822
138460.0,1755.2487714337599
138480.0,1749.9285544276577
138500.0,1747.5651493944547
138520.0,1747.7518421260247
138540.0,1749.602392769788
138560.0,1752.093828612396
138580.0,1754.2660018283968
138600.0,1755.297805191495
138620.0,1754.4858425539016
138640.0,1751.1771091912829
138660.0,1744.6959787809697
138680.0,1734.2906416804667
138700.0,1719.1525932167322
138720.0,1698.572473980824
138740.0,1672.2504460232533
138760.0,1640.7099590081293
138780.0,1605.669441500741
138800.0,1570.134812854768
138820.0,1537.9046364114433
138840.0,1512.253287240595
138860.0,1494.1275376321814
138880.0,1480.75462123232
138900.0,1465.3245425693417
138920.0,1437.8651173027097
138940.0,1387.195551797447
138960.0,1303.761691389314
138980.0,1182.9667710403003
139000.0,1028.253433221285
139020.0,852.6749155029736
139040.0,677.1675587411257
139060.0,524.2585452329266
139080.0,410.41654573004706
139100.0,342.471135444253
139120.0,318.3274843143021
139140.0,329.83618560095846
139160.0,366.1338546380716
139180.0,416.4509180508909
139200.0,471.9475376347067
139220.0,526.5391930980065
139240.0,576.9076560745991
139260.0,621.987963017875
139280.0,662.2186940691159
139300.0,698.7839054620723
139320.0,732.9958508487474
139340.0,765.8923979740389
139360.0,798.0644093542574
139380.0,829.6892548629748
139400.0,860.7235703540184
139420.0,891.1949960721737
139440.0,921.5228976051731
139460.0,952.7888318747695
139480.0,986.87003584542
139500.0,1026.3496044769558
139520.0,1074.1354171989663
139540.0,1132.7682020262507
139560.0,1203.4876005858607
139580.0,1285.257693918495
139600.0,1374.1232611553526
139620.0,1463.450556847454
139640.0,1545.5876249176404
139660.0,1614.3567151689917
139680.0,1666.6146289982487
139700.0,1702.3092700208133
139720.0,1723.642011590758
139740.0,1733.9678682889833
139760.0,1736.8133947770555
139780.0,1735.2212593310155
139800.0,1731.472448316039
139820.0,1727.1024310839082
139840.0,1723.0471508745013
139860.0,1719.7343789130985
139880.0,1717.0928217196888
139900.0,1714.656766710655
139920.0,1711.7919642195761
139940.0,1707.9430933541983
139960.0,1702.8241392576492
139980.0,1696.5006098091094
140000.0,1689.3804740179269
140020.0,1682.093875980559
140040.0,1675.2705771664089
140060.0,1669.368335654696
140080.0,1664.7411037485465
140100.0,1661.8595328589467
140120.0,1661.292714128227
140140.0,1663.2493277290946
140160.0,1666.8258042525827
140180.0,1669.2626661257793
140200.0,1665.499853512034
140220.0,1648.3011528196384
140240.0,1609.1652993587486
140260.0,1540.1405669630963
140280.0,1436.4428148958239
140300.0,1299.4182084942133
140320.0,1138.918096937527
140340.0,973.6267352316696
140360.0,827.8470106467415
140380.0,725.6816268119858
140400.0,685.5030938532414
140420.0,715.6348910311707
140440.0,811.5219181584436
140460.0,955.526154308156
140480.0,1121.2377730608755
140500.0,1281.980726350826
140520.0,1418.1934174927446
140540.0,1520.142515964718
140560.0,1586.9526284919957
140580.0,1623.843348106133
140600.0,1639.0061532362956
140620.0,1640.988727660988
140640.0,1636.9717701538868
140660.0,1632.0160354234645
140680.0,1629.0867437380637
140700.0,1629.4883219370615
140720.0,1633.3729973677205
140740.0,1640.1406869241964
140760.0,1648.754017603055
140780.0,1658.0146479562638
140800.0,1666.7732081284369
140820.0,1674.081230519509
140840.0,1679.2840978456836
140860.0,1682.0466962704347
140880.0,1682.329920846776
140900.0,1680.3077476653077
140920.0,1676.2645901921064
140940.0,1670.496050199529
140960.0,1663.2391749022743
140980.0,1654.6947900462899
141000.0,1645.1722199056167
141020.0,1635.2788711169653
141040.0,1626.0478774250214
141060.0,1618.9539903735886
141080.0,1615.7928662789343
141100.0,1618.3848468012632
141120.0,1628.1245873023172
141140.0,1645.4097822246144
141160.0,1669.022302335377
141180.0,1695.6572298509484
141200.0,1719.787505980684
141220.0,1733.8650298618832
141240.0,1728.9074530791556
141260.0,1695.7052616255132
141280.0,1626.8813106801922
141300.0,1519.7470916043285
141320.0,1379.3682412030535
141340.0,1220.7172338365076
141360.0,1068.2632510446224
141380.0,950.9559334751724
141400.0,892.199850820497
141420.0,901.079927511706
141440.0,970.8338861566046
141460.0,1082.979005526198
141480.0,1213.8022489708005
141500.0,1340.794680785417
141520.0,1447.4875899663762
141540.0,1525.5603838071806
141560.0,1574.1793670107102
141580.0,1597.7542176428253
141600.0,1603.29773737091
141620.0,1598.1565426486864
141640.0,1588.4780715317447
141660.0,1578.4792220615823
141680.0,1570.3797921334494
141700.0,1564.7819742421957
141720.0,1561.2941685055587
141740.0,1559.1812501979205
141760.0,1557.841403471989
141780.0,1556.9930078339607
141800.0,1556.530705089089
141820.0,1556.2479700748884
141840.0,1555.715605422848
141860.0,1554.3494365749923
141880.0,1551.572548920039
141900.0,1546.967408051209
141920.0,1540.3759532779736
141940.0,1531.9561531224724
141960.0,1522.1675236941514
141980.0,1511.6663932426218
142000.0,1501.1522362071828
142020.0,1491.2312870289545
142040.0,1482.3052715213305
142060.0,1474.4807784736645
142080.0,1467.5728260320534
142100.0,1461.2021929638563
142120.0,1454.93181530026
142140.0,1448.3975759524187
142160.0,1441.4204076368967
142180.0,1434.1332336270175
142200.0,1427.0867419525891
142220.0,1421.281041247356
142240.0,1418.0961681735043
142260.0,1419.1091794881288
142280.0,1425.7696877155217
142300.0,1438.8533417515378
142320.0,1457.7284676498343
142340.0,1479.6220846883707
142360.0,1499.128122078284
142380.0,1508.172206605374
142400.0,1496.6863820945514
142420.0,1454.2127919109066
142440.0,1372.5072059551158
142460.0,1248.8394058117683
142480.0,1089.127260979711
142500.0,909.4001576760982
142520.0,733.4943147466732
142540.0,585.7702863808347
142560.0,483.0471350418713
142580.0,431.3590566158952
142600.0,427.16901063187225
142620.0,460.6783160830038
142640.0,519.4864890423921
142660.0,591.5963495820205
142680.0,667.3574519724397
142700.0,740.3509681924605
142720.0,807.4434822757498
142740.0,868.3093052656334
142760.0,924.6896757260429
142780.0,979.573434353234
142800.0,1036.3917015990319
142820.0,1098.251787859485
142840.0,1167.2132229627498
142860.0,1243.6387064083963
142880.0,1325.729900477329
142900.0,1409.465717112502
142920.0,1489.2685378560425
142940.0,1559.6170516353475
142960.0,1616.8538521918138
142980.0,1659.9470392870294
143000.0,1690.1411511378387
143020.0,1710.0782354566222
143040.0,1722.8685241912303
143060.0,1731.3628187861577
143080.0,1737.7601934808342
143100.0,1743.5353440518745
143120.0,1749.5935071215833
143140.0,1756.5370359643134
143160.0,1764.9245446874897
143180.0,1775.3967127860656
143200.0,1788.580552947528
143220.0,1804.7471776933119
143240.0,1823.2548197310261
143260.0,1841.8943180154467
143280.0,1856.3442018798717
143300.0,1859.9558970595158
143320.0,1844.0813120592934
143340.0,1799.2435541300074
143360.0,1717.3251941301176
143380.0,1594.6132614947253
143400.0,1435.1041078682263
143420.0,1252.9377970631542
143440.0,1072.2063321849319
143460.0,921.9939181104676
143480.0,826.8303147362733
143500.0,799.0054623756234
143520.0,836.985398804481
143540.0,928.0208684489822
143560.0,1052.475938167949
143580.0,1188.37327340544
143600.0,1315.4804051117364
143620.0,1418.7144258044023
143640.0,1490.2586117137039
143660.0,1529.5265530552394
143680.0,1541.4120814708754
143700.0,1533.8800323088326
143720.0,1515.691519760499
143740.0,1494.649179965007
143760.0,1476.5090240636102
143780.0,1464.6100442085428
143800.0,1460.0790143166942
143820.0,1462.349224784124
143840.0,1469.8026489834983
143860.0,1480.4054345882512
143880.0,1492.2203128014075
143900.0,1503.7295122885937
143920.0,1513.9774780039922
143940.0,1522.5441377614202
143960.0,1529.4040693594911
143980.0,1534.731618331752
144000.0,1538.7174268728265
144020.0,1541.4909561655393
144040.0,1543.1466658091579
144060.0,1543.8431605760657
144080.0,1543.8932773096383
144100.0,1543.7880352980487
144120.0,1544.143418091794
144140.0,1545.5792420424436
144160.0,1548.54792633076
144180.0,1553.1700207444685
144200.0,1559.1652897160195
144220.0,1565.8964990015872
144240.0,1572.5246117033853
144260.0,1578.234605887344
144280.0,1582.4074098277515
144300.0,1584.6769752846167
144320.0,1584.8797890131682
144340.0,1582.9561418815392
144360.0,1578.8553613204715
144380.0,1572.473175889712
144400.0,1563.664061419102
144420.0,1552.3197107351748
144440.0,1538.4845372792313
144460.0,1522.4800217182856
144480.0,1505.0042931357725
144500.0,1487.146476511211
144520.0,1470.2434608481424
144540.0,1455.6173928204182
144560.0,1444.3613350235112
144580.0,1437.2925790544782
144600.0,1435.0320235318181
144620.0,1438.0845784150588
144640.0,1446.784220528172
144660.0,1461.0257338748359
144680.0,1479.8069399230556
144700.0,1500.6736338461856
144720.0,1519.201055862129
144740.0,1528.731676772214
144760.0,1520.6709615652778
144780.0,1485.6396324070733
144800.0,1415.6706266391186
144820.0,1307.28558288097
144840.0,1164.8280398854674
144860.0,1002.8882417222109
144880.0,846.1278132739615
144900.0,724.4844834922296
144920.0,663.4986064102907
144940.0,675.3642139702982
144960.0,755.9988389556906
144980.0,887.3949020479777
145000.0,1043.3360587828752
145020.0,1197.0190676012983
145040.0,1327.900235688682
145060.0,1424.8643833629862
145080.0,1485.7633787616123
145100.0,1514.9949972785976
145120.0,1520.529579523623
145140.0,1511.275758584777
145160.0,1495.2470144081326
145180.0,1478.6016257928145
145200.0,1465.362048122161
145220.0,1457.523298569057
145240.0,1455.390301988868
145260.0,1458.1057198177584
145280.0,1464.2115174783878
145300.0,1472.0972538067024
145320.0,1480.302152468812
145340.0,1487.6821449505342
145360.0,1493.4653031938747
145380.0,1497.2424229081753
145400.0,1498.8857000938624
145420.0,1498.4021471619178
145440.0,1495.8071261310438
145460.0,1491.0837539097088
145480.0,1484.211455297051
145500.0,1475.2526795562221
145520.0,1464.4609772628914
145540.0,1452.315133333538
145560.0,1439.462888266911
145580.0,1426.6022698820311
145600.0,1414.3217880406555
145620.0,1403.02072290803
145640.0,1392.9375257074742
145660.0,1384.2001539862467
145680.0,1376.8434337248004
145700.0,1370.798398143032
145720.0,1365.8560059150807
145740.0,1361.6452164998107
145760.0,1357.6740734277735
145780.0,1353.4108328265982
145800.0,1348.3817372667133
145820.0,1342.2544962432908
145840.0,1334.9149376479572
145860.0,1326.5243420036734
145880.0,1317.538772063596
145900.0,1308.7066240133172
145920.0,1301.0404976481236
145940.0,1295.7343390470435
145960.0,1294.0200740673977
145980.0,1296.930350483818
146000.0,1304.9382291995898
146020.0,1317.468813297673
146040.0,1332.3493586223644
146060.0,1345.3400486736168
146080.0,1349.9800414149881
146100.0,1337.991822159936
146120.0,1300.445833171993
146140.0,1229.8045523154365
146160.0,1122.6953432211935
146180.0,982.884309815557
146200.0,823.425501252255
146220.0,666.315705724366
146240.0,537.7549313603865
146260.0,460.1401932989729
146280.0,446.1852047731319
146300.0,497.04585522492897
146320.0,603.0117400235793
146340.0,745.7409079819162
146360.0,901.9790028514141
146380.0,1048.936480634469
146400.0,1169.7197806033796
146420.0,1256.068658757409
146440.0,1307.8602578907671
146460.0,1330.7669201264473
146480.0,1333.4364379502654
146500.0,1325.0308256010412
146520.0,1313.534985918485
146540.0,1304.905110018035
146560.0,1302.8982900971866
146580.0,1309.2805473531862
146600.0,1324.119379824517
146620.0,1345.943407717165
146640.0,1371.707747436612
146660.0,1396.682041880079
146680.0,1414.4323603560538
146700.0,1417.121515633138
146720.0,1396.3807731543898
146740.0,1344.857784037268
146760.0,1258.2979970607028
146780.0,1137.7000584557159
146800.0,990.6567812289843
146820.0,830.5311671714132
146840.0,673.0898678130375
146860.0,533.2467666874722
146880.0,423.8214595504045
146900.0,355.48133626981337
146920.0,336.62085824075336
146940.0,372.3892824689177
146960.0,462.7320895611171
146980.0,600.0969502664252
147000.0,768.3138891716209
147020.0,944.8087064731556
147040.0,1106.8032126616054
147060.0,1237.786560015432
147080.0,1330.4063846521278
147100.0,1385.7293594138016
147120.0,1410.5644575076803
147140.0,1414.3686526969889
147160.0,1406.6427508056581
147180.0,1395.2152187328984
147200.0,1385.4560104729728
147220.0,1380.2433354962213
147240.0,1380.4298530127933
147260.0,1385.53009759511
147280.0,1394.3947832314236
147300.0,1405.7308127742372
147320.0,1418.3869068153253
147340.0,1431.4454755952415
147360.0,1444.2105358735266
147380.0,1456.147408457188
147400.0,1466.8276850867364
147420.0,1475.9070957175347
147440.0,1483.1093287449269
147460.0,1488.2115621780708
147480.0,1491.0425465429016
147500.0,1491.5256231095834
147520.0,1489.8059796415878
147540.0,1486.366837853247
147560.0,1482.0515264034743
147580.0,1478.039983736364
147600.0,1475.831650291448
147620.0,1477.178961806139
147640.0,1483.8533166857915
147660.0,1497.2182722245032
147680.0,1517.6372175002543
147700.0,1543.706085374157
147720.0,1571.4310303102816
147740.0,1593.6455241084664
147760.0,1600.0409415218887
147780.0,1578.1856521036123
147800.0,1515.7731374029115
147820.0,1404.0639197536025
147840.0,1242.078560883901
147860.0,1040.4596190251355
147880.0,823.0908228422519
147900.0,623.8579781221554
147920.0,477.5557101868636
147940.0,410.1262817738358
147960.0,433.2856531054973
147980.0,543.0048152657396
148000.0,720.5686261856822
148020.0,936.2322534396369
148040.0,1156.262313128797
148060.0,1351.7015555678818
148080.0,1504.324232008937
148100.0,1607.9060308834412
148120.0,1666.0173783817904
148140.0,1688.32123377341
148160.0,1686.8749997313594
148180.0,1673.204675295869
148200.0,1656.4675833205008
148220.0,1642.727481292605
148240.0,1635.0846276094985
148260.0,1634.3087270508217
148280.0,1639.6867077670315
148300.0,1649.8137773320027
148320.0,1663.1150283489492
148340.0,1678.0643016027473
148360.0,1693.194471095813
148380.0,1707.0515830372267
148400.0,1718.2896558876648
148420.0,1725.9481335871158
148440.0,1729.6581071130536
148460.0,1729.5996740565813
148480.0,1726.2953913864935
148500.0,1720.3725765426375
148520.0,1712.3931842541874
148540.0,1702.797245175777
148560.0,1691.9213026718196
148580.0,1680.0713154572986
148600.0,1667.6471575517858
148620.0,1655.2525887989275
148640.0,1643.6889609973048
148660.0,1633.8139246717044
148680.0,1626.2819070762837
148700.0,1621.3491862081182
148720.0,1618.8509321266906
148740.0,1618.2886051191053
148760.0,1618.9639047761866
148780.0,1620.1361318911217
148800.0,1621.1744457799934
148820.0,1621.6558918985597
148840.0,1621.3976679627435
148860.0,1620.4304234718848
148880.0,1618.9511204103437
148900.0,1617.2544026333333
148920.0,1615.6574704054142
148940.0,1614.4940357287228
148960.0,1614.1603746629612
148980.0,1615.1285829556987
149000.0,1617.8858927922554
149020.0,1622.8395682032983
149040.0,1630.1875245769884
149060.0,1639.7783448232738
149080.0,1651.0418122222206
149100.0,1663.0721776650912
149120.0,1674.8808844532882
149140.0,1685.6682409133616
149160.0,1694.9937887106219
149180.0,1702.8382702027634
149200.0,1709.568755809644
149220.0,1715.7982450192935
149240.0,1722.1979861112845
149260.0,1729.312041650414
149280.0,1737.4334828629235
149300.0,1746.6079869446621
149320.0,1756.6891300955836
149340.0,1767.3761986946824
149360.0,1778.2672981551248
149380.0,1788.9529852288692
149400.0,1799.1224815824091
149420.0,1808.6233258298373
149440.0,1817.4546099894585
149460.0,1825.7192743887754
149480.0,1833.5544160479108
149500.0,1841.0607241676685
149520.0,1848.2163878912063
149540.0,1854.812525890805
149560.0,1860.431126363772
149580.0,1864.4623062422445
149600.0,1866.196978729125
149620.0,1864.9846158990135
149640.0,1860.3938878895945
149660.0,1852.3047809806285
149680.0,1840.9496725096226
149700.0,1826.920695947705
149720.0,1811.1452298798067
149740.0,1794.850693955245
149760.0,1779.505002495171
149780.0,1766.670971811658
149800.0,1757.727141654732
149820.0,1753.4397811586928
149840.0,1753.3625254541396
149860.0,1755.0907813638999
149880.0,1753.504694827346
149900.0,1740.4201517247493
149920.0,1705.2469792127272
149940.0,1637.009049500683
149960.0,1527.6719075145688
149980.0,1376.252640887158
150000.0,1192.6285496758333
150020.0,999.3465346143305
150040.0,829.1282643969192
150060.0,716.0984061637719
150080.0,684.1557192094272
150100.0,740.055491914446
150120.0,872.6631289640569
150140.0,1056.5412547689434
150160.0,1258.8448054296327
150180.0,1448.4358549934072
150200.0,1603.4432322637117
150220.0,1713.9876384114111
150240.0,1780.75994750169
150260.0,1811.5263123339937
150280.0,1817.2658279528823
150300.0,1809.0117014899631
150320.0,1795.836512696496
150340.0,1783.9532117338636
150360.0,1776.6888618588666
150380.0,1775.0166643659072
150400.0,1778.3260717976214
150420.0,1785.2071777167814
150440.0,1794.0955427221602
150460.0,1803.6784605622859
150480.0,1813.0468535441432
150500.0,1821.6606367995319
150520.0,1829.289574073596
150540.0,1835.9263364307112
150560.0,1841.6227492910252
150580.0,1846.33516939586
150600.0,1849.886487279345
150620.0,1852.0435732820565
150640.0,1852.6931713717847
150660.0,1852.088691947213
150680.0,1851.0591717577731
150700.0,1851.0591178050254
150720.0,1853.9991947513238
150740.0,1861.7788982408413
150760.0,1875.5170024475033
150780.0,1894.6029632135524
150800.0,1915.757526025792
150820.0,1932.3721469207758
150840.0,1934.4785008873253
150860.0,1909.751092018169
150880.0,1845.7788391568006
150900.0,1733.555104331112
150920.0,1571.798362746423
150940.0,1371.0709723889047
150960.0,1155.866769400876
150980.0,962.1255590161479
151000.0,827.7915636939006
151020.0,779.5178295454796
151040.0,824.6963543513593
151060.0,951.2998716979894
151080.0,1132.686853031129
151100.0,1335.0715239152191
151120.0,1526.2676939616583
151140.0,1683.1759656268518
151160.0,1794.8182384721763
151180.0,1861.0847643600628
151200.0,1889.3150430937392
151220.0,1890.4458121749317
151240.0,1875.796511433829
151260.0,1854.9486243616952
151280.0,1834.7479078130727
151300.0,1819.2255932801622
151320.0,1810.0665416949628
151340.0,1807.2918252866828
151360.0,1809.9327745030423
151380.0,1816.5495674714668
151400.0,1825.5942951696102
151420.0,1835.6699230819468
151440.0,1845.6653640670077
151460.0,1854.8062237188522
151480.0,1862.6740311387541
151500.0,1869.1854426552884
151520.0,1874.5238983688785
151540.0,1879.0383057015526
151560.0,1883.1101227203685
151580.0,1887.018469858283
151600.0,1890.8689275893073
151620.0,1894.6096656369712
151640.0,1898.0916886337181
151660.0,1901.1511226964546
151680.0,1903.6766668619118
151700.0,1905.6164086746223
151720.0,1906.9570868821825
151740.0,1907.7157299351315
151760.0,1907.9318962350776
151780.0,1907.6547689942793
151800.0,1906.9429523395877
151820.0,1905.8593347640071
151840.0,1904.4690880833252
151860.0,1902.8705732628473
151880.0,1901.1949778276717
151900.0,1899.556520927271
151920.0,1898.0314812869815
151940.0,1896.6731803639373
151960.0,1895.5257324151885
151980.0,1894.626948482146
152000.0,1894.026951570609
152020.0,1893.8026365498322
152040.0,1894.019936437741
152060.0,1894.6493660036292
152080.0,1895.4956740469624
152100.0,1896.157227960653
152120.0,1896.0436391404703
152140.0,1894.510638784031
152160.0,1891.1026971761112
152180.0,1885.8350239049335
152200.0,1879.4229070640322
152220.0,1873.3534677218067
152240.0,1869.7274832367289
152260.0,1870.8729555973182
152280.0,1878.7752225107938
152300.0,1894.3063703672701
152320.0,1916.2939684074342
152340.0,1940.5846223107915
152360.0,1959.3643687920605
152380.0,1961.1057873881916
152400.0,1931.5455417271037
152420.0,1856.0331126262258
152440.0,1723.3505122794438
152460.0,1530.5673486338537
152480.0,1287.7573073086555
152500.0,1020.5540085210372
152520.0,767.6744793305597
152540.0,571.4636045021363
152560.0,465.9871627509642
152580.0,469.2295849180201
152600.0,579.8005264062429
152620.0,777.0057198794156
152640.0,1024.6161611508594
152660.0,1279.7324790818936
152680.0,1504.9908525125263
152700.0,1677.21620918011
152720.0,1789.2877947724967
152740.0,1847.2423263790595
152760.0,1865.3065033343457
152780.0,1860.7415981099225
152800.0,1849.5321524576582
152820.0,1843.3105342184037
152840.0,1847.5137911562786
152860.0,1860.632310039501
152880.0,1874.4330978681032
152900.0,1875.1732136682997
152920.0,1845.927932481924
152940.0,1770.116855341855
152960.0,1636.0643481206564
152980.0,1441.9524228594742
153000.0,1199.860934538865
153020.0,936.6976210419849
153040.0,689.2640367261985
153060.0,494.0890880852302
153080.0,378.90426781006056
153100.0,358.83911334633865
153120.0,435.38997061088605
153140.0,596.4960544550355
153160.0,817.5189300040167
153180.0,1064.4117761086359
153200.0,1300.966877758133
153220.0,1498.4116065899336
153240.0,1641.2875240592234
153260.0,1727.502788791257
153280.0,1764.8491799925675
153300.0,1766.4349377738024
153320.0,1746.5731710040113
153340.0,1717.8587281570694
153360.0,1689.5895696628054
153380.0,1667.362938456561
153400.0,1653.4834823013966
153420.0,1647.811908104546
153440.0,1648.7244963552305
153460.0,1653.9694716327572
153480.0,1661.303351122348
153500.0,1668.8529243164678
153520.0,1675.2724826674537
153540.0,1679.7689641098746
153560.0,1682.0156904830462
153580.0,1682.0140923920578
153600.0,1679.9854814912856
153620.0,1676.2959293318404
153640.0,1671.3795772228273
153660.0,1665.6595891929192
153680.0,1659.5045169255366
153700.0,1653.2120102806052
153720.0,1647.0069970774064
153740.0,1641.066078703163
153760.0,1635.5533979771137
153780.0,1630.6184712552815
153800.0,1626.35566030535
153820.0,1622.7663644498937
153840.0,1619.7498085512484
153860.0,1617.1095826406356
153880.0,1614.5682851760346
153900.0,1611.849712031624
153920.0,1608.8484429157936
153940.0,1605.8275531466995
153960.0,1603.5427177325575
153980.0,1603.2166456085367
154000.0,1606.3557396618874
154020.0,1614.3918545867189
154040.0,1628.143742965838
154060.0,1647.1382386874543
154080.0,1668.8623049293724
154100.0,1688.1096273663352
154120.0,1696.6836843285205
154140.0,1683.766545123211
154160.0,1637.2654261389928
154180.0,1546.3910631391784
154200.0,1405.4903882424323
154220.0,1218.4757101444598
154240.0,1002.3126798247606
154260.0,787.2414785896708
154280.0,611.0704369102668
154300.0,508.20489098137085
154320.0,499.86478936904575
154340.0,588.9093154552174
154360.0,758.8841844984529
154380.0,977.5605131174655
154400.0,1205.9359326610622
154420.0,1410.0333935641343
154440.0,1568.5941949477601
154460.0,1674.3813906851367
154480.0,1731.3786768083278
154500.0,1750.3920670493594
154520.0,1744.7552592890243
154540.0,1727.0436397508365
154560.0,1707.0937147077507
154580.0,1691.2658621274993
154600.0,1682.681556494932
154620.0,1681.9770150599852
154640.0,1688.1667564506383
154660.0,1699.4047365297859
154680.0,1713.5520886812785
154700.0,1728.5777382131837
154720.0,1742.812347325577
154740.0,1755.0685571951167
154760.0,1764.6605751739894
154780.0,1771.3177636533096
154800.0,1775.0254936553436
154820.0,1775.8620350656165
154840.0,1773.898741428899
154860.0,1769.200233687762
154880.0,1761.9094387401965
154900.0,1752.3606370513685
154920.0,1741.1586315377633
154940.0,1729.1771973056238
154960.0,1717.419347753365
154980.0,1706.764956695996
155000.0,1697.7798749493534
155020.0,1690.6573350764497
155040.0,1685.274751781104
155060.0,1681.3119585426284
155080.0,1678.3742499901723
155100.0,1676.1025855848188
155120.0,1674.2421753284937
155140.0,1672.658105723498
155160.0,1671.3105431433862
155180.0,1670.2046504603554
155200.0,1669.3389595399626
155220.0,1668.6671527546252
155240.0,1668.0930487382623
155260.0,1667.520780364389
155280.0,1666.927795550618
155300.0,1666.3904327424893
155320.0,1666.026309096775
155340.0,1665.9112224052267
155360.0,1666.0131006152083
155380.0,1666.1727747693726
155400.0,1666.1570626266948
155420.0,1665.7618410267696
155440.0,1664.910226226606
155460.0,1663.709480220903
155480.0,1662.4403095949133
155500.0,1661.48602527773
155520.0,1661.222528071854
155540.0,1661.9038190719107
155560.0,1663.5712970730215
155580.0,1666.0228253473629
155600.0,1668.8963512441394
155620.0,1671.858711998547
155640.0,1674.849073282634
155660.0,1678.264275075076
155680.0,1683.0208076732924
155700.0,1690.491280523247
155720.0,1702.2462061527617
155740.0,1719.55887359343
155760.0,1742.690571235802
155780.0,1770.0401551244242
155800.0,1797.3789996516593
155820.0,1817.4563893653922
155840.0,1820.271791604438
155860.0,1794.301760193354
155880.0,1728.8716297723913
155900.0,1617.567127853593
155920.0,1462.0948930683112
155940.0,1275.444038227359
155960.0,1082.526692478734
155980.0,915.9255334457364
156000.0,806.3974694113994
156020.0,774.0195047137674
156040.0,824.4448105196892
156060.0,948.9051059086933
156080.0,1126.093824052003
156100.0,1325.2839002609965
156120.0,1511.1043358418924
156140.0,1650.0982852053353
156160.0,1716.6967819184579
156180.0,1696.6420405060246
156200.0,1588.6178677147582
156220.0,1404.9976243647216
156240.0,1171.4502959929878
156260.0,923.838433759903
156280.0,700.540901623716
156300.0,532.8778775105964
156320.0,440.024142288131
156340.0,428.95174753709244
156360.0,496.5650065105168
156380.0,631.9097251108747
156400.0,817.6135325028927
156420.0,1030.9524491327718
156440.0,1245.98933945271
156460.0,1438.3507480729952
156480.0,1591.0355719252086
156500.0,1697.1573269369499
156520.0,1758.956290905107
156540.0,1784.8264163069205
156560.0,1785.9448542964299
156580.0,1773.4560602489455
156600.0,1756.602699697117
156620.0,1741.8406188725999
156640.0,1732.745256589785
156660.0,1730.4281870583086
156680.0,1734.1971310506487
156700.0,1742.2316958833085
156720.0,1752.1857853368906
156740.0,1761.738403627757
156760.0,1769.0619247479158
156780.0,1773.0761076618921
156800.0,1773.449314274094
156820.0,1770.4150139936678
156840.0,1764.5260498860596
156860.0,1756.4422820024763
156880.0,1746.782778185168
156900.0,1736.0705445739743
156920.0,1724.7546513602788
156940.0,1713.2779162344825
156960.0,1702.1372090436078
156980.0,1691.8822271712397
157000.0,1683.0234312828532
157020.0,1675.8882525553192
157040.0,1670.503601959618
157060.0,1666.5667170721524
157080.0,1663.5182111493655
157100.0,1660.683585403233
157120.0,1657.4382011877747
157140.0,1653.3812447582582
157160.0,1648.5120987430316
157180.0,1643.3572470760846
157200.0,1638.9716045651926
157220.0,1636.7994388412994
157240.0,1638.3889786482773
157260.0,1644.9072099163768
157280.0,1656.4887569259736
157300.0,1671.584234534391
157320.0,1686.4570029633276
157340.0,1694.9487164639766
157360.0,1688.7691750870738
157380.0,1658.6089240006538
157400.0,1596.1734372340454
157420.0,1496.997492355236
157440.0,1363.5404449035605
157460.0,1207.5876410340788
157480.0,1050.4764147538058
157500.0,919.2475324950199
157520.0,838.3110113524999
157540.0,821.655530571076
157560.0,870.1043119622016
157580.0,972.6021491111445
157600.0,1109.6487586158182
157620.0,1257.911406619709
157640.0,1395.61786847907
157660.0,1507.32663622875
157680.0,1585.9054102730422
157700.0,1631.6636851994167
157720.0,1649.9992758972828
157740.0,1648.7944580234057
157760.0,1636.2892920616518
157780.0,1619.6822636687918
157800.0,1604.4127289539688
157820.0,1593.954698524207
157840.0,1589.9080767471555
157860.0,1592.3113384034136
157880.0,1600.1074300218736
157900.0,1611.6065502639601
157920.0,1624.8745081938398
157940.0,1638.0037120172615
157960.0,1649.3187730407371
157980.0,1657.5467817660942
158000.0,1661.9428327629535
158020.0,1662.3234774211815
158040.0,1659.018485637021
158060.0,1652.7785264153995
158080.0,1644.5626332963293
158100.0,1635.215699148298
158120.0,1625.2541927042391
158140.0,1614.8589006054199
158160.0,1603.9917521993575
158180.0,1592.5774078885765
158200.0,1580.6947177900415
158220.0,1568.7641511209185
158240.0,1557.6644667759388
158260.0,1548.6979921894501
158280.0,1543.4121113926276
158300.0,1543.3115793110271
158320.0,1549.4578210221875
158340.0,1561.926738120797
158360.0,1579.1939783049536
158380.0,1597.6201294624766
158400.0,1611.1234751259917
158420.0,1611.174021213096
158440.0,1587.4648582872471
158460.0,1529.5416707711527
158480.0,1429.440868556511
158500.0,1284.9503986113516
158520.0,1102.5196588478682
158540.0,898.1723009737937
158560.0,694.2494227202714
158580.0,511.69819929341367
158600.0,363.4689806526409
158620.0,253.14077041283934
158640.0,177.41192846179032
158660.0,130.22312177188093
158680.0,106.81977930374433
158700.0,106.60869022803865
158720.0,134.1294960836077
158740.0,197.8628167429268
158760.0,306.9921186178399
158780.0,466.7002255310088
158800.0,673.1688760710192
158820.0,910.1660127878637
158840.0,1149.7848468796722
158860.0,1358.8631855341064
158880.0,1507.781917264397
158900.0,1576.7866620018099
158920.0,1558.9257533596697
158940.0,1460.9467953421386
158960.0,1303.0543137355314
158980.0,1117.2000355310722
159000.0,942.3037875666862
159020.0,815.0158532177245
159040.0,759.8155471177217
159060.0,784.635556328571
159080.0,881.9095184545431
159100.0,1032.4173626468196
159120.0,1210.2339482047544
159140.0,1388.1852745090239
159160.0,1543.5361371665374
159180.0,1662.2393226059914
159200.0,1739.9375201221937
159220.0,1780.2007170870397
159240.0,1791.4866280020804
159260.0,1784.0441416223869
159280.0,1767.469462356466
159300.0,1749.1858781494495
159320.0,1733.8196869702886
159340.0,1723.326863075878
159360.0,1717.6070424850811
159380.0,1715.2942086342377
159400.0,1714.5016416036742
159420.0,1713.413030458739
159440.0,1710.6962750116895
159460.0,1705.716431035767
159480.0,1698.5253677146331
159500.0,1689.626703563334
159520.0,1679.641484027079
159540.0,1669.084058693426
159560.0,1658.287495255349
159580.0,1647.4146048615396
159600.0,1636.5309458871293
159620.0,1625.7128078570304
159640.0,1615.0735755959117
159660.0,1604.7007929703634
159680.0,1594.6356980610085
159700.0,1584.88639678429
159720.0,1575.4514628740671
159740.0,1566.3771499198272
159760.0,1557.8063455989488
159780.0,1549.9222068209776
159800.0,1542.8614024694502
159820.0,1536.6838458506704
159840.0,1531.386530673985
159860.0,1526.9181586657353
159880.0,1523.159313554417
159900.0,1519.8996336589476
159920.0,1516.8731889909016
159940.0,1513.8322589747115
159960.0,1510.6351392598958
159980.0,1507.3205761682989
160000.0,1504.1578740482537
160020.0,1501.671602237469
160040.0,1500.6157313670335
160060.0,1501.9249774174255
160080.0,1506.662695419081
160100.0,1515.9194473694643
160120.0,1530.622597668378
160140.0,1551.2349386547571
160160.0,1577.278501012183
160180.0,1606.6387694960617
160200.0,1634.8521374115444
160220.0,1654.7053193765394
160240.0,1656.5093532312756
160260.0,1629.3513524206378
160280.0,1563.4588351847258
160300.0,1453.5450337595619
160320.0,1302.5317259028948
160340.0,1124.422776892485
160360.0,944.4505755898472
160380.0,794.2224160390417
160400.0,701.9808169380627
160420.0,684.1745884462356
160440.0,742.5354617571384
160460.0,865.2336457755762
160480.0,1030.3099963969387
160500.0,1210.6843620693799
160520.0,1380.4807181260117
160540.0,1520.8707533395882
160560.0,1622.7860339655103
160580.0,1686.1956694264882
160600.0,1717.4191448026158
160620.0,1725.9347260891525
160640.0,1721.6300694184545
160660.0,1712.934242836976
160680.0,1705.8905900262894
160700.0,1703.9807879249954
160720.0,1708.4417792093213
160740.0,1718.8301381329925
160760.0,1733.6282847190064
160780.0,1750.7799415956372
160800.0,1768.1666455494756
160820.0,1784.050114603099
160840.0,1797.3565468733818
160860.0,1807.709789907612
160880.0,1815.2703925882495
160900.0,1820.4948175948539
160920.0,1823.9218670364141
160940.0,1826.0214044404747
160960.0,1827.1086487020962
160980.0,1827.355423762972
161000.0,1826.8508962827327
161020.0,1825.6584877376245
161040.0,1823.8533002653992
161060.0,1821.5287057902904
161080.0,1818.7986235077392
161100.0,1815.7847180851536
161120.0,1812.5582139719008
161140.0,1809.026439479075
161160.0,1804.8220677558136
161180.0,1799.2868886177766
161200.0,1791.5684930392576
161220.0,1780.8040031223413
161240.0,1766.367921148006
161260.0,1748.1402553482312
161280.0,1726.7216300719497
161300.0,1703.516563642574
161320.0,1680.5464716100735
161340.0,1659.9286705189584
161360.0,1643.2737378059123
161380.0,1631.3578943614652
161400.0,1624.1582510996366
161420.0,1621.0865015937102
161440.0,1621.2238669770718
161460.0,1623.502423962123
161480.0,1626.8398681654885
161500.0,1630.2388313173692
161520.0,1632.8703390836122
161540.0,1634.1284729815002
161560.0,1633.65935783933
161580.0,1631.4087349592742
161600.0,1627.687814110756
161620.0,1623.2374978344983
161640.0,1619.284225030319
161660.0,1617.513598970218
161680.0,1619.869462752731
161700.0,1628.114829758216
161720.0,1643.1709533893365
161740.0,1664.3734696505617
161760.0,1688.833261728371
161780.0,1711.0788204283774
161800.0,1723.060731961198
161820.0,1714.6577958503062
161840.0,1674.9682177407053
161860.0,1594.5987464229975
161880.0,1468.8353556834873
161900.0,1301.1258760165706
161920.0,1105.6531130635994
161940.0,907.0780938314992
161960.0,735.2780119585996
161980.0,616.2910990658813
162000.0,565.9300793073584
162020.0,588.4413064719104
162040.0,678.0069804975857
162060.0,821.0930157277604
162080.0,998.7643441416722
162100.0,1189.134775567178
162120.0,1370.6944676525113
162140.0,1526.0337721888377
162160.0,1643.5660501415812
162180.0,1716.5082652456945
162200.0,1740.7150321553447
162220.0,1713.0649588870297
162240.0,1631.4155498337286
162260.0,1496.3469875261394
162280.0,1314.129977190962
162300.0,1099.5632963478697
162320.0,876.4814055165947
162340.0,673.3208785175402
162360.0,514.2322603622692
162380.0,412.30099014819234
162400.0,368.758121128849
162420.0,376.20920885534485
162440.0,423.2285663997189
162460.0,498.5160541061299
162480.0,593.6203739362396
162500.0,703.872164038504
162520.0,827.6381815785077
162540.0,964.3432263840738
162560.0,1111.963407823417
162580.0,1264.9168886702494
162600.0,1413.4789727126613
162620.0,1545.8256994491524
162640.0,1652.1830830704196
162660.0,1727.8764634827567
162680.0,1773.6179584713857
162700.0,1794.0337284273526
162720.0,1795.6786842149345
162740.0,1785.3105866270187
162760.0,1768.7886612015304
162780.0,1750.6780131422897
162800.0,1734.4134887505231
162820.0,1722.6834646392963
162840.0,1717.7014647547544
162860.0,1721.1962797313204
162880.0,1734.1579424182194
162900.0,1756.3580453501131
162920.0,1785.6655114198716
162940.0,1817.3213133520335
162960.0,1843.4389106444323
162980.0,1853.0481973053556
163000.0,1833.012589445571
163020.0,1770.136814663091
163040.0,1654.5908918200075
163060.0,1484.3182676142337
163080.0,1269.3585534220815
163100.0,1034.2287994877684
163120.0,815.7842696821177
163140.0,654.2692554482134
163160.0,580.8468044543565
163180.0,609.2146883212887
163200.0,732.8327101582059
163220.0,926.1848926910545
163240.0,1149.6068428628603
163260.0,1357.9789989322144
163280.0,1511.05105976915
163300.0,1580.8264314099395
163320.0,1554.7717854302532
163340.0,1436.3857923911396
163360.0,1244.211301447743
163380.0,1008.9793856668645
163400.0,767.309993359255
163420.0,551.8590071042447
163440.0,383.52490653656946
163460.0,269.6746034345228
163480.0,206.63315393289335
163500.0,183.89507845748426
163520.0,188.2998043187767
163540.0,207.20612850110484
163560.0,230.34040841136047
163580.0,250.433482397806
163600.0,263.00509083988493
163620.0,265.7350961188872
163640.0,257.8231088415139
163660.0,239.62555137567628
163680.0,212.7065492522733
163700.0,180.27199989173477
163720.0,147.7950882200002
163740.0,123.50745838131097
163760.0,118.35049282762172
163780.0,144.99174580707842
163800.0,215.65485452670313
163820.0,338.8271411981665
163840.0,515.4206606503842
163860.0,735.6578369470043
163880.0,978.7402561390579
163900.0,1217.4612412748397
163920.0,1426.6850783806349
163940.0,1590.197011044498
163960.0,1702.7663971089526
163980.0,1768.4716268649179
164000.0,1797.2538449638191
164020.0,1801.2532662842182
164040.0,1791.9030783390353
164060.0,1778.17595777612
164080.0,1765.9389980664528
164100.0,1758.1053581303063
164120.0,1755.2207595559655
164140.0,1756.2064873877603
164160.0,1759.0800112437232
164180.0,1761.5844985585913
164200.0,1761.73301407781
164220.0,1758.2085128189144
164240.0,1750.508914689919
164260.0,1738.8503204957458
164280.0,1723.9396589850373
164300.0,1706.7083153061526
164320.0,1688.090110755799
164340.0,1668.908731079927
164360.0,1649.856478962344
164380.0,1631.4988326617718
164400.0,1614.2781605154246
164420.0,1598.523942503341
164440.0,1584.4728761111178
164460.0,1572.2644754821704
164480.0,1561.915767276286
164500.0,1553.3199902264735
164520.0,1546.2861822900313
164540.0,1540.5979017500115
164560.0,1536.0457938508655
164580.0,1532.4101789811791
164600.0,1529.4351485971597
164620.0,1526.829288550009
164640.0,1524.3004146561707
164660.0,1521.6061012769583
164680.0,1518.5931166816058
164700.0,1515.2301637572127
164720.0,1511.656035159715
164740.0,1508.2145568408196
164760.0,1505.4352401978563
164780.0,1503.942055755921
164800.0,1504.282958268143
164820.0,1506.7708952045948
164840.0,1511.4323969969455
164860.0,1518.0388132578214
164880.0,1526.1778891554059
164900.0,1535.342883361875
164920.0,1545.0171098568203
164940.0,1554.7505824641041
164960.0,1564.2026803929293
164980.0,1573.1237672347581
165000.0,1581.324695928297
165020.0,1588.6718577338434
165040.0,1595.100298936546
165060.0,1600.6368533062725
165080.0,1605.410340291401
165100.0,1609.6333341271481
165120.0,1613.5456591374646
165140.0,1617.3376259014099
165160.0,1621.1073553057606
165180.0,1624.8561772824191
165200.0,1628.4902499788873
165220.0,1631.8374305098757
165240.0,1634.6993745357327
165260.0,1636.9232501986478
165280.0,1638.457829606315
165300.0,1639.3659985203099
165320.0,1639.8183706742807
165340.0,1640.074338888719
165360.0,1640.4323154796232
165380.0,1641.184252539361
165400.0,1642.5826087046419
165420.0,1644.7989731249284
165440.0,1647.8943112242564
165460.0,1651.813473763195
165480.0,1656.3497146906848
165500.0,1661.0973523862872
165520.0,1665.4699834539842
165540.0,1668.8216287072148
165560.0,1670.6047673256696
165580.0,1670.44054516238
165600.0,1668.086425836543
165620.0,1663.3901905167227
165640.0,1656.2815609431138
165660.0,1646.813387078136
165680.0,1635.2330012935445
165700.0,1622.050086227016
165720.0,1608.056350618972
165740.0,1594.2305233320835
165760.0,1581.5368174888085
165780.0,1570.7145654082146
165800.0,1562.1562460014457
165820.0,1555.904047002727
165840.0,1551.7381018054152
165860.0,1549.3081320129356
165880.0,1548.2763490969153
165900.0,1548.420658110704
165920.0,1549.6765479888884
165940.0,1552.1083544284986
165960.0,1555.805056954762
165980.0,1560.7508184713129
166000.0,1566.7373609653146
166020.0,1573.367102931241
166040.0,1580.1430471926478
166060.0,1586.5783621094229
166080.0,1592.2577549296182
166100.0,1596.846165749907
166120.0,1600.0551186814216
166140.0,1601.5948616906428
166160.0,1601.1525097201197
166180.0,1598.4403497195915
166200.0,1593.316743438578
166220.0,1585.9396651536156
166240.0,1576.8997664300973
166260.0,1567.2794811165904
166280.0,1558.589296491357
166300.0,1552.586348847013
166320.0,1550.9484089790365
166340.0,1554.7468382013099
166360.0,1563.7528136409758
166380.0,1575.751211763202
166400.0,1586.0067231012874
166420.0,1587.0430008064532
166440.0,1569.0520542580452
166460.0,1521.2966044178968
166480.0,1434.6515231919993
166500.0,1305.0851718439415
166520.0,1137.380659977169
166540.0,947.7013929882057
166560.0,762.928680757502
166580.0,614.6279053946114
166600.0,529.2650378618135
166620.0,521.1053501441817
166640.0,589.8894457930904
166660.0,721.7530766651691
166680.0,892.4575035677047
166700.0,1073.062883314657
166720.0,1237.5239205739892
166740.0,1368.5812251776756
166760.0,1459.3553503235346
166780.0,1511.630634901589
166800.0,1532.712834421956
166820.0,1532.2750790142193
166840.0,1519.9290937989686
166860.0,1503.7846104775308
166880.0,1489.9151416270379
166900.0,1482.4138215212947
166920.0,1483.695172801463
166940.0,1494.8145899007447
166960.0,1515.632872628923
166980.0,1544.7415660850681
167000.0,1579.1886359528228
167020.0,1614.126866988173
167040.0,1642.5776797928706
167060.0,1655.5598219073447
167080.0,1642.8925303208769
167100.0,1594.9432788426202
167120.0,1505.331366093329
167140.0,1374.1998052452002
167160.0,1211.1527630166438
167180.0,1036.3242363496695
167200.0,877.5125193114869
167220.0,762.6403381234747
167240.0,711.8738831853949
167260.0,733.4790675898155
167280.0,822.8846932784465
167300.0,963.8901849984437
167320.0,1132.000275403259
167340.0,1300.4192565827057
167360.0,1447.1234546936296
167380.0,1559.2034095005386
167400.0,1633.242024934959
167420.0,1673.1234186064823
167440.0,1686.938255398408
167460.0,1684.1003610533749
167480.0,1673.2311356633195
167500.0,1660.9503882827491
167520.0,1651.4775341713405
167540.0,1646.833591077667
167560.0,1647.362232055439
167580.0,1652.3365156336386
167600.0,1660.5018812204048
167620.0,1670.4618008197256
167640.0,1680.909771274032
167660.0,1690.7517254958861
167680.0,1699.1582305896923
167700.0,1705.5935225619255
167720.0,1709.8354131539556
167740.0,1712.0082693038523
167760.0,1712.6386584223837
167780.0,1712.702718754936
167800.0,1713.6416324707782
167820.0,1717.284805208027
167840.0,1725.5766155941212
167860.0,1740.1112143063413
167880.0,1761.5497457411027
167900.0,1788.9514744364187
167920.0,1819.0139503558166
167940.0,1845.331393083318
167960.0,1858.0638535696703
167980.0,1844.4859059896662
168000.0,1790.8349163376347
168020.0,1685.6170760636996
168040.0,1524.1004014427049
168060.0,1313.11230138938
168080.0,1074.4355157637283
168100.0,844.2321325961054
168120.0,665.5951977045078
168140.0,575.0552238618069
168160.0,591.0135753817754
168180.0,708.8166968620105
168200.0,902.1693849756772
168220.0,1130.9412596999168
168240.0,1354.2777951920746
168260.0,1542.2772201272553
168280.0,1680.653210534942
168300.0,1769.4335181943047
168320.0,1818.5085577198165
168340.0,1842.1902757996177
168360.0,1854.1615152466704
168380.0,1863.6012850212242
168400.0,1872.8759070899778
168420.0,1876.9116184186837
168440.0,1864.2118409340878
168460.0,1819.4751822307887
168480.0,1727.7094394475625
168500.0,1579.507466716514
168520.0,1376.6097692418066
168540.0,1136.09333970433
168560.0,890.6998747188651
168580.0,682.461694696679
168600.0,550.4480843925705
168620.0,519.7908893905845
168640.0,595.8362698038267
168660.0,762.9336148995823
168680.0,988.0021166004741
168700.0,1229.6972292780267
168720.0,1450.433968142036
168740.0,1625.0076511786979
168760.0,1743.0900887966905
168780.0,1806.9885800155596
168800.0,1827.2225020265603
168820.0,1817.8898251865055
168840.0,1792.947620720502
168860.0,1763.842010466837
168880.0,1738.4577508472153
168900.0,1721.0747748264705
168920.0,1712.9485165190847
168940.0,1713.18207383042
168960.0,1719.6341645044463
168980.0,1729.7138265763194
169000.0,1740.944940575767
169020.0,1751.2383572134945
169040.0,1758.9621224577245
169060.0,1762.9536790713823
169080.0,1762.5609555111394
169100.0,1757.6672395805442
169120.0,1748.6397987158093
169140.0,1736.2933859680434
169160.0,1721.8846500605864
169180.0,1707.0768050996933
169200.0,1693.8326818613896
169220.0,1684.1973618771074
169240.0,1679.8945953643456
169260.0,1681.7232500863988
169280.0,1688.8312960387605
169300.0,1698.0176607222397
169320.0,1703.3014607607333
169340.0,1696.0309572065603
169360.0,1665.7941867557518
169380.0,1602.3786757225178
169400.0,1498.7921978080915
169420.0,1354.895589086981
169440.0,1180.6694801809595
169460.0,997.5284871233132
169480.0,835.5000760527333
169500.0,724.8000370404401
169520.0,685.9722807472994
169540.0,724.982671088904
169560.0,833.2297524936291
169580.0,990.183633804917
169600.0,1167.3248148916564
169620.0,1333.0829876633304
169640.0,1458.5926012399625
169660.0,1522.6509865296282
169680.0,1514.4028722456624
169700.0,1434.2946082055091
169720.0,1294.1422034625998
169740.0,1116.1635855466452
169760.0,929.8035679206926
169780.0,764.9543137167643
169800.0,643.8510831809451
169820.0,577.2635871854077
169840.0,565.61439676957
169860.0,602.4791533826243
169880.0,678.3452431299181
169900.0,783.3604136332527
169920.0,908.573436508392
169940.0,1045.7971613294953
169960.0,1186.6985683554908
169980.0,1322.0516770393983
170000.0,1442.2667564131473
170020.0,1539.6189578658364
170040.0,1610.3968057468758
170060.0,1655.2529243646
170080.0,1678.1573899756793
170100.0,1684.8774926153233
170120.0,1681.5505653710577
170140.0,1673.6484838066185
170160.0,1665.4561235062058
170180.0,1660.0027637196406
170200.0,1659.2453267199512
170220.0,1664.2655783808775
170240.0,1675.3528287996407
170260.0,1691.9013987365852
170280.0,1712.0887512568665
170300.0,1732.3870539616655
170320.0,1747.1097873481503
170340.0,1748.2857854175738
170360.0,1726.1499109268439
170380.0,1670.4825603558086
170400.0,1572.9399697508802
170420.0,1430.272616569593
170440.0,1247.7361621492078
170460.0,1041.3515700703279
170480.0,837.1305849755967
170500.0,665.2807092516643
170520.0,550.8487740303254
170540.0,507.3016054530628
170560.0,535.3394263448297
170580.0,624.7705962989837
170600.0,757.5393708849963
170620.0,911.0944657403143
170640.0,1062.2238909050197
170660.0,1191.6234023182897
170680.0,1287.6661293015397
170700.0,1347.270426039848
170720.0,1374.2414990742325
170740.0,1376.52601100253
170760.0,1363.5020974130316
170780.0,1343.9110751450537
170800.0,1324.597934600583
170820.0,1309.9921896699466
170840.0,1302.1804369878337
170860.0,1301.365803720129
170880.0,1306.4727412245106
170900.0,1315.7295712843122
170920.0,1327.1728380237357
170940.0,1339.0171808963535
170960.0,1349.8665511784595
170980.0,1358.8195963127541
171000.0,1365.4455404137366
171020.0,1369.6585862136578
171040.0,1371.5981386059075
171060.0,1371.540394342086
171080.0,1369.8386324604583
171100.0,1366.8968722223376
171120.0,1363.1554447702188
171140.0,1359.0757092932065
171160.0,1355.1227884569378
171180.0,1351.7279947092034
171200.0,1349.2423976690275
171220.0,1347.9076242648441
171240.0,1347.8383977976205
171260.0,1349.0167701553225
171280.0,1351.3145448559953
171300.0,1354.5580083606792
171320.0,1358.587923212052
171340.0,1363.2713048657847
171360.0,1368.4811092663526
171380.0,1374.0731150991
171400.0,1379.8866547835319
171420.0,1385.7863676942702
171440.0,1391.7245408498784
171460.0,1397.82747975955
171480.0,1404.520287408129
171500.0,1412.6316076418098
171520.0,1423.3705632166577
171540.0,1438.0844849553869
171560.0,1457.780265249308
171580.0,1482.4506807436912
171600.0,1510.3446598506869
171620.0,1537.3420543540865
171640.0,1556.597025373731
171660.0,1558.7676248783348
171680.0,1533.1626204895333
171700.0,1469.964702475462
171720.0,1363.4307554431925
171740.0,1215.5482876781964
171760.0,1039.0322792691418
171780.0,857.8883125217815
171800.0,703.2633395194025
171820.0,604.2045561542382
171840.0,579.1448900065247
171860.0,632.6468002800596
171880.0,756.0471212953208
171900.0,930.079223394454
171920.0,1128.7009143962273
171940.0,1324.1815463888138
171960.0,1492.4584298905238
171980.0,1616.1341476828372
172000.0,1684.468617470077
172020.0,1691.9742971395222
172040.0,1637.3331951230325
172060.0,1523.5914941373308
172080.0,1359.6162849405332
172100.0,1161.8088107991714
172120.0,954.1803888077642
172140.0,764.3727029890266
172160.0,615.7313030520412
172180.0,521.3575702745101
172200.0,483.6306815279718
172220.0,497.22094889018354
172240.0,553.0945931847168
172260.0,641.851747855595
172280.0,755.5528787139863
172300.0,887.8699429611622
172320.0,1032.9354397913125
172340.0,1183.671789424724
172360.0,1330.685767560843
172380.0,1462.968785996753
172400.0,1570.899585390126
172420.0,1649.3912638422821
172440.0,1698.739170548109
172460.0,1723.4952624711361
172480.0,1730.5749378607936
172500.0,1727.4091398237608
172520.0,1720.542735178061
172540.0,1714.8197423801162
172560.0,1713.0812023590752
172580.0,1716.2399976596794
172600.0,1723.632541725504
172620.0,1733.6020289911125
172640.0,1744.1554137257658
172660.0,1753.4575287777243
172680.0,1760.1148823906774
172700.0,1763.2818968670194
172720.0,1762.6470108302033
172740.0,1758.344374675747
172760.0,1750.8109019701683
172780.0,1740.659650448957
172800.0,1728.607225383605
172820.0,1715.418197649359
172840.0,1701.8335089506757
172860.0,1688.4971692952035
172880.0,1675.9324833573555
172900.0,1664.5583648513207
172920.0,1654.6906618476035
172940.0,1646.5112602859474
172960.0,1640.0515219575543
172980.0,1635.2097555023734
173000.0,1631.78987078556
173020.0,1629.5343800970165
173040.0,1628.1404260650925
173060.0,1627.286062910124
173080.0,1626.6495830061283
173100.0,1625.8912963827847
173120.0,1624.6356517210488
173140.0,1622.4695339322823
173160.0,1618.9739888771762
173180.0,1613.830172494363
173200.0,1607.0059702509668
173220.0,1598.9590725747616
173240.0,1590.7599750691647
173260.0,1584.0912759249247
173280.0,1581.1256162005689
173300.0,1584.2039160956922
173320.0,1595.1760965536355
173340.0,1614.390905542137
173360.0,1639.5361059433471
173380.0,1664.729677710798
173400.0,1680.2536537213084
173420.0,1673.238631824693
173440.0,1629.5804802951884
173460.0,1537.204986270946
173480.0,1390.4529235760615
173500.0,1194.7585854208148
173520.0,970.0441030734977
173540.0,750.4209860878757
173560.0,577.4444199996701
173580.0,487.6311677243583
173600.0,501.45608038828806
173620.0,618.155397634824
173640.0,816.0843671456245
173660.0,1058.7396069842464
173680.0,1305.7710561101744
173700.0,1523.4669494412549
173720.0,1689.4492599110465
173740.0,1792.1354259159154
173760.0,1827.7979569424042
173780.0,1797.6660991411227
173800.0,1706.5209833232002
173820.0,1563.1582671588874
173840.0,1382.1613178138464
173860.0,1185.4688428439795
173880.0,1001.327122839416
173900.0,858.4678633136566
173920.0,778.03949564921
173940.0,769.3649294826513
173960.0,830.1652784984486
173980.0,948.92993942925
174000.0,1107.8432912097712
174020.0,1285.7590705093346
174040.0,1461.568344224217
174060.0,1618.0655923240015
174080.0,1744.486300460397
174100.0,1836.1297955484988
174120.0,1891.827876865548
174140.0,1910.9246190175904
174160.0,1891.1904804520582
174180.0,1828.5120070270575
174200.0,1718.6240108776242
174220.0,1560.6102161259346
174240.0,1361.2315710040175
174260.0,1138.326701433006
174280.0,920.736256201439
174300.0,742.1590449630638
174320.0,630.6835366468953
174340.0,601.5717279319987
174360.0,655.8809893635621
174380.0,782.4253477669782
174400.0,960.9228219805334
174420.0,1165.4561206448084
174440.0,1368.4886949761678
174460.0,1546.0136701451606
174480.0,1682.4720051515076
174500.0,1772.6214366031497
174520.0,1820.0563193188057
174540.0,1834.0018663221094
174560.0,1825.8851356569253
174580.0,1806.5984961234913
174600.0,1784.8191192041522
174620.0,1766.3113635175073
174640.0,1753.9492643713195
174660.0,1748.2055545942444
174680.0,1747.8679876273113
174700.0,1750.7899556016168
174720.0,1754.57679604357
174740.0,1757.154429510517
174760.0,1757.1604432852578
174780.0,1754.1282665687067
174800.0,1748.445935694598
174820.0,1741.177299598126
174840.0,1733.9179515316948
174860.0,1728.658567647549
174880.0,1727.5467908520652
174900.0,1732.4728143871203
174920.0,1744.431440831082
174940.0,1762.7001930563333
174960.0,1783.9539455261402
174980.0,1801.5534452011452
175000.0,1805.3968847861422
175020.0,1782.7296659646915
175040.0,1720.177361458246
175060.0,1607.0671786277348
175080.0,1439.7079727326968
175100.0,1225.6207239031673
175120.0,985.9234368845831
175140.0,753.3053583106388
175160.0,564.035394524587
175180.0,448.351483328197
175200.0,424.63397681551095
175220.0,496.92474643637115
175240.0,654.0685404002544
175260.0,870.0458227133176
175280.0,1106.549373932899
175300.0,1319.7551308783272
175320.0,1470.810141848046
175340.0,1535.1972001110184
175360.0,1507.5279204090941
175380.0,1401.7006292717545
175400.0,1247.0479920278099
175420.0,1080.298454665579
175440.0,935.0241214366839
175460.0,834.4274758148453
175480.0,789.8957120903102
175500.0,803.1075647490325
175520.0,869.2446826115632
175540.0,979.704730665969
175560.0,1123.6191226346941
175580.0,1288.3172606233263
175600.0,1459.580385650454
175620.0,1622.824886416279
175640.0,1765.203339256716
175660.0,1876.9360386642809
175680.0,1950.8839787137108
175700.0,1981.1496118302432
175720.0,1962.0682922979697
175740.0,1888.6076178980456
175760.0,1758.5949954219807
175780.0,1576.3568113023211
175800.0,1356.4410886473954
175820.0,1125.2112358323127
175840.0,917.4417562215119
175860.0,766.664513457196
175880.0,694.9611797320147
175900.0,708.941327988071
175920.0,801.1321626594676
175940.0,953.7453899580523
175960.0,1142.8710483233103
175980.0,1342.3675603841803
176000.0,1527.6535058455681
176020.0,1679.786446888857
176040.0,1788.700656091592
176060.0,1853.6897422004345
176080.0,1881.3100977353129
176100.0,1882.1750524880022
176120.0,1867.8466855745478
176140.0,1848.4750077327712
176160.0,1831.3866115271544
176180.0,1820.577470997343
176200.0,1816.970237475815
176220.0,1819.205172235185
176240.0,1824.6205074107152
176260.0,1830.1092190016504
176280.0,1832.7669350765514
176300.0,1830.3770142487185
176320.0,1821.7378996126888
176340.0,1806.8489580141534
176360.0,1786.9170762213212
176380.0,1764.1009804672565
176400.0,1741.0066763386235
176420.0,1720.1634872402888
176440.0,1703.761220478201
176460.0,1693.6184043264661
176480.0,1691.1844707449006
176500.0,1697.39556824728
176520.0,1712.254578880663
176540.0,1734.209470149456
176560.0,1759.46776363845
176580.0,1781.448059797447
176600.0,1790.662566489428
176620.0,1775.4082884674706
176640.0,1723.5847115053446
176660.0,1625.7062165333202
176680.0,1478.7913741485531
176700.0,1290.2296490393644
176720.0,1079.9750240692738
176740.0,878.6152823312696
176760.0,719.2261311268526
176780.0,626.6042343167926
176800.0,611.5978854541866
176820.0,671.378761584949
176840.0,792.6891972222622
176860.0,955.8151352014136
176880.0,1138.1954140503772
176900.0,1317.5471914946945
176920.0,1475.0235070730207
176940.0,1598.4730609158282
176960.0,1684.1600487364096
176980.0,1735.8133114734362
177000.0,1761.8665902426844
177020.0,1772.2501266908844
177040.0,1775.7367832849104
177060.0,1778.3803807266424
177080.0,1783.2245364579874
177100.0,1790.9929683692797
177120.0,1801.112939714037
177140.0,1812.5650052180383
177160.0,1824.3619999540606
177180.0,1835.7564454027718
177200.0,1846.2922391295888
177220.0,1855.7462387592052
177240.0,1864.024419967278
177260.0,1871.0889946303257
177280.0,1876.9323906420354
177300.0,1881.5630867699074
177320.0,1884.9943590662165
177340.0,1887.2424537156003
177360.0,1888.332522419037
177380.0,1888.3050875149274
177400.0,1887.2189888323744
177420.0,1885.1437577852425
177440.0,1882.1290298871086
177460.0,1878.1587430488046
177480.0,1873.1324984743085
177500.0,1866.8919952672525
177520.0,1859.2821098129566
177540.0,1850.2135963660203
177560.0,1839.6967012503515
177580.0,1827.8509175811546
177600.0,1814.8891523270777
177620.0,1801.055017041947
177640.0,1786.5231716454557
177660.0,1771.3298275468674
177680.0,1755.3894763037515
177700.0,1738.6104534537812
177720.0,1721.0923856552788
177740.0,1703.3413047008125
177760.0,1686.4215494870236
177780.0,1671.991136531839
177800.0,1662.1630918047267
177820.0,1659.1065389484859
177840.0,1664.3636819544736
177860.0,1677.943620540886
177880.0,1697.3246471495215
177900.0,1716.6005838410686
177920.0,1726.1291453566198
177940.0,1713.0679269419477
177960.0,1663.0899843860548
177980.0,1563.4059104103706
178000.0,1406.8901723384092
178020.0,1196.5281198750276
178040.0,948.590295704617
178060.0,692.0745929487036
178080.0,462.1393165886051
178100.0,290.4332190565412
178120.0,198.98199464786998
178140.0,198.30706280624793
178160.0,287.4334165929624
178180.0,454.3437164921218
178200.0,676.8521815458191
178220.0,925.2414667568324
178240.0,1168.280124700586
178260.0,1380.795946923949
178280.0,1548.0522136060968
178300.0,1665.1916273815327
178320.0,1733.4513651004497
178340.0,1755.6761304828615
178360.0,1733.055909448025
178380.0,1664.1317836550138
178400.0,1546.3156314205194
178420.0,1379.437760029196
178440.0,1170.0469563483186
178460.0,934.418998804856
178480.0,697.4845177021966
178500.0,485.6838355074339
178520.0,318.1131867413385
178540.0,202.62575365913412
178560.0,136.80913629717156
178580.0,111.3392270976664
178600.0,113.81681165241764
178620.0,131.96640393344134
178640.0,155.7156585697457
178660.0,178.12539374717926
178680.0,195.40226127206657
178700.0,206.32930101219432
178720.0,211.44085282874258
178740.0,212.19597635995046
178760.0,210.30919234408003
178780.0,207.3072715057795
178800.0,204.31152697826096
178820.0,202.00166009224066
178840.0,200.6975572370405
178860.0,200.49373407807187
178880.0,201.39072623566065
178900.0,203.38303987677585
178920.0,206.48065153863803
178940.0,210.65878980914417
178960.0,215.74847383048396
178980.0,221.29798209278223
179000.0,226.45227711758767
179020.0,229.91097122060114
179040.0,230.03119533018713
179060.0,225.13353764135792
179080.0,214.04045489814249
179100.0,196.82252732344028
179120.0,175.64898785788105
179140.0,155.54405676522953
179160.0,144.76032615712757
179180.0,154.42825718376443
179200.0,197.17129830011396
179220.0,284.5383672140914
179240.0,423.4417032186955
179260.0,612.3176815970653
179280.0,838.4296461371284
179300.0,1078.4917673144516
179320.0,1304.5740628602596
179340.0,1493.154043637575
179360.0,1631.2840220242354
179380.0,1717.3785875594658
179400.0,1758.4793841365959
179420.0,1766.3280875203504
179440.0,1753.7628176852365
179460.0,1732.16560351454
179480.0,1710.068169425297
179500.0,1692.724777084842
179520.0,1682.394796339037
179540.0,1679.0496037674704
179560.0,1681.2225495721977
179580.0,1686.7799096828828
179600.0,1693.514899056545
179620.0,1699.5291396630441
179640.0,1703.4232274863257
179660.0,1704.3378650166858
179680.0,1701.9195455241356
179700.0,1696.2805730207772
179720.0,1687.9604207365453
179740.0,1677.8925990700293
179760.0,1667.3803971803795
179780.0,1658.0600128707324
179800.0,1651.7915324762525
179820.0,1650.4056226009045
179840.0,1655.2451470973112
179860.0,1666.489066083547
179880.0,1682.3340112219344
179900.0,1698.2151362397606
179920.0,1706.367721664859
179940.0,1696.0846599215176
179960.0,1654.9880853232746
179980.0,1571.49697153062
180000.0,1438.3915307280936
180020.0,1256.9536682145679
180040.0,1040.4391948076504
180060.0,814.7868117756957
180080.0,614.0227787141462
180100.0,470.75711955217986
180120.0,408.00470404929985
180140.0,435.3772588253522
180160.0,548.1522696437752
180180.0,728.0730027383441
180200.0,946.1142276760354
180220.0,1168.5356460055264
180240.0,1365.801722240852
180260.0,1519.42188250345
180280.0,1623.4684359915489
180300.0,1682.1454378273324
180320.0,1705.7687468240856
180340.0,1706.8063026982
180360.0,1696.8710000794404
180380.0,1684.941601377724
180400.0,1676.7089116303418
180420.0,1674.774084870992
180440.0,1679.3746179821096
180460.0,1689.2922541446326
180480.0,1702.663717424836
180500.0,1717.566376812707
180520.0,1732.3732753225854
180540.0,1745.9191845050584
180560.0,1757.5366772680586
180580.0,1766.9976837412316
180600.0,1774.3934896022693
180620.0,1779.9815210388945
180640.0,1784.0386625182655
180660.0,1786.7768211477087
180680.0,1788.3432599907032
180700.0,1788.8757194984585
180720.0,1788.559741652191
180740.0,1787.6206367190875
180760.0,1786.241998449658
180780.0,1784.4760337949676
180800.0,1782.2241164930626
180820.0,1779.2985252864917
180840.0,1775.5343186936539
180860.0,1770.9546851120042
180880.0,1765.957149444685
180900.0,1761.4251524137387
180920.0,1758.7112914660931
180940.0,1759.47321103371
180960.0,1765.3241914949056
180980.0,1777.2534990503511
181000.0,1794.8394949128415
181020.0,1815.4019855368708
181040.0,1833.3292869181344
181060.0,1839.8819316470413
181080.0,1823.8219069113227
181100.0,1773.1440747887445
181120.0,1678.00173356316
181140.0,1534.5439329650574
181160.0,1348.8474981812378
181180.0,1139.4529106709097
181200.0,936.2883329102433
181220.0,773.7934671639148
181240.0,680.6154638937103
181260.0,672.6020085200958
181280.0,750.4922348830534
181300.0,900.5425444001254
181320.0,1097.2141209754934
181340.0,1308.3549652515003
181360.0,1503.3169189515224
181380.0,1660.6188377556075
181400.0,1770.8759596741615
181420.0,1835.368453944941
181440.0,1862.5056653715096
181460.0,1863.9354136691368
181480.0,1851.3269870097834
181500.0,1834.2825203448313
181520.0,1819.3899691143972
181540.0,1810.1521029610012
181560.0,1807.4905581566993
181580.0,1810.534474406181
181600.0,1817.4418593616651
181620.0,1826.1006473558705
181640.0,1834.6145657390327
181660.0,1841.5547419855989
181680.0,1846.0075335137644
181700.0,1847.4906185865104
181720.0,1845.8292577325615
181740.0,1841.036680188144
181760.0,1833.2235276617698
181780.0,1822.5571342250842
181800.0,1809.2706146262597
181820.0,1793.711454974582
181840.0,1776.399246887274
181860.0,1758.0886342328868
181880.0,1739.8277806427427
181900.0,1722.991029355759
181920.0,1709.258823287709
181940.0,1700.4940739079386
181960.0,1698.4603477297198
181980.0,1704.3319729012685
182000.0,1718.0155201389414
182020.0,1737.352160322028
182040.0,1757.382440359729
182060.0,1769.9762292190928
182080.0,1764.1750774413667
182100.0,1727.5636659257248
182120.0,1648.8557871664084
182140.0,1521.5586187174554
182160.0,1348.0798410682964
182180.0,1143.037448474787
182200.0,933.782290472076
182220.0,755.6465366030368
182240.0,642.1076692557552
182260.0,615.7014562790766
182280.0,683.070179556281
182300.0,833.3480192965571
182320.0,1039.485531354408
182340.0,1263.4021557721194
182360.0,1464.9248639080383
182380.0,1610.0813750275058
182400.0,1675.3053419465455
182420.0,1648.7269710880141
182440.0,1530.6042482581374
182460.0,1333.8168618882382
182480.0,1083.938908616002
182500.0,817.0389370819139
182520.0,572.905054704274
182540.0,385.80586941662966
182560.0,279.03638596646385
182580.0,263.91411819938656
182600.0,340.59740532144934
182620.0,498.93373547799786
182640.0,718.9767813527515
182660.0,972.2477929565146
182680.0,1225.8580586232026
182700.0,1450.1086039214308
182720.0,1625.542766544436
182740.0,1745.4122730406284
182760.0,1813.7613543490595
182780.0,1841.4352486121795
182800.0,1841.9200725982769
182820.0,1828.0578200463544
182840.0,1810.013980301873
182860.0,1794.472893847238
182880.0,1784.771067805295
182900.0,1781.5825923517561
182920.0,1783.8264811102363
182940.0,1789.5329834676609
182960.0,1796.529550793346
182980.0,1802.883298791423
183000.0,1807.111383698669
183020.0,1808.2504387148674
183040.0,1805.8445158051786
183060.0,1799.8875565999078
183080.0,1790.7175214547333
183100.0,1778.882159750654
183120.0,1765.013459429852
183140.0,1749.7333090613163
183160.0,1733.5927168947885
183180.0,1717.0528022315716
183200.0,1700.5338755172838
183220.0,1684.5025085515942
183240.0,1669.5601623803311
183260.0,1656.5478361547928
183280.0,1646.6147346159075
183300.0,1641.1700394709017
183320.0,1641.6483611912213
183340.0,1649.0220248382914
183360.0,1663.065422032135
183380.0,1681.5089403656752
183400.0,1699.302378865605
183420.0,1708.2484733024696
183440.0,1697.321186342906
183460.0,1653.975065362572
183480.0,1566.6121216520664
183500.0,1428.0798656691156
183520.0,1239.589357330957
183540.0,1013.7866086617539
183560.0,774.9174703183364
183580.0,553.6974346500531
183600.0,378.14427085668876
183620.0,267.24317631060217
183640.0,229.76230030456495
183660.0,265.7372378849157
183680.0,368.35199881937604
183700.0,525.0817741072098
183720.0,718.1207964443793
183740.0,925.1711865772365
183760.0,1122.353098103626
183780.0,1289.5689133209464
183800.0,1415.1207413838074
183820.0,1496.8217007150688
183840.0,1540.0329586011442
183860.0,1554.4411734300502
183880.0,1550.950015327226
183900.0,1539.374115070426
183920.0,1527.1400303532998
183940.0,1518.9073772310162
183960.0,1516.8630528998333
183980.0,1521.361658012603
184000.0,1531.6383664044865
184020.0,1546.4207562930528
184040.0,1564.2991168548438
184060.0,1583.7740809381098
184080.0,1602.983663411692
184100.0,1619.1890609375357
184120.0,1628.2069982265477
184140.0,1624.0504234077703
184160.0,1598.988762662493
184180.0,1544.1825369851522
184200.0,1451.2293728896484
184220.0,1314.9920086599464
184240.0,1137.3166834760261
184260.0,930.3080373556446
184280.0,717.0658254498619
184300.0,527.5166480265315
184320.0,390.30701287327355
184340.0,326.3587767335247
184360.0,345.9093471772145
184380.0,447.459687177423
184400.0,617.6438071205487
184420.0,832.3265813782493
184440.0,1060.4343681247763
184460.0,1271.5179500839818
184480.0,1443.50386061988
184500.0,1565.9437754946662
184520.0,1638.8634283617491
184540.0,1669.4758551872849
184560.0,1668.569120135769
184580.0,1647.6034467839768
184600.0,1616.8861720067812
184620.0,1584.7044245571074
184640.0,1556.9553720591816
184660.0,1536.9428427215717
184680.0,1525.5462075400571
184700.0,1521.9105306741362
184720.0,1524.3408506098604
184740.0,1531.0822663552417
184760.0,1540.8785417834729
184780.0,1553.2407217491584
184800.0,1568.3704611327173
184820.0,1586.7931059911866
184840.0,1608.809266061809
184860.0,1633.919324424857
184880.0,1660.4970001314673
184900.0,1686.0359691506849
184920.0,1707.997772357343
184940.0,1724.6927137219402
184960.0,1735.6645838397374
184980.0,1741.5441852476717
185000.0,1743.604123448086
185020.0,1743.2658079508376
185040.0,1741.69052984135
185060.0,1739.479165145875
185080.0,1736.444154988863
185100.0,1731.3990346312908
185120.0,1721.9133226432382
185140.0,1703.9751481253345
185160.0,1671.6418360064235
185180.0,1617.2850592001146
185200.0,1533.1410275498642
185220.0,1414.1534952954312
185240.0,1261.4141038604735
185260.0,1085.025737516618
185280.0,904.6127541347165
185300.0,745.369142703771
185320.0,629.8679469483443
185340.0,571.5412570419006
185360.0,573.4290037250505
185380.0,630.3088944274862
185400.0,731.8473556300703
185420.0,865.3099126370031
185440.0,1017.2364142455032
185460.0,1174.197697476307
185480.0,1323.2625381678913
185500.0,1453.058163942082
185520.0,1555.7500102845497
185540.0,1628.5359695015663
185560.0,1673.3135634993578
185580.0,1695.063571224708
185600.0,1699.9939122261699
185620.0,1694.0804208331476
185640.0,1682.2468161797337
185660.0,1668.1598807120924
185680.0,1654.429845866765
185700.0,1642.8849190544709
185720.0,1634.5918990467742
185740.0,1629.7652621043587
185760.0,1627.9263840045
185780.0,1628.2470481704722
185800.0,1629.9100334479801
185820.0,1632.3651046326504
185840.0,1635.4073276593954
185860.0,1639.076685907404
185880.0,1643.4214291733563
185900.0,1648.2329280001177
185920.0,1652.8856714795759
185940.0,1656.4752516381225
185960.0,1658.245733986188
185980.0,1657.9348099968054
186000.0,1655.7910494957644
186020.0,1652.3475164433962
186040.0,1648.1655466085497
186060.0,1643.6654224722502
186080.0,1639.080177020202
186100.0,1634.5497841857282
186120.0,1630.317658195254
186140.0,1626.9465112556536
186160.0,1625.4684894428642
186180.0,1627.386998204446
186200.0,1634.477116575065
186220.0,1648.3216408387448
186240.0,1669.5666593444626
186260.0,1696.9838511713867
186280.0,1726.5240347242857
186300.0,1750.6644856184462
186320.0,1758.4332848564711
186340.0,1736.4808786818921
186360.0,1671.426801215703
186380.0,1553.428864195068
186400.0,1380.5027723723751
186420.0,1162.5162262007061
186440.0,922.9988505225485
186460.0,696.2218829489112
186480.0,518.7180175854021
186500.0,420.14069578314246
186520.0,417.5163237896004
186540.0,512.2857869572006
186560.0,689.4226598012049
186580.0,919.3520120722726
186600.0,1164.4682015616413
186620.0,1389.655369737259
186640.0,1570.9577645333134
186660.0,1698.3216256282528
186680.0,1773.5721049109957
186700.0,1806.2263288027075
186720.0,1809.0919451565017
186740.0,1794.7530185816154
186760.0,1773.3859118169044
186780.0,1751.9070538710741
186800.0,1734.1676574478356
186820.0,1721.740183433547
186840.0,1714.7791921959474
186860.0,1712.6228722949995
186880.0,1714.2269054963886
186900.0,1718.5908243477566
186920.0,1725.089972402871
186940.0,1733.584946734843
186960.0,1744.2560992645635
186980.0,1757.2527339968008
187000.0,1772.3277630638884
187020.0,1788.5751134317045
187040.0,1804.4103195590046
187060.0,1817.9060494357618
187080.0,1827.457881371506
187100.0,1832.3126226234485
187120.0,1832.6293063740377
187140.0,1829.208755892828
187160.0,1823.1520432555694
187180.0,1815.5909823147297
187200.0,1807.508887020121
187220.0,1799.6610976879122
187240.0,1792.5771854979237
187260.0,1786.5978906813805
187280.0,1781.927006375338
187300.0,1778.6766113736562
187320.0,1776.8614024237463
187340.0,1776.348789238309
187360.0,1776.811163853529
187380.0,1777.6885766211672
187400.0,1778.1563085624907
187420.0,1777.1134065829024
187440.0,1773.1850987043276
187460.0,1764.8178599248627
187480.0,1750.607868684121
187500.0,1729.8233293680369
187520.0,1702.9317957729877
187540.0,1671.8464296243797
187560.0,1639.5591708144125
187580.0,1609.128644008088
187600.0,1582.7066340920749
187620.0,1561.2542520053241
187640.0,1544.828500407038
187660.0,1533.0878699180869
187680.0,1525.7835801577655
187700.0,1523.0846948031165
187720.0,1525.6492634590172
187740.0,1534.4134957513536
187760.0,1550.111400141635
187780.0,1572.576975502558
187800.0,1599.9219448064887
187820.0,1627.7899601344868
187840.0,1649.0756433220904
187860.0,1654.518604368376
187880.0,1634.2173941555884
187900.0,1579.8265499426957
187920.0,1487.3188825051486
187940.0,1359.9669599254298
187960.0,1210.6608371893913
187980.0,1062.0890368489286
188000.0,942.8293336598675
188020.0,878.450397083707
188040.0,882.4613831110073
188060.0,953.193998755519
188080.0,1076.0198974508821
188100.0,1228.2650236482614
188120.0,1385.0083461086574
188140.0,1524.7088365474272
188160.0,1633.513672465178
188180.0,1706.615194639114
188200.0,1746.6913498600456
188220.0,1761.0242602150313
188240.0,1758.6092899677392
188260.0,1747.9452502890294
188280.0,1735.7152621139048
188300.0,1726.2715893258446
188320.0,1721.7292861524395
188340.0,1722.4258619173233
188360.0,1727.52994532944
188380.0,1735.6218725922695
188400.0,1745.124949800424
188420.0,1754.5714764195884
188440.0,1762.7576874118809
188460.0,1768.833706511118
188480.0,1772.3341183772623
188500.0,1773.143110276591
188520.0,1771.42843728913
188540.0,1767.5690382952064
188560.0,1762.0722456025796
188580.0,1755.4918951092873
188600.0,1748.353679389882
188620.0,1741.0899264607997
188640.0,1733.9985005279336
188660.0,1727.2182467912965
188680.0,1720.7213005290785
188700.0,1714.3520189371634
188720.0,1707.9437840313192
188740.0,1701.5046154087474
188760.0,1695.4283346819873
188780.0,1690.6220997688251
188800.0,1688.250267610684
188820.0,1689.002948707571
188840.0,1692.228530427501
188860.0,1695.2471099879972
188880.0,1693.043023124072
188900.0,1678.4912492076928
188920.0,1643.28162535791
188940.0,1579.6209758651132
188960.0,1482.6024785639993
188980.0,1352.783014954553
189000.0,1197.9901002522427
189020.0,1033.3783829409217
189040.0,879.7323726958757
189060.0,760.3889249923061
189080.0,696.9801706932066
189100.0,704.3591268696216
189120.0,785.6165422497404
189140.0,928.9719834195245
189160.0,1109.2629240537156
189180.0,1295.6058042625782
189200.0,1461.0828102037435
189220.0,1588.5537048429833
189240.0,1671.6028116517177
189260.0,1712.551327706828
189280.0,1719.4227311172513
189300.0,1703.025715062346
189320.0,1674.6456676060177
189340.0,1644.2619077373552
189360.0,1619.1232704806648
189380.0,1603.0772448134992
189400.0,1596.8786070611927
189420.0,1599.0545436600491
189440.0,1606.9361432837584
189460.0,1617.6271946914912
189480.0,1628.762588162686
189500.0,1638.959452625466
189520.0,1647.9578227648221
189540.0,1656.4978055864551
189560.0,1665.9713493402392
189580.0,1677.9212581781921
189600.0,1693.4760507054555
189620.0,1712.8322793111718
189640.0,1734.9321697925175
189660.0,1757.507746768732
189680.0,1777.6858789116657
189700.0,1793.0043174785192
189720.0,1802.216114723072
189740.0,1805.5684801254076
189760.0,1804.6373411668642
189780.0,1801.9306513186973
189800.0,1800.3804679047014
189820.0,1802.7142116892421
189840.0,1810.7066549764634
189860.0,1824.3887620525584
189880.0,1841.3379633498462
189900.0,1856.2042298939323
189920.0,1860.691186709112
189940.0,1844.2706363628251
189960.0,1795.9045395273054
189980.0,1706.854927188279
190000.0,1574.3017759475829
190020.0,1404.951711582817
190040.0,1217.229534338751
190060.0,1040.0608956119515
190080.0,906.1190339770598
190100.0,841.1345554006272
190120.0,856.3645742163457
190140.0,946.7080431684335
190160.0,1092.3566166095407
190180.0,1262.2973849033738
190200.0,1419.1246013312016
190220.0,1525.4160080077925
190240.0,1551.5560854836722
190260.0,1482.7549837045144
190280.0,1322.8594905525806
190300.0,1094.2597336989004
190320.0,832.8350954169806
190340.0,577.6839060621005
190360.0,361.4153674901053
190380.0,206.45962208700183
190400.0,125.93877934082782
190420.0,126.01759262111061
190440.0,207.5069696683664
190460.0,365.66672643061634
190480.0,588.4333498231983
190500.0,854.5901144617292
190520.0,1134.5578521773105
190540.0,1396.2850003453364
190560.0,1614.0571928574168
190580.0,1774.333299258868
190600.0,1876.3402189626715
190620.0,1929.0269957711032
190640.0,1946.6720122344025
190660.0,1944.6851314056385
190680.0,1936.4089849973218
190700.0,1931.2054047999159
190720.0,1933.7981299205362
190740.0,1944.6607892096301
190760.0,1961.0943129998316
190780.0,1978.4165766183737
190800.0,1990.9131132786642
190820.0,1992.6217946831343
190840.0,1978.1561817184781
190860.0,1943.6819482111841
190880.0,1887.98002219732
190900.0,1813.3001141450827
190920.0,1725.4337861755346
190940.0,1632.261065504265
190960.0,1541.1550660563569
190980.0,1457.3237795517475
191000.0,1383.8091804173814
191020.0,1322.468962972483
191040.0,1275.1904464810284
191060.0,1244.7457406870826
191080.0,1234.8939475112757
191100.0,1249.5668008781074
191120.0,1291.2499386889504
191140.0,1359.0051647969553
191160.0,1446.9690102062943
191180.0,1544.5493992739982
191200.0,1639.2527300356037
191220.0,1720.8448154705104
191240.0,1784.0481727748586
191260.0,1828.8013196090637
191280.0,1858.8808257751293
191300.0,1879.84201574015
191320.0,1896.9453531389886
191340.0,1913.439723488956
191360.0,1929.3960335191173
191380.0,1941.1927822004232
191400.0,1941.7406103230721
191420.0,1921.5381896460563
191440.0,1870.6026867619676
191460.0,1781.1475347061482
191480.0,1650.5184107363152
191500.0,1483.3801564230153
191520.0,1291.9629188618637
191540.0,1094.568906124988
191560.0,913.4983017932709
191580.0,772.5101776908346
191600.0,693.4496080497577
191620.0,691.9177251237343
191640.0,772.5007040626851
191660.0,925.0477316470724
191680.0,1124.6269148065207
191700.0,1337.679676652547
191720.0,1532.2997059920294
191740.0,1686.5071512415986
191760.0,1791.1900246905384
191780.0,1848.4430705833147
191800.0,1867.6726981132015
191820.0,1861.4076734885457
191840.0,1841.945274458662
191860.0,1819.248283032343
191880.0,1800.0542310437863
191900.0,1787.9130275159928
191920.0,1783.7825619398736
191940.0,1786.8408926210093
191960.0,1795.2863031183983
191980.0,1807.0014687040498
192000.0,1820.0265175071677
192020.0,1832.8318562638892
192040.0,1844.4165712585968
192060.0,1854.2865386121418
192080.0,1862.371279625607
192100.0,1868.9109908551786
192120.0,1874.3193763914473
192140.0,1879.0382494405271
192160.0,1883.4069671984896
192180.0,1887.5658103226785
192200.0,1891.3986847888075
192220.0,1894.5089935702042
192240.0,1896.2489192923008
192260.0,1895.8359670275327
192280.0,1892.571223743386
192300.0,1886.0952635702608
192320.0,1876.6211867135123
192340.0,1865.0959851863875
192360.0,1853.2275041797438
192380.0,1843.305853815448
192400.0,1837.8006365714803
192420.0,1838.7610863685557
192440.0,1847.0603735174304
192460.0,1861.5747207057807
192480.0,1878.453032901983
192500.0,1890.7128098123987
192520.0,1888.437431092963
192540.0,1859.8988583545386
192560.0,1793.836481328572
192580.0,1682.8074224944507
192600.0,1527.1285283684504
192620.0,1338.280795909095
192640.0,1139.937593817205
192660.0,964.1851211073778
192680.0,841.9273569784634
192700.0,793.2159797765515
192720.0,823.5766136552069
192740.0,925.1985784951455
192760.0,1080.3104666477393
192780.0,1265.1594242010665
192800.0,1454.1208564726398
192820.0,1624.2084752200644
192840.0,1759.6673699186729
192860.0,1854.3920328559793
192880.0,1910.9330937764103
192900.0,1937.48327986285
192920.0,1944.4732953825962
192940.0,1941.6893796683194
192960.0,1936.3287730681554
192980.0,1932.0779893485917
193000.0,1929.0461684227291
193020.0,1924.3393729379889
193040.0,1913.1157138439146
193060.0,1890.0088597737795
193080.0,1850.7668744065631
193100.0,1793.7876739974959
193120.0,1721.045350388785
193140.0,1637.721360104648
193160.0,1550.3076179303876
193180.0,1464.6644205712605
193200.0,1385.4264864795448
193220.0,1316.4791178114417
193240.0,1261.798592111225
193260.0,1226.0350565794845
193280.0,1214.3827145604803
193300.0,1231.5151705358749
193320.0,1279.671408149541
193340.0,1356.3649977457367
193360.0,1452.6439065829902
193380.0,1553.2952998661535
193400.0,1640.3241353519393
193420.0,1698.5736843810967
193440.0,1719.7970111149443
193460.0,1703.725846573626
193480.0,1656.8212071811563
193500.0,1589.3476895076292
193520.0,1512.0041603795132
193540.0,1433.8513175708877
193560.0,1361.8499807766352
193580.0,1301.4086636770253
193600.0,1257.2486532098314
193620.0,1233.9873490950554
193640.0,1236.024437159088
193660.0,1266.5778792521048
193680.0,1326.0531905979387
193700.0,1410.3330746190572
193720.0,1510.0210595795318
193740.0,1611.9499636422518
193760.0,1703.1009672422874
193780.0,1774.5035062426473
193800.0,1822.9016693334247
193820.0,1850.2764674555588
193840.0,1862.2124631617232
193860.0,1865.9096776499744
193880.0,1868.3855072624751
193900.0,1875.1227208401208
193920.0,1889.140215382645
193940.0,1910.4579402460927
193960.0,1935.9747426452734
193980.0,1959.598226283427
194000.0,1972.5240643713842
194020.0,1963.8578374089952
194040.0,1921.9493293665776
194060.0,1836.6891327146245
194080.0,1702.6544330800134
194100.0,1522.4673057850064
194120.0,1309.0766867864572
194140.0,1085.097185613063
194160.0,878.5212983568348
194180.0,717.4324714788793
194200.0,625.4329013717311
194220.0,617.427971800247
194240.0,695.7074942684956
194260.0,847.3355607121973
194280.0,1045.0949197644288
194300.0,1254.3364836920355
194320.0,1443.6739020379093
194340.0,1592.7894585395147
194360.0,1694.305193987114
194380.0,1751.42826643402
194400.0,1773.8495267886847
194420.0,1773.6203631920048
194440.0,1761.966506831614
194460.0,1747.4530622664097
194480.0,1735.496075861136
194500.0,1728.813951178543
194520.0,1728.1647711059056
194540.0,1733.050165433867
194560.0,1742.3239318550554
194580.0,1754.6265827808534
194600.0,1768.6414316221612
194620.0,1783.190204111952
194640.0,1797.202960943708
194660.0,1809.659509864246
194680.0,1819.599333456079
194700.0,1826.2485775063105
194720.0,1829.2881392177928
194740.0,1829.1419090345612
194760.0,1826.9327262925785
194780.0,1824.1887509660544
194800.0,1822.6188800692257
194820.0,1823.948725002853
194840.0,1829.7288917968613
194860.0,1841.0325090045621
194880.0,1858.0044404426633
194900.0,1879.3212728259296
194920.0,1901.6668082002093
194940.0,1919.3796763605915
194960.0,1924.4741557281504
194980.0,1907.2638627154247
195000.0,1857.717000432959
195020.0,1767.5620955520637
195040.0,1633.1282709339443
195060.0,1458.6475193565543
195080.0,1258.9080413363447
195100.0,1059.1725674714166
195120.0,889.9365561840984
195140.0,777.2493856085564
195160.0,735.5229009645802
195180.0,766.3830604413334
195200.0,861.256836192545
195220.0,1005.0769019296713
195240.0,1179.5746875648263
195260.0,1365.6393548310855
195280.0,1544.9973854161656
195300.0,1701.9435294841817
195320.0,1825.6519747764287
195340.0,1911.9959602985632
195360.0,1963.2672446516904
195380.0,1986.1946384471146
195400.0,1989.4832191381677
195420.0,1981.656223122185
195440.0,1969.5909777184947
195460.0,1957.8762227562715
195480.0,1948.8856424943126
195500.0,1943.3197707353752
195520.0,1940.9240113318137
195540.0,1941.1104110526273
195560.0,1943.286610712678
195580.0,1946.9179746320974
195600.0,1951.550705537557
195620.0,1956.9183638593324
195640.0,1963.053526389378
195660.0,1970.3245742791878
195680.0,1979.3515410047016
195700.0,1990.7736238513007
195720.0,2004.898439123465
195740.0,2021.3553548149011
195760.0,2038.9181920374253
195780.0,2055.596230435848
195800.0,2068.756101144581
195820.0,2075.040285061331
195840.0,2070.2107368275715
195860.0,2049.2252193406075
195880.0,2006.8397487791203
195900.0,1938.8874184114788
195920.0,1844.1322397785657
195940.0,1726.193388128256
195960.0,1594.6136592333576
195980.0,1463.8484053862708
196000.0,1349.9363075251401
196020.0,1267.1531347607884
196040.0,1226.0114946611434
196060.0,1231.9866568223651
196080.0,1284.413599392866
196100.0,1375.6432945605006
196120.0,1491.2805004054098
196140.0,1612.8860097100344
196160.0,1723.2870017612574
196180.0,1811.1374799974478
196200.0,1872.152011966607
196220.0,1907.8760780061825
196240.0,1923.4809198371513
196260.0,1925.5836379412347
196280.0,1920.6212051487225
196300.0,1913.9036344971457
196320.0,1909.1397059359047
196340.0,1908.2873870392782
196360.0,1911.736133550985
196380.0,1918.723600091283
196400.0,1927.83290513055
196420.0,1937.4359431408714
196440.0,1946.0407537760207
196460.0,1952.5516775543979
196480.0,1956.436868285048
196500.0,1957.7982117853576
196520.0,1957.3203608625183
196540.0,1956.0472402977234
196560.0,1955.0161896053
196580.0,1954.8729421674993
196600.0,1955.6235151619214
196620.0,1956.6274167017134
196640.0,1956.845727525088
196660.0,1955.2938737130414
196680.0,1951.4299047223521
196700.0,1945.2903030778252
196720.0,1937.467202104351
196740.0,1928.963168694549
196760.0,1921.0127100688364
196780.0,1914.9164858645297
196800.0,1911.8393198549231
196820.0,1912.5347561591948
196840.0,1916.9947203789475
196860.0,1924.0565483659161
196880.0,1931.0655705014997
196900.0,1933.7782068586337
196920.0,1926.6981133927172
196940.0,1903.9629282448664
196960.0,1860.7659021220747
196980.0,1795.149462858466
197000.0,1709.8003911144194
197020.0,1613.1484801157987
197040.0,1518.6838378980997
197060.0,1441.7348085673552
197080.0,1395.3384814105884
197100.0,1387.5048992884015
197120.0,1419.905009411023
197140.0,1487.5046995471203
197160.0,1579.2106306774697
197180.0,1680.1433736105064
197200.0,1775.6543315873782
197220.0,1854.813482380569
197240.0,1911.2197409719397
197260.0,1941.7627716363736
197280.0,1944.8282315331373
197300.0,1919.055489955786
197320.0,1863.2368921468865
197340.0,1777.4119730116163
197360.0,1664.7239983391912
197380.0,1533.1052983630059
197400.0,1395.3963555850034
197420.0,1266.9290284284834
197440.0,1162.3618957521417
197460.0,1093.8694605996277
197480.0,1070.2501846209295
197500.0,1096.0354710834397
197520.0,1170.2139459153564
197540.0,1284.892410772887
197560.0,1424.9884556223337
197580.0,1570.6323493513798
197600.0,1702.6347796599816
197620.0,1807.717126006138
197640.0,1880.521434429123
197660.0,1922.6724869867307
197680.0,1940.373905346863
197700.0,1941.7389408310707
197720.0,1934.5777621726763
197740.0,1925.0113476605911
197760.0,1916.9904095319555
197780.0,1912.5165565680686
197800.0,1912.1160757546454
197820.0,1915.306587036011
197840.0,1921.0005443884093
197860.0,1927.8097230227963
197880.0,1934.2409226516495
197900.0,1938.8060786867532
197920.0,1940.0924334482715
197940.0,1936.8483808019032
197960.0,1928.1523732297774
197980.0,1913.65846833012
198000.0,1893.836865348028
198020.0,1870.051799026173
198040.0,1844.334967604635
198060.0,1818.8790419350469
198080.0,1795.5387271008262
198100.0,1775.640474958262
198120.0,1760.1097082742576
198140.0,1749.7384023236325
198160.0,1745.4066474667081
198180.0,1748.1051865004774
198200.0,1758.648659369909
198220.0,1777.07827922682
198240.0,1801.8736058785494
198260.0,1829.114535871394
198280.0,1851.8476317201726
198300.0,1860.0146310918633
198320.0,1841.2795278965496
198340.0,1783.0403673930111
198360.0,1675.7149836374865
198380.0,1516.947723357563
198400.0,1315.7811356691932
198420.0,1095.0461048658287
198440.0,889.4389104102062
198460.0,737.1085922056728
198480.0,667.6640502947832
198500.0,693.5524989373756
198520.0,806.8869805270436
198540.0,981.4882218505136
198560.0,1180.6389496124712
198580.0,1368.7409367630482
198600.0,1520.4738640672006
198620.0,1623.9257747625793
198640.0,1679.0245392690038
198660.0,1693.7685929685263
198680.0,1680.1467924463
198700.0,1650.789827724581
198720.0,1616.7313242498844
198740.0,1586.1999946230385
198760.0,1564.294772515347
198780.0,1553.3629591312117
198800.0,1553.7224372271135
198820.0,1564.3955901060976
198840.0,1583.6494264314813
198860.0,1609.2769505772571
198880.0,1638.6735576206386
198900.0,1668.8829227164174
198920.0,1696.8197828975772
198940.0,1719.859306941325
198960.0,1736.5167606021434
198980.0,1746.787959068295
199000.0,1752.0381454660285
199020.0,1754.5145338205643
199040.0,1756.6930702010304
199060.0,1760.5883345510902
199080.0,1767.105587244489
199100.0,1775.536937360813
199120.0,1783.2864811109116
199140.0,1785.9223209856896
199160.0,1777.6704743810483
199180.0,1752.4538862899801
199200.0,1705.5094918798536
199220.0,1635.4145414751968
199240.0,1546.0427210551893
199260.0,1447.6161137434501
199280.0,1355.7255157996246
199300.0,1287.7091153975405
199320.0,1258.1810722538785
199340.0,1275.6311468926028
199360.0,1340.208751537737
199380.0,1442.7963179365793
199400.0,1566.150867149631
199420.0,1688.8807410648046
199440.0,1790.5023304816823
199460.0,1854.499323433542
199480.0,1869.2524999141071
199500.0,1828.2678480834807
199520.0,1730.646839185952
199540.0,1581.9230932980995
199560.0,1394.5665800145812
199580.0,1187.178233048734
199600.0,982.7093588097038
199620.0,806.4375234707302
199640.0,683.4186149043779
199660.0,634.9421666530728
199680.0,673.9623333080293
199700.0,800.321263410415
199720.0,997.7456174723272
199740.0,1235.6411036525465
199760.0,1477.2690136379028
199780.0,1690.5497341460548
199800.0,1855.4300495489595
199820.0,1965.4580456339281
199840.0,2025.1439337402292
199860.0,2045.6272439382815
199880.0,2040.4194255908515
199900.0,2022.1529751471385
199920.0,2000.6655416087524
199940.0,1982.3530797687672
199960.0,1970.4733617332524
199980.0,1965.96942207447
200000.0,1968.421683253246
200020.0,1976.8333331084891
200040.0,1990.0926274107592
200060.0,2007.0628461104836
200080.0,2026.320658371391
200100.0,2045.6591077552578
200120.0,2061.5618929603684
200140.0,2068.8886920175732
200160.0,2060.959869882171
200180.0,2030.228585241648
200200.0,1969.6597643287612
200220.0,1874.6624362448863
200240.0,1745.092530332816
200260.0,1586.443834180635
200280.0,1408.961272253057
200300.0,1224.6353970038874
200320.0,1044.8168218693058
200340.0,879.8985244247287
200360.0,740.1929603746563
200380.0,636.7909322818512
200400.0,581.4196857789665
200420.0,584.7279411936859
200440.0,653.0142524630489
200460.0,784.1861020624464
200480.0,964.6665393909509
200500.0,1169.910540570958
200520.0,1370.7123471651694
200540.0,1542.5090385059268
200560.0,1671.4777048616445
200580.0,1755.3754898549348
200600.0,1800.8714362406681
200620.0,1819.4904409143776
200640.0,1823.6165308890736
200660.0,1823.3419047913558
200680.0,1824.439844602401
200700.0,1827.4568818591536
200720.0,1827.8355438302558
200740.0,1817.0001402516543
200760.0,1784.356086747682
200780.0,1720.022050789005
200800.0,1617.8713565617338
200820.0,1478.1225307196478
200840.0,1308.3630283895448
200860.0,1122.602955167827
200880.0,939.5401765795434
200900.0,780.6377584775807
200920.0,667.6813905748909
200940.0,619.4476806752731
200960.0,647.5046559541961
200980.0,751.8953069858336
201000.0,918.4659922806661
201020.0,1120.5283265120238
201040.0,1326.3202344866208
201060.0,1508.7119927731258
201080.0,1651.3674662029375
201100.0,1749.567821152616
201120.0,1807.4486114512388
201140.0,1833.990393213803
201160.0,1839.4627785826917
201180.0,1833.1414117342283
201200.0,1822.1894272862628
201220.0,1811.3272641634317
201240.0,1803.0505118394365
201260.0,1798.224053946839
201280.0,1796.8635367878346
201300.0,1798.8770858779149
201320.0,1804.5673875716104
201340.0,1814.7707936605598
201360.0,1830.562097202041
201380.0,1852.5365395556346
201400.0,1879.7990209531686
201420.0,1908.8921376253675
201440.0,1932.9778097059293
201460.0,1941.5897237950376
201480.0,1921.361649859514
201500.0,1858.0768699204032
201520.0,1740.0854779283368
201540.0,1562.6970698534344
201560.0,1332.4444426002888
201580.0,1069.2472213115545
201600.0,803.7571666570614
201620.0,569.2492522166921
201640.0,393.833019848406
201660.0,297.1009768605854
201680.0,289.54442588646396
201700.0,372.5022672451022
201720.0,537.5951884446694
201740.0,765.9999353959008
201760.0,1029.3137891209697
201780.0,1294.3822160730576
201800.0,1531.5751501806599
201820.0,1721.1867527862607
201840.0,1854.4914053158718
201860.0,1930.7665731372235
201880.0,1953.0183197514718
201900.0,1924.5482572305507
201920.0,1847.559734606609
201940.0,1724.0902899024084
201960.0,1558.8179021865367
201980.0,1362.6527048927303
202000.0,1155.290993950498
202020.0,964.1423095639217
202040.0,817.538244145471
202060.0,735.4925669803191
202080.0,725.1097126538859
202100.0,781.4443633180706
202120.0,891.0167653225499
202140.0,1035.8187075147484
202160.0,1196.682645746499
202180.0,1355.727498021874
202200.0,1498.1591813290338
202220.0,1613.9180105674518
202240.0,1699.1126239839446
202260.0,1756.1928016224101
202280.0,1792.1916985640928
202300.0,1815.553558828025
202320.0,1832.649632079619
202340.0,1844.988478278347
202360.0,1847.7795598730531
202380.0,1830.1981747320442
202400.0,1777.4898247861347
202420.0,1674.8551547954805
202440.0,1512.6878760763816
202460.0,1292.161710900125
202480.0,1029.4107472741828
202500.0,755.5761624169927
202520.0,510.0764888768234
202540.0,330.0560502353747
202560.0,242.9140626485152
202580.0,262.77789298106245
202600.0,388.74762268867283
202620.0,603.8041278085115
202640.0,874.9358886579405
202660.0,1156.6172002152805
202680.0,1399.762656281781
202700.0,1563.4506248110072
202720.0,1623.1413768814696
202740.0,1573.7372296057363
202760.0,1429.3479632022386
202780.0,1220.8649986967407
202800.0,990.6392581539016
202820.0,782.6541438828933
202840.0,630.6703556366116
202860.0,551.8871820475109
202880.0,547.6875559468074
202900.0,608.1663352992811
202920.0,717.5137403318852
202940.0,858.4736909984971
202960.0,1015.1168803207865
202980.0,1173.9514334088938
203000.0,1323.9097568756908
203020.0,1456.0133742403868
203040.0,1563.5467148396253
203060.0,1643.0461831330808
203080.0,1695.001507322356
203100.0,1723.2727884846322
203120.0,1733.6703718854055
203140.0,1732.4903628819745
203160.0,1725.4612148870642
203180.0,1717.1869835273433
203200.0,1710.9874151864078
203220.0,1708.9927677232913
203240.0,1712.3684433075891
203260.0,1721.5398979175611
203280.0,1736.3441277569443
203300.0,1756.0817068842612
203320.0,1779.485303744405
203340.0,1804.7162389529992
203360.0,1829.4906046747885
203380.0,1851.508212439248
203400.0,1869.0231154042199
203420.0,1881.1141967918024
203440.0,1887.5746681753833
203460.0,1888.5967357082122
203480.0,1884.4760484194353
203500.0,1875.468051958902
203520.0,1861.8046670477838
203540.0,1843.8360454985686
203560.0,1822.244206820866
203580.0,1798.226894549629
203600.0,1773.5038406351578
203620.0,1749.9870579057138
203640.0,1729.2497083888509
203660.0,1712.2199626642778
203680.0,1699.2546831390562
203700.0,1690.464410202737
203720.0,1686.078242729144
203740.0,1686.6665918690069
203760.0,1693.0826766690152
203780.0,1706.0477262325196
203800.0,1725.4188020947938
203820.0,1749.2831822914522
203840.0,1773.1502538948541
203860.0,1789.5538061322538
203880.0,1788.3007933353806
203900.0,1757.6639483481308
203920.0,1686.703234665759
203940.0,1568.6356313930871
203960.0,1404.7346028374318
203980.0,1207.6201511537222
204000.0,1002.0543463648339
204020.0,820.5795613026803
204040.0,693.2838739057391
204060.0,638.5346137667635
204080.0,660.3506320165902
204100.0,750.583941332801
204120.0,892.9515301352133
204140.0,1067.0616710399627
204160.0,1251.65039962347
204180.0,1427.0683701797789
204200.0,1577.5213761049115
204220.0,1693.2170397384446
204240.0,1771.3244848758798
204260.0,1814.8841330080536
204280.0,1830.460110734577
204300.0,1825.755684266715
204320.0,1807.8856756363027
204340.0,1782.4879922649277
204360.0,1753.5428703241134
204380.0,1723.6084555376153
204400.0,1694.0984479256415
204420.0,1665.4514177901565
204440.0,1637.3567969801466
204460.0,1609.1233792024968
204480.0,1580.1290086547401
204500.0,1550.2759268624582
204520.0,1520.3792424405597
204540.0,1492.4060633545512
204560.0,1469.472700478374
204580.0,1455.511355385823
204600.0,1454.5534532739166
204620.0,1469.6614773020563
204640.0,1501.6864137569853
204660.0,1548.2339047426792
204680.0,1603.4713171935978
204700.0,1659.5383602159604
204720.0,1709.284766091907
204740.0,1748.278326551742
204760.0,1775.1788817938389
204780.0,1791.111280708587
204800.0,1798.6864851632356
204820.0,1801.056782625561
204840.0,1801.2002002119243
204860.0,1801.4828979412691
204880.0,1803.456203419221
204900.0,1807.820824371729
204920.0,1814.5129827625672
204940.0,1822.863752118256
204960.0,1831.8058277375178
204980.0,1840.1114125290744
205000.0,1846.6342301899663
205020.0,1850.53912795556
205040.0,1851.5018100908896
205060.0,1849.8616976081855
205080.0,1846.708974875317
205100.0,1843.845579746271
205120.0,1843.5760196726649
205140.0,1848.2584525247282
205160.0,1859.5443468930966
205180.0,1877.3485149189007
205200.0,1898.7051954462609
205220.0,1916.8411421676938
205240.0,1920.8969546708042
205260.0,1896.71295202184
205280.0,1829.03667442522
205300.0,1705.2487338876879
205320.0,1520.2156536680009
205340.0,1281.1938062316408
205360.0,1010.8882022774878
205380.0,745.8857750466268
205400.0,528.0204275118197
205420.0,392.2786261121425
205440.0,358.73899086265794
205460.0,429.55319780296594
205480.0,589.2407836848053
205500.0,807.811955320002
205520.0,1047.4080813029307
205540.0,1271.9643553270457
205560.0,1455.9129497580877
205580.0,1587.7289748181656
205600.0,1668.4488127761692
205620.0,1707.5782763425045
205640.0,1718.4701573637758
205660.0,1714.3943973776345
205680.0,1705.8785414172373
205700.0,1699.5683757398947
205720.0,1698.4697938074623
205740.0,1702.9578990800303
205760.0,1711.897098266197
205780.0,1723.5067863876018
205800.0,1735.9133396344107
205820.0,1747.4434684281339
205840.0,1756.73111567995
205860.0,1762.728290282153
205880.0,1764.7016881096165
205900.0,1762.2625559657638
205920.0,1755.442700322818
205940.0,1744.7975751053013
205960.0,1731.4925827608047
205980.0,1717.2387070325876
206000.0,1703.976393712496
206020.0,1693.4082829149115
206040.0,1686.6427809235684
206060.0,1684.0861834036048
206080.0,1685.5446251828132
206100.0,1690.4017964329282
206120.0,1697.7762473866587
206140.0,1706.635183395873
206160.0,1715.8599647418305
206180.0,1724.3309475830727
206200.0,1731.1281319939776
206220.0,1735.7400865943523
206240.0,1738.1326507903989
206260.0,1738.6540398084999
206280.0,1737.870830707499
206300.0,1736.4099253167783
206320.0,1734.817867246152
206340.0,1733.4776384598474
206360.0,1732.5962229108013
206380.0,1732.2411230661528
206400.0,1732.4076373931912
206420.0,1733.0959330836304
206440.0,1734.353070074223
206460.0,1736.2481290609642
206480.0,1738.7814212126002
206500.0,1741.7912041110558
206520.0,1744.916317060211
206540.0,1747.6270606140938
206560.0,1749.3069964825252
206580.0,1749.3920680312615
206600.0,1747.5466495365624
206620.0,1743.8358384712578
206640.0,1738.8621562063804
206660.0,1733.817034049824
206680.0,1730.3741502654964
206700.0,1730.4088082681435
206720.0,1735.5403529369873
206740.0,1746.4874242301698
206760.0,1762.2927400837884
206780.0,1779.5810835772968
206800.0,1792.1211617030883
206820.0,1790.9592359983278
206840.0,1765.3807874700742
206860.0,1704.913404636954
206880.0,1602.366845216105
206900.0,1457.4766172629065
206920.0,1280.1495410293203
206940.0,1091.7037059493164
206960.0,921.863881104057
206980.0,800.1501720089032
207000.0,746.3352280670048
207020.0,766.436674990141
207040.0,853.760711458857
207060.0,992.278888833673
207080.0,1160.554765513977
207100.0,1335.4837489795887
207120.0,1495.9034220075355
207140.0,1626.2507296812714
207160.0,1719.02136511048
207180.0,1774.5141256630661
207200.0,1798.6193540983895
207220.0,1800.0874267629752
207240.0,1788.1588082672024
207260.0,1770.923577317187
207280.0,1754.4607692498982
207300.0,1742.558522006763
207320.0,1736.8077842976647
207340.0,1737.0084934318857
207360.0,1741.7569624237337
207380.0,1749.0397449573945
207400.0,1756.6978989626805
207420.0,1762.745720925209
207440.0,1765.5943632426304
207460.0,1764.2250580927116
207480.0,1758.3487291278038
207500.0,1748.529764065001
207520.0,1736.1759067159733
207540.0,1723.2043352625
207560.0,1711.389945954142
207580.0,1701.8947833568686
207600.0,1695.2383110147407
207620.0,1691.4772682304144
207640.0,1690.410991652187
207660.0,1691.7391264043276
207680.0,1695.111216228614
207700.0,1700.0591174202702
207720.0,1705.88534674406
207740.0,1711.683329009636
207760.0,1716.6865456902306
207780.0,1720.8496316151382
207800.0,1725.1645688517624
207820.0,1731.3814903739374
207840.0,1741.2076734811155
207860.0,1755.2588524756407
207880.0,1772.0024633183125
207900.0,1786.952371235994
207920.0,1792.4068379101882
207940.0,1778.0176719959873
207960.0,1732.4561341159376
207980.0,1646.2629738567362
208000.0,1515.6140118352766
208020.0,1346.190745205301
208040.0,1155.6927926574162
208060.0,972.9272537253731
208080.0,831.179309858836
208100.0,757.0551511821745
208120.0,762.5359998672468
208140.0,843.7692332377155
208160.0,984.1366567344024
208180.0,1159.1257226342047
208200.0,1341.6740096452875
208220.0,1507.5229750568403
208240.0,1639.9248734618766
208260.0,1731.8022149431429
208280.0,1784.6699513900294
208300.0,1805.7521283480685
208320.0,1804.8122822041364
208340.0,1791.5850642090252
208360.0,1774.1303451003496
208380.0,1758.1002883154433
208400.0,1746.7251650860806
208420.0,1741.2275273748469
208440.0,1741.3659291045274
208460.0,1745.9386433908935
208480.0,1753.2196440319865
208500.0,1761.3176924051568
208520.0,1768.4513924177095
208540.0,1773.1246342968182
208560.0,1774.2432439947097
208580.0,1771.2222166070394
208600.0,1764.0709802113684
208620.0,1753.4101958860952
208640.0,1740.367755900036
208660.0,1726.282148916855
208680.0,1712.3315254188703
208700.0,1699.3287129432506
208720.0,1687.7010904310816
208740.0,1677.5441088059736
208760.0,1668.6983625201567
208780.0,1660.8574132360343
208800.0,1653.689828855488
208820.0,1646.9200973812356
208840.0,1640.3662505590976
208860.0,1634.0072085222823
208880.0,1628.083883098548
208900.0,1623.1875605438424
208920.0,1620.2653763621397
208940.0,1620.475205441439
208960.0,1624.8766555997177
208980.0,1634.0369961218876
209000.0,1647.6517502680701
209020.0,1664.2444646866766
209040.0,1681.0619645750091
209060.0,1694.3308148500244
209080.0,1699.791967130332
209100.0,1693.3082318514284
209120.0,1671.566196461696
209140.0,1632.9194612171657
209160.0,1578.2736687023446
209180.0,1511.7138301377188
209200.0,1440.3181001400849
209220.0,1372.5701448164746
209240.0,1316.0389231116521
209260.0,1276.0965230172246
209280.0,1255.8765044492275
209300.0,1256.725260627386
209320.0,1278.5501711299705
209340.0,1319.7787013396069
209360.0,1376.9768763938905
209380.0,1444.5081618262686
209400.0,1514.9077781529886
209420.0,1580.55687086594
209440.0,1635.8741030144552
209460.0,1678.414743597727
209480.0,1708.6445238739084
209500.0,1728.997324564069
209520.0,1742.7283170522355
209540.0,1752.9185608473897
209560.0,1761.8481899968642
209580.0,1770.845643939617
209600.0,1780.633639160281
209620.0,1791.8838331356935
209640.0,1805.4955334060219
209660.0,1822.4937490662148
209680.0,1843.6037102751663
209700.0,1868.5859165763704
209720.0,1895.448328291916
209740.0,1919.7370447702283
209760.0,1934.171723229473
209780.0,1928.8358025566934
209800.0,1892.133452781543
209820.0,1812.9460689147031
209840.0,1684.1157883351148
209860.0,1506.7078825253043
209880.0,1293.7413705959261
209900.0,1071.3168925511886
209920.0,874.4353086605631
209940.0,736.5115042104715
209960.0,679.0044251572574
209980.0,707.640800227126
210000.0,813.8707519238482
210020.0,978.61008626206
210040.0,1176.5262858854253
210060.0,1380.3340824217019
210080.0,1565.3938293105014
210100.0,1714.373538050467
210120.0,1819.7757025089018
210140.0,1883.104072880919
210160.0,1912.0011911511424
210180.0,1916.9512996459719
210200.0,1908.5049895099044
210220.0,1895.4232172757831
210240.0,1883.7935220798204
210260.0,1876.9642221461108
210280.0,1876.0250197044038
210300.0,1880.5222272764108
210320.0,1889.1738333483718
210340.0,1900.4698797963433
210360.0,1913.0771696303505
210380.0,1926.0110696436757
210400.0,1938.6262810965377
210420.0,1950.5208041612866
210440.0,1961.4438421232885
210460.0,1971.2398968992452
210480.0,1979.795583254144
210500.0,1987.005178302791
210520.0,1992.7831216513616
210540.0,1997.0761730278307
210560.0,1999.8641062201496
210580.0,2001.1667962031593
210600.0,2001.0569721774573
210620.0,1999.6613987729768
210640.0,1997.1624558879535
210660.0,1993.8191751529077
210680.0,1990.0020958429345
210700.0,1986.2257804055491
210720.0,1983.1418800932988
210740.0,1981.4825190132044
210760.0,1981.920435588086
210780.0,1984.7934463226843
210800.0,1989.7386772980815
210820.0,1995.3321143638084
210840.0,1998.8111810554906
210860.0,1996.0040567068613
210880.0,1981.6550896581236
210900.0,1950.2657362485315
210920.0,1897.4359626200535
210940.0,1821.5225454062333
210960.0,1725.1946353420997
210980.0,1616.1782136707798
211000.0,1506.2028264439164
211020.0,1407.502682746579
211040.0,1328.8488586170963
211060.0,1273.8821068783282
211080.0,1241.601476338453
211100.0,1227.8779713860145
211120.0,1227.1484115719236
211140.0,1233.797956718306
211160.0,1243.033505179662
211180.0,1251.2597347372728
211200.0,1256.0920373057565
211220.0,1256.1872410419976
211240.0,1251.0616720788153
211260.0,1241.0155837203772
211280.0,1227.210032928524
211300.0,1211.8612202833117
211320.0,1198.4414064040584
211340.0,1191.7191493947807
211360.0,1197.451833355274
211380.0,1221.5798978965215
211400.0,1268.8843413682932
211420.0,1341.270890049756
211440.0,1436.1364777448734
211460.0,1545.635503062157
211480.0,1657.9652868986693
211500.0,1761.0438486077007
211520.0,1846.3753072276493
211540.0,1910.6153815299076
211560.0,1954.9645954733526
211580.0,1983.5077417558794
211600.0,2001.3622377629922
211620.0,2013.1669568515433
211640.0,2022.1444049382196
211660.0,2029.8328549186124
211680.0,2036.4638322482595
211700.0,2041.5679684491017
211720.0,2044.3254737184307
211740.0,2043.7945941897
211760.0,2039.2040784013182
211780.0,2030.1919725414832
211800.0,2016.901165439073
211820.0,1999.9390336901165
211840.0,1980.2649848504402
211860.0,1959.038474514128
211880.0,1937.4263558719365
211900.0,1916.427667368714
211920.0,1896.79234113142
211940.0,1879.0871888003778
211960.0,1863.7578264349165
211980.0,1850.8087637825392
212000.0,1839.2108466930051
212020.0,1826.541494005593
212040.0,1809.082644481862
212060.0,1782.4372491692382
212080.0,1742.6555304915469
212100.0,1687.7232541824512
212120.0,1619.0722689722481
212140.0,1542.5273667655485
212160.0,1467.8559880918376
212180.0,1406.4626501098944
212200.0,1368.544697379818
212220.0,1361.0833044886713
212240.0,1386.5704536745695
212260.0,1442.249986576005
212280.0,1520.1055072878466
212300.0,1608.304143695944
212320.0,1694.5262360977958
212340.0,1769.4246817799801
212360.0,1828.1335305759408
212380.0,1869.9987667174178
212400.0,1897.3980895063828
212420.0,1914.3255985975902
212440.0,1925.2107540123634
212460.0,1934.2407219659774
212480.0,1945.0523315479998
212500.0,1960.305836195553
212520.0,1981.061400761059
212540.0,2006.2101118331107
212560.0,2032.0594513387769
212580.0,2052.1870481772826
212600.0,2057.777233596023
212620.0,2038.7142942212085
212640.0,1985.6081454020696
212660.0,1892.7050195614415
212680.0,1761.219245759302
212700.0,1602.076355006832
212720.0,1436.449040064861
212740.0,1292.000303398529
212760.0,1194.6900742227567
212780.0,1161.428796997793
212800.0,1197.195051467418
212820.0,1295.3647449023092
212840.0,1439.6975382926023
212860.0,1607.45229460551
212880.0,1773.9854738087827
212900.0,1918.6645395591258
212920.0,2029.2307857122846
212940.0,2102.4199643509155
212960.0,2141.951316882688
212980.0,2155.5714078540673
213000.0,2152.277273760085
213020.0,2140.2953899656886
213040.0,2125.9890959323347
213060.0,2113.5584155084907
213080.0,2105.285442900172
213100.0,2102.073893498437
213120.0,2104.028472250119
213140.0,2110.9049637142116
213160.0,2122.3265256800546
213180.0,2137.730338214486
213200.0,2156.064434923184
213220.0,2175.3400067064917
213240.0,2192.2100128375105
213260.0,2201.7551797465158
213280.0,2197.6369819669144
213300.0,2172.7683654867537
213320.0,2120.6805871336746
213340.0,2037.5590473498298
213360.0,1924.4885487301883
213380.0,1789.0367782312053
213400.0,1644.8628628924664
213420.0,1508.404122828657
213440.0,1394.7183564581105
213460.0,1315.360528209358
213480.0,1277.9776215633306
213500.0,1286.35223448167
213520.0,1340.092030705902
213540.0,1433.823925354014
213560.0,1556.473547570523
213580.0,1691.8984681263912
213600.0,1822.1620210476642
213620.0,1932.4630190731787
213640.0,2014.4905713838161
213660.0,2066.7604003697297
213680.0,2092.9809312391103
213700.0,2099.769051356542
213720.0,2094.547050021397
213740.0,2084.0145288036965
213760.0,2073.289275822991
213780.0,2065.6210629913357
213800.0,2062.529760845023
213820.0,2064.1766090491883
213840.0,2069.8081389712816
213860.0,2078.1698723396266
213880.0,2087.83574418395
213900.0,2097.4349790699757
213920.0,2105.7970946817177
213940.0,2112.0308995451887
213960.0,2115.5373920941574
213980.0,2115.990336426245
214000.0,2113.315927642777
214020.0,2107.671926223995
214040.0,2099.416925226643
214060.0,2089.054831020283
214080.0,2077.15696038877
214100.0,2064.292251125725
214120.0,2050.9914791866668
214140.0,2037.727244789316
214160.0,2024.91112491489
214180.0,2012.8675357710028
214200.0,2001.7574413766001
214220.0,1991.5205020909684
214240.0,1981.8976593960947
214260.0,1972.53696561666
214280.0,1963.1441077337233
214300.0,1953.637394220059
214320.0,1944.2879027177237
214340.0,1935.7657966038819
214360.0,1929.0453043902162
214380.0,1925.1537694424983
214400.0,1924.7962528509793
214420.0,1927.9352479491931
214440.0,1933.4096150881494
214460.0,1938.7004027588155
214480.0,1939.9531821785677
214500.0,1932.3741666834708
214520.0,1911.1246677021013
214540.0,1872.660132101089
214560.0,1816.2567284589459
214580.0,1745.3205586591953
214600.0,1667.8317549884391
214620.0,1595.0115740435854
214640.0,1537.9876675595317
214660.0,1504.6586609125177
214680.0,1498.526543940749
214700.0,1518.9332301061368
214720.0,1561.8370012376777
214740.0,1620.6638580295116
214760.0,1687.189953456771
214780.0,1752.8451832733979
214800.0,1810.702826634115
214820.0,1856.9983717722043
214840.0,1891.2276970045455
214860.0,1915.2235979536767
214880.0,1931.878293233692
214900.0,1944.1687447087465
214920.0,1954.7533749533043
214940.0,1965.759325676177
214960.0,1978.4262740690501
214980.0,1992.6305060694365
215000.0,2006.4979071746482
215020.0,2016.2929803552531
215040.0,2016.7129105652043
215060.0,2001.6835371129375
215080.0,1965.6927054716973
215100.0,1905.536579481095
215120.0,1822.0983374085095
215140.0,1721.4625653190706
215160.0,1614.4584981578705
215180.0,1514.5629112216689
215200.0,1435.4654634894714
215220.0,1388.8561437581163
215240.0,1382.2686480389384
215260.0,1417.0407868986376
215280.0,1486.9596457604068
215300.0,1578.7607712720126
215320.0,1675.655530802247
215340.0,1762.5249375010055
215360.0,1829.4600505817314
215380.0,1872.6418129939466
215400.0,1893.367498437669
215420.0,1896.2501879822844
215440.0,1887.3928031021783
215460.0,1872.9587477862756
215480.0,1858.261118760966
215500.0,1847.375913080167
215520.0,1843.1470869929835
215540.0,1847.2499643947074
215560.0,1860.0467634960903
215580.0,1880.1227001848833
215600.0,1903.63871907223
215620.0,1923.886863056326
215640.0,1931.4204013438411
215660.0,1915.031615547289
215680.0,1863.673447807177
215700.0,1769.3196588473897
215720.0,1630.4879028056905
215740.0,1455.5169143462688
215760.0,1264.1252998662787
215780.0,1085.2415081814192
215800.0,949.3597795299909
215820.0,878.7817561508471
215840.0,882.5991974868803
215860.0,956.9669237220257
215880.0,1088.0015066277367
215900.0,1255.3966523916417
215920.0,1435.9412152505477
215940.0,1607.0117010137692
215960.0,1750.4707777736844
215980.0,1856.0642493578478
216000.0,1922.0871954454356
216020.0,1953.427266058147
216040.0,1958.6361933831936
216060.0,1947.2054746280817
216080.0,1927.6195067067783
216100.0,1906.3510580406423
216120.0,1887.6650753701565
216140.0,1873.9310594407077
216160.0,1866.0973144516133
216180.0,1864.0278291901773
216200.0,1866.7525913041009
216220.0,1872.8274218774502
216240.0,1880.7415006691062
216260.0,1889.2386294249732
216280.0,1897.5361748279022
216300.0,1905.4118017746653
216320.0,1913.1175099840843
216340.0,1921.185206895556
216360.0,1930.217216923341
216380.0,1940.7197612834993
216400.0,1953.0140625505246
216420.0,1967.0984337058017
216440.0,1982.245655460504
216460.0,1996.4298284446486
216480.0,2005.7999898046303
216500.0,2004.5219598901847
216520.0,1985.2974242245505
216540.0,1940.7188052922204
216560.0,1865.4147675090876
216580.0,1758.6894136575106
216600.0,1626.962881788982
216620.0,1484.8501056983082
216640.0,1353.434771558655
216660.0,1255.5824452703419
216680.0,1210.3666693903347
216700.0,1228.048327034092
216720.0,1306.4334219106809
216740.0,1430.1070155293248
216760.0,1574.6225487016818
216780.0,1715.0301712624787
216800.0,1833.0231042460728
216820.0,1919.4707637524712
216840.0,1973.5289450273049
216860.0,2000.1151084749254
216880.0,2007.0086331487182
216900.0,2002.383365236253
216920.0,1993.2012848215406
216940.0,1984.5087446378427
216960.0,1979.4124629413886
216980.0,1979.4597180464327
217000.0,1985.1352626063733
217020.0,1996.2321691113934
217040.0,2011.9562729950471
217060.0,2030.745731493939
217080.0,2049.910249808729
217100.0,2065.2587410235565
217120.0,2070.930666366944
217140.0,2059.6942236362593
217160.0,2023.918662436788
217180.0,1957.2997514268911
217200.0,1857.20514878978
217220.0,1727.1265942683233
217240.0,1578.2277253155564
217260.0,1428.5073670648164
217280.0,1298.515914450619
217300.0,1206.0450842726532
217320.0,1163.1781766930144
217340.0,1175.3766939905756
217360.0,1241.242853227134
217380.0,1352.2776346184053
217400.0,1492.8148074706291
217420.0,1641.140229448938
217440.0,1773.1468538689228
217460.0,1868.0379225215001
217480.0,1912.870887691853
217500.0,1904.256256821849
217520.0,1847.9875674808682
217540.0,1757.277247932371
217560.0,1649.523586629951
217580.0,1541.8675275515989
217600.0,1447.862592560668
217620.0,1376.6696593713796
217640.0,1333.8732648793746
217660.0,1322.6988808962114
217680.0,1344.7492874970083
217700.0,1399.8269760575574
217720.0,1484.9133862424435
217740.0,1592.9048169485297
217760.0,1712.2235220681912
217780.0,1828.6860669463265
217800.0,1929.601010802598
217820.0,2007.2188794981844
217840.0,2059.5237582755935
217860.0,2089.096455429095
217880.0,2101.2554871215043
217900.0,2102.2337835276862
217920.0,2097.784341649031
217940.0,2092.3615476074556
217960.0,2088.8153725931975
217980.0,2088.444577500852
218000.0,2091.2642271234054
218020.0,2096.3873804594027
218040.0,2102.4387238318923
218060.0,2107.912861631126
218080.0,2111.3937799497894
218100.0,2111.6520391713602
218120.0,2107.696121958666
218140.0,2098.8151693894238
218160.0,2084.6263901078423
218180.0,2065.1359190122007
218200.0,2040.8379008152988
218220.0,2012.8290130850644
218240.0,1982.839359874652
218260.0,1953.0788413294872
218280.0,1925.9654846687276
218300.0,1903.861228082369
218320.0,1888.7809268950864
218340.0,1882.0446552678854
218360.0,1883.919089184174
218380.0,1893.2075402674832
218400.0,1906.6826047179893
218420.0,1918.5227237216393
218440.0,1920.0833296613575
218460.0,1900.3898339136533
218480.0,1847.6807932416855
218500.0,1752.1230542621574
218520.0,1609.4768848798149
218540.0,1424.9252027446046
218560.0,1215.5550213046245
218580.0,1009.2570363264329
218600.0,837.806959756507
218620.0,726.5942764973636
218640.0,688.6186428748736
218660.0,724.3539560229947
218680.0,824.6055425511458
218700.0,973.9876874978141
218720.0,1153.7926690411712
218740.0,1344.0388050183728
218760.0,1525.2618167702888
218780.0,1680.9507084882396
218800.0,1800.557445428562
218820.0,1881.1107025961799
218840.0,1926.2651557255926
218860.0,1943.8800597988943
218880.0,1943.426946614886
218900.0,1933.880545476613
218920.0,1922.3565425377365
218940.0,1913.525467471109
218960.0,1909.671182866066
218980.0,1911.1677712647058
219000.0,1917.1184004134404
219020.0,1925.963734102333
219040.0,1935.9750147475388
219060.0,1945.6103061257304
219080.0,1953.6993718184865
219100.0,1959.47796092983
219120.0,1962.5298728112066
219140.0,1962.6519529426455
219160.0,1959.7080417064867
219180.0,1953.5484126309955
219200.0,1944.042267497781
219220.0,1931.205885161303
219240.0,1915.3882063839671
219260.0,1897.465129323787
219280.0,1878.9650959956448
219300.0,1862.053420944565
219320.0,1849.3324591682353
219340.0,1843.421506684594
219360.0,1846.2839800507093
219380.0,1858.3199009268803
219400.0,1877.3888937227598
219420.0,1898.017191065992
219440.0,1911.0692936473183
219460.0,1904.1689835050042
219480.0,1863.2019704352072
219500.0,1775.1039748491444
219520.0,1631.7548144065615
219540.0,1434.2746760397763
219560.0,1196.2212768410868
219580.0,943.338088838231
219600.0,707.917585871162
219620.0,520.826072869092
219640.0,406.35092356781587
219660.0,379.81605393186265
219680.0,446.11951855075796
219700.0,598.3128448889371
219720.0,816.7178864267808
219740.0,1070.4582686901556
219760.0,1323.5776303026528
219780.0,1544.5823767733812
219800.0,1713.8466027384234
219820.0,1825.5071747777988
219840.0,1884.9940597374996
219860.0,1904.6824250386114
219880.0,1899.5318295988586
219900.0,1883.6765558284983
219920.0,1868.2662051193172
219940.0,1860.4634433118022
219960.0,1863.3040576860953
219980.0,1876.0506189625291
220000.0,1894.7635539918235
220020.0,1913.006921547919
220040.0,1922.7433202806028
220060.0,1915.5077057333274
220080.0,1883.961203093589
220100.0,1823.7820700820798
220120.0,1735.5846748315842
220140.0,1626.2065404722964
220160.0,1508.282200851984
220180.0,1397.0880789930513
220200.0,1306.1912943482853
220220.0,1245.0355129191626
220240.0,1218.6332161193102
220260.0,1228.1277368407411
220280.0,1271.3126944940882
220300.0,1342.7410545584642
220320.0,1433.621909966617
220340.0,1532.2313209441097
220360.0,1625.8393667142286
220380.0,1704.0158799768687
220400.0,1761.004652669629
220420.0,1795.8799444397664
220440.0,1811.2906048865011
220460.0,1811.7841943280587
220480.0,1802.339286111443
220500.0,1787.4373487871485
220520.0,1770.6938740536075
220540.0,1754.8586562842975
220560.0,1741.9304845919403
220580.0,1733.1543298781592
220600.0,1728.9290553109713
220620.0,1728.8600028147052
220640.0,1732.0263423753918
220660.0,1737.3515452500567
220680.0,1743.9734389613313
220700.0,1751.49991126166
220720.0,1760.074217523327
220740.0,1770.2532603044249
220760.0,1782.7331237670692
220780.0,1797.9587353273614
220800.0,1815.73532834094
220820.0,1835.0280445566993
220840.0,1854.1121263650082
220860.0,1870.882640752899
220880.0,1882.95513903654
220900.0,1887.555223574974
220920.0,1881.494032673268
220940.0,1861.4762640477807
220960.0,1824.852328196921
220980.0,1770.760325942338
221000.0,1701.3451849743747
221020.0,1622.4469685686959
221040.0,1542.9683221371613
221060.0,1472.7011854178509
221080.0,1420.1531851739937
221100.0,1391.4728381371779
221120.0,1390.0320474459133
221140.0,1416.1195421770424
221160.0,1466.5622882441387
221180.0,1534.5191056524316
221200.0,1610.1167872253163
221220.0,1682.7124764794585
221240.0,1744.0328247565794
221260.0,1789.8658940506339
221280.0,1819.8827757956856
221300.0,1836.5209817432055
221320.0,1843.6519993446982
221340.0,1845.4299879042342
221360.0,1845.4644654202154
221380.0,1846.354518011097
221400.0,1849.5688693948546
221420.0,1855.574891159617
221440.0,1864.088248152518
221460.0,1874.3391064353978
221480.0,1885.3233255323387
221500.0,1896.0097344394155
221520.0,1905.507807058801
221540.0,1913.2094938318992
221560.0,1918.901820909457
221580.0,1922.8230909041279
221600.0,1925.6316210695127
221620.0,1928.3073344832508
221640.0,1931.9748646298897
221660.0,1937.602952802948
221680.0,1945.6004175177673
221700.0,1955.3707398450515
221720.0,1964.8937743693837
221740.0,1970.4967250183722
221760.0,1966.9715070935695
221780.0,1948.1792302169488
221800.0,1908.253938431848
221820.0,1843.3160261827863
221840.0,1753.366481409435
221860.0,1643.7171193171707
221880.0,1524.8886835740777
221900.0,1409.9686459553352
221920.0,1310.7698197399548
221940.0,1235.8139480265997
221960.0,1190.3747063522437
221980.0,1177.3348556113533
222000.0,1197.8446509499945
222020.0,1251.2345963442199
222040.0,1334.1516340292414
222060.0,1439.4220699117595
222080.0,1555.6629088842733
222100.0,1668.9778388462596
222120.0,1766.8885747834108
222140.0,1841.8250482531264
222160.0,1892.0714152863948
222180.0,1920.710251839504
222200.0,1933.7032218226548
222220.0,1937.9035152506174
222240.0,1939.4565918985022
222260.0,1942.7406249075364
222280.0,1949.8347321997858
222300.0,1960.4178397591677
222320.0,1971.9520401535058
222340.0,1980.1172292565038
222360.0,1979.5573323357908
222380.0,1964.9575601852182
222400.0,1932.3867271988724
222420.0,1880.741987700539
222440.0,1812.9528025366187
222460.0,1736.2668634102533
222480.0,1660.8114468732651
222500.0,1596.813851190053
222520.0,1552.4509446395173
222540.0,1532.9477824743124
222560.0,1540.3031450792091
222580.0,1573.1386017280984
222600.0,1626.5534592359916
222620.0,1692.287726622349
222640.0,1759.8645938414368
222660.0,1819.1426828639178
222680.0,1862.957786900654
222700.0,1888.128001893172
222720.0,1895.008815673305
222740.0,1886.4369712473738
222760.0,1866.6785196425112
222780.0,1840.6825678749708
222800.0,1813.6448413120506
222820.0,1790.6062336972893
222840.0,1775.645286538122
222860.0,1770.7203056202732
222880.0,1775.0814099264742
222900.0,1785.8637132054068
222920.0,1799.3130920630533
222940.0,1811.9009784589848
222960.0,1821.0597360454299
222980.0,1825.5162551094581
223000.0,1825.2345198797818
223020.0,1821.0653076348076
223040.0,1814.3607309594772
223060.0,1806.715325298567
223080.0,1799.8371208326892
223100.0,1795.47993918735
223120.0,1795.329666591953
223140.0,1800.7941676297257
223160.0,1812.6630320291424
223180.0,1830.6296515570189
223200.0,1852.7203191746132
223220.0,1874.764461067252
223240.0,1890.1543178931038
223260.0,1890.128512724441
223280.0,1864.784819708384
223300.0,1805.018431220781
223320.0,1705.3091489482958
223340.0,1566.842913003036
223360.0,1399.9652704750647
223380.0,1224.3179134607954
223400.0,1064.708148593219
223420.0,943.3923705205409
223440.0,874.494756840648
223460.0,863.0212203056502
223480.0,906.4814621647554
223500.0,997.1179474644308
223520.0,1123.6226611161412
223540.0,1272.0879070011656
223560.0,1426.6844958855545
223580.0,1571.1021022342306
223600.0,1691.543460859689
223620.0,1779.8780876838816
223640.0,1834.558241906499
223660.0,1859.3714668415366
223680.0,1861.3503211399984
223700.0,1848.7352867827947
223720.0,1829.416949076433
223740.0,1809.9112365755088
223760.0,1794.7103548247221
223780.0,1786.0671753089835
223800.0,1784.286627723623
223820.0,1788.3492336960383
223840.0,1796.6233690449722
223860.0,1807.4296963908128
223880.0,1819.3399615031897
223900.0,1831.2681089616246
223920.0,1842.4335921605702
223940.0,1852.259158230956
223960.0,1860.266987417337
223980.0,1866.0028653572165
224000.0,1868.9911683955002
224020.0,1868.7565078895345
224040.0,1864.934398180302
224060.0,1857.4379393846623
224080.0,1846.649834976449
224100.0,1833.601398072828
224120.0,1820.0112989729446
224140.0,1808.0373746059718
224160.0,1799.7588594344822
224180.0,1796.4968487969345
224200.0,1798.0666357339228
224220.0,1802.0793709985142
224240.0,1803.4669089479714
224260.0,1794.3977468857986
224280.0,1764.8259089711123
224300.0,1703.9777631146414
224320.0,1602.9235003359177
224340.0,1457.9780396329807
224360.0,1274.1286470869043
224380.0,1067.0395999128007
224400.0,861.5225094085148
224420.0,684.7155216648255
224440.0,557.304570018143
224460.0,489.34014372746816
224480.0,481.07847977595054
224500.0,526.1380941713753
224520.0,614.824526586573
224540.0,736.4101848056514
224560.0,880.0035068410962
224580.0,1034.3417607320387
224600.0,1187.3721326618845
224620.0,1326.8005875390481
224640.0,1442.3139732403579
224660.0,1528.1681867313478
224680.0,1584.0489426818115
224700.0,1614.0270520593185
224720.0,1624.6427430016695
224740.0,1623.013033564237
224760.0,1615.4577472546293
224780.0,1606.8183236236237
224800.0,1600.3629699126775
224820.0,1598.0350797076273
224840.0,1600.8611149132207
224860.0,1609.336835044025
224880.0,1623.652855426157
224900.0,1643.636448458859
224920.0,1668.3541692649246
224940.0,1695.4725089155545
224960.0,1720.5597610330576
224980.0,1736.6035633495296
225000.0,1734.101232251262
225020.0,1702.026690218981
225040.0,1629.8324152636076
225060.0,1510.4007103209633
225080.0,1343.4213924311832
225100.0,1138.1000389350002
225120.0,913.4274740645749
225140.0,693.8281857430658
225160.0,500.9659244565817
225180.0,348.03559566808764
225200.0,239.39561660523856
225220.0,173.49052958953627
225240.0,146.7205481516471
225260.0,156.58724805666304
225280.0,203.12624674497536
225300.0,288.27402190901347
225320.0,413.41782578028506
225340.0,575.9774621601819
225360.0,766.4888288502049
225380.0,968.2357080480928
225400.0,1160.9695592929966
225420.0,1326.8920666086128
225440.0,1455.275456690945
225460.0,1543.9850851010497
225480.0,1598.107532650875
225500.0,1627.0377783055162
225520.0,1641.3492281261872
225540.0,1650.2547997413214
225560.0,1660.0414207336623
225580.0,1673.6841906718328
225600.0,1691.4683401214727
225620.0,1712.0000663639294
225640.0,1733.1268166912498
225660.0,1752.608307523721
225680.0,1768.5891628224358
225700.0,1779.9546692127362
225720.0,1786.568554833934
225740.0,1789.3429549106
225760.0,1790.1134475544018
225780.0,1791.293959585651
225800.0,1795.2701412912306
225820.0,1803.541485788149
225840.0,1815.7185506085439
225860.0,1828.5948071413907
225880.0,1835.602530523292
225900.0,1826.988842013118
225920.0,1791.0127485933667
225940.0,1716.3133184831288
225960.0,1595.3233661664658
225980.0,1428.1765633291575
226000.0,1225.9545050273246
226020.0,1011.3922362604159
226040.0,814.5886155857239
226060.0,663.4354604358914
226080.0,575.2947815398478
226100.0,554.7914664071111
226120.0,595.8728999260204
226140.0,685.4022643628555
226160.0,806.5390178994054
226180.0,941.1253922224512
226200.0,1071.0647757054735
226220.0,1179.1827287918145
226240.0,1250.2787453248013
226260.0,1272.9971276222127
226280.0,1242.6254535354415
226300.0,1163.7717059873828
226320.0,1051.2322017605313
226340.0,928.2712907535494
226360.0,822.6894786017896
226380.0,761.4453684406496
226400.0,764.6176919721017
226420.0,839.7783044114033
226440.0,978.5337247995265
226460.0,1157.8380734115203
226480.0,1347.6588082248766
226500.0,1521.0768147645078
226520.0,1660.6783000328583
226540.0,1759.8084625180988
226560.0,1820.5589715399924
226580.0,1850.445897100854
226600.0,1859.0789444832767
226620.0,1855.5635011190702
226640.0,1846.9301759290042
226660.0,1837.5763702582535
226680.0,1829.510705997016
226700.0,1823.0905997384525
226720.0,1817.9264351842478
226740.0,1813.617632697845
226760.0,1810.065231968309
226780.0,1807.3694044279086
226800.0,1805.5972118614911
226820.0,1804.6024964376716
226840.0,1803.926452849623
226860.0,1802.8609591227862
226880.0,1800.6187514381359
226900.0,1796.526266923829
226920.0,1790.196407311401
226940.0,1781.6368407637297
226960.0,1771.2450771070785
226980.0,1759.6806193549041
227000.0,1747.6702225735182
227020.0,1735.8280500598394
227040.0,1724.5504491534302
227060.0,1713.9989841593747
227080.0,1704.1558294058827
227100.0,1694.9287427505092
227120.0,1686.2686375801397
227140.0,1678.1930382073435
227160.0,1670.6967970421108
227180.0,1663.6653730733456
227200.0,1656.8378513164116
227220.0,1649.8455773679834
227240.0,1642.3059903309445
227260.0,1633.9274403432782
227280.0,1624.584339639303
227300.0,1614.3322036434122
227320.0,1603.3970714995698
227340.0,1592.1614397236278
227360.0,1581.1293513884589
227380.0,1570.8557344774763
227400.0,1561.8624903659206
227420.0,1554.5673909582424
227440.0,1549.2480403308705
227460.0,1546.0139195575941
227480.0,1544.7854300750525
227500.0,1545.3156521632898
227520.0,1547.2462013026689
227540.0,1550.183450437429
227560.0,1553.742071810169
227580.0,1557.5712182209486
227600.0,1561.4043661937592
227620.0,1565.097460783686
227640.0,1568.6193747979137
227660.0,1571.995504855896
227680.0,1575.2476685664674
227700.0,1578.3874830668153
227720.0,1581.4624712698724
227740.0,1584.5875680194167
227760.0,1587.9244955194042
227780.0,1591.5886599571977
227800.0,1595.5330974266485
227820.0,1599.5230118640281
227840.0,1603.2133378644378
227860.0,1606.2596239085092
227880.0,1608.45674340839
227900.0,1609.909724425841
227920.0,1611.1839509172291
227940.0,1613.3315392129275
227960.0,1617.7301632058468
227980.0,1625.751389007712
228000.0,1638.2525606757176
228020.0,1654.890859526477
228040.0,1673.354701067802
228060.0,1688.7765752276696
228080.0,1693.5962357862584
228100.0,1678.1285536496575
228120.0,1632.1017411164687
228140.0,1547.2591456484402
228160.0,1420.7982304701934
228180.0,1258.929931161555
228200.0,1079.2452672739266
228220.0,909.9583509126962
228240.0,783.8534898401165
228260.0,727.8253102468959
228280.0,754.1731779034205
228300.0,856.9829530966024
228320.0,1013.3303691491819
228340.0,1189.2275332775594
228360.0,1348.68945635198
228380.0,1461.295555841482
228400.0,1505.96324201935
228420.0,1472.1883568558392
228440.0,1360.4181544743146
228460.0,1182.3026206486236
228480.0,960.3559674205477
228500.0,725.3409679463814
228520.0,509.56533747512697
228540.0,339.01883923865
228560.0,229.9519781585821
228580.0,189.70833723322886
228600.0,219.09021314343326
228620.0,314.240789640053
228640.0,467.10918675478007
228660.0,664.6697671803922
228680.0,888.1113036121449
228700.0,1114.0514445874378
228720.0,1319.2148885140846
228740.0,1486.2157672619055
228760.0,1606.8717132948816
228780.0,1682.142981774934
228800.0,1719.6425607233232
228820.0,1730.294565114611
228840.0,1725.3551164709934
228860.0,1714.3859036781796
228880.0,1704.244704094543
228900.0,1698.9095781868516
228920.0,1699.8486026340288
228940.0,1706.653409513002
228960.0,1717.728855439118
228980.0,1730.9256454508184
229000.0,1744.084223950616
229020.0,1755.4675977337854
229040.0,1764.0247401388908
229060.0,1769.4517069651174
229080.0,1772.1223763555995
229100.0,1772.9825388191905
229120.0,1773.395816613093
229140.0,1774.833292735407
229160.0,1778.3298093150734
229180.0,1783.7499321385535
229200.0,1789.0193047288044
229220.0,1789.5359931043004
229240.0,1778.0158317486341
229260.0,1745.0771016919248
229280.0,1680.810206157624
229300.0,1577.3825360520348
229320.0,1432.3588551281903
229340.0,1251.9002090058248
229360.0,1052.3595320584436
229380.0,858.1034185764623
229400.0,694.1612553995733
229420.0,577.9849469240881
229440.0,516.3463041469594
229460.0,506.93408370821925
229480.0,541.9967361104034
229500.0,612.0383251304396
229520.0,708.3955872102648
229540.0,824.2350118564142
229560.0,954.0769230530456
229580.0,1092.3858524368598
229600.0,1232.0865641286775
229620.0,1364.0855846838363
229640.0,1478.771547723169
229660.0,1568.9891658997337
229680.0,1632.1384481265256
229700.0,1670.1381150243185
229720.0,1687.9826139091285
229740.0,1691.9273847807412
229760.0,1687.945752196802
229780.0,1680.768988042401
229800.0,1673.5544583553024
229820.0,1668.03335827036
229840.0,1664.9311412501734
229860.0,1664.4231843463706
229880.0,1666.3748360191462
229900.0,1670.3076597712202
229920.0,1675.3477553287917
229940.0,1680.3153800300965
229960.0,1683.9310957966402
229980.0,1685.0987078741011
230000.0,1683.179298645305
230020.0,1678.1658324856558
230040.0,1670.756054291455
230060.0,1662.3253985014785
230080.0,1654.7425661722834
230100.0,1650.033529808156
230120.0,1649.9445066953
230140.0,1655.5126801595063
230160.0,1666.7199761070958
230180.0,1682.0975324806855
230200.0,1698.1760584460415
230220.0,1708.9847816248778
230240.0,1705.950793011225
230260.0,1678.580288082369
230280.0,1616.183048710815
230300.0,1510.6388781358314
230320.0,1359.843622055573
230340.0,1170.9810256697012
230360.0,962.0788580877819
230380.0,759.5918186709546
230400.0,590.5843090410884
230420.0,474.0975570308976
230440.0,417.9298642053741
230460.0,420.22311153212024
230480.0,473.04633226984424
230500.0,565.9244906491085
230520.0,688.1792573267512
230540.0,829.7539702047441
230560.0,980.8407879390855
230580.0,1131.1048524307596
230600.0,1269.6077660120122
230620.0,1386.4294653590478
230640.0,1475.37754825399
230660.0,1535.4327284230767
230680.0,1570.0929567536216
230700.0,1585.5816917066545
230720.0,1588.960843090813
230740.0,1586.6968462106101
230760.0,1583.809278364121
230780.0,1583.5394824889765
230800.0,1587.4150644727843
230820.0,1595.570753206667
230840.0,1607.1837064946078
230860.0,1620.9062699536998
230880.0,1635.2250030651555
230900.0,1648.71938028911
230920.0,1660.2239037209104
230940.0,1668.9336968582895
230960.0,1674.4752260293403
230980.0,1676.9240868274894
231000.0,1676.7212753688407
231020.0,1674.4701581254114
231040.0,1670.7131939006224
231060.0,1665.8172853778422
231080.0,1659.9479924179109
231100.0,1653.1025319158773
231120.0,1645.2012149128473
231140.0,1636.1748961150427
231160.0,1626.0147258423463
231180.0,1614.807368408543
231200.0,1602.758398611651
231220.0,1590.1942041342147
231240.0,1577.5437181980028
231260.0,1565.3165040229608
231280.0,1554.075766388732
231300.0,1544.386148042083
231320.0,1536.706881864744
231340.0,1531.2291395476502
231360.0,1527.7747164121538
231380.0,1525.8434885265078
231400.0,1524.762450427648
231420.0,1523.8612669439472
231440.0,1522.6277569263289
231460.0,1520.8106338418088
231480.0,1518.453483929952
231500.0,1515.8564343369108
231520.0,1513.4797597265745
231540.0,1511.780300945111
231560.0,1511.0144151021448
231580.0,1511.08931129359
231600.0,1511.5524975044016
231620.0,1511.7977237899436
231640.0,1511.4572329459475
231660.0,1510.7453972610242
231680.0,1510.5480181865578
231700.0,1512.2211081163018
231720.0,1517.1294884966387
231740.0,1525.985143971286
231760.0,1538.0985495741638
231780.0,1550.7155169709654
231800.0,1558.6764329803204
231820.0,1554.605072623834
231840.0,1529.8155079990918
231860.0,1476.0530941447437
231880.0,1387.9818069202797
231900.0,1266.0225596770726
231920.0,1118.7279470072763
231940.0,963.3684164824681
231960.0,822.9551591290807
231980.0,719.2334203909861
232000.0,666.0323258702823
232020.0,666.7084794757154
232040.0,714.6591081868185
232060.0,795.21823560084
232080.0,888.0270449934142
232100.0,969.699898764545
232120.0,1017.1107012127262
232140.0,1011.8044503915784
232160.0,945.6221818974734
232180.0,825.5545136228195
232200.0,673.5034666231173
232220.0,519.3400777683972
232240.0,392.33988638645485
232260.0,315.9918886584991
232280.0,305.7895720005398
232300.0,368.2620425256436
232320.0,500.20031441765775
232340.0,688.0649985153395
232360.0,908.6939661105137
232380.0,1133.3077314757916
232400.0,1335.1920256563342
232420.0,1496.5840774749574
232440.0,1610.8939437672418
232460.0,1680.9931465226011
232480.0,1715.7569484780026
232500.0,1726.4916716932698
232520.0,1724.1137657058036
232540.0,1717.3982051213084
232560.0,1712.260748915801
232580.0,1711.8273578051599
232600.0,1716.9607136036411
232620.0,1726.9547796381462
232640.0,1740.2080890075097
232660.0,1754.7656731971715
232680.0,1768.692581323558
232700.0,1780.2976225301568
232720.0,1788.2447871646764
232740.0,1791.5945702206723
232760.0,1789.8267161783
232780.0,1782.865676453936
232800.0,1771.1309495515786
232820.0,1755.6234384530992
232840.0,1737.9632773348737
232860.0,1720.2858585679837
232880.0,1704.944404782234
232900.0,1693.9843427040287
232920.0,1688.4187929837267
232940.0,1687.4334601110877
232960.0,1687.6970364479203
232980.0,1682.9771679549547
233000.0,1664.334707957109
233020.0,1621.184429312039
233040.0,1543.3913009524654
233060.0,1424.336410461413
233080.0,1264.4701287994603
233100.0,1074.2732230892964
233120.0,874.8820557879744
233140.0,694.1567711128788
233160.0,558.0149661671247
233180.0,482.95776022936735
233200.0,474.10122828282675
233220.0,526.9591237439405
233240.0,630.4832476155699
233260.0,769.841164997164
233280.0,928.3805504208318
233300.0,1089.031965805601
233320.0,1235.9546265781453
233340.0,1357.0785009431602
233360.0,1446.4200725719681
233380.0,1504.308352408692
233400.0,1535.732688432091
233420.0,1548.0562652973026
233440.0,1548.985731222693
233460.0,1545.1706277287292
233480.0,1541.487481709213
233500.0,1540.9016644110777
233520.0,1544.7269720719753
233540.0,1553.039951973106
233560.0,1565.0604451213153
233580.0,1579.5064575752574
233600.0,1594.931862605546
233620.0,1610.0092210417556
233640.0,1623.7311110025726
233660.0,1635.5080059119923
233680.0,1645.1709471384825
233700.0,1652.9007731988543
233720.0,1659.1067302586866
233740.0,1664.3116838869369
233760.0,1669.0591404265451
233780.0,1673.798973282143
233800.0,1678.7670884844113
233820.0,1683.8826060223068
233840.0,1688.7063920034045
233860.0,1692.5361186548769
233880.0,1694.6387167920275
233900.0,1694.4433932626002
233920.0,1691.5872161334166
233940.0,1685.8824752115652
233960.0,1677.3148802304272
233980.0,1666.1395910380284
234000.0,1653.0637531857694
234020.0,1639.4264905133
234040.0,1627.229087878851
234060.0,1618.8953667325245
234080.0,1616.6934122913672
234100.0,1621.8089954729314
234120.0,1633.2435350829032
234140.0,1646.9021647289974
234160.0,1655.2209325319843
234180.0,1647.6044784214362
234200.0,1611.8746519710176
234220.0,1536.8340417558536
234240.0,1415.7959640281597
234260.0,1250.510360676755
234280.0,1054.2784734809225
234300.0,852.3273314022263
234320.0,676.9839407566352
234340.0,557.6925800638819
234360.0,512.6421426807603
234380.0,546.2919768079798
234400.0,650.8289253049072
234420.0,809.1762023632815
234440.0,998.3516422248333
234460.0,1193.0776410399271
234480.0,1370.216491708727
234500.0,1513.4989543456907
234520.0,1615.9052092751995
234540.0,1678.8016276845622
234560.0,1709.224580833014
234580.0,1716.7664583823073
234600.0,1710.9693590332367
234620.0,1699.629618492126
234640.0,1688.0271291673694
234660.0,1678.876233946829
234680.0,1672.807718953909
234700.0,1669.1881023160684
234720.0,1667.0010814710247
234740.0,1665.524178156109
234760.0,1664.5936799717279
234780.0,1664.4183144716474
234800.0,1665.246639204643
234820.0,1667.1790719865257
234840.0,1670.1025167377963
234860.0,1673.6865988302561
234880.0,1677.438801605423
234900.0,1680.7847523317523
234920.0,1683.1304563324854
234940.0,1683.8883174753191
234960.0,1682.5364420196754
234980.0,1678.753545126113
235000.0,1672.5805056757006
235020.0,1664.565196181939
235040.0,1655.779099296396
235060.0,1647.591649660658
235080.0,1641.2313944247667
235100.0,1637.420306424441
235120.0,1636.2629899860353
235140.0,1637.3110947111595
235160.0,1639.6868259497355
235180.0,1642.1935985477521
235200.0,1643.425395101909
235220.0,1641.9186691353825
235240.0,1636.3682297181797
235260.0,1625.910929961184
235280.0,1610.4543256242737
235300.0,1590.92917805747
235320.0,1569.2582752209632
235340.0,1547.8930050052636
235360.0,1529.081814415905
235380.0,1514.2252217119978
235400.0,1503.65575690763
235420.0,1496.8426898480398
235440.0,1492.790520801937
235460.0,1490.45407749928
235480.0,1489.0617400547962
235500.0,1488.281347725208
235520.0,1488.216171105964
235540.0,1489.2223904539296
235560.0,1491.6111297897094
235580.0,1495.3770298027484
235600.0,1500.0564595883939
235620.0,1504.8304418198102
235640.0,1508.8654680265793
235660.0,1511.5725075549167
235680.0,1512.5762222504072
235700.0,1511.5463601943961
235720.0,1508.1051928506022
235740.0,1501.9070666502635
235760.0,1492.8252408941175
235780.0,1481.1207400746375
235800.0,1467.5304594735194
235820.0,1453.223498517261
235840.0,1439.5507665032528
235860.0,1427.6281329370718
235880.0,1418.0418913453755
235900.0,1410.845216090093
235920.0,1405.7181012534165
235940.0,1402.1416553797521
235960.0,1399.5685500098618
235980.0,1397.5866212528158
236000.0,1396.0129145711755
236020.0,1394.9024023053985
236040.0,1394.4645127056087
236060.0,1394.894669449863
236080.0,1396.2188823175686
236100.0,1398.2560486873238
236120.0,1400.676387364287
236140.0,1403.0449565592437
236160.0,1404.8462693251229
236180.0,1405.536926483996
236200.0,1404.6213227190433
236220.0,1401.7263721236648
236240.0,1396.6870783568077
236260.0,1389.6373796866612
236280.0,1381.0744594378957
236300.0,1371.8499731537474
236320.0,1363.001696853929
236340.0,1355.4388884629218
236360.0,1349.6711284591715
236380.0,1345.7457965161877
236400.0,1343.3858329103634
236420.0,1342.205616888738
236440.0,1341.8736884173736
236460.0,1342.1850575200376
236480.0,1343.0594802923922
236500.0,1344.49882867046
236520.0,1346.5600219256598
236540.0,1349.3449471064173
236560.0,1352.9745813295328
236580.0,1357.5578954112193
236600.0,1363.1563450352646
236620.0,1369.7450511029695
236640.0,1377.148632973959
236660.0,1384.9804849358206
236680.0,1392.640188400786
236700.0,1399.4041436394416
236720.0,1404.6005089079954
236740.0,1407.7870200329291
236760.0,1408.843148464144
236780.0,1407.9784811793459
236800.0,1405.6739669360616
236820.0,1402.5810064755776
236840.0,1399.4090984509428
236860.0,1396.786917240391
236880.0,1395.118101861079
236900.0,1394.4971766958863
236920.0,1394.725928686047
236940.0,1395.4285027758965
236960.0,1396.2362615169727
236980.0,1396.9427591216838
237000.0,1397.53902034308
237020.0,1398.14667198553
237040.0,1398.920807500888
237060.0,1399.9808059307957
237080.0,1401.3725202759456
237100.0,1403.0576569290945
237120.0,1404.9346875065112
237140.0,1406.851416339877
237160.0,1408.6066096940096
237180.0,1409.9585293028915
237200.0,1410.6771128821931
237220.0,1410.6300008830672
237240.0,1409.8764703176832
237260.0,1408.7164260366756
237280.0,1407.6247356619328
237300.0,1407.0811216563416
237320.0,1407.3738315917496
237340.0,1408.5113689733432
237360.0,1410.2565135523846
237380.0,1412.225633688721
237400.0,1414.0122044543361
237420.0,1415.2754296653604
237440.0,1415.8035657126536
237460.0,1415.5373327735508
237480.0,1414.5404164082847
237500.0,1412.95129322178
237520.0,1410.9359716656174
237540.0,1408.6618295260093
237560.0,1406.284879876725
237580.0,1403.951217087492
237600.0,1401.8089090286471
237620.0,1400.0064934361737
237640.0,1398.6762000496844
237660.0,1397.908707803165
237680.0,1397.706502689131
237700.0,1397.9922844032144
237720.0,1398.680061013126
237740.0,1399.7080456063482
237760.0,1401.0325793069208
237780.0,1402.6005824793997
237800.0,1404.2780810059674
237820.0,1405.7831890966752
237840.0,1406.6986192844772
237860.0,1406.6063303731733
237880.0,1405.2909477562303
237900.0,1402.8623155890084
237920.0,1399.7351062845771
237940.0,1396.527865253057
237960.0,1393.9174763466763
237980.0,1392.5012029076756
238000.0,1392.6850160609445
238020.0,1394.56848937175
238040.0,1397.7989630444185
238060.0,1401.3835949181807
238080.0,1403.5229865853628
238100.0,1401.556234893451
238120.0,1392.0576471556828
238140.0,1371.2117192161936
238160.0,1335.6943186509898
238180.0,1284.0981702407014
238200.0,1218.5351433403862
238220.0,1145.7456562292512
238240.0,1076.8496509325037
238260.0,1024.7479917472754
238280.0,999.3395122192138
238300.0,1003.797020338879
238320.0,1034.0729946206661
238340.0,1080.891922334691
238360.0,1133.1151840053187
238380.0,1181.1399391003092
238400.0,1218.8377194840207
238420.0,1243.8299921533273
238440.0,1256.763486095238
238460.0,1260.2035804154602
238480.0,1257.5064271344113
238500.0,1251.9223975262212
238520.0,1246.0758128502607
238540.0,1241.7818233885241
238560.0,1240.1147720895547
238580.0,1241.599862104454
238600.0,1246.3948548602027
238620.0,1254.3713431843398
238640.0,1265.1139108342845
238660.0,1277.9104758697533
238680.0,1291.7574673016993
238700.0,1305.4401372326054
238720.0,1317.7351985996775
238740.0,1327.599606106419
238760.0,1334.2407898904817
238780.0,1337.1165618511316
238800.0,1335.9466037359548
238820.0,1330.7929973685868
238840.0,1322.1960234686567
238860.0,1311.243647918895
238880.0,1299.4617821476927
238900.0,1288.4720811709487
238920.0,1279.4872328404047
238940.0,1272.9227131980801
238960.0,1268.3758384908074
238980.0,1264.9145386175787
239000.0,1261.4596308352925
239020.0,1257.1417107613952
239040.0,1251.5596458515352
239060.0,1244.9082749367387
239080.0,1237.9900263407897
239100.0,1232.1117982440853
239120.0,1228.86906585121
239140.0,1229.781042738786
239160.0,1235.7222591915051
239180.0,1246.1864220855118
239200.0,1258.645600453429
239220.0,1268.3037495488572
239240.0,1268.3441434411768
239260.0,1250.7868343683076
239280.0,1208.1237854049662
239300.0,1135.6547841428512
239320.0,1034.05713467691
239340.0,911.3856313121889
239360.0,783.2722355145461
239380.0,669.8911215266327
239400.0,590.3171862829656
239420.0,557.8780804316618
239440.0,577.9072638551215
239460.0,647.0946688454143
239480.0,753.9562194084109
239500.0,880.7407255411897
239520.0,1007.494441082216
239540.0,1117.3731890531199
239560.0,1200.2711133414111
239580.0,1253.486963009967
239600.0,1280.2272107571696
239620.0,1287.1851255044617
239640.0,1282.170844672642
239660.0,1272.343894872316
239680.0,1263.1834919030498
239700.0,1258.109327086227
239720.0,1258.5929683128004
239740.0,1264.529090944386
239760.0,1274.6888248172402
239780.0,1287.1526772229633
239800.0,1299.6384463353543
239820.0,1309.7303809242635
239840.0,1315.0723696059074
239860.0,1313.6065895491024
239880.0,1303.8453110484302
239900.0,1285.1684567190637
239920.0,1258.1551279674204
239940.0,1224.7675683019243
239960.0,1188.1871650779972
239980.0,1152.1465138993112
240000.0,1119.9588358895971
240020.0,1093.8407354532687
240040.0,1074.736234698207
240060.0,1062.4181606481638
240080.0,1055.8646533921142
240100.0,1053.7277523470937
240120.0,1054.6623160536037
240140.0,1057.5123124315169
240160.0,1061.312694748933
240180.0,1065.098812973167
240200.0,1067.5790563789706
240220.0,1066.7875733334126
240240.0,1059.953036758865
240260.0,1043.825973953161
240280.0,1015.5256333120773
240300.0,973.7716269866257
240320.0,920.2008296402228
240340.0,860.3150517776927
240360.0,803.4677324225598
240380.0,761.135757082304
240400.0,743.0479084895189
240420.0,753.1567610351051
240440.0,788.4646814837234
240460.0,840.5895037793127
240480.0,898.6615529581086
240500.0,952.3945059455625
240520.0,994.4405404879593
240540.0,1021.4016041606734
240560.0,1033.5047870737817
240580.0,1033.525140662311
240600.0,1025.4857863471902
240620.0,1013.550237991428
240640.0,1001.35955097603
240660.0,991.7041217209578
240680.0,986.3322561183275
240700.0,985.8870392437017
240720.0,990.0585102153276
240740.0,997.8366283878782
240760.0,1007.7485360485067
240780.0,1018.0936636773582
240800.0,1027.195978336262
240820.0,1033.6272120480933
240840.0,1036.3850831183138
240860.0,1035.0606268932584
240880.0,1029.9691089454307
240900.0,1022.1252416550454
240920.0,1013.0582062934624
240940.0,1004.5093812438254
240960.0,997.9754886948297
240980.0,994.3338032932277
241000.0,993.7733053300999
241020.0,995.9421798528044
241040.0,1000.1767000953566
241060.0,1005.7212709544101
241080.0,1011.892200340297
241100.0,1018.1707393955805
241120.0,1024.2323753020335
241140.0,1029.930145805948
241160.0,1035.2522755594025
241180.0,1040.2716588094513
241200.0,1045.099392120394
241220.0,1049.8488435654895
241240.0,1054.6120144051042
241260.0,1059.4468653300576
241280.0,1064.3729287417998
241300.0,1069.3726111488736
241320.0,1074.3965899683167
241340.0,1079.3730298020523
241360.0,1084.2214020918127
241380.0,1088.871992409049
241400.0,1093.2913769322374
241420.0,1097.512126814178
241440.0,1101.661955074174
241460.0,1105.9840584130516
241480.0,1110.8375889416725
241500.0,1116.6665180815337
241520.0,1123.9284099537076
241540.0,1132.9835473951657
241560.0,1143.9606563685531
241580.0,1156.6382118743159
241600.0,1170.4077874744783
241620.0,1184.3864247950569
241640.0,1197.609839575984
241660.0,1209.2107281504827
241680.0,1218.6206495284503
241700.0,1225.7224886938961
241720.0,1230.8513523969532
241740.0,1234.6716966808501
241760.0,1237.957755792649
241780.0,1241.2705124181666
241800.0,1244.6543602857387
241820.0,1247.5703766616639
241840.0,1249.0330304928723
241860.0,1247.8834903712018
241880.0,1243.1203569794275
241900.0,1234.2073227242379
241920.0,1221.254893527348
241940.0,1205.0206885927914
241960.0,1186.7391012634184
241980.0,1167.794084743127
242000.0,1149.443714859964
242020.0,1132.6968910201467
242040.0,1118.2188579181018
242060.0,1106.2562973801603
242080.0,1096.5910344323215
242100.0,1088.542686543548
242120.0,1081.080379520801
242140.0,1073.089333668506
242160.0,1063.6681187008398
242180.0,1052.2514144977365
242200.0,1038.629574199308
242220.0,1022.9253953195478
242240.0,1005.5313452166723
242260.0,987.0414063645305
242280.0,968.2003387328825
242300.0,949.8678969896006
242320.0,932.9784701970436
242340.0,918.4714138971249
242360.0,907.1758617192952
242380.0,899.6571218037345
242400.0,896.0697685715113
242420.0,896.1086096390507
242440.0,899.1221967829721
242460.0,904.293930179668
242480.0,910.8104082712301
242500.0,917.9955477356567
242520.0,925.3900678816238
242540.0,932.7732428423984
242560.0,940.1354771221082
242580.0,947.6146166399825
242600.0,955.4095882991975
242620.0,963.6852267523661
242640.0,972.4842852737336
242660.0,981.6675889503786
242680.0,990.9105266828362
242700.0,999.785982333667
242720.0,1007.8978177856579
242740.0,1014.9407466543273
242760.0,1020.6755400997675
242780.0,1024.8733759730171
242800.0,1027.358868063692
242820.0,1028.0916073170056
242840.0,1027.1942336708812
242860.0,1024.998740801167
242880.0,1022.1135586529247
242900.0,1019.4296332557526
242920.0,1018.0122124585338
242940.0,1018.8542394984152
242960.0,1022.5209677135163
242980.0,1028.821447162109
243000.0,1036.7670523153697
243020.0,1044.8761285383644
243040.0,1051.5854927430616
243060.0,1055.652047379065
243080.0,1056.4267515095826
243100.0,1053.9571110019483
243120.0,1049.0395968439648
243140.0,1043.1097305160806
243160.0,1037.7744818903202
243180.0,1034.3220746960214
243200.0,1033.5158610464193
243220.0,1035.603312829132
243240.0,1040.4198128281016
243260.0,1047.5057782590607
243280.0,1056.200686305435
243300.0,1065.7204010585856
243320.0,1075.2563539788166
243340.0,1084.1188439718874
243360.0,1091.858584594037
243380.0,1098.3289894550053
243400.0,1103.7120970905294
243420.0,1108.4485946215998
243440.0,1113.1012893332643
243460.0,1118.1992913372283
243480.0,1124.1196475019829
243500.0,1131.0550990098955
243520.0,1139.0111885634892
243540.0,1147.7706678582306
243560.0,1156.8370720726612
243580.0,1165.4617126081441
243600.0,1172.7916088048298
243620.0,1178.0195909067738
243640.0,1180.4773239364345
243660.0,1179.7463585631538
243680.0,1175.8398516389998
243700.0,1169.3358396724848
243720.0,1161.2799596011932
243740.0,1152.8688183446425
243760.0,1145.1144338477873
243780.0,1138.6399891982237
243800.0,1133.6437011480525
243820.0,1129.9791356559576
243840.0,1127.2857072087966
243860.0,1125.1238774869257
243880.0,1123.0901928849544
243900.0,1120.9026559694942
243920.0,1118.4556553940504
243940.0,1115.8462439840625
243960.0,1113.3717921632178
243980.0,1111.4956839673778
244000.0,1110.775920197674
244020.0,1111.754351019613
244040.0,1114.8143072817052
244060.0,1120.0330034025274
244080.0,1127.0818554402701
244100.0,1135.258443822883
244120.0,1143.7146805868083
244140.0,1151.7539133416085
244160.0,1158.9912832383582
244180.0,1165.3563830248784
244200.0,1170.99781422893
244220.0,1176.1442223305162
244240.0,1180.963252035352
244260.0,1185.448506963649
244280.0,1189.3563564643969
244300.0,1192.2084358089446
244320.0,1193.369328367749
244340.0,1192.1986378307033
244360.0,1188.2589722723512
244380.0,1181.534037256229
244400.0,1172.5743764528568
244420.0,1162.465581598634
244440.0,1152.654096627423
244460.0,1144.789433017124
244480.0,1140.392086539582
244500.0,1140.2840755069021
244520.0,1144.1909402830165
244540.0,1150.712945126903
244560.0,1157.4546018452077
244580.0,1161.0875613339579
244600.0,1157.4446820763833
244620.0,1142.0188840816231
244640.0,1111.0354169154716
244660.0,1062.844287492603
244680.0,999.0893806747883
244700.0,925.2451024124217
244720.0,850.0317222653046
244740.0,782.9437069989511
244760.0,731.0480199901748
244780.0,697.4523769664618
244800.0,681.5584809705675
244820.0,680.215085913403
244840.0,689.0809995284192
244860.0,703.7832479311523
244880.0,720.6856813592815
244900.0,737.2479906903101
244920.0,752.0523338617447
244940.0,764.6147675769847
244960.0,775.0977773893682
244980.0,784.0156397245878
245000.0,791.9908040000571
245020.0,799.5873569574017
245040.0,807.222811354879
245060.0,815.1440080073564
245080.0,823.4462115315712
245100.0,832.1144119455632
245120.0,841.0698380301643
245140.0,850.2103881970382
245160.0,859.4393319134412
245180.0,868.6811755634138
245200.0,877.8865965649433
245220.0,887.0298629416944
245240.0,896.1024705437816
245260.0,905.1062384827512
245280.0,914.0481704263691
245300.0,922.9382910465536
245320.0,931.7905769563276
245340.0,940.6261157306969
245360.0,949.4768064669594
245380.0,958.3873336804696
245400.0,967.4129201363539
245420.0,976.6106609470928
245440.0,986.0232500622158
245460.0,995.6557750472078
245480.0,1005.4489759790455
245500.0,1015.255678655267
245520.0,1024.8303997153043
245540.0,1033.844356065869
245560.0,1041.9379279609263
245580.0,1048.8185411272989
245600.0,1054.402756809719
245620.0,1058.9867772114535
245640.0,1063.4108501987084
245660.0,1069.1636830682953
245680.0,1078.359053790837
245700.0,1093.5168765661667
245720.0,1117.1049829675408
245740.0,1150.8551134555921
245760.0,1194.9626587031098
245780.0,1247.412789248647
245800.0,1303.8330849877484
245820.0,1358.380084561882
245840.0,1405.6494585544285
245860.0,1442.30670893025
245880.0,1467.5186357308344
245900.0,1482.5122674621018
245920.0,1489.7733650508585
245940.0,1492.234482556943
245960.0,1492.632252694742
245980.0,1493.0864829921632
246000.0,1494.9267770121455
246020.0,1498.733687410768
246040.0,1504.4992403478768
246060.0,1511.8354026380389
246080.0,1520.1668322858716
246100.0,1528.8605255580194
246120.0,1537.272727005311
246140.0,1544.7621165740989
246160.0,1550.711727445834
246180.0,1554.5706012326837
246200.0,1555.908396132372
246220.0,1554.4583958047197
246240.0,1550.1622669508
246260.0,1543.212511143529
246280.0,1534.07404487249
246300.0,1523.4517004414922
246320.0,1512.1800607169478
246340.0,1501.0755627109377
246360.0,1490.8046265450998
246380.0,1481.8061889592689
246400.0,1474.2873916358417
246420.0,1468.2561481125483
246440.0,1463.5771079257313
246460.0,1460.0789958937517
246480.0,1457.6369346015933
246500.0,1456.1794840008113
246520.0,1455.6730432445675
246540.0,1456.1119423265482
246560.0,1457.51552642692
246580.0,1459.9262860050983
246600.0,1463.3909925500948
246620.0,1467.9292708824498
246640.0,1473.5248354235755
246660.0,1480.1558971227612
246680.0,1487.8174378797003
246700.0,1496.4983619684938
246720.0,1506.1369520040394
246740.0,1516.5690766916755
246760.0,1527.4986244797858
246780.0,1538.5663817689542
246800.0,1549.4696990031734
246820.0,1560.021855871381
246840.0,1570.1375239300637
246860.0,1579.7805399344438
246880.0,1588.9151711735442
246900.0,1597.4843708272297
246920.0,1605.4193679634177
246940.0,1612.6623510633563
246960.0,1619.1799268742993
246980.0,1624.9729598158024
247000.0,1630.098566585764
247020.0,1634.6824498067203
247040.0,1638.8983047555982
247060.0,1642.9097502334675
247080.0,1646.8204610290886
247100.0,1650.6718740221156
247120.0,1654.470389545698
247140.0,1658.2204461641008
247160.0,1661.9536659739297
247180.0,1665.7366510662905
247200.0,1669.6508159307523
247220.0,1673.759016557919
247240.0,1678.0864362247485
247260.0,1682.6429463075133
247280.0,1687.4692483367871
247300.0,1692.6823381165493
247320.0,1698.5115350276822
247340.0,1705.3128759282906
247360.0,1713.5364626170735
247380.0,1723.5879104467363
247400.0,1735.5841763456694
247420.0,1749.0829748055753
247440.0,1762.8234059737345
247460.0,1774.527163833215
247480.0,1780.87668162365
247500.0,1777.7986485888755
247520.0,1761.1456617572555
247540.0,1727.7610740158125
247560.0,1676.7485295293445
247580.0,1610.5517980241002
247600.0,1535.1997485594911
247620.0,1459.2703857298347
247640.0,1392.2849535808268
247660.0,1343.3897720231178
247680.0,1320.2120490216494
247700.0,1327.6089385671403
247720.0,1366.3022949499837
247740.0,1431.7954589626556
247760.0,1514.4322283558079
247780.0,1601.5420018931682
247800.0,1681.091899134955
247820.0,1744.7385775802734
247840.0,1788.992018210749
247860.0,1814.6625933372386
247880.0,1825.4196371001158
247900.0,1826.1903495577221
247920.0,1821.831585108747
247940.0,1816.2726596982277
247960.0,1812.1354265358973
247980.0,1810.73696840792
248000.0,1812.344355245797
248020.0,1816.5216840678543
248040.0,1822.4676323554202
248060.0,1829.2925058738342
248080.0,1836.2130879118467
248100.0,1842.6653197455494
248120.0,1848.343681156844
248140.0,1853.1734974535327
248160.0,1857.237012718547
248180.0,1860.707097674689
248200.0,1863.829978685019
248220.0,1866.9533331059308
248240.0,1870.526525841096
248260.0,1875.0191990420215
248280.0,1880.7911239531713
248300.0,1887.9555297499787
248320.0,1896.2887500742631
248340.0,1905.2307931054088
248360.0,1914.0148750821445
248380.0,1921.9316806302036
248400.0,1928.556034440422
248420.0,1933.7963068882877
248440.0,1937.8234024037179
248460.0,1940.9578969963102
248480.0,1943.5682446622134
248500.0,1946.007065716422
248520.0,1948.5634557829549
248540.0,1951.425688857539
248560.0,1954.6804049858074
248580.0,1958.3445662718973
248600.0,1962.399463153095
248620.0,1966.8107140615532
248640.0,1971.5441578569448
248660.0,1976.5769286255158
248680.0,1981.8878030479373
248700.0,1987.4339843017362
248720.0,1993.143422408689
248740.0,1998.9182938095596
248760.0,2004.6286993036888
248780.0,2010.1052944469006
248800.0,2015.1557678642644
248820.0,2019.6193699837283
248840.0,2023.4340683971138
248860.0,2026.6490173289737
248880.0,2029.3872444773108
248900.0,2031.7803237739977
248920.0,2033.9138734886558
248940.0,2035.8079672647273
248960.0,2037.43253742349
248980.0,2038.7402467175943
249000.0,2039.6776189290242
249020.0,2040.1852000417166
249040.0,2040.2122722397853
249060.0,2039.7392258948717
249080.0,2038.7883490587599
249100.0,2037.4277413907118
249120.0,2035.7712338730075
249140.0,2033.9726293695135
249160.0,2032.213928975919
249180.0,2030.730149616396
249200.0,2029.8638942787754
249220.0,2030.1009616339056
249240.0,2032.0636704899855
249260.0,2036.4184485234678
249280.0,2043.688416783408
249300.0,2053.987476002868
249320.0,2066.719289026139
249340.0,2080.305655583756
249360.0,2092.0077235282397
249380.0,2097.9138855802853
249400.0,2093.2011561667364
249420.0,2072.7966977072256
249440.0,2032.5139452841408
249460.0,1970.564408146868
249480.0,1889.0478913545644
249500.0,1794.7043181430513
249520.0,1697.9602786126907
249540.0,1610.0319306443594
249560.0,1540.22450666293
249580.0,1495.0562746564606
249600.0,1478.5447653936112
249620.0,1492.6604202191825
249640.0,1537.3191692193034
249660.0,1609.7397332284497
249680.0,1703.477511664159
249700.0,1807.9274145237268
249720.0,1909.3910655666023
249740.0,1993.8991683364463
249760.0,2049.8786552572356
249780.0,2069.250857474082
249800.0,2047.5799034955483
249820.0,1984.2141141776785
249840.0,1882.8600814791291
249860.0,1752.386322934557
249880.0,1606.8901862467196
249900.0,1463.5147766227287
249920.0,1337.9066394478873
249940.0,1240.8152036623626
249960.0,1177.759354031315
249980.0,1150.491793449824
250000.0,1158.7509501539225
250020.0,1201.3078842424936
250040.0,1275.8852191304272
250060.0,1378.094723144377
250080.0,1500.0895998686829
250100.0,1630.1255956117589
250120.0,1754.3061064751387
250140.0,1860.1296691752946
250160.0,1939.2054105176587
250180.0,1987.5605149278992
250200.0,2004.3896188927042
250220.0,1990.5652353353757
250240.0,1947.7362182555426
250260.0,1878.367874092223
250280.0,1786.6064298417107
250300.0,1679.341508988476
250320.0,1566.4055480914644
250340.0,1458.7072386131504
250360.0,1364.8763149079145
250380.0,1289.3617526484531
250400.0,1232.8049401924359
250420.0,1193.6639462449868
250440.0,1170.0983533268122
250460.0,1161.4186093202818
250480.0,1168.683818160405
250500.0,1194.2880441717539
250520.0,1240.6226599591218
250540.0,1308.1651368066628
250560.0,1393.6407533008864
250580.0,1489.2268550459426
250600.0,1583.9114597685216
250620.0,1667.0180789788014
250640.0,1731.657545660455
250660.0,1776.0082134857257
250680.0,1802.5818833580183
250700.0,1816.5177432301462
250720.0,1823.6555832487297
250740.0,1828.859315897334
250760.0,1834.842707113694
250780.0,1841.6018004576613
250800.0,1846.4863269374364
250820.0,1844.87727693656
250840.0,1831.3649355583518
250860.0,1801.2623471958473
250880.0,1752.2115536063422
250900.0,1685.4831673472404
250920.0,1606.2988815875651
250940.0,1522.397899944814
250960.0,1441.386959972079
250980.0,1369.0412110469224
251000.0,1309.2018476967621
251020.0,1264.5550537359175
251040.0,1237.5373968239974
251060.0,1230.8080709722606
251080.0,1246.9726498130435
251100.0,1287.5285269741653
251120.0,1351.3295369075574
251140.0,1433.23231945479
251160.0,1523.9530506837314
251180.0,1612.1058810280274
251200.0,1687.7600043645082
251220.0,1745.096302364887
251240.0,1782.9381757697022
251260.0,1803.7601543465748
251280.0,1812.108620693148
251300.0,1813.0822212539988
251320.0,1811.190729086064
251340.0,1809.6889581417283
251360.0,1810.3493858279842
251380.0,1813.5709281234595
251400.0,1818.7164325442918
251420.0,1824.56972152973
251440.0,1829.8013398456708
251460.0,1833.3462640094058
251480.0,1834.652381431481
251500.0,1833.8289992205032
251520.0,1831.7142525544944
251540.0,1829.7916394873835
251560.0,1829.8884003701278
251580.0,1833.6209830597265
251600.0,1841.6130164472895
251620.0,1852.551126015885
251640.0,1862.2617720085614
251660.0,1863.1372711728065
251680.0,1844.3148775291443
251700.0,1792.938611268104
251720.0,1696.698109458978
251740.0,1547.544810132627
251760.0,1345.9429043134232
251780.0,1104.298495553217
251800.0,847.3890932124323
251820.0,607.2586867257851
251840.0,413.86007155545406
251860.0,288.50105152572576
251880.0,242.40961295669703
251900.0,277.8086235548173
251920.0,389.1364297077595
251940.0,563.2804811983042
251960.0,778.9749644704332
251980.0,1006.7073448026504
252000.0,1211.3651366451707
252020.0,1359.0505581219886
252040.0,1425.4100930381398
252060.0,1401.3909419818594
252080.0,1295.2231043819866
252100.0,1130.9590392116904
252120.0,943.2072500168364
252140.0,767.6959565571276
252160.0,631.7313843244888
252180.0,550.2210062801745
252200.0,526.8862802219932
252220.0,557.8431886611318
252240.0,635.3359759071593
252260.0,750.3166313326985
252280.0,893.4233529884234
252300.0,1054.6572134037042
252320.0,1222.6600281579204
252340.0,1384.911090896547
252360.0,1529.8221651168233
252380.0,1649.6583964850506
252400.0,1741.8891421211324
252420.0,1808.2997164560354
252440.0,1852.9291340836012
252460.0,1880.0712562757722
252480.0,1893.0280736420677
252500.0,1893.600764324802
252520.0,1882.144881135664
252540.0,1858.1305968230001
252560.0,1821.070492553153
252580.0,1771.616767044863
252600.0,1712.3814694139205
252620.0,1647.8455480122059
252640.0,1583.1064672298041
252660.0,1522.5896771558703
252680.0,1469.6983027788533
252700.0,1427.1417679038502
252720.0,1397.4242405757122
252740.0,1383.0827051986116
252760.0,1386.4304811737163
252780.0,1408.7694175652355
252800.0,1449.281313177867
252820.0,1504.0906003968714
252840.0,1566.277563587866
252860.0,1627.5420570375238
252880.0,1680.7849150230988
252900.0,1721.799876032776
252920.0,1749.5133513828346
252940.0,1765.3248564560006
252960.0,1772.0954603597806
252980.0,1773.1471355821755
253000.0,1771.4869734229178
253020.0,1769.3525431509947
253040.0,1768.0430852566442
253060.0,1767.9716678527743
253080.0,1768.8890143037381
253100.0,1770.1787784375447
253120.0,1771.1498585212303
253140.0,1771.3264956360085
253160.0,1770.7285513948161
253180.0,1770.0430275157337
253200.0,1770.6017208909464
253220.0,1774.1103589957409
253240.0,1782.0664045732417
253260.0,1794.8607142359801
253280.0,1810.6977770930262
253300.0,1824.6388892839834
253320.0,1828.2613890384005
253340.0,1810.43280852871
253360.0,1759.361773367184
253380.0,1665.6301705105143
253400.0,1525.766783631438
253420.0,1345.6413058388227
253440.0,1142.3871193282755
253460.0,942.8515597450763
253480.0,776.6303781371564
253500.0,666.5524179623433
253520.0,623.6444208430605
253540.0,647.4859008642364
253560.0,729.1842815501927
253580.0,854.7875877159328
253600.0,1007.9915880374041
253620.0,1171.9117233076195
253640.0,1330.3892239445981
253660.0,1469.7043304423103
253680.0,1581.081208157902
253700.0,1662.413976167456
253720.0,1717.6146262124323
253740.0,1754.1731478609458
253760.0,1780.1238855990614
253780.0,1801.2359000384156
253800.0,1818.9564683668614
253820.0,1829.4673021146154
253840.0,1824.0453918480903
253860.0,1790.8297401396987
253880.0,1717.9820072964187
253900.0,1597.8908065210667
253920.0,1431.6072033056885
253940.0,1232.2278919314736
253960.0,1025.383218097443
253980.0,844.3389159033316
254000.0,719.4973566912643
254020.0,669.226368522978
254040.0,697.2936370781481
254060.0,794.9883301165087
254080.0,945.0108210177747
254100.0,1125.3428105484445
254120.0,1312.3991490118801
254140.0,1483.5882293621191
254160.0,1619.8501374014736
254180.0,1708.2555481522813
254200.0,1743.4568883490888
254220.0,1727.4940143106626
254240.0,1668.7170589126313
254260.0,1580.3814612511585
254280.0,1478.7534789215524
254300.0,1380.046690433651
254320.0,1296.6740976175163
254340.0,1235.1798444992369
254360.0,1196.4906411130482
254380.0,1177.4728525090982
254400.0,1172.8538716722255
254420.0,1176.9144167019483
254440.0,1184.667239935569
254460.0,1192.4683594355342
254480.0,1198.1500267290053
254500.0,1200.8297353313824
254520.0,1200.5563859824883
254540.0,1197.9257644793665
254560.0,1193.7528380333802
254580.0,1188.8429452886962
254600.0,1183.8668028762072
254620.0,1179.3193191408438
254640.0,1175.5297618167735
254660.0,1172.6890400994082
254680.0,1170.8661047241185
254700.0,1169.9971386462016
254720.0,1169.8460281707848
254740.0,1169.9504904412486
254760.0,1169.5829279611041
254780.0,1167.765744845485
254800.0,1163.3839024066676
254820.0,1155.4288534224866
254840.0,1143.3840367572932
254860.0,1127.7211547159732
254880.0,1110.4207913367923
254900.0,1095.3689542386333
254920.0,1088.4288869792886
254940.0,1096.9688526291168
254960.0,1128.6709646270388
254980.0,1189.5832361496825
255000.0,1281.6281995280747
255020.0,1400.1487017928346
255040.0,1532.5237366095212
255060.0,1659.201646060205
255080.0,1757.5258939681335
255100.0,1806.4905459502454
255120.0,1790.7186583729629
255140.0,1703.6964305979898
255160.0,1550.5283685992958
255180.0,1349.7205483965668
255200.0,1132.4918782817851
255220.0,937.3410832932659
255240.0,799.3423591333965
255260.0,740.3265652455868
255280.0,765.5255755049036
255300.0,865.1368681635367
255320.0,1017.9294341748331
255340.0,1195.1848566215274
255360.0,1364.4218586023264
255380.0,1493.1804558297931
255400.0,1553.488596624191
255420.0,1527.042345798472
255440.0,1409.6136429308128
255460.0,1213.2411039020797
255480.0,965.4432666594964
255500.0,704.1921279286937
255520.0,468.5579143284268
255540.0,290.20985581994967
255560.0,189.85103694212665
255580.0,177.03431466949868
255600.0,250.96313804182915
255620.0,401.0191009918849
255640.0,607.1288979761408
255660.0,841.4043464019672
255680.0,1072.8870819871695
255700.0,1274.802406828319
255720.0,1430.4611825768698
255740.0,1534.893520117174
255760.0,1592.8272326674742
255780.0,1614.9508145715015
255800.0,1614.1176217412635
255820.0,1602.415900514196
255840.0,1589.356982919662
255860.0,1581.115166525275
255880.0,1580.600689501933
255900.0,1588.0818513874895
255920.0,1602.0554340849787
255940.0,1620.134885142655
255960.0,1639.826548974827
255980.0,1659.0099759230602
256000.0,1676.0850422280885
256020.0,1689.963456267957
256040.0,1700.0668060985622
256060.0,1706.3046162342623
256080.0,1708.9834827494208
256100.0,1708.6707192133151
256120.0,1706.027311967028
256140.0,1701.6447434597972
256160.0,1695.922988737088
256180.0,1689.0564267509803
256200.0,1681.1601222726204
256220.0,1672.3657053493214
256240.0,1662.7752947279405
256260.0,1652.3980981380348
256280.0,1641.1460135300451
256300.0,1628.8552878596354
256320.0,1615.3138953434238
256340.0,1600.36065606372
256360.0,1584.0725260331556
256380.0,1566.9505091230537
256400.0,1550.0311818591144
256420.0,1534.886736511499
256440.0,1523.455780680669
256460.0,1517.720999133658
256480.0,1519.3925133457378
256500.0,1529.576028879917
256520.0,1548.2842229787618
256540.0,1573.7750119457692
256560.0,1601.8544030432035
256580.0,1625.372390205602
256600.0,1634.2621228302912
256620.0,1616.482351138341
256640.0,1560.0758718053896
256660.0,1456.2986829550696
256680.0,1303.3513796733998
256700.0,1109.6381311687715
256720.0,894.7475841264713
256740.0,685.7246120957543
256760.0,509.097768062359
256780.0,384.84590332448164
256800.0,324.8704068401762
256820.0,333.8574591566385
256840.0,410.4172889964314
256860.0,547.3820248862312
256880.0,731.2323206719295
256900.0,941.6900706570934
256920.0,1153.4003769248666
256940.0,1341.1948480319716
256960.0,1486.450431935115
256980.0,1580.0990450926677
257000.0,1622.065834323776
257020.0,1619.0169295570472
257040.0,1581.839039760076
257060.0,1523.5642197268687
257080.0,1457.7149589702735
257100.0,1396.5886918205738
257120.0,1349.39631578841
257140.0,1321.0046765826344
257160.0,1311.6984243687243
257180.0,1317.6820944002689
257200.0,1331.919649026056
257220.0,1345.1093715044456
257240.0,1346.8194547465932
257260.0,1326.9335814901992
257280.0,1277.5342620881897
257300.0,1195.1676659581256
257320.0,1083.0940233911208
257340.0,952.6694177312063
257360.0,822.5058893674616
257380.0,714.0102878712407
257400.0,644.727136790568
257420.0,624.3023345216652
257440.0,654.3712950421789
257460.0,730.4763650570322
257480.0,844.3041160617173
257500.0,985.3123667297035
257520.0,1141.5442949218734
257540.0,1300.0268198346441
257560.0,1447.5604461595137
257580.0,1572.5755354511168
257600.0,1667.5502558182725
257620.0,1730.4442630882204
257640.0,1764.236090398524
257660.0,1775.1458281379007
257680.0,1770.5704485357735
257700.0,1757.438942145228
257720.0,1741.2744722914533
257740.0,1725.9654007717254
257760.0,1714.009661253987
257780.0,1706.8387051840612
257800.0,1705.0070358435994
257820.0,1708.327556875376
257840.0,1716.0230052938125
257860.0,1726.8127683916532
257880.0,1738.8765310838085
257900.0,1749.7943189895643
257920.0,1756.6264963337685
257940.0,1756.2127817803673
257960.0,1745.6876364807401
257980.0,1723.2030074970219
258000.0,1688.7617953642798
258020.0,1644.9081712311963
258040.0,1596.7935793442807
258060.0,1551.1608424418373
258080.0,1514.3803003020223
258100.0,1490.3959792265591
258120.0,1479.682018349572
258140.0,1479.5980495223705
258160.0,1485.8057702300944
258180.0,1493.8518067223727
258200.0,1500.2696992100896
258220.0,1503.1167101557708
258240.0,1502.0151440531754
258260.0,1497.6641677398973
258280.0,1491.1943394471482
258300.0,1483.7391126267119
258320.0,1476.1982999346242
258340.0,1469.1464829048368
258360.0,1462.844362913865
258380.0,1457.308798471909
258400.0,1452.4038871421021
258420.0,1447.9265567958003
258440.0,1443.6718807421037
258460.0,1439.47323658931
258480.0,1435.2193226920729
258500.0,1430.8537961831466
258520.0,1426.3644267412822
258540.0,1421.767992427161
258560.0,1417.0955224278582
258580.0,1412.3806110215232
258600.0,1407.6518571377296
258620.0,1402.9292671006046
258640.0,1398.2237527356478
258660.0,1393.5385985399776
258680.0,1388.8718339996985
258700.0,1384.2186916307885
258720.0,1379.5736385042994
258740.0,1374.9317544252203
258760.0,1370.289446680805
258780.0,1365.644624339462
258800.0,1360.9965116473948
258820.0,1356.3452793591134
258840.0,1351.6916376172526
258860.0,1347.0364847502055
258880.0,1342.3806582052125
258900.0,1337.7247957116572
258920.0,1333.069290131129
258940.0,1328.414309762645
258960.0,1323.759854291518
258980.0,1319.1058214150173
259000.0,1314.4520669678307
259020.0,1309.7984494255356
259040.0,1305.1448563152885
259060.0,1300.4912145671983
259080.0,1295.8374891679869
259100.0,1291.1836750338098
259120.0,1286.5297863897085
259140.0,1281.8758467145565
259160.0,1277.2218809570782
259180.0,1272.5679105640809
259200.0,1267.913951043322
259220.0,1263.2600113492954
259240.0,1258.6060942804634
259260.0,1253.9521972255727
259280.0,1249.298312891177
259300.0,1244.6444299861064
259320.0,1239.9905341422652
259340.0,1235.336609540269
259360.0,1230.6826417186794
259380.0,1226.028621831048
259400.0,1221.3745521567657
259420.0,1216.7204519963796
259440.0,1212.0663622871527
259460.0,1207.4123465404657
259480.0,1202.7584852993532
259500.0,1198.104861574968
259520.0,1193.45153598402
259540.0,1188.7985128130108
259560.0,1184.1457019774084
259580.0,1179.4928864262026
259600.0,1174.8397090386768
259620.0,1170.1856959691663
259640.0,1165.530332747919
259660.0,1160.8732031297227
259680.0,1156.214187028247
259700.0,1151.5536924821358
259720.0,1146.892869296694
259740.0,1142.2337237108702
259760.0,1137.5790326025922
259780.0,1132.9319539355506
259800.0,1128.295260371656
259820.0,1123.6701964263416
259840.0,1119.0550808411604
259860.0,1114.4439372344752
259880.0,1109.8256118626703
259900.0,1105.1839803730486
259920.0,1100.4998884158401
259940.0,1095.7553347859734
259960.0,1090.9400172291073
259980.0,1086.0596804161303
260000.0,1081.1447611171334
260020.0,1076.256748908946
260040.0,1071.4887320486644
260060.0,1066.9561666642112
260080.0,1062.7744706390731
260100.0,1059.0220716360277
260120.0,1055.6913388938033
260140.0,1052.6353407832987
260160.0,1049.5249481611047
260180.0,1045.8370412616525
260200.0,1040.898269070709
260220.0,1034.0071410009004
260240.0,1024.6472968554963
260260.0,1012.7844974281655
260280.0,999.2091226759418
260300.0,985.8480872651637
260320.0,975.9330523962137
260340.0,973.888814191416
260360.0,984.8145422183436
260380.0,1013.4910472910135
260400.0,1062.9770767142763
260420.0,1133.0657259620214
260440.0,1219.151574657178
260460.0,1312.3647022873613
260480.0,1401.7411286272654
260500.0,1477.6752385176426
260520.0,1534.4990789990106
260540.0,1571.1192044436443
260560.0,1590.1510017938858
260580.0,1596.4117873536466
260600.0,1595.39877397695
260620.0,1592.0596348350205
260640.0,1589.9900267370103
260660.0,1591.0682994548974
260680.0,1595.4410045388288
260700.0,1601.7597860975804
260720.0,1607.5719355444114
260740.0,1609.7712104778457
260760.0,1605.1136901411635
260780.0,1590.8701203633723
260800.0,1565.6156361002431
260820.0,1530.0387318398105
260840.0,1487.466721518036
260860.0,1443.587220704051
260880.0,1404.8644356391592
260900.0,1376.3272764770531
260920.0,1360.3712505530982
260940.0,1356.8225870448437
260960.0,1363.6751199730545
260980.0,1378.0063573750338
261000.0,1396.7712642534138
261020.0,1417.336472756003
261040.0,1437.7378697502927
261060.0,1456.7177693150081
261080.0,1473.6296757052544
261100.0,1488.2988864077383
261120.0,1500.9067384172645
261140.0,1511.9348495642218
261160.0,1522.1709626947156
261180.0,1532.7459556525555
261200.0,1545.1473327635645
261220.0,1561.1431325010283
261240.0,1582.557114248583
261260.0,1610.8667161339524
261280.0,1646.6535284396152
261300.0,1689.0220817560323
261320.0,1735.2104166721342
261340.0,1780.7272182700985
261360.0,1820.32514558502
261380.0,1849.519763731305
261400.0,1865.7904543437915
261420.0,1868.9483767209003
261440.0,1860.7096831782594
261460.0,1843.885907295028
261480.0,1821.5691924195562
261500.0,1796.518865535801
261520.0,1770.8182951508527
261540.0,1745.7809312102654
261560.0,1722.0375308623911
261580.0,1699.7229287379555
261600.0,1678.6886243685144
261620.0,1658.6863181811
261640.0,1639.4894312221065
261660.0,1620.9399001759643
261680.0,1602.924284219216
261700.0,1585.2964993226512
261720.0,1567.775126159158
261740.0,1549.8517222155492
261760.0,1530.7522764063522
261780.0,1509.4947359667265
261800.0,1485.0779632435601
261820.0,1456.8176498430726
261840.0,1424.8098059067252
261860.0,1390.4527448853078
261880.0,1356.8996338179597
261900.0,1329.2585099888338
261920.0,1314.3259147891265
261940.0,1319.6612607080117
261960.0,1351.9113808891561
261980.0,1414.5029818507526
262000.0,1505.144191980916
262020.0,1613.99777810769
262040.0,1723.8532573786367
262060.0,1813.8467712773042
262080.0,1866.429691199155
262100.0,1873.4293238517926
262120.0,1838.0740542165713
262140.0,1772.837824117895
262160.0,1693.938742706471
262180.0,1615.5882177285737
262200.0,1546.9610270038022
262220.0,1491.8384505668155
262240.0,1449.9212534408289
262260.0,1418.899127349005
262280.0,1396.5645216856567
262300.0,1382.4637833161923
262320.0,1378.7548329671613
262340.0,1390.0880132954433
262360.0,1422.470329543576
262380.0,1481.2512429793753
262400.0,1568.6165620557617
262420.0,1681.3141351414124
262440.0,1809.7451631288955
262460.0,1939.793368779378
262480.0,2057.434138061966
262500.0,2153.1836046171475
262520.0,2223.663285839484
262540.0,2270.5741452216134
262560.0,2298.446591431073
262580.0,2312.182229590143
262600.0,2315.0700686886225
262620.0,2307.664449528536
262640.0,2287.6765768291602
262660.0,2250.914558781407
262680.0,2193.159811176
262700.0,2112.589212991645
262720.0,2012.0219895099901
262740.0,1899.8957433537594
262760.0,1788.8624188912625
262780.0,1692.5134235469054
262800.0,1622.492675695787
262820.0,1586.6497534744576
262840.0,1587.7381952736052
262860.0,1622.4250815415762
262880.0,1680.907711145805
262900.0,1748.0008219279948
262920.0,1806.79982498928
262940.0,1844.150243876988
262960.0,1854.3670343272483
262980.0,1839.5255040509062
263000.0,1807.1859113781509
263020.0,1767.114427579851
263040.0,1728.2802576793238
263060.0,1696.9470306928135
263080.0,1676.1158962482082
263100.0,1665.8985834064047
263120.0,1664.3659668866953
263140.0,1668.5017045549507
263160.0,1674.9781414262438
263180.0,1680.6986485562225
263200.0,1683.1896465777245
263220.0,1680.9062144608415
263240.0,1673.4389205566404
263260.0,1661.5094910830267
263280.0,1646.6557423162117
263300.0,1630.6682125133734
263320.0,1615.017221204258
263340.0,1600.4643963333126
263360.0,1586.9175623899375
263380.0,1573.4844707432428
263400.0,1558.6479658277935
263420.0,1540.5127261382854
263440.0,1517.1306659421684
263460.0,1486.9520433788389
263480.0,1449.4539312941185
263500.0,1405.7973431467203
263520.0,1359.2784388568136
263540.0,1315.3465000821136
263560.0,1281.069737174127
263580.0,1264.0272652764788
263600.0,1270.671317061795
263620.0,1304.3619623337997
263640.0,1363.5502463939633
263660.0,1440.955096481169
263680.0,1524.9129368792123
263700.0,1603.2208954078342
263720.0,1666.9584401119214
263740.0,1712.0179570015193
263760.0,1738.665855125236
263780.0,1750.1760751329796
263800.0,1751.2896904770237
263820.0,1746.9246044193976
263840.0,1741.3035228353351
263860.0,1737.4687755121947
263880.0,1737.151064746528
263900.0,1740.9342548374698
263920.0,1748.52795843034
263940.0,1759.0903788805704
263960.0,1771.596070310446
263980.0,1785.1461077446518
264000.0,1799.143551950711
264020.0,1813.3302867104298
264040.0,1827.6912514247956
264060.0,1842.293608682766
264080.0,1857.1437827598097
264100.0,1872.0828911472734
264120.0,1886.7752470898952
264140.0,1900.7671654079477
264160.0,1913.4720603758155
264180.0,1924.094247965881
264200.0,1931.5796095288795
264220.0,1934.7018577867343
264240.0,1932.3069126637274
264260.0,1923.6251014578436
264280.0,1908.5900105035223
264300.0,1888.1315618028657
264320.0,1864.2729786106647
264340.0,1839.7615492751381
264360.0,1817.2577586668165
264380.0,1798.6706730969722
264400.0,1784.9683397568035
264420.0,1776.2585409885633
264440.0,1771.9756116052213
264460.0,1771.122679595388
264480.0,1772.5256819702226
264500.0,1775.0714268460165
264520.0,1777.9051059101887
264540.0,1780.5700999017033
264560.0,1783.0824538529382
264580.0,1785.9135327942563
264600.0,1789.8542412793145
264620.0,1795.8080655932476
264640.0,1804.5517518243312
264660.0,1816.4963226291025
264680.0,1831.5086292806875
264700.0,1848.8327161419925
264720.0,1867.1457098858925
264740.0,1884.8016098572941
264760.0,1900.1956460010886
264780.0,1912.0398980681123
264800.0,1919.389294182053
264820.0,1921.5277593170674
264840.0,1917.8981485928914
264860.0,1908.1799106140218
264880.0,1892.50861420082
264900.0,1871.7489496367186
264920.0,1847.6501664800448
264940.0,1822.62501643225
264960.0,1799.0703871395913
264980.0,1778.6756910397671
265000.0,1762.2388080470519
265020.0,1749.906959539537
265040.0,1741.5956616379167
265060.0,1737.3898292029135
265080.0,1737.7537917627174
265100.0,1743.43516322634
265120.0,1754.9919504747286
265140.0,1771.9600372552486
265160.0,1791.7476599841345
265180.0,1808.49625599078
265200.0,1812.534755154385
265220.0,1791.1340000419818
265240.0,1730.7699805797881
265260.0,1620.8070929653327
265280.0,1458.1689824638302
265300.0,1251.9152590123804
265320.0,1025.8427097816532
265340.0,816.462292545573
265360.0,664.0555066122175
265380.0,599.9545431947672
265400.0,637.5905290282708
265420.0,769.3841532644728
265440.0,968.7737419175706
265460.0,1197.5731317443992
265480.0,1417.451720287354
265500.0,1599.8308815299229
265520.0,1730.0249199641505
265540.0,1806.3344317646893
265560.0,1836.4020112238425
265580.0,1832.8640979043917
265600.0,1809.5778597098088
265620.0,1778.9299570801195
265640.0,1750.2655312915983
265660.0,1729.2575227976158
265680.0,1718.1007984712062
265700.0,1716.3121665913654
265720.0,1721.7518162919664
265740.0,1731.6008957938313
265760.0,1743.137144309893
265780.0,1754.2282865081168
265800.0,1763.5233242969848
265820.0,1770.4204529540384
265840.0,1774.8851617955138
265860.0,1777.191214563568
265880.0,1777.6711310364303
265900.0,1776.5636119006108
265920.0,1773.973484931525
265940.0,1769.9262096491395
265960.0,1764.4879919637358
265980.0,1757.8884198918527
266000.0,1750.586498627458
266020.0,1743.2026915451356
266040.0,1736.3080464410773
266060.0,1730.2179554718798
266080.0,1724.9534437902573
266100.0,1720.285284202837
266120.0,1715.7883472265555
266140.0,1710.934616268843
266160.0,1705.2069912427112
266180.0,1698.1907847646391
266200.0,1689.6450808959914
266220.0,1679.5779846613084
266240.0,1668.284626170569
266260.0,1656.2875989045249
266280.0,1644.2131387893023
266300.0,1632.6748768217142
266320.0,1622.1903727072252
266340.0,1613.1585984138096
266360.0,1605.8675867844504
266380.0,1600.4783518622116
266400.0,1596.998677813011
266420.0,1595.2829426141034
266440.0,1595.0861804781152
266460.0,1596.1142437631008
266480.0,1598.0413587964142
266500.0,1600.5253858895142
266520.0,1603.2421985217354
266540.0,1605.95509081729
266560.0,1608.5719978429995
266580.0,1611.1642261588447
266600.0,1613.9463386859854
266620.0,1617.1864558612558
266640.0,1621.07262688762
266660.0,1625.5777228587829
266680.0,1630.3730133767501
266700.0,1634.8619939286398
266720.0,1638.3078493344346
266740.0,1639.9694461039446
266760.0,1639.2461981232104
266780.0,1635.8791524059081
266800.0,1630.1628495600094
266820.0,1623.0751537365186
266840.0,1616.2666201563284
266860.0,1611.8855960007163
266880.0,1612.1497814918218
266900.0,1618.6174703210056
266920.0,1631.3356931794594
266940.0,1648.0361313097364
266960.0,1663.543959079016
266980.0,1669.6286597707526
267000.0,1655.6248156896472
267020.0,1610.1185500030178
267040.0,1523.8074428964587
267060.0,1393.278590183972
267080.0,1224.9015718537007
267100.0,1037.4122902446484
267120.0,861.082342754686
267140.0,731.1341324120242
267160.0,676.2049326286549
267180.0,708.6765552825775
267200.0,821.1982845418424
267220.0,989.2228948849937
267240.0,1179.0601414923285
267260.0,1358.6352610650763
267280.0,1505.3336255326697
267300.0,1608.5988905985
267320.0,1668.5262205468084
267340.0,1692.4600889783112
267360.0,1691.209656978941
267380.0,1675.857174409441
267400.0,1655.6137638519006
267420.0,1636.7851705097505
267440.0,1622.6593366885343
267460.0,1614.01587798019
267480.0,1609.9393287352407
267500.0,1608.690239089699
267520.0,1608.503604873688
267540.0,1608.2120862796105
267560.0,1607.6472424645187
267580.0,1607.8156909317088
267600.0,1610.797067067348
267620.0,1619.3204619409785
267640.0,1636.0256230966847
267660.0,1662.5269669736667
267680.0,1698.511745970373
267700.0,1741.1887889776474
267720.0,1785.3619136026732
267740.0,1823.8314380114311
267760.0,1847.5396461167456
267780.0,1845.7510713840097
267800.0,1807.0286673391572
267820.0,1721.475900434462
267840.0,1584.2113598195842
267860.0,1399.4717654474246
267880.0,1183.979814151805
267900.0,967.3972444751744
267920.0,787.1039531678342
267940.0,676.0205441278481
267960.0,649.3725018686603
267980.0,698.213872058772
268000.0,791.087897798399
268020.0,883.412501402481
268040.0,932.9923531302351
268060.0,915.2322835265261
268080.0,831.2240000486621
268100.0,706.4039852911311
268120.0,580.3150051040989
268140.0,492.523069486154
268160.0,471.95591558111585
268180.0,531.3517295751607
268200.0,665.646453847493
268220.0,853.8097368485991
268240.0,1064.6790502086621
268260.0,1266.362845005348
268280.0,1434.7958604340677
268300.0,1557.6049837665794
268320.0,1633.5516610815662
268340.0,1669.411941748414
268360.0,1676.1351215414547
268380.0,1665.5092432041943
268400.0,1647.8332856457023
268420.0,1630.6642057990657
268440.0,1618.499812376553
268460.0,1613.0853109533837
268480.0,1614.085793366238
268500.0,1619.934374315459
268520.0,1628.613322706227
268540.0,1638.1724625814156
268560.0,1646.9806340389664
268580.0,1653.8458705101275
268600.0,1658.083971215758
268620.0,1659.5405968230139
268640.0,1658.5530803438728
268660.0,1655.8515525182186
268680.0,1652.3786893461747
268700.0,1649.0179648257786
268720.0,1646.3578940732514
268740.0,1644.594305670388
268760.0,1643.5554407474228
268780.0,1642.8272984193597
268800.0,1641.9414246894128
268820.0,1640.552422657529
268840.0,1638.5897158663295
268860.0,1636.3168706092542
268880.0,1634.2558993207374
268900.0,1633.0510004995263
268920.0,1633.3208342989951
268940.0,1635.510592987856
268960.0,1639.845284657854
268980.0,1646.51981690127
269000.0,1656.0354873789522
269020.0,1669.219098638188
269040.0,1686.6056952744925
269060.0,1707.3855649740199
269080.0,1728.2740753872954
269100.0,1742.6862959947225
269120.0,1740.5804332596479
269140.0,1709.3108445205266
269160.0,1635.823083827549
269180.0,1510.2781625386726
269200.0,1330.6537695589545
269220.0,1107.1468356972211
269240.0,864.4073223846206
269260.0,638.860585764669
269280.0,469.42605995947343
269300.0,386.284271158393
269320.0,403.83398997072624
269340.0,518.0888659788881
269360.0,707.5261668758449
269380.0,937.7477624154486
269400.0,1170.5519724130872
269420.0,1374.2927433883458
269440.0,1530.1705549856167
269460.0,1632.9707430247122
269480.0,1688.1374927299482
269500.0,1707.4694471310409
269520.0,1704.9704850622365
269540.0,1693.6930734930386
269560.0,1683.799989856483
269580.0,1681.7215124962993
269600.0,1690.1302785470373
269620.0,1708.474887111602
269640.0,1733.9143293309928
269660.0,1762.5380982392576
269680.0,1790.6325343483452
269700.0,1815.573951619009
269720.0,1836.1372947043242
269740.0,1852.3534591600226
269760.0,1865.1373533654412
269780.0,1875.8476155211968
269800.0,1885.877244949308
269820.0,1896.2930381353392
269840.0,1907.5516973447877
269860.0,1919.327965577372
269880.0,1930.5527618377212
269900.0,1939.7894437415725
269920.0,1945.8414270365647
269940.0,1948.1984465358407
269960.0,1947.1522954882087
269980.0,1943.7048493678071
270000.0,1939.3878252690424
270020.0,1936.0462161292799
270040.0,1935.5482695324376
270060.0,1939.389315888328
270080.0,1948.2117174352916
270100.0,1961.2988074593363
270120.0,1976.1676766226271
270140.0,1988.3080006957389
270160.0,1991.1009486888793
270180.0,1976.177037473001
270200.0,1934.524110740937
270220.0,1858.4701909563585
270240.0,1744.3994433997166
270260.0,1595.6427883135725
270280.0,1424.4338438313882
270300.0,1251.3809820491144
270320.0,1101.6729651527075
270340.0,999.1315552741773
270360.0,959.5035633906709
270380.0,984.3257059980142
270400.0,1057.3640075812204
270420.0,1146.5500288571614
270440.0,1214.0294276587947
270460.0,1230.819704276101
270480.0,1187.037441954431
270500.0,1093.593696605622
270520.0,976.8928967604834
270540.0,870.3206046449816
270560.0,805.1329937760845
270580.0,802.2259017143521
270600.0,866.3247253351504
270620.0,984.7199694952749
270640.0,1132.567264829812
270660.0,1282.668667196846
270680.0,1413.5405262085078
270700.0,1512.8634171926083
270720.0,1577.1944901381842
270740.0,1609.688842249187
270760.0,1617.2841739553353
270780.0,1608.2460735676925
270800.0,1590.4539323725642
270820.0,1570.424739376411
270840.0,1552.8626829271784
270860.0,1540.496585505554
270880.0,1534.2308070021204
270900.0,1533.6081135498425
270920.0,1537.325118506283
270940.0,1543.666351803667
270960.0,1550.9162326465841
270980.0,1557.7538012898306
271000.0,1563.5210165490812
271020.0,1568.2607270770477
271040.0,1572.492083842766
271060.0,1576.7922785775934
271080.0,1581.359287616683
271100.0,1585.7292197249005
271120.0,1588.7515995687768
271140.0,1588.9783768010134
271160.0,1585.4262619165022
271180.0,1578.1978762255296
271200.0,1568.6013461154125
271220.0,1558.8723821709214
271240.0,1551.6797984653715
271260.0,1549.4894356596292
271280.0,1553.7975243848928
271300.0,1564.277383452955
271320.0,1577.9709234999002
271340.0,1588.7230707616595
271360.0,1587.1553753995208
271380.0,1561.5592786481534
271400.0,1499.9870044858299
271420.0,1393.561441252772
271440.0,1240.594714785764
271460.0,1050.5239740461334
271480.0,846.0030790588083
271500.0,660.8355795970526
271520.0,531.6292402535566
271540.0,485.7202379510991
271560.0,532.5097100892553
271580.0,660.8812385710398
271600.0,842.5622561299546
271620.0,1041.25943340661
271640.0,1224.2210536764298
271660.0,1369.8967034090924
271680.0,1469.6694697145122
271700.0,1525.6916828814108
271720.0,1547.034323243372
271740.0,1545.6874612411793
271760.0,1533.3419252420153
271780.0,1519.3522490767857
271800.0,1509.8351182637566
271820.0,1507.6411149013998
271840.0,1512.9390629865352
271860.0,1524.177555578895
271880.0,1539.1016346704362
271900.0,1555.503132194172
271920.0,1571.63493966358
271940.0,1586.3691393749075
271960.0,1599.1815098220723
271980.0,1610.0297151562797
272000.0,1619.188448941359
272020.0,1627.1008674005902
272040.0,1634.2733720456788
272060.0,1641.2034735982238
272080.0,1648.2878202554625
272100.0,1655.7028228564952
272120.0,1663.3152512437052
272140.0,1670.6866677780483
272160.0,1677.2396141956247
272180.0,1682.493613487012
272200.0,1686.1858710590627
272220.0,1688.2477551938343
272240.0,1688.711855612742
272260.0,1687.6426757197448
272280.0,1685.1285987343151
272300.0,1681.3072817472118
272320.0,1676.3770709442947
272340.0,1670.602442257065
272360.0,1664.306731603486
272380.0,1657.831826329323
272400.0,1651.4713968707717
272420.0,1645.4249161808723
272440.0,1639.8030171364303
272460.0,1634.6676355157074
272480.0,1630.0660869040466
272500.0,1626.034542937288
272520.0,1622.5841364417208
272540.0,1619.6933764857242
272560.0,1617.3094053767084
272580.0,1615.3246576520028
272600.0,1613.4946783721603
272620.0,1611.3520215893607
272640.0,1608.2024090384396
272660.0,1603.2125998357099
272680.0,1595.5764472030896
272700.0,1584.7396551891138
272720.0,1570.6492026244998
272740.0,1553.9697643937236
272760.0,1536.1323170444487
272780.0,1519.058948958948
272800.0,1504.5190024950116
272820.0,1493.4803233513999
272840.0,1485.8829421227151
272860.0,1480.8251822220986
272880.0,1476.9593889220719
272900.0,1472.9478923226447
272920.0,1467.8998528670706
272940.0,1461.6632217763497
272960.0,1454.8664881890413
272980.0,1448.648206739348
273000.0,1444.0085198415952
273020.0,1440.7332575252885
273040.0,1436.0667522367044
273060.0,1423.8469117211455
273080.0,1394.8872031528801
273100.0,1338.8002827864455
273120.0,1246.989620779071
273140.0,1116.3223863957173
273160.0,952.6274277660265
273180.0,772.534089842904
273200.0,601.6213594413108
273220.0,467.7753311576137
273240.0,393.29285637558144
273260.0,390.17188578735266
273280.0,458.4683486527786
273300.0,586.5466928168738
273320.0,753.0396291144665
273340.0,931.2977226337931
273360.0,1096.2754963034592
273380.0,1230.4714647147014
273400.0,1326.0883428136942
273420.0,1383.907968421151
273440.0,1410.5018176008884
273460.0,1415.1224379473085
273480.0,1407.1118241512345
273500.0,1394.2588895265303
273520.0,1382.1323109486132
273540.0,1374.124830935702
273560.0,1371.9035458074218
273580.0,1376.026069900445
273600.0,1386.5097746879069
273620.0,1403.1288944420894
273640.0,1425.3284731958324
273660.0,1451.783919634743
273680.0,1479.7417175619555
273700.0,1504.3728178913725
273720.0,1518.457944593197
273740.0,1512.7418777397668
273760.0,1477.1715788941315
273780.0,1403.0986098722497
273800.0,1286.3082882849417
273820.0,1130.3186902017592
273840.0,948.7663772712131
273860.0,765.0377736058434
273880.0,607.3083030888187
273900.0,500.63234263151514
273920.0,461.177362099486
273940.0,493.8094760423781
273960.0,591.7559989223225
273980.0,737.7540132157242
274000.0,907.1805270255561
274020.0,1073.8963041571656
274040.0,1216.8967187022777
274060.0,1324.1774803173616
274080.0,1392.94746980438
274100.0,1427.4987561772791
274120.0,1436.225481045439
274140.0,1428.8122032147135
274160.0,1414.1397888640927
274180.0,1399.08662650166
274200.0,1388.1453159871044
274220.0,1383.6210630066407
274240.0,1386.1455763647123
274260.0,1395.2551800174551
274280.0,1409.8860486090869
274300.0,1428.7287249396936
274320.0,1450.4626422401768
274340.0,1473.9984798699725
274360.0,1498.7201725102075
274380.0,1524.3829477903305
274400.0,1550.4789558322325
274420.0,1575.2474456607174
274440.0,1594.6593194578095
274460.0,1601.7771572146296
274480.0,1586.880535852671
274500.0,1538.675995881668
274520.0,1446.768347652531
274540.0,1305.2536909807936
274560.0,1116.768048982994
274580.0,895.6552232480126
274600.0,668.1998153528978
274620.0,467.64344394570526
274640.0,325.1988377738219
274660.0,262.81045733840205
274680.0,289.5435206467736
274700.0,400.28704583087676
274720.0,576.176560056305
274740.0,787.5003965446014
274760.0,1000.4797212564972
274780.0,1186.3026188064487
274800.0,1327.232934597164
274820.0,1417.7052788316078
274840.0,1462.0241415087085
274860.0,1470.705356798231
274880.0,1456.7720479193717
274900.0,1432.6753486315185
274920.0,1408.1797217825613
274940.0,1389.459565078831
274960.0,1379.2724255302805
274980.0,1377.7472930512115
275000.0,1383.3769459866203
275020.0,1393.9392357665565
275040.0,1407.2002101135017
275060.0,1421.335410109027
275080.0,1435.0938211214602
275100.0,1447.7743718129973
275120.0,1459.1098667926567
275140.0,1469.1281766216966
275160.0,1478.0136752953692
275180.0,1485.9603312406198
275200.0,1493.0405781002096
275220.0,1499.1560188773824
275240.0,1504.095274357693
275260.0,1507.6416187182435
275280.0,1509.6289111571105
275300.0,1509.9496591328636
275320.0,1508.5496011772843
275340.0,1505.4244575739594
275360.0,1500.6417867198934
275380.0,1494.3968132189125
275400.0,1487.0827400130052
275420.0,1479.3337326929754
275440.0,1472.0254745908292
275460.0,1466.269062503844
275480.0,1463.387389685914
275500.0,1464.79907717966
275520.0,1471.7512150271639
275540.0,1484.8432308857746
275560.0,1503.3291016139485
275580.0,1524.350819967463
275600.0,1542.400271007706
275620.0,1549.2845599180378
275640.0,1534.8629359990573
275660.0,1488.785864325343
275680.0,1403.2934356985654
275700.0,1276.7739364125705
275720.0,1117.2648122494443
275740.0,944.477655908001
275760.0,788.3218381057566
275780.0,681.6423947296529
275800.0,647.830477644787
275820.0,690.3516940291909
275840.0,789.4531479294953
275860.0,906.7357256022439
275880.0,997.1378524563291
275900.0,1023.8563333612619
275920.0,969.3433272816928
275940.0,839.2969880986972
275960.0,659.0560097498903
275980.0,463.4337955889708
276000.0,286.05392435784853
276020.0,153.77523568742185
276040.0,85.47115084958625
276060.0,92.59929991613527
276080.0,179.5848250505738
276100.0,343.0431011471259
276120.0,570.0566998435777
276140.0,836.9787928190957
276160.0,1111.395522111947
276180.0,1359.5964857715455
276200.0,1556.3383773275625
276220.0,1690.120194007834
276240.0,1762.8582279738807
276260.0,1786.236009231255
276280.0,1776.6999345541876
276300.0,1750.6459106477942
276320.0,1721.1613874883813
276340.0,1696.6619123503417
276360.0,1680.9767580362222
276380.0,1674.349931688345
276400.0,1674.841299711473
276420.0,1679.7219961093153
276440.0,1686.608010079483
276460.0,1694.1765443945692
276480.0,1702.42001323875
276500.0,1712.4858328784824
276520.0,1726.1437332922865
276540.0,1744.934539477398
276560.0,1769.082821040144
276580.0,1796.3452025185284
276600.0,1821.0605696383186
276620.0,1833.7079502136307
276640.0,1821.3873905673531
276660.0,1769.6551819902172
276680.0,1665.8665211863408
276700.0,1503.710350196921
276720.0,1288.046418442816
276740.0,1038.3645815329996
276760.0,788.3231294346474
276780.0,578.7485960006311
276800.0,446.04579435548203
276820.0,413.1124730869039
276840.0,484.994169106797
276860.0,648.0808848748493
276880.0,872.6468737421934
276900.0,1119.8136934195709
276920.0,1352.2529779495649
276940.0,1543.301637461482
276960.0,1680.519192263484
276980.0,1764.2446179061549
277000.0,1803.5504647817193
277020.0,1811.6850462891161
277040.0,1802.234174784668
277060.0,1786.5427371956018
277080.0,1772.474244718685
277100.0,1764.249209004835
277120.0,1763.0063232490309
277140.0,1767.7743509517968
277160.0,1776.5499780965765
277180.0,1787.295127611885
277200.0,1798.7024215022914
277220.0,1810.5820417697655
277240.0,1823.8277123421346
277260.0,1839.9543480869102
277280.0,1860.2190799274474
277300.0,1884.5149153408474
277320.0,1910.3619350691122
277340.0,1932.1914638879637
277360.0,1941.1670899005953
277380.0,1925.8593285194631
277400.0,1874.0157689117507
277420.0,1775.5030116971957
277440.0,1626.1839270877026
277460.0,1431.9517994281227
277480.0,1211.4727609925008
277500.0,995.4395750342431
277520.0,819.832254550801
277540.0,714.263634486734
277560.0,693.3587645410225
277580.0,755.2211659456093
277600.0,884.4907881442037
277620.0,1057.228571320428
277640.0,1246.0962829886485
277660.0,1425.3379958083228
277680.0,1575.3684783272276
277700.0,1685.6717932319516
277720.0,1754.7633769999472
277740.0,1787.9374444555365
277760.0,1794.178831920643
277780.0,1783.3234444489171
277800.0,1764.0814960226821
277820.0,1743.0737185968944
277840.0,1724.6799205372286
277860.0,1711.3429942339194
277880.0,1704.035011897096
277900.0,1702.6471236169812
277920.0,1706.2711733622448
277940.0,1713.5373483593096
277960.0,1722.9669391710117
277980.0,1733.2331380746255
278000.0,1743.2733927745842
278020.0,1752.2684346098863
278040.0,1759.579015946034
278060.0,1764.710079488878
278080.0,1767.3135301454004
278100.0,1767.2293186970587
278120.0,1764.5297864901463
278140.0,1759.5621869985582
278160.0,1753.006790445264
278180.0,1745.9364977884693
278200.0,1739.8019774070974
278220.0,1736.2826812531498
278240.0,1737.040990171305
278260.0,1743.3236098186935
278280.0,1755.3025994362536
278300.0,1771.223350390171
278320.0,1786.541291600206
278340.0,1793.3497673912054
278360.0,1780.4857575979229
278380.0,1734.6849395403879
278400.0,1643.0478373391409
278420.0,1496.7435867369334
278440.0,1295.328249217412
278460.0,1050.3250840409378
278480.0,785.8697170699726
278500.0,533.9003285312042
278520.0,325.12211126702624
278540.0,182.49828011682476
278560.0,119.564284605946
278580.0,141.12979186152978
278600.0,244.14929907658797
278620.0,417.7792491907609
278640.0,642.9717015597773
278660.0,893.228615284961
278680.0,1138.754398977523
278700.0,1353.3956665146557
278720.0,1519.3001722370814
278740.0,1626.9275116092736
278760.0,1672.3836789783709
278780.0,1654.6104976202732
278800.0,1574.1307676380331
278820.0,1434.0449285487093
278840.0,1242.9340814458847
278860.0,1018.3665487188116
278880.0,788.74712042371
278900.0,590.5190016820032
278920.0,459.25026711132693
278940.0,419.46232710767583
278960.0,478.61826721217767
278980.0,625.4420363292973
279000.0,832.1635053217581
279020.0,1061.4453557599977
279040.0,1277.159741716907
279060.0,1453.422333239105
279080.0,1577.8589923423315
279100.0,1650.1616270038635
279120.0,1678.3399442044017
279140.0,1674.5156615358064
279160.0,1651.4031004733285
279180.0,1620.0033060748137
279200.0,1588.5508898117723
279220.0,1562.4434550027468
279240.0,1544.7659585459626
279260.0,1537.0340024419347
279280.0,1539.81282748684
279300.0,1552.9907448594206
279320.0,1575.6423297636782
279340.0,1605.5628684724436
279360.0,1638.6132863649589
279380.0,1668.1254502177876
279400.0,1684.767541499304
279420.0,1677.2599180246557
279440.0,1634.0654869337218
279460.0,1545.9655807106114
279480.0,1409.3276229242276
279500.0,1229.377034426179
279520.0,1022.0864206036892
279540.0,812.5397111189612
279560.0,627.8959124225578
279580.0,488.3158770552744
279600.0,402.768635869405
279620.0,370.2600369726506
279640.0,383.71718129468843
279660.0,434.24935431425047
279680.0,514.3356335361815
279700.0,619.2240452138932
279720.0,746.4312753973617
279740.0,893.7203558883979
279760.0,1056.3434132416612
279780.0,1224.6978549306637
279800.0,1383.8248167102097
279820.0,1515.6712175883026
279840.0,1602.5911888133628
279860.0,1630.0230732502928
279880.0,1588.6427866823312
279900.0,1476.9114507877453
279920.0,1304.087212803273
279940.0,1092.6735860197937
279960.0,878.2571645078391
279980.0,703.8987328610102
280000.0,607.9795348001901
280020.0,611.704388189486
280040.0,713.1442363442817
280060.0,888.5477898129144
280080.0,1100.5143402557826
280100.0,1310.6669555290123
280120.0,1490.0068647547278
280140.0,1622.9752557253985
280160.0,1706.565544728901
280180.0,1746.87949691931
280200.0,1754.9596711256886
280220.0,1743.0959698846661
280240.0,1722.2153908415828
280260.0,1700.4610832717303
280280.0,1682.7949254497391
280300.0,1671.3030434624457
280320.0,1665.8891534112718
280340.0,1665.1175492838106
280360.0,1666.9698975692304
280380.0,1669.4024356484363
280400.0,1670.7551843162187
280420.0,1670.0400915723847
280440.0,1667.0844924030637
280460.0,1662.5275099715109
280480.0,1657.6856494058386
280500.0,1654.3041375971275
280520.0,1654.1522541627485
280540.0,1658.4016202445669
280560.0,1666.843397475785
280580.0,1677.1112304050216
280600.0,1684.1264051501014
280620.0,1680.0633760360276
280640.0,1655.115040183669
280660.0,1599.2199132190203
280680.0,1504.7352621937605
280700.0,1369.7384862155545
280720.0,1201.1696427480388
280740.0,1016.4231321766671
280760.0,841.4104396248947
280780.0,703.6309068266953
280800.0,623.682619842217
280820.0,610.9070922148817
280840.0,663.2251179603021
280860.0,769.0530550316076
280880.0,909.9995947493596
280900.0,1064.052496164908
280920.0,1209.6635268578573
280940.0,1330.4241033842145
280960.0,1418.141914930212
280980.0,1472.9479556957654
281000.0,1501.2068418641343
281020.0,1512.5461520946951
281040.0,1516.9388173893121
281060.0,1522.293430412226
281080.0,1532.7300327672885
281100.0,1547.6151410487175
281120.0,1561.436644849006
281140.0,1564.5704992125418
281160.0,1544.975218528885
281180.0,1490.8677025225484
281200.0,1394.271724453524
281220.0,1254.931570590935
281240.0,1083.4847305375492
281260.0,902.1586269322712
281280.0,740.9057356457554
281300.0,628.6826958989307
281320.0,584.7147969886393
281340.0,614.8026414017293
281360.0,712.0984850357802
281380.0,860.026758203993
281400.0,1035.9353890652123
281420.0,1215.1055120546505
281440.0,1375.3653406403137
281460.0,1501.616984116204
281480.0,1587.94316956916
281500.0,1636.594941355865
281520.0,1655.2550972159138
281540.0,1653.9561233584511
281560.0,1642.4875218681632
281580.0,1628.6815424347064
281600.0,1617.6521015505514
281620.0,1611.854475416059
281640.0,1611.6699838099896
281660.0,1616.1427724786338
281680.0,1623.6539039710015
281700.0,1632.4472675629906
281720.0,1640.9908645119845
281740.0,1648.191271802008
281760.0,1653.4647309563316
281780.0,1656.6689307490324
281800.0,1657.93723070666
281820.0,1657.5041916567582
281840.0,1655.5965037697686
281860.0,1652.388905673434
281880.0,1648.0200836866711
281900.0,1642.6558742491445
281920.0,1636.52437241471
281940.0,1629.9235768174208
281960.0,1623.2268905423784
281980.0,1616.8469181660948
282000.0,1611.1195709262242
282020.0,1606.1670237247813
282040.0,1601.8359181343872
282060.0,1597.7591961170995
282080.0,1593.5101627566848
282100.0,1588.7381367228893
282120.0,1583.241386629501
282140.0,1576.9876416148413
282160.0,1570.1141455606366
282180.0,1562.898350789069
282200.0,1555.654931305238
282220.0,1548.6039436513563
282240.0,1541.8435071293195
282260.0,1535.4105996655785
282280.0,1529.3367884150277
282300.0,1523.671923097158
282320.0,1518.474258786032
282340.0,1513.791931357355
282360.0,1509.6722221932673
282380.0,1506.1837440142795
282400.0,1503.4210803154283
282420.0,1501.457944663802
282440.0,1500.2816624059951
282460.0,1499.7862434515487
282480.0,1499.8230240340745
282500.0,1500.2503365492578
282520.0,1500.9653727771968
282540.0,1501.9299997551657
282560.0,1503.1740974638053
282580.0,1504.7435416686167
282600.0,1506.6186223186987
282620.0,1508.6517452884054
282640.0,1510.5477529151653
282660.0,1511.901779843911
282680.0,1512.3052708664195
282700.0,1511.4704609549558
282720.0,1509.3345448279563
282740.0,1506.157643994157
282760.0,1502.602710027138
282780.0,1499.7639682508925
282800.0,1499.0798957560862
282820.0,1502.0189133100268
282840.0,1509.4582537315316
282860.0,1520.755297777628
282880.0,1532.629750721087
282900.0,1538.3301767835171
282920.0,1527.7455241438388
282940.0,1488.808111763043
282960.0,1410.2318212216549
282980.0,1285.2997844248998
283000.0,1115.9735820727094
283020.0,916.0430821679981
283040.0,711.3184371965042
283060.0,534.6305322270052
283080.0,416.81206930924634
283100.0,379.1504584504591
283120.0,429.2940537536177
283140.0,559.7041387796146
283160.0,748.4942081344543
283180.0,963.760291501032
283200.0,1172.0964629759405
283220.0,1347.5887368006083
283240.0,1476.3586747831935
283260.0,1556.2359842849462
283280.0,1593.6991023596706
283300.0,1599.980887911606
283320.0,1587.5279754341675
283340.0,1567.4326244970657
283360.0,1547.9782476413693
283380.0,1534.1773366445982
283400.0,1528.039216521616
283420.0,1529.2820119754788
283440.0,1536.1914918087514
283460.0,1546.4167345913202
283480.0,1557.615786114604
283500.0,1567.9365998942226
283520.0,1576.327302200416
283540.0,1582.6695622201073
283560.0,1587.7299864203133
283580.0,1592.9287612827998
283600.0,1599.9368956447727
283620.0,1610.1272281578438
283640.0,1623.928260124401
283660.0,1640.1406487714235
283680.0,1655.3453380524552
283700.0,1663.6241934325758
283720.0,1656.8374817537765
283740.0,1625.6611496078442
283760.0,1561.5611085117762
283780.0,1459.6981480034142
283800.0,1322.2706857885607
283820.0,1161.2764287432185
283840.0,999.1969621965281
283860.0,865.6102892849025
283880.0,788.383533176367
283900.0,783.6023852674018
283920.0,851.2336460814964
283940.0,976.7676232028655
283960.0,1136.0764760710304
283980.0,1301.480541624545
284000.0,1447.7978339443277
284020.0,1556.943848558181
284040.0,1619.6780038056022
284060.0,1634.9873702104187
284080.0,1608.4208109943777
284100.0,1550.3018268077562
284120.0,1473.997873363854
284140.0,1393.747729952987
284160.0,1321.7741468097006
284180.0,1266.0837324542333
284200.0,1230.1647898502895
284220.0,1213.9988026840074
284240.0,1215.4707415834048
284260.0,1231.5430990861641
284280.0,1258.8688606210155
284300.0,1293.79958623844
284320.0,1331.9792079013084
284340.0,1367.8945850227833
284360.0,1394.873759259145
284380.0,1406.0689330394919
284400.0,1396.7850930550185
284420.0,1367.2145376693293
284440.0,1323.063245613608
284460.0,1273.8118535988704
284480.0,1230.5722980033258
284500.0,1204.2551355099963
284520.0,1203.8829754791022
284540.0,1234.9092925181444
284560.0,1297.6669175529628
284580.0,1386.47479819696
284600.0,1490.3918330961108
284620.0,1596.450643047264
284640.0,1693.9616407231902
284660.0,1776.9964235612492
284680.0,1844.1634004600687
284700.0,1896.5834286594122
284720.0,1935.2257869296814
284740.0,1958.5721411729592
284760.0,1961.3056955369757
284780.0,1934.5052011397395
284800.0,1867.5651084728572
284820.0,1751.7548317824335
284840.0,1584.8762756286394
284860.0,1375.80512609869
284880.0,1146.987259582819
284900.0,932.1970764732857
284920.0,767.4494416129098
284940.0,679.3252606728946
284960.0,678.9549105547701
284980.0,762.28469123537
285000.0,913.4553112313939
285020.0,1109.0218500818096
285040.0,1322.044514129547
285060.0,1526.1301960655094
285080.0,1699.8287181680687
285100.0,1830.4006587420208
285120.0,1914.873156179766
285140.0,1958.1833343264418
285160.0,1969.9664743375374
285180.0,1961.3626230018774
285200.0,1942.5803602341566
285220.0,1921.458302907217
285240.0,1902.97363119178
285260.0,1889.4609535612285
285280.0,1881.2530649615226
285300.0,1877.47538049434
285320.0,1876.7929337047124
285340.0,1877.9642412501296
285360.0,1880.118308879252
285380.0,1882.7621618770886
285400.0,1885.6363512665207
285420.0,1888.5457968989406
285440.0,1891.2479709625907
285460.0,1893.4154282615873
285480.0,1894.637976951688
285500.0,1894.453193215942
285520.0,1892.4139897292284
285540.0,1888.2051605618885
285560.0,1881.7853900226037
285580.0,1873.4508686503505
285600.0,1863.8005119255697
285620.0,1853.6178200236905
285640.0,1843.658191430466
285660.0,1834.4429031069735
285680.0,1826.193116307045
285700.0,1818.8764889764473
285720.0,1812.2606117529438
285740.0,1805.973142866827
285760.0,1799.5973482341858
285780.0,1792.8284314548905
285800.0,1785.66133875181
285820.0,1778.5546443298595
285840.0,1772.5136372365
285860.0,1769.024093428742
285880.0,1769.794554616949
285900.0,1776.2958042550417
285920.0,1789.1274592883533
285940.0,1807.2952211778058
285960.0,1827.481425175448
285980.0,1843.497115059737
286000.0,1846.2382224441367
286020.0,1824.447944413822
286040.0,1766.5228512888639
286060.0,1663.4430833560714
286080.0,1512.4874589475237
286100.0,1320.8047754299737
286120.0,1107.23239567073
286140.0,900.0256023178941
286160.0,728.7402422506437
286180.0,614.5274041737393
286200.0,565.9972086815462
286220.0,580.6152504455297
286240.0,648.6029958024262
286260.0,757.0464055127189
286280.0,892.905907600214
286300.0,1044.4696815485236
286320.0,1201.4448197121565
286340.0,1354.3289632157398
286360.0,1493.9637345574558
286380.0,1612.1934933476748
286400.0,1703.733112502942
286420.0,1767.6201591396614
286440.0,1806.9739785691606
286460.0,1827.5885326229484
286480.0,1836.2825456701419
286500.0,1839.5528202219205
286520.0,1842.702248935428
286540.0,1849.422450751584
286560.0,1861.7128075272612
286580.0,1879.9860284186375
286600.0,1903.2258353543398
286620.0,1929.1061167285097
286640.0,1954.052778133066
286660.0,1973.3716139550688
286680.0,1981.6234866154914
286700.0,1973.3539781994139
286720.0,1944.185882167416
286740.0,1892.1661794542015
286760.0,1819.064098452504
286780.0,1730.981146989498
286800.0,1637.4091183699024
286820.0,1548.6421977372486
286840.0,1473.4625789391418
286860.0,1418.325515959596
286880.0,1387.4573221478988
286900.0,1383.0877274548359
286920.0,1405.3419438767087
286940.0,1451.7014519624786
286960.0,1516.3617382813538
286980.0,1590.2318831750097
287000.0,1662.5390555814658
287020.0,1723.9421328107724
287040.0,1769.0198645734097
287060.0,1796.7849769943755
287080.0,1809.7570376707686
287100.0,1812.4605678341263
287120.0,1809.9588911995465
287140.0,1806.761001299741
287160.0,1806.217982643213
287180.0,1810.334743868632
287200.0,1819.872445361665
287220.0,1834.5932639524483
287240.0,1853.4842846322285
287260.0,1874.8325366294841
287280.0,1896.1374819343923
287300.0,1913.9668868102824
287320.0,1923.9130362524934
287340.0,1920.8099898688586
287360.0,1899.3852226221181
287380.0,1855.4312727579231
287400.0,1787.3844551455866
287420.0,1697.8901307313852
287440.0,1594.5778270002236
287460.0,1489.0809167735656
287480.0,1394.0388395772513
287500.0,1320.1689576515612
287520.0,1275.040939272642
287540.0,1262.9013866761304
287560.0,1284.5978461605237
287580.0,1337.0807722333034
287600.0,1412.4807042550324
287620.0,1497.288248012463
287640.0,1572.6405432815477
287660.0,1616.947290895304
287680.0,1611.0119434414707
287700.0,1543.4182636888058
287720.0,1414.2936201145344
287740.0,1236.901032210061
287760.0,1036.0494527432268
287780.0,841.7920061644642
287800.0,679.8023476089577
287820.0,564.9264575048967
287840.0,500.36279204170853
287860.0,480.29892846529646
287880.0,493.7888014140519
287900.0,528.4187022733806
287920.0,573.0077051970279
287940.0,619.123883556297
287960.0,661.543989866509
287980.0,697.9562744451403
288000.0,728.2438835158059
288020.0,753.6385145081805
288040.0,775.9460007837342
288060.0,796.9521497951354
288080.0,818.0405290269123
288100.0,840.0039861303885
288120.0,863.0090454902083
288140.0,886.6712414150892
288160.0,910.2110176211514
288180.0,932.6743872295298
288200.0,953.2115426794462
288220.0,971.4039181475027
288240.0,987.6132594884746
288260.0,1003.2969278774497
288280.0,1021.1990040050547
288300.0,1045.2992275674449
288320.0,1080.3985803473981
288340.0,1131.2611829460716
288360.0,1201.335590564178
288380.0,1291.255993204621
288400.0,1397.572947083012
288420.0,1512.4565564254415
288440.0,1625.2150093043263
288460.0,1725.4731162839482
288480.0,1806.0761970203487
288500.0,1863.953566041692
288520.0,1899.2295326308642
288540.0,1913.7216906573835
288560.0,1909.6547815123315
288580.0,1889.045550290169
288600.0,1853.8415990596054
288620.0,1806.6144055403915
288640.0,1751.3935573273352
288660.0,1693.966888752918
288680.0,1640.861835820599
288700.0,1597.317346677385
288720.0,1565.9883938059247
288740.0,1546.9193224800124
288760.0,1538.2447038191383
288780.0,1537.111967127155
288800.0,1540.5084922968676
288820.0,1545.839632321427
288840.0,1551.2252400647524
288860.0,1555.5570998504063
288880.0,1558.3938151597572
288900.0,1559.7737382566727
288920.0,1560.012243653614
288940.0,1559.5274743825678
288960.0,1558.7163081355648
288980.0,1557.8842872982393
289000.0,1557.2214965564958
289020.0,1556.810731170755
289040.0,1556.6534915217267
289060.0,1556.7016333713304
289080.0,1556.8862394994599
289100.0,1557.139167917096
289120.0,1557.4059621004599
289140.0,1557.6510144790732
289160.0,1557.8570330157527
289180.0,1558.0211614257244
289200.0,1558.149827386643
289220.0,1558.2538219621435
289240.0,1558.344475210879
289260.0,1558.431238371602
289280.0,1558.520587004202
289300.0,1558.615936465262
289320.0,1558.7181861677016
289340.0,1558.826538319733
289360.0,1558.9393234300956
289380.0,1559.0546693160281
289400.0,1559.1709452907978
289420.0,1559.2869839314556
289440.0,1559.4021251446873
289460.0,1559.5161441509506
289480.0,1559.629123246753
289500.0,1559.7413144955565
289520.0,1559.8530236375323
289540.0,1559.9645294166598
289560.0,1560.0760400258846
289580.0,1560.187680480178
289600.0,1560.2995011563637
289620.0,1560.4114974773468
289640.0,1560.5236325098217
289660.0,1560.6358569291485
289680.0,1560.748123508159
289700.0,1560.8603954747346
289720.0,1560.972649534271
289740.0,1561.0848750769187
289760.0,1561.197071230627
289780.0,1561.3092431842292
289800.0,1561.4213987840062
289820.0,1561.5335459578018
289840.0,1561.6456911407654
289860.0,1561.7578386132864
289880.0,1561.8699905196659
289900.0,1561.982147294771
289920.0,1562.0943082546921
289940.0,1562.2064721716936
289960.0,1562.3186377277784
289980.0,1562.4308038067818
290000.0,1562.5429696317233
290020.0,1562.655134781939
290040.0,1562.76729913421
290060.0,1562.8794627691516
290080.0,1562.9916258750693
290100.0,1563.1037886688287
290120.0,1563.2159513422737
290140.0,1563.3281140348959
290160.0,1563.4402768274108
290180.0,1563.5524397492316
290200.0,1563.6646027930224
290220.0,1563.776765930574
290240.0,1563.888929126546
290260.0,1564.0010923482648
290280.0,1564.113255570994
290300.0,1564.2254187795143
290320.0,1564.3375819672824
290340.0,1564.4497451343645
290360.0,1564.5619082848812
290380.0,1564.674071424561
290400.0,1564.7862345589988
290420.0,1564.8983976926652
290440.0,1565.0105608283393
290460.0,1565.122723967334
290480.0,1565.2348871098022
290500.0,1565.347050255084
290520.0,1565.4592134022803
290540.0,1565.571376550491
290560.0,1565.6835396989484
290580.0,1565.7957028471724
290600.0,1565.907865994915
290620.0,1566.0200291420776
290640.0,1566.1321922887005
290660.0,1566.2443554349743
290680.0,1566.3565185810512
290700.0,1566.4686817270317
290720.0,1566.5808448730563
290740.0,1566.693008019214
290760.0,1566.8051711654912
290780.0,1566.9173343118832
290800.0,1567.0294974583219
290820.0,1567.1416606047464
290840.0,1567.2538237511628
290860.0,1567.365986897587
290880.0,1567.478150043988
290900.0,1567.59031319036
290920.0,1567.70247633673
290940.0,1567.8146394831515
290960.0,1567.9268026295822
290980.0,1568.0389657759722
291000.0,1568.1511289223513
291020.0,1568.2632920687224
291040.0,1568.375455215068
291060.0,1568.487618361421
291080.0,1568.5997815078022
291100.0,1568.7119446542445
291120.0,1568.8241078006868
291140.0,1568.9362709471359
291160.0,1569.0484340936277
291180.0,1569.1605972401408
291200.0,1569.2727603866285
291220.0,1569.3849235330852
291240.0,1569.4970866794965
291260.0,1569.6092498258358
291280.0,1569.721412972139
291300.0,1569.8335761184785
291320.0,1569.945739264858
291340.0,1570.0579024112208
291360.0,1570.1700655575382
291380.0,1570.2822287038716
291400.0,1570.394391850234
291420.0,1570.506554996619
291440.0,1570.6187181429896
291460.0,1570.730881289364
291480.0,1570.8430444357718
291500.0,1570.9552075822091
291520.0,1571.0673707286621
291540.0,1571.1795338751645
291560.0,1571.2916970217004
291580.0,1571.4038601682446
291600.0,1571.516023314747
291620.0,1571.6281864611492
291640.0,1571.740349607484
291660.0,1571.8525127538
291680.0,1571.9646759001491
291700.0,1572.0768390465234
291720.0,1572.189002192909
291740.0,1572.3011653392816
291760.0,1572.413328485666
291780.0,1572.5254916320496
291800.0,1572.6376547783955
291820.0,1572.7498179246813
291840.0,1572.8619810709454
291860.0,1572.9741442172203
291880.0,1573.0863073635062
291900.0,1573.1984705098203
291920.0,1573.3106336561893
291940.0,1573.4227968026187
291960.0,1573.5349599490983
291980.0,1573.6471230956083
292000.0,1573.7592862421186
292020.0,1573.8714493886205
292040.0,1573.9836125350614
292060.0,1574.0957756813693
292080.0,1574.2079388275893
292100.0,1574.3201019738194
292120.0,1574.4322651201041
292140.0,1574.544428266457
292160.0,1574.6565914128698
292180.0,1574.7687545593326
292200.0,1574.8809177058345
292220.0,1574.9930808523302
292240.0,1575.105243998835
292260.0,1575.217407145374
292280.0,1575.3295702918954
292300.0,1575.4417334383547
292320.0,1575.5538965847047
292340.0,1575.6660597309867
292360.0,1575.7782228772344
292380.0,1575.8903860234825
292400.0,1576.0025491697902
292420.0,1576.114712316209
292440.0,1576.226875462729
292460.0,1576.339038609327
292480.0,1576.451201755967
292500.0,1576.5633649025615
292520.0,1576.675528049058
292540.0,1576.7876911954472
292560.0,1576.8998543417968
292580.0,1577.0120174881563
292600.0,1577.1241806345195
292620.0,1577.2363437808667
292640.0,1577.3485069272224
292660.0,1577.4606700735849
292680.0,1577.5728332199592
292700.0,1577.6849963663292
292720.0,1577.7971595126946
292740.0,1577.9093226590762
292760.0,1578.0214858054933
292780.0,1578.1336489518887
292800.0,1578.2458120982228
292820.0,1578.3579752444934
292840.0,1578.4701383907618
292860.0,1578.5823015370759
292880.0,1578.6944646834431
292900.0,1578.8066278298552
292920.0,1578.9187909763025
292940.0,1579.0309541227568
292960.0,1579.1431172691887
292980.0,1579.255280415578
293000.0,1579.3674435619566
293020.0,1579.479606708342
293040.0,1579.591769854755
293060.0,1579.7039330012037
293080.0,1579.8160961476722
293100.0,1579.9282592941133
293120.0,1580.0404224405095
293140.0,1580.1525855868933
293160.0,1580.26474873327
293180.0,1580.3769118796386
293200.0,1580.4890750260588
293220.0,1580.6012381725673
293240.0,1580.7134013190928
293260.0,1580.825564465593
293280.0,1580.9377276120497
293300.0,1581.0498907584472
293320.0,1581.1620539047392
293340.0,1581.2742170509475
293360.0,1581.3863801971472
293380.0,1581.4985433433958
293400.0,1581.6107064896917
293420.0,1581.7228696359896
293440.0,1581.8350327822795
293460.0,1581.9471959286082
293480.0,1582.0593590750143
293500.0,1582.1715222214862
293520.0,1582.2836853679746
293540.0,1582.3958485144483
293560.0,1582.5080116608797
293580.0,1582.620174807254
293600.0,1582.7323379536028
293620.0,1582.8445010999687
293640.0,1582.956664246321
293660.0,1583.068827392716
293680.0,1583.1809905391858
293700.0,1583.2931536857334
293720.0,1583.4053168323014
293740.0,1583.5174799788251
293760.0,1583.629643125302
293780.0,1583.7418062717693
293800.0,1583.8539694182364
293820.0,1583.9661325646746
293840.0,1584.078295711044
293860.0,1584.1904588573263
293880.0,1584.302622003555
293900.0,1584.4147851498192
293920.0,1584.5269482961178
293940.0,1584.6391114424282
293960.0,1584.7512745887943
293980.0,1584.863437735247
294000.0,1584.9756008817421
294020.0,1585.0877640282336
294040.0,1585.1999271746895
294060.0,1585.3120903211238
294080.0,1585.4242534675595
294100.0,1585.5364166139723
294120.0,1585.6485797603455
294140.0,1585.7607429067175
294160.0,1585.8729060531011
294180.0,1585.9850691995066
294200.0,1586.097232345904
294220.0,1586.2093954922689
294240.0,1586.3215586386152
294260.0,1586.43372178496
294280.0,1586.5458849312863
294300.0,1586.6580480776502
294320.0,1586.7702112240272
294340.0,1586.8823743704042
294360.0,1586.9945375168018
294380.0,1587.1067006632031
294400.0,1587.2188638096227
294420.0,1587.3310269560247
294440.0,1587.4431901024032
294460.0,1587.5553532488098
294480.0,1587.6675163952623
294500.0,1587.7796795417348
294520.0,1587.8918426881517
294540.0,1588.0040058345235
294560.0,1588.1161689808594
294580.0,1588.2283321271805
294600.0,1588.34049527354
294620.0,1588.4526584199316
294640.0,1588.5648215662945
294660.0,1588.6769847126513
294680.0,1588.7891478591282
294700.0,1588.9013110056858
294720.0,1589.013474152239
294740.0,1589.1256372987384
294760.0,1589.2378004451753
294780.0,1589.3499635915366
294800.0,1589.4621267378307
294820.0,1589.5742898841104
294840.0,1589.6864530303897
294860.0,1589.798616176687
294880.0,1589.9107793230414
294900.0,1590.022942469451
294920.0,1590.1351056158862
294940.0,1590.247268762325
294960.0,1590.359431908771
294980.0,1590.4715950552113
295000.0,1590.5837582016222
295020.0,1590.6959213480138
295040.0,1590.808084494394
295060.0,1590.920247640763
295080.0,1591.032410787136
295100.0,1591.1445739335277
295120.0,1591.2567370799247
295140.0,1591.3689002263216
295160.0,1591.4810633727163
295180.0,1591.5932265190884
295200.0,1591.705389665481
295220.0,1591.8175528119327
295240.0,1591.9297159584175
295260.0,1592.0418791049265
295280.0,1592.1540422514117
295300.0,1592.2662053978254
295320.0,1592.378368544188
295340.0,1592.490531690501
295360.0,1592.6026948368003
295380.0,1592.7148579831583
295400.0,1592.8270211295846
295420.0,1592.9391842760474
295440.0,1593.0513474224663
295460.0,1593.1635105687792
295480.0,1593.2756737150098
295500.0,1593.3878368612584
295520.0,1593.5000000076052
295540.0,1593.6121631540627
295560.0,1593.7243263006164
295580.0,1593.836489447198
295600.0,1593.9486525937054
295620.0,1594.0608157401025
295640.0,1594.1729788864184
295660.0,1594.2851420326883
295680.0,1594.3973051789505
295700.0,1594.5094683252544
295720.0,1594.6216314716173
295740.0,1594.73379461804
295760.0,1594.8459577644776
295780.0,1594.9581209109142
295800.0,1595.0702840573517
295820.0,1595.1824472038
295840.0,1595.2946103502693
295860.0,1595.4067734967068
295880.0,1595.518936643087
295900.0,1595.6310997894257
295920.0,1595.7432629357388
295940.0,1595.855426082071
295960.0,1595.9675892284617
295980.0,1596.0797523748533
296000.0,1596.1919155212047
296020.0,1596.304078667615
296040.0,1596.4162418141464
296060.0,1596.5284049607194
296080.0,1596.6405681072176
296100.0,1596.752731253624
296120.0,1596.8648943999915
296140.0,1596.9770575463408
296160.0,1597.0892206926603
296180.0,1597.201383838957
296200.0,1597.3135469851982
296220.0,1597.425710131436
296240.0,1597.5378732777208
296260.0,1597.65003642409
296280.0,1597.7621995705665
296300.0,1597.8743627171261
296320.0,1597.9865258637117
296340.0,1598.09868901028
296360.0,1598.2108521567911
296380.0,1598.3230153032544
296400.0,1598.435178449728
296420.0,1598.5473415962053
296440.0,1598.6595047426124
296460.0,1598.7716678889478
296480.0,1598.8838310352362
296500.0,1598.9959941815137
296520.0,1599.1081573278555
296540.0,1599.2203204742527
296560.0,1599.3324836206662
296580.0,1599.4446467670687
296600.0,1599.556809913409
296620.0,1599.6689730596677
296640.0,1599.7811362059094
296660.0,1599.8932993521626
296680.0,1600.00546249847
296700.0,1600.117625644815
296720.0,1600.2297887911889
296740.0,1600.3419519375936
296760.0,1600.4541150840028
296780.0,1600.5662782303737
296800.0,1600.6784413767439
296820.0,1600.790604523121
296840.0,1600.902767669491
296860.0,1601.0149308158789
296880.0,1601.1270939623196
296900.0,1601.2392571088153
296920.0,1601.3514202553465
296940.0,1601.4635834018886
296960.0,1601.5757465484162
296980.0,1601.6879096948965
297000.0,1601.8000728413365
297020.0,1601.9122359877265
297040.0,1602.0243991340428
297060.0,1602.1365622803078
297080.0,1602.24872542658
297100.0,1602.360888572876
297120.0,1602.4730517192143
297140.0,1602.5852148655927
297160.0,1602.6973780119965
297180.0,1602.8095411584081
297200.0,1602.9217043048125
297220.0,1603.0338674512186
297240.0,1603.1460305976366
297260.0,1603.2581937440855
297280.0,1603.3703568905223
297300.0,1603.4825200369041
297320.0,1603.594683183247
297340.0,1603.7068463296096
297360.0,1603.819009476038
297380.0,1603.9311726225003
297400.0,1604.043335768949
297420.0,1604.15549891537
297440.0,1604.2676620617735
297460.0,1604.3798252081638
297480.0,1604.4919883545574
297500.0,1604.604151500983
297520.0,1604.7163146474782
297540.0,1604.8284777940175
297560.0,1604.9406409405458
297580.0,1605.0528040870117
297600.0,1605.1649672333692
297620.0,1605.2771303796483
297640.0,1605.3892935259043
297660.0,1605.5014566721325
297680.0,1605.6136198183754
297700.0,1605.7257829646521
297720.0,1605.8379461109748
297740.0,1605.9501092573423
297760.0,1606.0622724037034
297780.0,1606.1744355500664
297800.0,1606.286598696479
297820.0,1606.3987618429298
297840.0,1606.5109249893853
297860.0,1606.6230881358217
297880.0,1606.7352512822736
297900.0,1606.8474144287795
297920.0,1606.959577575332
297940.0,1607.071740721877
297960.0,1607.1839038683886
297980.0,1607.296067014861
298000.0,1607.408230161282
298020.0,1607.5203933076275
298040.0,1607.632556453903
298060.0,1607.744719600148
298080.0,1607.8568827464192
298100.0,1607.9690458927353
298120.0,1608.0812090390968
298140.0,1608.193372185521
298160.0,1608.3055353319933
298180.0,1608.4176984784613
298200.0,1608.5298616248897
298220.0,1608.642024771311
298240.0,1608.754187917744
298260.0,1608.8663510641718
298280.0,1608.9785142105736
298300.0,1609.090677356951
298320.0,1609.2028405033293
298340.0,1609.3150036497523
298360.0,1609.427166796219
298380.0,1609.5393299426673
298400.0,1609.6514930890614
298420.0,1609.7636562354369
298440.0,1609.8758193818207
298460.0,1609.9879825282367
298480.0,1610.1001456746799
298500.0,1610.212308821107
298520.0,1610.3244719674753
298540.0,1610.4366351138008
298560.0,1610.5487982601571
298580.0,1610.6609614065421
298600.0,1610.7731245529255
298620.0,1610.8852876993212
298640.0,1610.9974508457037
298660.0,1611.109613992016
298680.0,1611.2217771382825
298700.0,1611.3339402845684
298720.0,1611.4461034308974
298740.0,1611.5582665772768
298760.0,1611.6704297236995
298780.0,1611.782592870154
298800.0,1611.894756016635
298820.0,1612.0069191631253
298840.0,1612.1190823095785
298860.0,1612.2312454559706
298880.0,1612.3434086023183
298900.0,1612.4555717486317
298920.0,1612.5677348949325
298940.0,1612.6798980412686
298960.0,1612.7920611876552
298980.0,1612.9042243340436
299000.0,1613.016387480428
299020.0,1613.128550626826
299040.0,1613.2407137732305
299060.0,1613.3528769196148
299080.0,1613.4650400659925
299100.0,1613.5772032123866
299120.0,1613.689366358817
299140.0,1613.801529505277
299160.0,1613.9136926517235
299180.0,1614.0258557981438
299200.0,1614.1380189445897
299220.0,1614.2501820910616
299240.0,1614.3623452374927
299260.0,1614.4745083838554
299280.0,1614.586671530185
299300.0,1614.6988346765054
299320.0,1614.8109978228676
299340.0,1614.923160969286
299360.0,1615.0353241157309
299380.0,1615.1474872621723
299400.0,1615.2596504086152
299420.0,1615.3718135550603
299440.0,1615.483976701439
299460.0,1615.5961398477805
299480.0,1615.708302994141
299500.0,1615.8204661405211
299520.0,1615.9326292868975
299540.0,1616.044792433241
299560.0,1616.1569555795693
299580.0,1616.2691187259136
299600.0,1616.381281872284
299620.0,1616.4934450186913
299640.0,1616.6056081651109
299660.0,1616.7177713115486
299680.0,1616.8299344580178
299700.0,1616.9420976045283
299720.0,1617.0542607510165
299740.0,1617.166423897447
299760.0,1617.2785870438688
299780.0,1617.390750190316
299800.0,1617.5029133367482
299820.0,1617.6150764831439
299840.0,1617.7272396294995
299860.0,1617.8394027758106
299880.0,1617.9515659221538
299900.0,1618.0637290685713
299920.0,1618.1758922150343
299940.0,1618.2880553614968
299960.0,1618.4002185079262
299980.0,1618.5123816542912
300000.0,1618.6245448006391
300020.0,1618.7367079470127
300040.0,1618.8488710933898
300060.0,1618.9610342397486
300080.0,1619.0731973860984
300100.0,1619.1853605324602
300120.0,1619.2975236788302
300140.0,1619.4096868251816
300160.0,1619.5218499715065
300180.0,1619.634013117848
300200.0,1619.7461762642313
300220.0,1619.858339410639
300240.0,1619.9705025570734
300260.0,1620.0826657035323
300280.0,1620.1948288500246
300300.0,1620.306991996593
300320.0,1620.4191551432136
300340.0,1620.53131828984
300360.0,1620.6434814364056
300380.0,1620.7556445828761
300400.0,1620.8678077291904
300420.0,1620.9799708753148
300440.0,1621.0921340211753
300460.0,1621.2042971666592
300480.0,1621.3164603118337
300500.0,1621.4286234568724
300520.0,1621.540786602035
300540.0,1621.6529497478257
300560.0,1621.765112894914
300580.0,1621.8772760439447
300600.0,1621.9894391953264
300620.0,1622.101602349007
300640.0,1622.21376550413
300660.0,1622.3259286588448
300680.0,1622.4380918102029
300700.0,1622.5502549543933
300720.0,1622.6624180874257
300740.0,1622.7745812063072
300760.0,1622.8867443105767
300780.0,1622.9989074041878
300800.0,1623.111070497184
300820.0,1623.2232336063914
300840.0,1623.3353967544124
300860.0,1623.4475599660555
300880.0,1623.5597232618477
300900.0,1623.671886648723
300920.0,1623.7840501088547
300940.0,1623.8962135892323
300960.0,1624.0083769957
300980.0,1624.1205401964257
301000.0,1624.2327030396164
301020.0,1624.344865389268
301040.0,1624.4570271792159
301060.0,1624.5691884801256
301080.0,1624.6813495660488
301100.0,1624.7935109591042
301120.0,1624.9056734234925
301140.0,1625.017837877979
301160.0,1625.1300052014153
301180.0,1625.2421759241072
301200.0,1625.3543498297468
301220.0,1625.4665255374364
301240.0,1625.5787001851245
301260.0,1625.690869382878
301280.0,1625.8030276268003
301300.0,1625.9151693410736
301320.0,1626.0272906235684
301340.0,1626.1393915932888
301360.0,1626.251478977756
301380.0,1626.3635682649083
301400.0,1626.4756844434282
301420.0,1626.5878601721072
301440.0,1626.700130287765
301460.0,1626.8125220271088
301480.0,1626.925041307601
301500.0,1627.0376569051139
301520.0,1627.1502862420339
301540.0,1627.2627884066894
301560.0,1627.3749713699563
301580.0,1627.4866203487159
301600.0,1627.5975520046873
301620.0,1627.7076939221442
301640.0,1627.8171803176206
301660.0,1627.9264438091104
301680.0,1628.0362711685725
301700.0,1628.1477816186925
301720.0,1628.2622840816534
301740.0,1628.380980245378
301760.0,1628.5045082527706
301780.0,1628.6323696748366
301800.0,1628.7623478176472
301820.0,1628.8900987650413
301840.0,1629.0091594922383
301860.0,1629.1116428716302
301880.0,1629.1898447982107
301900.0,1629.2388425865129
301920.0,1629.2598969706307
301940.0,1629.2640894708195
301960.0,1629.2751807475934
301980.0,1629.3302646115062
302000.0,1629.4765719289092
302020.0,1629.7629444159015
302040.0,1630.2252497424195
302060.0,1630.8664883478832
302080.0,1631.634550182438
302100.0,1632.403285171857
302120.0,1632.9652144817023
302140.0,1633.045954643567
302160.0,1632.350105766815
302180.0,1630.6447443178845
302200.0,1627.8788088476742
302220.0,1624.32438787311
302240.0,1620.7103678500403
302260.0,1618.3031007455734
302280.0,1618.8778901440005
302300.0,1624.5263295177401
302320.0,1637.2660867940883
302340.0,1658.4691623342337
302360.0,1688.2062547017576
302380.0,1724.716720778056
302400.0,1764.344527866389
302420.0,1802.35752815769
302440.0,1834.5696575669149
302460.0,1858.629534194412
302480.0,1874.2918660588628
302500.0,1882.969492269453
302520.0,1886.9912562878228
302540.0,1888.86178186205
302560.0,1890.7076446058686
302580.0,1893.9865075024609
302600.0,1899.4257749477524
302620.0,1907.1167294435813
302640.0,1916.6922797148322
302660.0,1927.5064585377634
302680.0,1938.7635490719724
302700.0,1949.5826132959512
302720.0,1959.0402037119225
302740.0,1966.2104672557919
302760.0,1970.1897495050987
302780.0,1970.1449709932488
302800.0,1965.4169104854525
302820.0,1955.6669760824639
302840.0,1941.0260233136403
302860.0,1922.2326623800514
302880.0,1900.7186694720633
302900.0,1878.5688345130256
302920.0,1858.2822592633954
302940.0,1842.283036880082
302960.0,1832.2054301510937
302980.0,1828.0675521417627
303000.0,1827.48120951657
303020.0,1825.085918455014
303040.0,1812.4795084920108
303060.0,1778.94065241516
303080.0,1713.1771898646814
303100.0,1606.145825639067
303120.0,1454.6575354539445
303140.0,1264.965963749213
303160.0,1054.831310308719
303180.0,851.9296045285448
303200.0,686.6772481424429
303220.0,582.2608360286135
303240.0,549.1618305331672
303260.0,585.386405331938
303280.0,679.5863467471049
303300.0,814.818520643767
303320.0,971.7663212183228
303340.0,1131.1596892662444
303360.0,1275.7803414581228
303380.0,1392.6513734660464
303400.0,1475.1082667622638
303420.0,1523.277533842792
303440.0,1542.65212386548
303460.0,1541.7922758526033
303480.0,1530.0061301241126
303500.0,1515.4260074681608
303520.0,1503.775672014921
303540.0,1497.9589552481077
303560.0,1498.3586380231686
303580.0,1503.6165861320242
303600.0,1511.5940156440697
303620.0,1520.2216121582746
303640.0,1528.106343768672
303660.0,1534.847077673058
303680.0,1540.9563260646871
303700.0,1547.3483579109038
303720.0,1554.7152671240913
303740.0,1563.2102711748466
303760.0,1572.4215288937662
303780.0,1581.511452461497
303800.0,1589.420962383445
303820.0,1595.0960937172406
303840.0,1597.713613538494
303860.0,1596.8842866828668
303880.0,1592.7937974411514
303900.0,1586.2254606559218
303920.0,1578.5017729309156
303940.0,1571.4016824739895
303960.0,1567.0415666740607
303980.0,1567.6085274013494
304000.0,1574.868659280686
304020.0,1589.5048573339625
304040.0,1610.3711158276296
304060.0,1633.7759223734395
304080.0,1653.0248752277919
304100.0,1658.5138102068745
304120.0,1638.6883559910245
304140.0,1582.069907913454
304160.0,1480.3391525136733
304180.0,1332.1097831411464
304200.0,1146.5376575208436
304220.0,945.1508339916157
304240.0,759.5614043446292
304260.0,623.4245251377748
304280.0,562.2201871258128
304300.0,586.9072879959805
304320.0,692.1091952608774
304340.0,857.6320644948064
304360.0,1053.183518679201
304380.0,1246.5031470606198
304400.0,1412.0681634459452
304420.0,1535.7146670755212
304440.0,1614.5462261441405
304460.0,1654.0866060339727
304480.0,1664.5300695803508
304500.0,1657.3276926340143
304520.0,1642.719101567538
304540.0,1628.3583067442771
304560.0,1618.9099615133377
304580.0,1616.3595858223994
304600.0,1620.6927560681197
304620.0,1630.654554310305
304640.0,1644.4110577059134
304660.0,1660.003856139921
304680.0,1675.6123638462093
304700.0,1689.689836939655
304720.0,1701.0452843599494
304740.0,1708.8622676503232
304760.0,1712.6784236975946
304780.0,1712.3741004014119
304800.0,1708.1934161333163
304820.0,1700.809563225413
304840.0,1691.3775775595336
304860.0,1681.4040082981005
304880.0,1672.3667602382343
304900.0,1665.1732434680312
304920.0,1659.5491855201803
304940.0,1653.5218051481656
304960.0,1643.1995233606856
304980.0,1622.99096276233
305000.0,1586.384932477177
305020.0,1527.3923351584526
305040.0,1442.5787613276075
305060.0,1333.3442195538332
305080.0,1207.775872043482
305100.0,1080.9652652483198
305120.0,972.3883882548334
305140.0,900.3183690255731
305160.0,876.5761815201131
305180.0,903.6976699041179
305200.0,973.9898269278189
305220.0,1070.0640100936355
305240.0,1167.1929803717317
305260.0,1238.2663297033346
305280.0,1260.82973906664
305300.0,1223.3960900976015
305320.0,1128.943302325261
305340.0,994.9291219567391
305360.0,849.0816047428547
305380.0,720.8655291606476
305400.0,632.8310359060648
305420.0,596.931104145203
305440.0,615.3522523697251
305460.0,683.3419866646749
305480.0,792.1146517070448
305500.0,930.7648578580645
305520.0,1086.9014256742544
305540.0,1246.364507596619
305560.0,1392.86438426513
305580.0,1508.6002340380012
305600.0,1576.332243858913
305620.0,1582.0010742871013
305640.0,1517.1945371191591
305660.0,1381.7149019289009
305680.0,1186.2192380518582
305700.0,953.7854084880659
305720.0,718.1424254179733
305740.0,516.475410047564
305760.0,379.8251159633743
305780.0,327.3298682838622
305800.0,364.7677725227313
305820.0,485.1567069317748
305840.0,670.1399349307278
305860.0,892.282033092711
305880.0,1119.575754769952
305900.0,1322.7449018572934
305920.0,1481.9890017302137
305940.0,1589.533683288833
305960.0,1648.1552189779115
305980.0,1667.5815149208834
306000.0,1660.5126147674273
306020.0,1639.3705459926473
306040.0,1614.2314875156007
306060.0,1591.886355137284
306080.0,1575.7875823945965
306100.0,1566.6245988116343
306120.0,1563.23234448012
306140.0,1563.5151991246573
306160.0,1565.2068660736218
306180.0,1566.3977877756456
306200.0,1565.7894280478063
306220.0,1562.7356997448637
306240.0,1557.1642229745837
306260.0,1549.4202589847985
306280.0,1540.0483513107538
306300.0,1529.5763225723065
306320.0,1518.3801627974772
306340.0,1506.6645600722754
306360.0,1494.5414264796216
306380.0,1482.1359784495733
306400.0,1469.6689421722785
306420.0,1457.4837953078472
306440.0,1446.0224767939385
306460.0,1435.7601652951778
306480.0,1427.1300394397688
306500.0,1420.4398118328995
306520.0,1415.792259180076
306540.0,1413.0545834200589
306560.0,1411.913746468935
306580.0,1411.989487522588
306600.0,1412.9101856169632
306620.0,1414.3734436493507
306640.0,1416.2359443357598
306660.0,1418.613021769852
306680.0,1421.9425627721935
306700.0,1426.9615511301452
306720.0,1434.592019557544
306740.0,1445.748378313568
306760.0,1461.0223286670619
306780.0,1480.1874784184427
306800.0,1501.6055516630986
306820.0,1521.6932914576
306840.0,1534.6750818216146
306860.0,1532.9813717332452
306880.0,1508.4862017585829
306900.0,1454.546890138066
306920.0,1368.6298748307643
306940.0,1255.0049108837682
306960.0,1126.499615472719
306980.0,1003.7753070765148
307000.0,910.766145269187
307020.0,867.7921825708972
307040.0,885.7286203491645
307060.0,962.586345012019
307080.0,1083.3703191660043
307100.0,1224.480285028253
307120.0,1361.6070782763807
307140.0,1476.4909636792931
307160.0,1559.7416127702809
307180.0,1610.2671181041899
307200.0,1632.931491629371
307220.0,1635.7314409077353
307240.0,1627.2844682510934
307260.0,1615.030054577484
307280.0,1604.2377750230603
307300.0,1597.7671952968808
307320.0,1596.406155843173
307340.0,1599.5062934527762
307360.0,1605.6438650008429
307380.0,1613.1657523095469
307400.0,1620.5707001329363
307420.0,1626.707456347696
307440.0,1630.8086892530475
307460.0,1632.4314036161272
307480.0,1631.3539425435101
307500.0,1627.5251286042512
307520.0,1621.0463131417603
307540.0,1612.111990213838
307560.0,1600.9812906627315
307580.0,1588.0230220827302
307600.0,1573.7471397731026
307620.0,1558.799860734305
307640.0,1543.9405432630062
307660.0,1529.993783933867
307680.0,1517.8104308465743
307700.0,1508.250963754543
307720.0,1502.1232974805782
307740.0,1500.0360538259254
307760.0,1502.1299153395375
307780.0,1507.7022374577246
307800.0,1514.8156011680146
307820.0,1520.0092851682116
307840.0,1518.309476093163
307860.0,1503.721695807027
307880.0,1470.2633102000036
307900.0,1413.5278619449466
307920.0,1332.589112708169
307940.0,1231.7939483048372
307960.0,1121.635302031763
307980.0,1017.5654941113708
308000.0,936.387781167264
308020.0,892.0424084062759
308040.0,892.2935987185871
308060.0,936.5626231342885
308080.0,1015.3874379468849
308100.0,1112.5626719876277
308120.0,1210.258144907653
308140.0,1294.3649391831198
308160.0,1357.1904709370647
308180.0,1397.4535668169578
308200.0,1418.7262937406692
308220.0,1427.3067765918174
308240.0,1430.1169039789622
308260.0,1432.9391318847802
308280.0,1439.1502629691765
308300.0,1448.9920076472806
308320.0,1459.4006933643432
308340.0,1464.3982829576369
308360.0,1456.0467665206857
308380.0,1426.0315048625234
308400.0,1367.8412815673319
308420.0,1279.274104414168
308440.0,1164.6393879222244
308460.0,1035.6051485570415
308480.0,909.3890167466183
308500.0,804.5814868767545
308520.0,737.1803029476331
308540.0,717.8224717936449
308560.0,749.7908655402726
308580.0,827.7365589574678
308600.0,937.800085673467
308620.0,1060.4458151106849
308640.0,1176.1488000975135
308660.0,1270.6878607139156
308680.0,1337.3190683596501
308700.0,1376.1478166728364
308720.0,1392.0470603926412
308740.0,1392.2152402046447
308760.0,1384.0328683430998
308780.0,1373.5826009877346
308800.0,1364.9509876021716
308820.0,1360.1804560673168
308840.0,1359.644688941459
308860.0,1362.610823187581
308880.0,1367.8037397100454
308900.0,1373.8877047384549
308920.0,1379.7999206365434
308940.0,1384.8829731740916
308960.0,1388.859707414857
308980.0,1391.7298187429521
309000.0,1393.6455643452757
309020.0,1394.8256935402728
309040.0,1395.5155850305307
309060.0,1395.944455261341
309080.0,1396.2774003583036
309100.0,1396.5865499789222
309120.0,1396.8275262137438
309140.0,1396.849485261983
309160.0,1396.453755314254
309180.0,1395.4883857467712
309200.0,1393.930793278048
309220.0,1391.909906542299
309240.0,1389.6766939372033
309260.0,1387.5545067361732
309280.0,1385.9026556652038
309300.0,1385.0831428298861
309320.0,1385.353123739759
309340.0,1386.7323889888792
309360.0,1388.975068310571
309380.0,1391.6527479982833
309400.0,1394.2703313505324
309420.0,1396.357170764874
309440.0,1397.5344182889198
309460.0,1397.5583646035336
309480.0,1396.3401013398939
309500.0,1393.970079682991
309520.0,1390.770888456029
309540.0,1387.3318475078784
309560.0,1384.4757001498856
309580.0,1383.123623279203
309600.0,1384.0542555702475
309620.0,1387.586174530043
309640.0,1393.2592775691846
309660.0,1399.6410051300068
309680.0,1404.3614143587952
309700.0,1404.3399898883217
309720.0,1396.2083096211043
309740.0,1377.002674487578
309760.0,1345.0744099641345
309780.0,1301.044386324222
309800.0,1248.4983814446416
309820.0,1193.9869868863086
309840.0,1145.7887118508402
309860.0,1111.4935672587337
309880.0,1095.9787361902838
309900.0,1100.7022660750897
309920.0,1123.8827252677497
309940.0,1161.100893631696
309960.0,1206.164887006245
309980.0,1252.3458207268798
310000.0,1293.9645387861874
310020.0,1327.5707171136805
310040.0,1352.1151520381652
310060.0,1368.3951371806204
310080.0,1378.275163392298
310100.0,1383.9845187290905
310120.0,1387.642719271871
310140.0,1390.9749139194394
310160.0,1395.1614347884815
310180.0,1400.7916880484215
310200.0,1407.925022848607
310220.0,1416.210928392225
310240.0,1425.023287575953
310260.0,1433.6307628995849
310280.0,1441.325963587826
310300.0,1447.5221148939556
310320.0,1451.8274948401388
310340.0,1454.075963512822
310360.0,1454.316910563718
310380.0,1452.7674472853732
310400.0,1449.697632130615
310420.0,1445.2922404207561
310440.0,1439.552264827627
310460.0,1432.2324320722987
310480.0,1422.736907026221
310500.0,1410.0061408933498
310520.0,1392.5101394951525
310540.0,1368.5021807426067
310560.0,1336.5914488640854
310580.0,1296.548902628897
310600.0,1250.1313611472765
310620.0,1201.5410892789669
310640.0,1157.0535233935984
310660.0,1123.3207034356158
310680.0,1104.9779500089655
310700.0,1103.3113479318074
310720.0,1116.3319562914614
310740.0,1139.6465215832545
310760.0,1167.6388251458839
310780.0,1194.7016101697768
310800.0,1216.401421986571
310820.0,1230.3749042884456
310840.0,1236.5823715367555
310860.0,1236.8293301473957
310880.0,1233.858523412149
310900.0,1230.455337127093
310920.0,1228.8889867723437
310940.0,1230.694246028433
310960.0,1236.6592768274159
310980.0,1246.900771362528
311000.0,1260.9589436692145
311020.0,1277.9093321931807
311040.0,1296.5541192663395
311060.0,1315.7558699156841
311080.0,1334.7576914168274
311100.0,1353.2803854134872
311120.0,1371.4266685045573
311140.0,1389.484652581301
311160.0,1407.668613148543
311180.0,1425.880778011585
311200.0,1443.6410187049876
311220.0,1460.2072138076505
311240.0,1474.7893938165569
311260.0,1486.7309186839427
311280.0,1495.6118894754616
311300.0,1501.2662272405619
311320.0,1503.7305687092485
311340.0,1503.1940177354727
311360.0,1499.961886154704
311380.0,1494.4042880256413
311400.0,1486.90266747279
311420.0,1477.807849401131
311440.0,1467.4207631562804
311460.0,1456.0009670036575
311480.0,1443.82502773135
311500.0,1431.2885443626367
311520.0,1418.9846117205946
311540.0,1407.6688051674103
311560.0,1398.0648864261736
311580.0,1390.6299977814865
311600.0,1385.413690086872
311620.0,1382.0762155503953
311640.0,1380.022362992089
311660.0,1378.5509236888238
311680.0,1376.9757658764495
311700.0,1374.7121827779824
311720.0,1371.3812308216482
311740.0,1366.9101935102522
311760.0,1361.566984550167
311780.0,1355.9139591831045
311800.0,1350.6896956057935
311820.0,1346.629149123069
311840.0,1344.2899753823972
311860.0,1343.9544708843964
311880.0,1345.6384546533354
311900.0,1349.1725352895758
311920.0,1354.25735300532
311940.0,1360.4221389294016
311960.0,1366.995679226437
311980.0,1373.1867898370301
312000.0,1378.2875017813444
312020.0,1381.9069559143957
312040.0,1384.0500788716654
312060.0,1385.0508010223216
312080.0,1385.429125506679
312100.0,1385.700544713191
312120.0,1386.2257581344406
312140.0,1387.1472032209667
312160.0,1388.395756372708
312180.0,1389.7582774724424
312200.0,1390.9688461329545
312220.0,1391.822617772564
312240.0,1392.3080252107907
312260.0,1392.6891748903631
312280.0,1393.5410752568007
312300.0,1395.736492025916
312320.0,1400.3401058949821
312340.0,1408.3486678692152
312360.0,1420.2606154408738
312380.0,1435.5094193248785
312400.0,1451.8848665508428
312420.0,1465.1622280161105
312440.0,1469.1804754436253
312460.0,1456.572037993346
312480.0,1420.2406942666491
312500.0,1355.5172869880887
312520.0,1262.6549040056645
312540.0,1149.060538384671
312560.0,1030.2678363136176
312580.0,928.174409680519
312600.0,865.0577146440495
312620.0,855.0046368306015
312640.0,898.921698745904
312660.0,985.3406790032138
312680.0,1094.9939531117664
312700.0,1207.0652916884894
312720.0,1304.9018800433244
312740.0,1378.9421604660283
312760.0,1426.6638826949527
312780.0,1450.8290431012424
312800.0,1457.2123402679695
312820.0,1452.5536911228314
312840.0,1443.097185958993
312860.0,1433.7236048551347
312880.0,1427.5349363156854
312900.0,1425.8341062941213
312920.0,1428.4637623162603
312940.0,1434.364036887543
312960.0,1442.1277628002133
312980.0,1450.4333354479372
313000.0,1458.3269380092484
313020.0,1465.29605229643
313040.0,1471.2060059168966
313060.0,1476.2010996423828
313080.0,1480.5873824094274
313100.0,1484.6960878511115
313120.0,1488.6977801487953
313140.0,1492.448509477923
313160.0,1495.5209728504906
313180.0,1497.4499706999534
313200.0,1497.9817721956458
313220.0,1497.1677765956433
313240.0,1495.31788827728
313260.0,1492.8530868173316
313280.0,1490.146716893329
313300.0,1487.4384098853488
313320.0,1484.830252031115
313340.0,1482.3320807619207
313360.0,1479.9418002830967
313380.0,1477.6962813200385
313400.0,1475.633380942942
313420.0,1473.7082824295783
313440.0,1471.7465942340502
313460.0,1469.4834766093643
313480.0,1466.6532701134884
313500.0,1463.0578077399525
313520.0,1458.623902986614
313540.0,1453.4375598916943
313560.0,1447.7111652986955
313580.0,1441.6997486709568
313600.0,1435.6118892843742
313620.0,1429.556305773126
313640.0,1423.564700087622
313660.0,1417.6581359933195
313680.0,1411.888828639541
313700.0,1406.3208314633484
313720.0,1400.9836088469124
313740.0,1395.8641330074063
313760.0,1390.928505479213
313780.0,1386.1192634345534
313800.0,1381.3269252213915
313820.0,1376.4295133356302
313840.0,1371.425001236585
313860.0,1366.540238754651
313880.0,1362.2650788610786
313900.0,1359.3233277989461
313920.0,1358.5885297553273
313940.0,1360.936513561367
313960.0,1366.9928487313039
313980.0,1376.7956768695005
314000.0,1389.515732453274
314020.0,1403.446703273647
314040.0,1416.4034852228485
314060.0,1426.4965075198452
314080.0,1432.9040266393679
314100.0,1436.1729201468693
314120.0,1437.9843239130073
314140.0,1440.5676298661792
314160.0,1445.9568139458017
314180.0,1455.22810445533
314200.0,1467.7773239097396
314220.0,1480.7395798614984
314240.0,1488.72680551457
314260.0,1484.0941781511085
314280.0,1457.959616253072
314300.0,1402.1113817037399
314320.0,1311.7158493463578
314340.0,1188.4091553157718
314360.0,1042.8557449254345
314380.0,895.2965836373007
314400.0,772.1585095146686
314420.0,697.7078262745032
314440.0,685.282478843545
314460.0,734.2297367800729
314480.0,832.0538878421
314500.0,959.0798224455044
314520.0,1093.6812289888735
314540.0,1216.8813672795131
314560.0,1315.594785592993
314580.0,1383.9387050175053
314600.0,1422.4676499049838
314620.0,1436.1263783509469
314640.0,1431.95472558641
314660.0,1417.2262580217525
314680.0,1398.295639579608
314700.0,1380.105339422009
314720.0,1366.0333469283057
314740.0,1357.8656810660832
314760.0,1355.945250867768
314780.0,1359.4942719451565
314800.0,1367.0316706157666
314820.0,1376.821930332117
314840.0,1387.2521152149207
314860.0,1397.0295212338929
314880.0,1405.2267831271786
314900.0,1411.3099334953554
314920.0,1415.1804131604108
314940.0,1417.162934732521
314960.0,1417.9327040693101
314980.0,1418.3882758729146
315000.0,1419.4569350350243
315020.0,1421.799296868989
315040.0,1425.387949240437
315060.0,1429.157873917085
315080.0,1430.9427051693833
315100.0,1427.7610003873292
315120.0,1416.4403876053475
315140.0,1394.5232268350242
315160.0,1361.3210694924805
315180.0,1318.8330889400488
315200.0,1272.1091791874808
315220.0,1228.528965711167
315240.0,1196.0563638827302
315260.0,1181.4764627469651
315280.0,1189.0640916258878
315300.0,1219.5794166768371
315320.0,1269.6673804485577
315340.0,1332.079019414031
315360.0,1397.359580329595
315380.0,1456.7070823720999
315400.0,1504.0622818163035
315420.0,1536.6231616612163
315440.0,1554.33800438376
315460.0,1559.0176499924105
315480.0,1553.5094469923567
315500.0,1541.1230621291943
315520.0,1525.2916485514897
315540.0,1509.2959366581726
315560.0,1495.8609827186508
315580.0,1486.7451760112758
315600.0,1482.5951425769404
315620.0,1483.1049289702648
315640.0,1487.3182309294818
315660.0,1493.9559373207076
315680.0,1501.7078056646296
315700.0,1509.4353070247464
315720.0,1516.2781694558262
315740.0,1521.6833837329732
315760.0,1525.3723673474174
315780.0,1527.2697910119814
315800.0,1527.4112702711284
315820.0,1525.878125185567
315840.0,1522.7896991204807
315860.0,1518.352497820453
315880.0,1512.9298495143246
315900.0,1507.0817849989753
315920.0,1501.5243926764967
315940.0,1496.9545809016718
315960.0,1493.7803970526766
315980.0,1491.9527610211821
316000.0,1490.975225596061
316020.0,1490.0373523645749
316040.0,1488.2049238115671
316060.0,1484.607819193445
316080.0,1478.6327863709782
316100.0,1470.130405670983
316120.0,1459.560628532476
316140.0,1447.9857333878113
316160.0,1436.8556909153174
316180.0,1427.661804702637
316200.0,1421.6827720543229
316220.0,1419.8261637196824
316240.0,1422.461254319267
316260.0,1429.2619054548336
316280.0,1439.1420746232282
316300.0,1450.4017941293919
316320.0,1461.1765953143208
316340.0,1469.9959089317153
316360.0,1476.0787998816452
316380.0,1479.3087748834703
316400.0,1480.022376724031
316420.0,1478.7542643396368
316440.0,1476.027034990821
316460.0,1472.2588745361568
316480.0,1467.759311454392
316500.0,1462.7634323143398
316520.0,1457.4921985524606
316540.0,1452.2399439328833
316560.0,1447.4252085369612
316580.0,1443.5586574941044
316600.0,1441.1291010145783
316620.0,1440.4341589591377
316640.0,1441.4430994681156
316660.0,1443.7815673049438
316680.0,1446.8309816955696
316700.0,1449.9100152049953
316720.0,1452.4900743502458
316740.0,1454.328408393929
316760.0,1455.445300774359
316780.0,1455.9827042789934
316800.0,1456.0566686549314
316820.0,1455.7130921323721
316840.0,1454.9651835481384
316860.0,1453.8440815092113
316880.0,1452.4146657401202
316900.0,1450.7758621317266
316920.0,1449.040651272368
316940.0,1447.3176291788252
316960.0,1445.6828919659931
316980.0,1444.133172065531
317000.0,1442.5367847734442
317020.0,1440.6306857675318
317040.0,1438.0797249012298
317060.0,1434.5542300670709
317080.0,1429.8271715117276
317100.0,1423.8739387526402
317120.0,1416.9250017853742
317140.0,1409.4201361530131
317160.0,1401.8653372913773
317180.0,1394.6961463506736
317200.0,1388.2267022648678
317220.0,1382.6908990474242
317240.0,1378.336548310989
317260.0,1375.4939724696637
317280.0,1374.5542692484364
317300.0,1375.8423522328092
317320.0,1379.4410323525358
317340.0,1385.0500879819442
317360.0,1391.9203406125566
317380.0,1398.9619154952106
317400.0,1405.0416705774255
317420.0,1409.324652440896
317440.0,1411.4825454690213
317460.0,1411.6860752698835
317480.0,1410.4454624508157
317500.0,1408.4028938236609
317520.0,1406.174923508033
317540.0,1404.2732539873218
317560.0,1403.0945161335444
317580.0,1402.9463525879553
317600.0,1404.0623095553653
317620.0,1406.6172968571407
317640.0,1410.7473777147848
317660.0,1416.5344375886878
317680.0,1423.967486256974
317700.0,1432.9082919064044
317720.0,1443.0879689094772
317740.0,1454.2308291868007
317760.0,1466.3060578987356
317780.0,1479.6194175101077
317800.0,1494.5320900951162
317820.0,1510.9040213384153
317840.0,1527.4380654793906
317860.0,1541.1231282656904
317880.0,1546.99129365797
317900.0,1538.4233472349074
317920.0,1508.178206754326
317940.0,1450.1903989442221
317960.0,1361.9871029509757
317980.0,1247.2231288730663
318000.0,1117.4116048940214
318020.0,991.4932349300743
318040.0,891.6527459672492
318060.0,835.8936998472507
318080.0,832.5343424020059
318100.0,879.4015852371842
318120.0,966.061161103829
318140.0,1077.2063330040723
318160.0,1196.079421094489
318180.0,1307.4221460551066
318200.0,1399.7779370524993
318220.0,1466.6791007759844
318240.0,1506.1238906369226
318260.0,1518.895024038291
318280.0,1506.7993370012978
318300.0,1471.5929643470274
318320.0,1414.9237278212768
318340.0,1339.2016318349793
318360.0,1248.9550265689602
318380.0,1151.889556281635
318400.0,1058.5654836827996
318420.0,980.1957837394751
318440.0,926.2251134637206
318460.0,903.0931603707937
318480.0,913.7109484148634
318500.0,957.0203922285551
318520.0,1027.4730770102128
318540.0,1114.7928980314125
318560.0,1204.875304185692
318580.0,1282.5502349205494
318600.0,1335.0531975586389
318620.0,1354.271034571454
318640.0,1337.6052564935583
318660.0,1288.0984882020152
318680.0,1214.1995967524526
318700.0,1128.9446154999866
318720.0,1047.8600498406176
318740.0,985.4140108687612
318760.0,951.8701216387208
318780.0,952.0025300761703
318800.0,985.0927009548028
318820.0,1045.4478970090804
318840.0,1123.1793763317703
318860.0,1205.4870142666314
318880.0,1278.9432954293986
318900.0,1332.3367613734151
318920.0,1358.5380930648812
318940.0,1354.961376359642
318960.0,1323.0733928125699
318980.0,1267.2653987757096
319000.0,1193.5086224811462
319020.0,1108.415381377387
319040.0,1018.9266852937493
319060.0,932.4656356716507
319080.0,857.2089089192721
319100.0,802.0596833114969
319120.0,775.9573239740985
319140.0,786.3429820338507
319160.0,836.9250207482321
319180.0,925.3510097710177
319200.0,1041.9657796815675
319220.0,1171.2955180286108
319240.0,1296.5127485226499
319260.0,1403.4893313061816
319280.0,1481.9501410859477
319300.0,1524.6348272328926
319320.0,1526.1010549804237
319340.0,1482.3633690202785
319360.0,1391.9279999723472
319380.0,1258.1011056090167
319400.0,1091.688816070523
319420.0,912.4406360631203
319440.0,747.0736405553704
319460.0,622.976114755661
319480.0,560.9882309634261
319500.0,570.5016885691396
319520.0,647.1743355601786
319540.0,773.6327891796157
319560.0,924.2683241608654
319580.0,1073.438707493705
319600.0,1202.4039967269866
319620.0,1301.7739518630265
319640.0,1370.1935319468173
319660.0,1411.0828268711348
319680.0,1428.9859890410278
319700.0,1426.6408504594485
319720.0,1403.4556817785553
319740.0,1355.6831617286196
319760.0,1278.2444389814739
319780.0,1167.8605256105025
319800.0,1026.7135246556509
319820.0,865.3080358978744
319840.0,702.7206736406818
319860.0,562.4474608723356
319880.0,465.025137665856
319900.0,422.79558612201197
319920.0,438.8606156979308
319940.0,508.41947895407645
319960.0,620.7512429286182
319980.0,760.9944349556387
320000.0,911.715880996799
320020.0,1054.9286426148035
320040.0,1175.3397170556098
320060.0,1263.7676609600217
320080.0,1318.2187959173918
320100.0,1342.569462388879
320120.0,1344.2251121212435
320140.0,1331.7776368039558
320160.0,1313.185436949257
320180.0,1294.6725908319513
320200.0,1280.3145949273187
320220.0,1272.129410328361
320240.0,1270.4804623655677
320260.0,1274.62066140707
320280.0,1283.2071029826254
320300.0,1294.6934151993096
320320.0,1307.564441963554
320340.0,1320.4244389809032
320360.0,1331.9876540133137
320380.0,1341.0895227862525
320400.0,1346.7999742847246
320420.0,1348.6006959311153
320440.0,1346.5037046316806
320460.0,1341.017851810962
320480.0,1332.9954500729402
320500.0,1323.4411321830507
320520.0,1313.3624936758747
320540.0,1303.6937840505125
320560.0,1295.276810443943
320580.0,1288.8540325596996
320600.0,1285.0292032711734
320620.0,1284.1383429749458
320640.0,1285.9979645288167
320660.0,1289.5815011593006
320680.0,1292.7892870579828
320700.0,1292.4598088125422
320720.0,1284.6504476902503
320740.0,1265.254843487391
320760.0,1231.000228964415
320780.0,1180.7279448957543
320800.0,1116.6775106504072
320820.0,1045.219865921064
320840.0,976.2509077127031
320860.0,920.5331716070301
320880.0,886.1208708455597
320900.0,876.5392010937645
320920.0,891.0406943960446
320940.0,925.869479941395
320960.0,975.676845918686
320980.0,1034.606648723889
321000.0,1096.8907895961675
321020.0,1157.0347180395354
321040.0,1209.8205951006569
321060.0,1250.402369044001
321080.0,1274.6067780221338
321100.0,1279.260352109794
321120.0,1262.513046718842
321140.0,1224.353843125002
321160.0,1167.3226844242265
321180.0,1097.0776890106738
321200.0,1022.1618661065077
321220.0,952.1841794922711
321240.0,894.879349834481
321260.0,854.2861102863608
321280.0,830.714833579443
321300.0,821.7409025298687
321320.0,823.5113558537405
321340.0,831.9137040056894
321360.0,843.3856518147038
321380.0,855.3168627043584
321400.0,866.103208637245
321420.0,874.9673923060094
321440.0,881.6713542648322
321460.0,886.2307773369573
321480.0,888.713179035233
321500.0,889.167252861276
321520.0,887.6967183192722
321540.0,884.6583398249164
321560.0,880.9312625422923
321580.0,878.1747837357336
321600.0,878.968507361471
321620.0,886.7209026477728
321640.0,905.251718105136
321660.0,938.0144026890833
321680.0,987.0387076098812
321700.0,1051.846162093161
321720.0,1128.8147594184506
321740.0,1211.6592640197644
321760.0,1293.2094180826082
321780.0,1367.322622590244
321800.0,1429.841284137499
321820.0,1478.6900048046039
321840.0,1513.699416408671
321860.0,1536.4110570300504
321880.0,1549.6838135080632
321900.0,1557.0857263992448
321920.0,1562.2872640675835
321940.0,1568.5868621678478
321960.0,1578.5135147800825
321980.0,1593.4299456894646
322000.0,1613.0925913412023
322020.0,1635.1446238580697
322040.0,1654.6498864539437
322060.0,1663.9186546251462
322080.0,1652.9310035619278
322100.0,1610.6038035386414
322120.0,1527.0533823342453
322140.0,1396.73420391767
322160.0,1221.8229827400532
322180.0,1014.5845643939108
322200.0,796.7645045123132
322220.0,593.9605245682358
322240.0,426.97382870995733
322260.0,306.5944517862714
322280.0,233.41514586523718
322300.0,200.5069856924228
322320.0,196.99003507767927
322340.0,211.2577603868357
322360.0,233.24792701818515
322380.0,255.6242443029467
322400.0,274.0264421405424
322420.0,286.6822667595029
322440.0,293.6932805613786
322460.0,296.252779274722
322480.0,295.96904337174504
322500.0,294.38048953508735
322520.0,292.6791341646804
322540.0,291.61260630636525
322560.0,291.5124747049898
322580.0,292.3930205999861
322600.0,294.0731372589556
322620.0,296.288341156362
322640.0,298.77491136970855
322660.0,301.32073920733666
322680.0,303.7861098590145
322700.0,306.1022284750455
322720.0,308.25655491499055
322740.0,310.2730021448527
322760.0,312.19287377312895
322780.0,314.0599535304238
322800.0,315.9110050044831
322820.0,317.7713912779088
322840.0,319.6546433843513
322860.0,321.564501280481
322880.0,323.49805342613746
322900.0,325.44893018549203
322920.0,327.4099085570747
322940.0,329.37465407016856
322960.0,331.3386018325685
322980.0,333.29914538561746
323000.0,335.2553700461034
323020.0,337.20756252868813
323040.0,339.1566805990571
323060.0,341.1039017003579
323080.0,343.05030715163576
323100.0,344.9967097904954
323120.0,346.94360192195427
323140.0,348.8911861749556
323160.0,350.83945051479003
323180.0,352.78825537866805
323200.0,354.7374111969082
323220.0,356.6867350190772
323240.0,358.6360834845765
323260.0,360.58536506890874
323280.0,362.5345374099534
323300.0,364.48359612791523
323320.0,366.43256067370214
323340.0,368.38146113212804
323360.0,370.33032816962515
323380.0,372.2791868396124
323400.0,374.22805392661155
323420.0,376.1769379478539
323440.0,378.12584076230576
323460.0,380.07475983919466
323480.0,382.0236904842737
323500.0,383.97262760748066
323520.0,385.9215668693374
323540.0,387.8705052285276
323560.0,389.81944102066046
323580.0,391.76837373812276
323600.0,393.7173036718712
323620.0,395.66623153938696
323640.0,397.6151581766384
323660.0,399.56408432867505
323680.0,401.51301054061116
323700.0,403.4619371305686
323720.0,405.41086421748525
323740.0,407.35979177666127
323760.0,409.3087197012965
323780.0,411.2576478556963
323800.0,413.20657611306444
323820.0,415.1555043766656
323840.0,417.10443258677907
323860.0,419.05336071767897
323880.0,421.00228876920755
323900.0,422.9512167567017
323920.0,424.9001447018935
323940.0,426.84907262615206
323960.0,428.7980005464775
323980.0,430.74692847392055
324000.0,432.69585641379115
324020.0,434.6447843668766
324040.0,436.59371233109994
324060.0,438.5426403030316
324080.0,440.49156827908473
324100.0,442.440496256285
324120.0,444.3894242326254
324140.0,446.33835220705834
324160.0,448.28728017931724
324180.0,450.2362081496696
324200.0,452.1851361186506
324220.0,454.1340640868275
324240.0,456.0829920547092
324260.0,458.03192002266206
324280.0,459.98084799088866
324300.0,461.92977595945683
324320.0,463.8787039283387
324340.0,465.827631897466
324360.0,467.7765598667512
324380.0,469.7254878361083
324400.0,471.6744158054691
324420.0,473.6233437748103
324440.0,475.572271744103
324460.0,477.5211997133335
324480.0,479.4701276825176
324500.0,481.41905565168224
324520.0,483.3679836208379
324540.0,485.3169115899941
324560.0,487.26583955915214
324580.0,489.2147675283171
324600.0,491.16369549748595
324620.0,493.11262346664364
324640.0,495.06155143579974
324660.0,497.01047940496466
324680.0,498.9594073741306
324700.0,500.9083353433064
324720.0,502.8572633124971
324740.0,504.80619128169167
324760.0,506.7551192508812
324780.0,508.70404722005867
324800.0,510.65297518922563
324820.0,512.6019031583807
324840.0,514.5508311275286
324860.0,516.4997590966807
324880.0,518.448687065836
324900.0,520.3976150349937
324920.0,522.3465430041637
324940.0,524.2954709733419
324960.0,526.2443989425283
324980.0,528.1933269117222
325000.0,530.1422548809144
325020.0,532.0911828500978
325040.0,534.04011081928
325060.0,535.9890387884598
325080.0,537.9379667576376
325100.0,539.8868947268147
325120.0,541.835822695973
325140.0,543.7847506651418
325160.0,545.7336786343296
325180.0,547.6826066035151
325200.0,549.6315345726928
325220.0,551.5804625418775
325240.0,553.5293905110827
325260.0,555.4783184803202
325280.0,557.42724644957
325300.0,559.3761744187915
325320.0,561.3251023879855
325340.0,563.2740303571625
325360.0,565.2229583263365
325380.0,567.1718862955148
325400.0,569.1208142646843
325420.0,571.0697422338194
325440.0,573.0186702029243
325460.0,574.9675981720036
325480.0,576.9165261410686
325500.0,578.8654541101503
325520.0,580.814382079259
325540.0,582.7633100483927
325560.0,584.7122380175445
325580.0,586.6611659867012
325600.0,588.610093955881
325620.0,590.5590219250805
325640.0,592.5079498942987
325660.0,594.4568778635255
325680.0,596.4058058327249
325700.0,598.354733801895
325720.0,600.3036617710493
325740.0,602.2525897402032
325760.0,604.2015177093714
325780.0,606.1504456785628
325800.0,608.0993736477682
325820.0,610.0483016169834
325840.0,611.9972295862028
325860.0,613.9461575554146
325880.0,615.8950855246179
325900.0,617.844013493824
325920.0,619.7929414630297
325940.0,621.7418694322271
325960.0,623.6907974013886
325980.0,625.6397253704953
326000.0,627.5886533395866
326020.0,629.5375813087113
326040.0,631.4865092778773
326060.0,633.4354372470783
326080.0,635.3843652162836
326100.0,637.3332931854803
326120.0,639.2822211546825
326140.0,641.2311491238786
326160.0,643.1800770930503
326180.0,645.1290050621994
326200.0,647.0779330313242
326220.0,649.0268610004463
326240.0,650.9757889695844
326260.0,652.9247169387417
326280.0,654.8736449079131
326300.0,656.8225728770915
326320.0,658.7715008462794
326340.0,660.7204288154651
326360.0,662.6693567846548
326380.0,664.6182847538503
326400.0,666.56721272304
326420.0,668.516140692228
326440.0,670.4650686614293
326460.0,672.4139966306474
326480.0,674.3629245998648
326500.0,676.3118525690941
326520.0,678.2607805383429
326540.0,680.209708507576
326560.0,682.1586364767832
326580.0,684.1075644459628
326600.0,686.056492415112
326620.0,688.0054203842525
326640.0,689.9543483533992
326660.0,691.9032763225435
326680.0,693.8522042916916
326700.0,695.8011322608374
326720.0,697.7500602299654
326740.0,699.6989881990947
326760.0,701.647916168251
326780.0,703.5968441374166
326800.0,705.5457721065876
326820.0,707.4947000757743
326840.0,709.4436280449593
326860.0,711.3925560141266
326880.0,713.3414839832933
326900.0,715.2904119524776
326920.0,717.2393399216696
326940.0,719.1882678908421
326960.0,721.1371958599805
326980.0,723.0861238291178
327000.0,725.0350517982705
327020.0,726.9839797674193
327040.0,728.9329077365595
327060.0,730.881835705711
327080.0,732.8307636748982
327100.0,734.7796916440974
327120.0,736.7286196132893
327140.0,738.677547582465
327160.0,740.6264755516233
327180.0,742.5754035207787
327200.0,744.524331489936
327220.0,746.4732594590881
327240.0,748.4221874282454
327260.0,750.3711153974148
327280.0,752.3200433665786
327300.0,754.2689713357348
327320.0,756.2178993049004
327340.0,758.1668272740797
327360.0,760.1157552432502
327380.0,762.0646832124069
327400.0,764.0136111815626
327420.0,765.9625391507324
327440.0,767.9114671199256
327460.0,769.8603950891314
327480.0,771.8093230583213
327500.0,773.758251027494
327520.0,775.7071789966789
327540.0,777.6561069658775
327560.0,779.6050349350909
327580.0,781.5539629043071
327600.0,783.5028908735123
327620.0,785.4518188427016
327640.0,787.4007468118803
327660.0,789.3496747810577
327680.0,791.2986027502363
327700.0,793.2475307194092
327720.0,795.1964586885728
327740.0,797.1453866577327
327760.0,799.0943146268954
327780.0,801.0432425960622
327800.0,802.9921705652152
327820.0,804.94109853437
327840.0,806.8900265035511
327860.0,808.8389544727573
327880.0,810.7878824419784
327900.0,812.7368104111881
327920.0,814.6857383803775
327940.0,816.6346663495358
327960.0,818.583594318675
327980.0,820.5325222878125
328000.0,822.4814502569732
328020.0,824.4303782261513
328040.0,826.3793061953205
328060.0,828.3282341644796
328080.0,830.277162133649
328100.0,832.226090102834
328120.0,834.1750180720401
328140.0,836.1239460412468
328160.0,838.0728740104529
328180.0,840.0218019796603
328200.0,841.9707299488664
328220.0,843.9196579180731
328240.0,845.8685858872807
328260.0,847.8175138564781
328280.0,849.7664418256452
328300.0,851.7153697947688
328320.0,853.6642977638425
328340.0,855.6132257328782
328360.0,857.5621537019275
328380.0,859.5110816710373
328400.0,861.4600096402589
328420.0,863.4089376096333
328440.0,865.3578655791587
328460.0,867.3067935488198
328480.0,869.2557215185363
328500.0,871.204649488173
328520.0,873.153577457539
328540.0,875.1025054263603
328560.0,877.0514333943966
328580.0,879.0003613615266
328600.0,880.9492893278399
328620.0,882.8982172937406
328640.0,884.847145260017
328660.0,886.7960732278009
328680.0,888.7450011985013
328700.0,890.6939291735416
328720.0,892.6428571538945
328740.0,894.5917851394264
328760.0,896.5407131282248
328780.0,898.4896411161147
328800.0,900.4385690965144
328820.0,902.3874970609273
328840.0,904.3364250004466
328860.0,906.2853529083408
328880.0,908.2342807836643
328900.0,910.1832086353319
328920.0,912.1321364856631
328940.0,914.0810643719993
328960.0,916.0299923444852
328980.0,917.9789204583167
329000.0,919.927848759273
329020.0,921.8767772628586
329040.0,923.8257059295856
329060.0,925.774634641675
329080.0,927.7235631898695
329100.0,929.6724912810083
329120.0,931.6214185774525
329140.0,933.5703447765679
329160.0,935.5192697309561
329180.0,937.4681935971988
329200.0,939.4171169839623
329220.0,941.3660410514715
329240.0,943.3149674986525
329260.0,945.2638983685887
329280.0,947.2128356163936
329300.0,949.1617804232134
329320.0,951.1107323111219
329340.0,953.0596882134657
329360.0,955.0086417706294
329380.0,956.9575832246277
329400.0,958.9065003374786
329420.0,960.8553807065449
329440.0,962.8042156445632
329460.0,964.7530053986193
329480.0,966.7017649041258
329500.0,968.6505285734286
329520.0,970.5993519490587
329540.0,972.5483076428876
329560.0,974.4974731358782
329580.0,976.4469090465554
329600.0,978.3966286318937
329620.0,980.3465626014813
329640.0,982.2965274977299
329660.0,984.2462101364563
329680.0,986.1951835967171
329700.0,988.1429702188194
329720.0,990.0891620493837
329740.0,992.0335975189025
329760.0,993.9765742654333
329780.0,995.9190532823804
329800.0,997.862783093188
329820.0,999.81025181771
329840.0,1001.7643701743782
329860.0,1003.7278116684381
329880.0,1005.7019982888014
329900.0,1007.6858263971322
329920.0,1009.6743728674139
329940.0,1011.6579846622635
329960.0,1013.6222950680731
329980.0,1015.5497666704426
330000.0,1017.4232622714615
330020.0,1019.231820479146
330040.0,1020.9782197338743
330060.0,1022.6870685313022
330080.0,1024.4111675344896
330100.0,1026.232975055824
330120.0,1028.2575163312529
330140.0,1030.5934441657216
330160.0,1033.320627684253
330180.0,1036.4459329822448
330200.0,1039.853768022533
330220.0,1043.263981423828
330240.0,1046.215631167738
330260.0,1048.0990282051282
330280.0,1048.2577609738096
330300.0,1046.174398913335
330320.0,1041.7361409472126
330340.0,1035.5494060615467
330360.0,1029.2378272501567
330380.0,1025.6230383545985
330400.0,1028.6635774408828
330420.0,1043.0301119115616
330440.0,1073.2433713676123
330460.0,1122.411524562552
330480.0,1190.7859728966582
330500.0,1274.604610025514
330520.0,1365.9814090223376
330540.0,1454.6768707338579
330560.0,1531.3798489922215
330580.0,1590.365225273091
330600.0,1630.1787438895844
330620.0,1652.84223243027
330640.0,1662.4310859155867
330660.0,1663.62595292338
330680.0,1660.6151730921174
330700.0,1656.4813790909823
330720.0,1653.036963440719
330740.0,1651.023564386503
330760.0,1650.4930957527285
330780.0,1651.155422004543
330800.0,1652.605238829101
330820.0,1654.4153537989423
330840.0,1656.1280623779767
330860.0,1657.201539381353
330880.0,1656.9584227925784
330900.0,1654.5702476470735
330920.0,1649.0948476568242
330940.0,1639.585499979466
330960.0,1625.2871112395333
330980.0,1605.8953750771022
331000.0,1581.8287123433697
331020.0,1554.4231962979966
331040.0,1525.8167371348761
331060.0,1498.3512552133895
331080.0,1473.8197076832312
331100.0,1453.1169440160584
331120.0,1436.4253605588456
331140.0,1423.664781247408
331160.0,1414.9760861714606
331180.0,1411.0729384781503
331200.0,1413.3041225465872
331220.0,1423.3415703075677
331240.0,1442.483892832477
331260.0,1470.6737369973384
331280.0,1505.462074106105
331300.0,1541.2197540018901
331320.0,1569.0119880037987
331340.0,1577.6211562937901
331360.0,1555.8455205918638
331380.0,1495.5188317630318
331400.0,1394.6960649678615
331420.0,1260.4621502799607
331440.0,1110.2848177949813
331460.0,970.2387147124025
331480.0,868.3031435054506
331500.0,824.2003373116795
331520.0,842.551445471111
331540.0,912.3624343192116
331560.0,1011.4225304904219
331580.0,1113.46642546785
331600.0,1194.7799082638473
331620.0,1238.017844895748
331640.0,1233.7162848820712
331660.0,1180.7445198751668
331680.0,1086.386714279298
331700.0,965.9545190896088
331720.0,841.0429319394816
331740.0,735.0989899849466
331760.0,666.9521955422472
331780.0,646.6900252237702
331800.0,675.6496496574281
331820.0,748.7115089895353
331840.0,857.063431735746
331860.0,990.3546786336319
331880.0,1137.856234848805
331900.0,1288.8071191324702
331920.0,1432.527556902538
331940.0,1559.0979471820203
331960.0,1661.121194329629
331980.0,1735.5246216711653
332000.0,1783.750680910401
332020.0,1810.4968607060782
332040.0,1821.993377516769
332060.0,1824.4965133694918
332080.0,1823.2775019307096
332100.0,1822.1536369715982
332120.0,1823.4385635888314
332140.0,1828.1320261105989
332160.0,1836.211793600884
332180.0,1846.9064993601667
332200.0,1858.8982361199755
332220.0,1870.4418860465576
332240.0,1879.42211692505
332260.0,1883.4209155941967
332280.0,1879.8952398011668
332300.0,1866.5291797926816
332320.0,1841.7738935695374
332340.0,1805.499186566923
332360.0,1759.5258002813105
332380.0,1707.6854470272028
332400.0,1655.0949182853778
332420.0,1606.8460160671386
332440.0,1566.9249001382245
332460.0,1537.8554286311305
332480.0,1520.8312166512792
332500.0,1515.9878937455803
332520.0,1522.580560691946
332540.0,1538.9531315084007
332560.0,1562.421267053747
332580.0,1589.339101752335
332600.0,1615.6729645731634
332620.0,1638.0516136772756
332640.0,1654.5999242851153
332660.0,1665.0905741104234
332680.0,1670.5557565297754
332700.0,1672.692619254989
332720.0,1673.2980283803106
332740.0,1673.868246661924
332760.0,1675.4076763073529
332780.0,1678.4165192971734
332800.0,1682.9980793923755
332820.0,1689.023968432291
332840.0,1696.289295627613
332860.0,1704.618846606239
332880.0,1713.9214533563834
332900.0,1724.1999135744627
332920.0,1735.5358761397729
332940.0,1748.0280305359024
332960.0,1761.677212099216
332980.0,1776.2517176569213
333000.0,1791.1639509658191
333020.0,1805.372531748558
333040.0,1817.3307728333446
333060.0,1825.0704987553
333080.0,1826.4667253476769
333100.0,1819.671911026649
333120.0,1803.6938506371953
333140.0,1778.9898069609633
333160.0,1747.82802914461
333180.0,1714.0246519974687
333200.0,1681.867483938798
333220.0,1654.8075234492128
333240.0,1634.6997233972293
333260.0,1621.88261755161
333280.0,1615.799086850378
333300.0,1615.736578121091
333320.0,1621.375350827321
333340.0,1632.9945249684224
333360.0,1651.3586669993613
333380.0,1677.3048325651791
333400.0,1711.099077790391
333420.0,1751.798584538307
333440.0,1796.9782028701825
333460.0,1843.1817355637388
333480.0,1886.8945168311955
333500.0,1925.1971720282775
333520.0,1955.639103961361
333540.0,1975.4965053303754
333560.0,1980.9417709037182
333580.0,1966.6381821457326
333600.0,1926.1113711019443
333620.0,1853.1165079971433
333640.0,1743.9982547052678
333660.0,1600.6634819216433
333680.0,1433.3640453928965
333700.0,1261.9925588711917
333720.0,1114.1548668705752
333740.0,1018.1771483888684
333760.0,991.8776354502672
333780.0,1034.6613107139028
333800.0,1128.3949852182639
333820.0,1245.5615893518764
333840.0,1359.7412662467198
333860.0,1452.6515880347492
333880.0,1516.0669620489032
333900.0,1550.202367322972
333920.0,1560.666812569719
333940.0,1555.4360547923256
333960.0,1542.5444674277417
333980.0,1528.7012773565607
334000.0,1518.7338005889692
334020.0,1515.583226131597
334040.0,1520.5503074361573
334060.0,1533.6483547593702
334080.0,1553.9909758222798
334100.0,1580.1644754089868
334120.0,1610.562468057807
334140.0,1643.6139083237354
334160.0,1677.846321474813
334180.0,1711.8353093202404
334200.0,1744.1972289613793
334220.0,1773.6866184538878
334240.0,1799.4173562174906
334260.0,1821.0969213824487
334280.0,1838.911758124547
334300.0,1853.1377211434938
334320.0,1863.9023079195947
334340.0,1871.2647641696956
334360.0,1875.4858905195633
334380.0,1877.2175386599479
