time_in_ms,pupilSize_clean
0.0,2000.9080245193995
20.0,2004.1853300554096
40.0,2010.779129664546
60.0,2019.783636888021
80.0,2029.8773207838033
100.0,2039.9231981356018
120.0,2049.1500430823417
140.0,2057.0764412610374
160.0,2063.389315041803
180.0,2067.9340202837802
200.0,2070.7635959153745
220.0,2072.1139979240065
240.0,2072.2679893743325
260.0,2071.40383802276
280.0,2069.567652560464
300.0,2066.7411634953337
320.0,2062.922464493501
340.0,2058.1879318959795
360.0,2052.639061813875
380.0,2046.2645887430924
400.0,2038.9230314127642
420.0,2030.590916850247
440.0,2021.665757226032
460.0,2012.960935307546
480.0,2005.4442053657672
500.0,1999.8784132012104
520.0,1996.673491119179
540.0,1995.9324597583695
560.0,1997.387634422467
580.0,2000.3242950672961
600.0,2003.6921469205288
620.0,2006.172528289048
640.0,2006.3869584201689
660.0,2003.4139643587143
680.0,1997.2384800098957
700.0,1988.8737501721814
720.0,1980.290851300791
740.0,1974.125812223873
760.0,1972.9351887418175
780.0,1978.2315941012428
800.0,1989.8891705510782
820.0,2006.09910167953
840.0,2023.9540517355138
860.0,2040.5610479861334
880.0,2053.966019611962
900.0,2063.3984855073577
920.0,2069.052217251056
940.0,2071.712111128418
960.0,2072.394627860437
980.0,2072.07470320433
1000.0,2071.5222499990723
1020.0,2071.2392765475965
1040.0,2071.4716275505843
1060.0,2072.264506282962
1080.0,2073.5342403111467
1100.0,2075.13625157908
1120.0,2076.9177128208435
1140.0,2078.750820300553
1160.0,2080.54794225802
1180.0,2082.262900891839
1200.0,2083.8836431705954
1220.0,2085.4211440433965
1240.0,2086.8981986701974
1260.0,2088.3403335327725
1280.0,2089.769770943046
1300.0,2091.2024169698866
1320.0,2092.6472656980172
1340.0,2094.1073820174333
1360.0,2095.5816487292836
1380.0,2097.066636521005
1400.0,2098.558184728591
1420.0,2100.0524997656103
1440.0,2101.5467481586456
1460.0,2103.039228515646
1480.0,2104.5292553291515
1500.0,2106.016891058853
1520.0,2107.5026385460596
1540.0,2108.987169262613
1560.0,2110.47112610031
1580.0,2111.955009617319
1600.0,2113.4391369019986
1620.0,2114.923652371209
1640.0,2116.408567888677
1660.0,2117.893812818179
1680.0,2119.379280351831
1700.0,2120.864862573666
1720.0,2122.3504718880477
1740.0,2123.836050030969
1760.0,2125.3215678164493
1780.0,2126.8070193272974
1800.0,2128.2924138746457
1820.0,2129.7777681714047
1840.0,2131.2631001577724
1860.0,2132.7484250269567
1880.0,2134.233753354933
1900.0,2135.7190908672173
1920.0,2137.204439241315
1940.0,2138.6897973793857
1960.0,2140.1751627179997
1980.0,2141.6605323056842
2000.0,2143.145903530366
2020.0,2144.631274493442
2040.0,2146.116644097158
2060.0,2147.6020119418076
2080.0,2149.0873781277146
2100.0,2150.572743038219
2120.0,2152.0581071533097
2140.0,2153.5434709181072
2160.0,2155.028834670045
2180.0,2156.5141986158387
2200.0,2157.9995628428346
2220.0,2159.484927349077
2240.0,2160.9702920790323
2260.0,2162.455656955539
2280.0,2163.941021903435
2300.0,2165.426386863428
2320.0,2166.9117517972704
2340.0,2168.3971166869514
2360.0,2169.8824815302596
2380.0,2171.3678463347915
2400.0,2172.853211112745
2420.0,2174.33857587668
2440.0,2175.8239406368493
2460.0,2177.3093054002093
2480.0,2178.7946701704145
2500.0,2180.280034948281
2520.0,2181.765399732703
2540.0,2183.2507645217474
2560.0,2184.7361293133827
2580.0,2186.2214941059055
2600.0,2187.7068588980874
2620.0,2189.1922236891896
2640.0,2190.6775884790122
2660.0,2192.1629532677925
2680.0,2193.648318055874
2700.0,2195.133682843543
2720.0,2196.6190476310276
2740.0,2198.104412418499
2760.0,2199.5897772061157
2780.0,2201.075141993927
2800.0,2202.5605067819333
2820.0,2204.0458715701775
2840.0,2205.531236358617
2860.0,2207.0166011470824
2880.0,2208.501965935421
2900.0,2209.987330723559
2920.0,2211.4726955115316
2940.0,2212.958060299473
2960.0,2214.4434250874883
2980.0,2215.928789875633
3000.0,2217.414154663903
3020.0,2218.8995194521326
3040.0,2220.3848842402813
3060.0,2221.8702490283367
3080.0,2223.3556138163585
3100.0,2224.840978604387
3120.0,2226.326343392468
3140.0,2227.8117081806236
3160.0,2229.2970729688145
3180.0,2230.782437756917
3200.0,2232.2678025450214
3220.0,2233.753167333161
3240.0,2235.2385321213915
3260.0,2236.723896909675
3280.0,2238.2092616979326
3300.0,2239.6946264860535
3320.0,2241.179991274078
3340.0,2242.6653560621435
3360.0,2244.150720850385
3380.0,2245.636085638708
3400.0,2247.1214504269406
3420.0,2248.606815214979
3440.0,2250.092180002822
3460.0,2251.5775447904243
3480.0,2253.062909577779
3500.0,2254.5482743650114
3520.0,2256.0336391523297
3540.0,2257.519003939939
3560.0,2259.004368728195
3580.0,2260.48973351744
3600.0,2261.975098307951
3620.0,2263.4604630997937
3640.0,2264.945827892657
3660.0,2266.431192685723
3680.0,2267.9165574775698
3700.0,2269.401922266146
3720.0,2270.887287049122
3740.0,2272.372651824478
3760.0,2273.858016591262
3780.0,2275.3433813506167
3800.0,2276.8287461069103
3820.0,2278.3141108684094
3840.0,2279.7994756471007
3860.0,2281.284840457361
3880.0,2282.7702053126427
3900.0,2284.2555702206528
3920.0,2285.7409351773977
3940.0,2287.2263001605106
3960.0,2288.7116651244664
3980.0,2290.1970300002454
4000.0,2291.6823947021458
4020.0,2293.1677591444604
4040.0,2294.65312326894
4060.0,2296.138487081441
4080.0,2297.6238506920313
4100.0,2299.109214347406
4120.0,2300.5945784409155
4140.0,2302.079943481998
4160.0,2303.5653100080744
4180.0,2305.050678429996
4200.0,2306.5360488173524
4220.0,2308.021420653208
4240.0,2309.5067926173388
4260.0,2310.99216248637
4280.0,2312.4775272587426
4300.0,2313.9628836117254
4320.0,2315.448228760122
4340.0,2316.933561702516
4360.0,2318.4188847079595
4380.0,2319.904204721848
4400.0,2321.3895341862417
4420.0,2322.874890628569
4440.0,2324.360294346657
4460.0,2325.8457636918347
4480.0,2327.3313078977308
4500.0,2328.8169181587323
4520.0,2330.3025586827216
4540.0,2331.788160577834
4560.0,2333.2736223899788
4580.0,2334.7588214606485
4600.0,2336.2436395173527
4620.0,2337.728003562723
4640.0,2339.211938905222
4660.0,2340.695625208556
4680.0,2342.1794395108345
4700.0,2343.6639638741553
4720.0,2345.149932111727
4740.0,2346.6380929413635
4760.0,2348.1289789937314
4780.0,2349.622594470654
4800.0,2351.1180687566102
4820.0,2352.613365116372
4840.0,2354.105174097371
4860.0,2355.5891465004306
4880.0,2357.060612717551
4900.0,2358.51587470477
4920.0,2359.9540290647556
4940.0,2361.3790818202956
4960.0,2362.8018653163554
4980.0,2364.2410115919633
5000.0,2365.7220529467886
5020.0,2367.2737156219614
5040.0,2368.9207647716885
5060.0,2370.67344814359
5080.0,2372.5147095909806
5100.0,2374.387823899985
5120.0,2376.1886980086647
5140.0,2377.7683515432946
5160.0,2378.95141045326
5180.0,2379.57509837701
5200.0,2379.549532038536
5220.0,2378.933777074114
5240.0,2378.01338946496
5260.0,2377.355296025133
5280.0,2377.8072653208947
5300.0,2380.4054511625905
5320.0,2386.1588697575194
5340.0,2395.6983565108394
5360.0,2408.812077660966
5380.0,2423.9390541818298
5400.0,2437.7498232486496
5420.0,2444.9955427142936
5440.0,2438.8321145886166
5460.0,2411.796913173324
5480.0,2357.505906246988
5500.0,2272.9009096914365
5520.0,2160.428967576293
5540.0,2029.1033227587868
5560.0,1893.1394270941066
5580.0,1767.7486772422676
5600.0,1664.424158924982
5620.0,1588.5935228501282
5640.0,1539.9037035690676
5660.0,1513.9372157227972
5680.0,1504.2934836807656
5700.0,1504.3840058976166
5720.0,1508.6371453260194
5740.0,1513.0769904459398
5760.0,1515.398196756519
5780.0,1514.7129849420369
5800.0,1511.1437166675178
5820.0,1505.3963224221748
5840.0,1498.399219614752
5860.0,1491.04412722854
5880.0,1484.0413962671958
5900.0,1477.8833807708813
5920.0,1472.8815822737452
5940.0,1469.2203510565353
5960.0,1466.9999569851602
5980.0,1466.2621617284885
6000.0,1466.9825569357545
6020.0,1469.032299610076
6040.0,1472.1234505187822
6060.0,1475.762514104998
6080.0,1479.239402558912
6100.0,1481.6828560579136
6120.0,1482.1974544530367
6140.0,1480.0990211179237
6160.0,1475.252454475967
6180.0,1468.4743891838123
6200.0,1461.9253681479627
6220.0,1459.3649760575488
6240.0,1466.0916465072391
6260.0,1488.3815857735383
6280.0,1532.3083881117677
6300.0,1601.9948151610547
6320.0,1697.6118373788413
6340.0,1813.7770901486438
6360.0,1939.375724924713
6380.0,2059.999377132468
6400.0,2162.6149636634773
6420.0,2239.408946229695
6440.0,2288.696189242905
6460.0,2313.624061035334
6480.0,2320.116900370938
6500.0,2314.910356845773
6520.0,2304.092395909465
6540.0,2292.2787803135698
6560.0,2282.3595819975108
6580.0,2275.656676774742
6600.0,2272.309048683549
6620.0,2271.7269010004866
6640.0,2273.0026523215315
6660.0,2275.2180756250673
6680.0,2277.6301761858476
6700.0,2279.748347158146
6720.0,2281.331222723058
6740.0,2282.3358524830514
6760.0,2282.848093233149
6780.0,2283.015283637355
6800.0,2282.993459558901
6820.0,2282.9136711417555
6840.0,2282.866428881671
6860.0,2282.90015316448
6880.0,2283.0284007591536
6900.0,2283.2409953328793
6920.0,2283.5153536553025
6940.0,2283.825727985178
6960.0,2284.1493959204604
6980.0,2284.46981298181
7000.0,2284.7773368610847
7020.0,2285.068372038884
7040.0,2285.3437591629286
7060.0,2285.6070501472973
7080.0,2285.863061915416
7100.0,2286.1168602016214
7120.0,2286.3731347499274
7140.0,2286.635810772602
7160.0,2286.907704270746
7180.0,2287.1900656682287
7200.0,2287.481955008122
7220.0,2287.7795343496837
7240.0,2288.075523025673
7260.0,2288.3592033845975
7280.0,2288.61744243874
7300.0,2288.8371551453974
7320.0,2289.009426538741
7340.0,2289.1350995009607
7360.0,2289.231030156638
7380.0,2289.335486988769
7400.0,2289.510483037339
7420.0,2289.8384379340528
7440.0,2290.4108011671356
7460.0,2291.3074900146944
7480.0,2292.568501670008
7500.0,2294.1629575845714
7520.0,2295.965911079433
7540.0,2297.758842293367
7560.0,2299.2745277093104
7580.0,2300.2985986230387
7600.0,2300.793954612128
7620.0,2300.946431534912
7640.0,2300.996436289436
7660.0,2301.053166890841
7680.0,2301.110060531384
7700.0,2301.1592264846827
7720.0,2301.250856964688
7740.0,2301.430514255867
7760.0,2301.655387645509
7780.0,2301.7883606258897
7800.0,2301.6925954089843
7820.0,2301.294898957415
7840.0,2300.589551446185
7860.0,2299.6207386808996
7880.0,2298.45906350677
7900.0,2297.1802925821003
7920.0,2295.8503421569185
7940.0,2294.5174139918427
7960.0,2293.2102619687307
7980.0,2291.9406713612416
8000.0,2290.708105177581
8020.0,2289.5048187083603
8040.0,2288.320299347782
8060.0,2287.1444569111904
8080.0,2285.9694509505707
8100.0,2284.7903461935853
8120.0,2283.604936452777
8140.0,2282.413102702497
8160.0,2281.2160159952828
8180.0,2280.0154026376986
8200.0,2278.8129906211752
8220.0,2277.61017378204
8240.0,2276.4078732495523
8260.0,2275.206545345976
8280.0,2274.006276639825
8300.0,2272.806913290048
8320.0,2271.608186010099
8340.0,2270.409808094458
8360.0,2269.211538093673
8380.0,2268.0132089181284
8400.0,2266.8147309753476
8420.0,2265.6160789900787
8440.0,2264.417271518195
8460.0,2263.2183500257997
8480.0,2262.0193617751065
8500.0,2260.820348342946
8520.0,2259.6213397800157
8540.0,2258.4223533190006
8560.0,2257.223395086213
8580.0,2256.024463297171
8600.0,2254.825551728654
8620.0,2253.6266526825793
8640.0,2252.4277590659244
8660.0,2251.228865531461
8680.0,2250.0299688282175
8700.0,2248.83106760566
8720.0,2247.6321619257515
8740.0,2246.433252693051
8760.0,2245.2343411457964
8780.0,2244.03542848328
8800.0,2242.8365156480672
8820.0,2241.637603243888
8840.0,2240.4386915521704
8860.0,2239.239780604669
8880.0,2238.0408702758405
8900.0,2236.8419603694265
8920.0,2235.643050684438
8940.0,2234.44414105628
8960.0,2233.2452313743106
8980.0,2232.046321582066
9000.0,2230.8474116668394
9020.0,2229.6485016448282
9040.0,2228.449591546586
9060.0,2227.2506814053863
9080.0,2226.0517712497517
9100.0,2224.8528610996505
9120.0,2223.653950966173
9140.0,2222.455040852811
9160.0,2221.25613075777
9180.0,2220.0572206763895
9200.0,2218.858310603261
9220.0,2217.659400533471
9240.0,2216.4604904633147
9260.0,2215.2615803906397
9280.0,2214.062670314709
9300.0,2212.8637602356603
9320.0,2211.664850154159
9340.0,2210.4659400711853
9360.0,2209.2670299875913
9380.0,2208.0681199039936
9400.0,2206.86920982074
9420.0,2205.67029973802
9440.0,2204.4713896559347
9460.0,2203.272479574394
9480.0,2202.0735694930727
9500.0,2200.874659411795
9520.0,2199.6757493304453
9540.0,2198.4768392489336
9560.0,2197.277929167205
9580.0,2196.0790190852904
9600.0,2194.8801090032853
9620.0,2193.6811989212756
9640.0,2192.4822888392764
9660.0,2191.28337875733
9680.0,2190.084468675421
9700.0,2188.8855585936362
9720.0,2187.6866485119904
9740.0,2186.4877384303445
9760.0,2185.2888283486186
9780.0,2184.0899182668854
9800.0,2182.891008185201
9820.0,2181.6920981034973
9840.0,2180.493188021795
9860.0,2179.2942779401615
9880.0,2178.0953678585793
9900.0,2176.896457776979
9920.0,2175.697547695313
9940.0,2174.4986376135794
9960.0,2173.2997275317966
9980.0,2172.1008174499398
10000.0,2170.9019073680247
10020.0,2169.7029972860564
10040.0,2168.5040872041363
10060.0,2167.3051771223318
10080.0,2166.1062670406204
10100.0,2164.9073569589823
10120.0,2163.708446877472
10140.0,2162.5095367960757
10160.0,2161.310626714571
10180.0,2160.111716632745
10200.0,2158.912806550614
10220.0,2157.713896468316
10240.0,2156.514986385881
10260.0,2155.316076303348
10280.0,2154.117166220836
10300.0,2152.9182561385833
10320.0,2151.719346056866
10340.0,2150.5204359759796
10360.0,2149.321525896208
10380.0,2148.122615817774
10400.0,2146.9237057405253
10420.0,2145.7247956637316
10440.0,2144.525885586036
10460.0,2143.326975505618
10480.0,2142.128065420261
10500.0,2140.929155327825
10520.0,2139.7302452270496
10540.0,2138.53133511862
10560.0,2137.33242500612
10580.0,2136.1335148966728
10600.0,2134.9346048011384
10620.0,2133.7356947331004
10640.0,2132.5367847062294
10660.0,2131.337874729852
10680.0,2130.1389648030604
10700.0,2128.94005490839
10720.0,2127.741145006699
10740.0,2126.542235035559
10760.0,2125.3433249139443
10780.0,2124.1444145563883
10800.0,2122.9455038975275
10820.0,2121.74659292617
10840.0,2120.547681724197
10860.0,2119.3487705011958
10880.0,2118.149859610444
10900.0,2116.950949529103
10920.0,2115.7520407854927
10940.0,2114.5531338228325
10960.0,2113.3542288012018
10980.0,2112.155325361147
11000.0,2110.956422399919
11020.0,2109.757517940869
11040.0,2108.5586091983614
11060.0,2107.359692945097
11080.0,2106.1607662611486
11100.0,2104.9618276735837
11120.0,2103.762878575012
11140.0,2102.563924646881
11160.0,2101.36497683288
11180.0,2100.1660512562694
11200.0,2098.9671674182136
11220.0,2097.7683441334852
11240.0,2096.569593033262
11260.0,2095.370910135225
11280.0,2094.172266929523
11300.0,2092.9736035302626
11320.0,2091.774827442946
11340.0,2090.5758220113516
11360.0,2089.376468148112
11380.0,2088.1766810354457
11400.0,2086.976459771421
11420.0,2085.775942452655
11440.0,2084.575452534082
11460.0,2083.375515866247
11480.0,2082.1768237876595
11500.0,2080.980118918228
11520.0,2079.7859899052028
11540.0,2078.594581669762
11560.0,2077.4052591493737
11580.0,2076.2163022962536
11600.0,2075.0247508252273
11620.0,2073.826546441919
11640.0,2072.6171211241735
11660.0,2071.3925336714333
11680.0,2070.1511472753355
11700.0,2068.895662310163
11720.0,2067.6350832185353
11740.0,2066.3859449188963
11760.0,2065.171922323857
11780.0,2064.020895061445
11800.0,2062.958753285123
11820.0,2061.999814403772
11840.0,2061.1347292320343
11860.0,2060.3181435161923
11880.0,2059.4599500002273
11900.0,2058.425334174187
11920.0,2057.0494171064556
11940.0,2055.1714448522926
11960.0,2052.6905038253853
11980.0,2049.639249738081
12000.0,2046.2642787128104
12020.0,2043.0925823719826
12040.0,2040.9551972402496
12060.0,2040.935079200562
12080.0,2044.210757487011
12100.0,2051.7850486616567
12120.0,2064.122681090663
12140.0,2080.7731698774014
12160.0,2100.122485950121
12180.0,2119.49014337091
12200.0,2135.8340005541327
12220.0,2147.0321121987645
12240.0,2152.8684598944706
12260.0,2155.031345679687
12280.0,2156.1957927454196
12300.0,2158.806953365074
12320.0,2164.105512597534
12340.0,2171.7776715766304
12360.0,2180.640679933067
12380.0,2189.9012289233256
12400.0,2199.7297594220063
12420.0,2210.9331914171275
12440.0,2224.170528205257
12460.0,2239.150245498716
12480.0,2254.624009344147
12500.0,2268.948799039631
12520.0,2280.6728680822484
12540.0,2288.903531395208
12560.0,2293.3511319504523
12580.0,2294.2784085394055
12600.0,2292.310792962263
12620.0,2288.158207584662
12640.0,2282.3667672337588
12660.0,2275.360339600551
12680.0,2267.6947458158
12700.0,2260.188466658613
12720.0,2253.739810335916
12740.0,2248.8900177257374
12760.0,2245.636171071044
12780.0,2243.621099500308
12800.0,2242.3595806763933
12820.0,2241.394441825165
12840.0,2240.381140914225
12860.0,2239.1143669172743
12880.0,2237.5154407163673
12900.0,2235.5990879568176
12920.0,2233.4345800609462
12940.0,2231.1112592285003
12960.0,2228.7135621463894
12980.0,2226.306733529409
13000.0,2223.9318371931117
13020.0,2221.6073935377817
13040.0,2219.3347262490006
13060.0,2217.104524433675
13080.0,2214.902870572326
13100.0,2212.715776974886
13120.0,2210.53194004401
13140.0,2208.3438821424925
13160.0,2206.14789682233
13180.0,2203.943281345205
13200.0,2201.731287681416
13220.0,2199.514107476111
13240.0,2197.2940751517353
13260.0,2195.0731580599295
13280.0,2192.852719465568
13300.0,2190.6334926126574
13320.0,2188.415687377773
13340.0,2186.1991561679233
13360.0,2183.983563142992
13380.0,2181.7685223310446
13400.0,2179.5536899990925
13420.0,2177.3388115808007
13440.0,2175.123732547821
13460.0,2172.9083863405353
13480.0,2170.6927721379116
13500.0,2168.476932367017
13520.0,2166.260935809114
13540.0,2164.044868008948
13560.0,2161.8288271621486
13580.0,2159.6129211925913
13600.0,2157.39726063301
13620.0,2155.1819423969396
13640.0,2152.9670217183334
13660.0,2150.7524734407843
13680.0,2148.5381491924445
13700.0,2146.3237430721633
13720.0,2144.1087839807465
13740.0,2141.89267570408
13760.0,2139.674803859304
13780.0,2137.454719380126
13800.0,2135.232389593817
13820.0,2133.0084801524276
13840.0,2130.7845970665157
13860.0,2128.5633846983956
13880.0,2126.3483539115377
13900.0,2124.143319234639
13920.0,2121.951370541375
13940.0,2119.7734057598655
13960.0,2117.6064095112847
13980.0,2115.441864850295
14000.0,2113.264895020543
14020.0,2111.054886730894
14040.0,2108.788360079059
14060.0,2106.444626293066
14080.0,2104.014229504369
14100.0,2101.509267910301
14120.0,2098.9734893395553
14140.0,2096.4887453719143
14160.0,2094.1733137541205
14180.0,2092.167256878319
14200.0,2090.6009563797725
14220.0,2089.5457854967854
14240.0,2088.950834671789
14260.0,2088.5764627896565
14280.0,2087.9431970515707
14300.0,2086.3211619997155
14320.0,2082.7877988520513
14340.0,2076.376434124409
14360.0,2066.3215080122127
14380.0,2052.375238024306
14400.0,2035.12485292821
14420.0,2016.182821555787
14440.0,1998.0637039133812
14460.0,1983.5603284911454
14480.0,1974.8108598458991
14500.0,1972.6719975793196
14520.0,1976.6408947915982
14540.0,1985.2373079549573
14560.0,1996.595510148242
14580.0,2009.0540938759955
14600.0,2021.4388265982266
14620.0,2033.1247720022625
14640.0,2043.9361466929688
14660.0,2053.717144245884
14680.0,2061.7717220947256
14700.0,2066.95722615981
14720.0,2068.358625905831
14740.0,2065.8903383601555
14760.0,2060.394060331166
14780.0,2053.335124923814
14800.0,2046.3034813069257
14820.0,2040.5487456239982
14840.0,2036.716988191196
14860.0,2034.7769332388275
14880.0,2034.1934945886198
14900.0,2034.4495403730082
14920.0,2035.2980202761762
14940.0,2036.5987515915228
14960.0,2038.1062382731288
14980.0,2039.6845573811643
15000.0,2041.8456265572615
15020.0,2045.7733300491504
15040.0,2052.4361472878477
15060.0,2061.5977766658607
15080.0,2071.7090352999426
15100.0,2080.794627901135
15120.0,2087.3111634032794
15140.0,2090.301529135288
15160.0,2089.3603125741356
15180.0,2084.5465367895495
15200.0,2076.421780552444
15220.0,2066.15288153416
15240.0,2055.410457532615
15260.0,2045.8513835847941
15280.0,2038.476794536459
15300.0,2033.6013043947773
15320.0,2031.0434669929284
15340.0,2030.2443513750961
15360.0,2030.703548729932
15380.0,2032.2555261814764
15400.0,2034.9290174003495
15420.0,2038.822152372768
15440.0,2043.9851235836607
15460.0,2050.361021993573
15480.0,2057.8881169103115
15500.0,2066.537753566127
15520.0,2076.1993373849245
15540.0,2086.3603510835565
15560.0,2095.8406757121093
15580.0,2103.104814933649
15600.0,2106.952896881268
15620.0,2106.892186447512
15640.0,2103.1233666243284
15660.0,2096.33029177033
15680.0,2087.4184562842192
15700.0,2077.2895423914642
15720.0,2066.6914876423125
15740.0,2056.1492905793166
15760.0,2045.9614962323926
15780.0,2036.2388181776846
15800.0,2026.9613296517145
15820.0,2018.0356089808295
15840.0,2009.3401981265608
15860.0,2000.754618485155
15880.0,1992.172751175773
15900.0,1983.5051102331877
15920.0,1974.6763683675927
15940.0,1965.6246227009392
15960.0,1956.3075612260545
15980.0,1946.7181452887362
16000.0,1936.9089040079725
16020.0,1927.0197982826794
16040.0,1917.3004593949947
16060.0,1908.1144163057975
16080.0,1899.9120849166254
16100.0,1893.1624987026785
16120.0,1888.242724463457
16140.0,1885.2998641183767
16160.0,1884.1236222669759
16180.0,1884.0960212110883
16200.0,1884.312518924707
16220.0,1883.911988376184
16240.0,1882.3983792642532
16260.0,1879.8245688266634
16280.0,1876.804308874897
16300.0,1874.3250266790299
16320.0,1873.4958934827591
16340.0,1875.2252035829783
16360.0,1879.8701336093266
16380.0,1887.1153687076094
16400.0,1896.1600158739807
16420.0,1905.9067484281495
16440.0,1914.994637846145
16460.0,1922.0131162109155
16480.0,1925.837278825738
16500.0,1925.8095864916354
16520.0,1921.899491087462
16540.0,1914.826226310198
16560.0,1905.9429435837465
16580.0,1896.9168420446506
16600.0,1889.253570269017
16620.0,1883.905726285751
16640.0,1881.1849363898848
16660.0,1880.8810481808068
16680.0,1882.4647343914992
16700.0,1885.2896876568989
16720.0,1888.748307355091
16740.0,1892.364775027787
16760.0,1895.8296112659439
16780.0,1898.9905745876554
16800.0,1901.8179906020098
16820.0,1904.3607946789919
16840.0,1906.7051672281923
16860.0,1908.942578070814
16880.0,1911.1496147311664
16900.0,1913.3787883665398
16920.0,1915.6577239797127
16940.0,1917.9935531113274
16960.0,1920.3795830020722
16980.0,1922.8020358038707
17000.0,1925.2455133189603
17020.0,1927.696624113482
17040.0,1930.14579113012
17060.0,1932.5876054647347
17080.0,1935.0202307417476
17100.0,1937.444348155293
17120.0,1939.8620281426895
17140.0,1942.2757766127893
17160.0,1944.6878719977863
17180.0,1947.1000072701067
17200.0,1949.513186681184
17220.0,1951.9277979085605
17240.0,1954.3437781315351
17260.0,1956.7608068934708
17280.0,1959.178479880184
17300.0,1961.5964387899337
17320.0,1964.014449052292
17340.0,1966.4324277390438
17360.0,1968.8504291296947
17380.0,1971.2685968417568
17400.0,1973.687091486642
17420.0,1976.106003542689
17440.0,1978.525263890324
17460.0,1980.9445694456704
17480.0,1983.3633474147107
17500.0,1985.780786357163
17520.0,1988.1959618784986
17540.0,1990.6080752797636
17560.0,1993.016801420697
17580.0,1995.4227060319456
17600.0,1997.8276452201135
17620.0,2000.2350088712478
17640.0,2002.649629382878
17660.0,2005.0771678293472
17680.0,2007.5228346834933
17700.0,2009.9894227285072
17720.0,2012.474836458962
17740.0,2014.969585009414
17760.0,2017.455023386572
17780.0,2019.9034004676546
17800.0,2022.2808855531007
17820.0,2024.554557843813
17840.0,2026.7037202304514
17860.0,2028.734758275738
17880.0,2030.6971395771202
17900.0,2032.696249583297
17920.0,2034.8970292013096
17940.0,2037.5114996542063
17960.0,2040.764096085512
17980.0,2044.8321789350769
18000.0,2049.765820592748
18020.0,2055.401073531374
18040.0,2061.293570925606
18060.0,2066.7124110296563
18080.0,2070.744462595421
18100.0,2072.561846042227
18120.0,2071.834182741633
18140.0,2068.9503094966703
18160.0,2064.7908616811756
18180.0,2060.2752308522117
18200.0,2056.1154729892787
18220.0,2052.791758337574
18240.0,2050.554656421761
18260.0,2049.466631128556
18280.0,2049.4928028722106
18300.0,2050.5000015865944
18320.0,2052.1929972063326
18340.0,2054.110142813137
18360.0,2055.739040720542
18380.0,2056.63539489398
18400.0,2056.508660378023
18420.0,2055.275356432619
18440.0,2052.9985627115884
18460.0,2049.755769429842
18480.0,2045.5095854536726
18500.0,2040.0392272814229
18520.0,2033.0016224206963
18540.0,2024.0739552854798
18560.0,2013.1036842272497
18580.0,2000.2396670283074
18600.0,1985.9732760735046
18620.0,1971.1595662165114
18640.0,1956.9667270660455
18660.0,1944.6234675716405
18680.0,1935.0232642591964
18700.0,1928.4978229210926
18720.0,1924.852575052572
18740.0,1923.5394760637876
18760.0,1923.8580803529144
18780.0,1925.1209850021617
18800.0,1926.7567670401254
18820.0,1928.349935399841
18840.0,1929.633137290374
18860.0,1930.4535156909976
18880.0,1930.7350327061492
18900.0,1930.4540385317734
18920.0,1929.638209580964
18940.0,1928.390496002726
18960.0,1926.9308494444704
18980.0,1925.6401770428006
19000.0,1925.08447492887
19020.0,1925.9943317625189
19040.0,1929.1784773333281
19060.0,1935.3625889664625
19080.0,1944.9685477291368
19100.0,1957.885714961571
19120.0,1973.3327150314228
19140.0,1989.942077307864
19160.0,2006.0948039967031
19180.0,2020.3014589415106
19200.0,2031.4423533828951
19220.0,2038.8863648341444
19240.0,2042.552997022522
19260.0,2042.8752370903217
19280.0,2040.6605311961
19300.0,2036.9645243273342
19320.0,2032.8675219980134
19340.0,2029.065181062028
19360.0,2025.3481312128108
19380.0,2020.1563160850674
19400.0,2010.4552923423366
19420.0,1992.3781919292844
19440.0,1962.5334771330013
19460.0,1919.5447795591808
19480.0,1865.5435509506976
19500.0,1807.1051404177374
19520.0,1754.5556114919423
19540.0,1719.2970222809995
19560.0,1709.9347058566934
19580.0,1728.2138603025862
19600.0,1765.8408229319587
19620.0,1805.4457277259487
19640.0,1826.4633414480745
19660.0,1812.9694137106576
19680.0,1759.5308013077424
19700.0,1673.4762386704492
19720.0,1573.1148363744996
19740.0,1481.8224944840929
19760.0,1420.8516787901801
19780.0,1404.5660250571932
19800.0,1438.2880143884888
19820.0,1517.9066352708637
19840.0,1630.9901445861096
19860.0,1759.7672746902438
19880.0,1885.737172714328
19900.0,1994.1442344718846
19920.0,2076.5272200809063
19940.0,2130.866903707384
19960.0,2160.159488585207
19980.0,2170.317637408375
20000.0,2168.1350043926273
20020.0,2159.712599013298
20040.0,2149.468133442648
20060.0,2139.834318371957
20080.0,2131.6296572329948
20100.0,2124.814155970663
20120.0,2119.2522495260478
20140.0,2115.2493562937548
20160.0,2113.627790435357
20180.0,2115.352274457845
20200.0,2120.9968773518294
20220.0,2130.2678613396492
20240.0,2141.8752120441163
20260.0,2154.0172795705953
20280.0,2164.9814515837206
20300.0,2173.509899637156
20320.0,2178.9867574359905
20340.0,2181.397988127384
20360.0,2181.2103571731723
20380.0,2179.272339107184
20400.0,2176.6938552823704
20420.0,2174.615191783772
20440.0,2173.8278814447285
20460.0,2174.29896501294
20480.0,2175.0101241303073
20500.0,2174.246770496333
20520.0,2170.2394621131834
20540.0,2161.8853534575514
20560.0,2149.200619057068
20580.0,2133.447051657668
20600.0,2116.9113198460172
20620.0,2102.129840604312
20640.0,2091.0080288333734
20660.0,2084.425364024151
20680.0,2082.297200061713
20700.0,2083.8649805164814
20720.0,2088.0411761921123
20740.0,2093.704396050578
20760.0,2099.8984493610537
20780.0,2105.9311087068113
20800.0,2111.3930041420836
20820.0,2116.1267268812835
20840.0,2120.174771903049
20860.0,2123.726765600916
20880.0,2127.0754878832126
20900.0,2130.580731763763
20920.0,2134.63245830734
20940.0,2139.601697863988
20960.0,2145.7702987460316
20980.0,2153.2393690099007
21000.0,2161.8307042605866
21020.0,2171.0141185178277
21040.0,2179.9134496947026
21060.0,2187.4587701027262
21080.0,2192.6978465284205
21100.0,2195.0644889944924
21120.0,2194.4533672159023
21140.0,2191.17987710995
21160.0,2185.82297641916
21180.0,2178.91823517909
21200.0,2170.670216184778
21220.0,2160.8122546665245
21240.0,2148.920799117919
21260.0,2134.9759023288925
21280.0,2119.509891880738
21300.0,2103.1558604097686
21320.0,2086.3539272700223
21340.0,2069.470554251357
21360.0,2052.961595727895
21380.0,2037.6483147196686
21400.0,2024.6993302709009
21420.0,2014.9624445125628
21440.0,2008.3728941533604
21460.0,2004.0704461013145
21480.0,2000.7863736043923
21500.0,1997.1384320506684
21520.0,1991.8798106146592
21540.0,1984.2496417892544
21560.0,1974.4005249284492
21580.0,1963.6480762339647
21600.0,1954.0339886122379
21620.0,1947.3790830897246
21640.0,1944.6214851726188
21660.0,1945.6106401015354
21680.0,1949.3064000483223
21700.0,1954.3026775254693
21720.0,1959.369371622614
21740.0,1963.7244323610619
21760.0,1967.1216284838913
21780.0,1969.7701309631661
21800.0,1972.126650616971
21820.0,1974.7685608892575
21840.0,1978.3048799582168
21860.0,1983.2110316708945
21880.0,1989.7655869960665
21900.0,1997.977342296293
21920.0,2007.4177469081199
21940.0,2017.1975040188481
21960.0,2026.3508127591692
21980.0,2034.3922673620557
22000.0,2041.525740197878
22020.0,2048.491797442132
22040.0,2056.2586053699015
22060.0,2065.4819919838587
22080.0,2075.9585519861384
22100.0,2086.647735046775
22120.0,2096.2972263351216
22140.0,2104.0321833652706
22160.0,2109.3279730966433
22180.0,2111.877186110619
22200.0,2111.787467340295
22220.0,2109.7142619108463
22240.0,2106.6710419986603
22260.0,2103.8032451148965
22280.0,2102.28011992794
22300.0,2103.206440542714
22320.0,2107.584564033052
22340.0,2116.1317048907786
22360.0,2129.0602815058337
22380.0,2145.862538485028
22400.0,2165.2383106617003
22420.0,2185.191426680779
22440.0,2203.2500585710413
22460.0,2217.0926407181187
22480.0,2225.0773115061525
22500.0,2226.237387474304
22520.0,2220.316527692515
22540.0,2208.0294119810524
22560.0,2191.019516604484
22580.0,2171.4438408026795
22600.0,2151.7152849364466
22620.0,2134.513054157018
22640.0,2122.5214623387637
22660.0,2117.727765916012
22680.0,2120.9293829101816
22700.0,2131.616898592175
22720.0,2147.9829415811337
22740.0,2166.956724773371
22760.0,2184.658658003928
22780.0,2197.349974446642
22800.0,2202.324708543027
22820.0,2198.430732889298
22840.0,2186.315761494929
22860.0,2168.393955049771
22880.0,2148.4317467437604
22900.0,2130.537812268615
22920.0,2118.029447572044
22940.0,2112.7096154469627
22960.0,2114.4629212885943
22980.0,2121.254600324267
23000.0,2129.899943443948
23020.0,2137.324491144666
23040.0,2141.381180303663
23060.0,2140.783263852058
23080.0,2134.920869800801
23100.0,2123.953746164433
23120.0,2109.118331140678
23140.0,2092.8811136750373
23160.0,2078.419313090398
23180.0,2068.830520326666
23200.0,2066.4396368122134
23220.0,2072.2142079820396
23240.0,2085.508624597692
23260.0,2104.1956130483427
23280.0,2125.1274969650126
23300.0,2145.009753522284
23320.0,2161.3749918451567
23340.0,2173.00697984238
23360.0,2179.844962528197
23380.0,2182.63657090643
23400.0,2182.5320114224933
23420.0,2180.7367474025887
23440.0,2178.2762100994837
23460.0,2175.8795484948128
23480.0,2173.9613986446507
23500.0,2172.66870367707
23520.0,2171.9593615437943
23540.0,2171.686107817362
23560.0,2171.6683640657684
23580.0,2171.7437685241807
23600.0,2171.7980083340144
23620.0,2171.7757708671165
23640.0,2171.677331058597
23660.0,2171.545190712204
23680.0,2171.4441780939305
23700.0,2171.4373584033174
23720.0,2171.559652778612
23740.0,2171.7915585989913
23760.0,2172.036769159397
23780.0,2172.109352413912
23800.0,2171.7376038114435
23820.0,2170.5915364936404
23840.0,2168.337834495866
23860.0,2164.7186827584433
23880.0,2159.6383724658913
23900.0,2153.2240507260058
23920.0,2145.8120781558655
23940.0,2137.855382622882
23960.0,2129.8332557784265
23980.0,2122.1772507094784
24000.0,2115.1843728095346
24020.0,2108.9885846093534
24040.0,2103.5939094048103
24060.0,2098.895333252292
24080.0,2094.75377462268
24100.0,2091.1089050530877
24120.0,2088.0450159218512
24140.0,2085.838188624338
24160.0,2084.946214906401
24180.0,2085.8294050937675
24200.0,2088.662731781859
24220.0,2093.103395283925
24240.0,2098.1577670798883
24260.0,2102.178540965428
24280.0,2103.039623545175
24300.0,2098.483275977869
24320.0,2086.561141866538
24340.0,2066.1804527769955
24360.0,2037.7050688729564
24380.0,2003.3529663363388
24400.0,1967.0504105799732
24420.0,1933.6283559530893
24440.0,1907.60234078117
24460.0,1892.0422082468697
24480.0,1888.0863224124446
24500.0,1894.9463572906163
24520.0,1910.2305992860552
24540.0,1930.6532498687325
24560.0,1952.860265833565
24580.0,1974.254933565481
24600.0,1993.2865304968368
24620.0,2009.0848828912926
24640.0,2021.1104936744027
24660.0,2028.921219516004
24680.0,2032.2085231341964
24700.0,2030.9725258457197
24720.0,2025.5584722092208
24740.0,2016.4997576691683
24760.0,2004.4888583830514
24780.0,1990.700642401976
24800.0,1976.7971148697839
24820.0,1964.2964926579348
24840.0,1953.7475944485402
24860.0,1944.34982559008
24880.0,1934.1506075919283
24900.0,1920.551505394876
24920.0,1901.0104138625782
24940.0,1874.0351912385909
24960.0,1840.2665619600211
24980.0,1803.1750881199805
25000.0,1768.8012868137262
25020.0,1744.1682589254458
25040.0,1734.7363574751005
25060.0,1742.4722858197754
25080.0,1765.172163385505
25100.0,1797.6922361400314
25120.0,1834.3197911551295
25140.0,1870.3446588495735
25160.0,1902.472702271436
25180.0,1928.4728888769073
25200.0,1946.9011873637344
25220.0,1957.3164092511863
25240.0,1960.3338290402364
25260.0,1957.305177792338
25280.0,1950.0386566220507
25300.0,1940.6657111805375
25320.0,1931.5552156943927
25340.0,1925.0560476347018
25360.0,1922.8942429764697
25380.0,1925.7499347123207
25400.0,1933.1340923691707
25420.0,1943.5392309099902
25440.0,1954.844835668464
25460.0,1964.966119444287
25480.0,1972.5807011281627
25500.0,1977.5209449181882
25520.0,1980.6410202225634
25540.0,1983.3639908673395
25560.0,1987.155233571247
25580.0,1992.8024361261328
25600.0,1999.7456065649246
25620.0,2005.7242499896802
25640.0,2006.752790636175
25660.0,1997.6047459662873
25680.0,1972.9147632037002
25700.0,1928.6043699048046
25720.0,1863.437039177165
25740.0,1780.253474612801
25760.0,1686.3520218998106
25780.0,1592.130187732397
25800.0,1507.8372737116767
25820.0,1440.4956109671416
25840.0,1392.6721676110933
25860.0,1362.915888828296
25880.0,1347.0592921001762
25900.0,1339.74636576029
25920.0,1335.8067012966783
25940.0,1331.300740187613
25960.0,1324.2142716250823
25980.0,1314.8370118241735
26000.0,1305.8372673140534
26020.0,1301.995241464585
26040.0,1309.5252346158463
26060.0,1334.9108626246607
26080.0,1383.2683606112992
26100.0,1456.4406295879794
26120.0,1551.2853583708247
26140.0,1658.9598723148617
26160.0,1766.3613226281402
26180.0,1860.2914517254412
26200.0,1931.7293389219808
26220.0,1977.371239877169
26240.0,1998.8996825677125
26260.0,2001.2204981616912
26280.0,1990.5544442260823
26300.0,1972.893857736485
26320.0,1953.0300446093268
26340.0,1934.1465205932213
26360.0,1917.8553955860316
26380.0,1904.512056165227
26400.0,1893.6527024984437
26420.0,1884.4360053778812
26440.0,1876.0143824027073
26460.0,1867.7989431172762
26480.0,1859.608640033132
26500.0,1851.7080509641514
26520.0,1844.7432110118602
26540.0,1839.5871385509301
26560.0,1837.1129359339193
26580.0,1837.9283818569115
26600.0,1842.135138259969
26620.0,1849.2177011888557
26640.0,1858.1923944904095
26660.0,1867.9431309119034
26680.0,1877.435896911697
26700.0,1885.8265264124025
26720.0,1892.5527835921541
26740.0,1897.4303158673188
26760.0,1900.646934014788
26780.0,1902.628122653555
26800.0,1903.8528544953847
26820.0,1904.7100301019873
26840.0,1905.4455388884157
26860.0,1906.1719367205612
26880.0,1906.891277255163
26900.0,1907.5251416905717
26920.0,1907.964655238146
26940.0,1908.1002997282817
26960.0,1907.8152013376446
26980.0,1907.0421086471652
27000.0,1905.8337449815433
27020.0,1904.3614741310616
27040.0,1902.8834268028306
27060.0,1901.70726226754
27080.0,1901.1413273712674
27100.0,1901.367782122321
27120.0,1902.338774036673
27140.0,1903.9132013227786
27160.0,1906.023575908827
27180.0,1908.5673653439292
27200.0,1911.170852704161
27220.0,1913.1338177005466
27240.0,1913.587060546624
27260.0,1911.7516490979597
27280.0,1907.2392884344567
27300.0,1900.2898467997134
27320.0,1891.7469963544395
27340.0,1882.6785992208963
27360.0,1873.9639169303985
27380.0,1866.1307144497928
27400.0,1859.3893105470117
27420.0,1853.7413190029015
27440.0,1848.9302176783563
27460.0,1844.2246614466956
27480.0,1838.4682552428847
27500.0,1830.7438433352568
27520.0,1821.184688638344
27540.0,1811.1540675812619
27560.0,1802.5614294344377
27580.0,1796.9616521831244
27600.0,1795.1268193153287
27620.0,1797.0419142665571
27640.0,1802.1190395527042
27660.0,1809.4766840900618
27680.0,1818.1887720815296
27700.0,1827.4580794724293
27720.0,1836.7052392506455
27740.0,1845.5869490311507
27760.0,1853.9668800527052
27780.0,1861.8633941870273
27800.0,1869.393122526996
27820.0,1876.7219919110007
27840.0,1884.0278844346662
27860.0,1891.4733962055586
27880.0,1899.1839684887368
27900.0,1907.22623116377
27920.0,1915.5835002617707
27940.0,1924.1294094151667
27960.0,1932.6056684173745
27980.0,1940.6145783079894
28000.0,1947.6394378030484
28020.0,1953.104281070521
28040.0,1956.4763549934664
28060.0,1957.3986141042365
28080.0,1955.8145938283037
28100.0,1952.0207553430525
28120.0,1946.602165244903
28140.0,1940.2998449780182
28160.0,1933.8566351661866
28180.0,1927.8745154768683
28200.0,1922.73896710622
28220.0,1918.5886755172723
28240.0,1915.3284170280253
28260.0,1912.7084521321735
28280.0,1910.4656559442676
28300.0,1908.4868993981868
28320.0,1906.8819322962415
28340.0,1905.8747657062383
28360.0,1905.6245671883466
28380.0,1906.0727106061495
28400.0,1906.7850202412087
28420.0,1906.8493644437708
28440.0,1904.9558301961956
28460.0,1899.642342981281
28480.0,1889.6197674620955
28500.0,1874.1508878958618
28520.0,1853.4610986457603
28540.0,1829.0144795397257
28560.0,1803.3614571856913
28580.0,1779.4396816804717
28600.0,1759.6664146609473
28620.0,1745.342061693667
28640.0,1736.5858482495926
28660.0,1732.6241529513707
28680.0,1732.1998884564705
28700.0,1733.951272294105
28720.0,1736.6837575857965
28740.0,1739.5155755082706
28760.0,1741.9131476960697
28780.0,1743.6497431701312
28800.0,1744.7237811276332
28820.0,1745.2674256119058
28840.0,1745.4663691929047
28860.0,1745.501555041858
28880.0,1745.5152447099804
28900.0,1745.5982561075275
28920.0,1745.7923953580855
28940.0,1746.1015494397664
28960.0,1746.505825501928
28980.0,1746.9747617355595
29000.0,1747.4773940777814
29020.0,1747.9884552435956
29040.0,1748.4910241881164
29060.0,1748.9765112235455
29080.0,1749.4430341156847
29100.0,1749.8931374084727
29120.0,1750.3315588804903
29140.0,1750.7634590068265
29160.0,1751.1932732272749
29180.0,1751.6241599946723
29200.0,1752.0579093615809
29220.0,1752.4951379854679
29240.0,1752.935608161161
29260.0,1753.3785499060964
29280.0,1753.8229177950902
29300.0,1754.267564390353
29320.0,1754.7113508816
29340.0,1755.15323815275
29360.0,1755.5924060259829
29380.0,1756.0284349583937
29400.0,1756.4615547045876
29420.0,1756.8929222009513
29440.0,1757.32484291249
29460.0,1757.7608067095825
29480.0,1758.2051857462861
29500.0,1758.6624555733888
29520.0,1759.1358695778922
29540.0,1759.6256530894723
29560.0,1760.1269865746108
29580.0,1760.6282955634063
29600.0,1761.1106085882616
29620.0,1761.5489032847152
29640.0,1761.916330240508
29660.0,1762.1918729053414
29680.0,1762.3712839700522
29700.0,1762.4800186282434
29720.0,1762.58547057244
29740.0,1762.804386285257
29760.0,1763.300363770329
29780.0,1764.2664906280347
29800.0,1765.8901995438057
29820.0,1768.3020125672188
29840.0,1771.517412718512
29860.0,1775.391465911572
29880.0,1779.618069949517
29900.0,1783.8163648446352
29920.0,1787.7231485843756
29940.0,1791.3998455048372
29960.0,1795.2904847865927
29980.0,1800.0906439636183
30000.0,1806.4703779213555
30020.0,1814.805134570391
30040.0,1825.0602201297631
30060.0,1836.8148113668954
30080.0,1849.3871776032422
30100.0,1861.9850837933416
30120.0,1873.8446679585493
30140.0,1884.365148833832
30160.0,1893.1683824447296
30180.0,1900.077945014614
30200.0,1905.0650646639708
30220.0,1908.201635140221
30240.0,1909.632146130205
30260.0,1909.5714128878888
30280.0,1908.3156338050599
30300.0,1906.2149266030253
30320.0,1903.6207537571404
30340.0,1900.837756472054
30360.0,1898.079403849327
30380.0,1895.4779097615312
30400.0,1893.1129897009753
30420.0,1891.0115922773816
30440.0,1889.1332674666246
30460.0,1887.3697292704223
30480.0,1885.5757779291766
30500.0,1883.6275137778423
30520.0,1881.4921992583943
30540.0,1879.2552497214554
30560.0,1877.0802000937595
30580.0,1875.1158761061968
30600.0,1873.398827306848
30620.0,1871.818291569841
30640.0,1870.1747905567706
30660.0,1868.2838699778908
30680.0,1866.0353804267208
30700.0,1863.3973653971566
30720.0,1860.3895278999466
30740.0,1857.0480965403472
30760.0,1853.3978360827568
30780.0,1849.441044071499
30800.0,1845.1679428984978
30820.0,1840.5877998162541
30840.0,1835.7751103044745
30860.0,1830.9201525213753
30880.0,1826.3685311664187
30900.0,1822.6310486796363
30920.0,1820.3451943455348
30940.0,1820.1751138511293
30960.0,1822.6505826601133
30980.0,1827.9690508551503
31000.0,1835.818436507657
31020.0,1845.3181148346225
31040.0,1855.1764320116374
31060.0,1864.0254933364363
31080.0,1870.7734489538645
31100.0,1874.845390256388
31120.0,1876.2535399973708
31140.0,1875.5098167256115
31160.0,1873.4441798626453
31180.0,1870.9803922629521
31200.0,1868.9049845656941
31220.0,1867.6575415237712
31240.0,1867.2971555845302
31260.0,1867.6669962051972
31280.0,1868.5571629146157
31300.0,1869.798266413869
31320.0,1871.2795083569804
31340.0,1872.878864877161
31360.0,1874.3498919647602
31380.0,1875.2897906638532
31400.0,1875.2391695113024
31420.0,1873.8180487709274
31440.0,1870.826540510749
31460.0,1866.319602312596
31480.0,1860.6291677421063
31500.0,1854.3011516294923
31520.0,1848.0186563172363
31540.0,1842.5305206180637
31560.0,1838.529929921302
31580.0,1836.517501135789
31600.0,1836.717739717297
31620.0,1839.0691317540466
31640.0,1843.2944816618178
31660.0,1849.0194313402765
31680.0,1855.8498617130304
31700.0,1863.4024732526457
31720.0,1871.3294777098988
31740.0,1879.3256818150344
31760.0,1887.126536438151
31780.0,1894.513655161541
31800.0,1901.3334431786348
31820.0,1907.4881263573475
31840.0,1912.9033461852948
31860.0,1917.500816441295
31880.0,1921.1771969455197
31900.0,1923.7930545801992
31920.0,1925.2229157610163
31940.0,1925.4937200436168
31960.0,1924.8833231445649
31980.0,1923.8751059941715
32000.0,1923.0052355120956
32020.0,1922.6660814552292
32040.0,1922.9678660068705
32060.0,1923.6736217872888
32080.0,1924.265992651442
32100.0,1924.1212373668245
32120.0,1922.6802098491412
32140.0,1919.6125514242347
32160.0,1914.9156457929864
32180.0,1908.9372472890955
32200.0,1902.2926557412604
32220.0,1895.6847244525184
32240.0,1889.7065328413748
32260.0,1884.716905524848
32280.0,1880.8160904217257
32300.0,1877.8982922042408
32320.0,1875.7357165221451
32340.0,1874.0602344664555
32360.0,1872.6249157866437
32380.0,1871.2397220270414
32400.0,1869.783600700694
32420.0,1868.1993310121434
32440.0,1866.478562691435
32460.0,1864.6436054523026
32480.0,1862.7306577897064
32500.0,1860.7770858792585
32520.0,1858.8135770058973
32540.0,1856.860737947789
32560.0,1854.9290258206904
32580.0,1853.0206973880129
32600.0,1851.1325936578658
32620.0,1849.258884137954
32640.0,1847.3932504533568
32660.0,1845.530304572129
32680.0,1843.6662672256327
32700.0,1841.7990662556854
32720.0,1839.9280645669903
32740.0,1838.0536167120736
32760.0,1836.176607928332
32780.0,1834.298072146948
32800.0,1832.4189320356115
32820.0,1830.539863408932
32840.0,1828.6612612398949
32860.0,1826.7832737442036
32880.0,1824.9058710173795
32900.0,1823.0289212267694
32920.0,1821.1522565552011
32940.0,1819.2757201149805
32960.0,1817.3991922155396
32980.0,1815.5225990143238
33000.0,1813.64590880174
33020.0,1811.7691214964507
33040.0,1809.892256044724
33060.0,1808.015338980759
33080.0,1806.1383959158939
33100.0,1804.2614464937312
33120.0,1802.3845025115618
33140.0,1800.5075684646931
33160.0,1798.630643635041
33180.0,1796.7537249040913
33200.0,1794.8768096091317
33220.0,1792.9998979003747
33240.0,1791.1229941571394
33260.0,1789.2461070882273
33280.0,1787.3692482169226
33300.0,1785.4924285967168
33320.0,1783.6156538848802
33340.0,1781.7389183542648
33360.0,1779.862199034922
33380.0,1777.9854518561763
33400.0,1776.1086122211047
33420.0,1774.231602620973
33440.0,1772.3543493643556
33460.0,1770.4768089504141
33480.0,1768.5990018878529
33500.0,1766.7210479515009
33520.0,1764.843192495293
33540.0,1762.9658095407842
33560.0,1761.0893655025513
33580.0,1759.2143295262558
33600.0,1757.3410244183137
33620.0,1755.4694273125265
33640.0,1753.5989513480072
33660.0,1751.7282661601869
33680.0,1749.8552402535042
33700.0,1747.977103387077
33720.0,1746.0909204587383
33740.0,1744.1944279866723
33760.0,1742.2872011211662
33780.0,1740.37199199134
33800.0,1738.455921292085
33820.0,1736.5510447189554
33840.0,1734.6737048442342
33860.0,1732.8420852571858
33880.0,1731.0715819622455
33900.0,1729.3680590003873
33920.0,1727.7197818404463
33940.0,1726.0897696545806
33960.0,1724.4113169007455
33980.0,1722.590223346173
34000.0,1720.5174452239103
34020.0,1718.0949862224395
34040.0,1715.2754842167665
34060.0,1712.1119325114134
34080.0,1708.808537100974
34100.0,1705.7577127279249
34120.0,1703.5432848425128
34140.0,1702.888476190914
34160.0,1704.532115823435
34180.0,1709.030579408295
34200.0,1716.508210590824
34220.0,1726.415341532098
34240.0,1737.3984215388161
34260.0,1747.4425937043065
34280.0,1754.4822729108441
34300.0,1757.4069569779172
34320.0,1756.5609344636243
34340.0,1753.2901021921978
34360.0,1749.2935929945077
34380.0,1746.1669723459327
34400.0,1745.1294727598593
34420.0,1746.8769944681376
34440.0,1751.517721890598
34460.0,1758.579019208064
34480.0,1767.1161001633586
34500.0,1775.9698979895802
34520.0,1784.1120094552382
34540.0,1790.884416571229
34560.0,1796.0496295021676
34580.0,1799.7125847788727
34600.0,1802.1902633092934
34620.0,1803.8815714045347
34640.0,1805.1666404685973
34660.0,1806.3459007241534
34680.0,1807.6165131700186
34700.0,1809.0768605841015
34720.0,1810.7476684653182
34740.0,1812.5993978065712
34760.0,1814.5782968997696
34780.0,1816.626691077169
34800.0,1818.6959105781946
34820.0,1820.752293254693
34840.0,1822.7778572191528
34860.0,1824.7676358807014
34880.0,1826.725524581055
34900.0,1828.660043704182
34920.0,1830.580881689974
34940.0,1832.4965855269195
34960.0,1834.4133938644147
34980.0,1836.334982406168
35000.0,1838.262798958884
35020.0,1840.196672881056
35040.0,1842.1354517414134
35060.0,1844.077511917409
35080.0,1846.0210836275182
35100.0,1847.964408136977
35120.0,1849.9057972428043
35140.0,1851.8436895854938
35160.0,1853.77679463304
35180.0,1855.7043844615553
35200.0,1857.6267381218688
35220.0,1859.5456684071385
35240.0,1861.4649759258173
35260.0,1863.3905971262188
35280.0,1865.330165773115
35300.0,1867.2917221781015
35320.0,1869.2814133137424
35340.0,1871.300253714901
35360.0,1873.3403642339122
35380.0,1875.3815388723192
35400.0,1877.3894240912316
35420.0,1879.3168879855962
35440.0,1881.1101161030456
35460.0,1882.720381146227
35480.0,1884.1211083268693
35500.0,1885.3277119894585
35520.0,1886.4148159384808
35540.0,1887.5222584334915
35560.0,1888.838389932412
35580.0,1890.5476715814723
35600.0,1892.7402586201617
35620.0,1895.353520377749
35640.0,1898.21692327761
35660.0,1901.1086500205886
35680.0,1903.7986969349288
35700.0,1906.1092526474392
35720.0,1907.9223349053616
35740.0,1909.1878349723806
35760.0,1909.9230623588505
35780.0,1910.1252340706299
35800.0,1909.702700552854
35820.0,1908.4842191448465
35840.0,1906.2678660824356
35860.0,1902.970616094523
35880.0,1898.824091880164
35900.0,1894.4590221592225
35920.0,1890.7642974684265
35940.0,1888.6089173912728
35960.0,1888.6013431716824
35980.0,1891.0025062538152
36000.0,1895.7111274966396
36020.0,1902.3103315290202
36040.0,1910.1668556452337
36060.0,1918.59342792113
36080.0,1926.9093553654398
36100.0,1934.3971626081552
36120.0,1940.3343136877688
36140.0,1944.1312513756886
36160.0,1945.5041574400627
36180.0,1944.5370733077314
36200.0,1941.6053895545945
36220.0,1937.2393566082287
36240.0,1931.9909917124787
36260.0,1926.336989675327
36280.0,1920.6271753999044
36300.0,1915.073483240431
36320.0,1909.7673807824103
36340.0,1904.7121896423184
36360.0,1899.8587833283102
36380.0,1895.1367782344064
36400.0,1890.477169356275
36420.0,1885.8255322990492
36440.0,1881.147039534922
36460.0,1876.4256053895049
36480.0,1871.6596828133383
36500.0,1866.8568779664408
36520.0,1862.0289148453098
36540.0,1857.1878014476054
36560.0,1852.3434704635542
36580.0,1847.502762569188
36600.0,1842.6693996743768
36620.0,1837.8445309276733
36640.0,1833.0274800341099
36660.0,1828.2164304972769
36680.0,1823.4089150487555
36700.0,1818.6020970609607
36720.0,1813.7929259493242
36740.0,1808.9783041048584
36760.0,1804.155413282658
36780.0,1799.3223101994893
36800.0,1794.4788142553255
36820.0,1789.6275803976168
36840.0,1784.7750925074815
36860.0,1779.93215650937
36880.0,1775.1133631342757
36900.0,1770.3349876603359
36920.0,1765.6109635706428
36940.0,1760.9469636201716
36960.0,1756.333264621385
36980.0,1751.7379158236704
37000.0,1747.1026367832924
37020.0,1742.3445918401317
37040.0,1737.3673771090075
37060.0,1732.0838112689732
37080.0,1726.4510846576304
37100.0,1720.5153214336647
37120.0,1714.4578461777267
37140.0,1708.6301739140285
37160.0,1703.5604036555808
37180.0,1699.912426587926
37200.0,1698.3837915026354
37220.0,1699.540860212003
37240.0,1703.6129767153634
37260.0,1710.301054576427
37280.0,1718.697620587059
37300.0,1727.4386493751633
37320.0,1735.1231024610067
37340.0,1740.8041107998986
37360.0,1744.1308243698163
37380.0,1745.1951866532715
37400.0,1744.4217745959045
37420.0,1742.3286314187403
37440.0,1739.161654047064
37460.0,1734.8513037455978
37480.0,1729.415654031889
37500.0,1723.3231299581385
37520.0,1717.4034363583137
37540.0,1712.4814145216974
37560.0,1709.1391455019707
37580.0,1707.7156718869621
37600.0,1708.3443554055327
37620.0,1710.84065648599
37640.0,1714.652782133338
37660.0,1719.0489199182327
37680.0,1723.4170469645364
37700.0,1727.4212222472895
37720.0,1730.9051876683807
37740.0,1733.7430237366382
37760.0,1735.8625664446656
37780.0,1737.3952786527334
37800.0,1738.734050193893
37820.0,1740.4038093599406
37840.0,1742.893332356313
37860.0,1746.5645272928584
37880.0,1751.6127418101466
37900.0,1758.0992656712697
37920.0,1766.0226622257007
37940.0,1775.3370840340926
37960.0,1785.8768067866763
37980.0,1797.231144584271
38000.0,1808.667290460745
38020.0,1819.1950557938296
38040.0,1827.7807934837133
38060.0,1833.5845056920512
38080.0,1836.0834511324288
38100.0,1835.1424537513344
38120.0,1831.211546772785
38140.0,1825.3987351339092
38160.0,1819.0845989455215
38180.0,1813.381196117312
38200.0,1808.8969261664047
38220.0,1805.7400745130647
38240.0,1803.6141278859718
38260.0,1801.9983390960886
38280.0,1800.3807302286314
38300.0,1798.4853079513043
38320.0,1796.436149171985
38340.0,1794.7397865899698
38360.0,1794.0769713460752
38380.0,1795.0629954604562
38400.0,1798.1198777604307
38420.0,1803.407027910147
38440.0,1810.7940532573589
38460.0,1819.8726310097995
38480.0,1829.9495779800177
38500.0,1840.0718035637722
38520.0,1849.2108363922757
38540.0,1856.599171375714
38560.0,1861.9058207307694
38580.0,1865.210136563913
38600.0,1866.8738095104231
38620.0,1867.3889407112606
38640.0,1867.2489245882105
38660.0,1866.862924205671
38680.0,1866.5161840358312
38700.0,1866.367504334438
38720.0,1866.4707239151594
38740.0,1866.8071749911683
38760.0,1867.3188417694503
38780.0,1867.9357241221346
38800.0,1868.594511407368
38820.0,1869.248450574889
38840.0,1869.8700181491317
38860.0,1870.4487495613587
38880.0,1870.9865794797274
38900.0,1871.4925938739993
38920.0,1871.9784537289706
38940.0,1872.4551193198035
38960.0,1872.9310009432097
38980.0,1873.4113338322109
39000.0,1873.8984161763954
39020.0,1874.3923235607278
39040.0,1874.8917729988766
39060.0,1875.3949096079766
39080.0,1875.8998935893164
39100.0,1876.4052522973889
39120.0,1876.91002175489
39140.0,1877.4137332863115
39160.0,1877.9163090663337
39180.0,1878.417922889466
39200.0,1878.918866986227
39220.0,1879.419448406495
39240.0,1879.9199234471387
39260.0,1880.4204678513074
39280.0,1880.9211744466115
39300.0,1881.422067843298
39320.0,1881.9231265948401
39340.0,1882.424305562874
39360.0,1882.9255540558315
39380.0,1883.4268278825864
39400.0,1883.9280953802129
39420.0,1884.4293386240977
39440.0,1884.930551487641
39460.0,1885.431736173549
39480.0,1885.932899495248
39500.0,1886.4340497301823
39520.0,1886.9351944315258
39540.0,1887.4363392452353
39560.0,1887.9374875651854
39580.0,1888.438640762674
39600.0,1888.9397987185573
39620.0,1889.4409604351451
39640.0,1889.9421245773733
39660.0,1890.4432898657717
39680.0,1890.9444553033572
39700.0,1891.4456202578913
39720.0,1891.9467844407864
39740.0,1892.447947827599
39760.0,1892.9491105584068
39780.0,1893.45027284563
39800.0,1893.9514349039673
39820.0,1894.4525969078175
39840.0,1894.9537589733577
39860.0,1895.4549211588783
39880.0,1895.9560834762901
39900.0,1896.457245907129
39920.0,1896.9584084181733
39940.0,1897.4595709737107
39960.0,1897.9607335434691
39980.0,1898.4618961063738
40000.0,1898.9630586510175
40020.0,1899.4642211740684
40040.0,1899.9653836777147
40060.0,1900.4665461670404
40080.0,1900.9677086479046
40100.0,1901.4688711255135
40120.0,1901.9700336036422
40140.0,1902.471196084473
40160.0,1902.9723585687766
40180.0,1903.4735210563754
40200.0,1903.974683546475
40220.0,1904.475846038078
40240.0,1904.9770085303153
40260.0,1905.4781710225786
40280.0,1905.9793335144932
40300.0,1906.4804960059398
40320.0,1906.9816584969062
40340.0,1907.4828209874092
40360.0,1907.983983477606
40380.0,1908.485145967618
40400.0,1908.986308457562
40420.0,1909.4874709475484
40440.0,1909.9886334376247
40460.0,1910.4897959278
40480.0,1910.990958418047
40500.0,1911.4921209083725
40520.0,1911.9932833987455
40540.0,1912.4944458891416
40560.0,1912.9956083795005
40580.0,1913.4967708698082
40600.0,1913.9979333601048
40620.0,1914.4990958504034
40640.0,1915.000258340684
40660.0,1915.50142083098
40680.0,1916.0025833213508
40700.0,1916.5037458117429
40720.0,1917.0049083020883
40740.0,1917.5060707923917
40760.0,1918.0072332826999
40780.0,1918.5083957730083
40800.0,1919.0095582633196
40820.0,1919.5107207536446
40840.0,1920.0118832439935
40860.0,1920.5130457343525
40880.0,1921.0142082246996
40900.0,1921.5153707149846
40920.0,1922.0165332052159
40940.0,1922.5176956954153
40960.0,1923.0188581856116
40980.0,1923.5200206758302
41000.0,1924.0211831660613
41020.0,1924.522345656345
41040.0,1925.023508146678
41060.0,1925.524670637043
41080.0,1926.0258331274374
41100.0,1926.5269956178563
41120.0,1927.0281581082868
41140.0,1927.5293205987255
41160.0,1928.0304830891455
41180.0,1928.5316455795146
41200.0,1929.0328080698032
41220.0,1929.5339705600356
41240.0,1930.0351330502556
41260.0,1930.5362955404885
41280.0,1931.0374580307293
41300.0,1931.538620520982
41320.0,1932.0397830112815
41340.0,1932.5409455016227
41360.0,1933.0421079919906
41380.0,1933.5432704823609
41400.0,1934.044432972696
41420.0,1934.5455954630227
41440.0,1935.0467579533579
41460.0,1935.5479204436822
41480.0,1936.0490829339694
41500.0,1936.5502454241919
41520.0,1937.051407914405
41540.0,1937.5525704046418
41560.0,1938.0537328949013
41580.0,1938.5548953852062
41600.0,1939.056057875509
41620.0,1939.5572203657616
41640.0,1940.0583828559793
41660.0,1940.559545346201
41680.0,1941.0607078364587
41700.0,1941.5618703267671
41720.0,1942.0630328171137
41740.0,1942.5641953074748
41760.0,1943.0653577978464
41780.0,1943.5665202882253
41800.0,1944.067682778604
41820.0,1944.568845268997
41840.0,1945.0700077593858
41860.0,1945.57117024976
41880.0,1946.0723327401433
41900.0,1946.5734952305497
41920.0,1947.0746577209077
41940.0,1947.5758202111786
41960.0,1948.0769827014096
41980.0,1948.5781451916769
42000.0,1949.079307681982
42020.0,1949.5804701723148
42040.0,1950.0816326626682
42060.0,1950.582795153022
42080.0,1951.083957643385
42100.0,1951.5851201337482
42120.0,1952.0862826241087
42140.0,1952.587445114455
42160.0,1953.0886076047755
42180.0,1953.589770095102
42200.0,1954.0909325854452
42220.0,1954.5920950757868
42240.0,1955.0932575661056
42260.0,1955.5944200563972
42280.0,1956.0955825466328
42300.0,1956.5967450368753
42320.0,1957.0979075271412
42340.0,1957.5990700174218
42360.0,1958.1002325076945
42380.0,1958.6013949979454
42400.0,1959.102557488177
42420.0,1959.6037199784278
42440.0,1960.1048824687095
42460.0,1960.6060449590418
42480.0,1961.10720744943
42500.0,1961.6083699398434
42520.0,1962.1095324302537
42540.0,1962.610694920611
42560.0,1963.1118574109441
42580.0,1963.6130199012682
42600.0,1964.114182391566
42620.0,1964.615344881871
42640.0,1965.1165073722277
42660.0,1965.617669862612
42680.0,1966.1188323529975
42700.0,1966.619994843352
42720.0,1967.1211573336736
42740.0,1967.6223198239454
42760.0,1968.1234823141792
42780.0,1968.62464480441
42800.0,1969.125807294657
42820.0,1969.6269697849152
42840.0,1970.128132275185
42860.0,1970.6292947654451
42880.0,1971.1304572557285
42900.0,1971.6316197460746
42920.0,1972.1327822364685
42940.0,1972.6339447269063
42960.0,1973.135107217366
42980.0,1973.636269707776
43000.0,1974.1374321981311
43020.0,1974.6385946884602
43040.0,1975.1397571787463
43060.0,1975.640919668979
43080.0,1976.142082159208
43100.0,1976.6432446494923
43120.0,1977.1444071398023
43140.0,1977.645569630096
43160.0,1978.1467321203722
43180.0,1978.6478946106465
43200.0,1979.1490571009485
43220.0,1979.6502195912824
43240.0,1980.151382081612
43260.0,1980.652544571972
43280.0,1981.1537070623526
43300.0,1981.6548695526817
43320.0,1982.1560320429599
43340.0,1982.6571945332125
43360.0,1983.1583570234775
43380.0,1983.659519513807
43400.0,1984.1606820042057
43420.0,1984.6618444946257
43440.0,1985.1630069850064
43460.0,1985.6641694753478
43480.0,1986.1653319656573
43500.0,1986.6664944558738
43520.0,1987.1676569459833
43540.0,1987.668819436077
43560.0,1988.1699819262387
43580.0,1988.6711444164714
43600.0,1989.1723069067334
43620.0,1989.6734693970375
43640.0,1990.1746318874186
43660.0,1990.6757943778764
43680.0,1991.176956868383
43700.0,1991.678119358859
43720.0,1992.179281849266
43740.0,1992.680444339617
43760.0,1993.1816068299345
43780.0,1993.6827693202722
43800.0,1994.1839318106224
43820.0,1994.6850943009442
43840.0,1995.186256791223
43860.0,1995.6874192814787
43880.0,1996.1885817717102
43900.0,1996.6897442619654
43920.0,1997.1909067522433
43940.0,1997.6920692425142
43960.0,1998.1932317327883
43980.0,1998.694394222999
44000.0,1999.1955567131602
44020.0,1999.6967192033378
44040.0,2000.1978816935728
44060.0,2000.6990441838539
44080.0,2001.2002066741923
44100.0,2001.7013691646057
44120.0,2002.2025316550528
44140.0,2002.7036941454658
44160.0,2003.2048566358394
44180.0,2003.7060191262044
44200.0,2004.207181616536
44220.0,2004.7083441068219
44240.0,2005.2095065970657
44260.0,2005.7106690873654
44280.0,2006.2118315777966
44300.0,2006.7129940683722
44320.0,2007.2141565590896
44340.0,2007.7153190498739
44360.0,2008.2164815406086
44380.0,2008.7176440311973
44400.0,2009.2188065214675
44420.0,2009.7199690112259
44440.0,2010.2211315003024
44460.0,2010.7222939886815
44480.0,2011.2234564764883
44500.0,2011.724618964125
44520.0,2012.22578145234
44540.0,2012.7269439422223
44560.0,2013.228106435019
44580.0,2013.7292689318488
44600.0,2014.2304314332578
44620.0,2014.7315939386558
44640.0,2015.2327564458185
44660.0,2015.7339189504735
44680.0,2016.2350814463275
44700.0,2016.736243925842
44720.0,2017.2374063818247
44740.0,2017.7385688099228
44760.0,2018.239731211905
44780.0,2018.7408935991502
44800.0,2019.2420559951818
44820.0,2019.7432184360391
44840.0,2020.2443809668232
44860.0,2020.7455436331995
44880.0,2021.2467064671382
44900.0,2021.747869467572
44920.0,2022.2490325792241
44940.0,2022.7501956750214
44960.0,2023.2513585500044
44980.0,2023.752520936295
45000.0,2024.2536825482123
45020.0,2024.7548431625837
45040.0,2025.2560027312277
45060.0,2025.7571615106856
45080.0,2026.2583201787274
45100.0,2026.7594798915259
45120.0,2027.2606422242402
45140.0,2027.761808938126
45160.0,2028.262981535881
45180.0,2028.7641606095804
45200.0,2029.265345055855
45220.0,2029.766531323552
45240.0,2030.2677129572517
45260.0,2030.7688807765048
45280.0,2031.2700240481397
45300.0,2031.771132923203
45320.0,2032.272202180829
45340.0,2032.7732359285117
45360.0,2033.2742523723537
45380.0,2033.7752871688565
45400.0,2034.2763933548163
45420.0,2034.7776356436211
45440.0,2035.27907724303
45460.0,2035.780758549669
45480.0,2036.2826692663093
45500.0,2036.784718611588
45520.0,2037.2867119543703
45540.0,2037.7883455788462
45560.0,2038.2892331006883
45580.0,2038.7889757057378
45600.0,2039.2872822391196
45620.0,2039.7841330794374
45640.0,2040.2799636921307
45660.0,2040.7758216855425
45680.0,2041.2734295538226
45700.0,2041.7750713210712
45720.0,2042.283224497042
45740.0,2042.7998892891314
45760.0,2043.3256329143885
45780.0,2043.8584700057424
45800.0,2044.3928316420938
45820.0,2044.9190116543894
45840.0,2045.4235787312864
45860.0,2045.8912505741457
45880.0,2046.3085790950258
45900.0,2046.6694392518325
45920.0,2046.9817260835632
45940.0,2047.2738818094251
45960.0,2047.5990206129113
45980.0,2048.0337185427807
46000.0,2048.668311661998
46020.0,2049.586173609421
46040.0,2050.831268133955
46060.0,2052.3664700247514
46080.0,2054.029558939248
46100.0,2055.498741097269
46120.0,2056.2837252388176
46140.0,2055.759791229548
46160.0,2053.2584706001794
46180.0,2048.216863405847
46200.0,2040.3663055063043
46220.0,2029.9096064878536
46240.0,2017.5964676856343
46260.0,2004.582800377654
46280.0,1992.082132812139
46300.0,1981.0104999514992
46320.0,1971.8299161804305
46340.0,1964.6460795829844
46360.0,1959.351524852217
46380.0,1955.6641437029843
46400.0,1953.1066197470348
46420.0,1951.0677101599572
46440.0,1948.9556353997637
46460.0,1946.3285339951235
46480.0,1942.919138626104
46500.0,1938.6018685964086
46520.0,1933.3722730660495
46540.0,1927.2688227708263
46560.0,1920.2564529430201
46580.0,1912.224011930987
46600.0,1903.18154297103
46620.0,1893.5305435285773
46640.0,1884.1234229243369
46660.0,1875.9720055366142
46680.0,1869.8398006827597
46700.0,1866.0403328480747
46720.0,1864.4573778890917
46740.0,1864.6788996219395
46760.0,1866.1587070338555
46780.0,1868.354313549326
46800.0,1870.8180657756643
46820.0,1873.2389385876945
46840.0,1875.44433667915
46860.0,1877.3761299535267
46880.0,1879.0550238947944
46900.0,1880.5443558398183
46920.0,1881.9203139784302
46940.0,1883.2516681433692
46960.0,1884.5890943892095
46980.0,1885.9623152633205
47000.0,1887.3824839691054
47020.0,1888.847253171256
47040.0,1890.3464711958222
47060.0,1891.867151072191
47080.0,1893.3970459073018
47100.0,1894.926708542293
47120.0,1896.4502628701666
47140.0,1897.9652743521747
47160.0,1899.4721180931924
47180.0,1900.9731582873642
47200.0,1902.4719264220344
47220.0,1903.9723619117146
47240.0,1905.4780899236303
47260.0,1906.9916761492125
47280.0,1908.513823905331
47300.0,1910.0425600507842
47320.0,1911.5725754410228
47340.0,1913.0950129121015
47360.0,1914.5980885147637
47380.0,1916.0689378903214
47400.0,1917.4969454269672
47420.0,1918.8784969140293
47440.0,1920.2225854358699
47460.0,1921.5560373176238
47480.0,1922.9264265412282
47500.0,1924.400214127306
47520.0,1926.0535619342077
47540.0,1927.9539435523225
47560.0,1930.132383424659
47580.0,1932.5490180232514
47600.0,1935.0585113709687
47620.0,1937.3860558407207
47640.0,1939.1281031804488
47660.0,1939.7929408401692
47680.0,1938.8927659579863
47700.0,1936.0890982337235
47720.0,1931.3760001678256
47740.0,1925.2609189940824
47760.0,1918.8735926688464
47780.0,1913.9047291233837
47800.0,1912.2580693201603
47820.0,1915.3692706456363
47840.0,1923.4778812416312
47860.0,1935.2949945728196
47880.0,1948.2757325505256
47900.0,1959.4899696731493
47920.0,1966.8021477300038
47940.0,1969.730993245541
47960.0,1969.2252816899322
47980.0,1966.790681924092
48000.0,1963.7662666866509
48020.0,1960.9621347501907
48040.0,1958.7313462665838
48060.0,1957.3039095416893
48080.0,1957.1625283313647
48100.0,1959.2740552226285
48120.0,1964.969568726698
48140.0,1975.548484302274
48160.0,1991.7728959800909
48180.0,2013.3625945245142
48200.0,2038.6210692300679
48220.0,2064.3818773834596
48240.0,2086.6729407876724
48260.0,2102.0076369354438
48280.0,2108.3511488569243
48300.0,2105.473410454915
48320.0,2094.9036025027444
48340.0,2079.2310773621807
48360.0,2061.2830299339576
48380.0,2043.7395006995223
48400.0,2028.8222795650024
48420.0,2017.9412122634694
48440.0,2011.505104861315
48460.0,2009.0388952472647
48480.0,2009.5815404587422
48500.0,2012.1732740433486
48520.0,2016.0680877750597
48540.0,2020.6235754323905
48560.0,2025.1821978362507
48580.0,2029.0802413019178
48600.0,2031.778839370653
48620.0,2033.0696161897613
48640.0,2033.2027855102442
48660.0,2032.7377138318304
48680.0,2032.1504847421033
48700.0,2031.6229907431996
48720.0,2031.061013233601
48740.0,2030.2044783204685
48760.0,2028.838553015829
48780.0,2026.9270028720862
48800.0,2024.606254491356
48820.0,2022.1137506301693
48840.0,2019.679181811817
48860.0,2017.497029684199
48880.0,2015.7245013258482
48900.0,2014.473950949819
48920.0,2013.9004593754453
48940.0,2014.3125108236422
48960.0,2016.1840185776728
48980.0,2019.9632452666526
49000.0,2025.6659572906271
49020.0,2032.6462095165705
49040.0,2039.7431256397838
49060.0,2045.606771759535
49080.0,2048.9809039975507
49100.0,2048.8984441173384
49120.0,2044.8662432349279
49140.0,2037.1201355494145
49160.0,2026.776492015128
49180.0,2015.5190972971272
49200.0,2004.9834940018984
49220.0,1996.3473638999676
49240.0,1990.2316348861773
49260.0,1986.6921260133663
49280.0,1985.3332308462316
49300.0,1985.5446390472669
49320.0,1986.7201554532462
49340.0,1988.3670065765389
49360.0,1990.222608624124
49380.0,1992.279536588511
49400.0,1994.7066193097205
49420.0,1997.7292633761256
49440.0,2001.5247501673864
49460.0,2006.1716473259858
49480.0,2011.598086765558
49500.0,2017.5210994483411
49520.0,2023.4560282875113
49540.0,2028.74484438442
49560.0,2032.6241963245109
49580.0,2034.3809795011507
49600.0,2033.65198338757
49620.0,2030.688020348252
49640.0,2026.3075098584382
49660.0,2021.5078746855604
49680.0,2017.0491595659776
49700.0,2013.2517540510003
49720.0,2010.115043215918
49740.0,2007.6154255888237
49760.0,2005.8383740352383
49780.0,2004.8420549634313
49800.0,2004.45983068721
49820.0,2004.2372955855656
49840.0,2003.4811721127087
49860.0,2001.339075730668
49880.0,1996.9065197217835
49900.0,1989.3794144935932
49920.0,1978.2783699458937
49940.0,1963.739710050308
49960.0,1946.7332305415646
49980.0,1928.959872602752
50000.0,1912.3496406739891
50020.0,1898.420007829733
50040.0,1887.9277414455828
50060.0,1880.8800168050384
50080.0,1876.7429918313658
50100.0,1874.7072582612868
50120.0,1873.922617552816
50140.0,1873.6604977502932
50160.0,1873.396084329755
50180.0,1872.8229319748195
50200.0,1871.8220919669707
50220.0,1870.4086453813193
50240.0,1868.6743149970384
50260.0,1866.7384731280956
50280.0,1864.7135159228176
50300.0,1862.6855084563497
50320.0,1860.707724096968
50340.0,1858.803155903225
50360.0,1856.971894834785
50380.0,1855.1999566752154
50400.0,1853.467227892747
50420.0,1851.7533264683625
50440.0,1850.0411062249973
50460.0,1848.3181649608837
50480.0,1846.577033779577
50500.0,1844.8147715010462
50520.0,1843.0325351232193
50540.0,1841.2354221825274
50560.0,1839.4325565151707
50580.0,1837.6370826063417
50600.0,1835.8655100287265
50620.0,1834.1357730272364
50640.0,1832.4635033502811
50660.0,1830.856406032839
50680.0,1829.3072937107022
50700.0,1827.7872302909159
50720.0,1826.2412260117612
50740.0,1824.5897731861878
50760.0,1822.7398750869313
50780.0,1820.6089984196424
50800.0,1818.1592596152957
50820.0,1815.4254711065573
50840.0,1812.5429172329646
50860.0,1809.7202279268436
50880.0,1807.142668503592
50900.0,1804.8505464318102
50920.0,1802.7437822211862
50940.0,1800.6851751100726
50960.0,1798.549719977386
50980.0,1796.1439316709143
51000.0,1793.1743680335774
51020.0,1789.3122553089318
51040.0,1784.254912277657
51060.0,1777.8359992734015
51080.0,1770.1396098278783
51100.0,1761.6213998312767
51120.0,1753.0767159145173
51140.0,1745.3966556481937
51160.0,1739.2895079238247
51180.0,1735.0953283061685
51200.0,1732.7750960259018
51220.0,1732.017204713739
51240.0,1732.3755123419814
51260.0,1733.3909791958072
51280.0,1734.6749917317084
51300.0,1735.950444062158
51320.0,1737.0575455871676
51340.0,1737.9361142448972
51360.0,1738.5964562510817
51380.0,1739.0886228766853
51400.0,1739.4764340896604
51420.0,1739.8192989476472
51440.0,1740.1622044812455
51460.0,1740.5325425309475
51480.0,1740.9416597448355
51500.0,1741.3889448405196
51520.0,1741.8666445640629
51540.0,1742.364176918602
51560.0,1742.8712971533714
51580.0,1743.3799513759145
51600.0,1743.8849741381703
51620.0,1744.3839500410481
51640.0,1744.876595947102
51660.0,1745.363972997399
51680.0,1745.8477487288633
51700.0,1746.3296329035936
51720.0,1746.811028093404
51740.0,1747.292878107433
51760.0,1747.775665567639
51780.0,1748.2595001715927
51800.0,1748.7442446424652
51820.0,1749.2296389745766
51840.0,1749.7153994775647
51860.0,1750.2012833071888
51880.0,1750.6871195626295
51900.0,1751.172814107666
51920.0,1751.6583375567564
51940.0,1752.1437054126673
51960.0,1752.628957319131
51980.0,1753.114139813549
52000.0,1753.5992945518713
52020.0,1754.0844521343247
52040.0,1754.5696305205802
52060.0,1755.054836529521
52080.0,1755.5400689136109
52100.0,1756.0253217879933
52120.0,1756.5105876068842
52140.0,1756.9958592873165
52160.0,1757.4811314040435
52180.0,1757.966400590045
52200.0,1758.4516653783824
52220.0,1758.9369257369938
52240.0,1759.4221825080779
52260.0,1759.90743689892
52280.0,1760.392690102896
52300.0,1760.877943072821
52320.0,1761.3631964306728
52340.0,1761.8484504772994
52360.0,1762.3337052607844
52380.0,1762.8189606668543
52400.0,1763.3042165052648
52420.0,1763.7894725769333
52440.0,1764.2747287159218
52460.0,1764.7599848087418
52480.0,1765.2452407957758
52500.0,1765.7304966614654
52520.0,1766.2157524199763
52540.0,1766.7010081007752
52560.0,1767.1862637368954
52580.0,1767.671519356969
52600.0,1768.1567749814083
52620.0,1768.6420306216664
52640.0,1769.127286281638
52660.0,1769.6125419598836
52680.0,1770.0977976519614
52700.0,1770.5830533524427
52720.0,1771.068309056414
52740.0,1771.5535647601682
52760.0,1772.0388204615992
52780.0,1772.524076159906
52800.0,1773.0093318551596
52820.0,1773.4945875479946
52840.0,1773.9798432392836
52860.0,1774.4650989298905
52880.0,1774.9503546204537
52900.0,1775.4356103113557
52920.0,1775.9208660027944
52940.0,1776.4061216947582
52960.0,1776.8913773871386
52980.0,1777.376633079732
53000.0,1777.8618887724358
53020.0,1778.3471444651939
53040.0,1778.8324001579415
53060.0,1779.3176558506134
53080.0,1779.802911543169
53100.0,1780.288167235619
53120.0,1780.773422927974
53140.0,1781.258678620293
53160.0,1781.7439343126389
53180.0,1782.2291900050066
53200.0,1782.7144456973833
53220.0,1783.1997013897794
53240.0,1783.6849570821985
53260.0,1784.1702127746623
53280.0,1784.6554684671642
53300.0,1785.140724159654
53320.0,1785.6259798520787
53340.0,1786.1112355444795
53360.0,1786.5964912368793
53380.0,1787.0817469292858
53400.0,1787.5670026217067
53420.0,1788.0522583141585
53440.0,1788.5375140066135
53460.0,1789.0227696990482
53480.0,1789.5080253914743
53500.0,1789.9932810838886
53520.0,1790.4785367763047
53540.0,1790.9637924687474
53560.0,1791.4490481612133
53580.0,1791.934303853725
53600.0,1792.41955954628
53620.0,1792.904815238811
53640.0,1793.390070931251
53660.0,1793.8753266236067
53680.0,1794.3605823159032
53700.0,1794.8458380081688
53720.0,1795.3310937004449
53740.0,1795.8163493927648
53760.0,1796.3016050851554
53780.0,1796.786860777583
53800.0,1797.2721164700336
53820.0,1797.7573721624879
53840.0,1798.2426278549233
53860.0,1798.7278835473724
53880.0,1799.2131392397991
53900.0,1799.6983949322034
53920.0,1800.1836506245995
53940.0,1800.6689063169993
53960.0,1801.1541620093972
53980.0,1801.6394177018096
54000.0,1802.124673394273
54020.0,1802.6099290868037
54040.0,1803.0951847793724
54060.0,1803.58044047191
54080.0,1804.065696164392
54100.0,1804.5509518568238
54120.0,1805.036207549194
54140.0,1805.5214632415125
54160.0,1806.0067189337783
54180.0,1806.4919746260591
54200.0,1806.9772303184054
54220.0,1807.4624860107936
54240.0,1807.9477417031915
54260.0,1808.432997395625
54280.0,1808.9182530881112
54300.0,1809.4035087806387
54320.0,1809.8887644731888
54340.0,1810.3740201657777
54360.0,1810.8592758583695
54380.0,1811.344531550927
54400.0,1811.8297872434396
54420.0,1812.3150429358661
54440.0,1812.800298628167
54460.0,1813.285554320406
54480.0,1813.7708100126547
54500.0,1814.2560657049285
54520.0,1814.741321397259
54540.0,1815.2265770896443
54560.0,1815.711832782059
54580.0,1816.1970884745049
54600.0,1816.6823441670022
54620.0,1817.1675998595153
54640.0,1817.6528555520313
54660.0,1818.138111244556
54680.0,1818.6233669370831
54700.0,1819.1086226295931
54720.0,1819.5938783220524
54740.0,1820.0791340144447
54760.0,1820.5643897067519
54780.0,1821.0496453990163
54800.0,1821.5349010912837
54820.0,1822.0201567835586
54840.0,1822.5054124758888
54860.0,1822.9906681683071
54880.0,1823.475923860778
54900.0,1823.9611795532678
54920.0,1824.4464352457962
54940.0,1824.931690938301
54960.0,1825.4169466307583
54980.0,1825.9022023232017
55000.0,1826.3874580156692
55020.0,1826.872713708182
55040.0,1827.3579694007126
55060.0,1827.8432250932224
55080.0,1828.3284807857224
55100.0,1828.8137364782149
55120.0,1829.2989921706728
55140.0,1829.7842478630919
55160.0,1830.26950355548
55180.0,1830.7547592478586
55200.0,1831.2400149402106
55220.0,1831.7252706325276
55240.0,1832.2105263248134
55260.0,1832.695782017089
55280.0,1833.1810377094066
55300.0,1833.6662934017563
55320.0,1834.1515490941074
55340.0,1834.6368047864762
55360.0,1835.1220604788675
55380.0,1835.6073161713168
55400.0,1836.0925718638712
55420.0,1836.5778275564958
55440.0,1837.063083249121
55460.0,1837.5483389417234
55480.0,1838.0335946342748
55500.0,1838.5188503267593
55520.0,1839.0041060191713
55540.0,1839.489361711531
55560.0,1839.9746174038887
55580.0,1840.4598730962487
55600.0,1840.9451287886482
55620.0,1841.4303844810815
55640.0,1841.9156401734992
55660.0,1842.4008958658687
55680.0,1842.8861515582219
55700.0,1843.3714072505954
55720.0,1843.8566629429952
55740.0,1844.3419186354208
55760.0,1844.8271743278704
55780.0,1845.312430020301
55800.0,1845.7976857127164
55820.0,1846.282941405128
55840.0,1846.7681970975095
55860.0,1847.2534527898326
55880.0,1847.7387084821517
55900.0,1848.2239641744757
55920.0,1848.7092198668365
55940.0,1849.1944755592554
55960.0,1849.6797312517283
55980.0,1850.1649869442185
56000.0,1850.650242636666
56020.0,1851.135498329085
56040.0,1851.6207540215187
56060.0,1852.1060097139823
56080.0,1852.5912654064552
56100.0,1853.0765210989193
56120.0,1853.5617767913511
56140.0,1854.0470324837684
56160.0,1854.532288176188
56180.0,1855.0175438686408
56200.0,1855.5027995611156
56220.0,1855.988055253591
56240.0,1856.4733109460424
56260.0,1856.9585666384428
56280.0,1857.443822330802
56300.0,1857.9290780232047
56320.0,1858.4143337156988
56340.0,1858.899589408264
56360.0,1859.3848451008848
56380.0,1859.8701007935463
56400.0,1860.3553564861554
56420.0,1860.8406121786236
56440.0,1861.3258678709772
56460.0,1861.8111235633128
56480.0,1862.296379255639
56500.0,1862.781634947946
56520.0,1863.2668906402585
56540.0,1863.752146332615
56560.0,1864.2374020249874
56580.0,1864.722657717372
56600.0,1865.2079134097971
56620.0,1865.6931691022583
56640.0,1866.1784247947373
56660.0,1866.6636804872287
56680.0,1867.1489361797073
56700.0,1867.6341918721519
56720.0,1868.1194475645952
56740.0,1868.6047032570484
56760.0,1869.0899589494777
56780.0,1869.5752146418436
56800.0,1870.0604703341573
56820.0,1870.5457260264873
56840.0,1871.0309817188397
56860.0,1871.5162374112128
56880.0,1872.0014931036153
56900.0,1872.4867487960353
56920.0,1872.972004488459
56940.0,1873.4572601808773
56960.0,1873.9425158733077
56980.0,1874.4277715657634
57000.0,1874.9130272582647
57020.0,1875.3982829508109
57040.0,1875.883538643361
57060.0,1876.3687943358887
57080.0,1876.854050028367
57100.0,1877.339305720726
57120.0,1877.8245614129937
57140.0,1878.3098171052243
57160.0,1878.7950727974517
57180.0,1879.2803284897236
57200.0,1879.7655841820524
57220.0,1880.2508398744492
57240.0,1880.7360955669362
57260.0,1881.2213512594885
57280.0,1881.7066069520479
57300.0,1882.1918626445854
57320.0,1882.6771183370897
57340.0,1883.1623740295713
57360.0,1883.6476297220397
57380.0,1884.1328854144954
57400.0,1884.6181411069174
57420.0,1885.1033967993321
57440.0,1885.5886524917325
57460.0,1886.0739081841707
57480.0,1886.5591638766382
57500.0,1887.0444195690943
57520.0,1887.5296752615384
57540.0,1888.0149309539715
57560.0,1888.500186646394
57580.0,1888.985442338817
57600.0,1889.4706980312596
57620.0,1889.9559537237121
57640.0,1890.4412094161212
57660.0,1890.9264651084773
57680.0,1891.4117208007985
57700.0,1891.8969764930825
57720.0,1892.3822321853524
57740.0,1892.8674878776517
57760.0,1893.3527435699646
57780.0,1893.8379992622972
57800.0,1894.3232549546701
57820.0,1894.808510647111
57840.0,1895.2937663396217
57860.0,1895.7790220321535
57880.0,1896.2642777246663
57900.0,1896.7495334171333
57920.0,1897.234789109542
57940.0,1897.7200448018946
57960.0,1898.2053004942295
57980.0,1898.690556186601
58000.0,1899.1758118790076
58020.0,1899.6610675714778
58040.0,1900.1463232640385
58060.0,1900.6315789566736
58080.0,1901.1168346493137
58100.0,1901.602090341887
58120.0,1902.0873460343464
58140.0,1902.5726017267157
58160.0,1903.0578574190372
58180.0,1903.5431131113473
58200.0,1904.0283688036664
58220.0,1904.5136244959817
58240.0,1904.9988801883233
58260.0,1905.484135880711
58280.0,1905.9693915731289
58300.0,1906.4546472655609
58320.0,1906.939902957989
58340.0,1907.42515865045
58360.0,1907.910414342965
58380.0,1908.3956700354684
58400.0,1908.8809257279245
58420.0,1909.3661814203388
58440.0,1909.851437112718
58460.0,1910.3366928051073
58480.0,1910.8219484975555
58500.0,1911.3072041900384
58520.0,1911.7924598825314
58540.0,1912.2777155750325
58560.0,1912.762971267528
58580.0,1913.2482269599793
58600.0,1913.733482652367
58620.0,1914.218738344709
58640.0,1914.7039940370414
58660.0,1915.1892497294018
58680.0,1915.6745054217524
58700.0,1916.159761114102
58720.0,1916.6450168065035
58740.0,1917.13027249898
58760.0,1917.6155281915212
58780.0,1918.1007838840596
58800.0,1918.586039576578
58820.0,1919.0712952690933
58840.0,1919.5565509615742
58860.0,1920.0418066539787
58880.0,1920.527062346296
58900.0,1921.0123180385417
58920.0,1921.49757373077
58940.0,1921.9828294230495
58960.0,1922.4680851154226
58980.0,1922.9533408078746
59000.0,1923.4385965003676
59020.0,1923.9238521929037
59040.0,1924.4091078854387
59060.0,1924.8943635779415
59080.0,1925.3796192703994
59100.0,1925.8648749627905
59120.0,1926.3501306551595
59140.0,1926.8353863475645
59160.0,1927.3206420400013
59180.0,1927.805897732474
59200.0,1928.291153424947
59220.0,1928.7764091173963
59240.0,1929.2616648098035
59260.0,1929.746920502163
59280.0,1930.2321761945266
59300.0,1930.7174318869318
59320.0,1931.2026875793922
59340.0,1931.687943271911
59360.0,1932.1731989644184
59380.0,1932.658454656906
59400.0,1933.1437103494022
59420.0,1933.6289660419156
59440.0,1934.1142217344022
59460.0,1934.5994774268795
59480.0,1935.0847331193338
59500.0,1935.569988811753
59520.0,1936.0552445041608
59540.0,1936.5405001965585
59560.0,1937.0257558889657
59580.0,1937.5110115813509
59600.0,1937.9962672737147
59620.0,1938.4815229660576
59640.0,1938.9667786583839
59660.0,1939.452034350727
59680.0,1939.93729004308
59700.0,1940.422545735412
59720.0,1940.9078014277395
59740.0,1941.3930571201138
59760.0,1941.8783128125128
59780.0,1942.3635685049449
59800.0,1942.8488241974078
59820.0,1943.3340798898807
59840.0,1943.8193355823546
59860.0,1944.3045912748416
59880.0,1944.7898469673394
59900.0,1945.2751026598412
59920.0,1945.760358352345
59940.0,1946.2456140447612
59960.0,1946.730869737058
59980.0,1947.2161254292873
60000.0,1947.701381121511
60020.0,1948.1866368138085
60040.0,1948.6718925062746
60060.0,1949.1571481990104
60080.0,1949.6424038920577
60100.0,1950.1276595854076
60120.0,1950.6129152789413
60140.0,1951.0981709724147
60160.0,1951.5834266654613
60180.0,1952.0686823575713
60200.0,1952.5539380482228
60220.0,1953.0391937370987
60240.0,1953.5244494242456
60260.0,1954.009705110198
60280.0,1954.4949607961603
60300.0,1954.98021648415
60320.0,1955.4654721768543
60340.0,1955.9507278772471
60360.0,1956.4359835877847
60380.0,1956.9212393092796
60400.0,1957.4064950395436
60420.0,1957.8917507721412
60440.0,1958.3770064956923
60460.0,1958.8622621943182
60480.0,1959.347517849786
60500.0,1959.8327734458082
60520.0,1960.318028974572
60540.0,1960.803284444773
60560.0,1961.2885398896701
60580.0,1961.7737953723918
60600.0,1962.2590509850506
60620.0,1962.744306838121
60640.0,1963.2295630369135
60660.0,1963.7148196443195
60680.0,1964.200076632997
60700.0,1964.685333835135
60720.0,1965.1705909046832
60740.0,1965.6558473122761
60760.0,1966.14110239584
60780.0,1966.626355486637
60800.0,1967.1116061199623
60820.0,1967.5968543178303
60840.0,1968.0821008996013
60860.0,1968.5673477392331
60880.0,1969.0525978513856
60900.0,1969.5378551669196
60920.0,1970.0231238672682
60940.0,1970.508407203751
60960.0,1970.9937058450105
60980.0,1971.4790159756426
61000.0,1971.9643275951926
61020.0,1972.4496236949312
61040.0,1972.9348811504885
61060.0,1973.4200741635166
61080.0,1973.9051808103063
61100.0,1974.3901926204562
61120.0,1974.8751260845693
61140.0,1975.3600336506126
61160.0,1975.845010339967
61180.0,1976.3301909962113
61200.0,1976.8157329351575
61220.0,1977.3017800433815
61240.0,1977.788407755544
61260.0,1978.2755541179827
61280.0,1978.7629500203159
61300.0,1979.2500704873285
61320.0,1979.7361364496696
61340.0,1980.2201993958065
61360.0,1980.7013358250435
61380.0,1981.1789607102935
61400.0,1981.6532369508907
61420.0,1982.1255119415212
61440.0,1982.5986587567818
61460.0,1983.0771502342523
61480.0,1983.5666681627322
61500.0,1984.073070381728
61520.0,1984.6006297966737
61540.0,1985.1496380070512
61560.0,1985.7137323021052
61580.0,1986.2776300268379
61600.0,1986.8162733722347
61620.0,1987.2965947558769
61640.0,1987.6830699175796
61660.0,1987.9477855755224
61680.0,1988.0847971502644
61700.0,1988.1270684428569
61720.0,1988.1624096115193
61740.0,1988.3429274760103
61760.0,1988.8811970457887
61780.0,1990.026514067049
61800.0,1992.017179031116
61820.0,1995.0106883887809
61840.0,1999.0034638759057
61860.0,2003.7650687659684
61880.0,2008.8272505710768
61900.0,2013.569985935287
61920.0,2017.3704099113506
61940.0,2019.7329171415797
61960.0,2020.347922749003
61980.0,2019.115143237835
62000.0,2016.2154694613328
62020.0,2012.0620162343694
62040.0,2007.1171556815468
62060.0,2001.7347194436654
62080.0,1996.0275656749413
62100.0,1989.8270685868986
62120.0,1982.7556115809555
62140.0,1974.408322606465
62160.0,1964.4860382863076
62180.0,1952.9175861529286
62200.0,1940.0167222095388
62220.0,1926.5579057713294
62240.0,1913.7087748475242
62260.0,1902.6810179907995
62280.0,1894.2956713236908
62300.0,1888.8061736954817
62320.0,1885.9663056656614
62340.0,1885.2107499797305
62360.0,1885.851966315819
62380.0,1887.238536424537
62400.0,1888.853288032739
62420.0,1890.3522033511247
62440.0,1891.5576994415264
62460.0,1892.424259116536
62480.0,1892.9932016228126
62500.0,1893.3491859514113
62520.0,1893.5859237189502
62540.0,1893.7839519423421
62560.0,1893.9999158583373
62580.0,1894.2648335773192
62600.0,1894.5880921477317
62620.0,1894.9641095775012
62640.0,1895.3792992689334
62660.0,1895.817853917523
62680.0,1896.2656848326842
62700.0,1896.7124758449547
62720.0,1897.1521951027166
62740.0,1897.5825731790894
62760.0,1898.004056605799
62780.0,1898.4186471599387
62800.0,1898.8288975390792
62820.0,1899.2371968410437
62840.0,1899.6453702573199
62860.0,1900.0545466690764
62880.0,1900.4652140428232
62900.0,1900.8773776499488
62920.0,1901.2907497075053
62940.0,1901.704921134434
62960.0,1902.1194890714294
62980.0,1902.5341328224608
63000.0,1902.9486438039112
63020.0,1903.3629218226044
63040.0,1903.7769516847864
63060.0,1904.1907724376936
63080.0,1904.6044481313304
63100.0,1905.0180452046766
63120.0,1905.4316183274616
63140.0,1905.8452041963199
63160.0,1906.2588214677573
63180.0,1906.6724745503852
63200.0,1907.0861591107932
63220.0,1907.4998675962809
63240.0,1907.9135936200078
63260.0,1908.3273345491866
63280.0,1908.74109202742
63300.0,1909.1548704611803
63320.0,1909.5686737584795
63340.0,1909.982500885709
63360.0,1910.3963411448744
63380.0,1910.8101704550572
63400.0,1911.2239502669968
63420.0,1911.6376308968265
63440.0,1912.0511608290617
63460.0,1912.4645026951173
63480.0,1912.8776550249654
63500.0,1913.290676494837
63520.0,1913.7037065053864
63540.0,1914.1169731101622
63560.0,1914.5307775318656
63580.0,1914.9454450033688
63600.0,1915.3612357878624
63620.0,1915.7782190107798
63640.0,1916.1961256015195
63660.0,1916.6142139939857
63680.0,1917.0312001017805
63700.0,1917.4453160596827
63720.0,1917.854562943999
63740.0,1918.2572029196697
63760.0,1918.652488992325
63780.0,1919.0415530204027
63800.0,1919.4282700452964
63820.0,1919.819805967228
63840.0,1920.2264663597223
63860.0,1920.660439760445
63880.0,1921.1331193670212
63900.0,1921.6509388673499
63920.0,1922.2100957393682
63940.0,1922.7911398644806
63960.0,1923.3550921260332
63980.0,1923.8433610427387
64000.0,1924.1839991009492
64020.0,1924.3064845903173
64040.0,1924.1659387348786
64060.0,1923.7753109678063
64080.0,1923.2406488542015
64100.0,1922.7905598587827
64120.0,1922.7873159109718
64140.0,1923.7052275950796
64160.0,1926.0638262420161
64180.0,1930.311063372758
64200.0,1936.666792275518
64220.0,1944.9597967657337
64240.0,1954.5232279509207
64260.0,1964.1855212397763
64280.0,1972.2423415495055
64300.0,1976.7102712299559
64320.0,1976.1759837194872
64340.0,1970.700091442902
64360.0,1961.747359860472
64380.0,1951.4484420948957
64400.0,1941.7872622548105
64420.0,1934.1080957429506
64440.0,1929.0008410839953
64460.0,1926.4201871809105
64480.0,1925.9065867701436
64500.0,1926.8158313849167
64520.0,1928.5031226833605
64540.0,1930.4401503521447
64560.0,1932.2666531493117
64580.0,1933.7909749867013
64600.0,1934.958845654557
64620.0,1935.8085204741114
64640.0,1936.4260967530652
64660.0,1936.9094493571756
64680.0,1937.3442872015803
64700.0,1937.792134411066
64720.0,1938.2878238740318
64740.0,1938.843209221229
64760.0,1939.4539023613029
64780.0,1940.1065221645017
64800.0,1940.7848371533423
64820.0,1941.4740410719205
64840.0,1942.1630652992194
64860.0,1942.8452526230697
64880.0,1943.5179078951157
64900.0,1944.1812561860847
64920.0,1944.8372448742339
64940.0,1945.488484162574
64960.0,1946.1374773261632
64980.0,1946.7861759082002
65000.0,1947.4358179891376
65020.0,1948.0869691480905
65040.0,1948.7396780704826
65060.0,1949.3936712402203
65080.0,1950.0485334036723
65100.0,1950.7038443216752
65120.0,1951.3592624748646
65140.0,1952.0145603941187
65160.0,1952.669623852372
65180.0,1953.3244293497323
65200.0,1953.979012845429
65220.0,1954.6334392759175
65240.0,1955.2877784776695
65260.0,1955.9420896677389
65280.0,1956.596414120222
65300.0,1957.2507742258142
65320.0,1957.9051765958382
65340.0,1958.5596170092977
65360.0,1959.2140855128393
65380.0,1959.8685706210922
65400.0,1960.5230621557341
65420.0,1961.1775527089917
65440.0,1961.8320379902063
65460.0,1962.4865164290313
65480.0,1963.1409884063282
65500.0,1963.795455409388
65520.0,1964.4499193055476
65540.0,1965.104381828801
65560.0,1965.7588442952133
65580.0,1966.4133075120267
65600.0,1967.0677718216652
65620.0,1967.7222372187248
65640.0,1968.3767034884665
65660.0,1969.0311703311877
65680.0,1969.6856374541348
65700.0,1970.3401046257088
65720.0,1970.9945716963284
65740.0,1971.6490385951377
65760.0,1972.3035053127169
65780.0,1972.957971878573
65800.0,1973.6124383400152
65820.0,1974.266904746024
65840.0,1974.9213711370983
65860.0,1975.5758375406215
65880.0,1976.2303039706887
65900.0,1976.8847704306706
65920.0,1977.5392369168228
65940.0,1978.1937034217492
65960.0,1978.8481699372937
65980.0,1979.502636456516
66000.0,1980.1571029744932
66020.0,1980.8115694884618
66040.0,1981.4660359975219
66060.0,1982.1205025020572
66080.0,1982.7749690032276
66100.0,1983.4294355024201
66120.0,1984.0839020008054
66140.0,1984.7383684992462
66160.0,1985.3928349982896
66180.0,1986.0473014981424
66200.0,1986.7017679987312
66220.0,1987.356234499855
66240.0,1988.0107010012591
66260.0,1988.6651675027267
66280.0,1989.3196340041436
66300.0,1989.9741005054518
66320.0,1990.6285670066954
66340.0,1991.2830335079932
66360.0,1991.9375000093758
66380.0,1992.5919665107863
66400.0,1993.2464330121409
66420.0,1993.9008995134277
66440.0,1994.5553660146893
66460.0,1995.2098325159434
66480.0,1995.864299017189
66500.0,1996.5187655184332
66520.0,1997.173232019686
66540.0,1997.8276985209727
66560.0,1998.482165022302
66580.0,1999.136631523653
66600.0,1999.7910980250017
66620.0,2000.445564526332
66640.0,2001.1000310276254
66660.0,2001.7544975288888
66680.0,2002.4089640301493
66700.0,2003.0634305314095
66720.0,2003.717897032672
66740.0,2004.372363533949
66760.0,2005.0268300352295
66780.0,2005.681296536513
66800.0,2006.3357630378152
66820.0,2006.9902295391148
66840.0,2007.6446960404028
66860.0,2008.299162541681
66880.0,2008.9536290429546
66900.0,2009.608095544242
66920.0,2010.2625620455742
66940.0,2010.9170285469675
66960.0,2011.571495048339
66980.0,2012.2259615496346
67000.0,2012.8804280508841
67020.0,2013.5348945521087
67040.0,2014.1893610533793
67060.0,2014.8438275546778
67080.0,2015.498294055939
67100.0,2016.1527605571732
67120.0,2016.8072270584478
67140.0,2017.4616935597562
67160.0,2018.1161600610692
67180.0,2018.7706265623679
67200.0,2019.4250930636576
67220.0,2020.0795595649408
67240.0,2020.7340260662218
67260.0,2021.3884925674927
67280.0,2022.0429590687643
67300.0,2022.6974255700472
67320.0,2023.3518920713857
67340.0,2024.0063585727087
67360.0,2024.6608250739446
67380.0,2025.3152915751216
67400.0,2025.9697580762604
67420.0,2026.6242245773792
67440.0,2027.278691078454
67460.0,2027.9331575794156
67480.0,2028.5876240802954
67500.0,2029.2420905812319
67520.0,2029.8965570822656
67540.0,2030.5510235834452
67560.0,2031.2054900847427
67580.0,2031.8599565860848
67600.0,2032.5144230874198
67620.0,2033.1688895887353
67640.0,2033.823356090013
67660.0,2034.4778225912428
67680.0,2035.1322890924105
67700.0,2035.7867555935838
67720.0,2036.4412220947863
67740.0,2037.0956885960227
67760.0,2037.750155097327
67780.0,2038.4046215986891
67800.0,2039.0590881000558
67820.0,2039.713554601395
67840.0,2040.3680211026835
67860.0,2041.0224876039458
67880.0,2041.6769541052267
67900.0,2042.3314206065086
67920.0,2042.985887107791
67940.0,2043.6403536091038
67960.0,2044.2948201104657
67980.0,2044.9492866118394
68000.0,2045.6037531131963
68020.0,2046.2582196145345
68040.0,2046.9126861158315
68060.0,2047.5671526170488
68080.0,2048.2216191181947
68100.0,2048.8760856193294
68120.0,2049.530552120522
68140.0,2050.185018621773
68160.0,2050.8394851230614
68180.0,2051.4939516243603
68200.0,2052.148418125679
68220.0,2052.8028846270545
68240.0,2053.45735112846
68260.0,2054.111817629857
68280.0,2054.7662841312485
68300.0,2055.420750632601
68320.0,2056.075217133891
68340.0,2056.729683635168
68360.0,2057.3841501364286
68380.0,2058.0386166376893
68400.0,2058.6930831389573
68420.0,2059.347549640218
68440.0,2060.0020161414827
68460.0,2060.6564826427484
68480.0,2061.310949144004
68500.0,2061.9654156453003
68520.0,2062.619882146676
68540.0,2063.274348648071
68560.0,2063.9288151494297
68580.0,2064.5832816506972
68600.0,2065.237748151742
68620.0,2065.892214652483
68640.0,2066.546681152949
68660.0,2067.2011476532666
68680.0,2067.8556141535714
68700.0,2068.5100806539567
68720.0,2069.1645471544907
68740.0,2069.8190136551398
68760.0,2070.4734801558366
68780.0,2071.1279466567153
68800.0,2071.7824131578627
68820.0,2072.436879659238
68840.0,2073.0913461609484
68860.0,2073.7458126631395
68880.0,2074.400279165883
68900.0,2075.054745669046
68920.0,2075.7092121722626
68940.0,2076.363678674951
68960.0,2077.0181451762614
68980.0,2077.672611675301
69000.0,2078.3270781713736
69020.0,2078.981544664342
69040.0,2079.636011154952
69060.0,2080.290477645224
69080.0,2080.9449441385486
69100.0,2081.599410639483
69120.0,2082.253877152921
69140.0,2082.908343682891
69160.0,2083.5628102309765
69180.0,2084.2172767939537
69200.0,2084.871743361711
69220.0,2085.526209916
69240.0,2086.1806764309877
69260.0,2086.8351428766046
69280.0,2087.489609225414
69300.0,2088.1440754632463
69320.0,2088.7985416024544
69340.0,2089.4530076951314
69360.0,2090.107473842362
69380.0,2090.7619401937523
69400.0,2091.4164069309636
69420.0,2092.0708742300726
69440.0,2092.7253422013773
69460.0,2093.3798108110423
69480.0,2094.034279797983
69500.0,2094.6887486093938
69520.0,2095.3432163879233
69540.0,2095.997682048568
69560.0,2096.6521444788223
69580.0,2097.306602878368
69600.0,2097.961057220199
69620.0,2098.6155087642874
69640.0,2099.269960492828
69660.0,2099.924417275791
69680.0,2100.5788855378178
69700.0,2101.2333722078256
69720.0,2101.887882820504
69740.0,2102.5424188264656
69760.0,2103.1969744594053
69780.0,2103.851533877747
69800.0,2104.5060696793867
69820.0,2105.1605441634647
69840.0,2105.8149147271133
69860.0,2106.4691443621077
69880.0,2107.1232172061013
69900.0,2107.777157449145
69920.0,2108.4310477076306
69940.0,2109.0850406103464
69960.0,2109.7393554398795
69980.0,2110.394251151076
70000.0,2111.049969017021
70020.0,2111.7066435110364
70040.0,2112.3641893367003
70060.0,2113.0221853523362
70080.0,2113.679790680272
70100.0,2114.335740984594
70120.0,2114.98847845493
70140.0,2115.636461000463
70160.0,2116.2786682475753
70180.0,2116.9152701419994
70200.0,2117.548349337728
70220.0,2118.1824801944467
70240.0,2118.824884536031
70260.0,2119.4848376295986
70280.0,2120.172025620791
70300.0,2120.8936975776105
70320.0,2121.6507402175785
70340.0,2122.4332330365332
70360.0,2123.216572188706
70380.0,2123.9597782767987
70400.0,2124.607954081147
70420.0,2125.1008051026815
70440.0,2125.3884312340224
70460.0,2125.4540420002572
70480.0,2125.3407831736517
70500.0,2125.1766851803604
70520.0,2125.1884047576104
70540.0,2125.6918905166203
70560.0,2127.0476847663253
70580.0,2129.5717758586766
70600.0,2133.4010343168056
70620.0,2138.3258404353055
70640.0,2143.6206363355655
70660.0,2147.9227864697305
70680.0,2149.2257058998794
70700.0,2145.0555842711833
70720.0,2132.882377627133
70740.0,2110.765413726045
70760.0,2078.1453710034775
70780.0,2036.5675916787325
70800.0,1989.9668115061934
70820.0,1944.005147239918
70840.0,1904.2920632700134
70860.0,1874.6327518284168
70880.0,1856.4052135238812
70900.0,1848.8669173091141
70920.0,1849.9260033504902
70940.0,1857.0142621723348
70960.0,1867.6410624824935
70980.0,1879.5890709737203
71000.0,1891.016170426763
71020.0,1900.4571654239542
71040.0,1906.8503624881766
71060.0,1909.6077713491668
71080.0,1908.7083157323523
71100.0,1904.8855585505685
71120.0,1899.5100165466079
71140.0,1894.0544324528178
71160.0,1889.6742563882046
71180.0,1887.0168690113926
71200.0,1886.228182485258
71220.0,1887.0862411778828
71240.0,1889.22460077809
71260.0,1892.255392108218
71280.0,1895.6984962757538
71300.0,1898.9299583389952
71320.0,1901.2551052115887
71340.0,1902.1228598038283
71360.0,1901.3029484440315
71380.0,1898.8790413120576
71400.0,1895.1498573350102
71420.0,1890.5109607616243
71440.0,1885.3545115084362
71460.0,1880.003392345728
71480.0,1874.6814353594705
71500.0,1869.5128317878302
71520.0,1864.540261858525
71540.0,1859.7513446504786
71560.0,1855.1051501888796
71580.0,1850.553455150198
71600.0,1846.0542711650476
71620.0,1841.5774484738176
71640.0,1837.1037083428357
71660.0,1832.6193534740967
71680.0,1828.1093109007065
71700.0,1823.5512343814546
71720.0,1818.9132163732206
71740.0,1814.1572153907114
71760.0,1809.2494902938604
71780.0,1804.1780177785568
71800.0,1798.9749826864943
71820.0,1793.7400706202993
71840.0,1788.6578300336937
71860.0,1784.000523356326
71880.0,1780.1077192362015
71900.0,1777.336701379079
71920.0,1775.9849049324882
71940.0,1776.1980067594263
71960.0,1777.8951639856036
71980.0,1780.7647636359256
72000.0,1784.3858542458597
72020.0,1788.4155478326315
72040.0,1792.681825062323
72060.0,1797.1434369426515
72080.0,1801.8168311829493
72100.0,1806.7506931605367
72120.0,1812.0039246042593
72140.0,1817.5950909280825
72160.0,1823.4232767800645
72180.0,1829.1970449443313
72200.0,1834.436669571132
72220.0,1838.5840725505702
72240.0,1841.1807716331186
72260.0,1841.98121920923
72280.0,1840.9644828883695
72300.0,1838.354194311715
72320.0,1834.6433381245556
72340.0,1830.5242796662853
72360.0,1826.698254902683
72380.0,1823.6948046931643
72400.0,1821.824763745321
72420.0,1821.2751061930862
72440.0,1822.1575267682645
72460.0,1824.4280324272672
72480.0,1827.8496856732097
72500.0,1832.0172453324162
72520.0,1836.4121885653265
72540.0,1840.5003689672435
72560.0,1843.7739013932046
72580.0,1845.7831924617033
72600.0,1846.2445138665832
72620.0,1845.1619629639004
72640.0,1842.9084782878533
72660.0,1840.2195775040989
72680.0,1838.0641785641049
72700.0,1837.3784648501357
72720.0,1838.7185646832168
72740.0,1842.0356129340987
72760.0,1846.75321238493
72780.0,1852.0620749280274
72800.0,1857.218604302919
72820.0,1861.7398904301176
72840.0,1865.4874350074392
72860.0,1868.653089795594
72880.0,1871.6523243573433
72900.0,1874.987064979517
72920.0,1879.0863736484785
72940.0,1884.0798595386295
72960.0,1889.7002184487621
72980.0,1895.4154272895637
73000.0,1900.695187516891
73020.0,1905.2467211249714
73040.0,1909.0510177613571
73060.0,1912.2644273233957
73080.0,1915.1357789348353
73100.0,1917.9758888662843
73120.0,1921.140291550549
73140.0,1924.89313603428
73160.0,1929.2688649885654
73180.0,1934.1186831068276
73200.0,1939.235410479995
73220.0,1944.3960291695798
73240.0,1949.3369559103426
73260.0,1953.7685740073412
73280.0,1957.4523978099528
73300.0,1960.2873514914602
73320.0,1962.2945945023814
73340.0,1963.5175495162428
73360.0,1963.937866557651
73380.0,1963.4207277034543
73400.0,1961.6953989288177
73420.0,1958.386277476799
73440.0,1953.1807164705017
73460.0,1946.0451920865326
73480.0,1937.3232036650163
73500.0,1927.7336740753744
73520.0,1918.2752981735107
73540.0,1909.9699046849441
73560.0,1903.5455765001448
73580.0,1899.2854647165345
73600.0,1897.0661351902831
73620.0,1896.4923008770425
73640.0,1897.050924819057
73660.0,1898.239276700541
73680.0,1899.6476115851638
73700.0,1900.9954641818472
73720.0,1902.1310980453868
73740.0,1903.0077287466218
73760.0,1903.6496899580713
73780.0,1904.1187148266963
73800.0,1904.4866150434464
73820.0,1904.8170051130296
73840.0,1905.1559692799651
73860.0,1905.5299029880673
73880.0,1905.9480838383079
73900.0,1906.4075850985355
73920.0,1906.898639423096
73940.0,1907.409224831071
73960.0,1907.9282840236112
73980.0,1908.447488209708
74000.0,1908.9617757908964
74020.0,1909.4690441601185
74040.0,1909.9693885413385
74060.0,1910.4642145128546
74080.0,1910.955446530276
74100.0,1911.444948354593
74120.0,1911.9341843377672
74140.0,1912.4240922616154
74160.0,1912.9151088705198
74180.0,1913.4072827993018
74200.0,1913.9004183987468
74220.0,1914.3942102723274
74240.0,1914.888346021486
74260.0,1915.382569770555
74280.0,1915.8767096061397
74300.0,1916.3706778476724
74320.0,1916.8644548278564
74340.0,1917.358065851128
74360.0,1917.851558506897
74380.0,1918.3449846099652
74400.0,1918.8383884528837
74420.0,1919.3318011619947
74440.0,1919.8252398437878
74460.0,1920.3187097956622
74480.0,1920.8122081402053
74500.0,1921.305727613997
74520.0,1921.7992597129553
74540.0,1922.292796836585
74560.0,1922.7863334093595
74580.0,1923.2798661652505
74600.0,1923.7733938707847
74620.0,1924.266916762109
74640.0,1924.7604359185011
74660.0,1925.2539527193367
74680.0,1925.7474684573226
74700.0,1926.2409841213187
74720.0,1926.7345003239752
74740.0,1927.228017331087
74760.0,1927.7215351470034
74780.0,1928.2150536170077
74800.0,1928.7085725202942
74820.0,1929.2020916390334
74840.0,1929.6956107995175
74860.0,1930.18912988853
74880.0,1930.6826488514703
74900.0,1931.1761676797826
74920.0,1931.6696863944908
74940.0,1932.163205030402
74960.0,1932.6567236239055
74980.0,1933.150242205295
75000.0,1933.6437607952944
75020.0,1934.137279404746
75040.0,1934.630798036406
75060.0,1935.1243166876216
75080.0,1935.6178353529922
75100.0,1936.111354026491
75120.0,1936.6048727028835
75140.0,1937.0983913784603
75160.0,1937.5919100511278
75180.0,1938.0854287202121
75200.0,1938.5789473859527
75220.0,1939.0724660491494
75240.0,1939.5659847107886
75260.0,1940.0595033717868
75280.0,1940.5530220328408
75300.0,1941.0465406943447
75320.0,1941.5400593563845
75340.0,1942.0335780189284
75360.0,1942.527096681903
75380.0,1943.0206153451672
75400.0,1943.5141340085925
75420.0,1944.0076526720707
75440.0,1944.5011713354907
75460.0,1944.994689998765
75480.0,1945.4882086619386
75500.0,1945.9817273250253
75520.0,1946.4752459880224
75540.0,1946.9687646509876
75560.0,1947.4622833139595
75580.0,1947.9558019769822
75600.0,1948.4493206400778
75620.0,1948.9428393032358
75640.0,1949.4363579664252
75660.0,1949.9298766296113
75680.0,1950.4233952927948
75700.0,1950.9169139559494
75720.0,1951.4104326190777
75740.0,1951.9039512822042
75760.0,1952.3974699453315
75780.0,1952.890988608489
75800.0,1953.3845072716535
75820.0,1953.8780259348277
75840.0,1954.3715445979844
75860.0,1954.865063261102
75880.0,1955.3585819242235
75900.0,1955.852100587342
75920.0,1956.345619250456
75940.0,1956.839137913538
75960.0,1957.332656576634
75980.0,1957.826175239763
76000.0,1958.319693902929
76020.0,1958.8132125661334
76040.0,1959.3067312293144
76060.0,1959.800249892455
76080.0,1960.2937685555662
76100.0,1960.7872872186713
76120.0,1961.2808058817623
76140.0,1961.7743245448357
76160.0,1962.2678432079206
76180.0,1962.761361871031
76200.0,1963.2548805341426
76220.0,1963.7483991972617
76240.0,1964.2419178603927
76260.0,1964.735436523518
76280.0,1965.2289551866597
76300.0,1965.722473849888
76320.0,1966.2159925131884
76340.0,1966.709511176503
76360.0,1967.2030298397563
76380.0,1967.6965485029061
76400.0,1968.1900671659878
76420.0,1968.6835858290185
76440.0,1969.1771044920763
76460.0,1969.6706231551816
76480.0,1970.1641418183128
76500.0,1970.657660481444
76520.0,1971.1511791445341
76540.0,1971.644697807616
76560.0,1972.1382164706763
76580.0,1972.6317351337111
76600.0,1973.1252537967189
76620.0,1973.6187724596798
76640.0,1974.112291122637
76660.0,1974.605809785684
76680.0,1975.0993284488795
76700.0,1975.592847112151
76720.0,1976.0863657754041
76740.0,1976.5798844386227
76760.0,1977.0734031018571
76780.0,1977.5669217650998
76800.0,1978.060440428308
76820.0,1978.5539590914777
76840.0,1979.0474777546256
76860.0,1979.5409964177863
76880.0,1980.0345150809887
76900.0,1980.5280337442096
76920.0,1981.021552407406
76940.0,1981.5150710705245
76960.0,1982.008589733579
76980.0,1982.5021083966226
77000.0,1982.995627059713
77020.0,1983.489145722847
77040.0,1983.9826643859772
77060.0,1984.4761830491243
77080.0,1984.9697017122555
77100.0,1985.4632203753663
77120.0,1985.9567390384386
77140.0,1986.4502577014755
77160.0,1986.9437763645226
77180.0,1987.4372950276193
77200.0,1987.9308136908217
77220.0,1988.42433235408
77240.0,1988.9178510173206
77260.0,1989.4113696805202
77280.0,1989.9048883437165
77300.0,1990.398407006889
77320.0,1990.8919256699949
77340.0,1991.3854443330324
77360.0,1991.878962995995
77380.0,1992.3724816589263
77400.0,1992.8660003218695
77420.0,1993.3595189848609
77440.0,1993.8530376479553
77460.0,1994.3465563111338
77480.0,1994.8400749743228
77500.0,1995.3335936374508
77520.0,1995.827112300538
77540.0,1996.3206309636728
77560.0,1996.814149626864
77580.0,1997.3076682900817
77600.0,1997.8011869532868
77620.0,1998.294705616482
77640.0,1998.7882242796736
77660.0,1999.281742942847
77680.0,1999.7752616059843
77700.0,2000.2687802690962
77720.0,2000.762298932213
77740.0,2001.2558175953502
77760.0,2001.7493362585756
77780.0,2002.2428549218596
77800.0,2002.7363735850918
77820.0,2003.2298922482325
77840.0,2003.7234109113324
77860.0,2004.2169295744486
77880.0,2004.7104482375776
77900.0,2005.2039669007038
77920.0,2005.6974855638405
77940.0,2006.1910042269494
77960.0,2006.6845228900288
77980.0,2007.1780415531116
78000.0,2007.6715602162192
78020.0,2008.165078879313
78040.0,2008.6585975424216
78060.0,2009.1521162055665
78080.0,2009.6456348686684
78100.0,2010.139153531707
78120.0,2010.632672194702
78140.0,2011.1261908577112
78160.0,2011.6197095207638
78180.0,2012.113228183874
78200.0,2012.6067468470487
78220.0,2013.1002655102507
78240.0,2013.5937841735067
78260.0,2014.0873028368128
78280.0,2014.5808215001093
78300.0,2015.0743401633542
78320.0,2015.567858826532
78340.0,2016.0613774896312
78360.0,2016.554896152645
78380.0,2017.0484148156422
78400.0,2017.5419334786457
78420.0,2018.0354521416648
78440.0,2018.5289708047433
78460.0,2019.022489467845
78480.0,2019.5160081309673
78500.0,2020.0095267940965
78520.0,2020.5030454572575
78540.0,2020.9965641204453
78560.0,2021.4900827835784
78580.0,2021.9836014466568
78600.0,2022.477120109735
78620.0,2022.9706387728443
78640.0,2023.4641574359835
78660.0,2023.9576760991763
78680.0,2024.4511947623773
78700.0,2024.9447134255417
78720.0,2025.438232088664
78740.0,2025.9317507517585
78760.0,2026.425269414838
78780.0,2026.9187880778943
78800.0,2027.412306740975
78820.0,2027.9058254040897
78840.0,2028.399344067239
78860.0,2028.892862730394
78880.0,2029.386381393515
78900.0,2029.879900056591
78920.0,2030.3734187196521
78940.0,2030.8669373827329
78960.0,2031.3604560458411
78980.0,2031.8539747089987
79000.0,2032.347493372225
79020.0,2032.8410120354972
79040.0,2033.3345306988297
79060.0,2033.828049362169
79080.0,2034.321568025479
79100.0,2034.815086688735
79120.0,2035.3086053518648
79140.0,2035.8021240148905
79160.0,2036.2956426778583
79180.0,2036.7891613408228
79200.0,2037.28268000381
79220.0,2037.7761986668215
79240.0,2038.269717329913
79260.0,2038.7632359930806
79280.0,2039.2567546562736
79300.0,2039.750273319432
79320.0,2040.243791982541
79340.0,2040.7373106456093
79360.0,2041.2308293086796
79380.0,2041.7243479717858
79400.0,2042.2178666349405
79420.0,2042.7113852981595
79440.0,2043.2049039613921
79460.0,2043.6984226246009
79480.0,2044.1919412877792
79500.0,2044.6854599509188
79520.0,2045.178978614004
79540.0,2045.6724972770492
79560.0,2046.1660159401195
79580.0,2046.659534603224
79600.0,2047.153053266356
79620.0,2047.6465719295054
79640.0,2048.140090592623
79660.0,2048.6336092556944
79680.0,2049.1271279187304
79700.0,2049.6206465818163
79720.0,2050.1141652449483
79740.0,2050.6076839080492
79760.0,2051.101202571135
79780.0,2051.594721234246
79800.0,2052.088239897408
79820.0,2052.5817585605773
79840.0,2053.0752772237197
79860.0,2053.5687958868225
79880.0,2054.0623145499035
79900.0,2054.5558332130145
79920.0,2055.0493518761364
79940.0,2055.542870539299
79960.0,2056.0363892024643
79980.0,2056.5299078656276
80000.0,2057.023426528797
80020.0,2057.5169451919396
80040.0,2058.010463855116
80060.0,2058.5039825182926
80080.0,2058.9975011814577
80100.0,2059.4910198445878
80120.0,2059.9845385076997
80140.0,2060.4780571708225
80160.0,2060.9715758339744
80180.0,2061.465094497125
80200.0,2061.9586131602546
80220.0,2062.4521318233687
80240.0,2062.945650486469
80260.0,2063.439169149542
80280.0,2063.932687812621
80300.0,2064.4262064757168
80320.0,2064.9197251388823
80340.0,2065.413243802093
80360.0,2065.9067624653385
80380.0,2066.400281128586
80400.0,2066.8937997917865
80420.0,2067.3873184549548
80440.0,2067.8808371180794
80460.0,2068.3743557811667
80480.0,2068.8678744442404
80500.0,2069.361393107344
80520.0,2069.8549117704806
80540.0,2070.3484304336585
80560.0,2070.84194909688
80580.0,2071.335467760093
80600.0,2071.828986423247
80620.0,2072.3225050863216
80640.0,2072.8160237493635
80660.0,2073.3095424123844
80680.0,2073.8030610754035
80700.0,2074.296579738445
80720.0,2074.7900984014855
80740.0,2075.2836170645905
80760.0,2075.777135727757
80780.0,2076.270654390971
80800.0,2076.7641730541864
80820.0,2077.2576917173647
80840.0,2077.751210380516
80860.0,2078.2447290436453
80880.0,2078.7382477067827
80900.0,2079.231766369926
80920.0,2079.725285033055
80940.0,2080.2188036961634
80960.0,2080.7123223592635
80980.0,2081.205841022403
81000.0,2081.6993596855364
81020.0,2082.1928783486865
81040.0,2082.6863970118584
81060.0,2083.179915675031
81080.0,2083.673434338225
81100.0,2084.1669530013714
81120.0,2084.6604716644665
81140.0,2085.1539903275607
81160.0,2085.6475089906753
81180.0,2086.141027653802
81200.0,2086.6345463168886
81220.0,2087.128064979972
81240.0,2087.621583643064
81260.0,2088.1151023061707
81280.0,2088.6086209692708
81300.0,2089.102139632358
81320.0,2089.5956582954
81340.0,2090.0891769583877
81360.0,2090.582695621383
81380.0,2091.076214284413
81400.0,2091.5697329475015
81420.0,2092.0632516106207
81440.0,2092.556770273761
81460.0,2093.05028893689
81480.0,2093.543807600018
81500.0,2094.037326263214
81520.0,2094.5308449264676
81540.0,2095.0243635897373
81560.0,2095.517882252972
81580.0,2096.0114009161616
81600.0,2096.504919579288
81620.0,2096.9984382423913
81640.0,2097.4919569055205
81660.0,2097.9854755686547
81680.0,2098.478994231751
81700.0,2098.972512894839
81720.0,2099.466031557975
81740.0,2099.9595502211882
81760.0,2100.4530688844206
81780.0,2100.9465875476612
81800.0,2101.44010621084
81820.0,2101.9336248739673
81840.0,2102.42714353704
81860.0,2102.920662200067
81880.0,2103.414180863083
81900.0,2103.9076995260707
81920.0,2104.401218189113
81940.0,2104.8947368522436
81960.0,2105.388255515397
81980.0,2105.8817741785756
82000.0,2106.3752928417766
82020.0,2106.868811505051
82040.0,2107.362330168352
82060.0,2107.855848831623
82080.0,2108.349367494779
82100.0,2108.842886157822
82120.0,2109.336404820817
82140.0,2109.829923483804
82160.0,2110.323442146821
82180.0,2110.816960809895
82200.0,2111.310479473063
82220.0,2111.8039981363063
82240.0,2112.297516799606
82260.0,2112.791035462948
82280.0,2113.284554126264
82300.0,2113.77807278955
82320.0,2114.2715914527607
82340.0,2114.7651101158785
82360.0,2115.2586287789295
82380.0,2115.7521474419177
82400.0,2116.2456661048263
82420.0,2116.739184767666
82440.0,2117.232703430549
82460.0,2117.726222093516
82480.0,2118.219740756523
82500.0,2118.7132594195573
82520.0,2119.2067780826114
82540.0,2119.700296745714
82560.0,2120.1938154088393
82580.0,2120.6873340720213
82600.0,2121.1808527352505
82620.0,2121.6743713985084
82640.0,2122.167890061778
82660.0,2122.6614087250364
82680.0,2123.1549273882983
82700.0,2123.6484460515053
82720.0,2124.1419647146977
82740.0,2124.6354833778696
82760.0,2125.129002040988
82780.0,2125.6225207040784
82800.0,2126.1160393671794
82820.0,2126.609558030311
82840.0,2127.1030766934336
82860.0,2127.5965953565433
82880.0,2128.0901140195992
82900.0,2128.5836326825647
82920.0,2129.0771513455456
82940.0,2129.5706700086284
82960.0,2130.0641886718204
82980.0,2130.5577073350432
83000.0,2131.0512259982497
83020.0,2131.5447446614244
83040.0,2132.038263324573
83060.0,2132.5317819877228
83080.0,2133.0253006508733
83100.0,2133.5188193140393
83120.0,2134.012337977233
83140.0,2134.5058566404196
83160.0,2134.99937530355
83180.0,2135.492893966634
83200.0,2135.9864126297484
83220.0,2136.479931292881
83240.0,2136.973449956052
83260.0,2137.4669686192815
83280.0,2137.9604872825157
83300.0,2138.454005945715
83320.0,2138.947524608889
83340.0,2139.441043272033
83360.0,2139.9345619351507
83380.0,2140.428080598282
83400.0,2140.921599261383
83420.0,2141.4151179243986
83440.0,2141.9086365874123
83460.0,2142.402155250438
83480.0,2142.8956739134755
83500.0,2143.3891925765415
83520.0,2143.8827112396307
83540.0,2144.3762299027903
83560.0,2144.869748565994
83580.0,2145.3632672291747
83600.0,2145.8567858922825
83620.0,2146.3503045553216
83640.0,2146.8438232183125
83660.0,2147.337341881285
83680.0,2147.830860544277
83700.0,2148.324379207311
83720.0,2148.8178978704423
83740.0,2149.3114165336547
83760.0,2149.8049351969166
83780.0,2150.2984538601877
83800.0,2150.791972523442
83820.0,2151.285491186646
83840.0,2151.7790098497994
83860.0,2152.2725285129086
83880.0,2152.766047175951
83900.0,2153.2595658390264
83920.0,2153.753084502164
83940.0,2154.2466031653225
83960.0,2154.7401218285327
83980.0,2155.2336404917996
84000.0,2155.7271591551116
84020.0,2156.2206778184013
84040.0,2156.7141964816406
84060.0,2157.2077151448643
84080.0,2157.7012338081504
84100.0,2158.194752471483
84120.0,2158.68827113474
84140.0,2159.1817897978754
84160.0,2159.6753084608654
84180.0,2160.168827123761
84200.0,2160.6623457866453
84220.0,2161.1558644495917
84240.0,2161.649383112614
84260.0,2162.1429017756814
84280.0,2162.6364204387673
84300.0,2163.1299391018993
84320.0,2163.623457765101
84340.0,2164.116976428263
84360.0,2164.6104950912877
84380.0,2165.104013754125
84400.0,2165.5975324167694
84420.0,2166.0910510793924
84440.0,2166.5845697422883
84460.0,2167.0780884055607
84480.0,2167.571607069206
84500.0,2168.0651257332665
84520.0,2168.5586443977318
84540.0,2169.052163062519
84560.0,2169.5456817273434
84580.0,2170.039200391706
84600.0,2170.532719054868
84620.0,2171.0262377159793
84640.0,2171.5197563743814
84660.0,2172.0132750297726
84680.0,2172.506793682614
84700.0,2173.0003123344613
84720.0,2173.493830988296
84740.0,2173.98734964849
84760.0,2174.480868320241
84780.0,2174.9743870083503
84800.0,2175.467905715427
84820.0,2175.9614244396994
84840.0,2176.45494317268
84860.0,2176.948461897674
84880.0,2177.44198058959
84900.0,2177.935499217559
84920.0,2178.4290177511857
84940.0,2178.9225361704985
84960.0,2179.416054479275
84980.0,2179.9095727191734
85000.0,2180.4030909812236
85020.0,2180.896609408868
85040.0,2181.3901281860117
85060.0,2181.8836475042735
85080.0,2182.3771675063754
85100.0,2182.870688208369
85120.0,2183.3642094117367
85140.0,2183.8577306272186
85160.0,2184.351251042136
85180.0,2184.8447695705
85200.0,2185.338285023866
85220.0,2185.831796426554
85240.0,2186.3253034682107
85260.0,2186.8188070377755
85280.0,2187.3123097208727
85300.0,2187.805816076333
85320.0,2188.2993324589415
85340.0,2188.7928661489323
85360.0,2189.286423615492
85380.0,2189.780007907363
85400.0,2190.273615439392
85420.0,2190.767232813735
85440.0,2191.260834720412
85460.0,2191.7543842970144
85480.0,2192.247837437249
85500.0,2192.741152241787
85520.0,2193.234303930664
85540.0,2193.7273039881206
85560.0,2194.220220148466
85580.0,2194.713191347455
85600.0,2195.2064295441223
85620.0,2195.7001992554456
85640.0,2196.1947668321204
85660.0,2196.690316027977
85680.0,2197.186835001746
85700.0,2197.6839924309156
85720.0,2198.1810354633744
85740.0,2198.676756581627
85760.0,2199.1695850398823
85780.0,2199.6578548326715
85800.0,2200.140278335372
85820.0,2200.616607679138
85840.0,2201.088393887111
85860.0,2201.559663678973
85880.0,2202.037242826533
85900.0,2202.530391715783
85920.0,2203.0494218555214
85940.0,2203.6030738435593
85960.0,2204.194692894772
85980.0,2204.8176493659935
86000.0,2205.4509885184207
86020.0,2206.056865875678
86040.0,2206.5817719007982
86060.0,2206.963648399701
86080.0,2207.1464919167856
86100.0,2207.102697619519
86120.0,2206.8611133470117
86140.0,2206.535676946086
86160.0,2206.34608242485
86180.0,2206.6190754157515
86200.0,2207.758056896867
86220.0,2210.171304107479
86240.0,2214.1568978549067
86260.0,2219.7564446454776
86280.0,2226.609802815628
86300.0,2233.86735891
86320.0,2240.2408196569586
86340.0,2244.2903358344383
86360.0,2244.980582459573
86380.0,2242.1997113024618
86400.0,2236.7753824172933
86420.0,2229.962988062754
86440.0,2222.944768982251
86460.0,2216.568411199095
86480.0,2211.2777958726992
86500.0,2207.164080818294
86520.0,2204.073941149572
86540.0,2201.7278869470124
86560.0,2199.819577262397
86580.0,2198.083057952531
86600.0,2196.326752360554
86620.0,2194.440264757258
86640.0,2192.3831331141705
86660.0,2190.1646798798956
86680.0,2187.8222936946236
86700.0,2185.402923894834
86720.0,2182.9500804029817
86740.0,2180.4966702876422
86760.0,2178.0627457090222
86780.0,2175.6566544325788
86800.0,2173.278022508289
86820.0,2170.9212654710386
86840.0,2168.5787380818683
86860.0,2166.2430545821394
86880.0,2163.908456098834
86900.0,2161.571332572812
86920.0,2159.2301236845265
86940.0,2156.8848495312086
86960.0,2154.536489417472
86980.0,2152.186367628986
87000.0,2149.8356433565023
87020.0,2147.484953536623
87040.0,2145.134228267268
87060.0,2142.7826866002933
87080.0,2140.4290181866286
87100.0,2138.0717527758566
87120.0,2135.7098042347616
87140.0,2133.3431407705884
87160.0,2130.973476554213
87180.0,2128.604808651855
87200.0,2126.243554195982
87220.0,2123.8980036069943
87240.0,2121.57683163185
87260.0,2119.2865352669687
87280.0,2117.0279226716025
87300.0,2114.792161779205
87320.0,2112.5573724569135
87340.0,2110.28721813139
87360.0,2107.933268412088
87380.0,2105.4428609577562
87400.0,2102.773570703613
87420.0,2099.914024836014
87440.0,2096.9086412309416
87460.0,2093.8811076065185
87480.0,2091.048575614028
87500.0,2088.7165139099625
87520.0,2087.244188570071
87540.0,2086.974247804041
87560.0,2088.1281866712375
87580.0,2090.6832786046302
87600.0,2094.2654771806965
87620.0,2098.114791862528
87640.0,2101.2026714371286
87660.0,2102.618896597999
87680.0,2102.2543781086747
87700.0,2101.1081650136666
87720.0,2100.685515608123
87740.0,2102.2464070105475
87760.0,2106.451220072135
87780.0,2113.339180342984
87800.0,2122.486281796584
87820.0,2133.226511970394
87840.0,2144.8616308341884
87860.0,2156.8202421234478
87880.0,2168.75248440491
87900.0,2180.561634271892
87920.0,2192.3800413921826
87940.0,2204.4974235007367
87960.0,2217.248497816735
87980.0,2230.867716914803
88000.0,2245.3238859189983
88020.0,2260.1572560202285
88040.0,2274.354616087984
88060.0,2286.309661507742
88080.0,2293.9197444776823
88100.0,2294.8574162734503
88120.0,2287.016940842507
88140.0,2269.0648888241217
88160.0,2240.9176747589986
88180.0,2203.8895600536716
88200.0,2160.590432240663
88220.0,2114.9109394913044
88240.0,2071.5990065221345
88260.0,2035.0073008821012
88280.0,2007.824816003591
88300.0,1990.683606969919
88320.0,1982.5182457132312
88340.0,1981.2438878346488
88360.0,1984.4436997650369
88380.0,1989.8970486009039
88400.0,1995.8897547098895
88420.0,2001.3207399949072
88440.0,2005.6578544568142
88460.0,2008.8068767511672
88480.0,2010.9509428313354
88500.0,2012.4017900353797
88520.0,2013.4861604486082
88540.0,2014.4750123148126
88560.0,2015.5520610361582
88580.0,2016.8120288619455
88600.0,2018.2770848771102
88620.0,2019.9210174689374
88640.0,2021.6933379212674
88660.0,2023.5386266738374
88680.0,2025.4092219278987
88700.0,2027.271402429515
88720.0,2029.1064256710754
88740.0,2030.9082480953998
88760.0,2032.6796791838092
88780.0,2034.4283347892517
88800.0,2036.1632553159975
88820.0,2037.8925834251597
88840.0,2039.6223341486486
88860.0,2041.356064939656
88880.0,2043.095154242017
88900.0,2044.8393939562022
88920.0,2046.5876565296192
88940.0,2048.3384774149426
88960.0,2050.0904730200305
88980.0,2051.842577828942
89000.0,2053.594125996737
89020.0,2055.3448229788287
89040.0,2057.0946561492233
89060.0,2058.8437858919206
89080.0,2060.5924460619717
89100.0,2062.340869475874
89120.0,2064.0892430364156
89140.0,2065.8376895147608
89160.0,2067.586269003036
89180.0,2069.334991984747
89200.0,2071.083836891799
89220.0,2072.8327669604487
89240.0,2074.581743384567
89260.0,2076.3307336704665
89280.0,2078.079715463685
89300.0,2079.828676892007
89320.0,2081.5776147340393
89340.0,2083.326531628606
89360.0,2085.0754332465867
89380.0,2086.824325990165
89400.0,2088.5732154587263
89420.0,2090.322105676899
89440.0,2092.070998933752
89460.0,2093.819896023012
89480.0,2095.5687966794226
89500.0,2097.317700048763
89520.0,2099.0666050866275
89540.0,2100.8155108365363
89560.0,2102.5644165813146
89580.0,2104.31332188811
89600.0,2106.0622265802376
89620.0,2107.811130670301
89640.0,2109.560034283023
89660.0,2111.3089375866816
89680.0,2113.0578407432054
89700.0,2114.8067438792546
89720.0,2116.555647075441
89740.0,2118.30455036879
89760.0,2120.053453762851
89780.0,2121.8023572401494
89800.0,2123.5512607738956
89820.0,2125.300164336922
89840.0,2127.0490679070626
89860.0,2128.7979714696003
89880.0,2130.5468750171062
89900.0,2132.295778547929
89920.0,2134.044682064309
89940.0,2135.7935855704322
89960.0,2137.5424890708246
89980.0,2139.2913925693215
90000.0,2141.0402960686233
90020.0,2142.7891995704326
90040.0,2144.5381030753706
90060.0,2146.2870065832817
90080.0,2148.0359100935757
90100.0,2149.7848136053894
90120.0,2151.533717117695
90140.0,2153.2826206294117
90160.0,2155.031524139628
90180.0,2156.7804276474762
90200.0,2158.529331152219
90220.0,2160.278234653656
90240.0,2162.0271381521725
90260.0,2163.776041649073
90280.0,2165.524945147369
90300.0,2167.27384865177
90320.0,2169.022752167589
90340.0,2170.771655699477
90360.0,2172.5205592503617
90380.0,2174.2694628191716
90400.0,2176.0183663982643
90420.0,2177.7672699718214
90440.0,2179.516173515603
90460.0,2181.26507699868
90480.0,2183.0139803894767
90500.0,2184.7628836660133
90520.0,2186.511786828519
90540.0,2188.2606899136117
90560.0,2190.009593006857
90580.0,2191.7584962473584
90600.0,2193.5073998176085
90620.0,2195.2563039130523
90640.0,2197.005208688222
90660.0,2198.754114179843
90680.0,2200.50302021774
90700.0,2202.2519263454496
90720.0,2204.000831780171
90740.0,2205.749735450276
90760.0,2207.498636151419
90780.0,2209.247532847656
90800.0,2210.9964251145443
90820.0,2212.745313674481
90840.0,2214.4942009131805
90860.0,2216.2430911989977
90880.0,2217.991990772585
90900.0,2219.740906963086
90920.0,2221.4898465431575
90940.0,2223.2388131875946
90960.0,2224.9878042687333
90980.0,2226.7368075867043
91000.0,2228.4857990421015
91020.0,2230.2347426143488
91040.0,2231.983594158902
91060.0,2233.7323102961245
91080.0,2235.480862857433
91100.0,2237.2292578736565
91120.0,2238.9775559672175
91140.0,2240.7258885069286
91160.0,2242.4744615649206
91180.0,2244.223538441334
91200.0,2245.973392381885
91220.0,2247.7242252279634
91240.0,2249.476055912296
91260.0,2251.228594964684
91280.0,2252.981136245986
91300.0,2254.732511974449
91320.0,2256.481166844137
91340.0,2258.225405187014
91360.0,2259.963844734645
91380.0,2261.6960660489544
91400.0,2263.4233766851253
91420.0,2265.149519480608
91440.0,2266.8810610443843
91460.0,2268.6271271975374
91480.0,2270.3981447871734
91500.0,2272.2033468755476
91520.0,2274.047038052288
91540.0,2275.924014479753
91560.0,2277.815064930955
91580.0,2279.684061527725
91600.0,2281.4786289898157
91620.0,2283.1365393619526
91640.0,2284.599556956868
91660.0,2285.8352167634484
91680.0,2286.864830197983
91700.0,2287.792971641319
91720.0,2288.83024909523
91740.0,2290.29817657768
91760.0,2292.603761133867
91780.0,2296.1736321142007
91800.0,2301.3448413797037
91820.0,2308.223065505542
91840.0,2316.538985338463
91860.0,2325.558526489591
91880.0,2334.128681056031
91900.0,2340.9611588699177
91920.0,2345.191054899881
91940.0,2346.8992928584903
91960.0,2347.1302755030943
91980.0,2347.281587428585
92000.0,2348.383082691495
92020.0,2350.582965114
92040.0,2352.953923562441
92060.0,2353.7713565072545
92080.0,2351.167397727554
92100.0,2343.9921412538724
92120.0,2332.5853632295816
92140.0,2318.7324950021525
92160.0,2304.8549728299613
92180.0,2293.2198210952643
92200.0,2285.4385254248837
92220.0,2282.267277193973
92240.0,2283.550257607264
92260.0,2288.2625021386675
92280.0,2294.8102963719534
92300.0,2301.587167944691
92320.0,2307.4567215286597
92340.0,2311.9352069601914
92360.0,2315.0503514770326
92380.0,2316.9526694958295
92400.0,2317.773054274503
92420.0,2317.6690503314053
92440.0,2316.835775766828
92460.0,2315.4847427482855
92480.0,2313.815361135702
92500.0,2311.9924960889953
92520.0,2310.1350398383943
92540.0,2308.315175891831
92560.0,2306.5653474795818
92580.0,2304.889192180507
92600.0,2303.273148713541
92620.0,2301.6964544102957
92640.0,2300.138370628846
92660.0,2298.582414095519
92680.0,2297.018007299449
92700.0,2295.4402787639997
92720.0,2293.8488024208564
92740.0,2292.2459521829533
92760.0,2290.635350918701
92780.0,2289.0206825503765
92800.0,2287.4049575107633
92820.0,2285.7901969321506
92840.0,2284.177432547753
92860.0,2282.5668981923136
92880.0,2280.9583003194184
92900.0,2279.3510839170513
92920.0,2277.7446440442454
92940.0,2276.1384634011606
92960.0,2274.5321784382727
92980.0,2272.9255894024363
93000.0,2271.318634528837
93020.0,2269.7113475719466
93040.0,2268.1038135231884
93060.0,2266.4961318490914
93080.0,2264.888391431654
93100.0,2263.2806574643487
93120.0,2261.6729681307593
93140.0,2260.0653378481084
93160.0,2258.4577638516807
93180.0,2256.8502335199914
93200.0,2255.242730723561
93220.0,2253.6352403482488
93240.0,2252.02775083412
93260.0,2250.420255019896
93280.0,2248.812749798464
93300.0,2247.2052351198254
93320.0,2245.597712793249
93340.0,2243.990185400885
93360.0,2242.3826554902175
93380.0,2240.775125092367
93400.0,2239.1675955308556
93420.0,2237.560067443723
93440.0,2235.952540930136
93460.0,2234.345015743917
93480.0,2232.7374914779634
93500.0,2231.129967706995
93520.0,2229.5224440775137
93540.0,2227.914920348151
93560.0,2226.307396392318
93580.0,2224.699872177427
93600.0,2223.0923477341685
93620.0,2221.484823125612
93640.0,2219.877298422086
93660.0,2218.2697736844866
93680.0,2216.6622489562574
93700.0,2215.054724261822
93720.0,2213.4471996093666
93740.0,2211.8396749957747
93760.0,2210.232150411629
93780.0,2208.624625845469
93800.0,2207.0171012868755
93820.0,2205.409576728087
93840.0,2203.802052164491
93860.0,2202.194527594307
93880.0,2200.58700301772
93900.0,2198.9794784360465
93920.0,2197.3719538509777
93940.0,2195.7644292640975
93960.0,2194.1569046767154
93980.0,2192.549380089852
94000.0,2190.9418555039892
94020.0,2189.3343309192032
94040.0,2187.726806335345
94060.0,2186.1192817522324
94080.0,2184.5117571695178
94100.0,2182.9042325869527
94120.0,2181.296708004323
94140.0,2179.689183421571
94160.0,2178.081658838764
94180.0,2176.4741342558
94200.0,2174.8666096727493
94220.0,2173.259085089674
94240.0,2171.651560506579
94260.0,2170.044035923517
94280.0,2168.436511340421
94300.0,2166.828986757232
94320.0,2165.221462174044
94340.0,2163.613937590862
94360.0,2162.0064130076685
94380.0,2160.398888424464
94400.0,2158.79136384127
94420.0,2157.1838392580316
94440.0,2155.576314674744
94460.0,2153.9687900915496
94480.0,2152.361265508399
94500.0,2150.7537409252786
94520.0,2149.146216342186
94540.0,2147.5386917590795
94560.0,2145.931167176019
94580.0,2144.3236425929717
94600.0,2142.716118009902
94620.0,2141.1085934268403
94640.0,2139.501068843735
94660.0,2137.8935442606285
94680.0,2136.2860196774736
94700.0,2134.678495094263
94720.0,2133.070970510997
94740.0,2131.463445927674
94760.0,2129.8559213444114
94780.0,2128.248396761159
94800.0,2126.640872177933
94820.0,2125.0333475947978
94840.0,2123.425823011692
94860.0,2121.8182984286236
94880.0,2120.210773845526
94900.0,2118.603249262405
94920.0,2116.995724679268
94940.0,2115.388200096051
94960.0,2113.7806755128513
94980.0,2112.1731509296887
95000.0,2110.565626346551
95020.0,2108.9581017633977
95040.0,2107.3505771801965
95060.0,2105.743052597046
95080.0,2104.1355280139173
95100.0,2102.5280034307934
95120.0,2100.9204788476472
95140.0,2099.3129542644433
95160.0,2097.705429681218
95180.0,2096.09790509791
95200.0,2094.4903805145163
95220.0,2092.882855931056
95240.0,2091.2753313475046
95260.0,2089.667806763993
95280.0,2088.0602821806974
95300.0,2086.4527575978286
95320.0,2084.8452330155956
95340.0,2083.2377084340415
95360.0,2081.630183853106
95380.0,2080.0226592724457
95400.0,2078.4151346914796
95420.0,2076.8076101093666
95440.0,2075.200085524978
95460.0,2073.5925609371766
95480.0,2071.9850363450964
95500.0,2070.3775117488594
95520.0,2068.769987150002
95540.0,2067.162462551866
95560.0,2065.5549379597637
95580.0,2063.9474133804224
95600.0,2062.3398888209786
95620.0,2060.732364286786
95640.0,2059.1248397785594
95660.0,2057.517315289286
95680.0,2055.909790801125
95700.0,2054.302266284237
95720.0,2052.694741698576
95740.0,2051.0872169999107
95760.0,2049.4796921515913
95780.0,2047.8721671410997
95800.0,2046.2646420000267
95820.0,2044.6571168224932
95840.0,2043.04959177579
95860.0,2041.4420670944685
95880.0,2039.83454304868
95900.0,2038.2270198805722
95920.0,2036.6194977081564
95940.0,2035.0119764064766
95960.0,2033.4044554890613
95980.0,2031.796934028226
96000.0,2030.1894106652458
96020.0,2028.5818837658367
96040.0,2026.974351765737
96060.0,2025.3668137192067
96080.0,2023.759270006969
96100.0,2022.1517230798727
96120.0,2020.5441780225822
96140.0,2018.9366426385327
96160.0,2017.3291267162604
96180.0,2015.72164017845
96200.0,2014.1141899792824
96220.0,2012.506775930445
96240.0,2010.8993860980522
96260.0,2009.2919929706404
96280.0,2007.6845521333867
96300.0,2006.0770055112043
96320.0,2004.4692911213992
96340.0,2002.861360450707
96360.0,2001.253202848011
96380.0,1999.6448736712912
96400.0,1998.0365195907561
96420.0,1996.428391056644
96440.0,1994.8208295438865
96460.0,1993.2142172065664
96480.0,1991.6088805872903
96500.0,1990.0049493447507
96520.0,1988.402186055778
96540.0,1986.799822935951
96560.0,1985.1964625087228
96580.0,1983.5901159404177
96600.0,1981.9784566485432
96620.0,1980.3593482809151
96640.0,1978.7316565873941
96660.0,1977.0962697317514
96680.0,1975.4571354473374
96700.0,1973.8219931527146
96720.0,1972.202367422125
96740.0,1970.6123441909463
96760.0,1969.0657309539893
96780.0,1967.5714631127237
96800.0,1966.1275952970104
96820.0,1964.7148972764385
96840.0,1963.2918745787006
96860.0,1961.7937769122868
96880.0,1960.1385697807414
96900.0,1958.2425831930439
96920.0,1956.0472691810724
96940.0,1953.555957454119
96960.0,1950.8757149116777
96980.0,1948.2548362289194
97000.0,1946.1021389788336
97020.0,1944.9717644617515
97040.0,1945.4988004467862
97060.0,1948.2791740972648
97080.0,1953.7040221250743
97100.0,1961.82374999024
97120.0,1972.3153089961718
97140.0,1984.549850407039
97160.0,1997.9130874892653
97180.0,2012.0063557310373
97200.0,2026.5068565120062
97220.0,2041.0739736187163
97240.0,2055.3614713087104
97260.0,2068.9715458774003
97280.0,2081.3578236699764
97300.0,2091.9044904397797
97320.0,2100.0125980670564
97340.0,2105.305567796599
97360.0,2107.937537753435
97380.0,2108.613169615513
97400.0,2108.4037852327633
97420.0,2108.458614796238
97440.0,2109.591105971726
97460.0,2112.0244649310544
97480.0,2115.5136890018084
97500.0,2119.711307017816
97520.0,2124.4202497613524
97540.0,2129.5892871933747
97560.0,2135.158697141936
97580.0,2140.9694404512547
97600.0,2146.8120149587317
97620.0,2152.5489251234458
97640.0,2158.152445427088
97660.0,2163.4845284119
97680.0,2168.136735087276
97700.0,2171.626258915604
97720.0,2173.6480188493374
97740.0,2174.1581041580666
97760.0,2173.336388381174
97780.0,2171.497762345638
97800.0,2168.998488274447
97820.0,2166.1632239519813
97840.0,2163.242016420523
97860.0,2160.3957696137854
97880.0,2157.702961104539
97900.0,2155.178631214206
97920.0,2152.7975407057684
97940.0,2150.5156106546833
97960.0,2148.286312859735
97980.0,2146.0709141144794
98000.0,2143.8430680868546
98020.0,2141.589129821143
98040.0,2139.305842721117
98060.0,2136.9968987686293
98080.0,2134.669493961929
98100.0,2132.331555593814
98120.0,2129.9899181657165
98140.0,2127.6494297459376
98160.0,2125.312796102743
98180.0,2122.9809021325796
98200.0,2120.6533599087297
98220.0,2118.3290874640797
98240.0,2116.0067937294193
98260.0,2113.6853124565746
98280.0,2111.3637798788614
98300.0,2109.0416833079134
98320.0,2106.7188222136374
98340.0,2104.395223938001
98360.0,2102.071048364255
98380.0,2099.7465044527335
98400.0,2097.421790196725
98420.0,2095.0970584344336
98440.0,2092.7724049624258
98460.0,2090.4478724631344
98480.0,2088.1234632432847
98500.0,2085.7991548267914
98520.0,2083.474914234055
98540.0,2081.1507086680513
98560.0,2078.826511911403
98580.0,2076.5023068347964
98600.0,2074.178085008649
98620.0,2071.853844589671
98640.0,2069.529587554956
98660.0,2067.205317112678
98680.0,2064.881035834127
98700.0,2062.556744788537
98720.0,2060.232443743228
98740.0,2057.9081323106543
98760.0,2055.583811760773
98780.0,2053.2594870551643
98800.0,2050.935168498382
98820.0,2048.6108722702675
98840.0,2046.2866190572895
98860.0,2043.9624301245003
98880.0,2041.6383205482507
98900.0,2039.3142900261155
98920.0,2036.990312693577
98940.0,2034.6663285948102
98960.0,2032.3422406264417
98980.0,2030.0179214923169
99000.0,2027.6932349472022
99020.0,2025.3680738071391
99040.0,2023.042413436638
99060.0,2020.7163736111972
99080.0,2018.3902743306207
99100.0,2016.0646636893484
99120.0,2013.74029060252
99140.0,2011.41799515752
99160.0,2009.0984980670903
99180.0,2006.782091046806
99200.0,2004.4682629866488
99220.0,2002.1553402038826
99240.0,1999.8402656641094
99260.0,1997.518678939648
99280.0,1995.1854676426133
99300.0,1992.8359210217664
99320.0,1990.4675082336598
99340.0,1988.0821178106767
99360.0,1985.688340081208
99380.0,1983.3030878179065
99400.0,1980.9516037054661
99420.0,1978.6648018005496
99440.0,1976.4730617498376
99460.0,1974.396162712718
99480.0,1972.43008576927
99500.0,1970.5329047080631
99520.0,1968.6137416110516
99540.0,1966.5303977558299
99560.0,1964.102182704677
99580.0,1961.1439003465493
99600.0,1957.5241437849904
99620.0,1953.2454663996807
99640.0,1948.5356606670452
99660.0,1943.9292469493726
99680.0,1940.3085591300103
99700.0,1938.8681085006715
99720.0,1940.968998068259
99740.0,1947.8673480741643
99760.0,1960.3365713738058
99780.0,1978.2600813079061
99800.0,2000.346435956275
99820.0,2024.1866339214787
99840.0,2046.6882331756387
99860.0,2064.5989794907973
99880.0,2075.2665202430026
99900.0,2077.5977678766694
99920.0,2072.7050316526293
99940.0,2063.602140763535
99960.0,2053.8002367002096
99980.0,2045.974988550673
100000.0,2041.6068168902425
100020.0,2041.248974271802
100040.0,2044.8366630978348
100060.0,2051.859483265093
100080.0,2061.518573337672
100100.0,2072.806561062679
100120.0,2084.6303294746926
100140.0,2096.009128609477
100160.0,2106.1370710547385
100180.0,2114.333979145723
100200.0,2120.1613597085393
100220.0,2123.6201221455785
100240.0,2125.116917698113
100260.0,2125.3062851636205
100280.0,2125.057538177784
100300.0,2125.2920647109954
100320.0,2126.4480469744353
100340.0,2128.1803713200125
100360.0,2129.6565924224114
100380.0,2130.0218140264496
100400.0,2128.7919647677477
100420.0,2126.067619200605
100440.0,2122.4819853108447
100460.0,2118.912058765808
100480.0,2115.950406844763
100500.0,2113.5863798829578
100520.0,2111.3092015712364
100540.0,2108.4472045310404
100560.0,2104.714542166203
100580.0,2100.6477905784272
100600.0,2097.732010193474
100620.0,2097.9068608590087
100640.0,2102.4889718740005
100660.0,2111.2637142372178
100680.0,2122.401893470986
100700.0,2133.094931887802
100720.0,2140.660276424541
100740.0,2143.6623614691184
100760.0,2142.3779138731506
100780.0,2138.4775574726514
100800.0,2134.2390089244127
100820.0,2131.654885573357
100840.0,2131.761519834087
100860.0,2134.473154808937
100880.0,2138.788780623806
100900.0,2142.7588165894667
100920.0,2143.698365842821
100940.0,2138.882669643025
100960.0,2126.198082824557
100980.0,2104.989450514293
101000.0,2076.7503920411145
101020.0,2044.8768369393606
101040.0,2013.4040713311442
101060.0,1985.6158402400288
101080.0,1963.3444620672628
101100.0,1946.9525654167483
101120.0,1935.6896168106737
101140.0,1928.1741800423365
101160.0,1922.8431241148305
101180.0,1918.2892252874892
101200.0,1913.4683656496575
101220.0,1907.793430759931
101240.0,1901.1460384005936
101260.0,1893.834788980165
101280.0,1886.5168573532515
101300.0,1880.0857937697838
101320.0,1875.519110977156
101340.0,1873.6800942524671
101360.0,1875.0836933022588
101380.0,1879.687610292415
101400.0,1886.8521430502472
101420.0,1895.5086139454004
101440.0,1904.4584958533767
101460.0,1912.703395494118
101480.0,1919.6425534358964
101500.0,1925.0858952048998
101520.0,1929.1601816548596
101540.0,1932.1780660955756
101560.0,1934.5152488743802
101580.0,1936.519557946735
101600.0,1938.4589876273876
101620.0,1940.504625483428
101640.0,1942.738697875407
101660.0,1945.176521501696
101680.0,1947.792499658352
101700.0,1950.5430701642788
101720.0,1953.3826335089943
101740.0,1956.2712919206283
101760.0,1959.1753940916387
101780.0,1962.0633399343012
101800.0,1964.8999176371085
101820.0,1967.6427029369813
101840.0,1970.24377503177
101860.0,1972.659145056589
101880.0,1974.8667568227652
101900.0,1976.89164833647
101920.0,1978.8339549407633
101940.0,1980.8922740280905
101960.0,1983.3722689478286
101980.0,1986.6694592996428
102000.0,1991.2174554800106
102020.0,1997.4000702685905
102040.0,2005.439089324366
102060.0,2015.2895051025291
102080.0,2026.6022636105201
102100.0,2038.7854918680107
102120.0,2050.942393511243
102140.0,2061.7325374609973
102160.0,2069.447826186116
102180.0,2072.4097462623267
102200.0,2069.6656447256314
102220.0,2061.4271258922026
102240.0,2049.059397035054
102260.0,2034.4435840685135
102280.0,2019.049433605871
102300.0,2003.4767713954648
102320.0,1987.703963567318
102340.0,1971.9961134730336
102360.0,1957.536166909608
102380.0,1945.9927469560662
102400.0,1938.7668984472305
102420.0,1936.4968628438244
102440.0,1938.9518596147147
102460.0,1945.230470473162
102480.0,1954.059916398622
102500.0,1964.044590950973
102520.0,1973.8167319552854
102540.0,1982.2041311220535
102560.0,1988.5845952518089
102580.0,1992.8993902593127
102600.0,1995.1641620133428
102620.0,1995.1991195714813
102640.0,1992.7290965770376
102660.0,1987.642357668786
102680.0,1980.1701248507645
102700.0,1971.0125006349426
102720.0,1961.2954136751348
102740.0,1952.2631338494004
102760.0,1944.9530193522944
102780.0,1939.9490909738022
102800.0,1937.256316943084
102820.0,1936.4090199736845
102840.0,1936.6560187773052
102860.0,1937.1051498059264
102880.0,1936.9343813673127
102900.0,1935.634319938589
102920.0,1933.2322709081934
102940.0,1930.3996897033571
102960.0,1928.2744650498412
102980.0,1928.1801509671877
103000.0,1931.4046228312807
103020.0,1938.9590894326714
103040.0,1951.2837964034231
103060.0,1968.0144188249596
103080.0,1987.9605701907992
103100.0,2009.3250566492975
103120.0,2030.0722843781834
103140.0,2048.3281448906946
103160.0,2062.7149097034985
103180.0,2072.5769617449578
103200.0,2078.2035613360513
103220.0,2080.5665949395525
103240.0,2080.7079884304358
103260.0,2079.4157492828062
103280.0,2077.134295557759
103300.0,2074.123403853472
103320.0,2070.8292355337526
103340.0,2068.094513614823
103360.0,2067.0742581297413
103380.0,2068.95671594977
103400.0,2074.337895362277
103420.0,2082.6425822116544
103440.0,2092.0426882141705
103460.0,2100.028099504147
103480.0,2104.296903427691
103500.0,2103.437479600456
103520.0,2097.106050384942
103540.0,2085.818412370672
103560.0,2070.5949871464463
103580.0,2052.6245729348493
103600.0,2033.0342311280306
103620.0,2012.7898885929267
103640.0,1992.7076383262151
103660.0,1973.5289122984336
103680.0,1956.0015307427407
103700.0,1940.9109433088465
103720.0,1929.0205881950073
103740.0,1920.9071058071513
103760.0,1916.7153910841462
103780.0,1915.9093706959186
103800.0,1917.153608530467
103820.0,1918.5203558614248
103840.0,1918.1824659013532
103860.0,1915.2175290854643
103880.0,1909.9030182457723
103900.0,1903.5025464838625
103920.0,1897.7352457275942
103940.0,1894.2820126042911
103960.0,1894.4654216955012
103980.0,1898.8990918728637
104000.0,1907.2434582493447
104020.0,1918.1447604143827
104040.0,1929.4221374564136
104060.0,1938.6226319323055
104080.0,1944.007039019744
104100.0,1945.4364920839084
104120.0,1944.1217717061422
104140.0,1941.4639123104364
104160.0,1938.274534345553
104180.0,1934.6992957839561
104200.0,1930.5221508586
104220.0,1925.556845153035
104240.0,1920.0125257708664
104260.0,1914.6017094663518
104280.0,1910.318247151934
104300.0,1907.970721666424
104320.0,1907.843379824326
104340.0,1909.6401149054177
104360.0,1912.6731940818397
104380.0,1916.1821604211902
104400.0,1919.6292046042654
104420.0,1922.7982695181374
104440.0,1925.6822670880094
104460.0,1928.2621883590887
104480.0,1930.2833611219128
104500.0,1931.2458216193038
104520.0,1930.5363124560176
104540.0,1927.5885588411288
104560.0,1922.024696229757
104580.0,1913.8368568630224
104600.0,1903.6705542440618
104620.0,1892.8352434979727
104640.0,1882.8143533653044
104660.0,1874.8454333689301
104680.0,1869.7639584180401
104700.0,1867.994332890899
104720.0,1869.5828005155204
104740.0,1874.2119082021495
104760.0,1881.1880977229466
104780.0,1889.4467323761662
104800.0,1897.6673935377032
104820.0,1904.6046943822148
104840.0,1909.4818080707123
104860.0,1912.0945444208032
104880.0,1912.6571582160636
104900.0,1911.560218545074
104920.0,1909.259985539526
104940.0,1906.3090219192181
104960.0,1903.3783347230851
104980.0,1901.2603302501943
105000.0,1900.7063551842366
105020.0,1902.1875911363009
105040.0,1905.7483893266392
105060.0,1910.9764530747361
105080.0,1917.1191201074366
105100.0,1923.2416186831797
105120.0,1928.3395478380057
105140.0,1931.4370971705903
105160.0,1931.6559638349693
105180.0,1928.3333960459156
105200.0,1921.1993099724652
105220.0,1910.5788873162353
105240.0,1897.4051099815151
105260.0,1883.018411811762
105280.0,1868.906683235357
105300.0,1856.4056488168505
105320.0,1846.405731322054
105340.0,1839.2149299464302
105360.0,1834.6285067328706
105380.0,1832.1100296145637
105400.0,1830.9894327600225
105420.0,1830.623263455043
105440.0,1830.4951256932538
105460.0,1830.2570069161382
105480.0,1829.724872707083
105500.0,1828.8464450738127
105520.0,1827.6579749519944
105540.0,1826.2426122305976
105560.0,1824.6977488360276
105580.0,1823.1138977460482
105600.0,1821.5640668885783
105620.0,1820.100468692114
105640.0,1818.754705407425
105660.0,1817.5380346163463
105680.0,1816.439627122038
105700.0,1815.4225483475493
105720.0,1814.4191878969773
105740.0,1813.3296642771043
105760.0,1812.027919334112
105780.0,1810.3803067492977
105800.0,1808.2799814678754
105820.0,1805.6969406876974
105840.0,1802.7380940219398
105860.0,1799.7047471544454
105880.0,1797.1276509807471
105900.0,1795.754496262837
105920.0,1796.4644685154767
105940.0,1800.092728807214
105960.0,1807.1676577869239
105980.0,1817.5971481712272
106000.0,1830.386089859187
106020.0,1843.520304293029
106040.0,1854.20259830277
106060.0,1859.6413684961485
106080.0,1858.2491090299313
106100.0,1850.2435445029253
106120.0,1837.234898510637
106140.0,1821.5428078491052
106160.0,1805.650623839884
106180.0,1791.678199657544
106200.0,1780.9316998016707
106220.0,1773.8151857735525
106240.0,1770.01299525494
106260.0,1768.7777619619567
106280.0,1769.2114290029785
106300.0,1770.4783552707534
106320.0,1771.9304396925818
106340.0,1773.1513846274543
106360.0,1773.9414370416162
106380.0,1774.2678821602817
106400.0,1774.2037181285916
106420.0,1773.8706675180322
106440.0,1773.395630324226
106460.0,1772.8835774782322
106480.0,1772.4055651780277
106500.0,1771.9981692199563
106520.0,1771.6699027372447
106540.0,1771.4105895398486
106560.0,1771.2006905628139
106580.0,1771.0187818837312
106600.0,1770.8464575227742
106620.0,1770.6707201256074
106640.0,1770.484386724894
106660.0,1770.2852135406301
106680.0,1770.074412414588
106700.0,1769.8550806011674
106720.0,1769.6308724944242
106740.0,1769.405061881987
106760.0,1769.1800079001011
106780.0,1768.9569576044473
106800.0,1768.736088475011
106820.0,1768.5167018484328
106840.0,1768.2975062477558
106860.0,1768.076961210311
106880.0,1767.8536737244199
106900.0,1767.62684145276
106920.0,1767.3967157416187
106940.0,1767.1650155601437
106960.0,1766.9351705987324
106980.0,1766.7122245851824
107000.0,1766.5022114444212
107020.0,1766.3108534587832
107040.0,1766.1415459791665
107060.0,1765.9928007125352
107080.0,1765.8556112258939
107100.0,1765.7115402947245
107120.0,1765.5326299468259
107140.0,1765.2843831085825
107160.0,1764.9329158726955
107180.0,1764.4567904445921
107200.0,1763.8629222709944
107220.0,1763.2043397211698
107240.0,1762.5956785212759
107260.0,1762.2205811831675
107280.0,1762.3243790542922
107300.0,1763.186522840313
107320.0,1765.0712504976086
107340.0,1768.1625913351647
107360.0,1772.4935910766465
107380.0,1777.8878457642645
107400.0,1784.0094606341613
107420.0,1790.5359046305905
107440.0,1797.199133583379
107460.0,1803.7464488635153
107480.0,1809.986777256708
107500.0,1815.8100008788028
107520.0,1821.126215923058
107540.0,1825.9311480626031
107560.0,1830.3646598058858
107580.0,1834.7332543168545
107600.0,1839.4880116601337
107620.0,1844.9787753981993
107640.0,1851.0262441189698
107660.0,1856.817315566117
107680.0,1861.251026719295
107700.0,1863.3612334563018
107720.0,1862.6764887862241
107740.0,1859.4298147805707
107760.0,1854.4311715471274
107780.0,1848.8271407200325
107800.0,1843.7943057642449
107820.0,1840.2753915640983
107840.0,1838.899030093368
107860.0,1839.9776061605687
107880.0,1843.4503811300651
107900.0,1848.8098337918277
107920.0,1855.1989352590276
107940.0,1861.6829386860513
107960.0,1867.4314377920105
107980.0,1871.8670705064892
108000.0,1874.7783068579242
108020.0,1876.26688423112
108040.0,1876.630695686235
108060.0,1876.2443180635942
108080.0,1875.4655024320612
108100.0,1874.578052899216
108120.0,1873.7693404742859
108140.0,1873.1340614699984
108160.0,1872.6937022683985
108180.0,1872.4220645411613
108200.0,1872.2697053405766
108220.0,1872.1830978639823
108240.0,1872.116947008925
108260.0,1872.040002332814
108280.0,1871.9358058460107
108300.0,1871.8001995265809
108320.0,1871.637303564621
108340.0,1871.4552866589431
108360.0,1871.262776486318
108380.0,1871.066334507003
108400.0,1870.8691125187847
108420.0,1870.670630572824
108440.0,1870.4675384913735
108460.0,1870.2551958196905
108480.0,1870.0298729976105
108500.0,1869.791296861694
108520.0,1869.5451179956003
108540.0,1869.3046820419017
108560.0,1869.0912973412792
108580.0,1868.9320999499207
108600.0,1868.8547422683212
108620.0,1868.8785919169682
108640.0,1869.0030042198966
108660.0,1869.1945188028797
108680.0,1869.376382720123
108700.0,1869.425291796424
108720.0,1869.1811483448032
108740.0,1868.4752877842777
108760.0,1867.180330697697
108780.0,1865.2800520448036
108800.0,1862.950375578154
108820.0,1860.6335471038437
108840.0,1859.078554683391
108860.0,1859.3150209365133
108880.0,1862.5292534648906
108900.0,1869.8245841533615
108920.0,1881.8776817423573
108940.0,1898.5493953826076
108960.0,1918.5830579368794
108980.0,1939.674037778056
109000.0,1959.135215760011
109020.0,1974.8082916790106
109040.0,1985.5887209932469
109060.0,1991.4355078369747
109080.0,1993.0872589571554
109100.0,1991.6881159664972
109120.0,1988.4519545636115
109140.0,1984.4271605534882
109160.0,1980.3753231532742
109180.0,1976.746853888018
109200.0,1973.7226363730988
109220.0,1971.289103825457
109240.0,1969.319873454099
109260.0,1967.646025631078
109280.0,1966.106188926065
109300.0,1964.5749123221424
109320.0,1962.972604176602
109340.0,1961.2626269441153
109360.0,1959.4414618784838
109380.0,1957.5268866480405
109400.0,1955.5475060576914
109420.0,1953.535268308752
109440.0,1951.5211357005967
109460.0,1949.5330463178968
109480.0,1947.5947688894223
109500.0,1945.7242100803815
109520.0,1943.9301368229194
109540.0,1942.2070563680693
109560.0,1940.529052474508
109580.0,1938.84455249937
109600.0,1937.0750627081154
109620.0,1935.1215320296233
109640.0,1932.881789835593
109660.0,1930.2810477338421
109680.0,1927.3144722246532
109700.0,1924.096327355282
109720.0,1920.9046454812074
109740.0,1918.2049659000502
109760.0,1916.6332896489832
109780.0,1916.9195922776694
109800.0,1919.7418753514673
109820.0,1925.5193312172275
109840.0,1934.1829785516034
109860.0,1945.002012685481
109880.0,1956.5892962308433
109900.0,1967.2220230510598
109920.0,1975.3869722444117
109940.0,1980.149902266558
109960.0,1981.2875893548164
109980.0,1979.338362315384
110000.0,1975.5615076543284
110020.0,1971.4497196734349
110040.0,1967.9427196642514
110060.0,1964.9485219417834
110080.0,1961.31883340162
110100.0,1955.181103077226
110120.0,1944.5460303845448
110140.0,1928.0878503732602
110160.0,1905.9118394740958
110180.0,1880.1964952818616
110200.0,1855.3975679738692
110220.0,1837.4835401228386
110240.0,1831.782633290608
110260.0,1840.1296869938487
110280.0,1859.7667036471182
110300.0,1885.1580167593777
110320.0,1910.752137882287
110340.0,1932.659209356414
110360.0,1949.0365296166444
110380.0,1959.7316759408598
110400.0,1965.7117788094663
110420.0,1968.4540799736073
110440.0,1969.4006084190962
110460.0,1969.6346246868968
110480.0,1969.8124468692815
110500.0,1970.2802934432875
110520.0,1971.263302443565
110540.0,1972.990874317634
110560.0,1975.7104577944567
110580.0,1979.5827836453877
110600.0,1984.5550841244153
110620.0,1990.3152893557271
110640.0,1996.3211782269707
110660.0,2001.8799289533595
110680.0,2006.3589034852594
110700.0,2009.5725260414983
110720.0,2012.1022959837396
110740.0,2015.076576080251
110760.0,2019.6184248302961
110780.0,2026.3757927940915
110800.0,2035.2057821923797
110820.0,2045.1009282037462
110840.0,2054.451251790675
110860.0,2061.4668778951554
110880.0,2064.587800452078
110900.0,2062.8672906637194
110920.0,2056.244274253445
110940.0,2045.2972215893355
110960.0,2030.8859181661112
110980.0,2014.1208762012561
111000.0,1996.3794475612588
111020.0,1979.1141811159382
111040.0,1963.5661169728792
111060.0,1950.5852014819764
111080.0,1940.6271720471505
111100.0,1933.8562617884895
111120.0,1930.2819585415994
111140.0,1929.8421670995472
111160.0,1932.358774129511
111180.0,1937.4516874019985
111200.0,1944.479352168703
111220.0,1952.571956124515
111240.0,1960.7921005771539
111260.0,1968.3470394248732
111280.0,1974.8259665480368
111300.0,1980.163114802385
111320.0,1984.1067755545766
111340.0,1985.7674746716712
111360.0,1983.748284262781
111380.0,1976.8623471158103
111400.0,1965.1275526454724
111420.0,1949.960742248893
111440.0,1933.4101835442557
111460.0,1917.4032915789335
111480.0,1903.4103460828665
111500.0,1892.4136509269633
111520.0,1885.0195130859586
111540.0,1881.5802218167003
111560.0,1882.2400507577004
111580.0,1886.8764290007803
111600.0,1894.9704251130238
111620.0,1905.5057787996589
111640.0,1917.0573689658072
111660.0,1928.2133130412435
111680.0,1938.054795896999
111700.0,1946.155858263986
111720.0,1952.2945880150667
111740.0,1956.4214045185795
111760.0,1958.7650654004926
111780.0,1959.7061530063079
111800.0,1959.651282328106
111820.0,1958.9941126600083
111840.0,1958.1529724047518
111860.0,1957.603614038101
111880.0,1957.8221068709972
111900.0,1959.246812345643
111920.0,1962.2911745420904
111940.0,1967.2516871943542
111960.0,1974.1251570912857
111980.0,1982.5023361191968
112000.0,1991.5122332157039
112020.0,1999.8405584804157
112040.0,2006.014737625478
112060.0,2008.8916653971628
112080.0,2007.9958978261143
112100.0,2003.6656488637848
112120.0,1997.0310561547801
112140.0,1989.4922286811834
112160.0,1982.0990956601006
112180.0,1975.3118132159354
112200.0,1969.077523248757
112220.0,1962.9838723590237
112240.0,1956.4434084870632
112260.0,1948.942022239765
112280.0,1940.277571672613
112300.0,1930.6245679427382
112320.0,1920.3880768190743
112340.0,1910.0456398375663
112360.0,1900.0831912315475
112380.0,1891.0198776182274
112400.0,1883.41339418692
112420.0,1877.7705652652396
112440.0,1874.3602316669417
112460.0,1873.034092284442
112480.0,1873.1953276351712
112500.0,1873.9539204397843
112520.0,1874.3565019794441
112540.0,1873.6633506800622
112560.0,1871.6183877647322
112580.0,1868.6188780572847
112600.0,1865.5651140537689
112620.0,1863.4600962110605
112640.0,1863.1203621688837
112660.0,1865.0194214215892
112680.0,1869.244349077432
112700.0,1875.6253424405397
112720.0,1884.045780256729
112740.0,1894.6434725782315
112760.0,1907.4971029331605
112780.0,1922.070107849448
112800.0,1936.9016303984968
112820.0,1949.7998664037557
112840.0,1958.469721673059
112860.0,1961.203882088505
112880.0,1957.259730890768
112900.0,1946.9276794995549
112920.0,1931.55881581338
112940.0,1913.525813467586
112960.0,1895.8881603259092
112980.0,1881.7589548127187
113000.0,1873.7195990733799
113020.0,1873.4155464215241
113040.0,1881.2796699211406
113060.0,1896.399875855332
113080.0,1916.6300071285718
113100.0,1939.1717550117305
113120.0,1961.645571654563
113140.0,1982.715750499383
113160.0,2001.765931603469
113180.0,2018.4734055502126
113200.0,2032.4314649542775
113220.0,2043.1782811157987
113240.0,2050.540629979149
113260.0,2054.7568549807065
113280.0,2056.392487280459
113300.0,2056.176332003556
113320.0,2054.839773587584
113340.0,2053.0010506906715
113360.0,2051.1063623408622
113380.0,2049.4211151476948
113400.0,2048.0558104605097
113420.0,2047.009427118965
113440.0,2046.215902542403
113460.0,2045.584023109447
113480.0,2045.025916475765
113500.0,2044.4733168383984
113520.0,2043.8833966450488
113540.0,2043.2372288631911
113560.0,2042.5341365285938
113580.0,2041.7846813894332
113600.0,2041.0042100289313
113620.0,2040.2080028937908
113640.0,2039.4083428459985
113660.0,2038.6133189612235
113680.0,2037.826915079165
113700.0,2037.0498597667865
113720.0,2036.2807724354764
113740.0,2035.5172662027314
113760.0,2034.7568103741753
113780.0,2033.9972799238462
113800.0,2033.2372088459633
113820.0,2032.4758151412727
113840.0,2031.7128828261684
113860.0,2030.9485804172978
113880.0,2030.1832763059774
113900.0,2029.417388170998
113920.0,2028.6512822802335
113940.0,2027.8852225643452
113960.0,2027.1193597092345
113980.0,2026.3537465822567
114000.0,2025.5883665902104
114020.0,2024.8231643455997
114040.0,2024.0580717649077
114060.0,2023.2930263269868
114080.0,2022.527981037308
114100.0,2021.7629074362958
114120.0,2020.9977938143315
114140.0,2020.2326408740241
114160.0,2019.4674566912697
114180.0,2018.7022522322811
114200.0,2017.9370380783912
114220.0,2017.1718225179673
114240.0,2016.4066108365387
114260.0,2015.6414054698494
114280.0,2014.87620664989
114300.0,2014.1110132248941
114320.0,2013.3458234270195
114340.0,2012.580635461653
114360.0,2011.8154478767478
114380.0,2011.05025972931
114400.0,2010.2850705965368
114420.0,2009.5198804878487
114440.0,2008.7546897071686
114460.0,2007.9894987001633
114480.0,2007.2243079068016
114500.0,2006.4591176295567
114520.0,2005.6939279239675
114540.0,2004.92873852036
114560.0,2004.1635487938304
114580.0,2003.39835780719
114600.0,2002.633164454517
114620.0,2001.8679677271211
114640.0,2001.102767102349
114660.0,2000.337563018054
114680.0,1999.5723573428968
114700.0,1998.807153693698
114720.0,1998.041957401003
114740.0,1997.2767749056288
114760.0,1996.511612408618
114780.0,1995.746473720406
114800.0,1994.9813574762345
114820.0,1994.2162541983357
114840.0,1993.4511440486745
114860.0,1992.6859964447297
114880.0,1991.920772877982
114900.0,1991.1554341205847
114920.0,1990.3899523679145
114940.0,1989.6243276364014
114960.0,1988.8586059229413
114980.0,1988.0928944378823
115000.0,1987.3273671034265
115020.0,1986.562252193525
115040.0,1985.7977944289155
115060.0,1985.0341870347434
115080.0,1984.2714759921328
115100.0,1983.5094491118168
115120.0,1982.7475356824907
115140.0,1981.9847558607332
115160.0,1981.2197685496333
115180.0,1980.451066675048
115200.0,1979.6773533105084
115220.0,1978.8980957943568
115240.0,1978.1141958849535
115260.0,1977.32863622978
115280.0,1976.5468797906942
115300.0,1975.7767324267818
115320.0,1975.0273621665049
115340.0,1974.307239645502
115360.0,1973.6209571211355
115380.0,1972.96521598323
115400.0,1972.3247289314822
115420.0,1971.6692969914366
115440.0,1970.9537655814634
115460.0,1970.122749211719
115480.0,1969.1217121548202
115500.0,1967.9149806403934
115520.0,1966.5094015896248
115540.0,1964.979695614482
115560.0,1963.488405434719
115580.0,1962.2904082279863
115600.0,1961.7103151810147
115620.0,1962.0820781525686
115640.0,1963.645141569755
115660.0,1966.401488755448
115680.0,1969.9529092050611
115700.0,1973.3560717900914
115720.0,1975.0506147596673
115740.0,1972.926069615051
115760.0,1964.5885211088148
115780.0,1947.8580758468547
115800.0,1921.4654012471256
115820.0,1885.81616852572
115840.0,1843.560449435452
115860.0,1799.5556823118131
115880.0,1759.749449391397
115900.0,1729.1975730303154
115920.0,1710.6422519622724
115940.0,1704.256914093146
115960.0,1708.0446844809862
115980.0,1718.5270116354525
116000.0,1731.5204467448482
116020.0,1742.7863573104544
116040.0,1748.5146927046983
116060.0,1745.7159353331347
116080.0,1732.5884217145485
116100.0,1708.8592378294234
116120.0,1676.0300894549182
116140.0,1637.451957430328
116160.0,1597.923679239036
116180.0,1562.559722224288
116200.0,1535.2860028387033
116220.0,1517.9277212685636
116240.0,1510.272880422189
116260.0,1510.6760146014228
116280.0,1516.7981797119305
116300.0,1526.2473466654876
116320.0,1537.0111288234743
116340.0,1547.6658863452114
116360.0,1557.4015111354213
116380.0,1565.924824165913
116400.0,1573.305264876357
116420.0,1579.8138287857246
116440.0,1585.788123148327
116460.0,1591.5387872104554
116480.0,1597.298723409541
116500.0,1603.2078527772878
116520.0,1609.3221813454563
116540.0,1615.635734782368
116560.0,1622.105984261079
116580.0,1628.6764457625616
116600.0,1635.2932015083477
116620.0,1641.914564461153
116640.0,1648.5147347910781
116660.0,1655.0830943279368
116680.0,1661.6209242060625
116700.0,1668.1370507902807
116720.0,1674.643460077155
116740.0,1681.1514587853849
116760.0,1687.6686229372194
116780.0,1694.1966151192526
116800.0,1700.7299620455233
116820.0,1707.2560078549905
116840.0,1713.7564042338113
116860.0,1720.2105555800201
116880.0,1726.6012963628295
116900.0,1732.9226546708414
116920.0,1739.1888235293613
116940.0,1745.4424837727577
116960.0,1751.7595846900986
116980.0,1758.2469141553677
117000.0,1765.0287238789424
117020.0,1772.2198253517067
117040.0,1779.8853911296944
117060.0,1787.9924110678799
117080.0,1796.364157445211
117100.0,1804.6562715520727
117120.0,1812.3796250429173
117140.0,1818.9983219751332
117160.0,1824.1145767661594
117180.0,1827.6740118330622
117200.0,1829.999665512023
117220.0,1831.5706056031763
117240.0,1832.8080140544662
117260.0,1833.9598324593867
117280.0,1835.041624058976
117300.0,1835.8586499663793
117320.0,1836.1402446438096
117340.0,1835.691688843785
117360.0,1834.4854713962352
117380.0,1832.680235668136
117400.0,1830.5456932640966
117420.0,1828.3651563429462
117440.0,1826.3696087379217
117460.0,1824.718852130367
117480.0,1823.498791654847
117500.0,1822.7275040067348
117520.0,1822.3766523814288
117540.0,1822.395989765775
117560.0,1822.7181357998754
117580.0,1823.255959681284
117600.0,1823.9010402363988
117620.0,1824.526521217514
117640.0,1825.0117870468814
117660.0,1825.313465714847
117680.0,1825.5405825437756
117700.0,1825.924300643002
117720.0,1826.7030627097806
117740.0,1828.0321346939204
117760.0,1829.9524608347433
117780.0,1832.3762701730066
117800.0,1835.093788921679
117820.0,1837.7968038351003
117840.0,1840.0537821805588
117860.0,1841.2117077399787
117880.0,1840.29857423752
117900.0,1836.0450166104863
117920.0,1827.061974696998
117940.0,1812.1669904324503
117960.0,1790.7816191169527
117980.0,1763.3208278494585
118000.0,1731.400260200698
118020.0,1697.755015167674
118040.0,1665.885303725757
118060.0,1639.4654428390036
118080.0,1621.6222719192167
118100.0,1614.2564247208559
118120.0,1617.6518031214332
118140.0,1630.4458710929898
118160.0,1649.631664481627
118180.0,1670.7409619899088
118200.0,1688.4602007919098
118220.0,1697.4711385127375
118240.0,1693.5472215866303
118260.0,1674.7426210165231
118280.0,1642.3419345537345
118300.0,1601.164243889281
118320.0,1558.150824517549
118340.0,1519.7123067356392
118360.0,1489.9901553427032
118380.0,1470.4919628664675
118400.0,1460.5629829151228
118420.0,1458.200929474336
118440.0,1460.8769105395975
118460.0,1466.1743571302661
118480.0,1472.1778176924818
118500.0,1477.6252768166191
118520.0,1481.882022086424
118540.0,1484.8081494221092
118560.0,1486.585385548004
118580.0,1487.5517080779064
118600.0,1488.0720801487232
118620.0,1488.455710956995
118640.0,1488.9172754601611
118660.0,1489.572101386213
118680.0,1490.4527390704013
118700.0,1491.5351822900943
118720.0,1492.76578994468
118740.0,1494.0833724423994
118760.0,1495.4340430227587
118780.0,1496.7787949153976
118800.0,1498.0951988623704
118820.0,1499.3752103056636
118840.0,1500.6210476480521
118860.0,1501.8407041347582
118880.0,1503.044110381245
118900.0,1504.2404365444027
118920.0,1505.4366084653088
118940.0,1506.6368467217653
118960.0,1507.8429140951991
118980.0,1509.0547434299388
119000.0,1510.2711734677403
119020.0,1511.4906068602356
119040.0,1512.7114930994114
119060.0,1513.9326115843774
119080.0,1515.1531787100241
119100.0,1516.372827659204
119120.0,1517.5915151110507
119140.0,1518.8094018796642
119160.0,1520.0267409969042
119180.0,1521.2437920675206
119200.0,1522.4607681770804
119220.0,1523.6778128205995
119240.0,1524.8949994805712
119260.0,1526.1123449896581
119280.0,1527.3298286340544
119300.0,1528.5474110138032
119320.0,1529.765049087636
119340.0,1530.9827059832178
119360.0,1532.2003557323674
119380.0,1533.417984014748
119400.0,1534.6355863421927
119420.0,1535.853165047878
119440.0,1537.0707261379666
119460.0,1538.2882766724956
119480.0,1539.505822975798
119500.0,1540.7233696970716
119520.0,1541.940919567734
119540.0,1543.1584736276232
119560.0,1544.3760316909727
119580.0,1545.5935928667113
119600.0,1546.811156010342
119620.0,1548.0287200466773
119640.0,1549.2462841516033
119660.0,1550.4638478131724
119680.0,1551.6814108079207
119700.0,1552.8989731303786
119720.0,1554.116534908046
119740.0,1555.3340963240307
119760.0,1556.551657559469
119780.0,1557.769218759107
119800.0,1558.9867800174136
119820.0,1560.2043413800661
119840.0,1561.4219028544348
119860.0,1562.639464423257
119880.0,1563.8570260577317
119900.0,1565.074587727731
119920.0,1566.292149408051
119940.0,1567.5097110813654
119960.0,1568.727272738577
119980.0,1569.944834377373
120000.0,1571.1623959999624
120020.0,1572.3799576108208
120040.0,1573.5975192149292
120060.0,1574.8150808165901
120080.0,1576.0326424189147
120100.0,1577.2502040236702
120120.0,1578.4677656314004
120140.0,1579.6853272418596
120160.0,1580.902888854379
120180.0,1582.1204504681532
120200.0,1583.3380120824395
120220.0,1584.5555736966953
120240.0,1585.77313531058
120260.0,1586.990696923969
120280.0,1588.208258536853
120300.0,1589.4258201493676
120320.0,1590.6433817616978
120340.0,1591.8609433739427
120360.0,1593.0785049861668
120380.0,1594.2960665984374
120400.0,1595.513628210753
120420.0,1596.7311898231264
120440.0,1597.948751435588
120460.0,1599.1663130481322
120480.0,1600.383874660747
120500.0,1601.601436273398
120520.0,1602.818997886065
120540.0,1604.0365594987052
120560.0,1605.2541211113326
120580.0,1606.4716827239304
120600.0,1607.68924433648
120620.0,1608.9068059489823
120640.0,1610.1243675614558
120660.0,1611.3419291739478
120680.0,1612.5594907864738
120700.0,1613.777052399029
120720.0,1614.9946140116224
120740.0,1616.2121756242573
120760.0,1617.42973723692
120780.0,1618.64729884958
120800.0,1619.8648604622385
120820.0,1621.0824220748452
120840.0,1622.2999836873676
120860.0,1623.5175452998194
120880.0,1624.735106912222
120900.0,1625.952668524592
120920.0,1627.1702301369291
120940.0,1628.3877917492784
120960.0,1629.605353361691
120980.0,1630.8229149741728
121000.0,1632.0404765867218
121020.0,1633.2580381993525
121040.0,1634.4755998120195
121060.0,1635.693161424671
121080.0,1636.9107230372817
121100.0,1638.128284649841
121120.0,1639.34584626237
121140.0,1640.563407874879
121160.0,1641.7809694873965
121180.0,1642.9985310999593
121200.0,1644.2160927125733
121220.0,1645.433654325227
121240.0,1646.6512159378804
121260.0,1647.8687775504782
121280.0,1649.0863391629962
121300.0,1650.3039007754528
121320.0,1651.5214623878728
121340.0,1652.7390240002728
121360.0,1653.9565856126912
121380.0,1655.1741472251165
121400.0,1656.3917088375324
121420.0,1657.609270449962
121440.0,1658.826832062421
121460.0,1660.0443936748961
121480.0,1661.2619552874214
121500.0,1662.479516900056
121520.0,1663.6970785127826
121540.0,1664.9146401255082
121560.0,1666.1322017381506
121580.0,1667.3497633507195
121600.0,1668.5673249632564
121620.0,1669.7848865757787
121640.0,1671.0024481882992
121660.0,1672.2200098008302
121680.0,1673.4375714133687
121700.0,1674.6551330259383
121720.0,1675.8726946385457
121740.0,1677.090256251155
121760.0,1678.30781786376
121780.0,1679.5253794763332
121800.0,1680.7429410888647
121820.0,1681.9605027013463
121840.0,1683.1780643138159
121860.0,1684.395625926314
121880.0,1685.6131875388423
121900.0,1686.8307491513333
121920.0,1688.0483107637986
121940.0,1689.2658723762747
121960.0,1690.483433988824
121980.0,1691.7009956014413
122000.0,1692.9185572140966
122020.0,1694.1361188267183
122040.0,1695.3536804392875
122060.0,1696.5712420518291
122080.0,1697.7888036643465
122100.0,1699.0063652768288
122120.0,1700.2239268893434
122140.0,1701.4414885019057
122160.0,1702.6590501145056
122180.0,1703.8766117271323
122200.0,1705.094173339768
122220.0,1706.3117349524043
122240.0,1707.5292965650176
122260.0,1708.7468581775472
122280.0,1709.964419789995
122300.0,1711.1819814024516
122320.0,1712.399543014945
122340.0,1713.6171046274617
122360.0,1714.83466623996
122380.0,1716.0522278524295
122400.0,1717.2697894649039
122420.0,1718.4873510774105
122440.0,1719.7049126900079
122460.0,1720.9224743027214
122480.0,1722.140035915465
122500.0,1723.3575975281906
122520.0,1724.575159140836
122540.0,1725.7927207533673
122560.0,1727.0102823657878
122580.0,1728.2278439781796
122600.0,1729.4454055905614
122620.0,1730.6629672029424
122640.0,1731.8805288153999
122660.0,1733.0980904279306
122680.0,1734.3156520404941
122700.0,1735.5332136530592
122720.0,1736.7507752655827
122740.0,1737.9683368780268
122760.0,1739.1858984904216
122780.0,1740.4034601028093
122800.0,1741.6210217152543
122820.0,1742.8385833277662
122840.0,1744.0561449403249
122860.0,1745.2737065529532
122880.0,1746.4912681656303
122900.0,1747.7088297783098
122920.0,1748.9263913909685
122940.0,1750.143953003632
122960.0,1751.3615146163302
122980.0,1752.579076229049
123000.0,1753.7966378417173
123020.0,1755.0141994542687
123040.0,1756.2317610667353
123060.0,1757.4493226791606
123080.0,1758.666884291577
123100.0,1759.884445903995
123120.0,1761.102007516435
123140.0,1762.3195691289136
123160.0,1763.5371307414166
123180.0,1764.754692353943
123200.0,1765.9722539664986
123220.0,1767.189815579049
123240.0,1768.4073771915741
123260.0,1769.6249388040953
123280.0,1770.842500416619
123300.0,1772.0600620291364
123320.0,1773.2776236416491
123340.0,1774.4951852541913
123360.0,1775.7127468667454
123380.0,1776.9303084792814
123400.0,1778.1478700918237
123420.0,1779.365431704407
123440.0,1780.5829933170048
123460.0,1781.8005549295929
123480.0,1783.01811654218
123500.0,1784.235678154743
123520.0,1785.4532397672672
123540.0,1786.6708013797756
123560.0,1787.8883629922875
123580.0,1789.1059246047894
123600.0,1790.3234862172744
123620.0,1791.541047829732
123640.0,1792.7586094421872
123660.0,1793.9761710547016
123680.0,1795.1937326672664
123700.0,1796.4112942798806
123720.0,1797.6288558925721
123740.0,1798.8464175052882
123760.0,1800.0639791179706
123780.0,1801.2815407305595
123800.0,1802.4991023430503
123820.0,1803.7166639554955
123840.0,1804.9342255678998
123860.0,1806.1517871803105
123880.0,1807.369348792763
123900.0,1808.5869104052385
123920.0,1809.8044720177081
123940.0,1811.0220336301477
123960.0,1812.2395952426068
123980.0,1813.4571568551382
124000.0,1814.6747184677565
124020.0,1815.892280080468
124040.0,1817.1098416932375
124060.0,1818.3274033059752
124080.0,1819.5449649186041
124100.0,1820.762526531121
124120.0,1821.9800881435863
124140.0,1823.1976497560506
124160.0,1824.4152113685523
124180.0,1825.6327729810753
124200.0,1826.850334593617
124220.0,1828.0678962062034
124240.0,1829.285457818852
124260.0,1830.5030194315325
124280.0,1831.7205810441778
124300.0,1832.9381426567584
124320.0,1834.1557042692407
124340.0,1835.3732658816566
124360.0,1836.5908274940582
124380.0,1837.808389106462
124400.0,1839.0259507188919
124420.0,1840.2435123313437
124440.0,1841.4610739438187
124460.0,1842.6786355563224
124480.0,1843.8961971688652
124500.0,1845.1137587814424
124520.0,1846.331320394042
124540.0,1847.5488820066391
124560.0,1848.766443619225
124580.0,1849.9840052317504
124600.0,1851.2015668442614
124620.0,1852.4191284568192
124640.0,1853.6366900694309
124660.0,1854.8542516820712
124680.0,1856.0718132946945
124700.0,1857.2893749072598
124720.0,1858.5069365197814
124740.0,1859.7244981322863
124760.0,1860.9420597447465
124780.0,1862.1596213571768
124800.0,1863.3771829696284
124820.0,1864.5947445821216
124840.0,1865.8123061946626
124860.0,1867.0298678072122
124880.0,1868.2474294197266
124900.0,1869.4649910322228
124920.0,1870.6825526447562
124940.0,1871.900114257313
124960.0,1873.1176758698548
124980.0,1874.3352374823812
125000.0,1875.5527990949133
125020.0,1876.7703607074295
125040.0,1877.9879223199473
125060.0,1879.2054839324949
125080.0,1880.4230455450947
125100.0,1881.6406071577646
125120.0,1882.8581687704827
125140.0,1884.0757303831765
125160.0,1885.293291995828
125180.0,1886.5108536084558
125200.0,1887.7284152210407
125220.0,1888.945976833568
125240.0,1890.1635384460728
125260.0,1891.3811000585945
125280.0,1892.5986616711223
125300.0,1893.8162232836116
125320.0,1895.0337848960542
125340.0,1896.2513465084642
125360.0,1897.4689081209285
125380.0,1898.6864697334859
125400.0,1899.9040313460616
125420.0,1901.1215929586174
125440.0,1902.3391545711515
125460.0,1903.5567161836618
125480.0,1904.7742777961582
125500.0,1905.9918394086776
125520.0,1907.209401021227
125540.0,1908.426962633781
125560.0,1909.6445242463474
125580.0,1910.8620858589752
125600.0,1912.0796474716255
125620.0,1913.2972090842663
125640.0,1914.5147706969142
125660.0,1915.7323323094847
125680.0,1916.9498939219502
125700.0,1918.1674555343502
125720.0,1919.3850171467086
125740.0,1920.6025787590438
125760.0,1921.820140371424
125780.0,1923.037701983899
125800.0,1924.2552635964814
125820.0,1925.4728252091477
125840.0,1926.6903868218196
125860.0,1927.9079484344777
125880.0,1929.1255100470921
125900.0,1930.3430716596547
125920.0,1931.5606332721757
125940.0,1932.7781948846982
125960.0,1933.9957564972617
125980.0,1935.21331810989
126000.0,1936.430879722558
126020.0,1937.648441335247
126040.0,1938.8660029478997
126060.0,1940.0835645604773
126080.0,1941.3011261730117
126100.0,1942.518687785514
126120.0,1943.7362493979422
126140.0,1944.9538110102972
126160.0,1946.171372622605
126180.0,1947.3889342348834
126200.0,1948.6064958471936
126220.0,1949.8240574595882
126240.0,1951.0416190720775
126260.0,1952.2591806846322
126280.0,1953.4767422972327
126300.0,1954.6943039098758
126320.0,1955.9118655225298
126340.0,1957.1294271351464
126360.0,1958.3469887477054
126380.0,1959.5645503602518
126400.0,1960.78211197278
126420.0,1961.9996735852924
126440.0,1963.2172351978231
126460.0,1964.43479681038
126480.0,1965.6523584229624
126500.0,1966.8699200355568
126520.0,1968.0874816481548
126540.0,1969.3050432607401
126560.0,1970.5226048733111
126580.0,1971.7401664858583
126600.0,1972.9577280983772
126620.0,1974.1752897108897
126640.0,1975.3928513234146
126660.0,1976.6104129359592
126680.0,1977.8279745485052
126700.0,1979.0455361610427
126720.0,1980.2630977735898
126740.0,1981.4806593861545
126760.0,1982.6982209987514
126780.0,1983.915782611366
126800.0,1985.1333442239604
126820.0,1986.350905836507
126840.0,1987.5684674489778
126860.0,1988.7860290614094
126880.0,1990.0035906738824
126900.0,1991.2211522864043
126920.0,1992.4387138989816
126940.0,1993.656275511609
126960.0,1994.8738371242703
126980.0,1996.0913987369408
127000.0,1997.30896034961
127020.0,1998.5265219622215
127040.0,1999.7440835747905
127060.0,2000.961645187331
127080.0,2002.1792067998363
127100.0,2003.3967684123018
127120.0,2004.6143300247597
127140.0,2005.8318916372082
127160.0,2007.0494532496498
127180.0,2008.2670148621128
127200.0,2009.4845764746246
127220.0,2010.7021380872059
127240.0,2011.9196996998294
127260.0,2013.137261312461
127280.0,2014.35482292509
127300.0,2015.572384537708
127320.0,2016.7899461502698
127340.0,2018.0075077627673
127360.0,2019.2250693752321
127380.0,2020.4426309876858
127400.0,2021.6601926001204
127420.0,2022.8777542125458
127440.0,2024.0953158250327
127460.0,2025.3128774376103
127480.0,2026.5304390502254
127500.0,2027.7480006628236
127520.0,2028.9655622753849
127540.0,2030.1831238879065
127560.0,2031.4006855004197
127580.0,2032.6182471129518
127600.0,2033.8358087255128
127620.0,2035.0533703380636
127640.0,2036.2709319506407
127660.0,2037.488493563261
127680.0,2038.7060551758882
127700.0,2039.9236167885078
127720.0,2041.141178401102
127740.0,2042.3587400136507
127760.0,2043.5763016261444
127780.0,2044.79386323856
127800.0,2046.011424850906
127820.0,2047.2289864632319
127840.0,2048.4465480756144
127860.0,2049.664109688115
127880.0,2050.8816713007714
127900.0,2052.099232913558
127920.0,2053.3167945263785
127940.0,2054.534356139137
127960.0,2055.7519177518207
127980.0,2056.9694793644344
128000.0,2058.187040977004
128020.0,2059.4046025894754
128040.0,2060.6221642018404
128060.0,2061.839725814184
128080.0,2063.0572874265804
128100.0,2064.2748490390727
128120.0,2065.492410651642
128140.0,2066.7099722641865
128160.0,2067.9275338766965
128180.0,2069.1450954892307
128200.0,2070.3626571018035
128220.0,2071.5802187143954
128240.0,2072.7977803270023
128260.0,2074.0153419396297
128280.0,2075.2329035522316
128300.0,2076.45046516475
128320.0,2077.6680267772194
128340.0,2078.885588389637
128360.0,2080.103150002051
128380.0,2081.320711614492
128400.0,2082.538273227002
128420.0,2083.7558348395883
128440.0,2084.9733964522047
128460.0,2086.190958064779
128480.0,2087.4085196773244
128500.0,2088.6260812898663
128520.0,2089.8436429024246
128540.0,2091.0612045149946
128560.0,2092.2787661275615
128580.0,2093.496327740145
128600.0,2094.7138893527267
128620.0,2095.9314509652854
128640.0,2097.149012577764
128660.0,2098.3665741900927
128680.0,2099.58413580222
128700.0,2100.801697414155
128720.0,2102.0192590259708
128740.0,2103.236820637827
128760.0,2104.45438224997
128780.0,2105.671943862748
128800.0,2106.8895054765476
128820.0,2108.107067091559
128840.0,2109.3246287077554
128860.0,2110.5421903247275
128880.0,2111.75975194158
128900.0,2112.977313556875
128920.0,2114.1948751687946
128940.0,2115.4124367754243
128960.0,2116.6299983751824
128980.0,2117.847559967606
129000.0,2119.0651215543594
129020.0,2120.2826831400444
129040.0,2121.5002447325087
129060.0,2122.7178063426422
129080.0,2123.935367982757
129100.0,2125.1529296636336
129120.0,2126.3704913898937
129140.0,2127.5880531545854
129160.0,2128.8056149338445
129180.0,2130.0231766834995
129200.0,2131.2407383400687
129220.0,2132.458299828665
129240.0,2133.6758610794695
129260.0,2134.893422053553
129280.0,2136.110982775631
129300.0,2137.328543367522
129320.0,2138.5461040724595
129340.0,2139.7636652561187
129360.0,2140.981227369033
129380.0,2142.1987908570395
129400.0,2143.4163560149145
129420.0,2144.6339227930494
129440.0,2145.8514905886605
129460.0,2147.0690580781657
129480.0,2148.2866231721123
129500.0,2149.504183187047
129520.0,2150.7217353203914
129540.0,2151.93927747372
129560.0,2153.1568093870474
129580.0,2154.3743339228636
129600.0,2155.591858184636
129620.0,2156.80939400198
129640.0,2158.0269572133434
129660.0,2159.244565191028
129680.0,2160.462232257268
129700.0,2161.67996308829
129720.0,2162.8977449126787
129740.0,2164.115540225321
129760.0,2165.333282696248
129780.0,2166.5508796753215
129800.0,2167.768224794784
129820.0,2168.985223210574
129840.0,2170.2018296190054
129860.0,2171.4180951676944
129880.0,2172.634213985652
129900.0,2173.850554123668
129920.0,2175.067652777674
129940.0,2176.286154009448
129960.0,2177.506671440954
129980.0,2178.7295710775916
130000.0,2179.9546919298127
130020.0,2181.1810536353814
130040.0,2182.406636583927
130060.0,2183.628352553997
130080.0,2184.842339661539
130100.0,2186.0446984886867
130120.0,2187.232720690165
130140.0,2188.406536473406
130160.0,2189.5709245199537
130180.0,2190.73680809622
130200.0,2191.9217507674753
130220.0,2193.148638028103
130240.0,2194.441782391462
130260.0,2195.8200188187097
130280.0,2197.2870401952387
130300.0,2198.8202696373346
130320.0,2200.3608780594177
130340.0,2201.808881280268
130360.0,2203.0281716541535
130380.0,2203.8662903696604
130400.0,2204.1921044209685
130420.0,2203.950793897881
130440.0,2203.229489771321
130460.0,2202.3189445678217
130480.0,2201.74804335264
130500.0,2202.2610451549176
130520.0,2204.70536094797
130540.0,2209.8040331854786
130560.0,2217.805340804243
130580.0,2228.0771091123033
130600.0,2239.0336713358993
130620.0,2248.5566589046507
130640.0,2254.381970780953
130660.0,2254.342182165572
130680.0,2246.6064953420946
130700.0,2230.016994317574
130720.0,2204.5266707735777
130740.0,2171.623187512168
130760.0,2134.483933688695
130780.0,2097.479344416711
130800.0,2064.813995065635
130820.0,2039.1766468349917
130840.0,2021.4152681392447
130860.0,2010.86534608464
130880.0,2005.825044897581
130900.0,2004.1777799264357
130920.0,2004.0911552329853
130940.0,2004.5621696429964
130960.0,2005.3943952768154
130980.0,2006.8409772329348
131000.0,2009.297122383372
131020.0,2013.1511829037033
131040.0,2018.7330768101995
131060.0,2026.324160829868
131080.0,2035.927102937087
131100.0,2046.8511412703906
131120.0,2057.8105600881504
131140.0,2067.501201794909
131160.0,2075.051211205816
131180.0,2080.149891406995
131200.0,2082.96535744143
131220.0,2083.9704090332407
131240.0,2083.759067167766
131260.0,2082.900599195935
131280.0,2081.849124009909
131300.0,2080.907150580775
131320.0,2080.2304859577885
131340.0,2079.858213565104
131360.0,2079.7526106336677
131380.0,2079.837679080324
131400.0,2080.0295635210014
131420.0,2080.2562779447044
131440.0,2080.4672079434336
131460.0,2080.6346278188225
131480.0,2080.7501212144416
131500.0,2080.8186325113847
131520.0,2080.852252712779
131540.0,2080.8650599213843
131560.0,2080.8696053486747
131580.0,2080.8750807363463
131600.0,2080.8868609050887
131620.0,2080.9069680882394
131640.0,2080.9350041448142
131660.0,2080.969184829534
131680.0,2081.0072348252097
131700.0,2081.047024564189
131720.0,2081.086927039055
131740.0,2081.1259358507423
131760.0,2081.163615873414
131780.0,2081.199962266065
131800.0,2081.235231467978
131820.0,2081.269788123398
131840.0,2081.3039914208493
131860.0,2081.338127388107
131880.0,2081.3723821598915
131900.0,2081.4068452339848
131920.0,2081.4415302371553
131940.0,2081.476402245451
131960.0,2081.5114037557796
131980.0,2081.546474789934
132000.0,2081.5815655387023
132020.0,2081.616642033448
132040.0,2081.651686495969
132060.0,2081.6866944012136
132080.0,2081.7216701222014
132100.0,2081.7566225645246
132120.0,2081.7915616439054
132140.0,2081.8264959584953
132160.0,2081.8614316368607
132180.0,2081.8963721214272
132200.0,2081.931318559948
132220.0,2081.9662704887282
132240.0,2082.0012265593914
132260.0,2082.03618515051
132280.0,2082.0711447908916
132300.0,2082.106104386351
132320.0,2082.1410632836114
132340.0,2082.1760212232853
132360.0,2082.210978234758
132380.0,2082.24593451637
132400.0,2082.280890330061
132420.0,2082.3158459253045
132440.0,2082.3508014955055
132460.0,2082.3857571625567
132480.0,2082.4207129813776
132500.0,2082.455668955612
132520.0,2082.4906250572635
132540.0,2082.5255812446426
132560.0,2082.5605374757542
132580.0,2082.5954937166925
132600.0,2082.630449945085
132620.0,2082.66540614981
132640.0,2082.7003623287274
132660.0,2082.7353184856743
132680.0,2082.770274627295
132700.0,2082.805230760457
132720.0,2082.840186890939
132740.0,2082.875143022801
132760.0,2082.91009915823
132780.0,2082.945055297864
132800.0,2082.9800114413074
132820.0,2083.014967587521
132840.0,2083.04992373533
132860.0,2083.0848798837314
132880.0,2083.1198360320354
132900.0,2083.154792179856
132920.0,2083.189748327092
132940.0,2083.2247044737464
132960.0,2083.259660619925
132980.0,2083.2946167657315
133000.0,2083.329572911325
133020.0,2083.364529056821
133040.0,2083.3994852023466
133060.0,2083.4344413479457
133080.0,2083.46939749361
133100.0,2083.504353639316
133120.0,2083.539309785057
133140.0,2083.5742659309008
133160.0,2083.609222076887
133180.0,2083.6441782229217
133200.0,2083.6791343689297
133220.0,2083.7140905149404
133240.0,2083.749046660919
133260.0,2083.7840028068526
133280.0,2083.818958952762
133300.0,2083.853915098686
133320.0,2083.888871244615
133340.0,2083.9238273905257
133360.0,2083.958783536498
133380.0,2083.9937396825253
133400.0,2084.0286958285224
133420.0,2084.063651974437
133440.0,2084.098608120233
133460.0,2084.133564265975
133480.0,2084.168520411725
133500.0,2084.203476557536
133520.0,2084.2384327034283
133540.0,2084.2733888493767
133560.0,2084.308344995391
133580.0,2084.3433011414386
133600.0,2084.3782572875107
133620.0,2084.413213433566
133640.0,2084.448169579561
133660.0,2084.4831257254937
133680.0,2084.518081871367
133700.0,2084.553038017223
133720.0,2084.587994163069
133740.0,2084.622950308903
133760.0,2084.657906454778
133780.0,2084.692862600652
133800.0,2084.7278187464585
133820.0,2084.762774892249
133840.0,2084.797731038135
133860.0,2084.832687184084
133880.0,2084.8676433300097
133900.0,2084.902599475909
133920.0,2084.9375556218456
133940.0,2084.9725117678086
133960.0,2085.0074679137697
133980.0,2085.042424059723
134000.0,2085.0773802057097
134020.0,2085.112336351756
134040.0,2085.1472924978307
134060.0,2085.1822486439023
134080.0,2085.217204789912
134100.0,2085.2521609358373
134120.0,2085.2871170816907
134140.0,2085.3220732275363
134160.0,2085.3570293734133
134180.0,2085.3919855192935
134200.0,2085.426941665208
134220.0,2085.4618978111257
134240.0,2085.496853956999
134260.0,2085.5318101029334
134280.0,2085.5667662489254
134300.0,2085.601722394941
134320.0,2085.636678540926
134340.0,2085.6716346868848
134360.0,2085.7065908328127
134380.0,2085.7415469786947
134400.0,2085.776503124588
134420.0,2085.811459270485
134440.0,2085.846415416349
134460.0,2085.8813715622314
134480.0,2085.9163277081643
134500.0,2085.9512838541305
134520.0,2085.986240000086
134540.0,2086.0211961460845
134560.0,2086.056152292088
134580.0,2086.091108438097
134600.0,2086.1260645841294
134620.0,2086.1610207301296
134640.0,2086.1959768760157
134660.0,2086.2309330218095
134680.0,2086.2658891675824
134700.0,2086.3008453133825
134720.0,2086.335801459212
134740.0,2086.37075760507
134760.0,2086.405713750927
134780.0,2086.4406698967673
134800.0,2086.475626042622
134820.0,2086.510582188569
134840.0,2086.5455383345884
134860.0,2086.580494480591
134880.0,2086.615450626584
134900.0,2086.6504067725973
134920.0,2086.685362918609
134940.0,2086.7203190646082
134960.0,2086.755275210576
134980.0,2086.790231356569
135000.0,2086.8251875026176
135020.0,2086.8601436486833
135040.0,2086.895099794686
135060.0,2086.9300559405674
135080.0,2086.965012086376
135100.0,2086.999968232179
135120.0,2087.0349243780365
135140.0,2087.069880523972
135160.0,2087.1048366699624
135180.0,2087.1397928159186
135200.0,2087.1747489618415
135220.0,2087.2097051077644
135240.0,2087.244661253724
135260.0,2087.2796173997067
135280.0,2087.314573545703
135300.0,2087.349529691736
135320.0,2087.384485837749
135340.0,2087.419441983672
135360.0,2087.454398129513
135380.0,2087.4893542752816
135400.0,2087.5243104209976
135420.0,2087.559266566743
135440.0,2087.594222712539
135460.0,2087.6291788584085
135480.0,2087.6641350043737
135500.0,2087.69909115035
135520.0,2087.7340472963033
135540.0,2087.7690034422626
135560.0,2087.803959588258
135580.0,2087.838915734286
135600.0,2087.873871880306
135620.0,2087.908828026272
135640.0,2087.9437841722365
135660.0,2087.978740318214
135680.0,2088.0136964641633
135700.0,2088.0486526100217
135720.0,2088.0836087557964
135740.0,2088.118564901486
135760.0,2088.153521047128
135780.0,2088.188477192779
135800.0,2088.223433338489
135820.0,2088.2583894843156
135840.0,2088.293345630262
135860.0,2088.3283017763315
135880.0,2088.3632579224372
135900.0,2088.398214068527
135920.0,2088.4331702146246
135940.0,2088.4681263607586
135960.0,2088.5030825068693
135980.0,2088.5380386529355
136000.0,2088.5729947989626
136020.0,2088.607950944929
136040.0,2088.6429070908457
136060.0,2088.677863236754
136080.0,2088.712819382642
136100.0,2088.7477755284913
136120.0,2088.782731674349
136140.0,2088.817687820264
136160.0,2088.8526439662282
136180.0,2088.8876001122303
136200.0,2088.922556258291
136220.0,2088.9575124043527
136240.0,2088.9924685503456
136260.0,2089.027424696225
136280.0,2089.062380841963
136300.0,2089.0973369876347
136320.0,2089.1322931333343
136340.0,2089.167249279069
136360.0,2089.2022054248414
136380.0,2089.2371615706916
136400.0,2089.272117716629
136420.0,2089.307073862589
136440.0,2089.342030008537
136460.0,2089.376986154485
136480.0,2089.411942300453
136500.0,2089.4468984464465
136520.0,2089.481854592472
136540.0,2089.5168107385402
136560.0,2089.551766884618
136580.0,2089.5867230306476
136600.0,2089.6216791766687
136620.0,2089.656635322629
136640.0,2089.6915914685205
136660.0,2089.726547614385
136680.0,2089.761503760227
136700.0,2089.796459906042
136720.0,2089.831416051859
136740.0,2089.8663721977096
136760.0,2089.901328343578
136780.0,2089.9362844894504
136800.0,2089.971240635395
136820.0,2090.006196781374
136840.0,2090.0411529272833
136860.0,2090.0761090731094
136880.0,2090.1110652189354
136900.0,2090.1460213648334
136920.0,2090.18097751078
136940.0,2090.215933656732
136960.0,2090.2508898026736
136980.0,2090.2858459485883
137000.0,2090.320802094483
137020.0,2090.355758240372
137040.0,2090.3907143862934
137060.0,2090.4256705322246
137080.0,2090.460626678133
137100.0,2090.4955828240477
137120.0,2090.5305389699893
137140.0,2090.5654951159504
137160.0,2090.6004512619993
137180.0,2090.635407408115
137200.0,2090.670363554235
137220.0,2090.7053197002706
137240.0,2090.740275846206
137260.0,2090.7752319920373
137280.0,2090.810188137799
137300.0,2090.8451442835876
137320.0,2090.8801004294023
137340.0,2090.9150565752666
137360.0,2090.950012721176
137380.0,2090.984968867071
137400.0,2091.019925012984
137420.0,2091.054881158948
137440.0,2091.0898373049463
137460.0,2091.1247934509584
137480.0,2091.1597495969772
137500.0,2091.194705743023
137520.0,2091.22966188905
137540.0,2091.264618035033
137560.0,2091.299574180982
137580.0,2091.334530326862
137600.0,2091.3694864726936
137620.0,2091.40444261854
137640.0,2091.439398764419
137660.0,2091.4743549103423
137680.0,2091.5093110563007
137700.0,2091.544267202306
137720.0,2091.5792233483407
137740.0,2091.614179494371
137760.0,2091.6491356404176
137780.0,2091.6840917864492
137800.0,2091.7190479323995
137820.0,2091.754004078261
137840.0,2091.7889602240866
137860.0,2091.823916369912
137880.0,2091.8588725157415
137900.0,2091.8938286615894
137920.0,2091.9287848074973
137940.0,2091.9637409534557
137960.0,2091.9986970994537
137980.0,2092.033653245499
138000.0,2092.068609391531
138020.0,2092.10356553747
138040.0,2092.138521683369
138060.0,2092.1734778292766
138080.0,2092.2084339751273
138100.0,2092.243390120931
138120.0,2092.2783462667467
138140.0,2092.313302412557
138160.0,2092.348258558372
138180.0,2092.3832147042617
138200.0,2092.4181708502365
138220.0,2092.4531269962713
138240.0,2092.4880831423748
138260.0,2092.5230392885305
138280.0,2092.557995434644
138300.0,2092.592951580665
138320.0,2092.6279077266095
138340.0,2092.662863872456
138360.0,2092.6978200182352
138380.0,2092.7327761640295
138400.0,2092.7677323098187
138420.0,2092.802688455624
138440.0,2092.837644601491
138460.0,2092.8726007474124
138480.0,2092.907556893334
138500.0,2092.9425130392274
138520.0,2092.977469185117
138540.0,2093.0124253310314
138560.0,2093.0473814769584
138580.0,2093.082337622875
138600.0,2093.1172937688143
138620.0,2093.1522499147914
138640.0,2093.1872060607443
138660.0,2093.2221622066586
138680.0,2093.2571183526234
138700.0,2093.292074498605
138720.0,2093.3270306445597
138740.0,2093.3619867904576
138760.0,2093.3969429362796
138780.0,2093.4318990820943
138800.0,2093.4668552279572
138820.0,2093.501811373886
138840.0,2093.5367675198745
138860.0,2093.571723665866
138880.0,2093.606679811808
138900.0,2093.641635957668
138920.0,2093.676592103537
138940.0,2093.7115482494273
138960.0,2093.7465043953093
138980.0,2093.781460541234
139000.0,2093.8164166872275
139020.0,2093.8513728332628
139040.0,2093.8863289792594
139060.0,2093.9212851252237
139080.0,2093.9562412712207
139100.0,2093.9911974172123
139120.0,2094.026153563179
139140.0,2094.0611097091382
139160.0,2094.096065855075
139180.0,2094.1310220009773
139200.0,2094.1659781468416
139220.0,2094.20093429269
139240.0,2094.235890438557
139260.0,2094.2708465844107
139280.0,2094.305802730266
139300.0,2094.3407588760956
139320.0,2094.3757150219312
139340.0,2094.4106711678555
139360.0,2094.4456273138485
139380.0,2094.480583459829
139400.0,2094.5155396058003
139420.0,2094.550495751811
139440.0,2094.5854518978513
139460.0,2094.6204080438138
139480.0,2094.6553641897194
139500.0,2094.690320335615
139520.0,2094.7252764815375
139540.0,2094.7602326275014
139560.0,2094.795188773483
139580.0,2094.8301449194805
139600.0,2094.865101065448
139620.0,2094.900057211398
139640.0,2094.935013357319
139660.0,2094.969969503205
139680.0,2095.0049256490797
139700.0,2095.039881794993
139720.0,2095.074837940945
139740.0,2095.109794086956
139760.0,2095.144750233031
139780.0,2095.1797063791155
139800.0,2095.2146625251507
139820.0,2095.249618671123
139840.0,2095.2845748170694
139860.0,2095.319530962947
139880.0,2095.3544871086983
139900.0,2095.3894432543816
139920.0,2095.4243994000526
139940.0,2095.4593555457604
139960.0,2095.4943116914997
139980.0,2095.529267837318
140000.0,2095.564223983186
140020.0,2095.599180129137
140040.0,2095.634136275225
140060.0,2095.6690924213544
140080.0,2095.704048567477
140100.0,2095.739004713569
140120.0,2095.7739608596557
140140.0,2095.8089170057096
140160.0,2095.8438731517044
140180.0,2095.8788292976164
140200.0,2095.9137854434607
140220.0,2095.948741589305
140240.0,2095.9836977352084
140260.0,2096.0186538811076
140280.0,2096.053610026949
140300.0,2096.088566172788
140320.0,2096.1235223186627
140340.0,2096.158478464518
140360.0,2096.19343461034
140380.0,2096.228390756198
140400.0,2096.2633469020884
140420.0,2096.298303047993
140440.0,2096.333259193941
140460.0,2096.3682153399286
140480.0,2096.4031714859184
140500.0,2096.4381276319014
140520.0,2096.473083777912
140540.0,2096.5080399239914
140560.0,2096.542996070042
140580.0,2096.5779522160237
140600.0,2096.612908361956
140620.0,2096.6478645078587
140640.0,2096.6828206537484
140660.0,2096.7177767996236
140680.0,2096.752732945478
140700.0,2096.787689091296
140720.0,2096.8226452370914
140740.0,2096.8576013828942
140760.0,2096.892557528748
140780.0,2096.9275136746755
140800.0,2096.9624698206603
140820.0,2096.997425966638
140840.0,2097.0323821125953
140860.0,2097.06733825858
140880.0,2097.1022944046244
140900.0,2097.1372505506706
140920.0,2097.172206696672
140940.0,2097.2071628426183
140960.0,2097.2421189884826
140980.0,2097.277075134332
141000.0,2097.3120312802284
141020.0,2097.346987426092
141040.0,2097.3819435718915
141060.0,2097.4168997176866
141080.0,2097.4518558635236
141100.0,2097.486812009386
141120.0,2097.5217681552513
141140.0,2097.5567243011656
141160.0,2097.5916804471385
141180.0,2097.626636593115
141200.0,2097.661592739101
141220.0,2097.6965488851083
141240.0,2097.7315050311854
141260.0,2097.7664611773016
141280.0,2097.8014173233887
141300.0,2097.8363734694317
141320.0,2097.8713296153937
141340.0,2097.9062857612757
141360.0,2097.941241907127
141380.0,2097.9761980529506
141400.0,2098.011154198761
141420.0,2098.046110344573
141440.0,2098.0810664904006
141460.0,2098.1160226362917
141480.0,2098.1509787822483
141500.0,2098.1859349282013
141520.0,2098.2208910740956
141540.0,2098.255847219964
141560.0,2098.290803365873
141580.0,2098.3257595118075
141600.0,2098.3607156577204
141620.0,2098.3956718036598
141640.0,2098.430627949628
141660.0,2098.465584095553
141680.0,2098.5005402414376
141700.0,2098.5354963873497
141720.0,2098.5704525333117
141740.0,2098.605408679297
141760.0,2098.64036482529
141780.0,2098.675320971285
141800.0,2098.710277117247
141820.0,2098.7452332632038
141840.0,2098.780189409169
141860.0,2098.8151455551174
141880.0,2098.850101701085
141900.0,2098.8850578470638
141920.0,2098.920013993031
141940.0,2098.954970138945
141960.0,2098.989926284795
141980.0,2099.0248824305586
142000.0,2099.059838576307
142020.0,2099.0947947221443
142040.0,2099.1297508680514
142060.0,2099.1647070139697
142080.0,2099.1996631599022
142100.0,2099.2346193058556
142120.0,2099.2695754518177
142140.0,2099.3045315977965
142160.0,2099.339487743839
142180.0,2099.3744438899516
142200.0,2099.4094000360355
142220.0,2099.4443561820235
142240.0,2099.479312327921
142260.0,2099.514268473726
142280.0,2099.5492246194726
142300.0,2099.5841807652337
142320.0,2099.6191369110684
142340.0,2099.6540930569836
142360.0,2099.689049202946
142380.0,2099.724005348963
142400.0,2099.758961494984
142420.0,2099.793917640933
142440.0,2099.8288737867747
142460.0,2099.8638299326035
142480.0,2099.8987860784355
142500.0,2099.9337422243034
142520.0,2099.968698370226
142540.0,2100.0036545161793
142560.0,2100.038610662178
142580.0,2100.0735668082443
142600.0,2100.1085229543683
142620.0,2100.143479100482
142640.0,2100.178435246532
142660.0,2100.2133913925127
142680.0,2100.2483475384347
142700.0,2100.2833036843003
142720.0,2100.3182598301023
142740.0,2100.3532159758824
142760.0,2100.388172121717
142780.0,2100.423128267607
142800.0,2100.4580844135244
142820.0,2100.4930405594832
142840.0,2100.52799670546
142860.0,2100.5629528513978
142880.0,2100.597908997249
142900.0,2100.6328651430586
142920.0,2100.6678212889224
142940.0,2100.7027774348335
142960.0,2100.737733580758
142980.0,2100.7726897266607
143000.0,2100.8076458725764
143020.0,2100.8426020184893
143040.0,2100.8775581643918
143060.0,2100.9125143103406
143080.0,2100.947470456325
143100.0,2100.9824266023343
143120.0,2101.017382748396
143140.0,2101.0523388944544
143160.0,2101.08729504045
143180.0,2101.1222511863434
143200.0,2101.1572073321804
143220.0,2101.192163477993
143240.0,2101.22711962379
143260.0,2101.2620757696095
143280.0,2101.297031915479
143300.0,2101.3319880613767
143320.0,2101.3669442072505
143340.0,2101.4019003531394
143360.0,2101.436856499052
143380.0,2101.4718126449793
143400.0,2101.506768790927
143420.0,2101.541724936907
143440.0,2101.5766810828754
143460.0,2101.6116372288243
143480.0,2101.6465933748
143500.0,2101.681549520776
143520.0,2101.716505666694
143540.0,2101.751461812587
143560.0,2101.786417958442
143580.0,2101.821374104242
143600.0,2101.856330250034
143620.0,2101.891286395935
143640.0,2101.926242541924
143660.0,2101.96119868792
143680.0,2101.996154833895
143700.0,2102.0311109798567
143720.0,2102.0660671257738
143740.0,2102.101023271714
143760.0,2102.1359794177274
143780.0,2102.1709355637604
143800.0,2102.2058917097734
143820.0,2102.2408478558127
143840.0,2102.275804001866
143860.0,2102.3107601478837
143880.0,2102.345716293851
143900.0,2102.3806724397928
143920.0,2102.415628585698
143940.0,2102.450584731542
143960.0,2102.4855408773537
143980.0,2102.5204970231434
144000.0,2102.555453168942
144020.0,2102.5904093147806
144040.0,2102.625365460632
144060.0,2102.6603216064987
144080.0,2102.6952777524302
144100.0,2102.7302338984427
144120.0,2102.7651900444052
144140.0,2102.800146190288
144160.0,2102.835102336151
144180.0,2102.8700584820276
144200.0,2102.905014627965
144220.0,2102.939970773978
144240.0,2102.9749269200242
144260.0,2103.009883066079
144280.0,2103.0448392121334
144300.0,2103.079795358208
144320.0,2103.1147515042526
144340.0,2103.1497076501983
144360.0,2103.18466379604
144380.0,2103.219619941824
144400.0,2103.2545760876064
144420.0,2103.2895322334766
144440.0,2103.3244883794423
144460.0,2103.3594445254153
144480.0,2103.3944006713123
144500.0,2103.429356817178
144520.0,2103.4643129630467
144540.0,2103.4992691089296
144560.0,2103.5342252548257
144580.0,2103.5691814007264
144600.0,2103.604137546615
144620.0,2103.6390936925354
144640.0,2103.674049838549
144660.0,2103.7090059845964
144680.0,2103.743962130628
144700.0,2103.77891827663
144720.0,2103.8138744225816
144740.0,2103.8488305684414
144760.0,2103.8837867142806
144780.0,2103.918742860179
144800.0,2103.953699006143
144820.0,2103.9886551521076
144840.0,2104.023611298096
144860.0,2104.058567444102
144880.0,2104.0935235900633
144900.0,2104.1284797359867
144920.0,2104.1634358819338
144940.0,2104.198392027887
144960.0,2104.2333481737987
144980.0,2104.2683043196344
145000.0,2104.3032604654372
145020.0,2104.33821661119
145040.0,2104.373172756953
145060.0,2104.408128902836
145080.0,2104.4430850488034
145100.0,2104.4780411947986
145120.0,2104.512997340815
145140.0,2104.5479534868578
145160.0,2104.582909632916
145180.0,2104.6178657789474
145200.0,2104.652821924918
145220.0,2104.687778070819
145240.0,2104.722734216689
145260.0,2104.7576903625945
145280.0,2104.792646508493
145300.0,2104.827602654364
145320.0,2104.862558800216
145340.0,2104.897514946098
145360.0,2104.9324710920564
145380.0,2104.967427238079
145400.0,2105.0023833841024
145420.0,2105.037339530096
145440.0,2105.072295676032
145460.0,2105.1072518219357
145480.0,2105.142207967813
145500.0,2105.177164113617
145520.0,2105.212120259388
145540.0,2105.2470764051873
145560.0,2105.282032551014
145580.0,2105.3169886968476
145600.0,2105.351944842726
145620.0,2105.386900988722
145640.0,2105.421857134808
145660.0,2105.456813280895
145680.0,2105.4917694269025
145700.0,2105.5267255728786
145720.0,2105.561681718812
145740.0,2105.5966378647304
145760.0,2105.631594010636
145780.0,2105.666550156519
145800.0,2105.70150630244
145820.0,2105.7364624484444
145840.0,2105.7714185944496
145860.0,2105.806374740401
145880.0,2105.841330886314
145900.0,2105.8762870321975
145920.0,2105.911243178048
145940.0,2105.9461993238947
145960.0,2105.9811554698044
145980.0,2106.016111615749
146000.0,2106.051067761711
146020.0,2106.086023907664
146040.0,2106.120980053607
146060.0,2106.1559361995082
146080.0,2106.1908923453707
146100.0,2106.2258484912845
146120.0,2106.2608046371947
146140.0,2106.29576078309
146160.0,2106.3307169289806
146180.0,2106.3656730748203
146200.0,2106.400629220665
146220.0,2106.435585366582
146240.0,2106.4705415125572
146260.0,2106.5054976585807
146280.0,2106.540453804632
146300.0,2106.5754099506535
146320.0,2106.6103660966137
146340.0,2106.645322242507
146360.0,2106.68027838841
146380.0,2106.7152345343393
146400.0,2106.7501906802186
146420.0,2106.785146826068
146440.0,2106.820102971921
146460.0,2106.8550591177695
146480.0,2106.890015263637
146500.0,2106.924971409594
146520.0,2106.9599275556347
146540.0,2106.994883701646
146560.0,2107.029839847606
146580.0,2107.0647959935386
146600.0,2107.0997521394593
146620.0,2107.1347082853817
146640.0,2107.1696644313038
146660.0,2107.204620577225
146680.0,2107.2395767231815
146700.0,2107.2745328692354
146720.0,2107.3094890153725
146740.0,2107.3444451615205
146760.0,2107.379401307584
146780.0,2107.414357453523
146800.0,2107.4493135993744
146820.0,2107.4842697451536
146840.0,2107.5192258909406
146860.0,2107.5541820367844
146880.0,2107.5891381826473
146900.0,2107.624094328505
146920.0,2107.659050474401
146940.0,2107.694006620307
146960.0,2107.728962766208
146980.0,2107.76391891214
147000.0,2107.798875058089
147020.0,2107.833831204023
147040.0,2107.868787349934
147060.0,2107.9037434958273
147080.0,2107.938699641713
147100.0,2107.9736557876013
147120.0,2108.0086119334687
147140.0,2108.043568079301
147160.0,2108.078524225129
147180.0,2108.113480371003
147200.0,2108.1484365169476
147220.0,2108.183392662925
147240.0,2108.218348808899
147260.0,2108.2533049548983
147280.0,2108.2882611008927
147300.0,2108.323217246881
147320.0,2108.3581733928736
147340.0,2108.393129538797
147360.0,2108.428085684602
147380.0,2108.4630418303814
147400.0,2108.4979979762225
147420.0,2108.5329541221267
147440.0,2108.5679102680306
147460.0,2108.6028664139185
147480.0,2108.6378225598096
147500.0,2108.672778705659
147520.0,2108.70773485154
147540.0,2108.7426909975743
147560.0,2108.777647143692
147580.0,2108.812603289752
147600.0,2108.8475594357656
147620.0,2108.8825155817426
147640.0,2108.917471727693
147660.0,2108.9524278735994
147680.0,2108.987384019468
147700.0,2109.0223401653625
147720.0,2109.057296311311
147740.0,2109.092252457307
147760.0,2109.1272086033473
147780.0,2109.162164749395
147800.0,2109.1971208953773
147820.0,2109.232077041269
147840.0,2109.267033187076
147860.0,2109.3019893328938
147880.0,2109.3369454787935
147900.0,2109.371901624759
147920.0,2109.406857770741
147940.0,2109.4418139167665
147960.0,2109.4767700628463
147980.0,2109.5117262088756
148000.0,2109.5466823547986
148020.0,2109.581638500693
148040.0,2109.6165946465844
148060.0,2109.6515507924387
148080.0,2109.686506938263
148100.0,2109.7214630840635
148120.0,2109.7564192298564
148140.0,2109.7913753757125
148160.0,2109.8263315216473
148180.0,2109.8612876676225
148200.0,2109.896243813616
148220.0,2109.9311999595748
148240.0,2109.966156105441
148260.0,2110.0011122512265
148280.0,2110.0360683970366
148300.0,2110.0710245429013
148320.0,2110.1059806887756
148340.0,2110.1409368346654
148360.0,2110.1758929805906
148380.0,2110.210849126558
148400.0,2110.245805272574
148420.0,2110.2807614186268
148440.0,2110.315717564662
148460.0,2110.3506737106977
148480.0,2110.385629856747
148500.0,2110.420586002757
148520.0,2110.4555421486643
148540.0,2110.4904982944945
148560.0,2110.5254544402787
148580.0,2110.560410586072
148600.0,2110.5953667319254
148620.0,2110.6303228778725
148640.0,2110.6652790239023
148660.0,2110.700235169935
148680.0,2110.7351913159246
148700.0,2110.7701474618775
148720.0,2110.8051036077923
148740.0,2110.840059753665
148760.0,2110.8750158995285
148780.0,2110.909972045408
148800.0,2110.9449281913344
148820.0,2110.9798843373133
148840.0,2111.0148404833485
148860.0,2111.049796629392
148880.0,2111.0847527753544
148900.0,2111.1197089212415
148920.0,2111.154665067116
148940.0,2111.1896212130464
148960.0,2111.224577359056
148980.0,2111.2595335051383
149000.0,2111.294489651155
149020.0,2111.3294457970705
149040.0,2111.3644019429785
149060.0,2111.3993580889014
149080.0,2111.4343142347752
149100.0,2111.469270380636
149120.0,2111.5042265264915
149140.0,2111.53918267233
149160.0,2111.574138818195
149180.0,2111.609094964103
149200.0,2111.644051110071
149220.0,2111.6790072560475
149240.0,2111.7139634019977
149260.0,2111.74891954786
149280.0,2111.7838756936812
149300.0,2111.818831839505
149320.0,2111.853787985373
149340.0,2111.8887441312636
149360.0,2111.9237002771224
149380.0,2111.9586564229676
149400.0,2111.9936125688073
149420.0,2112.028568714644
149440.0,2112.063524860539
149460.0,2112.098481006518
149480.0,2112.133437152565
149500.0,2112.1683932986543
149520.0,2112.2033494447755
149540.0,2112.2383055908717
149560.0,2112.2732617368756
149580.0,2112.308217882778
149600.0,2112.34317402862
149620.0,2112.3781301744316
149640.0,2112.413086320244
149660.0,2112.448042466114
149680.0,2112.4829986120067
149700.0,2112.5179547578605
149720.0,2112.5529109037207
149740.0,2112.58786704965
149760.0,2112.62282319565
149780.0,2112.65777934169
149800.0,2112.6927354877103
149820.0,2112.7276916336546
149840.0,2112.7626477794793
149860.0,2112.797603925216
149880.0,2112.832560070956
149900.0,2112.8675162167433
149920.0,2112.9024723626744
149940.0,2112.9374285087156
149960.0,2112.9723846547713
149980.0,2113.0073408007806
150000.0,2113.042296946746
150020.0,2113.077253092687
150040.0,2113.1122092386345
150060.0,2113.147165384631
150080.0,2113.1821215307
150100.0,2113.2170776767716
150120.0,2113.2520338227646
150140.0,2113.2869899686934
150160.0,2113.321946114588
150180.0,2113.356902260482
150200.0,2113.391858406416
150220.0,2113.4268145523756
150240.0,2113.4617706983404
150260.0,2113.496726844282
150280.0,2113.531682990217
150300.0,2113.566639136154
150320.0,2113.6015952820717
150340.0,2113.6365514279432
150360.0,2113.6715075737948
150380.0,2113.7064637196495
150400.0,2113.741419865544
150420.0,2113.7763760115167
150440.0,2113.8113321575483
150460.0,2113.8462883035654
150480.0,2113.8812444495607
150500.0,2113.916200595526
150520.0,2113.951156741431
150540.0,2113.9861128872494
150560.0,2114.021069032992
150580.0,2114.05602517869
150600.0,2114.0909813244634
150620.0,2114.1259374703495
150640.0,2114.1608936162825
150660.0,2114.195849762172
150680.0,2114.2308059080306
150700.0,2114.2657620539117
150720.0,2114.300718199818
150740.0,2114.3356743457493
150760.0,2114.370630491757
150780.0,2114.405586637783
150800.0,2114.4405427837573
150820.0,2114.475498929729
150840.0,2114.51045507571
150860.0,2114.5454112216967
150880.0,2114.5803673676814
150900.0,2114.615323513683
150920.0,2114.6502796596906
150940.0,2114.6852358056794
150960.0,2114.720191951624
150980.0,2114.755148097523
151000.0,2114.790104243399
151020.0,2114.825060389284
151040.0,2114.8600165352204
151060.0,2114.894972681188
151080.0,2114.929928827115
151100.0,2114.96488497301
151120.0,2114.9998411189017
151140.0,2115.034797264778
151160.0,2115.069753410695
151180.0,2115.1047095566864
151200.0,2115.1396657026817
151220.0,2115.1746218486933
151240.0,2115.209577994702
151260.0,2115.2445341406756
151280.0,2115.279490286607
151300.0,2115.314446432521
151320.0,2115.3494025784266
151340.0,2115.384358724361
151360.0,2115.4193148703025
151380.0,2115.4542710162236
151400.0,2115.4892271620815
151420.0,2115.5241833078785
151440.0,2115.5591394536796
151460.0,2115.5940955995397
151480.0,2115.629051745416
151500.0,2115.6640078913065
151520.0,2115.6989640372276
151540.0,2115.7339201831896
151560.0,2115.7688763292253
151580.0,2115.8038324753315
151600.0,2115.838788621424
151620.0,2115.873744767438
151640.0,2115.908700913336
151660.0,2115.9436570591715
151680.0,2115.978613204999
151700.0,2116.013569350823
151720.0,2116.048525496624
151740.0,2116.0834816424563
151760.0,2116.1184377883314
151780.0,2116.1533939342726
151800.0,2116.1883500802587
151820.0,2116.2233062262017
151840.0,2116.258262372084
151860.0,2116.293218517969
151880.0,2116.32817466388
151900.0,2116.363130809804
151920.0,2116.39808695573
151940.0,2116.4330431016797
151960.0,2116.46799924762
151980.0,2116.502955393512
152000.0,2116.5379115393985
152020.0,2116.5728676852946
152040.0,2116.607823831179
152060.0,2116.6427799771213
152080.0,2116.677736123157
152100.0,2116.712692269219
152120.0,2116.747648415255
152140.0,2116.7826045612233
152160.0,2116.8175607071316
152180.0,2116.8525168530323
152200.0,2116.887472998938
152220.0,2116.9224291448472
152240.0,2116.9573852907292
152260.0,2116.992341436565
152280.0,2117.027297582396
152300.0,2117.062253728258
152320.0,2117.0972098741977
152340.0,2117.132166020173
152360.0,2117.1671221661586
152380.0,2117.2020783121093
152400.0,2117.2370344580263
152420.0,2117.2719906039774
152440.0,2117.3069467499727
152460.0,2117.3419028959843
152480.0,2117.3768590419927
152500.0,2117.411815187979
152520.0,2117.4467713339372
152540.0,2117.48172747985
152560.0,2117.5166836256853
152580.0,2117.551639771485
152600.0,2117.5865959173316
152620.0,2117.621552063252
152640.0,2117.6565082092225
152660.0,2117.6914643551418
152680.0,2117.7264205010056
152700.0,2117.761376646819
152720.0,2117.79633279258
152740.0,2117.8312889383838
152760.0,2117.866245084233
152780.0,2117.9012012301223
152800.0,2117.9361573760543
152820.0,2117.971113522067
152840.0,2118.0060696681403
152860.0,2118.04102581419
152880.0,2118.0759819602404
152900.0,2118.1109381062793
152920.0,2118.1458942522827
152940.0,2118.180850398253
152960.0,2118.2158065442063
152980.0,2118.2507626901415
153000.0,2118.2857188360367
153020.0,2118.320674981917
153040.0,2118.3556311278107
153060.0,2118.39058727369
153080.0,2118.4255434195675
153100.0,2118.4604995655063
153120.0,2118.4954557115016
153140.0,2118.5304118574995
153160.0,2118.5653680035143
153180.0,2118.600324149541
153200.0,2118.6352802955284
153220.0,2118.6702364414755
153240.0,2118.7051925874066
153260.0,2118.74014873328
153280.0,2118.7751048790856
153300.0,2118.810061024923
153320.0,2118.845017170811
153340.0,2118.8799733167
153360.0,2118.914929462582
153380.0,2118.9498856085015
153400.0,2118.9848417544736
153420.0,2119.0197979004706
153440.0,2119.0547540465022
153460.0,2119.0897101925248
153480.0,2119.1246663384936
153500.0,2119.159622484433
153520.0,2119.194578630361
153540.0,2119.229534776242
153560.0,2119.264490922076
153580.0,2119.299447067905
153600.0,2119.3344032137743
153620.0,2119.3693593597145
153640.0,2119.4043155057116
153660.0,2119.4392716517123
153680.0,2119.474227797706
153700.0,2119.5091839436946
153720.0,2119.5441400896775
153740.0,2119.5790962356236
153760.0,2119.6140523815184
153780.0,2119.649008527358
153800.0,2119.6839646731723
153820.0,2119.7189208189893
153840.0,2119.7538769648927
153860.0,2119.788833110906
153880.0,2119.8237892569628
153900.0,2119.8587454029753
153920.0,2119.893701548924
153940.0,2119.928657694849
153960.0,2119.9636138407413
153980.0,2119.9985699866284
154000.0,2120.033526132509
154020.0,2120.068482278407
154040.0,2120.1034384243303
154060.0,2120.1383945702482
154080.0,2120.173350716107
154100.0,2120.208306861913
154120.0,2120.243263007758
154140.0,2120.2782191536835
154160.0,2120.3131752996387
154180.0,2120.348131445575
154200.0,2120.3830875914846
154220.0,2120.4180437374043
154240.0,2120.4529998832995
154260.0,2120.4879560291324
154280.0,2120.522912174926
154300.0,2120.557868320694
154320.0,2120.59282446651
154340.0,2120.627780612424
154360.0,2120.6627367583633
154380.0,2120.6976929042976
154400.0,2120.7326490502583
154420.0,2120.7676051962744
154440.0,2120.802561342307
154460.0,2120.837517488323
154480.0,2120.8724736343347
154500.0,2120.907429780316
154520.0,2120.942385926262
154540.0,2120.9773420722345
154560.0,2121.012298218262
154580.0,2121.047254364332
154600.0,2121.0822105104335
154620.0,2121.117166656505
154640.0,2121.1521228025113
154660.0,2121.1870789484387
154680.0,2121.2220350942493
154700.0,2121.2569912399617
154720.0,2121.2919473856327
154740.0,2121.3269035313156
154760.0,2121.361859677033
154780.0,2121.396815822831
154800.0,2121.431771968736
154820.0,2121.4667281147713
154840.0,2121.501684260874
154860.0,2121.5366404069473
154880.0,2121.571596552943
154900.0,2121.60655269884
154920.0,2121.641508844652
154940.0,2121.6764649904303
154960.0,2121.7114211362723
154980.0,2121.746377282211
155000.0,2121.781333428212
155020.0,2121.816289574221
155040.0,2121.851245720184
155060.0,2121.886201866139
155080.0,2121.9211580121223
155100.0,2121.9561141581544
155120.0,2121.9910703041915
155140.0,2122.0260264502076
155160.0,2122.060982596193
155180.0,2122.0959387421585
155200.0,2122.130894888121
155220.0,2122.1658510340603
155240.0,2122.2008071800165
155260.0,2122.2357633259603
155280.0,2122.270719471855
155300.0,2122.3056756177525
155320.0,2122.3406317636645
155340.0,2122.375587909582
155360.0,2122.4105440554677
155380.0,2122.4455002012905
155400.0,2122.4804563471107
155420.0,2122.515412492977
155440.0,2122.5503686388847
155460.0,2122.5853247848036
155480.0,2122.620280930683
155500.0,2122.6552370765335
155520.0,2122.6901932223645
155540.0,2122.725149368179
155560.0,2122.7601055140176
155580.0,2122.795061659954
155600.0,2122.83001780598
155620.0,2122.864973952028
155640.0,2122.899930098017
155660.0,2122.9348862439374
155680.0,2122.969842389857
155700.0,2123.004798535847
155720.0,2123.0397546818776
155740.0,2123.074710827877
155760.0,2123.1096669738426
155780.0,2123.1446231198047
155800.0,2123.1795792657094
155820.0,2123.214535411537
155840.0,2123.24949155738
155860.0,2123.284447703258
155880.0,2123.319403849158
155900.0,2123.3543599950717
155920.0,2123.3893161409533
155940.0,2123.424272286806
155960.0,2123.4592284326086
155980.0,2123.49418457844
156000.0,2123.529140724363
156020.0,2123.56409687034
156040.0,2123.5990530163267
156060.0,2123.6340091623592
156080.0,2123.668965308398
156100.0,2123.703921454383
156120.0,2123.7388776003418
156140.0,2123.7738337463184
156160.0,2123.8087898922654
156180.0,2123.843746038153
156200.0,2123.878702184006
156220.0,2123.9136583298614
156240.0,2123.948614475747
156260.0,2123.9835706216804
156280.0,2124.0185267675943
156300.0,2124.0534829134535
156320.0,2124.0884390592896
156340.0,2124.1233952051607
156360.0,2124.15835135106
156380.0,2124.193307496981
156400.0,2124.2282636429336
156420.0,2124.2632197889075
156440.0,2124.2981759348777
156460.0,2124.3331320808543
156480.0,2124.368088226827
156500.0,2124.403044372788
156520.0,2124.438000518739
156540.0,2124.472956664655
156560.0,2124.507912810566
156580.0,2124.5428689564833
156600.0,2124.5778251024376
156620.0,2124.6127812484383
156640.0,2124.647737394439
156660.0,2124.6826935404342
156680.0,2124.7176496864518
156700.0,2124.7526058324456
156720.0,2124.7875619783904
156740.0,2124.822518124297
156760.0,2124.857474270156
156780.0,2124.892430415982
156800.0,2124.9273865617947
156820.0,2124.9623427076217
156840.0,2124.9972988534496
156860.0,2125.0322549992816
156880.0,2125.0672111451604
156900.0,2125.102167291116
156920.0,2125.1371234371
156940.0,2125.1720795830975
156960.0,2125.207035729133
156980.0,2125.241991875172
157000.0,2125.2769480211614
157020.0,2125.3119041670707
157040.0,2125.3468603129836
157060.0,2125.3818164589425
157080.0,2125.416772604914
157100.0,2125.451728750865
157120.0,2125.4866848967913
157140.0,2125.5216410427033
157160.0,2125.5565971886017
157180.0,2125.5915533344714
157200.0,2125.626509480347
157220.0,2125.6614656262655
157240.0,2125.696421772179
157260.0,2125.731377918082
157280.0,2125.7663340640065
157300.0,2125.8012902100136
157320.0,2125.836246356063
157340.0,2125.871202502103
157360.0,2125.9061586480993
157380.0,2125.9411147940523
157400.0,2125.9760709399957
157420.0,2126.0110270859227
157440.0,2126.0459832318365
157460.0,2126.0809393777045
157480.0,2126.1158955235483
157500.0,2126.1508516694016
157520.0,2126.1858078152877
157540.0,2126.220763961217
157560.0,2126.2557201071945
157580.0,2126.290676253213
157600.0,2126.325632399246
157620.0,2126.360588545291
157640.0,2126.3955446913683
157660.0,2126.4305008374276
157680.0,2126.465456983357
157700.0,2126.5004131291416
157720.0,2126.535369274857
157740.0,2126.570325420535
157760.0,2126.605281566194
157780.0,2126.640237711884
157800.0,2126.675193857653
157820.0,2126.7101500035083
157840.0,2126.745106149457
157860.0,2126.7800622954837
157880.0,2126.815018441565
157900.0,2126.8499745876748
157920.0,2126.8849307337905
157940.0,2126.919886879846
157960.0,2126.954843025758
157980.0,2126.989799171558
158000.0,2127.0247553173676
158020.0,2127.0597114632396
158040.0,2127.0946676092
158060.0,2127.129623755205
158080.0,2127.1645799011876
158100.0,2127.1995360471365
158120.0,2127.234492193099
158140.0,2127.269448339087
158160.0,2127.3044044850176
158180.0,2127.3393606308737
158200.0,2127.374316776711
158220.0,2127.4092729225185
158240.0,2127.4442290683337
158260.0,2127.4791852142093
158280.0,2127.5141413600877
158300.0,2127.5490975059574
158320.0,2127.5840536518417
158340.0,2127.6190097977837
158360.0,2127.6539659437894
158380.0,2127.6889220898456
158400.0,2127.723878235915
158420.0,2127.7588343819634
158440.0,2127.793790527935
158460.0,2127.8287466738643
158480.0,2127.8637028197872
158500.0,2127.898658965706
158520.0,2127.9336151115813
158540.0,2127.9685712573973
158560.0,2128.0035274031934
158580.0,2128.0384835489976
158600.0,2128.0734396948355
158620.0,2128.1083958407185
158640.0,2128.1433519866105
158660.0,2128.178308132503
158680.0,2128.213264278434
158700.0,2128.248220424385
158720.0,2128.283176570387
158740.0,2128.318132716426
158760.0,2128.35308886246
158780.0,2128.3880450084284
158800.0,2128.4230011543414
158820.0,2128.4579573002547
158840.0,2128.4929134461445
158860.0,2128.527869592011
158880.0,2128.562825737901
158900.0,2128.597781883782
158920.0,2128.6327380296584
158940.0,2128.667694175641
158960.0,2128.7026503217216
158980.0,2128.7376064678097
159000.0,2128.772562613884
159020.0,2128.8075187599425
159040.0,2128.842474905924
159060.0,2128.8774310518393
159080.0,2128.912387197751
159100.0,2128.947343343644
159120.0,2128.982299489527
159140.0,2129.017255635436
159160.0,2129.0522117813916
159180.0,2129.087167927356
159200.0,2129.1221240732434
159220.0,2129.1570802190845
159240.0,2129.192036364916
159260.0,2129.226992510789
159280.0,2129.2619486567482
159300.0,2129.296904802716
159320.0,2129.3318609486278
159340.0,2129.366817094466
159360.0,2129.401773240249
159380.0,2129.4367293860278
159400.0,2129.4716855318557
159420.0,2129.506641677748
159440.0,2129.5415978236574
159460.0,2129.576553969588
159480.0,2129.611510115576
159500.0,2129.6464662616154
159520.0,2129.681422407656
159540.0,2129.7163785536713
159560.0,2129.7513346996925
159580.0,2129.7862908457346
159600.0,2129.8212469917257
159620.0,2129.8562031376136
159640.0,2129.8911592834525
159660.0,2129.926115429321
159680.0,2129.9610715752588
159700.0,2129.9960277212663
159720.0,2130.030983867285
159740.0,2130.0659400132567
159760.0,2130.1008961591842
159780.0,2130.135852305107
159800.0,2130.170808451036
159820.0,2130.2057645969376
159840.0,2130.2407207428437
159860.0,2130.2756768887793
159880.0,2130.3106330347264
159900.0,2130.34558918065
159920.0,2130.3805453265395
159940.0,2130.415501472404
159960.0,2130.4504576182967
159980.0,2130.4854137642474
160000.0,2130.520369910234
160020.0,2130.5553260562383
160040.0,2130.590282202212
160060.0,2130.6252383481797
160080.0,2130.6601944941344
160100.0,2130.6951506400787
160120.0,2130.7301067860417
160140.0,2130.7650629319855
160160.0,2130.8000190779076
160180.0,2130.8349752238228
160200.0,2130.8699313697357
160220.0,2130.904887515659
160240.0,2130.9398436615897
160260.0,2130.9747998074854
160280.0,2131.0097559533356
160300.0,2131.0447120992017
160320.0,2131.0796682451314
160340.0,2131.1146243911376
160360.0,2131.1495805372083
160380.0,2131.1845366832704
160400.0,2131.2194928292265
160420.0,2131.254448975071
160440.0,2131.2894051208505
160460.0,2131.3243612666374
160480.0,2131.3593174124744
160500.0,2131.394273558347
160520.0,2131.429229704211
160540.0,2131.4641858500363
160560.0,2131.499141995846
160580.0,2131.5340981417507
160600.0,2131.569054287863
160620.0,2131.6040104341714
160640.0,2131.6389665806037
160660.0,2131.673922727059
160680.0,2131.7088788733754
160700.0,2131.743835019382
160720.0,2131.778791164961
160740.0,2131.81374730995
160760.0,2131.8487034541895
160780.0,2131.8836595976363
160800.0,2131.9186157405593
160820.0,2131.953571883557
160840.0,2131.988528027597
160860.0,2132.023484174047
160880.0,2132.058440324409
160900.0,2132.093396479815
160920.0,2132.128352640476
160940.0,2132.1633088049975
160960.0,2132.1982649698275
160980.0,2132.2332211290623
161000.0,2132.268177274849
161020.0,2132.303133398509
161040.0,2132.338089492759
161060.0,2132.373045554962
161080.0,2132.408001591142
161100.0,2132.442957619597
161120.0,2132.4779136730126
161140.0,2132.5128697974296
161160.0,2132.547826046065
161180.0,2132.582782466936
161200.0,2132.6177390841294
161220.0,2132.6526958743525
161240.0,2132.687652743457
161260.0,2132.7226095104884
161280.0,2132.757565909114
161300.0,2132.7925216175004
161320.0,2132.8274763256377
161340.0,2132.8624298427694
161360.0,2132.8973822364505
161380.0,2132.9323339794837
161400.0,2132.967286062637
161420.0,2133.0022400142902
161440.0,2133.037197759965
161460.0,2133.072161262607
161480.0,2133.1071319158586
161500.0,2133.1421097242865
161520.0,2133.1770923949816
161540.0,2133.2120745747006
161560.0,2133.247047572785
161580.0,2133.2819999761864
161600.0,2133.3169195412493
161620.0,2133.3517965879037
161640.0,2133.3866287856927
161660.0,2133.421426701692
161680.0,2133.4562188243717
161700.0,2133.4910541055406
161720.0,2133.5259995830716
161740.0,2133.561130636486
161760.0,2133.596512198126
161780.0,2133.6321710552197
161800.0,2133.6680623308757
161820.0,2133.704037119808
161840.0,2133.7398224380395
161860.0,2133.775027972161
161880.0,2133.8091949561194
161900.0,2133.8418989663014
161920.0,2133.8729087883376
161940.0,2133.9023868866702
161960.0,2133.9310941827757
161980.0,2133.9605361088297
162000.0,2133.9929646226183
162020.0,2134.031141465902
162040.0,2134.0777828512255
162060.0,2134.134656047345
162080.0,2134.2013909294737
162100.0,2134.274202310514
162120.0,2134.3448752964896
162140.0,2134.4005111490756
162160.0,2134.424611142435
162180.0,2134.4000222764917
162200.0,2134.314011311973
162220.0,2134.165221914703
162240.0,2133.971501859706
162260.0,2133.7766422707746
162280.0,2133.653135935272
162300.0,2133.697442361154
162320.0,2134.014345928393
162340.0,2134.6882429139887
162360.0,2135.7419356646433
162380.0,2137.0878287752967
162400.0,2138.481932733945
162420.0,2139.4967599073098
162440.0,2139.533275465979
162460.0,2137.892094549849
162480.0,2133.9172940315793
162500.0,2127.210005165697
162520.0,2117.882048216837
162540.0,2106.783247129376
162560.0,2095.594032536076
162580.0,2086.6383099241293
162600.0,2082.3378406246266
162620.0,2084.5272293029184
162640.0,2093.8786002011775
162660.0,2109.5936963462655
162680.0,2129.250704100413
162700.0,2148.688366441985
162720.0,2162.058482922341
162740.0,2162.306962677685
162760.0,2142.1658227661724
162780.0,2095.626118161074
162800.0,2019.74372267659
162820.0,1916.3699674369268
162840.0,1793.0402251474752
162860.0,1661.9755639458574
162880.0,1537.031846956893
162900.0,1429.9125232228494
162920.0,1347.3896790981246
162940.0,1290.7799923331877
162960.0,1257.1147965091982
162980.0,1240.965195918558
163000.0,1236.1968626951543
163020.0,1237.272551775076
163040.0,1239.991905479698
163060.0,1241.7147201414696
163080.0,1241.1993246998284
163100.0,1238.2390954374264
163120.0,1233.265051816962
163140.0,1226.9988127092095
163160.0,1220.1865765879584
163180.0,1213.4311405633014
163200.0,1207.1330273115677
163220.0,1201.519163604175
163240.0,1196.705618071684
163260.0,1192.754356881271
163280.0,1189.7149147797404
163300.0,1187.6404630233724
163320.0,1186.567115828385
163340.0,1186.4655794459395
163360.0,1187.193025572107
163380.0,1188.4599786092986
163400.0,1189.8258860829058
163420.0,1190.743646551145
163440.0,1190.6666710371005
163460.0,1189.2293769147925
163480.0,1186.4847667093254
163500.0,1183.1579918819841
163520.0,1180.8520541204423
163540.0,1182.1213815664962
163560.0,1190.3203071347575
163580.0,1209.1531837921991
163600.0,1241.9033895150849
163620.0,1290.4052138893148
163640.0,1354.002940745318
163660.0,1428.9564241298888
163680.0,1508.812466941997
163700.0,1585.9416087100567
163720.0,1653.5116005428947
163740.0,1707.1779028238757
163760.0,1746.9020817300564
163780.0,1777.4850184828952
163800.0,1806.2134185658772
163820.0,1838.8742400785675
163840.0,1877.2803009824765
163860.0,1919.4490678006066
163880.0,1961.281036897112
163900.0,1998.568248371419
163920.0,2028.47017247585
163940.0,2050.0112113258483
163960.0,2063.8444715048536
163980.0,2071.688554860935
164000.0,2075.6919795224157
164020.0,2077.8982596700844
164040.0,2079.87568221861
164060.0,2082.5398827694967
164080.0,2086.1943000317215
164100.0,2090.7240949930624
164120.0,2095.782726788184
164140.0,2100.8629472238563
164160.0,2105.3703543084494
164180.0,2108.81343177481
164200.0,2111.090184168233
164220.0,2112.5756216319314
164240.0,2113.920622456789
164260.0,2115.788514108785
164280.0,2118.6219257582197
164300.0,2122.593922779218
164320.0,2127.639583416214
164340.0,2133.4035823106537
164360.0,2139.132801357383
164380.0,2143.6767358035
164400.0,2145.7040000949196
164420.0,2144.08485986666
164440.0,2138.2465661905017
164460.0,2128.45131047873
164480.0,2115.8977333215716
164500.0,2102.444992112403
164520.0,2089.996914520909
164540.0,2079.9264228416964
164560.0,2072.856270718588
164580.0,2068.7336258257196
164600.0,2067.046349820343
164620.0,2067.067236524091
164640.0,2068.0581522880075
164660.0,2069.4044616630204
164680.0,2070.677652708064
164700.0,2071.6402400258758
164720.0,2072.2135211052596
164740.0,2072.4283618798427
164760.0,2072.3748226012926
164780.0,2072.1605989464565
164800.0,2071.882709607563
164820.0,2071.612601910935
164840.0,2071.3922100018735
164860.0,2071.2373682582856
164880.0,2071.14498781684
164900.0,2071.1011000702906
164920.0,2071.087851817949
164940.0,2071.088500530498
164960.0,2071.090225045005
164980.0,2071.0850660791443
165000.0,2071.069551259352
165020.0,2071.0435965588103
165040.0,2071.009183244739
165060.0,2070.9691561098343
165080.0,2070.926328683654
165100.0,2070.882948116429
165120.0,2070.840481689786
165140.0,2070.799639399978
165160.0,2070.7605349489036
165180.0,2070.7228991440766
165200.0,2070.686283490201
165220.0,2070.650218241777
165240.0,2070.6143121602136
165260.0,2070.57829759795
165280.0,2070.5420337357236
165300.0,2070.505483872692
165320.0,2070.4686814361094
165340.0,2070.431695777428
165360.0,2070.3946044919826
165380.0,2070.357475069516
165400.0,2070.320355758426
165420.0,2070.2832737815984
165440.0,2070.2462383468123
165460.0,2070.209245971948
165480.0,2070.172286174928
165500.0,2070.1353462776347
165520.0,2070.0984147393337
165540.0,2070.0614829521073
165560.0,2070.0245457567135
165580.0,2069.987601083893
165600.0,2069.950649136138
165620.0,2069.9136914508827
165640.0,2069.8767300742284
165660.0,2069.8397669620467
165680.0,2069.802803635318
165700.0,2069.765841055999
165720.0,2069.728879660621
165740.0,2069.6919194830084
165760.0,2069.6549603067047
165780.0,2069.6180018060004
165800.0,2069.5810436524575
165820.0,2069.5440855798192
165840.0,2069.5071274112647
165860.0,2069.470169058541
165880.0,2069.4332105041126
165900.0,2069.3962517765694
165920.0,2069.3592929267807
165940.0,2069.322334009312
165960.0,2069.2853750703484
165980.0,2069.2484161420066
166000.0,2069.2114572416485
166020.0,2069.1744983743906
166040.0,2069.1375395369346
166060.0,2069.1005807214915
166080.0,2069.063621918957
166100.0,2069.026663121299
166120.0,2068.989704322842
166140.0,2068.9527455202565
166160.0,2068.9157867122913
166180.0,2068.87882789926
166200.0,2068.8418690822723
166220.0,2068.8049102627638
166240.0,2068.767951442181
166260.0,2068.730992621686
166280.0,2068.6940338018867
166300.0,2068.6570749829216
166320.0,2068.620116164728
166340.0,2068.5831573471305
166360.0,2068.5461985299435
166380.0,2068.509239712987
166400.0,2068.472280896095
166420.0,2068.4353220792286
166440.0,2068.3983632622776
166460.0,2068.3614044451556
166480.0,2068.324445627923
166500.0,2068.287486810646
166520.0,2068.2505279933457
166540.0,2068.213569176063
166560.0,2068.1766103588275
166580.0,2068.139651541561
166600.0,2068.1026927242356
166620.0,2068.0657339068603
166640.0,2068.0287750895004
166660.0,2067.991816272162
166680.0,2067.9548574548144
166700.0,2067.9178986373786
166720.0,2067.8809398198437
166740.0,2067.843981002301
166760.0,2067.8070221848416
166780.0,2067.7700633674904
166800.0,2067.733104550195
166820.0,2067.6961457329444
166840.0,2067.6591869157282
166860.0,2067.622228098531
166880.0,2067.5852692813028
166900.0,2067.548310464
166920.0,2067.5113516466718
166940.0,2067.474392829357
166960.0,2067.4374340120476
166980.0,2067.400475194706
167000.0,2067.36351637734
167020.0,2067.3265575599544
167040.0,2067.2895987425472
167060.0,2067.252639925152
167080.0,2067.2156811078007
167100.0,2067.1787222905423
167120.0,2067.1417634734025
167140.0,2067.1048046563315
167160.0,2067.0678458392404
167180.0,2067.0308870220792
167200.0,2066.9939282048495
167220.0,2066.956969387543
167240.0,2066.9200105701857
167260.0,2066.883051752801
167280.0,2066.846092935422
167300.0,2066.8091341180816
167320.0,2066.7721753008045
167340.0,2066.735216483533
167360.0,2066.698257666169
167380.0,2066.661298848709
167400.0,2066.624340031199
167420.0,2066.5873812137243
167440.0,2066.5504223963358
167460.0,2066.5134635790355
167480.0,2066.476504761809
167500.0,2066.4395459446205
167520.0,2066.402587127467
167540.0,2066.3656283102864
167560.0,2066.328669493033
167580.0,2066.291710675694
167600.0,2066.254751858328
167620.0,2066.2177930409516
167640.0,2066.1808342235277
167660.0,2066.1438754060787
167680.0,2066.106916588664
167700.0,2066.069957771283
167720.0,2066.0329989538905
167740.0,2065.9960401364756
167760.0,2065.959081319079
167780.0,2065.922122501718
167800.0,2065.8851636844274
167820.0,2065.8482048672186
167840.0,2065.8112460500383
167860.0,2065.7742872328554
167880.0,2065.7373284156497
167900.0,2065.700369598431
167920.0,2065.6634107811988
167940.0,2065.6264519639417
167960.0,2065.5894931466796
167980.0,2065.552534329431
168000.0,2065.5155755121923
168020.0,2065.478616694924
168040.0,2065.441657877631
168060.0,2065.404699060298
168080.0,2065.3677402429294
168100.0,2065.330781425596
168120.0,2065.2938226082856
168140.0,2065.256863790953
168160.0,2065.219904973617
168180.0,2065.1829461562693
168200.0,2065.145987338852
168220.0,2065.1090285214077
168240.0,2065.0720697039696
168260.0,2065.0351108865757
168280.0,2064.9981520692327
168300.0,2064.9611932518624
168320.0,2064.9242344343884
168340.0,2064.8872756168785
168360.0,2064.850316799418
168380.0,2064.8133579820164
168400.0,2064.776399164658
168420.0,2064.739440347399
168440.0,2064.702481530244
168460.0,2064.665522713149
168480.0,2064.6285638960157
168500.0,2064.591605078801
168520.0,2064.5546462615566
168540.0,2064.517687444321
168560.0,2064.4807286271107
168580.0,2064.4437698099223
168600.0,2064.406810992685
168620.0,2064.3698521753804
168640.0,2064.3328933580524
168660.0,2064.295934540717
168680.0,2064.258975723346
168700.0,2064.222016905923
168720.0,2064.185058088463
168740.0,2064.148099271003
168760.0,2064.111140453573
168780.0,2064.07418163615
168800.0,2064.0372228186984
168820.0,2064.000264001304
168840.0,2063.9633051840333
168860.0,2063.926346366806
168880.0,2063.8893875495683
168900.0,2063.8524287322916
168920.0,2063.815469914972
168940.0,2063.778511097626
168960.0,2063.741552280236
168980.0,2063.7045934628372
169000.0,2063.6676346454874
169020.0,2063.630675828249
169040.0,2063.5937170110537
169060.0,2063.5567581937803
169080.0,2063.519799376466
169100.0,2063.482840559166
169120.0,2063.44588174192
169140.0,2063.4089229247265
169160.0,2063.371964107471
169180.0,2063.335005290198
169200.0,2063.298046472938
169220.0,2063.2610876556782
169240.0,2063.224128838408
169260.0,2063.1871700210736
169280.0,2063.1502112036787
169300.0,2063.113252386275
169320.0,2063.0762935688826
169340.0,2063.0393347514605
169360.0,2063.0023759339897
169380.0,2062.9654171165544
169400.0,2062.9284582991827
169420.0,2062.891499481851
169440.0,2062.854540664533
169460.0,2062.817581847212
169480.0,2062.78062302989
169500.0,2062.7436642125913
169520.0,2062.7067053953056
169540.0,2062.669746578008
169560.0,2062.6327877607255
169580.0,2062.5958289434834
169600.0,2062.558870126282
169620.0,2062.5219113090848
169640.0,2062.4849524918686
169660.0,2062.447993674624
169680.0,2062.4110348573677
169700.0,2062.3740760401224
169720.0,2062.337117222846
169740.0,2062.300158405503
169760.0,2062.2631995881097
169780.0,2062.2262407706858
169800.0,2062.189281953277
169820.0,2062.152323135893
169840.0,2062.115364318552
169860.0,2062.0784055012864
169880.0,2062.0414466840725
169900.0,2062.0044878668555
169920.0,2061.967529049603
169940.0,2061.9305702322877
169960.0,2061.8936114149133
169980.0,2061.8566525974743
170000.0,2061.819693779906
170020.0,2061.7827349621252
170040.0,2061.7457761441447
170060.0,2061.708817326096
170080.0,2061.6718585081408
170100.0,2061.634899690501
170120.0,2061.5979408734993
170140.0,2061.5609820574746
170160.0,2061.5240232426627
170180.0,2061.4870644290236
170200.0,2061.450105616153
170220.0,2061.4131468031314
170240.0,2061.376187988489
170260.0,2061.339229170263
170280.0,2061.3022703463384
170300.0,2061.265311515109
170320.0,2061.2283526763686
170340.0,2061.1913938322286
170360.0,2061.154434987791
170380.0,2061.117476151514
170400.0,2061.080517334749
170420.0,2061.0435585501536
170440.0,2061.006599808426
170460.0,2060.969641113226
170480.0,2060.9326824554787
170500.0,2060.8957238083317
170520.0,2060.8587651240477
170540.0,2060.8218063355607
170560.0,2060.7848473655467
170580.0,2060.7478881445486
170600.0,2060.7109286385153
170620.0,2060.6739688828225
170640.0,2060.6370090161863
170660.0,2060.600049303529
170680.0,2060.5630901332315
170700.0,2060.5261319729343
170720.0,2060.48917527084
170740.0,2060.4522202989806
170760.0,2060.4152669507102
170780.0,2060.378314527702
170800.0,2060.341361578262
170820.0,2060.3044058721334
170840.0,2060.267444609067
170860.0,2060.2304749470445
170880.0,2060.1934948887533
170900.0,2060.1565044753047
170920.0,2060.1195071039183
170940.0,2060.082510626979
170960.0,2060.04552773645
170980.0,2060.0085750431053
171000.0,2059.9716702946635
171020.0,2059.934827412149
171040.0,2059.898049515579
171060.0,2059.8613208686265
171080.0,2059.8245996261426
171100.0,2059.7878142403943
171120.0,2059.7508670704424
171140.0,2059.7136487375096
171160.0,2059.6760656273136
171180.0,2059.6380802805998
171200.0,2059.5997601015156
171220.0,2059.5613241547653
171240.0,2059.523171757568
171260.0,2059.485871786846
171280.0,2059.4500904895467
171300.0,2059.4164408517195
171320.0,2059.385250738352
171340.0,2059.3562713107362
171360.0,2059.328380471007
171380.0,2059.299373428611
171400.0,2059.265964602798
171420.0,2059.224138227768
171440.0,2059.1699626015425
171460.0,2059.1009088933197
171480.0,2059.0175799030626
171500.0,2058.925560566465
171520.0,2058.836874634784
171540.0,2058.7703218751767
171560.0,2058.7498561393313
171580.0,2058.8002460966536
171600.0,2058.939638698918
171620.0,2059.16939263736
171640.0,2059.462665686341
171660.0,2059.7546078836835
171680.0,2059.9383559195085
171700.0,2059.871894263951
171720.0,2059.400655662664
171740.0,2058.3988438792926
171760.0,2056.828371803291
171780.0,2054.807892056926
171800.0,2052.676191266025
171820.0,2051.0256800411053
171840.0,2050.67534529137
171860.0,2052.551770796324
171880.0,2057.4555225548534
171900.0,2065.711619182794
171920.0,2076.738233292274
171940.0,2088.6146900828394
171960.0,2097.780234505209
171980.0,2099.0342874879157
172000.0,2086.015927030327
172020.0,2052.2898670713803
172040.0,1993.0337491249443
172060.0,1907.0908474382202
172080.0,1798.8245386238862
172100.0,1678.7908167832434
172120.0,1561.668589770063
172140.0,1461.186866092959
172160.0,1385.9755632308784
172180.0,1338.5523413066235
172200.0,1316.4046388319316
172220.0,1313.9156288803983
172240.0,1324.276906316168
172260.0,1340.9290733552837
172280.0,1358.4145589967115
172300.0,1372.7079092963893
172320.0,1381.170991182909
172340.0,1382.332952057739
172360.0,1375.6806768316978
172380.0,1361.5753664620352
172400.0,1341.3206899720287
172420.0,1317.3133828386349
172440.0,1293.1564890949153
172460.0,1273.5978385527285
172480.0,1264.16476923433
172500.0,1270.4019225189127
172520.0,1296.6774168012475
172540.0,1344.6833187768593
172560.0,1412.0262586545462
172580.0,1491.5962178262716
172600.0,1572.6884077442764
172620.0,1644.3691376324957
172640.0,1698.947714089839
172660.0,1733.2870933423196
172680.0,1748.3210244803954
172700.0,1747.746606347881
172720.0,1736.5852551378816
172740.0,1720.0046746539392
172760.0,1702.5478414392915
172780.0,1687.7447025306894
172800.0,1677.9922479042739
172820.0,1674.57033625539
172840.0,1677.6988638458156
172860.0,1686.6188363002543
172880.0,1699.7745385255498
172900.0,1715.1911076266454
172920.0,1730.9217718691839
172940.0,1745.400503993169
172960.0,1757.678797203047
172980.0,1767.5183007431806
173000.0,1775.2882896443648
173020.0,1781.635829169756
173040.0,1787.100553421495
173060.0,1791.899549831563
173080.0,1795.9889073651998
173100.0,1799.2804449374198
173120.0,1801.8048081285938
173140.0,1803.766113841287
173160.0,1805.5270606994295
173180.0,1807.5304437700936
173200.0,1810.1625157750404
173220.0,1813.6115834787354
173240.0,1817.7997603989018
173260.0,1822.4490431935508
173280.0,1827.2481558058457
173300.0,1831.9874962885392
173320.0,1836.5619730005565
173340.0,1840.8785578554678
173360.0,1844.8135291506303
173380.0,1848.2549888603958
173400.0,1851.1473352264416
173420.0,1853.5174340725684
173440.0,1855.5229195740492
173460.0,1857.4207362652473
173480.0,1859.4406372942158
173500.0,1861.7024680683073
173520.0,1864.2232647868227
173540.0,1866.9851524118378
173560.0,1870.019927135827
173580.0,1873.4425988343635
173600.0,1877.4150329004628
173620.0,1882.067916007522
173640.0,1887.429043260193
173660.0,1893.4068318348593
173680.0,1899.8118028950853
173700.0,1906.3901495806483
173720.0,1912.87444920584
173740.0,1919.0453062987385
173760.0,1924.7117462208753
173780.0,1929.6331545691035
173800.0,1933.5180755890592
173820.0,1936.1161848809938
173840.0,1937.3760797403843
173860.0,1937.5823264800551
173880.0,1937.2499008597326
173900.0,1936.8838544537368
173920.0,1936.7783541920296
173940.0,1936.8986078456342
173960.0,1936.8318442589793
173980.0,1935.8229838759223
174000.0,1932.9548454305118
174020.0,1927.5408608965347
174040.0,1919.668617034132
174060.0,1910.3201465684203
174080.0,1900.9386036095434
174100.0,1892.8259486898392
174120.0,1886.7838034624742
174140.0,1883.0521268804405
174160.0,1881.4220738591182
174180.0,1881.41620310819
174200.0,1882.4646430011144
174220.0,1884.0386584885866
174240.0,1885.7289053755303
174260.0,1887.2728464342078
174280.0,1888.544775926707
174300.0,1889.5243752670285
174320.0,1890.2579200567493
174340.0,1890.8222987034783
174360.0,1891.2975564132926
174380.0,1891.7498319411002
174400.0,1892.2238370184782
174420.0,1892.7425332349067
174440.0,1893.311202815484
174460.0,1893.9233717467764
174480.0,1894.5666929240062
174500.0,1895.2276556337933
174520.0,1895.8946658333184
174540.0,1896.5595397572204
174560.0,1897.2177459492182
174580.0,1897.8678423401675
174600.0,1898.5105354156003
174620.0,1899.1476934995735
174640.0,1899.7815240511713
174660.0,1900.4140101165908
174680.0,1901.0466131258916
174700.0,1901.6801945992058
174720.0,1902.3150854986386
174740.0,1902.9512314021035
174760.0,1903.5883553032872
174780.0,1904.2260994048036
174800.0,1904.8641266197315
174820.0,1905.5021779530077
174840.0,1906.1400920284589
174860.0,1906.7777979156072
174880.0,1907.4152931980957
174900.0,1908.052617379127
174920.0,1908.6898276387194
174940.0,1909.3269807290042
174960.0,1909.9641221044253
174980.0,1910.601281543018
175000.0,1911.2384735466894
175020.0,1911.8757005547002
175040.0,1912.5129572342116
175060.0,1913.150234587591
175080.0,1913.7875231501907
175100.0,1914.4248150157407
175120.0,1915.06210475857
175140.0,1915.699389509152
175160.0,1916.3366685024146
175180.0,1916.9739423953695
175200.0,1917.6112125776829
175220.0,1918.2484806117893
175240.0,1918.8857478607842
175260.0,1919.5230153020577
175280.0,1920.1602834894506
175300.0,1920.7975526128987
175320.0,1921.4348226052425
175340.0,1922.072093256868
175360.0,1922.7093643126987
175380.0,1923.3466355397723
175400.0,1923.9839067638695
175420.0,1924.621177880124
175440.0,1925.2584488460307
175460.0,1925.8957196651809
175480.0,1926.5329903682607
175500.0,1927.170260996389
175520.0,1927.8075315890696
175540.0,1928.4448021771545
175560.0,1929.0820727801542
175580.0,1929.719343406949
175600.0,1930.3566140583528
175620.0,1930.9938847300614
175640.0,1931.6311554155268
175660.0,1932.2684261081745
175680.0,1932.9056968026089
175700.0,1933.5429674951738
175720.0,1934.180238184002
175740.0,1934.8175088686246
175760.0,1935.454779549585
175780.0,1936.092050227951
175800.0,1936.729320904912
175820.0,1937.3665915814356
175840.0,1938.0038622581171
175860.0,1938.641132935361
175880.0,1939.278403613253
175900.0,1939.9156742917414
175920.0,1940.5529449706864
175940.0,1941.1902156499516
175960.0,1941.8274863294275
175980.0,1942.4647570089724
176000.0,1943.1020276884672
176020.0,1943.7392983678626
176040.0,1944.3765690471878
176060.0,1945.0138397264443
176080.0,1945.6511104057113
176100.0,1946.2883810850003
176120.0,1946.9256517642352
176140.0,1947.5629224433876
176160.0,1948.2001931223865
176180.0,1948.8374638012872
176200.0,1949.4747344801879
176220.0,1950.1120051591392
176240.0,1950.74927583815
176260.0,1951.386546517229
176280.0,1952.023817196357
176300.0,1952.6610878754927
176320.0,1953.2983585546342
176340.0,1953.9356292337757
176360.0,1954.572899912909
176380.0,1955.2101705920809
176400.0,1955.8474412712699
176420.0,1956.4847119504168
176440.0,1957.1219826295521
176460.0,1957.759253308659
176480.0,1958.396523987763
176500.0,1959.0337946668794
176520.0,1959.6710653459972
176540.0,1960.3083360251144
176560.0,1960.9456067042477
176580.0,1961.5828773834037
176600.0,1962.2201480625572
176620.0,1962.8574187417369
176640.0,1963.4946894208927
176660.0,1964.131960099996
176680.0,1964.7692307790617
176700.0,1965.4065014581106
176720.0,1966.0437721371623
176740.0,1966.6810428161637
176760.0,1967.3183134951446
176780.0,1967.9555841741362
176800.0,1968.5928548531956
176820.0,1969.230125532337
176840.0,1969.8673962115095
176860.0,1970.5046668906446
176880.0,1971.1419375697474
176900.0,1971.779208248837
176920.0,1972.4164789279741
176940.0,1973.0537496071915
176960.0,1973.6910202864728
176980.0,1974.3282909657378
177000.0,1974.9655616449097
177020.0,1975.6028323240007
177040.0,1976.24010300306
177060.0,1976.877373682128
177080.0,1977.5146443612516
177100.0,1978.1519150403842
177120.0,1978.789185719473
177140.0,1979.4264563985132
177160.0,1980.0637270775017
177180.0,1980.7009977564994
177200.0,1981.3382684355154
177220.0,1981.9755391145743
177240.0,1982.6128097936773
177260.0,1983.2500804728388
177280.0,1983.8873511520499
177300.0,1984.5246218312943
177320.0,1985.1618925105242
177340.0,1985.7991631897007
177360.0,1986.4364338688604
177380.0,1987.0737045480396
177400.0,1987.7109752271913
177420.0,1988.348245906279
177440.0,1988.9855165853492
177460.0,1989.6227872644292
177480.0,1990.2600579435639
177500.0,1990.8973286227254
177520.0,1991.5345993018323
177540.0,1992.1718699808716
177560.0,1992.8091406599092
177580.0,1993.4464113389943
177600.0,1994.0836820181314
177620.0,1994.720952697282
177640.0,1995.3582233764453
177660.0,1995.9954940556338
177680.0,1996.6327647348057
177700.0,1997.270035413927
177720.0,1997.9073060930245
177740.0,1998.5445767721292
177760.0,1999.181847451251
177780.0,1999.8191181304087
177800.0,2000.4563888095631
177820.0,2001.0936594886832
177840.0,2001.7309301678038
177860.0,2002.3682008469302
177880.0,2003.0054715260762
177900.0,2003.6427422052238
177920.0,2004.2800128843514
177940.0,2004.917283563412
177960.0,2005.554554242428
177980.0,2006.1918249214152
178000.0,2006.8290956003602
178020.0,2007.4663662792614
178040.0,2008.10363695817
178060.0,2008.7409076371448
178080.0,2009.3781783162242
178100.0,2010.0154489953998
178120.0,2010.6527196746854
178140.0,2011.2899903540383
178160.0,2011.9272610333458
178180.0,2012.5645317125
178200.0,2013.201802391497
178220.0,2013.8390730703475
178240.0,2014.4763437491154
178260.0,2015.1136144278844
178280.0,2015.7508851068353
178300.0,2016.3881557861375
178320.0,2017.0254264659175
178340.0,2017.6626971462506
178360.0,2018.2999678270996
178380.0,2018.9372385082686
178400.0,2019.5745091892848
178420.0,2020.2117798694192
178440.0,2020.8490505477755
178460.0,2021.4863212233984
178480.0,2022.1235918955658
178500.0,2022.7608625642729
178520.0,2023.3981332306569
178540.0,2024.0354038973248
178560.0,2024.6726745685332
178580.0,2025.3099452498598
178600.0,2025.9472159471923
178620.0,2026.5844866651357
178640.0,2027.2217574045958
178660.0,2027.859028160118
178680.0,2028.4962989176397
178700.0,2029.1335696533029
178720.0,2029.7708403346955
178740.0,2030.4081109255796
178760.0,2031.0453813951895
178780.0,2031.6826517317163
178800.0,2032.3199219584426
178820.0,2032.9571921491486
178840.0,2033.5944624374013
178860.0,2034.231733012543
178880.0,2034.8690040952831
178900.0,2035.506275887224
178920.0,2036.1435484936142
178940.0,2036.7808218266669
178960.0,2037.4180955075813
178980.0,2038.0553687983604
179000.0,2038.6926406045263
179020.0,2039.3299095943803
179040.0,2039.9671744722086
179060.0,2040.6044344183229
179080.0,2041.241689663421
179100.0,2041.8789421003105
179120.0,2042.5161957604807
179140.0,2043.153456914418
179160.0,2043.7907335174648
179180.0,2044.428033752221
179200.0,2045.0653635461294
179220.0,2045.7027231932207
179240.0,2046.3401035815627
179260.0,2046.9774829813152
179280.0,2047.6148257923505
179300.0,2048.2520849336847
179320.0,2048.8892094841844
179340.0,2049.526158546688
179360.0,2050.162920941787
179380.0,2050.799538205597
179400.0,2051.4361256547404
179420.0,2052.07288348416
179440.0,2052.71008782177
179460.0,2053.3480515289866
179480.0,2053.987047596004
179500.0,2054.6271953376427
179520.0,2055.2683216892515
179540.0,2055.909825938032
179560.0,2056.5505936215104
179580.0,2057.1890193748704
179600.0,2057.823202512308
179620.0,2058.4513652361575
179640.0,2059.0725043626203
179660.0,2059.687219476341
179680.0,2060.2985664129624
179700.0,2060.9126781437
179720.0,2061.5388014697974
179740.0,2062.188356124752
179760.0,2062.8726802122364
179780.0,2063.5993286462663
179800.0,2064.3671691219956
179820.0,2065.1610659077423
179840.0,2065.9475894431107
179860.0,2066.67379745614
179880.0,2067.2714792342745
179900.0,2067.669056060155
179920.0,2067.8122949932767
179940.0,2067.6929049371734
179960.0,2067.3809248720677
179980.0,2067.0528963776364
180000.0,2067.0038931109216
180020.0,2067.628805814673
180040.0,2069.358505834948
180060.0,2072.5414207183358
180080.0,2077.2720791756537
180100.0,2083.1856774505445
180120.0,2089.2601376675534
180140.0,2093.6902340207816
180160.0,2093.9147708370606
180180.0,2086.8771919602395
180200.0,2069.5703660556765
180220.0,2039.8463754663087
180240.0,1997.3550971053148
180260.0,1944.3130747481707
180280.0,1885.612825693588
180300.0,1827.73394412091
180320.0,1776.8748201896458
180340.0,1737.636843951029
180360.0,1712.3767005112052
180380.0,1701.1179196706664
180400.0,1701.9773104442252
180420.0,1711.9140620993517
180440.0,1727.5434708145665
180460.0,1745.7960922156701
180480.0,1764.3355775553762
180500.0,1781.741601044907
180520.0,1797.5096345185907
180540.0,1811.9277036442722
180560.0,1825.8757078822541
180580.0,1840.5696855519604
180600.0,1857.2540329634237
180620.0,1876.8384716763514
180640.0,1899.4887138923125
180660.0,1924.210535005285
180680.0,1948.510733368695
180700.0,1968.263204091345
180720.0,1977.935666633782
180740.0,1971.3191056585463
180760.0,1942.8228231259782
180780.0,1889.2325060617036
180800.0,1811.5682643765242
180820.0,1716.33604057398
180840.0,1615.0833644908112
180860.0,1521.1891242055585
180880.0,1445.2453638699258
180900.0,1392.525449584303
180920.0,1363.0588220047525
180940.0,1353.102297856963
180960.0,1357.0450487275439
180980.0,1369.0968552814006
181000.0,1384.399234079075
181020.0,1399.5375003890406
181040.0,1412.5634581201612
181060.0,1422.6980144568593
181080.0,1429.9380309535613
181100.0,1434.6709320568298
181120.0,1437.3391858014204
181140.0,1438.228831776773
181160.0,1437.4527394553159
181180.0,1435.0794565254569
181200.0,1431.306020979287
181220.0,1426.5648868522508
181240.0,1421.5108570041918
181260.0,1416.8615334672909
181280.0,1413.172703520047
181300.0,1410.7213618858411
181320.0,1409.5121115220168
181340.0,1409.3531527583818
181360.0,1409.9525919716957
181380.0,1411.0035188902036
181400.0,1412.2428389434815
181420.0,1413.4810293430864
181440.0,1414.607455163767
181460.0,1415.5792235744184
181480.0,1416.401858560793
181500.0,1417.1085512664706
181520.0,1417.742442566303
181540.0,1418.3441003945495
181560.0,1418.944523646828
181580.0,1419.5628189673264
181600.0,1420.2071374524362
181620.0,1420.8773898725449
181640.0,1421.5685027909703
181660.0,1422.2733643735637
181680.0,1422.9850069392846
181700.0,1423.6979016878795
181720.0,1424.408463541739
181740.0,1425.11497935932
181760.0,1425.8172009188256
181780.0,1426.515814054758
181800.0,1427.211936001409
181820.0,1427.906727496852
181840.0,1428.6011497187833
181860.0,1429.295856092166
181880.0,1429.9911867202352
181900.0,1430.687225974298
181920.0,1431.3838870862396
181940.0,1432.0809966193021
181960.0,1432.7783624329425
181980.0,1433.4758184408458
182000.0,1434.173246622418
182020.0,1434.8705809910641
182040.0,1435.5677998742208
182060.0,1436.2649126237632
182080.0,1436.9619455416523
182100.0,1437.6589300683795
182120.0,1438.3558946377157
182140.0,1439.052860333626
182160.0,1439.7498396924962
182180.0,1440.4468376412146
182200.0,1441.1438535446314
182220.0,1441.8408835261466
182240.0,1442.5379225021636
182260.0,1443.2349656476404
182280.0,1443.9320092324706
182300.0,1444.6290509145417
182320.0,1445.326089647073
182340.0,1446.0231253704844
182360.0,1446.720158634033
182380.0,1447.4171902484886
182400.0,1448.1142210251214
182420.0,1448.8112516176739
182440.0,1449.508282457477
182460.0,1450.2053137573855
182480.0,1450.90234555668
182500.0,1451.5993777819851
182520.0,1452.2964103060044
182540.0,1452.993442993637
182560.0,1453.6904757313193
182580.0,1454.3875084406573
182600.0,1455.0845410797017
182620.0,1455.7815736367222
182640.0,1456.4786061206078
182660.0,1457.1756385509432
182680.0,1457.872670950006
182700.0,1458.5697033373735
182720.0,1459.26673572713
182740.0,1459.9637681273184
182760.0,1460.660800540794
182780.0,1461.3578329667284
182800.0,1462.0548654021982
182820.0,1462.7518978435635
182840.0,1463.4489302875122
182860.0,1464.1459627315576
182880.0,1464.8429951741155
182900.0,1465.540027614516
182920.0,1466.2370600527854
182940.0,1466.9340924893845
182960.0,1467.6311249249125
182980.0,1468.3281573599095
183000.0,1469.0251897948015
183020.0,1469.7222222299185
183040.0,1470.4192546654033
183060.0,1471.1162871011609
183080.0,1471.8133195371242
183100.0,1472.510351973247
183120.0,1473.2073844094448
183140.0,1473.9044168456371
183160.0,1474.601449281867
183180.0,1475.2984817181928
183200.0,1475.995514154583
183220.0,1476.6925465909687
183240.0,1477.3895790273277
183260.0,1478.086611463669
183280.0,1478.7836438999552
183300.0,1479.4806763361698
183320.0,1480.1777087723258
183340.0,1480.874741208411
183360.0,1481.5717736444574
183380.0,1482.2688060805274
183400.0,1482.9658385166583
183420.0,1483.6628709528493
183440.0,1484.3599033891073
183460.0,1485.056935825415
183480.0,1485.753968261674
183500.0,1486.451000697866
183520.0,1487.1480331340185
183540.0,1487.8450655700658
183560.0,1488.542098006008
183580.0,1489.23913044193
183600.0,1489.9361628779072
183620.0,1490.633195313938
183640.0,1491.330227750002
183660.0,1492.0272601860825
183680.0,1492.7242926221995
183700.0,1493.4213250583564
183720.0,1494.1183574945826
183740.0,1494.8153899308686
183760.0,1495.5124223671812
183780.0,1496.209454803497
183800.0,1496.9064872397744
183820.0,1497.603519676035
183840.0,1498.3005521122664
183860.0,1498.9975845484025
183880.0,1499.6946169844462
183900.0,1500.3916494205237
183920.0,1501.0886818566712
183940.0,1501.7857142928478
183960.0,1502.4827467290618
183980.0,1503.1797791652948
184000.0,1503.8768116015194
184020.0,1504.5738440377136
184040.0,1505.270876473915
184060.0,1505.9679089101558
184080.0,1506.6649413464331
184100.0,1507.3619737827219
184120.0,1508.0590062190115
184140.0,1508.7560386552427
184160.0,1509.4530710914041
184180.0,1510.1501035275228
184200.0,1510.8471359635903
184220.0,1511.5441683996212
184240.0,1512.2412008356519
184260.0,1512.9382332717064
184280.0,1513.63526570778
184300.0,1514.3322981438725
184320.0,1515.0293305799914
184340.0,1515.7263630161387
184360.0,1516.4233954523277
184380.0,1517.120427888567
184400.0,1517.8174603248538
184420.0,1518.5144927611739
184440.0,1519.2115251975329
184460.0,1519.9085576338725
184480.0,1520.605590070136
184500.0,1521.3026225063322
184520.0,1521.9996549424914
184540.0,1522.6966873785834
184560.0,1523.3937198146573
184580.0,1524.0907522507528
184600.0,1524.7877846868355
184620.0,1525.4848171229103
184640.0,1526.1818495590273
184660.0,1526.878881995156
184680.0,1527.5759144312408
184700.0,1528.2729468672978
184720.0,1528.9699793033335
184740.0,1529.667011739381
184760.0,1530.3640441755153
184780.0,1531.0610766117545
184800.0,1531.7581090480244
184820.0,1532.4551414843083
184840.0,1533.1521739205825
184860.0,1533.849206356803
184880.0,1534.5462387930052
184900.0,1535.2432712291798
184920.0,1535.9403036653052
184940.0,1536.637336101386
184960.0,1537.3343685374266
184980.0,1538.031400973481
185000.0,1538.7284334095768
185020.0,1539.4254658457426
185040.0,1540.1224982819863
185060.0,1540.8195307182857
185080.0,1541.5165631546115
185100.0,1542.213595590938
185120.0,1542.910628027185
185140.0,1543.6076604633106
185160.0,1544.304692899387
185180.0,1545.001725335477
185200.0,1545.6987577715793
185220.0,1546.3957902077127
185240.0,1547.092822643872
185260.0,1547.7898550800496
185280.0,1548.4868875162606
185300.0,1549.1839199524666
185320.0,1549.8809523886434
185340.0,1550.5779848247907
185360.0,1551.2750172609224
185380.0,1551.9720496970351
185400.0,1552.6690821331445
185420.0,1553.366114569289
185440.0,1554.0631470054418
185460.0,1554.7601794415664
185480.0,1555.4572118777294
185500.0,1556.1542443139374
185520.0,1556.8512767501427
185540.0,1557.548309186337
185560.0,1558.2453416225094
185580.0,1558.9423740586699
185600.0,1559.6394064948463
185620.0,1560.3364389310557
185640.0,1561.0334713672994
185660.0,1561.7305038035715
185680.0,1562.4275362398832
185700.0,1563.1245686762234
185720.0,1563.8216011125376
185740.0,1564.5186335487776
185760.0,1565.2156659849286
185780.0,1565.9126984209736
185800.0,1566.6097308569604
185820.0,1567.306763292968
185840.0,1568.0037957290538
185860.0,1568.7008281651986
185880.0,1569.3978606013723
185900.0,1570.0948930375387
185920.0,1570.7919254737128
185940.0,1571.4889579099224
185960.0,1572.1859903461125
185980.0,1572.8830227822898
186000.0,1573.5800552184705
186020.0,1574.277087654634
186040.0,1574.9741200907135
186060.0,1575.6711525267306
186080.0,1576.3681849627594
186100.0,1577.0652173988144
186120.0,1577.762249834923
186140.0,1578.4592822711215
186160.0,1579.156314707377
186180.0,1579.853347143661
186200.0,1580.5503795799277
186220.0,1581.2474120161648
186240.0,1581.944444452352
186260.0,1582.6414768885534
186280.0,1583.338509324782
186300.0,1584.0355417609906
186320.0,1584.7325741971686
186340.0,1585.4296066333468
186360.0,1586.1266390695055
186380.0,1586.8236715056412
186400.0,1587.5207039417774
186420.0,1588.2177363779247
186440.0,1588.914768814078
186460.0,1589.6118012502322
186480.0,1590.3088336863752
186500.0,1591.0058661224723
186520.0,1591.7028985585434
186540.0,1592.3999309946307
186560.0,1593.096963430738
186580.0,1593.7939958668421
186600.0,1594.4910283029753
186620.0,1595.1880607391345
186640.0,1595.885093175327
186660.0,1596.58212561158
186680.0,1597.279158047861
186700.0,1597.9761904841553
186720.0,1598.6732229204124
186740.0,1599.3702553566113
186760.0,1600.0672877927482
186780.0,1600.764320228846
186800.0,1601.4613526649396
186820.0,1602.1583851010303
186840.0,1602.8554175371373
186860.0,1603.5524499733024
186880.0,1604.249482409507
186900.0,1604.946514845697
186920.0,1605.6435472818812
186940.0,1606.3405797180533
186960.0,1607.0376121542126
186980.0,1607.734644590374
187000.0,1608.4316770265536
187020.0,1609.1287094627276
187040.0,1609.8257418988746
187060.0,1610.5227743349953
187080.0,1611.2198067711138
187100.0,1611.916839207253
187120.0,1612.6138716434107
187140.0,1613.310904079582
187160.0,1614.0079365157624
187180.0,1614.7049689519504
187200.0,1615.4020013881727
187220.0,1616.0990338244108
187240.0,1616.7960662606674
187260.0,1617.493098696939
187280.0,1618.1901311332233
187300.0,1618.8871635694509
187320.0,1619.5841960056723
187340.0,1620.2812284419224
187360.0,1620.978260878111
187380.0,1621.6752933142095
187400.0,1622.3723257502584
187420.0,1623.0693581862809
187440.0,1623.7663906222938
187460.0,1624.463423058335
187480.0,1625.1604554943965
187500.0,1625.8574879304997
187520.0,1626.5545203666857
187540.0,1627.2515528029287
187560.0,1627.9485852392022
187580.0,1628.6456176754996
187600.0,1629.3426501117451
187620.0,1630.039682547913
187640.0,1630.7367149840434
187660.0,1631.4337474201916
187680.0,1632.1307798563307
187700.0,1632.8278122924348
187720.0,1633.524844728509
187740.0,1634.2218771645707
187760.0,1634.918909600679
187780.0,1635.615942036859
187800.0,1636.3129744730934
187820.0,1637.0100069093246
187840.0,1637.7070393455474
187860.0,1638.4040717817923
187880.0,1639.1011042180442
187900.0,1639.7981366542795
187920.0,1640.4951690904963
187940.0,1641.1922015266864
187960.0,1641.8892339628255
187980.0,1642.5862663989337
188000.0,1643.283298835063
188020.0,1643.9803312712197
188040.0,1644.6773637073863
188060.0,1645.3743961435255
188080.0,1646.0714285796075
188100.0,1646.7684610156684
188120.0,1647.4654934517487
188140.0,1648.162525887879
188160.0,1648.859558324058
188180.0,1649.5565907602672
188200.0,1650.2536231965066
188220.0,1650.9506556327062
188240.0,1651.6476880688558
188260.0,1652.3447205049974
188280.0,1653.0417529411436
188300.0,1653.738785377322
188320.0,1654.4358178135567
188340.0,1655.1328502498206
188360.0,1655.8298826860755
188380.0,1656.5269151223213
188400.0,1657.223947558536
188420.0,1657.9209799946893
188440.0,1658.6180124308285
188460.0,1659.3150448669548
188480.0,1660.0120773030237
188500.0,1660.7091097390826
188520.0,1661.406142175178
188540.0,1662.1031746112774
188560.0,1662.8002070473544
188580.0,1663.4972394834174
188600.0,1664.194271919478
188620.0,1664.8913043555847
188640.0,1665.5883367917875
188660.0,1666.2853692280478
188680.0,1666.9824016643138
188700.0,1667.6794341006037
188720.0,1668.3764665369022
188740.0,1669.0734989731122
188760.0,1669.7705314092577
188780.0,1670.467563845384
188800.0,1671.1645962814873
188820.0,1671.861628717565
188840.0,1672.5586611536673
188860.0,1673.2556935898406
188880.0,1673.9527260260961
188900.0,1674.6497584623849
188920.0,1675.3467908986568
188940.0,1676.0438233349057
188960.0,1676.7408557711137
188980.0,1677.4378882072601
189000.0,1678.1349206433322
189020.0,1678.8319530793901
189040.0,1679.528985515465
189060.0,1680.2260179515404
189080.0,1680.9230503876158
189100.0,1681.6200828237318
189120.0,1682.3171152598911
189140.0,1683.0141476960266
189160.0,1683.7111801321512
189180.0,1684.4082125682864
189200.0,1685.1052450044183
189220.0,1685.8022774405763
189240.0,1686.4993098767723
189260.0,1687.1963423129941
189280.0,1687.8933747492742
189300.0,1688.5904071855834
189320.0,1689.2874396218365
189340.0,1689.9844720580143
189360.0,1690.6815044941382
189380.0,1691.3785369302386
189400.0,1692.0755693663389
189420.0,1692.7726018024375
189440.0,1693.469634238539
189460.0,1694.166666674651
189480.0,1694.8636991108185
189500.0,1695.5607315470547
189520.0,1696.2577639833366
189540.0,1696.9547964196177
189560.0,1697.6518288559114
189580.0,1698.3488612922133
189600.0,1699.0458937284784
189620.0,1699.7429261647092
189640.0,1700.4399586008954
189660.0,1701.136991036985
189680.0,1701.8340234730017
189700.0,1702.5310559090317
189720.0,1703.228088345098
189740.0,1703.9251207811853
189760.0,1704.622153217298
189780.0,1705.3191856534308
189800.0,1706.0162180895245
189820.0,1706.7132505255752
189840.0,1707.4102829616627
189860.0,1708.107315397841
189880.0,1708.804347834098
189900.0,1709.5013802703797
189920.0,1710.1984127066619
189940.0,1710.8954451429304
189960.0,1711.59247757917
189980.0,1712.2895100153662
190000.0,1712.9865424514999
190020.0,1713.6835748875812
190040.0,1714.3806073236283
190060.0,1715.077639759671
190080.0,1715.7746721957833
190100.0,1716.4717046319754
190120.0,1717.168737068204
190140.0,1717.865769504421
190160.0,1718.5628019406206
190180.0,1719.2598343768193
190200.0,1719.9568668130046
190220.0,1720.6538992491653
190240.0,1721.3509316853538
190260.0,1722.0479641215638
190280.0,1722.7449965578185
190300.0,1723.4420289941067
190320.0,1724.1390614303368
190340.0,1724.836093866505
190360.0,1725.5331263026328
190380.0,1726.2301587387187
190400.0,1726.927191174806
190420.0,1727.6242236109124
190440.0,1728.3212560470267
190460.0,1729.0182884831688
190480.0,1729.7153209193195
190500.0,1730.4123533554994
190520.0,1731.1093857916699
190540.0,1731.8064182278572
190560.0,1732.5034506640673
190580.0,1733.2004831002766
190600.0,1733.897515536491
190620.0,1734.5945479727143
190640.0,1735.2915804089685
190660.0,1735.9886128452345
190680.0,1736.685645281474
190700.0,1737.3826777176753
190720.0,1738.0797101538549
190740.0,1738.7767425900445
190760.0,1739.4737750262143
190780.0,1740.1708074623243
190800.0,1740.867839898407
190820.0,1741.5648723345282
190840.0,1742.2619047707
190860.0,1742.9589372068626
190880.0,1743.6559696429854
190900.0,1744.3530020790581
190920.0,1745.050034515106
190940.0,1745.7470669512008
190960.0,1746.4440993873516
190980.0,1747.1411318235369
191000.0,1747.8381642597437
191020.0,1748.5351966960218
191040.0,1749.2322291323158
191060.0,1749.9292615685804
191080.0,1750.6262940047945
191100.0,1751.323326440949
191120.0,1752.0203588770587
191140.0,1752.717391313146
191160.0,1753.414423749255
191180.0,1754.1114561854054
191200.0,1754.8084886215925
191220.0,1755.505521057817
191240.0,1756.2025534940778
191260.0,1756.8995859303893
191280.0,1757.5966183667256
191300.0,1758.2936508030357
191320.0,1758.9906832392612
191340.0,1759.6877156753937
191360.0,1760.384748111474
191380.0,1761.0817805474876
191400.0,1761.7788129834728
191420.0,1762.4758454194568
191440.0,1763.1728778554534
191460.0,1763.8699102914568
191480.0,1764.5669427275286
191500.0,1765.2639751636696
191520.0,1765.961007599864
191540.0,1766.6580400360886
191560.0,1767.355072472299
191580.0,1768.052104908526
191600.0,1768.7491373447642
191620.0,1769.4461697809584
191640.0,1770.1432022170725
191660.0,1770.8402346531675
191680.0,1771.5372670892916
191700.0,1772.2342995254148
191720.0,1772.931331961543
191740.0,1773.628364397738
191760.0,1774.325396834008
191780.0,1775.022429270289
191800.0,1775.7194617065165
191820.0,1776.4164941426748
191840.0,1777.1135265787766
191860.0,1777.8105590148607
191880.0,1778.5075914509284
191900.0,1779.2046238869802
191920.0,1779.9016563230361
191940.0,1780.5986887591941
191960.0,1781.2957211954363
191980.0,1781.9927536317196
192000.0,1782.689786068036
192020.0,1783.3868185043636
192040.0,1784.0838509406572
192060.0,1784.7808833769104
192080.0,1785.4779158131344
192100.0,1786.1749482492983
192120.0,1786.8719806854083
192140.0,1787.5690131214476
192160.0,1788.2660455574053
192180.0,1788.9630779933327
192200.0,1789.6601104293143
192220.0,1790.3571428653722
192240.0,1791.054175301527
192260.0,1791.7512077378033
192280.0,1792.448240174172
192300.0,1793.145272610554
192320.0,1793.8423050468962
192340.0,1794.539337483196
192360.0,1795.2363699194684
192380.0,1795.9334023557149
192400.0,1796.6304347918933
192420.0,1797.3274672279863
192440.0,1798.0244996640279
192460.0,1798.7215321000488
192480.0,1799.4185645360953
192500.0,1800.1155969721542
192520.0,1800.8126294082315
192540.0,1801.5096618443658
192560.0,1802.206694280541
192580.0,1802.9037267167241
192600.0,1803.6007591529221
192620.0,1804.297791589112
192640.0,1804.9948240253277
192660.0,1805.6918564615924
192680.0,1806.3888888978167
192700.0,1807.0859213339859
192720.0,1807.7829537701327
192740.0,1808.4799862062384
192760.0,1809.177018642296
192780.0,1809.8740510783487
192800.0,1810.5710835144225
192820.0,1811.2681159505257
192840.0,1811.9651483866571
192860.0,1812.6621808228724
192880.0,1813.3592132591566
192900.0,1814.0562456954772
192920.0,1814.7532781317889
192940.0,1815.4503105680287
192960.0,1816.1473430042054
192980.0,1816.8443754403652
193000.0,1817.5414078765439
193020.0,1818.2384403127162
193040.0,1818.9354727488749
193060.0,1819.6325051850195
193080.0,1820.3295376211095
193100.0,1821.0265700571704
193120.0,1821.7236024932506
193140.0,1822.4206349293538
193160.0,1823.1176673654595
193180.0,1823.8146998015782
193200.0,1824.5117322377114
193220.0,1825.2087646738364
193240.0,1825.9057971099587
193260.0,1826.6028295461178
193280.0,1827.2998619823443
193300.0,1827.9968944186414
193320.0,1828.6939268549759
193340.0,1829.390959291282
193360.0,1830.0879917275365
193380.0,1830.7850241637589
193400.0,1831.4820565999485
193420.0,1832.1790890360694
193440.0,1832.876121472152
193460.0,1833.5731539082512
193480.0,1834.2701863443865
193500.0,1834.9672187805445
193520.0,1835.6642512167036
193540.0,1836.3612836528362
193560.0,1837.0583160889387
193580.0,1837.755348525025
193600.0,1838.4523809610891
193620.0,1839.1494133971785
193640.0,1839.8464458333551
193660.0,1840.5434782695586
193680.0,1841.2405107057577
193700.0,1841.9375431419496
193720.0,1842.634575578108
193740.0,1843.3316080142463
193760.0,1844.0286404503906
193780.0,1844.7256728865766
193800.0,1845.42270532274
193820.0,1846.1197377588937
193840.0,1846.8167701951443
193860.0,1847.513802631453
193880.0,1848.210835067747
193900.0,1848.9078675040296
193920.0,1849.6048999402606
193940.0,1850.3019323764486
193960.0,1850.9989648126248
193980.0,1851.6959972488287
194000.0,1852.3930296850383
194020.0,1853.0900621212597
194040.0,1853.7870945574748
194060.0,1854.4841269936383
194080.0,1855.1811594297228
194100.0,1855.8781918657849
194120.0,1856.575224301853
194140.0,1857.2722567379005
194160.0,1857.9692891739826
194180.0,1858.666321610131
194200.0,1859.3633540462893
194220.0,1860.0603864824884
194240.0,1860.757418918741
194260.0,1861.4544513549663
194280.0,1862.1514837911698
194300.0,1862.8485162273719
194320.0,1863.5455486635444
194340.0,1864.2425810997042
194360.0,1864.9396135358813
194380.0,1865.6366459720903
194400.0,1866.3336784082833
194420.0,1867.0307108444315
194440.0,1867.727743280583
194460.0,1868.4247757167584
194480.0,1869.1218081529234
194500.0,1869.8188405891074
194520.0,1870.5158730253138
194540.0,1871.2129054614895
194560.0,1871.909937897652
194580.0,1872.6069703337955
194600.0,1873.3040027698996
194620.0,1874.0010352059767
194640.0,1874.6980676420687
194660.0,1875.3951000781685
194680.0,1876.0921325143074
194700.0,1876.7891649504388
194720.0,1877.4861973865445
194740.0,1878.1832298226516
194760.0,1878.880262258809
194780.0,1879.5772946950049
194800.0,1880.274327131248
194820.0,1880.9713595675232
194840.0,1881.6683920038133
194860.0,1882.3654244401278
194880.0,1883.0624568764754
194900.0,1883.7594893128305
194920.0,1884.456521749085
194940.0,1885.1535541852074
194960.0,1885.8505866212763
194980.0,1886.5476190572851
195000.0,1887.2446514932515
195020.0,1887.9416839292426
195040.0,1888.638716365298
195060.0,1889.3357488014055
195080.0,1890.0327812375658
195100.0,1890.729813673802
195120.0,1891.4268461100764
195140.0,1892.1238785463872
195160.0,1892.8209109827178
195180.0,1893.5179434190165
195200.0,1894.2149758552382
195220.0,1894.9120082913905
195240.0,1895.6090407274955
195260.0,1896.3060731635637
195280.0,1897.003105599632
195300.0,1897.7001380357215
195320.0,1898.3971704718401
195340.0,1899.0942029079833
195360.0,1899.7912353441304
195380.0,1900.4882677802536
195400.0,1901.1853002163655
195420.0,1901.882332652503
195440.0,1902.579365088631
195460.0,1903.2763975247503
195480.0,1903.973429960933
195500.0,1904.6704623971432
195520.0,1905.3674948333144
195540.0,1906.0645272694899
195560.0,1906.7615597056742
195580.0,1907.4585921418516
195600.0,1908.155624578051
195620.0,1908.8526570142571
195640.0,1909.5496894504038
195660.0,1910.2467218865236
195680.0,1910.9437543226352
195700.0,1911.6407867587282
195720.0,1912.3378191947827
195740.0,1913.0348516308215
195760.0,1913.7318840668875
195780.0,1914.4289165030455
195800.0,1915.125948939284
195820.0,1915.822981375548
195840.0,1916.5200138117677
195860.0,1917.2170462479523
195880.0,1917.9140786841504
195900.0,1918.6111111203704
195920.0,1919.3081435565905
195940.0,1920.0051759928217
195960.0,1920.702208429054
195980.0,1921.3992408652769
196000.0,1922.0962733014883
196020.0,1922.793305737688
196040.0,1923.4903381738561
196060.0,1924.1873706099752
196080.0,1924.8844030460332
196100.0,1925.5814354820468
196120.0,1926.2784679180556
196140.0,1926.9755003541104
196160.0,1927.6725327902045
196180.0,1928.3695652263461
196200.0,1929.0665976625496
196220.0,1929.7636300987729
196240.0,1930.46066253498
196260.0,1931.157694971194
196280.0,1931.854727407444
196300.0,1932.551759843709
196320.0,1933.2487922799787
196340.0,1933.9458247162402
196360.0,1934.6428571524557
196380.0,1935.3398895886032
196400.0,1936.0369220246957
196420.0,1936.7339544607853
196440.0,1937.4309868969253
196460.0,1938.1280193331434
196480.0,1938.8250517694148
196500.0,1939.5220842056685
196520.0,1940.2191166419118
196540.0,1940.9161490781312
196560.0,1941.6131815142817
196580.0,1942.310213950379
196600.0,1943.0072463864435
196620.0,1943.7042788224724
196640.0,1944.4013112585035
196660.0,1945.0983436946015
196680.0,1945.7953761307922
196700.0,1946.492408567035
196720.0,1947.1894410033262
196740.0,1947.886473439607
196760.0,1948.5835058758112
196780.0,1949.2805383119553
196800.0,1949.9775707480112
196820.0,1950.6746031840055
196840.0,1951.3716356200425
196860.0,1952.068668056197
196880.0,1952.7657004924652
196900.0,1953.46273292877
196920.0,1954.159765365051
196940.0,1954.8567978012925
196960.0,1955.5538302374862
196980.0,1956.2508626736758
197000.0,1956.947895109893
197020.0,1957.6449275460836
197040.0,1958.3419599822682
197060.0,1959.0389924184346
197080.0,1959.7360248545606
197100.0,1960.4330572906497
197120.0,1961.1300897267229
197140.0,1961.8271221628215
197160.0,1962.524154598956
197180.0,1963.2211870351512
197200.0,1963.9182194713915
197220.0,1964.6152519076204
197240.0,1965.3122843437905
197260.0,1966.009316779931
197280.0,1966.706349216053
197300.0,1967.403381652182
197320.0,1968.1004140883992
197340.0,1968.7974465246803
197360.0,1969.4944789609604
197380.0,1970.191511397234
197400.0,1970.8885438334898
197420.0,1971.5855762696744
197440.0,1972.282608705831
197460.0,1972.979641142
197480.0,1973.6766735781453
197500.0,1974.3737060142535
197520.0,1975.0707384503417
197540.0,1975.7677708864292
197560.0,1976.4648033225203
197580.0,1977.1618357586212
197600.0,1977.8588681946974
197620.0,1978.5559006307317
197640.0,1979.2529330667737
197660.0,1979.9499655028783
197680.0,1980.646997939013
197700.0,1981.344030375177
197720.0,1982.041062811371
197740.0,1982.7380952475444
197760.0,1983.4351276837017
197780.0,1984.1321601198874
197800.0,1984.8291925561255
197820.0,1985.5262249923883
197840.0,1986.2232574286627
197860.0,1986.9202898648996
197880.0,1987.6173223010942
197900.0,1988.3143547372815
197920.0,1989.01138717344
197940.0,1989.7084196095361
197960.0,1990.4054520456107
197980.0,1991.1024844817184
198000.0,1991.799516917879
198020.0,1992.4965493540826
198040.0,1993.1935817903461
198060.0,1993.8906142266355
198080.0,1994.5876466629004
198100.0,1995.2846790991232
198120.0,1995.9817115352926
198140.0,1996.6787439714215
198160.0,1997.3757764075915
198180.0,1998.0728088438257
198200.0,1998.7698412800382
198220.0,1999.4668737161708
198240.0,2000.1639061523051
198260.0,2000.8609385884415
198280.0,2001.5579710245086
198300.0,2002.2550034605651
198320.0,2002.9520358966336
198340.0,2003.6490683327331
198360.0,2004.346100768873
198380.0,2005.043133205071
198400.0,2005.7401656412603
198420.0,2006.4371980773838
198440.0,2007.1342305134647
198460.0,2007.8312629495515
198480.0,2008.5282953856495
198500.0,2009.2253278217772
198520.0,2009.9223602579357
198540.0,2010.61939269412
198560.0,2011.3164251303592
198580.0,2012.0134575666427
198600.0,2012.7104900029049
198620.0,2013.4075224391072
198640.0,2014.1045548752795
198660.0,2014.8015873114807
198680.0,2015.4986197477199
198700.0,2016.195652183958
198720.0,2016.892684620135
198740.0,2017.589717056229
198760.0,2018.2867494922825
198780.0,2018.9837819283216
198800.0,2019.680814364417
198820.0,2020.3778468005814
198840.0,2021.0748792367526
198860.0,2021.7719116729065
198880.0,2022.4689441090602
198900.0,2023.165976545258
198920.0,2023.8630089814628
198940.0,2024.5600414175976
198960.0,2025.257073853684
198980.0,2025.9541062897583
199000.0,2026.6511387258186
199020.0,2027.348171161872
199040.0,2028.0452035980047
199060.0,2028.7422360342266
199080.0,2029.4392684704912
199100.0,2030.1363009067875
199120.0,2030.8333333431133
199140.0,2031.5303657794557
199160.0,2032.2273982157628
199180.0,2032.9244306519863
199200.0,2033.6214630881223
199220.0,2034.3184955242523
199240.0,2035.015527960426
199260.0,2035.712560396604
199280.0,2036.4095928327638
199300.0,2037.106625268903
199320.0,2037.803657705073
199340.0,2038.5006901412503
199360.0,2039.1977225774456
199380.0,2039.8947550136468
199400.0,2040.591787449804
199420.0,2041.2888198859077
199440.0,2041.985852321978
199460.0,2042.6828847580061
199480.0,2043.3799171939804
199500.0,2044.0769496299295
199520.0,2044.7739820658906
199540.0,2045.4710145019478
199560.0,2046.1680469382088
199580.0,2046.8650793747845
199600.0,2047.562111811705
199620.0,2048.259144248947
199640.0,2048.9561766863458
199660.0,2049.6532091235704
199680.0,2050.3502415602575
199700.0,2051.0472739958723
199720.0,2051.7443064297936
199740.0,2052.4413388615853
199760.0,2053.1383712912734
199780.0,2053.835403719602
199800.0,2054.532436148253
199820.0,2055.229468579896
199840.0,2055.9265010179965
199860.0,2056.623533466169
199880.0,2057.320565927215
199900.0,2058.0175984015805
199920.0,2058.7146308855927
199940.0,2059.411663370231
199960.0,2060.1086958403175
199980.0,2060.8057282753307
200000.0,2061.5027606526974
200020.0,2062.199792953711
200040.0,2062.89682517197
200060.0,2063.593857323477
200080.0,2064.2908894561433
200100.0,2064.987921655257
200120.0,2065.6849540404137
200140.0,2066.3819867494967
200160.0,2067.079019906282
200180.0,2067.7760535714265
200200.0,2068.473087681633
200220.0,2069.1701219892093
200240.0,2069.8671560213675
200260.0,2070.5641890852194
200280.0,2071.2612203466906
200300.0,2071.9582490066546
200320.0,2072.6552745806594
200340.0,2073.3522972600645
200360.0,2074.0493182918176
200380.0,2074.7463402667354
200400.0,2075.443367164009
200420.0,2076.1404039783793
200440.0,2076.837455777345
200460.0,2077.53452611946
200480.0,2078.2316149250028
200500.0,2078.9287161260486
200520.0,2079.6258157074394
200540.0,2080.3228910238804
200560.0,2081.0199124457604
200580.0,2081.7168483248925
200600.0,2082.413673851628
200620.0,2083.1103834965525
200640.0,2083.8070053766737
200660.0,2084.503614184131
200680.0,2085.200337582247
200700.0,2085.8973497468314
200720.0,2086.594845736015
200740.0,2087.292992411232
200760.0,2087.991856378064
200780.0,2088.691317109558
200800.0,2089.3909835084696
200820.0,2090.090142978443
200840.0,2090.7877806024435
200860.0,2091.4827080349887
200880.0,2092.1738322988454
200900.0,2092.860569405497
200920.0,2093.54336436463
200940.0,2094.2242198385006
200960.0,2094.9070690840904
200980.0,2095.59777155315
201000.0,2096.303486091957
201020.0,2097.031216722277
201040.0,2097.785458041845
201060.0,2098.56510895348
201080.0,2099.3601685461845
201100.0,2100.1491330179597
201120.0,2100.898386343279
201140.0,2101.56507916015
201160.0,2102.1048425530525
201180.0,2102.485004771117
201200.0,2102.70264013997
201220.0,2102.804778424201
201240.0,2102.905648185977
201260.0,2103.1934081901054
201280.0,2103.9172308280877
201300.0,2105.345882595141
201320.0,2107.6922119431633
201340.0,2111.0050728112983
201360.0,2115.04135990132
201380.0,2119.1449737954613
201400.0,2122.1739420163644
201420.0,2122.5269116848513
201440.0,2118.3193305499326
201460.0,2107.7404081782556
201480.0,2089.5775926764477
201500.0,2063.8219747752746
201520.0,2032.1676106648888
201540.0,1998.1002503082134
201560.0,1966.1774344097605
201580.0,1940.4543951378805
201600.0,1923.1200013113903
201620.0,1914.140195493952
201640.0,1911.6814831335182
201660.0,1912.918143693625
201680.0,1914.946911911952
201700.0,1915.5623306723483
201720.0,1913.6697392785986
201740.0,1909.2888267904932
201760.0,1903.337139704726
201780.0,1897.3202042338028
201800.0,1892.9625580805482
201820.0,1891.730295489969
201840.0,1894.2357053379008
201860.0,1899.6619689008687
201880.0,1905.3329382043617
201900.0,1906.6639221037353
201920.0,1897.6425407734228
201940.0,1871.7963299742485
201960.0,1823.6084403390341
201980.0,1750.3106277895538
202000.0,1653.6947544082705
202020.0,1541.1431996447432
202040.0,1424.7335534789406
202060.0,1317.7883614107855
202080.0,1230.6757007724507
202100.0,1168.5214973335148
202120.0,1131.2502477199853
202140.0,1114.956810384304
202160.0,1113.6795691836303
202180.0,1120.9906786717906
202200.0,1131.142021342417
202220.0,1139.7393796778888
202240.0,1144.054938596923
202260.0,1143.1343205758526
202280.0,1137.8112906617173
202300.0,1130.6693035384517
202320.0,1125.9121991771267
202340.0,1129.035830838013
202360.0,1146.1575013020888
202380.0,1182.891681720628
202400.0,1242.8053706372561
202420.0,1325.6903736786503
202440.0,1426.1686890151327
202460.0,1533.5195298270037
202480.0,1633.8987275963177
202500.0,1715.0145867016395
202520.0,1770.0433907990985
202540.0,1798.5332273925324
202560.0,1805.189559102726
202580.0,1797.4233716010353
202600.0,1782.7979764439328
202620.0,1767.3923298827165
202640.0,1755.1381525672987
202660.0,1747.8629465890167
202680.0,1745.7412798692883
202700.0,1747.8989760052423
202720.0,1752.9884727816982
202740.0,1759.6325181452994
202760.0,1766.7005144235275
202780.0,1773.4290225937432
202800.0,1779.4240367872287
202820.0,1784.5909804625808
202840.0,1789.034403695618
202860.0,1792.958743848648
202880.0,1796.5889588819978
202900.0,1800.1185721375434
202920.0,1803.684372888622
202940.0,1807.3621413750698
202960.0,1811.175911813684
202980.0,1815.113622054941
203000.0,1819.1435946628267
203020.0,1823.2283420749034
203040.0,1827.3341089302025
203060.0,1831.43603011558
203080.0,1835.5196824051104
203100.0,1839.5801831055596
203120.0,1843.619969652019
203140.0,1847.6461381520676
203160.0,1851.6678750639076
203180.0,1855.6942008622918
203200.0,1859.7320332719319
203220.0,1863.7845054418444
203240.0,1867.8495399226024
203260.0,1871.9188495907706
203280.0,1875.9777516990991
203300.0,1880.0063586580338
203320.0,1883.9827520634583
203340.0,1887.8885572643624
203360.0,1891.7168384948018
203380.0,1895.481406292713
203400.0,1899.225536256598
203420.0,1903.0269315425462
203440.0,1906.994853329279
203460.0,1911.255154030133
203480.0,1915.9200010254822
203500.0,1921.041834122708
203520.0,1926.5557631265353
203540.0,1932.220897574456
203560.0,1937.5779975950295
203580.0,1941.9464447437203
203600.0,1944.4850802333724
203620.0,1944.335581055097
203640.0,1940.8504289990917
203660.0,1933.8779182823284
203680.0,1924.034111152505
203700.0,1912.8398577814373
203720.0,1902.5647125041075
203740.0,1895.7944858465057
203760.0,1894.8437023797972
203780.0,1900.9064556453984
203800.0,1913.565308813236
203820.0,1930.7076065078757
203840.0,1948.6055691389945
203860.0,1962.654436879924
203880.0,1968.5745292004183
203900.0,1963.6200221609865
203920.0,1947.4513219246805
203940.0,1922.1855604339266
203960.0,1891.6595945618942
203980.0,1860.3726040106746
204000.0,1832.3090388739242
204020.0,1810.0032320156893
204040.0,1794.3247016309601
204060.0,1784.7863516042496
204080.0,1780.0660517317442
204100.0,1778.527699371587
204120.0,1778.623585792037
204140.0,1779.1363906033555
204160.0,1779.2708558390998
204180.0,1778.6329222664413
204200.0,1777.1425651298443
204220.0,1774.9220988030652
204240.0,1772.1905353352663
204260.0,1769.1816495492426
204280.0,1766.092013941397
204300.0,1763.057077736878
204320.0,1760.148736693618
204340.0,1757.3862876194376
204360.0,1754.753285209808
204380.0,1752.2146475664897
204400.0,1749.7305657318157
204420.0,1747.2657858924977
204440.0,1744.7943367289722
204460.0,1742.3006735381914
204480.0,1739.7785601778298
204500.0,1737.2289447744515
204520.0,1734.657764571574
204540.0,1732.0741854036169
204560.0,1729.4893577384591
204580.0,1726.9154363365146
204600.0,1724.364418544875
204620.0,1721.8463401911467
204640.0,1719.3665434328225
204660.0,1716.9220925913025
204680.0,1714.4979265109946
204700.0,1712.0639200963888
204720.0,1709.5745487099157
204740.0,1706.9731150581931
204760.0,1704.202276533112
204780.0,1701.2216717605886
204800.0,1698.031633717584
204820.0,1694.6993117518468
204840.0,1691.3803050937047
204860.0,1688.3258026343592
204880.0,1685.8632879908587
204900.0,1684.3394736576515
204920.0,1684.0187083432968
204940.0,1684.9397346853789
204960.0,1686.748489027323
204980.0,1688.543131340141
205000.0,1688.785932256865
205020.0,1685.3487348998235
205040.0,1675.7558823480263
205060.0,1657.6610373741682
205080.0,1629.5334933069869
205100.0,1591.4307934990857
205120.0,1545.6051057896927
205140.0,1496.5612405153283
205160.0,1450.1170738402623
205180.0,1411.4988565847207
205200.0,1383.7946772873966
205220.0,1367.6284855563324
205240.0,1361.6648825018176
205260.0,1363.43284211627
205280.0,1370.127930980665
205300.0,1379.212683150376
205320.0,1388.7582475720974
205340.0,1397.5510587841886
205360.0,1405.0293458954825
205380.0,1411.1246573530586
205400.0,1416.0740923171356
205420.0,1420.2497273640113
205440.0,1424.030653279047
205460.0,1427.7250931670362
205480.0,1431.5376126751644
205500.0,1435.5697734709233
205520.0,1439.8407624568529
205540.0,1444.3160149391606
205560.0,1448.9350590855834
205580.0,1453.6334445683683
205600.0,1458.3568095419798
205620.0,1463.0674447675117
205640.0,1467.7450354794476
205660.0,1472.383732721088
205680.0,1476.9875713816073
205700.0,1481.565777832747
205720.0,1486.1289226268204
205740.0,1490.686332263087
205760.0,1495.2447657949092
205780.0,1499.8081138717641
205800.0,1504.3777747661898
205820.0,1508.953366759269
205840.0,1513.5335054129926
205860.0,1518.1164688883734
205880.0,1522.7006661077958
205900.0,1527.2848945697306
205920.0,1531.8684207517147
205940.0,1536.450937535864
205960.0,1541.0324555089576
205980.0,1545.6131753936813
206000.0,1550.1933738719501
206020.0,1554.7733197148166
206040.0,1559.353224562516
206060.0,1563.9332242498683
206080.0,1568.5133822613059
206100.0,1573.0937059289422
206120.0,1577.6741672229475
206140.0,1582.254722309459
206160.0,1586.8353265811334
206180.0,1591.4159440219023
206200.0,1595.9965512786398
206220.0,1600.5771376407467
206240.0,1605.157702393731
206260.0,1609.73825089942
206280.0,1614.3187904592417
206300.0,1618.8993266929758
206320.0,1623.4798609108523
206340.0,1628.060388806159
206360.0,1632.640900723457
206380.0,1637.2213837028041
206400.0,1641.8018253761124
206420.0,1646.382219520457
206440.0,1650.9625726084346
206460.0,1655.5429100542192
206480.0,1660.123280138566
206500.0,1664.7037530105022
206520.0,1669.2844120043417
206540.0,1673.8653351266792
206560.0,1678.4465662805499
206580.0,1683.0280787771321
206600.0,1687.6097378089696
206620.0,1692.1912732417331
206640.0,1696.7722781825717
206660.0,1701.3522505959402
206680.0,1705.930692684194
206700.0,1710.5072738002546
206720.0,1715.0820460112184
206740.0,1719.6556774134547
206760.0,1724.22963982397
206780.0,1728.8062607896427
206800.0,1733.3885347215867
206820.0,1737.9795967961668
206840.0,1742.5818088957767
206860.0,1747.1954986790365
206880.0,1751.8175315612123
206900.0,1756.440067054397
206920.0,1761.0500220492959
206940.0,1765.6298790844237
206960.0,1770.1604643749179
206980.0,1774.6260992306502
207000.0,1779.0220359469356
207020.0,1783.363308252694
207040.0,1787.6931226877991
207060.0,1792.0878730640027
207080.0,1796.655092863669
207100.0,1801.5206110130644
207120.0,1806.8023518113405
207140.0,1812.5710785134318
207160.0,1818.8031630465653
207180.0,1825.3369908659683
207200.0,1831.8520865124106
207220.0,1837.8969613297716
207240.0,1842.9920799989254
207260.0,1846.7573896555805
207280.0,1848.9523233880536
207300.0,1849.6109720364507
207320.0,1849.084510372224
207340.0,1847.7278877155688
207360.0,1845.7194045058118
207380.0,1843.2549361824942
207400.0,1840.6888604028572
207420.0,1838.3405764051745
207440.0,1836.2648312221384
207460.0,1834.3334263057827
207480.0,1832.521968934075
207500.0,1831.0259532441116
207520.0,1830.1430526195127
207540.0,1830.2588655914235
207560.0,1831.9352253577235
207580.0,1835.8671348023443
207600.0,1842.596559603043
207620.0,1852.1369420606802
207640.0,1863.775957112847
207660.0,1876.1371274850912
207680.0,1887.4513575109827
207700.0,1896.0638823829067
207720.0,1900.9785467776765
207740.0,1902.0520812706266
207760.0,1899.9533859374285
207780.0,1895.9241727357344
207800.0,1891.3571277733947
207820.0,1887.4118050084537
207840.0,1884.7657291866974
207860.0,1883.5880574630733
207880.0,1883.703298576202
207900.0,1884.7580041053611
207920.0,1886.3346023941583
207940.0,1887.9952706296185
207960.0,1889.2738943815475
207980.0,1889.649149364682
208000.0,1888.4923443455787
208020.0,1885.037348933948
208040.0,1878.411454163085
208060.0,1867.777681764515
208080.0,1852.5768952196609
208100.0,1832.8372417269256
208120.0,1809.4723938051825
208140.0,1784.3857927401718
208160.0,1760.2376289368708
208180.0,1739.7715633823868
208200.0,1724.9389048980677
208220.0,1716.4529327701052
208240.0,1713.8909834542108
208260.0,1716.0751231084128
208280.0,1721.5087464987391
208300.0,1728.7386067278615
208320.0,1736.587105378537
208340.0,1744.2523106170834
208360.0,1751.303295303111
208380.0,1757.6099096164162
208400.0,1763.244660710937
208420.0,1768.3856868745722
208440.0,1773.2386269608137
208460.0,1777.984773189719
208480.0,1782.7550389881933
208500.0,1787.6245245586917
208520.0,1792.620533744671
208540.0,1797.7370574316556
208560.0,1802.9501452284144
208580.0,1808.2304934505028
208600.0,1813.5514494189676
208620.0,1818.8921688560429
208640.0,1824.2367596035997
208660.0,1829.570924023669
208680.0,1834.8779516405407
208700.0,1840.1359825747338
208720.0,1845.3182841879575
208740.0,1850.3978243431272
208760.0,1855.3566139653958
208780.0,1860.1990680472852
208800.0,1864.967012497486
208820.0,1869.7521066398454
208840.0,1874.6997260528224
208860.0,1879.9973510798804
208880.0,1885.8410022242824
208900.0,1892.3760585401783
208920.0,1899.61447903874
208940.0,1907.3390533095942
208960.0,1915.015922263443
208980.0,1921.7470265755614
209000.0,1926.30069360548
209020.0,1927.2563148648946
209040.0,1923.282435183725
209060.0,1913.531651169642
209080.0,1898.077993177903
209100.0,1878.2448532338574
209120.0,1856.580539739282
209140.0,1836.1589126604704
209160.0,1819.2967981820711
209180.0,1806.752969576095
209200.0,1797.8955440160105
209220.0,1791.479242668935
209240.0,1786.4227010758646
209260.0,1782.2081557846989
209280.0,1778.826741466471
209300.0,1776.4560399879715
209320.0,1775.2445546964632
209340.0,1775.417967345543
209360.0,1777.549481258556
209380.0,1782.7867762654319
209400.0,1792.8513337013155
209420.0,1809.7126466278241
209440.0,1835.0553661038534
209460.0,1869.6668007744581
209480.0,1912.8208372681943
209500.0,1961.8120728130095
209520.0,2012.076469650247
209540.0,2058.30543710493
209560.0,2096.1656458881826
209580.0,2123.441813434179
209600.0,2140.1124360170784
209620.0,2147.7798394667275
209640.0,2148.893945514633
209660.0,2146.047898027672
209680.0,2141.4817942118957
209700.0,2136.8255518653473
209720.0,2133.0465694582062
209740.0,2130.5375747022495
209760.0,2129.275893935249
209780.0,2128.9971862207467
209800.0,2129.34548758873
209820.0,2129.9805560110312
209840.0,2130.638998905473
209860.0,2131.15584895291
209880.0,2131.458195871405
209900.0,2131.543260479394
209920.0,2131.4513874832096
209940.0,2131.2412572957855
209960.0,2130.9712860415557
209980.0,2130.6884018171754
210000.0,2130.4234754486597
210020.0,2130.191671238187
210040.0,2129.9957092530403
210060.0,2129.8302564752403
210080.0,2129.6861479668787
210100.0,2129.553684862135
210120.0,2129.424732798693
210140.0,2129.293686730993
210160.0,2129.157562414403
210180.0,2129.0155418382114
210200.0,2128.8682767797186
210220.0,2128.717181524347
210240.0,2128.5638566243906
210260.0,2128.409704030507
210280.0,2128.255732869482
210300.0,2128.1025183425886
210320.0,2127.950261257304
210340.0,2127.798896863094
210360.0,2127.648212347327
210380.0,2127.4979467171024
210400.0,2127.3478605973078
210420.0,2127.1977742521917
210440.0,2127.0475789872676
210460.0,2126.89723022923
210480.0,2126.746730867359
210500.0,2126.5961119430876
210520.0,2126.445415491703
210540.0,2126.294682023501
210560.0,2126.143943246684
210580.0,2125.993219376812
210600.0,2125.8425197445813
210620.0,2125.69184528083
210640.0,2125.541191653784
210660.0,2125.390552190551
210680.0,2125.2399200997834
210700.0,2125.0892898392685
210720.0,2124.93865770012
210740.0,2124.788021803265
210760.0,2124.6373817411595
210780.0,2124.4867380746196
210800.0,2124.3360918401913
210820.0,2124.1854441603496
210840.0,2124.034795991938
210860.0,2123.884148007808
210880.0,2123.7335005823047
210900.0,2123.582853842026
210920.0,2123.4322077457846
210940.0,2123.281562165156
210960.0,2123.130916947223
210980.0,2122.980271951255
211000.0,2122.829627059684
211020.0,2122.678982169119
211040.0,2122.528337171204
211060.0,2122.3776919347465
211080.0,2122.22704630038
211100.0,2122.076400097446
211120.0,2121.9257531887865
211140.0,2121.775105542311
211160.0,2121.6244573194917
211180.0,2121.473808960299
211200.0,2121.323161232101
211220.0,2121.1725152026384
211240.0,2121.02187209605
211260.0,2120.87123300231
211280.0,2120.7205984385146
211300.0,2120.5699678069946
211320.0,2120.419338857838
211340.0,2120.2687073320362
211360.0,2120.1180670179892
211380.0,2119.96741047297
211400.0,2119.8167306119917
211420.0,2119.6660232193485
211440.0,2119.515290177578
211460.0,2119.364542844228
211480.0,2119.2138045869783
211500.0,2119.0631111122093
211520.0,2118.912507041239
211540.0,2118.762037384933
211560.0,2118.6117333255825
211580.0,2118.461593160699
211600.0,2118.3115613763766
211620.0,2118.161511356445
211640.0,2118.011239659012
211660.0,2117.860481251534
211680.0,2117.708954487773
211700.0,2117.55644078102
211720.0,2117.402896003698
211740.0,2117.248578499705
211760.0,2117.094163377325
211780.0,2116.9407973426923
211800.0,2116.7900375619924
211820.0,2116.6436183891183
211840.0,2116.5030084023965
211860.0,2116.3687629837195
211880.0,2116.2397466486914
211900.0,2116.112389373293
211920.0,2115.9802369915715
211940.0,2115.8341302048593
211960.0,2115.6633617523844
211980.0,2115.458072857935
212000.0,2115.212918514345
212020.0,2114.9316365682257
212040.0,2114.6316167905693
212060.0,2114.3469597033627
212080.0,2114.1279874753054
212100.0,2114.0349348795576
212120.0,2114.123862352578
212140.0,2114.423933661879
212160.0,2114.907215801776
212180.0,2115.454985809437
212200.0,2115.827703477891
212220.0,2115.648394418575
212240.0,2114.4097338317724
212260.0,2111.5117318075622
212280.0,2106.327473565453
212300.0,2098.276882238356
212320.0,2086.8625295920456
212340.0,2071.64678046393
212360.0,2052.470949264639
212380.0,2030.100316956355
212400.0,2006.6239918475828
212420.0,1985.0577515525965
212440.0,1968.0890799704762
212460.0,1956.898867160533
212480.0,1951.0452511953495
212500.0,1949.1171556330137
212520.0,1949.4518110965619
212540.0,1950.6515818073706
212560.0,1951.7660285241625
212580.0,1952.277338533991
212600.0,1952.0141133366837
212620.0,1951.0381640284643
212640.0,1949.5344982384363
212660.0,1947.7231205846388
212680.0,1945.8002688214503
212700.0,1943.9083338039193
212720.0,1942.1286482729713
212740.0,1940.4893108139615
212760.0,1938.9804614197249
212780.0,1937.5710197745634
212800.0,1936.2230078698121
212820.0,1934.9015981741977
212840.0,1933.580604961428
212860.0,1932.2441407761921
212880.0,1930.8856246620585
212900.0,1929.505377517968
212920.0,1928.1078282140911
212940.0,1926.6990263273783
212960.0,1925.2848233681864
212980.0,1923.8698117155745
213000.0,1922.4569280481778
213020.0,1921.0475357440253
213040.0,1919.6417809154852
213060.0,1918.2390446731356
213080.0,1916.8383655981502
213100.0,1915.4387619934416
213120.0,1914.039430807563
213140.0,1912.6398332460317
213160.0,1911.239695173307
213180.0,1909.8389558832691
213200.0,1908.437695596267
213220.0,1907.0360641876316
213240.0,1905.6342245231924
213260.0,1904.2323156531722
213280.0,1902.8304351778079
213300.0,1901.4286366399654
213320.0,1900.026936514004
213340.0,1898.625325638231
213360.0,1897.2237811100756
213380.0,1895.8222761464883
213400.0,1894.4207867966627
213420.0,1893.0192954499216
213440.0,1891.617791730679
213460.0,1890.2162716509215
213480.0,1888.8147358877522
213500.0,1887.4131878800745
213520.0,1886.0116321931705
213540.0,1884.6100733582484
213560.0,1883.2085152010543
213580.0,1881.80696054943
213600.0,1880.4054111560952
213620.0,1879.0038676797128
213640.0,1877.6023296192575
213660.0,1876.200795177902
213680.0,1874.7992611227332
213700.0,1873.397722788564
213720.0,1871.9961744274005
213740.0,1870.5946101050401
213760.0,1869.19302527269
213780.0,1867.7914189791968
213800.0,1866.3897964373682
213820.0,1864.9881713413245
213840.0,1863.5865670109702
213860.0,1862.1850152119518
213880.0,1860.7835514970277
213900.0,1859.3822062849472
213920.0,1857.9809917559621
213940.0,1856.5798860441973
213960.0,1855.17881804515
213980.0,1853.7776581266285
214000.0,1852.3762215878899
214020.0,1850.9742920808033
214040.0,1849.571670498808
214060.0,1848.1682502454205
214080.0,1846.7641119078623
214100.0,1845.3596195684008
214120.0,1843.9554888578627
214140.0,1842.552786423359
214160.0,1841.1528162019142
214180.0,1839.7568551608376
214200.0,1838.3657251873706
214220.0,1836.979231799312
214240.0,1835.595563201846
214260.0,1834.21081704584
214280.0,1832.818890480863
214300.0,1831.4120061609678
214320.0,1829.9821204907573
214340.0,1828.5233376719139
214360.0,1827.0352105976951
214380.0,1825.5264471512717
214400.0,1824.018096278324
214420.0,1822.5448519250888
214440.0,1821.1528302027127
214460.0,1819.8922374719855
214480.0,1818.803960288922
214500.0,1817.9004358272207
214520.0,1817.143244721333
214540.0,1816.422533495464
214560.0,1815.5461483030326
214580.0,1814.248432219414
214600.0,1812.2288914589692
214620.0,1809.2281235046426
214640.0,1805.1414577714554
214660.0,1800.1592768878604
214680.0,1794.9077811946645
214700.0,1790.5476371474301
214720.0,1788.775276432279
214740.0,1791.6694498295747
214760.0,1801.3422184981737
214780.0,1819.396903109518
214800.0,1846.2709835807648
214820.0,1880.649303195037
214840.0,1919.2634737951419
214860.0,1957.5063784627825
214880.0,1990.9548057754287
214900.0,2016.7352653059274
214920.0,2033.9158262572128
214940.0,2043.1911702521568
214960.0,2046.2686554743298
214980.0,2045.2352171811538
215000.0,2042.0613883350711
215020.0,2038.300213207068
215040.0,2034.9719855898086
215060.0,2032.5894845419475
215080.0,2031.2667218860574
215100.0,2030.8591300405583
215120.0,2031.0967545469582
215140.0,2031.6880643332468
215160.0,2032.386251887488
215180.0,2033.0202212368117
215200.0,2033.498352532751
215220.0,2033.7951658633526
215240.0,2033.930294563531
215260.0,2033.9469327752752
215280.0,2033.894179461123
215300.0,2033.8151875004246
215320.0,2033.7411380738595
215340.0,2033.6899162561317
215360.0,2033.6678913816625
215380.0,2033.673231273434
215400.0,2033.699500890362
215420.0,2033.7387337407213
215440.0,2033.7835873120155
215460.0,2033.8285253371687
215480.0,2033.8701814960164
215500.0,2033.9071572416983
215520.0,2033.9395166583406
215540.0,2033.9681963132793
215560.0,2033.994478490507
215580.0,2034.0196052411204
215600.0,2034.0445527035881
215620.0,2034.0699462860534
215640.0,2034.0960775686694
215660.0,2034.1229794591497
215680.0,2034.1505219732753
215700.0,2034.178501863745
215720.0,2034.2067110941425
215740.0,2034.2349791959555
215760.0,2034.2631915866193
215780.0,2034.2912897812123
215800.0,2034.3192606090838
215820.0,2034.3471208758608
215840.0,2034.37490225364
215860.0,2034.402639248269
215880.0,2034.4303613681336
215900.0,2034.4580893585867
215920.0,2034.4858346283854
215940.0,2034.51360071878
215960.0,2034.5413857223982
215980.0,2034.5691848064948
216000.0,2034.5969923085972
216020.0,2034.6248031656105
216040.0,2034.6526136618718
216060.0,2034.6804216195953
216080.0,2034.7082262149856
216100.0,2034.7360276036754
216120.0,2034.7638265035748
216140.0,2034.791623833066
216160.0,2034.8194204532836
216180.0,2034.8472170231476
216200.0,2034.8750139511135
216220.0,2034.902811414639
216240.0,2034.9306094168446
216260.0,2034.9584078547764
216280.0,2034.9862065814395
216300.0,2035.0140054517476
216320.0,2035.0418043500042
216340.0,2035.069603200785
216360.0,2035.097401967673
216380.0,2035.12520064497
216400.0,2035.152999246747
216420.0,2035.1807977962137
216440.0,2035.20859631752
216460.0,2035.2363948306793
216480.0,2035.2641933494451
216500.0,2035.2919918810342
216520.0,2035.3197904273475
216540.0,2035.3475889866666
216560.0,2035.3753875554023
216580.0,2035.4031861296116
216600.0,2035.4309847058746
216620.0,2035.4587832816262
216640.0,2035.486581855424
216660.0,2035.5143804267173
216680.0,2035.5421789956795
216700.0,2035.5699775628868
216720.0,2035.5977761290335
216740.0,2035.6255746947652
216760.0,2035.6533732605483
216780.0,2035.6811718266345
216800.0,2035.7089703930899
216820.0,2035.73676895993
216840.0,2035.7645675271312
216860.0,2035.792366094621
216880.0,2035.8201646622651
216900.0,2035.8479632299218
216920.0,2035.8757617975411
216940.0,2035.9035603650912
216960.0,2035.9313589325484
216980.0,2035.9591574999408
217000.0,2035.9869560672682
217020.0,2036.014754634541
217040.0,2036.042553201772
217060.0,2036.070351768958
217080.0,2036.0981503361738
217100.0,2036.1259489034499
217120.0,2036.1537474707504
217140.0,2036.1815460380487
217160.0,2036.2093446053525
217180.0,2036.2371431726685
217200.0,2036.2649417400003
217220.0,2036.292740307322
217240.0,2036.3205388746053
217260.0,2036.348337441875
217280.0,2036.3761360091794
217300.0,2036.4039345764613
217320.0,2036.431733143691
217340.0,2036.459531710947
217360.0,2036.4873302783096
217380.0,2036.5151288457157
217400.0,2036.5429274130893
217420.0,2036.5707259804567
217440.0,2036.5985245478237
217460.0,2036.626323115122
217480.0,2036.6541216823218
217500.0,2036.6819202494548
217520.0,2036.7097188165608
217540.0,2036.7375173836801
217560.0,2036.7653159508077
217580.0,2036.7931145179584
217600.0,2036.820913085187
217620.0,2036.8487116525198
217640.0,2036.8765102199382
217660.0,2036.9043087873986
217680.0,2036.9321073548035
217700.0,2036.9599059221546
217720.0,2036.9877044894947
217740.0,2037.015503056853
217760.0,2037.0433016242514
217780.0,2037.071100191673
217800.0,2037.0988987591104
217820.0,2037.126697326524
217840.0,2037.1544958938389
217860.0,2037.1822944610813
217880.0,2037.210093028285
217900.0,2037.2378915954687
217920.0,2037.2656901626415
217940.0,2037.2934887298059
217960.0,2037.3212872970125
217980.0,2037.3490858642956
218000.0,2037.376884431634
218020.0,2037.4046829990252
218040.0,2037.432481566492
218060.0,2037.4602801340084
218080.0,2037.4880787014838
218100.0,2037.5158772688726
218120.0,2037.5436758361761
218140.0,2037.571474403428
218160.0,2037.599272970673
218180.0,2037.6270715379364
218200.0,2037.6548701052113
218220.0,2037.6826686724576
218240.0,2037.710467239674
218260.0,2037.7382658068723
218280.0,2037.7660643740753
218300.0,2037.793862941313
218320.0,2037.8216615086112
218340.0,2037.8494600759907
218360.0,2037.8772586434327
218380.0,2037.9050572109045
218400.0,2037.9328557783222
218420.0,2037.9606543456496
218440.0,2037.988452912906
218460.0,2038.0162514801323
218480.0,2038.0440500473844
218500.0,2038.0718486146889
218520.0,2038.099647182023
218540.0,2038.127445749365
218560.0,2038.1552443166643
218580.0,2038.1830428838996
218600.0,2038.2108414511017
218620.0,2038.2386400183218
218640.0,2038.2664385855956
218660.0,2038.2942371529057
218680.0,2038.3220357202474
218700.0,2038.3498342876155
218720.0,2038.3776328550016
218740.0,2038.4054314223758
218760.0,2038.4332299897046
218780.0,2038.4610285570132
218800.0,2038.488827124306
218820.0,2038.5166256915586
218840.0,2038.5444242587778
218860.0,2038.5722228259922
218880.0,2038.60002139325
218900.0,2038.6278199605895
218920.0,2038.6556185280047
218940.0,2038.683417095462
218960.0,2038.711215662866
218980.0,2038.7390142301938
219000.0,2038.766812797451
219020.0,2038.794611364665
219040.0,2038.8224099318716
219060.0,2038.8502084990928
219080.0,2038.8780070663481
219100.0,2038.9058056336357
219120.0,2038.933604200909
219140.0,2038.961402768186
219160.0,2038.989201335479
219180.0,2039.0169999028124
219200.0,2039.0447984701811
219220.0,2039.0725970375497
219240.0,2039.1003956049128
219260.0,2039.128194172279
219280.0,2039.1559927396574
219300.0,2039.1837913070376
219320.0,2039.2115898744123
219340.0,2039.2393884417638
219360.0,2039.267187009072
219380.0,2039.2949855763607
219400.0,2039.3227841436133
219420.0,2039.3505827108215
219440.0,2039.378381278022
219460.0,2039.4061798452349
219480.0,2039.4339784124356
219500.0,2039.4617769796337
219520.0,2039.4895755468638
219540.0,2039.5173741141775
219560.0,2039.5451726815766
219580.0,2039.5729712490145
219600.0,2039.600769816462
219620.0,2039.6285683839221
219640.0,2039.6563669513932
219660.0,2039.6841655187902
219680.0,2039.7119640860753
219700.0,2039.7397626532907
219720.0,2039.7675612204953
219740.0,2039.7953597877029
219760.0,2039.8231583549386
219780.0,2039.8509569222151
219800.0,2039.8787554895018
219820.0,2039.9065540567728
219840.0,2039.9343526239998
219860.0,2039.962151191229
219880.0,2039.9899497584822
219900.0,2040.017748325757
219920.0,2040.0455468931032
219940.0,2040.0733454605047
219960.0,2040.1011440279312
219980.0,2040.128942595356
220000.0,2040.156741162719
220020.0,2040.184539730004
220040.0,2040.2123382972743
220060.0,2040.2401368645533
220080.0,2040.2679354318127
220100.0,2040.2957339990885
220120.0,2040.3235325664023
220140.0,2040.351331133727
220160.0,2040.3791297010175
220180.0,2040.4069282682653
220200.0,2040.4347268355148
220220.0,2040.4625254027865
220240.0,2040.4903239700718
220260.0,2040.518122537334
220280.0,2040.5459211045904
220300.0,2040.5737196718824
220320.0,2040.601518239234
220340.0,2040.6293168066477
220360.0,2040.6571153740854
220380.0,2040.684913941531
220400.0,2040.7127125089876
220420.0,2040.7405110764098
220440.0,2040.76830964373
220460.0,2040.7961082109337
220480.0,2040.823906778092
220500.0,2040.851705345253
220520.0,2040.8795039124695
220540.0,2040.907302479769
220560.0,2040.9351010471557
220580.0,2040.962899614565
220600.0,2040.990698181933
220620.0,2041.0184967492278
220640.0,2041.0462953164588
220660.0,2041.074093883654
220680.0,2041.1018924508269
220700.0,2041.1296910179867
220720.0,2041.1574895851816
220740.0,2041.185288152465
220760.0,2041.2130867198398
220780.0,2041.240885287274
220800.0,2041.2686838547484
220820.0,2041.2964824222145
220840.0,2041.3242809895892
220860.0,2041.3520795568452
220880.0,2041.3798781240282
220900.0,2041.4076766912062
220920.0,2041.4354752583488
220940.0,2041.4632738254688
220960.0,2041.4910723926284
220980.0,2041.5188709598933
221000.0,2041.5466695272821
221020.0,2041.5744680947337
221040.0,2041.602266662198
221060.0,2041.6300652296025
221080.0,2041.657863796916
221100.0,2041.6856623641513
221120.0,2041.7134609313766
221140.0,2041.7412594986388
221160.0,2041.7690580659284
221180.0,2041.7968566332397
221200.0,2041.8246552005744
221220.0,2041.8524537679446
221240.0,2041.8802523353493
221260.0,2041.9080509027906
221280.0,2041.9358494702242
221300.0,2041.963648037632
221320.0,2041.991446605019
221340.0,2042.0192451723753
221360.0,2042.0470437396912
221380.0,2042.0748423069322
221400.0,2042.1026408741632
221420.0,2042.130439441408
221440.0,2042.1582380085972
221460.0,2042.186036575745
221480.0,2042.2138351428978
221500.0,2042.2416337100535
221520.0,2042.2694322772197
221540.0,2042.2972308444346
221560.0,2042.3250294117138
221580.0,2042.3528279790494
221600.0,2042.380626546446
221620.0,2042.408425113901
221640.0,2042.4362236814318
221660.0,2042.4640222490084
221680.0,2042.4918208165739
221700.0,2042.5196193840104
221720.0,2042.5474179512971
221740.0,2042.5752165184826
221760.0,2042.6030150856172
221780.0,2042.6308136527591
221800.0,2042.6586122198964
221820.0,2042.6864107870526
221840.0,2042.7142093542857
221860.0,2042.742007921623
221880.0,2042.769806489026
221900.0,2042.7976050564225
221920.0,2042.8254036237934
221940.0,2042.8532021911383
221960.0,2042.8810007584584
221980.0,2042.9087993257951
222000.0,2042.9365978931728
222020.0,2042.9643964605543
222040.0,2042.9921950279343
222060.0,2043.0199935952664
222080.0,2043.047792162541
222100.0,2043.0755907298105
222120.0,2043.1033892970536
222140.0,2043.131187864275
222160.0,2043.1589864315101
222180.0,2043.186784998777
222200.0,2043.2145835660253
222220.0,2043.2423821332275
222240.0,2043.2701807004094
222260.0,2043.2979792676203
222280.0,2043.3257778348932
222300.0,2043.3535764022186
222320.0,2043.3813749695769
222340.0,2043.4091735369689
222360.0,2043.4369721043888
222380.0,2043.4647706718285
222400.0,2043.4925692392862
222420.0,2043.5203678067915
222440.0,2043.5481663743085
222460.0,2043.5759649417564
222480.0,2043.603763509081
222500.0,2043.6315620763005
222520.0,2043.6593606434665
222540.0,2043.687159210603
222560.0,2043.7149577777177
222580.0,2043.742756344863
222600.0,2043.770554912063
222620.0,2043.798353479282
222640.0,2043.8261520464762
222660.0,2043.8539506136465
222680.0,2043.8817491808463
222700.0,2043.9095477480987
222720.0,2043.937346315397
222740.0,2043.9651448827694
222760.0,2043.992943450173
222780.0,2044.0207420175716
222800.0,2044.0485405849959
222820.0,2044.076339152448
222840.0,2044.104137719895
222860.0,2044.1319362873114
222880.0,2044.1597348546627
222900.0,2044.1875334219435
222920.0,2044.2153319891652
222940.0,2044.243130556383
222960.0,2044.2709291236138
222980.0,2044.2987276908625
223000.0,2044.3265262581335
223020.0,2044.3543248253936
223040.0,2044.3821233926622
223060.0,2044.4099219599484
223080.0,2044.437720527234
223100.0,2044.465519094536
223120.0,2044.493317661864
223140.0,2044.5211162292308
223160.0,2044.5489147966232
223180.0,2044.5767133640225
223200.0,2044.6045119313999
223220.0,2044.6323104987594
223240.0,2044.6601090661238
223260.0,2044.687907633476
223280.0,2044.715706200785
223300.0,2044.7435047680526
223320.0,2044.7713033353568
223340.0,2044.7991019026995
223360.0,2044.82690047006
223380.0,2044.8546990374095
223400.0,2044.8824976046938
223420.0,2044.910296171928
223440.0,2044.9380947391287
223460.0,2044.9658933063224
223480.0,2044.9936918735657
223500.0,2045.0214904408208
223520.0,2045.0492890080732
223540.0,2045.0770875753647
223560.0,2045.104886142703
223580.0,2045.132684710075
223600.0,2045.1604832774706
223620.0,2045.1882818448692
223640.0,2045.2160804122425
223660.0,2045.2438789796033
223680.0,2045.2716775469296
223700.0,2045.299476114197
223720.0,2045.3272746814523
223740.0,2045.3550732487504
223760.0,2045.3828718160669
223780.0,2045.410670383364
223800.0,2045.4384689506642
223820.0,2045.4662675179723
223840.0,2045.4940660852287
223860.0,2045.521864652459
223880.0,2045.5496632196919
223900.0,2045.5774617869465
223920.0,2045.6052603542405
223940.0,2045.63305892161
223960.0,2045.6608574890488
223980.0,2045.6886560565206
224000.0,2045.7164546239947
224020.0,2045.74425319145
224040.0,2045.7720517587884
224060.0,2045.799850325995
224080.0,2045.8276488931176
224100.0,2045.8554474602392
224120.0,2045.8832460273875
224140.0,2045.911044594625
224160.0,2045.938843161925
224180.0,2045.9666417292142
224200.0,2045.9944402964913
224220.0,2046.0222388637897
224240.0,2046.050037431093
224260.0,2046.0778359983804
224280.0,2046.1056345656536
224300.0,2046.133433132957
224320.0,2046.1612317002964
224340.0,2046.189030267616
224360.0,2046.216828834904
224380.0,2046.2446274021654
224400.0,2046.2724259694337
224420.0,2046.3002245367254
224440.0,2046.3280231040121
224460.0,2046.3558216713184
224480.0,2046.3836202386797
224500.0,2046.4114188060971
224520.0,2046.4392173735146
224540.0,2046.4670159408702
224560.0,2046.4948145081646
224580.0,2046.5226130754695
224600.0,2046.5504116428242
224620.0,2046.578210210218
224640.0,2046.606008777609
224660.0,2046.6338073449406
224680.0,2046.6616059122
224700.0,2046.689404479428
224720.0,2046.7172030466577
224740.0,2046.7450016138741
224760.0,2046.7728001810665
224780.0,2046.800598748263
224800.0,2046.828397315483
224820.0,2046.8561958827627
224840.0,2046.8839944501342
224860.0,2046.9117930175576
224880.0,2046.939591584974
224900.0,2046.9673901523383
224920.0,2046.995188719645
224940.0,2047.0229872869236
224960.0,2047.0507858541866
224980.0,2047.0785844214456
225000.0,2047.1063829887025
225020.0,2047.134181556002
225040.0,2047.1619801233592
225060.0,2047.1897786907211
225080.0,2047.2175772580606
225100.0,2047.2453758253614
225120.0,2047.2731743926356
225140.0,2047.3009729598882
225160.0,2047.3287715271404
225180.0,2047.356570094389
225200.0,2047.384368661659
225220.0,2047.4121672289348
225240.0,2047.4399657962392
225260.0,2047.4677643635853
225280.0,2047.4955629309793
225300.0,2047.523361498404
225320.0,2047.5511600657815
225340.0,2047.578958633083
225360.0,2047.6067572003599
225380.0,2047.6345557676482
225400.0,2047.6623543349142
225420.0,2047.6901529021277
225440.0,2047.7179514693485
225460.0,2047.7457500366559
225480.0,2047.7735486040133
225500.0,2047.801347171405
225520.0,2047.829145738823
225540.0,2047.8569443062538
225560.0,2047.8847428736674
225580.0,2047.912541441042
225600.0,2047.940340008369
225620.0,2047.968138575638
225640.0,2047.995937142838
225660.0,2048.0237357099854
225680.0,2048.0515342770877
225700.0,2048.0793328441973
225720.0,2048.1071314113424
225740.0,2048.134929978515
225760.0,2048.162728545769
225780.0,2048.190527113131
225800.0,2048.218325680595
225820.0,2048.2461242481177
225840.0,2048.2739228156547
225860.0,2048.3017213831004
225880.0,2048.3295199504
225900.0,2048.3573185176383
225920.0,2048.385117084886
225940.0,2048.4129156521185
225960.0,2048.4407142193063
225980.0,2048.4685127864677
226000.0,2048.496311353645
226020.0,2048.524109920897
226040.0,2048.5519084882067
226060.0,2048.5797070555573
226080.0,2048.607505622914
226100.0,2048.6353041902435
226120.0,2048.663102757564
226140.0,2048.69090132492
226160.0,2048.7186998923125
226180.0,2048.746498459711
226200.0,2048.7742970270597
226220.0,2048.802095594399
226240.0,2048.8298941617622
226260.0,2048.857692729122
226280.0,2048.8854912964894
226300.0,2048.913289863821
226320.0,2048.9410884310973
226340.0,2048.9688869983065
226360.0,2048.996685565501
226380.0,2049.0244841327303
226400.0,2049.0522827000086
226420.0,2049.0800812672996
226440.0,2049.1078798346402
226460.0,2049.13567840206
226480.0,2049.163476969498
226500.0,2049.1912755368344
226520.0,2049.2190741040577
226540.0,2049.2468726712154
226560.0,2049.2746712384096
226580.0,2049.302469805677
226600.0,2049.330268372974
226620.0,2049.3580669402845
226640.0,2049.385865507658
226660.0,2049.4136640750985
226680.0,2049.441462642554
226700.0,2049.46926120996
226720.0,2049.4970597772617
226740.0,2049.5248583444727
226760.0,2049.552656911659
226780.0,2049.5804554788947
226800.0,2049.608254046201
226820.0,2049.6360526135227
226840.0,2049.663851180829
226860.0,2049.691649748119
226880.0,2049.7194483153953
226900.0,2049.747246882665
226920.0,2049.7750454499233
226940.0,2049.802844017205
226960.0,2049.8306425845735
226980.0,2049.858441152
227000.0,2049.8862397194266
227020.0,2049.914038286803
227040.0,2049.9418368541797
227060.0,2049.9696354215553
227080.0,2049.997433988872
227100.0,2050.0252325561423
227120.0,2050.053031123391
227140.0,2050.080829690628
227160.0,2050.108628257881
227180.0,2050.1364268251573
227200.0,2050.164225392457
227220.0,2050.1920239597694
227240.0,2050.2198225270986
227260.0,2050.247621094462
227280.0,2050.2754196618444
227300.0,2050.303218229202
227320.0,2050.3310167965365
227340.0,2050.358815363834
227360.0,2050.3866139311126
227380.0,2050.4144124984027
227400.0,2050.442211065661
227420.0,2050.4700096328706
227440.0,2050.4978082000603
227460.0,2050.5256067672476
227480.0,2050.553405334475
227500.0,2050.5812039017587
227520.0,2050.609002469083
227540.0,2050.6368010364054
227560.0,2050.6645996037287
227580.0,2050.6923981711325
227600.0,2050.7201967385686
227620.0,2050.7479953059433
227640.0,2050.775793873251
227660.0,2050.8035924405476
227680.0,2050.831391007849
227700.0,2050.8591895751756
227720.0,2050.886988142503
227740.0,2050.9147867098095
227760.0,2050.942585277103
227780.0,2050.970383844371
227800.0,2050.99818241162
227820.0,2051.0259809788686
227840.0,2051.053779546093
227860.0,2051.0815781132887
227880.0,2051.109376680495
227900.0,2051.1371752477376
227920.0,2051.1649738150236
227940.0,2051.192772382352
227960.0,2051.220570949679
227980.0,2051.24836951702
228000.0,2051.2761680844033
228020.0,2051.3039666518184
228040.0,2051.3317652192386
228060.0,2051.3595637866547
228080.0,2051.3873623540358
228100.0,2051.415160921356
228120.0,2051.44295948857
228140.0,2051.470758055718
228160.0,2051.4985566228797
228180.0,2051.526355190087
228200.0,2051.5541537573217
228220.0,2051.581952324579
228240.0,2051.609750891891
228260.0,2051.637549459239
228280.0,2051.665348026612
228300.0,2051.693146594015
228320.0,2051.720945161424
228340.0,2051.748743728835
228360.0,2051.7765422961966
228380.0,2051.8043408634912
228400.0,2051.8321394307964
228420.0,2051.859937998118
228440.0,2051.887736565415
228460.0,2051.915535132724
228480.0,2051.943333700025
228500.0,2051.9711322672592
228520.0,2051.998930834474
228540.0,2052.0267294017117
228560.0,2052.0545279689577
228580.0,2052.082326536201
228600.0,2052.1101251034693
228620.0,2052.1379236708117
228640.0,2052.1657222382614
228660.0,2052.1935208057766
228680.0,2052.2213193732946
228700.0,2052.2491179407407
228720.0,2052.2769165081127
228740.0,2052.304715075432
228760.0,2052.332513642679
228780.0,2052.3603122098893
228800.0,2052.388110777088
228820.0,2052.4159093442668
228840.0,2052.4437079114823
228860.0,2052.471506478774
228880.0,2052.4993050461217
228900.0,2052.5271036134664
228920.0,2052.554902180751
228940.0,2052.5827007480184
228960.0,2052.610499315303
228980.0,2052.6382978826164
229000.0,2052.666096449958
229020.0,2052.6938950173144
229040.0,2052.721693584634
229060.0,2052.7494921519124
229080.0,2052.777290719108
229100.0,2052.8050892862566
229120.0,2052.8328878534307
229140.0,2052.8606864206185
229160.0,2052.8884849878223
229180.0,2052.916283555062
229200.0,2052.944082122332
229220.0,2052.9718806896717
229240.0,2052.9996792570796
229260.0,2053.027477824506
229280.0,2053.0552763919104
229300.0,2053.0830749592415
229320.0,2053.110873526542
229340.0,2053.138672093843
229360.0,2053.166470661107
229380.0,2053.194269228325
229400.0,2053.2220677955447
229420.0,2053.249866362804
229440.0,2053.2776649300827
229460.0,2053.305463497397
229480.0,2053.333262064726
229500.0,2053.3610606320485
229520.0,2053.3888591993664
229540.0,2053.4166577667283
229560.0,2053.44445633415
229580.0,2053.472254901591
229600.0,2053.500053468955
229620.0,2053.527852036227
229640.0,2053.5556506034704
229660.0,2053.583449170649
229680.0,2053.6112477378183
229700.0,2053.6390463050716
229720.0,2053.666844872432
229740.0,2053.6946434398405
229760.0,2053.7224420072416
229780.0,2053.750240574641
229800.0,2053.778039142031
229820.0,2053.8058377094103
229840.0,2053.8336362767614
229860.0,2053.8614348440906
229880.0,2053.889233411423
229900.0,2053.9170319787345
229920.0,2053.9448305459928
229940.0,2053.972629113224
229960.0,2054.0004276804325
229980.0,2054.0282262476367
230000.0,2054.0560248148995
230020.0,2054.0838233822246
230040.0,2054.1116219496057
230060.0,2054.1394205170222
230080.0,2054.167219084422
230100.0,2054.19501765179
230120.0,2054.222816219102
230140.0,2054.2506147863214
230160.0,2054.2784133534533
230180.0,2054.3062119205824
230200.0,2054.334010487709
230220.0,2054.3618090548307
230240.0,2054.3896076220317
230260.0,2054.4174061893254
230280.0,2054.445204756668
230300.0,2054.473003324052
230320.0,2054.500801891473
230340.0,2054.5286004588747
230360.0,2054.556399026231
230380.0,2054.5841975935864
230400.0,2054.6119961609484
230420.0,2054.639794728337
230440.0,2054.6675932957796
230460.0,2054.695391863223
230480.0,2054.723190430614
230500.0,2054.750988997958
230520.0,2054.7787875652116
230540.0,2054.8065861324
230560.0,2054.8343846995695
230580.0,2054.862183266717
230600.0,2054.8899818339005
230620.0,2054.9177804011224
230640.0,2054.9455789683516
230660.0,2054.9733775356035
230680.0,2055.0011761029227
230700.0,2055.028974670315
230720.0,2055.056773237747
230740.0,2055.084571805198
230760.0,2055.1123703726344
230780.0,2055.140168939994
230800.0,2055.167967507289
230820.0,2055.1957660745948
230840.0,2055.223564641944
230860.0,2055.251363209319
230880.0,2055.2791617766898
230900.0,2055.3069603440476
230920.0,2055.3347589113846
230940.0,2055.3625574786693
230960.0,2055.390356045947
230980.0,2055.418154613223
231000.0,2055.4459531804673
231020.0,2055.4737517477197
231040.0,2055.501550315028
231060.0,2055.529348882388
231080.0,2055.557147449749
231100.0,2055.584946017062
231120.0,2055.6127445842876
231140.0,2055.640543151431
231160.0,2055.66834171855
231180.0,2055.6961402857296
231200.0,2055.723938853013
231220.0,2055.7517374203353
231240.0,2055.7795359876845
231260.0,2055.8073345550474
231280.0,2055.8351331224576
231300.0,2055.862931689901
231320.0,2055.8907302574025
231340.0,2055.9185288248996
231360.0,2055.946327392345
231380.0,2055.9741259596685
231400.0,2056.001924526881
231420.0,2056.029723094063
231440.0,2056.0575216612388
231460.0,2056.085320228447
231480.0,2056.1131187957103
231500.0,2056.1409173629904
231520.0,2056.1687159302464
231540.0,2056.196514497444
231560.0,2056.2243130646593
231580.0,2056.2521116319526
231600.0,2056.2799101993683
231620.0,2056.3077087669676
231640.0,2056.3355073348293
231660.0,2056.3633059028716
231680.0,2056.391104470857
231700.0,2056.41890303845
231720.0,2056.4467016053136
231740.0,2056.4745001711776
231760.0,2056.5022987358584
231780.0,2056.5300972993246
231800.0,2056.557895861972
231820.0,2056.585694424784
231840.0,2056.6134929893165
231860.0,2056.641291557593
231880.0,2056.6690901317425
231900.0,2056.696888713428
231920.0,2056.7246873029353
231940.0,2056.7524858981833
231960.0,2056.7802844939592
231980.0,2056.8080830814674
232000.0,2056.835881648841
232020.0,2056.8636801829352
232040.0,2056.8914786728055
232060.0,2056.9192771145435
232080.0,2056.9470755170487
232100.0,2056.9748739076176
232120.0,2057.002672335265
232140.0,2057.0304708691365
232160.0,2057.058269589418
232180.0,2057.0860685687057
232200.0,2057.1138678437246
232220.0,2057.141667380037
232240.0,2057.16946703672
232260.0,2057.197266542037
232280.0,2057.2250654954696
232300.0,2057.2528634124274
232320.0,2057.2806598252037
232340.0,2057.3084544443595
232360.0,2057.3362473681505
232380.0,2057.364039304044
232400.0,2057.391831739085
232420.0,2057.4196269709137
232440.0,2057.4474278980388
232460.0,2057.4752374803656
232480.0,2057.5030578276974
232500.0,2057.530888966344
232520.0,2057.558727470276
232540.0,2057.5865653085557
232560.0,2057.6143894205998
232580.0,2057.642182631268
232600.0,2057.6699264862837
232620.0,2057.697606350223
232640.0,2057.725218605366
232660.0,2057.7527790085564
232680.0,2057.780330275444
232700.0,2057.807945949136
232720.0,2057.8357268834543
232740.0,2057.8637866492145
232760.0,2057.8922233231197
232780.0,2057.9210778379597
232800.0,2057.9502835101357
232820.0,2057.9796172109823
232840.0,2058.0086689533573
232860.0,2058.0368516947365
232880.0,2058.0634744618533
232900.0,2058.0878966287905
232920.0,2058.1097667300255
232940.0,2058.1293242167685
232960.0,2058.1477082257197
232980.0,2058.167178648129
233000.0,2058.1911211312267
233020.0,2058.223693275679
233040.0,2058.2689914213856
233060.0,2058.329692744971
233080.0,2058.405266429688
233100.0,2058.490047282984
233120.0,2058.571700704497
233140.0,2058.6308270065556
233160.0,2058.642574486743
233180.0,2058.581051346464
233200.0,2058.4269407027305
233220.0,2058.177953971796
233240.0,2057.8606020920515
233260.0,2057.5403391021687
233280.0,2057.3257187189347
233300.0,2057.3612599614285
233320.0,2057.803846674092
233340.0,2058.7793375845804
233360.0,2060.32015158871
233380.0,2062.2910360841583
233400.0,2064.3184459334702
233420.0,2065.7474005401587
233440.0,2065.6556548241756
233460.0,2062.9547822425716
233480.0,2056.597015279264
233500.0,2045.881461074303
233520.0,2030.8113550678413
233540.0,2012.3963933619666
233560.0,1992.7267014111924
233580.0,1974.5854432517729
233600.0,1960.4968924734953
233620.0,1951.722056473253
233640.0,1947.7948703358736
233660.0,1946.7784099052424
233680.0,1946.1807404031508
233700.0,1944.0245139502233
233720.0,1939.2870382646968
233740.0,1931.8286024232104
233760.0,1922.1566057722084
233780.0,1910.953958160669
233800.0,1898.8837199403538
233820.0,1886.7257778281692
233840.0,1875.248907760611
233860.0,1865.1177033234992
233880.0,1857.0844429450476
233900.0,1852.0820855627062
233920.0,1851.0435438244065
233940.0,1854.4593344297075
233960.0,1862.159145047286
233980.0,1873.26964507665
234000.0,1886.2581182829424
234020.0,1899.0275168149733
234040.0,1909.0932255804523
234060.0,1914.0624972230337
234080.0,1912.5005622141355
234100.0,1904.5453067967712
234120.0,1891.534202626171
234140.0,1875.1762637645338
234160.0,1857.4500364803032
234180.0,1840.919993486099
234200.0,1828.745405130659
234220.0,1824.1730442504559
234240.0,1829.4192482904623
234260.0,1844.729567107302
234280.0,1868.187664181407
234300.0,1896.0777955045523
234320.0,1923.5480884342833
234340.0,1945.439656267704
234360.0,1957.2135048736272
234380.0,1955.8991575474295
234400.0,1940.901384835476
234420.0,1914.3449748414573
234440.0,1880.5154171210008
234460.0,1844.5903231653756
234480.0,1811.5481781916194
234500.0,1785.0643138323867
234520.0,1766.8654407278652
234540.0,1756.856049999352
234560.0,1753.6701450574924
234580.0,1755.3255318295246
234600.0,1759.7838808890206
234620.0,1765.3274215455701
234640.0,1770.7410556560658
234660.0,1775.3352375836766
234680.0,1778.8645389042563
234700.0,1781.3968673645497
234720.0,1783.176897231874
234740.0,1784.5113600551927
234760.0,1785.68847511155
234780.0,1786.9319099385896
234800.0,1788.3823944001845
234820.0,1790.0973088532078
234840.0,1792.059299145741
234860.0,1794.1879730820663
234880.0,1796.3526961745606
234900.0,1798.3882352957633
234920.0,1800.1174842710957
234940.0,1801.3859462058815
234960.0,1802.1105138874093
234980.0,1802.340238296389
235000.0,1802.3196294015906
235020.0,1802.536794240083
235040.0,1803.7315283413823
235060.0,1806.8354309602696
235080.0,1812.820981020057
235100.0,1822.453074644179
235120.0,1835.9675118036262
235140.0,1852.7465920404015
235160.0,1871.1186909447176
235180.0,1888.4678913587027
235200.0,1901.8839917400394
235220.0,1909.4335036578534
235240.0,1911.246514616377
235260.0,1909.222919992469
235280.0,1905.6254999261823
235300.0,1901.8404929303592
235320.0,1898.0843108180688
235340.0,1893.69909175402
235360.0,1887.8177704007899
235380.0,1880.1109671157233
235400.0,1871.180343355465
235420.0,1862.2927784948151
235440.0,1854.6969952993418
235460.0,1849.1972497425354
235480.0,1846.0538847976982
235500.0,1845.0758244952533
235520.0,1845.7926804003764
235540.0,1847.6303446638944
235560.0,1850.047763360072
235580.0,1852.619523548607
235600.0,1855.067116459701
235620.0,1857.2515707659218
235640.0,1859.1432417498022
235660.0,1860.7831081536883
235680.0,1862.2461278249532
235700.0,1863.612766014232
235720.0,1864.950884726219
235740.0,1866.3073496933134
235760.0,1867.7071045351415
235780.0,1869.1569157217448
235800.0,1870.6511986595444
235820.0,1872.177959794728
235840.0,1873.7236471834974
235860.0,1875.276393634383
235880.0,1876.8276543900295
235900.0,1878.3725536714658
235920.0,1879.9093819018071
235940.0,1881.4386764161093
235960.0,1882.9622287049492
235980.0,1884.482240135248
236000.0,1886.000731611092
236020.0,1887.5192216262221
236040.0,1889.0386292723717
236060.0,1890.5593321852805
236080.0,1892.0813069405617
236100.0,1893.604292013876
236120.0,1895.1279326900597
236140.0,1896.6518868624066
236160.0,1898.175886590184
236180.0,1899.6997609160092
236200.0,1901.2234308071488
236220.0,1902.7468882155613
236240.0,1904.2701696027991
236260.0,1905.7933312657865
236280.0,1907.316430551134
236300.0,1908.8395142859033
236320.0,1910.362613824601
236340.0,1911.8857450623436
236360.0,1913.408911449802
236380.0,1914.9321082377478
236400.0,1916.4553266398245
236420.0,1917.9785571363336
236440.0,1919.5017916154939
236460.0,1921.025024395139
236480.0,1922.54825236819
236500.0,1924.0714745897858
236520.0,1925.594691606986
236540.0,1927.1179047631147
236560.0,1928.641115621903
236580.0,1930.1643255762035
236600.0,1931.6875356446192
236620.0,1933.2107464212015
236640.0,1934.733958127569
236660.0,1936.2571707169925
236680.0,1937.780383989384
236700.0,1939.30359769089
236720.0,1940.8268115845108
236740.0,1942.3500254894602
236760.0,1943.8732392941588
236780.0,1945.396452950568
236800.0,1946.9196664584347
236820.0,1948.4428798465347
236840.0,1949.9660931556216
236860.0,1951.489306425663
236880.0,1953.0125196884335
236900.0,1954.535732964579
236920.0,1956.058946263983
236940.0,1957.582159588142
236960.0,1959.1053729330877
236980.0,1960.628586292362
237000.0,1962.1517996593288
237020.0,1963.675013028517
237040.0,1965.198226396185
237060.0,1966.7214397603043
237080.0,1968.2446531203059
237100.0,1969.7678664765972
237120.0,1971.2910798302466
237140.0,1972.8142931824168
237160.0,1974.3375065340213
237180.0,1975.8607198857167
237200.0,1977.3839332379425
237220.0,1978.9071465909042
237240.0,1980.4303599446716
237260.0,1981.9535732992554
237280.0,1983.4767866546754
237300.0,1985.0000000108842
237320.0,1986.523213367709
237340.0,1988.0464267248656
237360.0,1989.569640081759
237380.0,1991.0928534373893
237400.0,1992.6160667905729
237420.0,1994.139280140106
237440.0,1995.6624934850965
237460.0,1997.1857068254862
237480.0,1998.7089201626864
237500.0,2000.2321335001045
237520.0,2001.7553468432375
237540.0,2003.2785601992605
237560.0,2004.8017735759524
237580.0,2006.3249869796086
237600.0,2007.8482004119676
237620.0,2009.371413866585
237640.0,2010.894627325649
237660.0,2012.4178407584502
237680.0,2013.9410541226648
237700.0,2015.464267370333
237720.0,2016.987480459602
237740.0,2018.5106933721265
237760.0,2020.0339061345026
237780.0,2021.5571188390695
237800.0,2023.0803316570236
237820.0,2024.6035448347925
237840.0,2026.1267586639447
237860.0,2027.6499734171007
237880.0,2029.1731892478645
237900.0,2030.6964060636722
237920.0,2032.2196233947925
237940.0,2033.742840298983
237960.0,2035.2660553561175
237980.0,2036.7892668127581
238000.0,2038.312472928133
238020.0,2039.8356725420333
238040.0,2041.358865826955
238060.0,2042.8820551029687
238080.0,2044.4052454939585
238100.0,2045.9284451108317
238120.0,2047.451664394041
238140.0,2048.9749142779265
238160.0,2050.498202997954
238180.0,2052.021531680729
238200.0,2053.544889340063
238220.0,2055.068248500152
238240.0,2056.5915632629462
238260.0,2058.114772036417
238280.0,2059.6378070896444
238300.0,2061.160612320409
238320.0,2062.6831688852444
238340.0,2064.2055255851596
238360.0,2065.727827342398
238380.0,2067.250331366511
238400.0,2068.773397774391
238420.0,2070.2974410000106
238440.0,2071.8228320138
238460.0,2073.3497506708395
238480.0,2074.878003096204
238500.0,2076.406839989613
238520.0,2077.9348348642134
238540.0,2079.45990049594
238560.0,2080.979528530556
238580.0,2082.4913209087917
238600.0,2083.993832772397
238620.0,2085.4876591984344
238640.0,2086.9765755256785
238660.0,2088.4683995666423
238680.0,2089.975116786791
238700.0,2091.511746773781
238720.0,2093.0934932552536
238740.0,2094.730972686598
238760.0,2096.4237999897523
238780.0,2098.1535195138345
238800.0,2099.8777239619403
238820.0,2101.528023645716
238840.0,2103.015026165346
238860.0,2104.2432915826284
238880.0,2105.137949590457
238900.0,2105.682004783343
238920.0,2105.9592638661743
238940.0,2106.1926701078164
238960.0,2106.7625826125013
238980.0,2108.18579928944
239000.0,2111.0360566381232
239020.0,2115.792727196721
239040.0,2122.618440065106
239060.0,2131.0889972402624
239080.0,2139.928435274306
239100.0,2146.8330805434084
239120.0,2148.491515823239
239140.0,2140.9091299431484
239160.0,2120.110570755526
239180.0,2083.2059387108693
239200.0,2029.6574538217708
239220.0,1962.3743925640963
239240.0,1888.0199020543355
239260.0,1815.8371647697804
239280.0,1755.0470229588875
239300.0,1712.1343016648268
239320.0,1689.2794750055843
239340.0,1684.3768392332545
239360.0,1692.4764864781653
239380.0,1707.713695234285
239400.0,1724.6981270756144
239420.0,1739.0868968331838
239440.0,1747.626657094866
239460.0,1747.9630077824283
239480.0,1738.5163651577477
239500.0,1718.6127515639953
239520.0,1688.9607581014723
239540.0,1652.1978312862054
239560.0,1612.7216431786605
239580.0,1575.5569139389681
239600.0,1544.7559867836862
239620.0,1522.4598375808398
239640.0,1508.8712739518019
239660.0,1502.7590660655612
239680.0,1502.129615629742
239700.0,1504.834661405156
239720.0,1509.0011112807829
239740.0,1513.2569732728487
239760.0,1516.7823123556363
239780.0,1519.2397991666617
239800.0,1520.6431162588726
239820.0,1521.2116680079093
239840.0,1521.2442381550093
239860.0,1521.0280643127085
239880.0,1520.7866495884998
239900.0,1520.6609336588554
239920.0,1520.71417092447
239940.0,1520.9501192413738
239960.0,1521.3356932881445
239980.0,1521.8218823359773
240000.0,1522.359530957038
240020.0,1522.908931291173
240040.0,1523.4437988943982
240060.0,1523.9510733300638
240080.0,1524.4282291137713
240100.0,1524.8796020121167
240120.0,1525.3128333092734
240140.0,1525.7360765178578
240160.0,1526.1562083471142
240180.0,1526.5779950156032
240200.0,1527.0039985732278
240220.0,1527.4349490675067
240240.0,1527.8703261056958
240260.0,1528.3089539536727
240280.0,1528.74948905672
240300.0,1529.1907476404713
240320.0,1529.6318728354681
240340.0,1530.0723722050664
240360.0,1530.5120695674827
240380.0,1530.951014336687
240400.0,1531.3893827957859
240420.0,1531.8273936924422
240440.0,1532.265248915914
240460.0,1532.7031008867934
240480.0,1533.141042450609
240500.0,1533.5791123513904
240520.0,1534.0173090662852
240540.0,1534.4556070076273
240560.0,1534.8939710058944
240580.0,1535.3323669354493
240600.0,1535.7707679399102
240620.0,1536.2091567844077
240640.0,1536.6475254072616
240660.0,1537.0858728644748
240680.0,1537.5242027018157
240700.0,1537.9625204917
240720.0,1538.4008319486602
240740.0,1538.8391417617806
240760.0,1539.2774530877095
240780.0,1539.715767541929
240800.0,1540.1540854932632
240820.0,1540.5924064845876
240840.0,1541.0307296480373
240860.0,1541.4690540360311
240880.0,1541.907378837147
240900.0,1542.345703480143
240920.0,1542.7840276501968
240940.0,1543.222351248845
240960.0,1543.6606743276147
240980.0,1544.0989970187793
241000.0,1544.537319477809
241020.0,1544.97564184391
241040.0,1545.4139642193763
241060.0,1545.8522866643
241080.0,1546.290609201497
241100.0,1546.7289318267515
241120.0,1547.1672545204071
241140.0,1547.605577257281
241160.0,1548.0439000137224
241180.0,1548.4822227716447
241200.0,1548.9205455198633
241220.0,1549.3588682534737
241240.0,1549.7971909723603
241260.0,1550.2355136793415
241280.0,1550.6738363783857
241300.0,1551.1121590734624
241320.0,1551.5504817677772
241340.0,1551.9888044633485
241360.0,1552.4271271611265
241380.0,1552.8654498612395
241400.0,1553.3037725633153
241420.0,1553.742095266744
241440.0,1554.180417970942
241460.0,1554.618740675426
241480.0,1555.057063379853
241500.0,1555.495386084031
241520.0,1555.9337087879271
241540.0,1556.372031491556
241560.0,1556.8103541949426
241580.0,1557.2486768981823
241600.0,1557.6869996012697
241620.0,1558.1253223042297
241640.0,1558.563645007132
241660.0,1559.0019677100831
241680.0,1559.4402904131587
241700.0,1559.8786131164106
241720.0,1560.3169358198381
241740.0,1560.7552585233402
241760.0,1561.1935812268687
241780.0,1561.6319039303821
241800.0,1562.0702266338283
241820.0,1562.5085493371557
241840.0,1562.946872040397
241860.0,1563.3851947435599
241880.0,1563.8235174465967
241900.0,1564.2618401494865
241920.0,1564.7001628523299
241940.0,1565.138485555316
241960.0,1565.5768082585757
241980.0,1566.01513096206
242000.0,1566.4534536655933
242020.0,1566.8917763690843
242040.0,1567.330099072472
242060.0,1567.7684217757178
242080.0,1568.2067444788468
242100.0,1568.6450671818657
242120.0,1569.0833898848016
242140.0,1569.5217125876552
242160.0,1569.96003529053
242180.0,1570.3983579935843
242200.0,1570.8366806969127
242220.0,1571.2750034004125
242240.0,1571.713326103953
242260.0,1572.1516488074783
242280.0,1572.5899715109438
242300.0,1573.028294214293
242320.0,1573.4666169174664
242340.0,1573.9049396204377
242360.0,1574.3432623232388
242380.0,1574.7815850259942
242400.0,1575.2199077287985
242420.0,1575.6582304317612
242440.0,1576.0965531349411
242460.0,1576.53487583834
242480.0,1576.9731985418614
242500.0,1577.411521245436
242520.0,1577.8498439489865
242540.0,1578.288166652445
242560.0,1578.7264893557885
242580.0,1579.1648120589941
242600.0,1579.603134762077
242620.0,1580.0414574650738
242640.0,1580.47978016806
242660.0,1580.9181028711055
242680.0,1581.356425574339
242700.0,1581.7947482777963
242720.0,1582.2330709813186
242740.0,1582.6713936847632
242760.0,1583.109716388084
242780.0,1583.548039091303
242800.0,1583.9863617944493
242820.0,1584.42468449754
242840.0,1584.8630072005765
242860.0,1585.3013299035697
242880.0,1585.739652606581
242900.0,1586.177975309673
242920.0,1586.6162980129259
242940.0,1587.054620716343
242960.0,1587.49294341981
242980.0,1587.9312661232502
243000.0,1588.3695888266557
243020.0,1588.8079115299993
243040.0,1589.246234233253
243060.0,1589.6845569364164
243080.0,1590.1228796394532
243100.0,1590.5612023423753
243120.0,1590.999525045277
243140.0,1591.4378477482687
243160.0,1591.8761704514582
243180.0,1592.314493154868
243200.0,1592.752815858376
243220.0,1593.1911385618262
243240.0,1593.6294612651757
243260.0,1594.0677839684336
243280.0,1594.5061066716382
243300.0,1594.9444293748134
243320.0,1595.3827520778689
243340.0,1595.821074780823
243360.0,1596.259397483765
243380.0,1596.6977201867217
243400.0,1597.1360428897701
243420.0,1597.574365593014
243440.0,1598.012688296439
243460.0,1598.4510109999178
243480.0,1598.889333703369
243500.0,1599.3276564067862
243520.0,1599.7659791101858
243540.0,1600.2043018134832
243560.0,1600.642624516626
243580.0,1601.0809472196302
243600.0,1601.519269922546
243620.0,1601.9575926254565
243640.0,1602.395915328465
243660.0,1602.834238031643
243680.0,1603.2725607350053
243700.0,1603.7108834384233
243720.0,1604.1492061418273
243740.0,1604.5875288452041
243760.0,1605.025851548513
243780.0,1605.4641742517401
243800.0,1605.9024969548796
243820.0,1606.3408196579278
243840.0,1606.7791423609087
243860.0,1607.2174650639026
243880.0,1607.6557877670443
243900.0,1608.0941104704066
243920.0,1608.5324331738968
243940.0,1608.9707558773787
243960.0,1609.4090785808494
243980.0,1609.8474012842607
244000.0,1610.2857239875705
244020.0,1610.7240466907676
244040.0,1611.1623693938482
244060.0,1611.6006920968355
244080.0,1612.0390147997718
244100.0,1612.4773375027166
244120.0,1612.9156602057603
244140.0,1613.3539829089764
244160.0,1613.7923056123757
244180.0,1614.2306283158755
244200.0,1614.6689510194217
244220.0,1615.1072737229458
244240.0,1615.545596426414
244260.0,1615.9839191297692
244280.0,1616.4222418329562
244300.0,1616.8605645359887
244320.0,1617.2988872388937
244340.0,1617.7372099417607
244360.0,1618.1755326446773
244380.0,1618.6138553477451
244400.0,1619.052178051007
244420.0,1619.4905007544244
244440.0,1619.9288234579253
244460.0,1620.3671461614483
244480.0,1620.805468864905
244500.0,1621.2437915682726
244520.0,1621.6821142715316
244540.0,1622.120436974678
244560.0,1622.5587596777013
244580.0,1622.997082380675
244600.0,1623.4354050836612
244620.0,1623.873727786734
244640.0,1624.3120504899402
244660.0,1624.7503731932898
244680.0,1625.1886958966613
244700.0,1625.627018599937
244720.0,1626.0653413031614
244740.0,1626.503664006367
244760.0,1626.9419867095557
244780.0,1627.380309412719
244800.0,1627.8186321158419
244820.0,1628.2569548189047
244840.0,1628.695277521943
244860.0,1629.1336002250496
244880.0,1629.571922928327
244900.0,1630.0102456317625
244920.0,1630.4485683352327
244940.0,1630.886891038668
244960.0,1631.325213742076
244980.0,1631.7635364454513
245000.0,1632.201859148726
245020.0,1632.640181851865
245040.0,1633.07850455484
245060.0,1633.5168272577241
245080.0,1633.9551499605946
245100.0,1634.3934726635403
245120.0,1634.83179536665
245140.0,1635.2701180699619
245160.0,1635.7084407734224
245180.0,1636.1467634769035
245200.0,1636.5850861803542
245220.0,1637.0234088837517
245240.0,1637.461731587061
245260.0,1637.90005429023
245280.0,1638.3383769932573
245300.0,1638.7766996961982
245320.0,1639.2150223991198
245340.0,1639.6533451020937
245360.0,1640.0916678051958
245380.0,1640.5299905085055
245400.0,1640.968313211973
245420.0,1641.4066359155167
245440.0,1641.8449586190425
245460.0,1642.2832813224875
245480.0,1642.7216040258434
245500.0,1643.1599267290815
245520.0,1643.5982494321731
245540.0,1644.0365721351495
245560.0,1644.4748948380868
245580.0,1644.9132175410432
245600.0,1645.351540244122
245620.0,1645.789862947399
245640.0,1646.228185650812
245660.0,1646.6665083542516
245680.0,1647.1048310577075
245700.0,1647.543153761113
245720.0,1647.9814764643913
245740.0,1648.4197991675028
245760.0,1648.8581218704871
245780.0,1649.2964445733983
245800.0,1649.734767276331
245820.0,1650.173089979368
245840.0,1650.6114126825705
245860.0,1651.0497353859587
245880.0,1651.4880580894119
245900.0,1651.9263807928353
245920.0,1652.3647034961973
245940.0,1652.8030261995114
245960.0,1653.241348902752
245980.0,1653.6796716058993
246000.0,1654.1179943089107
246020.0,1654.55631701185
246040.0,1654.994639714799
246060.0,1655.4329624178267
246080.0,1655.871285121053
246100.0,1656.3096078244973
246120.0,1656.74793052804
246140.0,1657.186253231535
246160.0,1657.624575934935
246180.0,1658.0628986382471
246200.0,1658.5012213414673
246220.0,1658.9395440445915
246240.0,1659.3778667476386
246260.0,1659.8161894506309
246280.0,1660.254512153644
246300.0,1660.6928348567355
246320.0,1661.1311575599273
246340.0,1661.5694802632229
246360.0,1662.0078029666352
246380.0,1662.4461256700768
246400.0,1662.884448373458
246420.0,1663.3227710768267
246440.0,1663.7610937801878
246460.0,1664.1994164834537
246480.0,1664.637739186593
246500.0,1665.0760618896124
246520.0,1665.5143845925625
246540.0,1665.9527072955075
246560.0,1666.3910299985096
246580.0,1666.8293527016608
246600.0,1667.2676754050367
246620.0,1667.7059981085426
246640.0,1668.1443208120243
246660.0,1668.5826435154381
246680.0,1669.0209662187783
246700.0,1669.4592889220282
246720.0,1669.8976116251506
246740.0,1670.3359343282123
246760.0,1670.7742570312025
246780.0,1671.2125797341494
246800.0,1671.650902437122
246820.0,1672.0892251401856
246840.0,1672.5275478434262
246860.0,1672.9658705468876
246880.0,1673.404193250452
246900.0,1673.8425159539904
246920.0,1674.280838657462
246940.0,1674.719161360798
246960.0,1675.1574840640144
246980.0,1675.5958067671065
247000.0,1676.0341294700731
247020.0,1676.4724521729918
247040.0,1676.910774875918
247060.0,1677.349097578946
247080.0,1677.7874202821865
247100.0,1678.2257429856152
247120.0,1678.6640656890863
247140.0,1679.1023883925177
247160.0,1679.5407110958815
247180.0,1679.979033799155
247200.0,1680.4173565023502
247220.0,1680.8556792054794
247240.0,1681.2940019085204
247260.0,1681.732324611476
247280.0,1682.1706473144502
247300.0,1682.6089700175592
247320.0,1683.0472927208673
247340.0,1683.48561542434
247360.0,1683.9239381278308
247380.0,1684.362260831238
247400.0,1684.8005835345703
247420.0,1685.2389062378438
247440.0,1685.677228941019
247460.0,1686.1155516440754
247480.0,1686.553874347014
247500.0,1686.9921970499042
247520.0,1687.4305197528515
247540.0,1687.8688424559834
247560.0,1688.3071651593723
247580.0,1688.7454878629055
247600.0,1689.1838105664096
247620.0,1689.6221332698406
247640.0,1690.0604559731917
247660.0,1690.4987786764348
247680.0,1690.9371013795535
247700.0,1691.3754240825717
247720.0,1691.8137467855456
247740.0,1692.2520694884981
247760.0,1692.6903921914982
247780.0,1693.1287148946099
247800.0,1693.5670375978812
247820.0,1694.0053603013089
247840.0,1694.4436830048112
247860.0,1694.88200570832
247880.0,1695.3203284117742
247900.0,1695.7586511151399
247920.0,1696.1969738184266
247940.0,1696.6352965215997
247960.0,1697.0736192246397
247980.0,1697.5119419275645
248000.0,1697.9502646304531
248020.0,1698.388587333368
248040.0,1698.8269100364098
248060.0,1699.2652327396686
248080.0,1699.7035554430756
248100.0,1700.1418781464781
248120.0,1700.5802008498908
248140.0,1701.0185235533434
248160.0,1701.456846256764
248180.0,1701.8951689600858
248200.0,1702.3334916632907
248220.0,1702.771814366342
248240.0,1703.2101370692485
248260.0,1703.648459772149
248280.0,1704.0867824751817
248300.0,1704.5251051783885
248320.0,1704.9634278817634
248340.0,1705.401750585208
248360.0,1705.8400732886407
248380.0,1706.2783959920368
248400.0,1706.7167186953593
248420.0,1707.155041398591
248440.0,1707.5933641017114
248460.0,1708.031686804738
248480.0,1708.4700095077326
248500.0,1708.9083322107574
248520.0,1709.3466549139134
248540.0,1709.7849776172727
248560.0,1710.2233003207664
248580.0,1710.66162302427
248600.0,1711.0999457277528
248620.0,1711.538268431167
248640.0,1711.9765911344737
248660.0,1712.4149138376506
248680.0,1712.8532365406616
248700.0,1713.2915592435468
248720.0,1713.7298819463558
248740.0,1714.1682046491983
248760.0,1714.606527352214
248780.0,1715.0448500554899
248800.0,1715.4831727589844
248820.0,1715.9214954625654
248840.0,1716.3598181661305
248860.0,1716.798140869616
248880.0,1717.2364635730003
248900.0,1717.6747862762343
248920.0,1718.1131089793482
248940.0,1718.5514316823642
248960.0,1718.9897543852665
248980.0,1719.4280770881437
249000.0,1719.8663997911212
249020.0,1720.3047224942857
249040.0,1720.7430451976525
249060.0,1721.1813679011618
249080.0,1721.6196906046575
249100.0,1722.0580133080796
249120.0,1722.4963360113984
249140.0,1722.9346587146272
249160.0,1723.3729814177484
249180.0,1723.8113041207666
249200.0,1724.2496268237167
249220.0,1724.6879495266603
249240.0,1725.1262722296626
249260.0,1725.5645949327904
249280.0,1726.0029176361106
249300.0,1726.4412403395763
249320.0,1726.8795630430693
249340.0,1727.3178857465368
249360.0,1727.7562084499477
249380.0,1728.1945311532563
249400.0,1728.6328538564449
249420.0,1729.0711765594722
249440.0,1729.5094992623897
249460.0,1729.9478219653058
249480.0,1730.38614466832
249500.0,1730.8244673714998
249520.0,1731.2627900748907
249540.0,1731.7011127784165
249560.0,1732.1394354819126
249580.0,1732.5777581853235
249600.0,1733.0160808886535
249620.0,1733.454403591877
249640.0,1733.8927262949587
249660.0,1734.3310489979303
249680.0,1734.7693717008217
249700.0,1735.2076944036967
249720.0,1735.6460171066633
249740.0,1736.0843398098345
249760.0,1736.5226625132334
249780.0,1736.9609852167403
249800.0,1737.399307920242
249820.0,1737.837630623715
249840.0,1738.2759533271353
249860.0,1738.714276030464
249880.0,1739.152598733642
249900.0,1739.5909214366834
249920.0,1740.0292441396189
249940.0,1740.4675668425207
249960.0,1740.9058895454727
249980.0,1741.3442122485656
250000.0,1741.782534951865
250020.0,1742.2208576553585
250040.0,1742.6591803589188
250060.0,1743.097503062417
250080.0,1743.5358257658245
250100.0,1743.9741484691199
250120.0,1744.4124711723166
250140.0,1744.8507938754435
250160.0,1745.2891165784786
250180.0,1745.7274392814368
250200.0,1746.165761984387
250220.0,1746.6040846874082
250240.0,1747.0424073905754
250260.0,1747.4807300939265
250280.0,1747.9190527973813
250300.0,1748.3573755008317
250320.0,1748.7956982042488
250340.0,1749.2340209076197
250360.0,1749.6723436109114
250380.0,1750.1106663140804
250400.0,1750.5489890170848
250420.0,1750.9873117199525
250440.0,1751.4256344227983
250460.0,1751.8639571257397
250480.0,1752.302279828857
250500.0,1752.740602532166
250520.0,1753.1789252355968
250540.0,1753.6172479390375
250560.0,1754.0555706424468
250580.0,1754.4938933458209
250600.0,1754.9322160491367
250620.0,1755.3705387523685
250640.0,1755.8088614555086
250660.0,1756.2471841585952
250680.0,1756.6855068616674
250700.0,1757.1238295647472
250720.0,1757.5621522678853
250740.0,1758.0004749711673
250760.0,1758.43879767463
250780.0,1758.8771203781312
250800.0,1759.3154430815569
250820.0,1759.7537657848843
250840.0,1760.1920884880922
250860.0,1760.6304111911747
250880.0,1761.0687338941502
250900.0,1761.5070565970934
250920.0,1761.9453793000819
250940.0,1762.3837020031406
250960.0,1762.8220247063168
250980.0,1763.2603474096625
251000.0,1763.6986701131277
251020.0,1764.1369928165864
251040.0,1764.5753155199866
251060.0,1765.0136382233366
251080.0,1765.4519609266167
251100.0,1765.890283629797
251120.0,1766.3286063328546
251140.0,1766.7669290358292
251160.0,1767.205251738791
251180.0,1767.6435744418177
251200.0,1768.0818971449764
251220.0,1768.520219848313
251240.0,1768.9585425517766
251260.0,1769.396865255248
251280.0,1769.8351879586844
251300.0,1770.2735106620494
251320.0,1770.7118333653245
251340.0,1771.1501560685035
251360.0,1771.5884787715913
251380.0,1772.0268014746166
251400.0,1772.4651241775737
251420.0,1772.9034468804925
251440.0,1773.3417695834892
251460.0,1773.7800922866554
251480.0,1774.2184149900145
251500.0,1774.6567376934897
251520.0,1775.0950603969716
251540.0,1775.5333831004348
251560.0,1775.9717058038593
251580.0,1776.4100285072036
251600.0,1776.8483512104162
251620.0,1777.2866739134777
251640.0,1777.7249966164013
251660.0,1778.1633193192677
251680.0,1778.6016420221936
251700.0,1779.039964725281
251720.0,1779.4782874285997
251740.0,1779.9166101320643
251760.0,1780.3549328355173
251780.0,1780.7932555389314
251800.0,1781.2315782423386
251820.0,1781.6699009457102
251840.0,1782.1082236489688
251860.0,1782.5465463520788
251880.0,1782.9848690551134
251900.0,1783.4231917581506
251920.0,1783.8615144611863
251940.0,1784.2998371643037
251960.0,1784.7381598675922
251980.0,1785.1764825709984
252000.0,1785.6148052744043
252020.0,1786.053127977766
252040.0,1786.491450681086
252060.0,1786.9297733843464
252080.0,1787.3680960875395
252100.0,1787.8064187906239
252120.0,1788.2447414935862
252140.0,1788.683064196485
252160.0,1789.1213868994043
252180.0,1789.5597096024098
252200.0,1789.998032305577
252220.0,1790.4363550089074
252240.0,1790.8746777123438
252260.0,1791.3130004158309
252280.0,1791.7513231192631
252300.0,1792.1896458225935
252320.0,1792.6279685258282
252340.0,1793.0662912289554
252360.0,1793.5046139319923
252380.0,1793.942936634982
252400.0,1794.3812593379785
252420.0,1794.819582041057
252440.0,1795.2579047443203
252460.0,1795.6962274478688
252480.0,1796.1345501516303
252500.0,1796.5728728554727
252520.0,1797.0111955593773
252540.0,1797.4495182632104
252560.0,1797.887840966745
252580.0,1798.326163669792
252600.0,1798.764486372144
252620.0,1799.2028090735844
252640.0,1799.6411317740954
252660.0,1800.0794544739351
252680.0,1800.5177771737758
252700.0,1800.9560998746601
252720.0,1801.39442257783
252740.0,1801.8327452847075
252760.0,1802.2710679966208
252780.0,1802.7093907141104
252800.0,1803.1477134362704
252820.0,1803.5860361601196
252840.0,1804.024358880179
252860.0,1804.4626815886106
252880.0,1804.9010042761806
252900.0,1805.3393269343173
252920.0,1805.7776495583244
252940.0,1806.2159721513494
252960.0,1806.65429472845
252980.0,1807.092617319627
253000.0,1807.5309399700623
253020.0,1807.9692627355057
253040.0,1808.4075856711418
253060.0,1808.845908813409
253080.0,1809.2842321560506
253100.0,1809.7225556243488
253120.0,1810.1608790544299
253140.0,1810.5992021876868
253160.0,1811.0375246920692
253180.0,1811.4758462208652
253200.0,1811.9141665145148
253220.0,1812.3524855410365
253240.0,1812.790803655133
253260.0,1813.2291217365898
253280.0,1813.6674412500993
253300.0,1814.105764156225
253320.0,1814.54409260491
253340.0,1814.9824283678747
253360.0,1815.4207720220882
253380.0,1815.8591219841546
253400.0,1816.2974736087192
253420.0,1816.7358186828242
253440.0,1817.1741457370013
253460.0,1817.6124416066846
253480.0,1818.05069455808
253500.0,1818.488898994865
253520.0,1818.9270612649757
253540.0,1819.3652054185627
253560.0,1819.8033770342395
253580.0,1820.2416426224288
253600.0,1820.6800819096964
253620.0,1821.1187708366197
253640.0,1821.5577546728878
253660.0,1821.9970134412936
253680.0,1822.4364257459151
253700.0,1822.8757415944995
253720.0,1823.3145788283866
253740.0,1823.752459726607
253760.0,1824.1889022547082
253780.0,1824.6235723143254
253800.0,1825.0564878958944
253820.0,1825.488243424319
253840.0,1825.920195415226
253860.0,1826.3545245934208
253880.0,1826.7940740100544
253900.0,1827.2418692294111
253920.0,1827.700267727708
253940.0,1828.1697696489257
253960.0,1828.6476524299062
253980.0,1829.126755372199
254000.0,1829.5949063079217
254020.0,1830.0355996742292
254040.0,1830.4305345633318
254060.0,1830.7644268721383
254080.0,1831.0320591833438
254100.0,1831.246805773826
254120.0,1831.4489259937413
254140.0,1831.7109257020522
254160.0,1832.1365426322438
254180.0,1832.8498395008369
254200.0,1833.9719828685259
254220.0,1835.5860100322147
254240.0,1837.6945185018187
254260.0,1840.181657346015
254280.0,1842.7984129028368
254300.0,1845.197682761227
254320.0,1847.050140766085
254340.0,1848.2032719301264
254360.0,1848.5530634942838
254380.0,1847.7085292348688
254400.0,1845.0495473180515
254420.0,1840.2566614359046
254440.0,1833.8254624076937
254460.0,1826.8350872750284
254480.0,1820.376680314995
254500.0,1815.2081823317706
254520.0,1811.6589799553196
254540.0,1809.6870094192677
254560.0,1809.0045680237758
254580.0,1809.213706912681
254600.0,1809.9165406543857
254620.0,1810.7861770640266
254640.0,1811.5983640024945
254660.0,1812.2322095209765
254680.0,1812.6514436643097
254700.0,1812.877185221787
254720.0,1812.9606437610473
254740.0,1812.9609576722657
254760.0,1812.9303687577474
254780.0,1812.9066697944563
254800.0,1812.9114914013633
254820.0,1812.9524368294813
254840.0,1813.0271185752888
254860.0,1813.1275538347647
254880.0,1813.243918118606
254900.0,1813.3671780466545
254920.0,1813.4905325048135
254940.0,1813.6098516795487
254960.0,1813.723423893392
254980.0,1813.8313325896452
255000.0,1813.9347305488877
255020.0,1814.0351929853728
255040.0,1814.1342441211832
255060.0,1814.2330807541362
255080.0,1814.3324687468714
255100.0,1814.432764248709
255120.0,1814.5340062414507
255140.0,1814.6360342290488
255160.0,1814.738598243644
255180.0,1814.841442803979
255200.0,1814.9443587834207
255220.0,1815.0472057742488
255240.0,1815.1499122521152
255260.0,1815.2524622776873
255280.0,1815.3548766397064
255300.0,1815.457194303129
255320.0,1815.55945765016
255340.0,1815.661702886669
255360.0,1815.7639554396271
255380.0,1815.866229269142
255400.0,1815.9685286826584
255420.0,1816.0708513100715
255440.0,1816.173191202234
255460.0,1816.2755414016399
255480.0,1816.3778956937058
255500.0,1816.4802495218041
255520.0,1816.582600218276
255540.0,1816.684946777013
255560.0,1816.7872893930312
255580.0,1816.8896289508157
255600.0,1816.9919665812427
255620.0,1817.0943033460444
255640.0,1817.1966400608567
255660.0,1817.2989772358135
255680.0,1817.4013150980293
255700.0,1817.5036536585612
255720.0,1817.6059927920633
255740.0,1817.7083323079187
255760.0,1817.8106720024184
255780.0,1817.913011690353
255800.0,1818.0153512208337
255820.0,1818.1176904845252
255840.0,1818.2200294199836
255860.0,1818.3223680242893
255880.0,1818.4247063693606
255900.0,1818.5270446195361
255920.0,1818.629383041292
255940.0,1818.731721992682
255960.0,1818.8340618784719
255980.0,1818.9364030600573
256000.0,1819.0387457181018
256020.0,1819.1410896808266
256040.0,1819.2434342508866
256060.0,1819.3457780864348
256080.0,1819.4481192103606
256100.0,1819.5504552296159
256120.0,1819.6527838312963
256140.0,1819.755103577338
256160.0,1819.8574149373321
256180.0,1819.959721382706
256200.0,1820.0620302306247
256220.0,1820.1643528025584
256240.0,1820.2667033991795
256260.0,1820.369096647934
256280.0,1820.4715430139258
256300.0,1820.5740427176704
256320.0,1820.6765789752571
256340.0,1820.7791122919812
256360.0,1820.8815783316434
256380.0,1820.9838923814218
256400.0,1821.085963283253
256420.0,1821.1877185337205
256440.0,1821.2891397748215
256460.0,1821.3903040496832
256480.0,1821.4914213233387
256500.0,1821.5928537667594
256520.0,1821.6950986971576
256540.0,1821.7987169299624
256560.0,1821.9041939362723
256580.0,1822.0117345724757
256600.0,1822.121014007591
256620.0,1822.2309363302106
256640.0,1822.3394834642634
256660.0,1822.4437619417563
256680.0,1822.540361695464
256700.0,1822.6261152660259
256720.0,1822.6992748118598
256740.0,1822.7610013613564
256760.0,1822.8168914751775
256780.0,1822.8780750799683
256800.0,1822.9612517969
256820.0,1823.0869614608807
256840.0,1823.2754926908633
256860.0,1823.5402040215806
256880.0,1823.878717589027
256900.0,1824.2634310648325
256920.0,1824.6339589243948
256940.0,1824.8952024332987
256960.0,1824.925359684333
256980.0,1824.597816438516
257000.0,1823.8189856876284
257020.0,1822.5804143966711
257040.0,1821.017837208141
257060.0,1819.4629203004122
257080.0,1818.466606570523
257100.0,1818.7685433474137
257120.0,1821.1880925902376
257140.0,1826.422210376359
257160.0,1834.7567634952532
257180.0,1845.731716210076
257200.0,1857.8566632202696
257220.0,1868.603725467889
257240.0,1874.9882781124738
257260.0,1874.8343386510319
257280.0,1867.90799204274
257300.0,1855.8319526339978
257320.0,1841.162499492044
257340.0,1826.5119822339846
257360.0,1813.9495928926822
257380.0,1804.6487466066478
257400.0,1798.8838236183697
257420.0,1796.2533338294081
257440.0,1795.9774526342426
257460.0,1797.1704013895899
257480.0,1799.0372046247169
257500.0,1800.9819350872199
257520.0,1802.6386399073756
257540.0,1803.847832064431
257560.0,1804.6036288643159
257580.0,1804.9928134903028
257600.0,1805.1404998107348
257620.0,1805.1701409629302
257640.0,1805.1798614862425
257660.0,1805.2331882004764
257680.0,1805.3602464409662
257700.0,1805.565025616747
257720.0,1805.8348856372008
257740.0,1806.1495592029544
257760.0,1806.4880915785332
257780.0,1806.8331787935865
257800.0,1807.1730857337548
257820.0,1807.5017255738335
257840.0,1807.8176105271268
257860.0,1808.1223233179385
257880.0,1808.4189956905943
257900.0,1808.7110869252665
257920.0,1809.0015813260075
257940.0,1809.2925952064027
257960.0,1809.585308017407
257980.0,1809.8801029475812
258000.0,1810.176806887682
258020.0,1810.474943824657
258040.0,1810.773947067822
258060.0,1811.0733052856551
258080.0,1811.372640091428
258100.0,1811.6717271245852
258120.0,1811.9704788465212
258140.0,1812.26890751993
258160.0,1812.567083400189
258180.0,1812.865098161747
258200.0,1813.1630386056581
258220.0,1813.4609717010085
258240.0,1813.7589393927428
258260.0,1814.0569603277897
258280.0,1814.355035431075
258300.0,1814.6531547259663
258320.0,1814.9513035811356
258340.0,1815.2494673951255
258360.0,1815.5476344246817
258380.0,1815.845796939849
258400.0,1816.1439511421856
258420.0,1816.4420963506316
258440.0,1816.7402339025764
258460.0,1817.0383660963212
258480.0,1817.3364953645607
258500.0,1817.634623748091
258520.0,1817.9327526536122
258540.0,1818.2308828306118
258560.0,1818.5290144851951
258580.0,1818.8271474546611
258600.0,1819.125281384834
258620.0,1819.423415874544
258640.0,1819.7215505722356
258660.0,1820.0196852248137
258680.0,1820.3178196879423
258700.0,1820.6159539111418
258720.0,1820.9140879106176
258740.0,1821.2122217395984
258760.0,1821.510355463413
258780.0,1821.8084891420647
258800.0,1822.1066228206662
258820.0,1822.4047565265598
258840.0,1822.7028902709492
258860.0,1823.0010240531017
258880.0,1823.2991578652575
258900.0,1823.5972916968653
258920.0,1823.8954255377043
258940.0,1824.193559379885
258960.0,1824.4916932183987
258980.0,1824.7898270509202
259000.0,1825.0879608771415
259020.0,1825.3860946980403
259040.0,1825.6842285153434
259060.0,1825.9823623307955
259080.0,1826.2804961457598
259100.0,1826.5786299611234
259120.0,1826.876763777392
259140.0,1827.1748975947344
259160.0,1827.4730314130309
259180.0,1827.7711652319547
259200.0,1828.069299051212
259220.0,1828.367432870606
259240.0,1828.665566689992
259260.0,1828.963700509307
259280.0,1829.2618343285158
259300.0,1829.5599681475749
259320.0,1829.8581019665198
259340.0,1830.156235785412
259360.0,1830.4543696042288
259380.0,1830.7525034229698
259400.0,1831.0506372416917
259420.0,1831.3487710603938
259440.0,1831.6469048791296
259460.0,1831.9450386979217
259480.0,1832.243172516807
259500.0,1832.5413063358003
259520.0,1832.8394401548153
259540.0,1833.1375739737837
259560.0,1833.4357077926793
259580.0,1833.7338416115363
259600.0,1834.0319754303662
259620.0,1834.3301092492081
259640.0,1834.628243068013
259660.0,1834.9263768867647
259680.0,1835.2245107054991
259700.0,1835.5226445242224
259720.0,1835.8207783430003
259740.0,1836.1189121618686
259760.0,1836.4170459807908
259780.0,1836.7151797997183
259800.0,1837.0133136186219
259820.0,1837.31144743753
259840.0,1837.6095812564467
259860.0,1837.9077150753924
259880.0,1838.2058488943153
259900.0,1838.503982713189
259920.0,1838.8021165320083
259940.0,1839.1002503508214
259960.0,1839.3983841696122
259980.0,1839.6965179883148
260000.0,1839.9946518069785
260020.0,1840.292785625596
260040.0,1840.5909194442381
260060.0,1840.8890532629775
260080.0,1841.1871870818309
260100.0,1841.4853209007579
260120.0,1841.7834547197212
260140.0,1842.0815885387296
260160.0,1842.3797223577596
260180.0,1842.6778561767765
260200.0,1842.9759899957237
260220.0,1843.2741238146045
260240.0,1843.5722576334324
260260.0,1843.8703914522498
260280.0,1844.1685252710963
260300.0,1844.4666590899626
260320.0,1844.7647929088168
260340.0,1845.0629267276113
260360.0,1845.361060546412
260380.0,1845.6591943652516
260400.0,1845.9573281840712
260420.0,1846.255462002872
260440.0,1846.5535958216424
260460.0,1846.8517296404184
260480.0,1847.149863459204
260500.0,1847.4479972780387
260520.0,1847.746131096928
260540.0,1848.0442649158304
260560.0,1848.3423987347487
260580.0,1848.640532553692
260600.0,1848.938666372628
260620.0,1849.2368001914765
260640.0,1849.5349340102657
260660.0,1849.8330678290135
260680.0,1850.1312016477743
260700.0,1850.4293354665672
260720.0,1850.7274692853457
260740.0,1851.0256031041185
260760.0,1851.323736922915
260780.0,1851.6218707417643
260800.0,1851.9200045606926
260820.0,1852.218138379671
260840.0,1852.5162721986464
260860.0,1852.8144060175578
260880.0,1853.1125398364177
260900.0,1853.410673655227
260920.0,1853.7088074740404
260940.0,1854.0069412928508
260960.0,1854.3050751116457
260980.0,1854.6032089304451
261000.0,1854.9013427492184
261020.0,1855.1994765679797
261040.0,1855.4976103867461
261060.0,1855.795744205579
261080.0,1856.0938780244658
261100.0,1856.3920118433925
261120.0,1856.690145662283
261140.0,1856.988279481119
261160.0,1857.2864132999355
261180.0,1857.584547118728
261200.0,1857.8826809375812
261220.0,1858.1808147564989
261240.0,1858.4789485754693
261260.0,1858.777082394455
261280.0,1859.0752162134431
261300.0,1859.3733500324252
261320.0,1859.6714838513064
261340.0,1859.9696176701138
261360.0,1860.267751488839
261380.0,1860.5658853075067
261400.0,1860.8640191261632
261420.0,1861.1621529448425
261440.0,1861.4602867635863
261460.0,1861.7584205824198
261480.0,1862.0565544013189
261500.0,1862.3546882202259
261520.0,1862.6528220391483
261540.0,1862.9509558581212
261560.0,1863.249089677079
261580.0,1863.547223495966
261600.0,1863.8453573148013
261620.0,1864.1434911336316
261640.0,1864.44162495249
261660.0,1864.7397587713926
261680.0,1865.0378925903017
261700.0,1865.3360264091887
261720.0,1865.634160228059
261740.0,1865.932294046892
261760.0,1866.2304278656477
261780.0,1866.5285616843405
261800.0,1866.8266955029783
261820.0,1867.124829321578
261840.0,1867.4229631402457
261860.0,1867.721096959042
261880.0,1868.019230777986
261900.0,1868.3173645969903
261920.0,1868.615498415968
261940.0,1868.9136322349066
261960.0,1869.2117660538074
261980.0,1869.5098998726803
262000.0,1869.808033691494
262020.0,1870.106167510284
262040.0,1870.4043013290861
262060.0,1870.7024351479104
262080.0,1871.0005689668074
262100.0,1871.2987027857187
262120.0,1871.5968366046236
262140.0,1871.8949704234878
262160.0,1872.1931042423107
262180.0,1872.4912380611058
262200.0,1872.7893718799137
262220.0,1873.087505698754
262240.0,1873.3856395176274
262260.0,1873.6837733365596
262280.0,1873.9819071554728
262300.0,1874.280040974339
262320.0,1874.578174793176
262340.0,1874.876308612007
262360.0,1875.1744424308629
262380.0,1875.4725762497335
262400.0,1875.7707100686475
262420.0,1876.0688438875827
262440.0,1876.3669777064592
262460.0,1876.6651115252694
262480.0,1876.9632453440365
262500.0,1877.261379162793
262520.0,1877.5595129815417
262540.0,1877.8576468003084
262560.0,1878.1557806190729
262580.0,1878.453914437896
262600.0,1878.7520482567666
262620.0,1879.0501820756501
262640.0,1879.3483158945262
262660.0,1879.646449713387
262680.0,1879.9445835322654
262700.0,1880.2427173511328
262720.0,1880.5408511699638
262740.0,1880.8389849887476
262760.0,1881.1371188075323
262780.0,1881.4352526263588
262800.0,1881.7333864451944
262820.0,1882.0315202640293
262840.0,1882.3296540828385
262860.0,1882.627787901652
262880.0,1882.9259217204562
262900.0,1883.2240555392505
262920.0,1883.5221893580706
262940.0,1883.8203231768978
262960.0,1884.1184569957372
262980.0,1884.416590814614
263000.0,1884.714724633542
263020.0,1885.0128584524748
263040.0,1885.3109922713757
263060.0,1885.6091260902153
263080.0,1885.9072599090057
263100.0,1886.2053937277815
263120.0,1886.5035275465875
263140.0,1886.8016613654313
263160.0,1887.0997951843194
263180.0,1887.3979290031857
263200.0,1887.6960628220036
263220.0,1887.9941966407737
263240.0,1888.2923304595274
263260.0,1888.5904642783255
263280.0,1888.8885980971731
263300.0,1889.1867319160206
263320.0,1889.4848657348764
263340.0,1889.782999553726
263360.0,1890.0811333725694
263380.0,1890.3792671913961
263400.0,1890.6774010102254
263420.0,1890.975534829096
263440.0,1891.2736686480068
263460.0,1891.5718024669732
263480.0,1891.8699362859788
263500.0,1892.168070104991
263520.0,1892.4662039239756
263540.0,1892.7643377429117
263560.0,1893.0624715618037
263580.0,1893.360605380601
263600.0,1893.658739199343
263620.0,1893.956873018061
263640.0,1894.2550068367702
263660.0,1894.5531406555463
263680.0,1894.8512744743616
263700.0,1895.1494082932008
263720.0,1895.4475421120392
263740.0,1895.7456759308825
263760.0,1896.0438097497104
263780.0,1896.341943568504
263800.0,1896.6400773873022
263820.0,1896.9382112061526
263840.0,1897.2363450251407
263860.0,1897.5344788442076
263880.0,1897.832612663285
263900.0,1898.1307464823403
263920.0,1898.4288803013183
263940.0,1898.7270141201811
263960.0,1899.025147938934
263980.0,1899.3232817576268
264000.0,1899.6214155762814
264020.0,1899.9195493949294
264040.0,1900.2176832136017
264060.0,1900.5158170323125
264080.0,1900.8139508510972
264100.0,1901.1120846699764
264120.0,1901.4102184889628
264140.0,1901.7083523080662
264160.0,1902.0064861273015
264180.0,1902.3046199465757
264200.0,1902.6027537658367
264220.0,1902.9008875849977
264240.0,1903.199021403875
264260.0,1903.4971552223546
264280.0,1903.795289040267
264300.0,1904.0934228575638
264320.0,1904.3915566743144
264340.0,1904.689690490727
264360.0,1904.987824307345
264380.0,1905.2859581250002
264400.0,1905.584091944795
264420.0,1905.8822257678262
264440.0,1906.1803595949375
264460.0,1906.4784934261552
264480.0,1906.776627260141
264500.0,1907.074761093801
264520.0,1907.372894922183
264540.0,1907.6710287388516
264560.0,1907.9691625368737
264580.0,1908.2672963107955
264600.0,1908.5654300592446
264620.0,1908.8635637881373
264640.0,1909.1616975135414
264660.0,1909.4598312632345
264680.0,1909.7579650753112
264700.0,1910.0560989926703
264720.0,1910.3542330524797
264740.0,1910.652367270302
264760.0,1910.9505016210728
264780.0,1911.248636020521
264800.0,1911.5467703137388
264820.0,1911.844904278867
264840.0,1912.1430376546668
264860.0,1912.441170198793
264880.0,1912.7393017780437
264900.0,1913.0374324825666
264920.0,1913.335562742543
264940.0,1913.6336934118804
264960.0,1913.9318257704276
264980.0,1914.229961390541
265000.0,1914.528101822667
265020.0,1914.8262480824676
265040.0,1915.1243999751011
265060.0,1915.4225553674237
265080.0,1915.720709608417
265100.0,1916.0188553805099
265120.0,1916.31698331112
265140.0,1916.615083644144
265160.0,1916.9131491262146
265180.0,1917.2111789728995
265200.0,1917.5091833447004
265220.0,1917.8071872265784
265240.0,1918.1052320743868
265260.0,1918.4033732406667
265280.0,1918.701671251938
265300.0,1919.0001757271384
265320.0,1919.2989023027294
265340.0,1919.5978054169234
265360.0,1919.8967529997244
265380.0,1920.1955124501824
265400.0,1920.493759778882
265420.0,1920.7911241013123
265440.0,1921.0872762582287
265460.0,1921.3820618820669
265480.0,1921.675665146142
265500.0,1921.9687705818556
265520.0,1922.2626696734228
265540.0,1922.5592418975223
265560.0,1922.860734315723
265580.0,1923.1692790371228
265600.0,1923.4861325140787
265620.0,1923.8106995794817
265640.0,1924.139515389757
265660.0,1924.4654849908868
265680.0,1924.777793018648
265700.0,1925.0629498100031
265720.0,1925.307379084113
265740.0,1925.5017209343362
265760.0,1925.646585282296
265780.0,1925.7588507813412
265800.0,1925.8768363911574
265820.0,1926.0619406235771
265840.0,1926.3939047653912
265860.0,1926.9570428640013
265880.0,1927.8159394171803
265900.0,1928.9815047418974
265920.0,1930.3719287389183
265940.0,1931.777628422476
265960.0,1932.8438559842612
265980.0,1933.0877420134257
266000.0,1931.96620247883
266020.0,1929.0051355690343
266040.0,1923.9868149127137
266060.0,1917.1706270143477
266080.0,1909.4936534263943
266100.0,1902.6663357309935
266120.0,1899.0517621614254
266140.0,1901.1819912650112
266160.0,1910.7729792502275
266180.0,1927.812044900093
266200.0,1950.4271123078047
266220.0,1975.299743498952
266240.0,1998.7804448720667
266260.0,2018.0974029146505
266280.0,2031.8748300553202
266300.0,2040.0501797688726
266320.0,2043.4891682870257
266340.0,2043.524254772166
266360.0,2041.555577212416
266380.0,2038.7787812493484
266400.0,2036.0495042186237
266420.0,2033.861094338136
266440.0,2032.3977105586619
266460.0,2031.624235205062
266480.0,2031.3818986018243
266500.0,2031.469321748668
266520.0,2031.6993136329784
266540.0,2031.9301585006028
266560.0,2032.0755086210738
266580.0,2032.099484650252
266600.0,2032.0038252934587
266620.0,2031.8127539069114
266640.0,2031.5594240847167
266660.0,2031.2759670173205
266680.0,2030.987659828869
266700.0,2030.7107250384772
266720.0,2030.4527570514208
266740.0,2030.2146563587587
266760.0,2029.9931004769194
266780.0,2029.7828594825492
266800.0,2029.5785674368606
266820.0,2029.3758202541417
266840.0,2029.171652642673
266860.0,2028.9645466894458
266880.0,2028.7541554659038
266900.0,2028.5409080103018
266920.0,2028.325619393231
266940.0,2028.1091797124577
266960.0,2027.8923513374116
266980.0,2027.675671084044
267000.0,2027.4594349009574
267020.0,2027.2437354535746
267040.0,2027.0285244012
267060.0,2026.8136775000519
267080.0,2026.599048752993
267100.0,2026.3845074003755
267120.0,2026.1699573350318
267140.0,2025.955342107898
267160.0,2025.7406402424222
267180.0,2025.5258555973978
267200.0,2025.311006608624
267220.0,2025.0961169448578
267240.0,2024.881208836942
267260.0,2024.6662993217656
267280.0,2024.4513989801828
267300.0,2024.2365124290948
267320.0,2024.021639779301
267340.0,2023.8067783940048
267360.0,2023.5919244869306
267380.0,2023.377074312793
267400.0,2023.1622248796564
267420.0,2022.9473742332455
267440.0,2022.7325214273005
267460.0,2022.517666309447
267480.0,2022.30280923712
267500.0,2022.0879508067817
267520.0,2021.8730916434135
267540.0,2021.6582322676077
267560.0,2021.4433730356548
267580.0,2021.2285141351538
267600.0,2021.013655615117
267620.0,2020.7987974312096
267640.0,2020.5839394912753
267660.0,2020.3690816920703
267680.0,2020.1542239437404
267700.0,2019.9393661820682
267720.0,2019.724508370809
267740.0,2019.5096504976887
267760.0,2019.294792567338
267780.0,2019.0799345936405
267800.0,2018.8650765933803
267820.0,2018.6502185819093
267840.0,2018.4353605706685
267860.0,2018.2205025666015
267880.0,2018.005644572503
267900.0,2017.790786588096
267920.0,2017.5759286112775
267940.0,2017.3610706393133
267960.0,2017.1462126696879
267980.0,2016.931354700412
268000.0,2016.7164967301567
268020.0,2016.5016387583532
268040.0,2016.2867807849634
268060.0,2016.071922810263
268080.0,2015.8570648346479
268100.0,2015.6422068585448
268120.0,2015.427348882266
268140.0,2015.212490906079
268160.0,2014.9976329301644
268180.0,2014.7827749545663
268200.0,2014.5679169792354
268220.0,2014.353059004102
268240.0,2014.1382010290738
268260.0,2013.923343054024
268280.0,2013.7084850789265
268300.0,2013.493627103763
268320.0,2013.2787691285334
268340.0,2013.0639111532746
268360.0,2012.8490531780888
268380.0,2012.634195203021
268400.0,2012.4193372279835
268420.0,2012.2044792528966
268440.0,2011.9896212776919
268460.0,2011.77476330241
268480.0,2011.5599053270766
268500.0,2011.3450473516918
268520.0,2011.1301893762889
268540.0,2010.915331400921
268560.0,2010.7004734255866
268580.0,2010.4856154502377
268600.0,2010.2707574748488
268620.0,2010.055899499484
268640.0,2009.8410415242174
268660.0,2009.6261835490877
268680.0,2009.4113255740292
268700.0,2009.196467598928
268720.0,2008.9816096237857
268740.0,2008.7667516486513
268760.0,2008.5518936735018
268780.0,2008.3370356983276
268800.0,2008.122177723101
268820.0,2007.9073197478688
268840.0,2007.6924617726734
268860.0,2007.4776037975123
268880.0,2007.262745822331
268900.0,2007.0478878471629
268920.0,2006.8330298719734
268940.0,2006.6181718967223
268960.0,2006.4033139214384
268980.0,2006.188455946184
269000.0,2005.9735979709887
269020.0,2005.7587399957781
269040.0,2005.5438820204738
269060.0,2005.3290240451115
269080.0,2005.1141660697817
269100.0,2004.8993080944838
269120.0,2004.6844501191943
269140.0,2004.4695921438893
269160.0,2004.2547341686288
269180.0,2004.0398761934666
269200.0,2003.8250182183551
269220.0,2003.6101602432232
269240.0,2003.395302268015
269260.0,2003.1804442927466
269280.0,2002.9655863174328
269300.0,2002.7507283420769
269320.0,2002.535870366702
269340.0,2002.321012391425
269360.0,2002.1061544162262
269380.0,2001.8912964409878
269400.0,2001.6764384656567
269420.0,2001.4615804902946
269440.0,2001.2467225149765
269460.0,2001.031864539727
269480.0,2000.8170065644886
269500.0,2000.6021485892184
269520.0,2000.3872906139945
269540.0,2000.1724326388971
269560.0,1999.957574663813
269580.0,1999.7427166886653
269600.0,1999.5278587134476
269620.0,1999.3130007382474
269640.0,1999.098142763065
269660.0,1998.8832847878261
269680.0,1998.6684268125305
269700.0,1998.4535688372325
269720.0,1998.2387108619355
269740.0,1998.0238528866364
269760.0,1997.8089949113316
269780.0,1997.5941369360364
269800.0,1997.379278960856
269820.0,1997.1644209857586
269840.0,1996.9495630106896
269860.0,1996.7347050355597
269880.0,1996.5198470603493
269900.0,1996.304989085089
269920.0,1996.0901311097791
269940.0,1995.8752731344218
269960.0,1995.6604151590593
269980.0,1995.4455571837377
270000.0,1995.2306992084436
270020.0,1995.015841233196
270040.0,1994.8009832580005
270060.0,1994.586125282906
270080.0,1994.37126730788
270100.0,1994.1564093328293
270120.0,1993.9415513576846
270140.0,1993.7266933824794
270160.0,1993.511835407259
270180.0,1993.2969774319722
270200.0,1993.0821194566065
270220.0,1992.8672614812099
270240.0,1992.6524035058694
270260.0,1992.4375455305685
270280.0,1992.2226875552756
270300.0,1992.0078295799874
270320.0,1991.7929716047468
270340.0,1991.5781136295768
270360.0,1991.363255654421
270380.0,1991.1483976792383
270400.0,1990.9335397040238
270420.0,1990.718681728776
270440.0,1990.5038237534675
270460.0,1990.2889657781147
270480.0,1990.0741078027454
270500.0,1989.859249827416
270520.0,1989.6443918521477
270540.0,1989.429533876903
270560.0,1989.2146759016723
270580.0,1988.9998179264658
270600.0,1988.7849599513386
270620.0,1988.5701019762753
270640.0,1988.3552440011656
270660.0,1988.14038602595
270680.0,1987.9255280506877
270700.0,1987.7106700754389
270720.0,1987.495812100151
270740.0,1987.2809541248105
270760.0,1987.0660961494486
270780.0,1986.8512381741464
270800.0,1986.6363801989214
270820.0,1986.4215222237265
270840.0,1986.2066642485267
270860.0,1985.99180627336
270880.0,1985.7769482982126
270900.0,1985.5620903230301
270920.0,1985.347232347758
270940.0,1985.1323743724538
270960.0,1984.9175163971988
270980.0,1984.7026584219373
271000.0,1984.4878004466282
271020.0,1984.2729424713234
271040.0,1984.0580844961296
271060.0,1983.8432265210208
271080.0,1983.6283685459173
271100.0,1983.4135105707533
271120.0,1983.198652595564
271140.0,1982.9837946204084
271160.0,1982.7689366452407
271180.0,1982.5540786699723
271200.0,1982.3392206945905
271220.0,1982.1243627191961
271240.0,1981.909504743804
271260.0,1981.6946467684065
271280.0,1981.4797887930224
271300.0,1981.2649308177158
271320.0,1981.05007284254
271340.0,1980.835214867441
271360.0,1980.6203568923197
271380.0,1980.4054989171632
271400.0,1980.1906409420255
271420.0,1979.9757829668451
271440.0,1979.7609249915852
271460.0,1979.5460670162654
271480.0,1979.3312090409509
271500.0,1979.1163510657148
271520.0,1978.9014930905057
271540.0,1978.686635115267
271560.0,1978.4717771400296
271580.0,1978.256919164845
271600.0,1978.0420611896639
271620.0,1977.8272032144214
271640.0,1977.6123452391143
271660.0,1977.3974872638348
271680.0,1977.1826292886399
271700.0,1976.9677713134442
271720.0,1976.7529133382184
271740.0,1976.5380553630105
271760.0,1976.3231973878446
271780.0,1976.1083394126558
271800.0,1975.893481437408
271820.0,1975.6786234621097
271840.0,1975.4637654867943
271860.0,1975.248907511535
271880.0,1975.0340495363016
271900.0,1974.8191915610446
271920.0,1974.6043335857794
271940.0,1974.3894756105378
271960.0,1974.1746176352833
271980.0,1973.9597596600138
272000.0,1973.7449016847077
272020.0,1973.5300437094327
272040.0,1973.3151857342448
272060.0,1973.1003277590705
272080.0,1972.8854697838365
272100.0,1972.6706118085672
272120.0,1972.4557538333333
272140.0,1972.2408958581368
272160.0,1972.026037882994
272180.0,1971.8111799078713
272200.0,1971.5963219327557
272220.0,1971.3814639576096
272240.0,1971.1666059824013
272260.0,1970.9517480071256
272280.0,1970.7368900318102
272300.0,1970.5220320565143
272320.0,1970.3071740812452
272340.0,1970.0923161060114
272360.0,1969.877458130792
272380.0,1969.662600155576
272400.0,1969.4477421803517
272420.0,1969.2328842050986
272440.0,1969.0180262298259
272460.0,1968.8031682545588
272480.0,1968.5883102793337
272500.0,1968.3734523041262
272520.0,1968.1585943288887
272540.0,1967.9437363535949
272560.0,1967.7288783783297
272580.0,1967.5140204031152
272600.0,1967.2991624278882
272620.0,1967.0843044525868
272640.0,1966.8694464772743
272660.0,1966.654588502023
272680.0,1966.4397305268205
272700.0,1966.2248725515606
272720.0,1966.010014576223
272740.0,1965.79515660092
272760.0,1965.5802986256836
272780.0,1965.365440650529
272800.0,1965.1505826754117
272820.0,1964.9357247002797
272840.0,1964.7208667251125
272860.0,1964.5060087499176
272880.0,1964.2911507746999
272900.0,1964.07629279947
272920.0,1963.8614348242888
272940.0,1963.646576849104
272960.0,1963.4317188738437
272980.0,1963.2168608984964
273000.0,1963.0020029231614
273020.0,1962.7871449478855
273040.0,1962.5722869726037
273060.0,1962.357428997257
273080.0,1962.14257102189
273100.0,1961.927713046614
273120.0,1961.7128550713846
273140.0,1961.4979970961383
273160.0,1961.28313912087
273180.0,1961.0682811456704
273200.0,1960.8534231705448
273220.0,1960.6385651954267
273240.0,1960.4237072202945
273260.0,1960.2088492451737
273280.0,1959.9939912701097
273300.0,1959.7791332950715
273320.0,1959.5642753199954
273340.0,1959.3494173448423
273360.0,1959.1345593696092
273380.0,1958.9197013943017
273400.0,1958.7048434189292
273420.0,1958.4899854435105
273440.0,1958.2751274681054
273460.0,1958.060269492768
273480.0,1957.8454115174616
273500.0,1957.6305535421543
273520.0,1957.4156955668345
273540.0,1957.20083759154
273560.0,1956.9859796162377
273580.0,1956.771121640951
273600.0,1956.5562636657064
273620.0,1956.3414056904971
273640.0,1956.1265477153368
273660.0,1955.911689740215
273680.0,1955.6968317650717
273700.0,1955.4819737898597
273720.0,1955.2671158146265
273740.0,1955.0522578393459
273760.0,1954.837399863994
273780.0,1954.622541888651
273800.0,1954.4076839133754
273820.0,1954.1928259381664
273840.0,1953.9779679629773
273860.0,1953.763109987765
273880.0,1953.5482520125292
273900.0,1953.3333940373227
273920.0,1953.1185360621214
273940.0,1952.9036780868817
273960.0,1952.688820111597
273980.0,1952.473962136302
274000.0,1952.2591041610333
274020.0,1952.0442461857688
274040.0,1951.8293882104822
274060.0,1951.6145302351902
274080.0,1951.399672259921
274100.0,1951.184814284668
274120.0,1950.9699563093877
274140.0,1950.7550983341057
274160.0,1950.5402403588973
274180.0,1950.3253823837636
274200.0,1950.1105244086586
274220.0,1949.895666433511
274240.0,1949.680808458295
274260.0,1949.465950483061
274280.0,1949.251092507801
274300.0,1949.0362345324884
274320.0,1948.8213765571459
274340.0,1948.60651858182
274360.0,1948.3916606065031
274380.0,1948.1768026312252
274400.0,1947.9619446559968
274420.0,1947.7470866808217
274440.0,1947.5322287056847
274460.0,1947.3173707305482
274480.0,1947.1025127553821
274500.0,1946.8876547801672
274520.0,1946.6727968049534
274540.0,1946.4579388297304
274560.0,1946.2430808544293
274580.0,1946.028222879073
274600.0,1945.8133649037331
274620.0,1945.5985069284397
274640.0,1945.3836489531648
274660.0,1945.16879097792
274680.0,1944.9539330026905
274700.0,1944.7390750274985
274720.0,1944.5242170523295
274740.0,1944.3093590771236
274760.0,1944.0945011018568
274780.0,1943.8796431265691
274800.0,1943.6647851513378
274820.0,1943.4499271761306
274840.0,1943.2350692009197
274860.0,1943.020211225686
274880.0,1942.8053532504823
274900.0,1942.5904952752874
274920.0,1942.375637300041
274940.0,1942.1607793247276
274960.0,1941.9459213493633
274980.0,1941.7310633740294
275000.0,1941.516205398772
275020.0,1941.30134742356
275040.0,1941.0864894483584
275060.0,1940.8716314732083
275080.0,1940.6567734980933
275100.0,1940.4419155229275
275120.0,1940.2270575477046
275140.0,1940.012199572496
275160.0,1939.7973415973574
275180.0,1939.5824836222243
275200.0,1939.3676256470317
275220.0,1939.1527676718065
275240.0,1938.9379096966163
275260.0,1938.7230517214598
275280.0,1938.5081937462808
275300.0,1938.293335771076
275320.0,1938.0784777958736
275340.0,1937.86361982067
275360.0,1937.6487618454078
275380.0,1937.4339038700532
275400.0,1937.2190458946905
275420.0,1937.0041879194064
275440.0,1936.789329944179
275460.0,1936.5744719689446
275480.0,1936.35961399368
275500.0,1936.1447560184145
275520.0,1935.9298980431581
275540.0,1935.7150400679147
275560.0,1935.5001820926693
275580.0,1935.2853241174284
275600.0,1935.070466142234
275620.0,1934.855608167054
275640.0,1934.6407501918445
275660.0,1934.4258922165955
275680.0,1934.2110342413296
275700.0,1933.996176266066
275720.0,1933.7813182907735
275740.0,1933.5664603154316
275760.0,1933.3516023401007
275780.0,1933.136744364844
275800.0,1932.9218863895853
275820.0,1932.7070284142762
275840.0,1932.4921704389312
275860.0,1932.2773124636315
275880.0,1932.0624544884354
275900.0,1931.8475965133068
275920.0,1931.6327385381744
275940.0,1931.4178805630563
275960.0,1931.2030225879867
275980.0,1930.98816461291
276000.0,1930.7733066377775
276020.0,1930.5584486625442
276040.0,1930.3435906872357
276060.0,1930.128732711931
276080.0,1929.9138747366153
276100.0,1929.6990167612869
276120.0,1929.4841587859999
276140.0,1929.269300810746
276160.0,1929.0544428354988
276180.0,1928.8395848602377
276200.0,1928.6247268849918
276220.0,1928.409868909826
276240.0,1928.1950109346549
276260.0,1927.980152959392
276280.0,1927.7652949840456
276300.0,1927.5504370086976
276320.0,1927.3355790334153
276340.0,1927.1207210581786
276360.0,1926.9058630829302
276380.0,1926.6910051076563
276400.0,1926.476147132403
276420.0,1926.261289157152
276440.0,1926.0464311819019
276460.0,1925.8315732066687
276480.0,1925.616715231536
276500.0,1925.4018572565158
276520.0,1925.1869992814718
276540.0,1924.9721413063241
276560.0,1924.7572833311012
276580.0,1924.5424253558845
276600.0,1924.3275673806663
276620.0,1924.11270940539
276640.0,1923.8978514300466
276660.0,1923.6829934547186
276680.0,1923.4681354794543
276700.0,1923.253277504168
276720.0,1923.0384195288254
276740.0,1922.8235615534365
276760.0,1922.6087035781068
276780.0,1922.3938456028234
276800.0,1922.178987627512
276820.0,1921.964129652187
276840.0,1921.7492716769302
276860.0,1921.5344137017378
276880.0,1921.3195557265833
276900.0,1921.1046977514056
276920.0,1920.8898397761895
276940.0,1920.674981800958
276960.0,1920.460123825716
276980.0,1920.2452658504492
277000.0,1920.0304078751371
277020.0,1919.8155498998483
277040.0,1919.6006919245706
277060.0,1919.3858339493058
277080.0,1919.1709759740486
277100.0,1918.9561179988214
277120.0,1918.741260023688
277140.0,1918.5264020486077
277160.0,1918.3115440735098
277180.0,1918.096686098331
277200.0,1917.881828123096
277220.0,1917.6669701478381
277240.0,1917.4521121725745
277260.0,1917.2372541972873
277280.0,1917.022396222005
277300.0,1916.8075382467573
277320.0,1916.5926802715192
277340.0,1916.3778222962828
277360.0,1916.162964321041
277380.0,1915.9481063458395
277400.0,1915.733248370696
277420.0,1915.5183903955756
277440.0,1915.3035324203745
277460.0,1915.0886744451066
277480.0,1914.873816469863
277500.0,1914.6589584946373
277520.0,1914.4441005193705
277540.0,1914.2292425440398
277560.0,1914.0143845687282
277580.0,1913.799526593461
277600.0,1913.5846686181885
277620.0,1913.3698106429208
277640.0,1913.1549526677022
277660.0,1912.9400946925193
277680.0,1912.7252367173169
277700.0,1912.5103787420364
277720.0,1912.2955207667242
277740.0,1912.0806627914972
277760.0,1911.8658048163452
277780.0,1911.6509468411646
277800.0,1911.4360888659273
277820.0,1911.2212308907262
277840.0,1911.0063729155743
277860.0,1910.7915149404078
277880.0,1910.576656965192
277900.0,1910.3617989899187
277920.0,1910.146941014623
277940.0,1909.9320830392958
277960.0,1909.717225063931
277980.0,1909.5023670885125
278000.0,1909.2875091131427
278020.0,1909.0726511378907
278040.0,1908.8577931626987
278060.0,1908.64293518747
278080.0,1908.4280772122238
278100.0,1908.2132192370368
278120.0,1907.9983612619194
278140.0,1907.7835032867683
278160.0,1907.568645311534
278180.0,1907.3537873362814
278200.0,1907.1389293610478
278220.0,1906.9240713858312
278240.0,1906.709213410572
278260.0,1906.4943554353144
278280.0,1906.2794974601075
278300.0,1906.0646394849227
278320.0,1905.849781509682
278340.0,1905.6349235343791
278360.0,1905.4200655591055
278380.0,1905.205207583888
278400.0,1904.9903496086845
278420.0,1904.7754916334222
278440.0,1904.5606336581109
278460.0,1904.3457756828107
278480.0,1904.1309177075873
278500.0,1903.9160597324026
278520.0,1903.7012017572301
278540.0,1903.4863437821027
278560.0,1903.2714858069944
278580.0,1903.0566278318627
278600.0,1902.841769856667
278620.0,1902.6269118814246
278640.0,1902.4120539061878
278660.0,1902.1971959309376
278680.0,1901.9823379556626
278700.0,1901.7674799803813
278720.0,1901.5526220051665
278740.0,1901.3377640299943
278760.0,1901.122906054757
278780.0,1900.9080480794316
278800.0,1900.6931901040582
278820.0,1900.4783321286864
278840.0,1900.263474153354
278860.0,1900.0486161780784
278880.0,1899.8337582028548
278900.0,1899.6189002277158
278920.0,1899.4040422526189
278940.0,1899.1891842774753
278960.0,1898.9743263023017
278980.0,1898.7594683271423
279000.0,1898.544610352003
279020.0,1898.3297523767949
279040.0,1898.1148944014626
279060.0,1897.900036426067
279080.0,1897.6851784507191
279100.0,1897.4703204754164
279120.0,1897.2554625001685
279140.0,1897.0406045249638
279160.0,1896.8257465498168
279180.0,1896.6108885747385
279200.0,1896.3960305996807
279220.0,1896.1811726245865
279240.0,1895.9663146494622
279260.0,1895.751456674331
279280.0,1895.5365986990885
279300.0,1895.321740723704
279320.0,1895.1068827482245
279340.0,1894.892024772768
279360.0,1894.677166797356
279380.0,1894.462308822005
279400.0,1894.247450846724
279420.0,1894.0325928715338
279440.0,1893.817734896391
279460.0,1893.6028769212455
279480.0,1893.3880189460538
279500.0,1893.1731609708222
279520.0,1892.9583029956368
279540.0,1892.7434450204644
279560.0,1892.5285870452644
279580.0,1892.313729070012
279600.0,1892.0988710947336
279620.0,1891.884013119423
279640.0,1891.6691551440576
279660.0,1891.454297168678
279680.0,1891.2394391933528
279700.0,1891.0245812181613
279720.0,1890.8097232430623
279740.0,1890.594865267963
279760.0,1890.3800072928066
279780.0,1890.16514931761
279800.0,1889.9502913424124
279820.0,1889.7354333671744
279840.0,1889.520575391821
279860.0,1889.3057174164296
279880.0,1889.090859441114
279900.0,1888.876001465887
279920.0,1888.6611434906858
279940.0,1888.4462855154866
279960.0,1888.2314275403212
279980.0,1888.01656956517
280000.0,1887.8017115899693
280020.0,1887.5868536147295
280040.0,1887.3719956394925
280060.0,1887.1571376642921
280080.0,1886.9422796890642
280100.0,1886.7274217137515
280120.0,1886.5125637383965
280140.0,1886.2977057631203
280160.0,1886.0828477879447
280180.0,1885.8679898127689
280200.0,1885.6531318375128
280220.0,1885.438273862171
280240.0,1885.2234158868105
280260.0,1885.0085579114857
280280.0,1884.7936999361743
280300.0,1884.5788419608211
280320.0,1884.3639839855175
280340.0,1884.1491260103037
280360.0,1883.9342680351376
280380.0,1883.7194100599506
280400.0,1883.504552084739
280420.0,1883.2896941095466
280440.0,1883.0748361343456
280460.0,1882.8599781591056
280480.0,1882.645120183833
280500.0,1882.4302622086038
280520.0,1882.2154042334253
280540.0,1882.0005462582612
280560.0,1881.7856882830874
280580.0,1881.5708303079246
280600.0,1881.3559723327908
280620.0,1881.1411143576224
280640.0,1880.9262563823443
280660.0,1880.7113984069892
280680.0,1880.4965404317038
280700.0,1880.281682456502
280720.0,1880.0668244813037
280740.0,1879.8519665061208
280760.0,1879.6371085310552
280780.0,1879.422250556144
280800.0,1879.2073925813481
280820.0,1878.9925346065495
280840.0,1878.777676631542
280860.0,1878.562818656131
280880.0,1878.3479606800047
280900.0,1878.1331027029653
280920.0,1877.91824472502
280940.0,1877.7033867464866
280960.0,1877.488528768119
280980.0,1877.2736707909903
281000.0,1877.0588128164413
281020.0,1876.8439548459805
281040.0,1876.6290968808535
281060.0,1876.4142389212714
281080.0,1876.1993809658693
281100.0,1875.984523011004
281120.0,1875.7696650504913
281140.0,1875.5548070758662
281160.0,1875.3399490776549
281180.0,1875.1250910478295
281200.0,1874.9102329833
281220.0,1874.6953748902008
281240.0,1874.480516787737
281260.0,1874.265658710575
281280.0,1874.0508007079939
281300.0,1873.835942837512
281320.0,1873.6210851517233
281340.0,1873.4062276781217
281360.0,1873.1913703939651
281380.0,1872.9765132007888
281400.0,1872.7616559066369
281420.0,1872.5467982265873
281440.0,1872.3319398137494
281460.0,1872.1170803303826
281480.0,1871.90221956251
281500.0,1871.6873575693419
281520.0,1871.4724948425378
281540.0,1871.2576324306901
281560.0,1871.04277196593
281580.0,1870.8279155199957
281600.0,1870.6130652251445
281620.0,1870.3982226281867
281640.0,1870.183387810987
281660.0,1869.9685584077408
281680.0,1869.7537287671862
281700.0,1869.538889624461
281720.0,1869.3240287204997
281740.0,1869.1091327884228
281760.0,1868.8941911608085
281780.0,1868.6792008964173
281800.0,1868.4641727706373
281820.0,1868.2491367671496
281840.0,1868.0341449794037
281860.0,1867.8192692980083
281880.0,1867.6045912232676
281900.0,1867.3901819362636
281920.0,1867.1760726752557
281940.0,1866.9622186112688
281960.0,1866.7484635924898
281980.0,1866.5345176596209
282000.0,1866.3199628983843
282020.0,1866.1043042486726
282040.0,1865.8870782859099
282060.0,1865.6680228491227
282080.0,1865.4472927016166
282100.0,1865.2256819338477
282120.0,1865.0047859904178
282140.0,1864.7870117809186
282160.0,1864.5753333901262
282180.0,1864.372705751372
282200.0,1864.1811013471117
282220.0,1864.0002333126408
282240.0,1863.8261703952237
282260.0,1863.6502179229326
282280.0,1863.4585973595072
282300.0,1863.2335474247109
282320.0,1862.9564185182674
282340.0,1862.6130630415344
282360.0,1862.2012810142533
282380.0,1861.7392581622146
282400.0,1861.2729134527879
282420.0,1860.8790517692669
282440.0,1860.6605196232126
282460.0,1860.729618016229
282480.0,1861.177302655551
282500.0,1862.0285701004334
282520.0,1863.1889836499984
282540.0,1864.3931339416079
282560.0,1865.1718554605727
282580.0,1864.85931149902
282600.0,1862.6609332426808
282620.0,1857.7955271457733
282640.0,1849.7067218451684
282660.0,1838.3085353128376
282680.0,1824.1877024104458
282700.0,1808.6380128172464
282720.0,1793.4196263361853
282740.0,1780.3066352604237
282760.0,1770.6862738238567
282780.0,1765.5354883723455
282800.0,1765.7305766391369
282820.0,1772.3230713858925
282840.0,1786.3673872098777
282860.0,1808.3290498701695
282880.0,1837.4392438818402
282900.0,1871.3161566229555
282920.0,1906.1944843930155
282940.0,1937.970928064587
282960.0,1963.5552827285705
282980.0,1981.5350730541595
283000.0,1992.082859266708
283020.0,1996.475219455117
283040.0,1996.5163936354445
283060.0,1994.0442593362513
283080.0,1990.5990845855176
283100.0,1987.2653958983688
283120.0,1984.6555093898482
283140.0,1982.9857028526603
283160.0,1982.195876191751
283180.0,1982.073612370969
283200.0,1982.357595633286
283220.0,1982.8089249538996
283240.0,1983.2494355811637
283260.0,1983.5727897624402
283280.0,1983.737046451744
283300.0,1983.7475381296285
283320.0,1983.637254570829
283340.0,1983.4495583094492
283360.0,1983.2256875163487
283380.0,1982.9975949304433
283400.0,1982.785413324634
283420.0,1982.5982162213124
283440.0,1982.4366262023857
283460.0,1982.2960348479803
283480.0,1982.1695671216287
283500.0,1982.0503149894303
283520.0,1981.9326947430586
283540.0,1981.813010324994
283560.0,1981.689426821168
283580.0,1981.5615923272094
283600.0,1981.4301206709533
283620.0,1981.296090590858
283640.0,1981.1606522971426
283660.0,1981.0247755326593
283680.0,1980.889132247988
283700.0,1980.7540835402638
283720.0,1980.6197322120765
283740.0,1980.4860048079274
283760.0,1980.352735527647
283780.0,1980.2197349540497
283800.0,1980.0868362258298
283820.0,1979.9539185839335
283840.0,1979.820912649342
283860.0,1979.687793622174
283880.0,1979.5545684960834
283900.0,1979.4212621392114
283920.0,1979.2879053964746
283940.0,1979.154526729019
283960.0,1979.0211476199888
283980.0,1978.8877811522348
284000.0,1978.7544327818227
284020.0,1978.621102289561
284040.0,1978.4877860654074
284060.0,1978.3544791500758
284080.0,1978.2211767326614
284100.0,1978.0878750277093
284120.0,1977.9545716065204
284140.0,1977.8212653336363
284160.0,1977.6879560767513
284180.0,1977.554644336224
284200.0,1977.4213308978603
284220.0,1977.288016567274
284240.0,1977.1547020053672
284260.0,1977.0213876569985
284280.0,1976.8880737498669
284300.0,1976.7547603358507
284320.0,1976.6214473503758
284340.0,1976.4881346709712
284360.0,1976.3548221640278
284380.0,1976.2215097152043
284400.0,1976.0881972440627
284420.0,1975.9548847062579
284440.0,1975.8215720878827
284460.0,1975.6882593962291
284480.0,1975.5549466499383
284500.0,1975.421633870888
284520.0,1975.2883210787527
284540.0,1975.1550082880244
284560.0,1975.021695507167
284580.0,1974.8883827393652
284600.0,1974.7550699840772
284620.0,1974.621757238483
284640.0,1974.4884444989161
284660.0,1974.355131761989
284680.0,1974.2218190252465
284700.0,1974.088506287158
284720.0,1973.9551935469597
284740.0,1973.8218808045863
284760.0,1973.6885680604878
284780.0,1973.5552553152843
284800.0,1973.4219425695378
284820.0,1973.2886298237659
284840.0,1973.155317078259
284860.0,1973.0220043331115
284880.0,1972.88869158827
284900.0,1972.7553788436653
284920.0,1972.6220660992428
284940.0,1972.4887533549852
284960.0,1972.3554406108092
284980.0,1972.2221278666134
285000.0,1972.08881512236
285020.0,1971.9555023780254
285040.0,1971.8221896336229
285060.0,1971.6888768891913
285080.0,1971.5555641447013
285100.0,1971.4222514001387
285120.0,1971.2889386555532
285140.0,1971.1556259109748
285160.0,1971.0223131664127
285180.0,1970.889000421861
285200.0,1970.7556876773092
285220.0,1970.622374932754
285240.0,1970.489062188169
285260.0,1970.3557494435627
285280.0,1970.222436698958
285300.0,1970.0891239543769
285320.0,1969.9558112098414
285340.0,1969.8224984653448
285360.0,1969.6891857208964
285380.0,1969.5558729765169
285400.0,1969.4225602321542
285420.0,1969.2892474877765
285440.0,1969.1559347433335
285460.0,1969.0226219988035
285480.0,1968.8893092541996
285500.0,1968.75599650954
285520.0,1968.6226837648508
285540.0,1968.4893710201698
285560.0,1968.3560582755085
285580.0,1968.2227455309119
285600.0,1968.0894327864203
285620.0,1967.9561200420496
285640.0,1967.822807297746
285660.0,1967.6894945534489
285680.0,1967.556181809124
285700.0,1967.4228690647408
285720.0,1967.28955632028
285740.0,1967.15624357576
285760.0,1967.0229308312075
285780.0,1966.8896180866097
285800.0,1966.7563053419901
285820.0,1966.622992597413
285840.0,1966.4896798529414
285860.0,1966.3563671085462
285880.0,1966.2230543641551
285900.0,1966.0897416197301
285920.0,1965.9564288752504
285940.0,1965.8231161307601
285960.0,1965.6898033862885
285980.0,1965.556490641844
286000.0,1965.4231778974518
286020.0,1965.2898651530627
286040.0,1965.1565524086122
286060.0,1965.0232396640936
286080.0,1964.8899269195495
286100.0,1964.7566141750326
286120.0,1964.6233014305194
286140.0,1964.4899886860053
286160.0,1964.356675941519
286180.0,1964.223363197071
286200.0,1964.0900504526282
286220.0,1963.9567377081316
286240.0,1963.8234249635527
286260.0,1963.6901122189252
286280.0,1963.556799474308
286300.0,1963.4234867297487
286320.0,1963.2901739852332
286340.0,1963.1568612407507
286360.0,1963.0235484963218
286380.0,1962.8902357519153
286400.0,1962.7569230074812
286420.0,1962.6236102629973
286440.0,1962.4902975184882
286460.0,1962.3569847739764
286480.0,1962.223672029464
286500.0,1962.090359284984
286520.0,1961.957046540534
286540.0,1961.8237337960695
286560.0,1961.6904210515772
286580.0,1961.5571083070802
286600.0,1961.423795562591
286620.0,1961.290482818101
286640.0,1961.1571700735863
286660.0,1961.0238573290694
286680.0,1960.8905445845917
286700.0,1960.7572318401326
286720.0,1960.6239190956762
286740.0,1960.4906063512426
286760.0,1960.3572936067794
286780.0,1960.2239808622373
286800.0,1960.0906681176646
286820.0,1959.9573553730902
286840.0,1959.8240426285229
286860.0,1959.690729883962
286880.0,1959.5574171394321
286900.0,1959.4241043949326
286920.0,1959.2907916504741
286940.0,1959.1574789060553
286960.0,1959.024166161645
286980.0,1958.8908534172253
287000.0,1958.7575406727567
287020.0,1958.6242279282367
287040.0,1958.4909151837014
287060.0,1958.357602439158
287080.0,1958.2242896946143
287100.0,1958.0909769500965
287120.0,1957.9576642055902
287140.0,1957.8243514610986
287160.0,1957.6910387166179
287180.0,1957.557725972149
287200.0,1957.424413227678
287220.0,1957.2911004832063
287240.0,1957.157787738703
287260.0,1957.0244749941426
287280.0,1956.8911622495168
287300.0,1956.7578495048806
287320.0,1956.624536760332
287340.0,1956.4912240158678
287360.0,1956.357911271464
287380.0,1956.2245985271147
287400.0,1956.091285782773
287420.0,1955.9579730384162
287440.0,1955.824660294017
287460.0,1955.6913475495337
287480.0,1955.558034804988
287500.0,1955.4247220603988
287520.0,1955.2914093157883
287540.0,1955.158096571187
287560.0,1955.0247838266212
287580.0,1954.891471082093
287600.0,1954.7581583375536
287620.0,1954.6248455930122
287640.0,1954.4915328484676
287660.0,1954.3582201039492
287680.0,1954.224907359511
287700.0,1954.0915946151167
287720.0,1953.958281870699
287740.0,1953.8249691262768
287760.0,1953.6916563818547
287780.0,1953.5583436374163
287800.0,1953.425030892927
287820.0,1953.2917181484117
287840.0,1953.158405403918
287860.0,1953.025092659426
287880.0,1952.891779914924
287900.0,1952.758467170424
287920.0,1952.6251544259244
287940.0,1952.4918416814514
287960.0,1952.3585289370324
287980.0,1952.2252161926274
288000.0,1952.0919034481972
288020.0,1951.9585907037176
288040.0,1951.8252779591912
288060.0,1951.6919652146091
288080.0,1951.5586524699852
288100.0,1951.4253397253349
288120.0,1951.292026980665
288140.0,1951.158714235993
288160.0,1951.0254014913849
288180.0,1950.892088746849
288200.0,1950.7587760023707
288220.0,1950.625463257953
288240.0,1950.4921505135783
288260.0,1950.3588377692208
288280.0,1950.2255250248643
288300.0,1950.0922122804373
288320.0,1949.9588995359536
288340.0,1949.8255867914806
288360.0,1949.692274047045
288380.0,1949.5589613026702
288400.0,1949.4256485583016
288420.0,1949.2923358138753
288440.0,1949.1590230693823
288460.0,1949.0257103248175
288480.0,1948.8923975802195
288500.0,1948.7590848356117
288520.0,1948.6257720910266
288540.0,1948.492459346479
288560.0,1948.3591466019486
288580.0,1948.2258338574309
288600.0,1948.0925211129493
288620.0,1947.9592083685243
288640.0,1947.8258956241611
288660.0,1947.6925828798037
288680.0,1947.5592701354522
288700.0,1947.425957391104
288720.0,1947.2926446467143
288740.0,1947.1593319022304
288760.0,1947.0260191576465
288780.0,1946.8927064130046
288800.0,1946.7593936683284
288820.0,1946.6260809236687
288840.0,1946.4927681790891
288860.0,1946.3594554345764
288880.0,1946.2261426901139
288900.0,1946.0928299456725
288920.0,1945.9595172011989
288940.0,1945.8262044566964
288960.0,1945.692891712212
288980.0,1945.5595789677216
289000.0,1945.4262662232045
289020.0,1945.2929534786595
289040.0,1945.1596407341397
289060.0,1945.0263279896494
289080.0,1944.8930152451762
289100.0,1944.7597025007308
289120.0,1944.626389756313
289140.0,1944.4930770119026
289160.0,1944.3597642674983
289180.0,1944.2264515230727
289200.0,1944.0931387785963
289220.0,1943.9598260341063
289240.0,1943.8265132896092
289260.0,1943.6932005451374
289280.0,1943.5598878006433
289300.0,1943.4265750561165
289320.0,1943.2932623116099
289340.0,1943.1599495671376
289360.0,1943.026636822637
289380.0,1942.8933240780993
289400.0,1942.7600113335734
289420.0,1942.6266985890682
289440.0,1942.4933858445688
289460.0,1942.3600731000752
289480.0,1942.2267603555815
289500.0,1942.093447611102
289520.0,1941.9601348666451
289540.0,1941.8268221221927
289560.0,1941.6935093777697
289580.0,1941.560196633387
289600.0,1941.4268838889923
289620.0,1941.2935711445327
289640.0,1941.1602584000145
289660.0,1941.026945655458
289680.0,1940.8936329108824
289700.0,1940.760320166326
289720.0,1940.6270074218028
289740.0,1940.4936946772941
289760.0,1940.3603819327614
289780.0,1940.2270691881954
289800.0,1940.093756443599
289820.0,1939.960443698998
289840.0,1939.8271309544266
289860.0,1939.6938182098766
289880.0,1939.560505465325
289900.0,1939.427192720781
289920.0,1939.2938799762385
289940.0,1939.1605672317103
289960.0,1939.0272544872055
289980.0,1938.8939417427002
290000.0,1938.7606289982118
290020.0,1938.6273162538018
290040.0,1938.4940035094473
290060.0,1938.36069076512
290080.0,1938.22737802079
290100.0,1938.0940652764234
290120.0,1937.9607525319686
290140.0,1937.8274397874168
290160.0,1937.6941270428165
290180.0,1937.5608142982092
290200.0,1937.4275015536211
290220.0,1937.2941888090954
290240.0,1937.1608760646645
290260.0,1937.027563320343
290280.0,1936.894250576089
290300.0,1936.7609378318023
290320.0,1936.6276250873955
290340.0,1936.4943123428334
290360.0,1936.3609995981697
290380.0,1936.2276868534695
290400.0,1936.0943741088129
290420.0,1935.9610613642133
290440.0,1935.8277486196505
290460.0,1935.6944358750966
290480.0,1935.561123130569
290500.0,1935.4278103860681
290520.0,1935.2944976415995
290540.0,1935.1611848971709
290560.0,1935.0278721527575
290580.0,1934.8945594083539
290600.0,1934.7612466639487
290620.0,1934.6279339195
290640.0,1934.4946211749932
290660.0,1934.3613084304538
290680.0,1934.2279956859231
290700.0,1934.094682941429
290720.0,1933.9613701969924
290740.0,1933.8280574525918
290760.0,1933.694744708177
290780.0,1933.561431963725
290800.0,1933.4281192192361
290820.0,1933.2948064747156
290840.0,1933.1614937301808
290860.0,1933.028180985649
290880.0,1932.894868241095
290900.0,1932.7615554965282
290920.0,1932.6282427519504
290940.0,1932.4949300073986
290960.0,1932.3616172628888
290980.0,1932.2283045183872
291000.0,1932.0949917738733
291020.0,1931.9616790293817
291040.0,1931.8283662849317
291060.0,1931.6950535405238
291080.0,1931.5617407961613
291100.0,1931.4284280517895
291120.0,1931.2951153073325
291140.0,1931.1618025628118
291160.0,1931.0284898182435
291180.0,1930.8951770736617
291200.0,1930.7618643290778
291220.0,1930.6285515844925
291240.0,1930.4952388398888
291260.0,1930.3619260952607
291280.0,1930.2286133506555
291300.0,1930.095300606116
291320.0,1929.961987861631
291340.0,1929.8286751171859
291360.0,1929.695362372756
291380.0,1929.5620496283332
291400.0,1929.428736883933
291420.0,1929.295424139525
291440.0,1929.1621113951092
291460.0,1929.0287986506944
291480.0,1928.8954859063058
291500.0,1928.762173161923
291520.0,1928.6288604174722
291540.0,1928.4955476729538
291560.0,1928.3622349283996
291580.0,1928.2289221838328
291600.0,1928.0956094392889
291620.0,1927.9622966947704
291640.0,1927.8289839502388
291660.0,1927.6956712056992
291680.0,1927.5623584611815
291700.0,1927.429045716719
291720.0,1927.2957329722717
291740.0,1927.1624202278465
291760.0,1927.0291074834247
291780.0,1926.8957947390263
291800.0,1926.7624819946516
291820.0,1926.6291692502905
291840.0,1926.4958565059005
291860.0,1926.362543761433
291880.0,1926.2292310168748
291900.0,1926.0959182722659
291920.0,1925.9626055276342
291940.0,1925.8292927829636
291960.0,1925.6959800382733
291980.0,1925.562667293604
292000.0,1925.4293545490043
292020.0,1925.2960418045
292040.0,1925.1627290600459
292060.0,1925.0294163156213
292080.0,1924.8961035712334
292100.0,1924.7627908268776
292120.0,1924.6294780825278
292140.0,1924.4961653381001
292160.0,1924.3628525935746
292180.0,1924.2295398489666
292200.0,1924.0962271043113
292220.0,1923.9629143596735
292240.0,1923.8296016150841
292260.0,1923.6962888705682
292280.0,1923.562976126117
292300.0,1923.4296633816934
292320.0,1923.2963506373017
292340.0,1923.1630378929028
292360.0,1923.0297251484658
292380.0,1922.8964124039733
292400.0,1922.7630996594512
292420.0,1922.6297869149428
292440.0,1922.4964741704523
292460.0,1922.3631614259461
292480.0,1922.2298486814143
292500.0,1922.0965359368965
292520.0,1921.9632231924115
292540.0,1921.8299104479324
292560.0,1921.696597703453
292580.0,1921.5632849590231
292600.0,1921.429972214631
292620.0,1921.2966594702036
292640.0,1921.1633467257107
292660.0,1921.0300339811758
292680.0,1920.8967212366254
292700.0,1920.7634084920792
292720.0,1920.6300957475355
292740.0,1920.4967830029886
292760.0,1920.363470258449
292780.0,1920.230157513902
292800.0,1920.0968447693576
292820.0,1919.963532024823
292840.0,1919.8302192803214
292860.0,1919.69690653584
292880.0,1919.5635937913805
292900.0,1919.4302810469392
292920.0,1919.2969683025076
292940.0,1919.163655558084
292960.0,1919.030342813631
292980.0,1918.897030069129
293000.0,1918.7637173246196
293020.0,1918.6304045800982
293040.0,1918.497091835578
293060.0,1918.363779091075
293080.0,1918.2304663466034
293100.0,1918.0971536021868
293120.0,1917.9638408578198
293140.0,1917.8305281134212
293160.0,1917.6972153689003
293180.0,1917.5639026242766
293200.0,1917.4305898796156
293220.0,1917.2972771349432
293240.0,1917.163964390325
293260.0,1917.030651645798
293280.0,1916.8973389013522
293300.0,1916.7640261569522
293320.0,1916.6307134125811
293340.0,1916.4974006682228
293360.0,1916.3640879238494
293380.0,1916.2307751794274
293400.0,1916.0974624349456
293420.0,1915.964149690412
293440.0,1915.830836945839
293460.0,1915.697524201246
293480.0,1915.564211456652
293500.0,1915.4308987120785
293520.0,1915.2975859675266
293540.0,1915.1642732230125
293560.0,1915.030960478544
293580.0,1914.8976477340816
293600.0,1914.7643349896093
293620.0,1914.6310222451389
293640.0,1914.4977095006877
293660.0,1914.3643967562289
293680.0,1914.231084011713
293700.0,1914.09777126718
293720.0,1913.9644585226354
293740.0,1913.8311457780862
293760.0,1913.697833033571
293780.0,1913.5645202891217
293800.0,1913.431207544685
293820.0,1913.297894800206
293840.0,1913.1645820557417
293860.0,1913.031269311309
293880.0,1912.8979565669192
293900.0,1912.7646438225559
293920.0,1912.6313310781672
293940.0,1912.4980183337273
293960.0,1912.3647055892623
293980.0,1912.2313928447643
294000.0,1912.0980801002024
294020.0,1911.9647673555799
294040.0,1911.8314546109425
294060.0,1911.6981418663468
294080.0,1911.5648291218045
294100.0,1911.4315163773238
294120.0,1911.2982036329145
294140.0,1911.1648908885531
294160.0,1911.0315781441852
294180.0,1910.8982653997532
294200.0,1910.7649526552589
294220.0,1910.6316399107134
294240.0,1910.498327166133
294260.0,1910.3650144215335
294280.0,1910.2317016769182
294300.0,1910.0983889323102
294320.0,1909.965076187722
294340.0,1909.8317634431637
294360.0,1909.698450698656
294380.0,1909.5651379542585
294400.0,1909.4318252099424
294420.0,1909.298512465651
294440.0,1909.16519972132
294460.0,1909.0318869769446
294480.0,1908.8985742325028
294500.0,1908.7652614880112
294520.0,1908.6319487435035
294540.0,1908.4986359989784
294560.0,1908.365323254438
294580.0,1908.2320105099093
294600.0,1908.0986977654295
294620.0,1907.9653850209895
294640.0,1907.8320722765395
294660.0,1907.6987595320738
294680.0,1907.5654467876193
294700.0,1907.432134043161
294720.0,1907.2988212986445
294740.0,1907.1655085540413
294760.0,1907.0321958093762
294780.0,1906.8988830647017
294800.0,1906.765570320058
294820.0,1906.6322575754834
294840.0,1906.4989448309796
294860.0,1906.3656320865061
294880.0,1906.2323193420816
294900.0,1906.099006597707
294920.0,1905.9656938533612
294940.0,1905.832381108989
294960.0,1905.6990683645447
294980.0,1905.565755620032
295000.0,1905.432442875485
295020.0,1905.2991301308998
295040.0,1905.165817386279
295060.0,1905.0325046416808
295080.0,1904.8991918971328
295100.0,1904.7658791526271
295120.0,1904.6325664081633
295140.0,1904.4992536637033
295160.0,1904.3659409192599
295180.0,1904.2326281748465
295200.0,1904.0993154304265
295220.0,1903.9660026859615
295240.0,1903.8326899414315
295260.0,1903.6993771968512
295280.0,1903.5660644522563
295300.0,1903.4327517076886
295320.0,1903.2994389631847
295340.0,1903.166126218774
295360.0,1903.03281347438
295380.0,1902.8995007299222
295400.0,1902.7661879854065
295420.0,1902.6328752408288
295440.0,1902.4995624962344
295460.0,1902.366249751662
295480.0,1902.2329370071282
295500.0,1902.099624262632
295520.0,1901.9663115181386
295540.0,1901.8329987736397
295560.0,1901.699686029197
295580.0,1901.5663732848534
295600.0,1901.4330605406062
295620.0,1901.2997477963713
295640.0,1901.1664350520591
295660.0,1901.033122307638
295680.0,1900.8998095631057
295700.0,1900.7664968184788
295720.0,1900.6331840738032
295740.0,1900.4998713291632
295760.0,1900.3665585845895
295780.0,1900.2332458400408
295800.0,1900.0999330955005
295820.0,1899.9666203509692
295840.0,1899.8333076064464
295860.0,1899.6999948619468
295880.0,1899.5666821174648
295900.0,1899.4333693730546
295920.0,1899.3000566287162
295940.0,1899.1667438844004
295960.0,1899.0334311400304
295980.0,1898.9001183955993
296000.0,1898.7668056510897
296020.0,1898.6334929064942
296040.0,1898.5001801618625
296060.0,1898.3668674172409
296080.0,1898.2335546726524
296100.0,1898.1002419281097
296120.0,1897.96692918361
296140.0,1897.833616439158
296160.0,1897.70030369472
296180.0,1897.5669909502747
296200.0,1897.433678205783
296220.0,1897.3003654612712
296240.0,1897.1670527167607
296260.0,1897.0337399722762
296280.0,1896.9004272278016
296300.0,1896.767114483313
296320.0,1896.633801738805
296340.0,1896.5004889942913
296360.0,1896.3671762497931
296380.0,1896.2338635053013
296400.0,1896.1005507608138
296420.0,1895.9672380163604
296440.0,1895.8339252719513
296460.0,1895.7006125275188
296480.0,1895.5672997830395
296500.0,1895.4339870385143
296520.0,1895.3006742939542
296540.0,1895.1673615493787
296560.0,1895.0340488048237
296580.0,1894.900736060296
296600.0,1894.7674233158154
296620.0,1894.6341105714116
296640.0,1894.500797827075
296660.0,1894.3674850827333
296680.0,1894.2341723383556
296700.0,1894.1008595939159
296720.0,1893.9675468494406
296740.0,1893.8342341049224
296760.0,1893.7009213603535
296780.0,1893.5676086157641
296800.0,1893.4342958711636
296820.0,1893.300983126551
296840.0,1893.167670381939
296860.0,1893.034357637398
296880.0,1892.9010448929298
296900.0,1892.7677321485291
296920.0,1892.6344194041856
296940.0,1892.5011066598393
296960.0,1892.367793915441
296980.0,1892.2344811709595
297000.0,1892.1011684263929
297020.0,1891.9678556818167
297040.0,1891.8345429372735
297060.0,1891.701230192688
297080.0,1891.56791744804
297100.0,1891.4346047034026
297120.0,1891.301291958806
297140.0,1891.1679792142634
297160.0,1891.0346664698009
297180.0,1890.9013537253995
297200.0,1890.7680409810114
297220.0,1890.634728236623
297240.0,1890.5014154922537
297260.0,1890.3681027478683
297280.0,1890.2347900034354
297300.0,1890.1014772589576
297320.0,1889.9681645144599
297340.0,1889.8348517699408
297360.0,1889.7015390254314
297380.0,1889.568226280977
297400.0,1889.4349135365599
297420.0,1889.3016007921076
297440.0,1889.1682880475703
297460.0,1889.0349753029877
297480.0,1888.9016625583881
297500.0,1888.7683498138274
297520.0,1888.6350370693167
297540.0,1888.501724324796
297560.0,1888.3684115802669
297580.0,1888.235098835724
297600.0,1888.1017860911593
297620.0,1887.9684733466324
297640.0,1887.8351606021456
297660.0,1887.7018478576658
297680.0,1887.5685351132015
297700.0,1887.4352223687013
297720.0,1887.3019096241605
297740.0,1887.1685968796096
297760.0,1887.035284135049
297780.0,1886.9019713905313
297800.0,1886.7686586460609
297820.0,1886.635345901605
297840.0,1886.502033157196
297860.0,1886.3687204128273
297880.0,1886.2354076684355
297900.0,1886.1020949239469
297920.0,1885.9687821793916
297940.0,1885.835469434805
297960.0,1885.702156690196
297980.0,1885.5688439455662
298000.0,1885.435531200949
298020.0,1885.3022184563092
298040.0,1885.168905711688
298060.0,1885.0355929671255
298080.0,1884.9022802226289
298100.0,1884.768967478177
298120.0,1884.63565473376
298140.0,1884.5023419893828
298160.0,1884.3690292450515
298180.0,1884.235716500764
298200.0,1884.1024037565116
298220.0,1883.9690910123184
298240.0,1883.8357782681535
298260.0,1883.7024655238924
298280.0,1883.569152779448
298300.0,1883.435840034806
298320.0,1883.3025272900607
298340.0,1883.1692145453198
298360.0,1883.0359018006352
298380.0,1882.902589056025
298400.0,1882.7692763115072
298420.0,1882.6359635670651
298440.0,1882.5026508226533
298460.0,1882.3693380782763
298480.0,1882.2360253339125
298500.0,1882.102712589481
298520.0,1881.9693998449998
298540.0,1881.836087100474
298560.0,1881.7027743558906
298580.0,1881.5694616112883
298600.0,1881.4361488666768
298620.0,1881.3028361220568
298640.0,1881.1695233774578
298660.0,1881.036210632917
298680.0,1880.9028978884458
298700.0,1880.7695851440228
298720.0,1880.636272399634
298740.0,1880.502959655223
298760.0,1880.369646910786
298780.0,1880.236334166309
298800.0,1880.1030214217608
298820.0,1879.9697086771635
298840.0,1879.8363959325986
298860.0,1879.7030831881007
298880.0,1879.5697704436461
298900.0,1879.4364576992143
298920.0,1879.30314495479
298940.0,1879.1698322103937
298960.0,1879.0365194660403
298980.0,1878.9032067217358
299000.0,1878.7698939774266
299020.0,1878.6365812330278
299040.0,1878.503268488475
299060.0,1878.3699557437599
299080.0,1878.2366429989652
299100.0,1878.1033302541578
299120.0,1877.9700175093803
299140.0,1877.8367047646966
299160.0,1877.7033920201375
299180.0,1877.5700792756932
299200.0,1877.4367665312966
299220.0,1877.303453786945
299240.0,1877.170141042619
299260.0,1877.0368282982643
299280.0,1876.9035155538531
299300.0,1876.7702028093918
299320.0,1876.6368900648654
299340.0,1876.5035773203203
299360.0,1876.3702645757753
299380.0,1876.236951831224
299400.0,1876.1036390866552
299420.0,1875.970326342101
299440.0,1875.837013597636
299460.0,1875.7037008532632
299480.0,1875.5703881088975
299500.0,1875.4370753645271
299520.0,1875.3037626201258
299540.0,1875.1704498756899
299560.0,1875.0371371312478
299580.0,1874.903824386741
299600.0,1874.7705116421828
299620.0,1874.6371988976375
299640.0,1874.5038861531164
299660.0,1874.3705734086016
299680.0,1874.2372606641159
299700.0,1874.10394791968
299720.0,1873.970635175277
299740.0,1873.8373224308573
299760.0,1873.7040096864093
299780.0,1873.570696941908
299800.0,1873.4373841973713
299820.0,1873.3040714528256
299840.0,1873.170758708299
299860.0,1873.0374459637592
299880.0,1872.9041332192003
299900.0,1872.770820474601
299920.0,1872.6375077299733
299940.0,1872.5041949853658
299960.0,1872.370882240834
299980.0,1872.2375694964103
300000.0,1872.1042567520776
300020.0,1871.9709440077845
300040.0,1871.8376312634628
300060.0,1871.7043185190528
300080.0,1871.5710057745655
300100.0,1871.4376930300023
300120.0,1871.3043802854015
300140.0,1871.1710675408037
300160.0,1871.0377547962053
300180.0,1870.9044420516154
300200.0,1870.7711293070665
300220.0,1870.6378165625706
300240.0,1870.5045038180717
300260.0,1870.3711910735437
300280.0,1870.23787832899
300300.0,1870.1045655844505
300320.0,1869.9712528399596
300340.0,1869.8379400954818
300360.0,1869.7046273510155
300380.0,1869.5713146065705
300400.0,1869.4380018621207
300420.0,1869.3046891176696
300440.0,1869.1713763731852
300460.0,1869.0380636286961
300480.0,1868.9047508842104
300500.0,1868.7714381397432
300520.0,1868.6381253953095
300540.0,1868.50481265091
300560.0,1868.3714999065087
300580.0,1868.2381871620469
300600.0,1868.1048744174889
300620.0,1867.971561672879
300640.0,1867.8382489282608
300660.0,1867.7049361836719
300680.0,1867.5716234391336
300700.0,1867.4383106946439
300720.0,1867.3049979501782
300740.0,1867.1716852057612
300760.0,1867.0383724614064
300780.0,1866.9050597170578
300800.0,1866.77174697265
300820.0,1866.6384342281538
300840.0,1866.5051214835617
300860.0,1866.3718087389575
300880.0,1866.2384959944234
300900.0,1866.1051832499354
300920.0,1865.9718705054397
300940.0,1865.838557760938
300960.0,1865.7052450164501
300980.0,1865.5719322719838
301000.0,1865.438619527554
301020.0,1865.305306783121
301040.0,1865.1719940386633
301060.0,1865.03868129417
301080.0,1864.905368549617
301100.0,1864.7720558049991
301120.0,1864.6387430603604
301140.0,1864.5054303157842
301160.0,1864.372117571274
301180.0,1864.2388048268008
301200.0,1864.1054920823524
301220.0,1863.9721793378735
301240.0,1863.8388665933549
301260.0,1863.7055538488614
301280.0,1863.572241104413
301300.0,1863.43892835996
301320.0,1863.3056156154828
301340.0,1863.1723028709446
301360.0,1863.0389901263316
301380.0,1862.905677381684
301400.0,1862.7723646370282
301420.0,1862.6390518924004
301440.0,1862.5057391478708
301460.0,1862.372426403467
301480.0,1862.2391136591698
301500.0,1862.105800914919
301520.0,1861.9724881706582
301540.0,1861.839175426355
301560.0,1861.7058626819642
301580.0,1861.5725499374926
301600.0,1861.4392371929584
301620.0,1861.305924448389
301640.0,1861.1726117038038
301660.0,1861.0392989592233
301680.0,1860.9059862146983
301700.0,1860.7726734702337
301720.0,1860.6393607257996
301740.0,1860.5060479813903
301760.0,1860.372735236974
301780.0,1860.2394224925367
301800.0,1860.1061097481106
301820.0,1859.9727970036668
301840.0,1859.8394842591908
301860.0,1859.706171514641
301880.0,1859.5728587699825
301900.0,1859.4395460252617
301920.0,1859.3062332805086
301940.0,1859.1729205357994
301960.0,1859.0396077912083
301980.0,1858.9062950467069
302000.0,1858.7729823022655
302020.0,1858.6396695578896
302040.0,1858.5063568135233
302060.0,1858.3730440691083
302080.0,1858.2397313246504
302100.0,1858.1064185801656
302120.0,1857.9731058356472
302140.0,1857.8397930911003
302160.0,1857.706480346572
302180.0,1857.573167602095
302200.0,1857.4398548576924
302220.0,1857.3065421133583
302240.0,1857.1732293690443
302260.0,1857.039916624728
302280.0,1856.906603880357
302300.0,1856.7732911359108
302320.0,1856.639978391402
302340.0,1856.5066656468366
302360.0,1856.373352902203
302380.0,1856.2400401575003
302400.0,1856.1067274128004
302420.0,1855.9734146681374
302440.0,1855.8401019235237
302460.0,1855.706789178984
302480.0,1855.5734764345184
302500.0,1855.440163690117
302520.0,1855.3068509457116
302540.0,1855.1735382013103
302560.0,1855.040225456913
302580.0,1854.9069127124549
302600.0,1854.7735999678948
302620.0,1854.640287223241
302640.0,1854.5069744785585
302660.0,1854.3736617339225
302680.0,1854.2403489893463
302700.0,1854.1070362448422
302720.0,1853.9737235004402
302740.0,1853.8404107561364
302760.0,1853.7070980118867
302780.0,1853.5737852676527
302800.0,1853.4404725233915
302820.0,1853.3071597790738
302840.0,1853.17384703467
302860.0,1853.040534290169
302880.0,1852.9072215456115
302900.0,1852.7739088010135
302920.0,1852.6405960563843
302940.0,1852.5072833117363
302960.0,1852.3739705670705
302980.0,1852.240657822403
303000.0,1852.1073450777737
303020.0,1851.9740323332214
303040.0,1851.8407195887335
303060.0,1851.7074068442812
303080.0,1851.5740940998344
303100.0,1851.4407813553905
303120.0,1851.3074686109394
303140.0,1851.1741558664933
303160.0,1851.0408431220826
303180.0,1850.9075303776917
303200.0,1850.7742176332874
303220.0,1850.6409048888413
303240.0,1850.5075921443604
303260.0,1850.3742793998463
303280.0,1850.240966655279
303300.0,1850.107653910714
303320.0,1849.9743411661862
303340.0,1849.8410284216593
303360.0,1849.7077156771215
303380.0,1849.574402932596
303400.0,1849.4410901881026
303420.0,1849.3077774436065
303440.0,1849.1744646990987
303460.0,1849.0411519545676
303480.0,1848.9078392100262
303500.0,1848.7745264655036
303520.0,1848.6412137210114
303540.0,1848.5079009766007
303560.0,1848.3745882322332
303580.0,1848.241275487862
303600.0,1848.1079627434792
303620.0,1847.974649999039
303640.0,1847.8413372545394
303660.0,1847.7080245100315
303680.0,1847.5747117655253
303700.0,1847.4413990210426
303720.0,1847.3080862765623
303740.0,1847.1747735321023
303760.0,1847.0414607876432
303780.0,1846.9081480431585
303800.0,1846.7748352986775
303820.0,1846.641522554221
303840.0,1846.5082098097773
303860.0,1846.3748970652875
303880.0,1846.2415843206945
303900.0,1846.108271576009
303920.0,1845.974958831313
303940.0,1845.841646086689
303960.0,1845.7083333421283
303980.0,1845.5750205976194
304000.0,1845.4417078531449
304020.0,1845.308395108685
304040.0,1845.1750823642483
304060.0,1845.041769619814
304080.0,1844.9084568753842
304100.0,1844.7751441309865
304120.0,1844.6418313866184
304140.0,1844.5085186422516
304160.0,1844.3752058978157
304180.0,1844.241893153283
304200.0,1844.1085804086993
304220.0,1843.9752676641044
304240.0,1843.8419549195085
304260.0,1843.708642174927
304280.0,1843.5753294303656
304300.0,1843.4420166858126
304320.0,1843.3087039412771
304340.0,1843.1753911968058
304360.0,1843.0420784524026
304380.0,1842.9087657080381
304400.0,1842.7754529636647
304420.0,1842.6421402192695
304440.0,1842.5088274748462
304460.0,1842.3755147303557
304480.0,1842.2422019857866
304500.0,1842.108889241185
304520.0,1841.975576496638
304540.0,1841.842263752138
304560.0,1841.708951007678
304580.0,1841.5756382632298
304600.0,1841.4423255188074
304620.0,1841.3090127743621
304640.0,1841.1757000298658
304660.0,1841.0423872853432
304680.0,1840.90907454082
304700.0,1840.7757617962914
304720.0,1840.6424490517431
304740.0,1840.509136307189
304760.0,1840.3758235626633
304780.0,1840.242510818153
304800.0,1840.1091980736387
304820.0,1839.9758853291144
304840.0,1839.842572584596
304860.0,1839.709259840085
304880.0,1839.575947095612
304900.0,1839.4426343512273
304920.0,1839.3093216068605
304940.0,1839.1760088624244
304960.0,1839.042696117892
304980.0,1838.9093833733102
305000.0,1838.7760706287506
305020.0,1838.642757884208
305040.0,1838.5094451396767
305060.0,1838.3761323951483
305080.0,1838.242819650628
305100.0,1838.109506906135
305120.0,1837.9761941616991
305140.0,1837.8428814172826
305160.0,1837.7095686728785
305180.0,1837.576255928468
305200.0,1837.4429431839865
305220.0,1837.3096304394537
305240.0,1837.176317694928
305260.0,1837.0430049504025
305280.0,1836.9096922058457
305300.0,1836.7763794612742
305320.0,1836.643066716697
305340.0,1836.5097539721264
305360.0,1836.376441227531
305380.0,1836.2431284829036
305400.0,1836.109815738241
305420.0,1835.976502993597
305440.0,1835.8431902490108
305460.0,1835.7098775044924
305480.0,1835.5765647600426
305500.0,1835.4432520156606
305520.0,1835.3099392713088
305540.0,1835.1766265269416
305560.0,1835.0433137825137
305580.0,1834.9100010380575
305600.0,1834.7766882936492
305620.0,1834.6433755493097
305640.0,1834.5100628049854
305660.0,1834.3767500606275
305680.0,1834.2434373162146
305700.0,1834.1101245717523
305720.0,1833.9768118272382
305740.0,1833.8434990826904
305760.0,1833.7101863381508
305780.0,1833.5768735936151
305800.0,1833.4435608490799
305820.0,1833.3102481045885
305840.0,1833.1769353601533
305860.0,1833.0436226157672
305880.0,1832.9103098713772
305900.0,1832.7769971269695
305920.0,1832.6436843825136
305940.0,1832.5103716380158
305960.0,1832.3770588934713
305980.0,1832.2437461489014
306000.0,1832.1104334043052
306020.0,1831.9771206596847
306040.0,1831.8438079150499
306060.0,1831.7104951704673
306080.0,1831.5771824259602
306100.0,1831.4438696815
306120.0,1831.310556937056
306140.0,1831.1772441926394
306160.0,1831.0439314481864
306180.0,1830.910618703681
306200.0,1830.7773059591505
306220.0,1830.6439932146131
306240.0,1830.5106804700379
306260.0,1830.377367725439
306280.0,1830.2440549808907
306300.0,1830.1107422364134
306320.0,1829.977429491999
306340.0,1829.8441167476205
306360.0,1829.7108040032479
306380.0,1829.577491258856
306400.0,1829.4441785144397
306420.0,1829.3108657700166
306440.0,1829.1775530255316
306460.0,1829.0442402809508
306480.0,1828.9109275363146
306500.0,1828.7776147917157
306520.0,1828.6443020471556
306540.0,1828.5109893026347
306560.0,1828.377676558142
306580.0,1828.2443638136706
306600.0,1828.111051069199
306620.0,1827.977738324765
306640.0,1827.8444255803533
306660.0,1827.7111128359472
306680.0,1827.577800091511
306700.0,1827.444487347016
306720.0,1827.3111746025183
306740.0,1827.1778618580297
306760.0,1827.0445491135501
306780.0,1826.9112363690572
306800.0,1826.7779236245303
306820.0,1826.6446108799562
306840.0,1826.5112981353773
306860.0,1826.3779853908206
306880.0,1826.2446726463113
306900.0,1826.1113599018238
306920.0,1825.9780471573558
306940.0,1825.844734412925
306960.0,1825.711421668496
306980.0,1825.578108924059
307000.0,1825.444796179597
307020.0,1825.311483435074
307040.0,1825.1781706905026
307060.0,1825.0448579459176
307080.0,1824.9115452013243
307100.0,1824.7782324567881
307120.0,1824.644919712306
307140.0,1824.511606967883
307160.0,1824.3782942235352
307180.0,1824.244981479217
307200.0,1824.1116687348701
307220.0,1823.9783559904367
307240.0,1823.8450432458944
307260.0,1823.7117305012835
307280.0,1823.5784177566882
307300.0,1823.4451050121097
307320.0,1823.3117922675199
307340.0,1823.1784795229275
307360.0,1823.0451667783211
307380.0,1822.9118540336767
307400.0,1822.7785412890466
307420.0,1822.645228544495
307440.0,1822.5119158000446
307460.0,1822.3786030556553
307480.0,1822.2452903112874
307500.0,1822.1119775669308
307520.0,1821.9786648225763
307540.0,1821.8453520781945
307560.0,1821.7120393337566
307580.0,1821.5787265892554
307600.0,1821.4454138447222
307620.0,1821.3121011001913
307640.0,1821.1787883556838
307660.0,1821.0454756112188
307680.0,1820.9121628667447
307700.0,1820.7788501222415
307720.0,1820.6455373777371
307740.0,1820.5122246332128
307760.0,1820.3789118886457
307780.0,1820.2455991440584
307800.0,1820.1122863994806
307820.0,1819.9789736549094
307840.0,1819.8456609103425
307860.0,1819.7123481658
307880.0,1819.579035421292
307900.0,1819.4457226768488
307920.0,1819.3124099324564
307940.0,1819.1790971880826
307960.0,1819.0457844437137
307980.0,1818.9124716993363
308000.0,1818.7791589549247
308020.0,1818.645846210476
308040.0,1818.5125334659635
308060.0,1818.379220721397
308080.0,1818.2459079768566
308100.0,1818.1125952323432
308120.0,1817.9792824878666
308140.0,1817.8459697434278
308160.0,1817.7126569990207
308180.0,1817.5793442546474
308200.0,1817.4460315102565
308220.0,1817.3127187658156
308240.0,1817.1794060213183
308260.0,1817.046093276783
308280.0,1816.912780532178
308300.0,1816.779467787522
308320.0,1816.6461550428699
308340.0,1816.5128422982348
308360.0,1816.3795295536504
308380.0,1816.2462168091195
308400.0,1816.1129040646094
308420.0,1815.9795913200892
308440.0,1815.8462785755528
308460.0,1815.7129658310482
308480.0,1815.5796530865948
308500.0,1815.4463403421873
308520.0,1815.3130275977705
308540.0,1815.179714853335
308560.0,1815.0464021089203
308580.0,1814.913089364512
308600.0,1814.7797766200686
308620.0,1814.6464638755813
308640.0,1814.513151131078
308660.0,1814.3798383865728
308680.0,1814.2465256420787
308700.0,1814.1132128976308
308720.0,1813.979900153206
308740.0,1813.8465874087597
308760.0,1813.7132746643194
308780.0,1813.5799619198679
308800.0,1813.4466491754042
308820.0,1813.3133364308974
308840.0,1813.1800236863523
308860.0,1813.0467109418103
308880.0,1812.9133981973039
308900.0,1812.7800854528589
308920.0,1812.6467727084673
308940.0,1812.51345996406
308960.0,1812.3801472196283
308980.0,1812.2468344751699
309000.0,1812.11352173068
309020.0,1811.980208986171
309040.0,1811.8468962416518
309060.0,1811.7135834970948
309080.0,1811.58027075252
309100.0,1811.4469580079756
309120.0,1811.3136452634476
309140.0,1811.1803325189364
309160.0,1811.0470197744248
309180.0,1810.9137070299098
309200.0,1810.7803942853486
309220.0,1810.6470815407179
309240.0,1810.5137687960673
309260.0,1810.3804560514568
309280.0,1810.247143306927
309300.0,1810.1138305625173
309320.0,1809.9805178181537
309340.0,1809.8472050737632
309360.0,1809.7138923293073
309380.0,1809.5805795847887
309400.0,1809.4472668402493
309420.0,1809.3139540956931
309440.0,1809.1806413511433
309460.0,1809.0473286066597
309480.0,1808.9140158622272
309500.0,1808.7807031178186
309520.0,1808.6473903733822
309540.0,1808.5140776289384
309560.0,1808.380764884522
309580.0,1808.2474521401095
309600.0,1808.1141393956755
309620.0,1807.9808266511923
309640.0,1807.847513906651
309660.0,1807.714201162084
309680.0,1807.5808884175397
309700.0,1807.4475756729971
309720.0,1807.3142629284332
309740.0,1807.1809501839066
309760.0,1807.0476374394443
309780.0,1806.9143246950457
309800.0,1806.7810119506419
309820.0,1806.647699206154
309840.0,1806.5143864615766
309860.0,1806.3810737169551
309880.0,1806.2477609723276
309900.0,1806.1144482277155
309920.0,1805.9811354831647
309940.0,1805.84782273867
309960.0,1805.7145099942081
309980.0,1805.5811972497966
310000.0,1805.447884505397
310020.0,1805.3145717609368
310040.0,1805.1812590164088
310060.0,1805.0479462718347
310080.0,1804.91463352721
310100.0,1804.781320782573
310120.0,1804.648008037997
310140.0,1804.514695293489
310160.0,1804.3813825490656
310180.0,1804.248069804699
310200.0,1804.1147570603255
310220.0,1803.9814443159296
310240.0,1803.8481315715333
310260.0,1803.7148188271226
310280.0,1803.581506082656
310300.0,1803.4481933381273
310320.0,1803.3148805935853
310340.0,1803.181567849057
310360.0,1803.0482551045466
310380.0,1802.9149423600848
310400.0,1802.7816296156561
310420.0,1802.6483168712173
310440.0,1802.5150041267407
310460.0,1802.3816913821968
310480.0,1802.2483786376263
310500.0,1802.1150658930997
310520.0,1801.98175314864
310540.0,1801.848440404232
310560.0,1801.715127659847
310580.0,1801.5818149154773
310600.0,1801.448502171096
310620.0,1801.3151894266127
310640.0,1801.181876682038
310660.0,1801.0485639374517
310680.0,1800.9152511928867
310700.0,1800.7819384483614
310720.0,1800.6486257038625
310740.0,1800.5153129593466
310760.0,1800.3820002147827
310780.0,1800.2486874702063
310800.0,1800.1153747256583
310820.0,1799.9820619811132
310840.0,1799.8487492365832
310860.0,1799.7154364921057
310880.0,1799.58212374768
310900.0,1799.448811003283
310920.0,1799.3154982588646
310940.0,1799.182185514385
310960.0,1799.0488727698732
310980.0,1798.9155600254035
311000.0,1798.7822472809883
311020.0,1798.6489345365785
311040.0,1798.5156217921242
311060.0,1798.382309047604
311080.0,1798.2489963030343
311100.0,1798.1156835584184
311120.0,1797.9823708137876
311140.0,1797.8490580691541
311160.0,1797.7157453245477
311180.0,1797.5824325800065
311200.0,1797.4491198355117
311220.0,1797.3158070910256
311240.0,1797.1824943465158
311260.0,1797.0491816019505
311280.0,1796.91586885738
311300.0,1796.7825561128786
311320.0,1796.6492433684475
311340.0,1796.515930624067
311360.0,1796.3826178797376
311380.0,1796.2493051354213
311400.0,1796.115992391051
311420.0,1795.9826796466455
311440.0,1795.8493669022337
311460.0,1795.7160541577966
311480.0,1795.5827414133116
311500.0,1795.449428668771
311520.0,1795.31611592419
311540.0,1795.182803179575
311560.0,1795.0494904349623
311580.0,1794.9161776903616
311600.0,1794.7828649457674
311620.0,1794.649552201185
311640.0,1794.516239456633
311660.0,1794.3829267121296
311680.0,1794.2496139676637
311700.0,1794.1163012232196
311720.0,1793.982988478784
311740.0,1793.8496757343678
311760.0,1793.7163629899242
311780.0,1793.5830502454305
311800.0,1793.4497375009119
311820.0,1793.316424756475
311840.0,1793.183112012115
311860.0,1793.0497992677588
311880.0,1792.9164865233538
311900.0,1792.78317377889
311920.0,1792.6498610343356
311940.0,1792.5165482897246
311960.0,1792.3832355451693
311980.0,1792.2499228006884
312000.0,1792.1166100562812
312020.0,1791.98329731189
312040.0,1791.849984567453
312060.0,1791.7166718229546
312080.0,1791.5833590784073
312100.0,1791.4500463338675
312120.0,1791.3167335893838
312140.0,1791.1834208449454
312160.0,1791.0501081005016
312180.0,1790.9167953559966
312200.0,1790.783482611419
312220.0,1790.6501698668267
312240.0,1790.516857122256
312260.0,1790.3835443776948
312280.0,1790.2502316331822
312300.0,1790.1169188887288
312320.0,1789.9836061443125
312340.0,1789.8502933998966
312360.0,1789.7169806554189
312380.0,1789.583667910906
312400.0,1789.4503551663588
312420.0,1789.3170424217788
312440.0,1789.1837296771857
312460.0,1789.050416932634
312480.0,1788.9171041881455
312500.0,1788.7837914436961
312520.0,1788.650478699245
312540.0,1788.51716595478
312560.0,1788.3838532103036
312580.0,1788.250540465844
312600.0,1788.117227721425
312620.0,1787.9839149769973
312640.0,1787.8506022325207
312660.0,1787.7172894879852
312680.0,1787.5839767434136
312700.0,1787.4506639988224
312720.0,1787.3173512542185
312740.0,1787.1840385096043
312760.0,1787.050725765025
312780.0,1786.917413020456
312800.0,1786.78410027589
312820.0,1786.650787531365
312840.0,1786.5174747868866
312860.0,1786.3841620424428
312880.0,1786.2508492980057
312900.0,1786.1175365535466
312920.0,1785.9842238090914
312940.0,1785.8509110646633
312960.0,1785.7175983202487
312980.0,1785.5842855758485
313000.0,1785.4509728314722
313020.0,1785.3176600871157
313040.0,1785.1843473427593
313060.0,1785.0510345983778
313080.0,1784.9177218539758
313100.0,1784.784409109569
313120.0,1784.6510963651394
313140.0,1784.5177836206392
313160.0,1784.3844708760764
313180.0,1784.2511581314732
313200.0,1784.1178453868627
313220.0,1783.9845326423049
313240.0,1783.8512198977878
313260.0,1783.717907153301
313280.0,1783.5845944088428
313300.0,1783.4512816643703
313320.0,1783.3179689198828
313340.0,1783.1846561753944
313360.0,1783.051343430916
313380.0,1782.9180306864139
313400.0,1782.7847179418804
313420.0,1782.6514051973268
313440.0,1782.5180924527783
313460.0,1782.3847797082333
313480.0,1782.2514669636762
313500.0,1782.118154219114
313520.0,1781.9848414745775
313540.0,1781.8515287300834
313560.0,1781.7182159856268
313580.0,1781.584903241228
313600.0,1781.4515904968805
313620.0,1781.3182777525533
313640.0,1781.18496500821
313660.0,1781.0516522638059
313680.0,1780.9183395193297
313700.0,1780.785026774824
313720.0,1780.6517140302828
313740.0,1780.518401285682
313760.0,1780.3850885410357
313780.0,1780.251775796395
313800.0,1780.1184630517837
313820.0,1779.9851503071689
313840.0,1779.8518375625586
313860.0,1779.7185248179835
313880.0,1779.585212073458
313900.0,1779.451899328985
313920.0,1779.318586584548
313940.0,1779.1852738401328
313960.0,1779.0519610957103
313980.0,1778.9186483512367
314000.0,1778.7853356067305
314020.0,1778.6520228622364
314040.0,1778.5187101177744
314060.0,1778.3853973733499
314080.0,1778.2520846289349
314100.0,1778.1187718845163
314120.0,1777.985459140105
314140.0,1777.8521463957018
314160.0,1777.7188336512422
314180.0,1777.5855209067056
314200.0,1777.4522081621576
314220.0,1777.3188954176003
314240.0,1777.1855826730327
314260.0,1777.0522699284586
314280.0,1776.9189571838851
314300.0,1776.7856444393262
314320.0,1776.652331694815
314340.0,1776.5190189503567
314360.0,1776.38570620593
314380.0,1776.2523934615288
314400.0,1776.1190807171279
314420.0,1775.9857679727472
314440.0,1775.8524552283611
314460.0,1775.7191424839657
314480.0,1775.5858297395437
314500.0,1775.4525169951162
314520.0,1775.3192042506448
314540.0,1775.1858915061246
314560.0,1775.0525787615686
314580.0,1774.919266017006
314600.0,1774.7859532724192
314620.0,1774.6526405278014
314640.0,1774.5193277831872
314660.0,1774.3860150386001
314680.0,1774.2527022940224
314700.0,1774.1193895494603
314720.0,1773.9860768049052
314740.0,1773.8527640603504
314760.0,1773.7194513157951
314780.0,1773.5861385712415
314800.0,1773.452825826676
314820.0,1773.3195130821302
314840.0,1773.1862003376045
314860.0,1773.0528875930904
314880.0,1772.919574848624
314900.0,1772.7862621041888
314920.0,1772.6529493597568
314940.0,1772.5196366153662
314960.0,1772.3863238710019
314980.0,1772.2530111266067
315000.0,1772.1196983821942
315020.0,1771.986385637812
315040.0,1771.8530728934354
315060.0,1771.7197601490134
315080.0,1771.5864474045259
315100.0,1771.4531346600168
315120.0,1771.3198219154747
315140.0,1771.1865091709042
315160.0,1771.0531964263762
315180.0,1770.9198836819335
315200.0,1770.786570937534
315220.0,1770.6532581931053
315240.0,1770.5199454486192
315260.0,1770.386632704102
315280.0,1770.2533199595812
315300.0,1770.1200072150655
315320.0,1769.9866944705573
315340.0,1769.853381726029
315360.0,1769.7200689815006
315380.0,1769.5867562369804
315400.0,1769.4534434924135
315420.0,1769.320130747791
315440.0,1769.1868180031775
315460.0,1769.0535052586554
315480.0,1768.9201925141974
315500.0,1768.786879769729
315520.0,1768.6535670252385
315540.0,1768.5202542807813
315560.0,1768.3869415363636
315580.0,1768.2536287919484
315600.0,1768.120316047523
315620.0,1767.9870033030759
315640.0,1767.8536905585636
315660.0,1767.7203778139817
315680.0,1767.5870650693723
315700.0,1767.4537523247768
315720.0,1767.3204395802445
315740.0,1767.1871268357784
315760.0,1767.0538140912927
315780.0,1766.9205013467338
315800.0,1766.7871886021203
315820.0,1766.6538758575211
315840.0,1766.520563113012
315860.0,1766.3872503685882
315880.0,1766.253937624237
315900.0,1766.1206248799117
315920.0,1765.9873121355445
315940.0,1765.8539993911313
315960.0,1765.7206866466981
315980.0,1765.5873739022584
316000.0,1765.4540611577563
316020.0,1765.3207484132286
316040.0,1765.1874356687108
316060.0,1765.0541229241855
316080.0,1764.9208101796435
316100.0,1764.7874974351319
316120.0,1764.6541846906507
316140.0,1764.5208719461668
316160.0,1764.3875592016593
316180.0,1764.254246457143
316200.0,1764.1209337126572
316220.0,1763.9876209681668
316240.0,1763.8543082236079
316260.0,1763.7209954790164
316280.0,1763.5876827344196
316300.0,1763.45436998984
316320.0,1763.3210572453095
316340.0,1763.187744500782
316360.0,1763.0544317562612
316380.0,1762.92111901177
316400.0,1762.7878062672826
316420.0,1762.6544935228012
316440.0,1762.5211807783512
316460.0,1762.3878680339192
316480.0,1762.2545552894655
316500.0,1762.1212425449892
316520.0,1761.9879298005405
316540.0,1761.8546170561633
316560.0,1761.7213043117904
316580.0,1761.58799156737
316600.0,1761.4546788229054
316620.0,1761.321366078404
316640.0,1761.1880533338904
316660.0,1761.0547405893776
316680.0,1760.9214278448549
316700.0,1760.7881151003173
316720.0,1760.654802355762
316740.0,1760.521489611209
316760.0,1760.3881768667138
316780.0,1760.254864122279
316800.0,1760.1215513778382
316820.0,1759.988238633369
316840.0,1759.854925888896
316860.0,1759.7216131444231
316880.0,1759.5883003999502
316900.0,1759.4549876554768
316920.0,1759.3216749109583
316940.0,1759.1883621663724
316960.0,1759.0550494217496
316980.0,1758.9217366771961
317000.0,1758.7884239327152
317020.0,1758.6551111882159
317040.0,1758.5217984436808
317060.0,1758.38848569915
317080.0,1758.25517295464
317100.0,1758.1218602101592
317120.0,1757.9885474657171
317140.0,1757.8552347212822
317160.0,1757.7219219768187
317180.0,1757.5886092322994
317200.0,1757.4552964876912
317220.0,1757.321983743053
317240.0,1757.1886709984578
317260.0,1757.0553582539487
317280.0,1756.9220455095056
317300.0,1756.7887327650956
317320.0,1756.6554200207381
317340.0,1756.522107276418
317360.0,1756.3887945320826
317380.0,1756.2554817877008
317400.0,1756.1221690432544
317420.0,1755.988856298761
317440.0,1755.8555435542264
317460.0,1755.722230809676
317480.0,1755.5889180651188
317500.0,1755.4556053205677
317520.0,1755.322292576036
317540.0,1755.1889798315028
317560.0,1755.0556670869842
317580.0,1754.9223543424728
317600.0,1754.7890415980023
317620.0,1754.65572885359
317640.0,1754.5224161092217
317660.0,1754.3891033648695
317680.0,1754.2557906205377
317700.0,1754.1224778762055
317720.0,1753.9891651318055
317740.0,1753.8558523872834
317760.0,1753.7225396426609
317780.0,1753.5892268979992
317800.0,1753.4559141532986
317820.0,1753.3226014085838
317840.0,1753.1892886639084
317860.0,1753.055975919327
317880.0,1752.9226631748284
317900.0,1752.7893504303934
317920.0,1752.6560376860357
317940.0,1752.5227249417487
317960.0,1752.389412197487
317980.0,1752.2560994531584
318000.0,1752.122786708729
318020.0,1751.989473964219
318040.0,1751.8561612196613
318060.0,1751.7228484750624
318080.0,1751.589535730455
318100.0,1751.4562229858493
318120.0,1751.3229102412784
318140.0,1751.1895974967779
318160.0,1751.0562847523397
318180.0,1750.9229720079015
318200.0,1750.7896592634181
318220.0,1750.656346518898
318240.0,1750.5230337743276
318260.0,1750.3897210297455
318280.0,1750.2564082852107
318300.0,1750.1230955407132
318320.0,1749.9897827962457
318340.0,1749.8564700518396
318360.0,1749.723157307469
318380.0,1749.5898445630871
318400.0,1749.4565318186553
318420.0,1749.323219074222
318440.0,1749.1899063297892
318460.0,1749.0565935853301
318480.0,1748.9232808408665
318500.0,1748.7899680964179
318520.0,1748.656655351946
318540.0,1748.5233426074544
318560.0,1748.3900298629712
318580.0,1748.2567171184705
318600.0,1748.1234043739237
318620.0,1747.9900916293668
318640.0,1747.8567788848309
318660.0,1747.7234661402588
318680.0,1747.5901533956228
318700.0,1747.4568406509693
318720.0,1747.3235279063108
318740.0,1747.1902151616837
318760.0,1747.0569024171255
318780.0,1746.9235896726454
318800.0,1746.7902769282177
318820.0,1746.6569641838262
318840.0,1746.5236514394426
318860.0,1746.3903386950362
318880.0,1746.2570259505676
318900.0,1746.1237132060567
318920.0,1745.9904004615332
318940.0,1745.8570877170018
318960.0,1745.7237749724877
318980.0,1745.5904622280045
319000.0,1745.4571494835589
319020.0,1745.3238367391448
319040.0,1745.1905239947596
319060.0,1745.0572112503808
319080.0,1744.923898505977
319100.0,1744.790585761495
319120.0,1744.6572730169373
319140.0,1744.523960272316
319160.0,1744.3906475276938
319180.0,1744.2573347831253
319200.0,1744.1240220386003
319220.0,1743.9907092941037
319240.0,1743.8573965496248
319260.0,1743.72408380513
319280.0,1743.5907710606036
319300.0,1743.4574583160854
319320.0,1743.3241455715997
319340.0,1743.1908328271202
319360.0,1743.0575200826127
319380.0,1742.9242073380653
319400.0,1742.7908945935244
319420.0,1742.6575818490303
319440.0,1742.5242691045507
319460.0,1742.3909563600682
319480.0,1742.2576436156087
319500.0,1742.1243308711535
319520.0,1741.991018126683
319540.0,1741.8577053821914
319560.0,1741.7243926376934
319580.0,1741.5910798931768
319600.0,1741.4577671486034
319620.0,1741.3244544039887
319640.0,1741.191141659378
319660.0,1741.0578289148136
319680.0,1740.9245161702925
319700.0,1740.791203425797
319720.0,1740.657890681357
319740.0,1740.5245779369711
319760.0,1740.3912651925784
319780.0,1740.2579524481848
319800.0,1740.1246397037855
319820.0,1739.9913269593503
319840.0,1739.8580142148578
319860.0,1739.7247014702648
319880.0,1739.5913887255635
319900.0,1739.458075980774
319920.0,1739.3247632359883
319940.0,1739.1914504913325
319960.0,1739.0581377469673
319980.0,1738.9248250029946
320000.0,1738.7915122594864
320020.0,1738.6581995163874
320040.0,1738.5248867734554
320060.0,1738.3915740302994
320080.0,1738.258261286359
320100.0,1738.124948540987
320120.0,1737.991635793538
320140.0,1737.858323043607
320160.0,1737.7250102913179
320180.0,1737.5916975376342
320200.0,1737.4583847846
320220.0,1737.3250720354547
320240.0,1737.1917592942632
320260.0,1737.0584465651111
320280.0,1736.9251338509014
320300.0,1736.7918211517117
320320.0,1736.6585084627804
320340.0,1736.5251957728979
320360.0,1736.39188306382
320380.0,1736.2585703115615
320400.0,1736.1252574904163
320420.0,1735.9919445801036
320440.0,1735.8586315757798
320460.0,1735.725318499628
320480.0,1735.5920054113788
320500.0,1735.4586924136802
320520.0,1735.3253796470049
320540.0,1735.1920672693293
320560.0,1735.0587554167614
320580.0,1734.925444145417
320600.0,1734.79213336116
320620.0,1734.65882275181
320640.0,1734.5255117450833
320660.0,1734.3921995227945
320680.0,1734.2588851233547
320700.0,1734.1255676573371
320720.0,1733.9922466404907
320740.0,1733.858922413956
320760.0,1733.7255965736217
320780.0,1733.5922722762402
320800.0,1733.4589542436238
320820.0,1733.325648266422
320840.0,1733.192360040342
320860.0,1733.0590932727857
320880.0,1732.9258471927744
320900.0,1732.7926138747341
320920.0,1732.6593761153085
320940.0,1732.5261069067096
320960.0,1732.3927717183553
320980.0,1732.2593346870824
321000.0,1732.1257692775969
321020.0,1731.9920729047494
321040.0,1731.8582834031743
321060.0,1731.7244932556605
321080.0,1731.5908555426424
321100.0,1731.4575742948778
321120.0,1731.3248721684643
321140.0,1731.1929310294574
321160.0,1731.0618068648969
321180.0,1730.931329617831
321200.0,1730.8010103134075
321220.0,1730.669990107109
321240.0,1730.5370750265527
321260.0,1730.4009012189133
321280.0,1730.2602628352938
321300.0,1730.1146034064598
321320.0,1729.9646196110784
321340.0,1729.8128569262979
321360.0,1729.6641007211954
321380.0,1729.5253040991215
321400.0,1729.4047742218288
321420.0,1729.3103962199991
321440.0,1729.2468400735913
321460.0,1729.2119889620087
321480.0,1729.1932365763464
321500.0,1729.1647706846568
321520.0,1729.0873807715566
321540.0,1728.9125335545516
321560.0,1728.5922487629625
321580.0,1728.0954799176645
321600.0,1727.4301341720752
321620.0,1726.6675870540112
321640.0,1725.9638585494718
321660.0,1725.5691553610927
321680.0,1725.8162612467277
321700.0,1727.0795920005094
321720.0,1729.7020580674623
321740.0,1733.8974095710896
321760.0,1739.6520170169272
321780.0,1746.6714309814008
321800.0,1754.4352137620056
321820.0,1762.350591810893
321840.0,1769.8367210566867
321860.0,1776.3551447743434
321880.0,1781.549147805196
321900.0,1785.4647435424918
321920.0,1788.623272803754
321940.0,1791.8960718014418
321960.0,1796.3117221505122
321980.0,1802.7261262042916
322000.0,1811.515415602854
322020.0,1822.4965262923458
322040.0,1834.840102787112
322060.0,1847.0924169388686
322080.0,1857.5319492044448
322100.0,1864.6326681178575
322120.0,1867.5298267494795
322140.0,1866.3257472755297
322160.0,1861.926138725986
322180.0,1855.374554877729
322200.0,1847.3421459925262
322220.0,1838.128309965448
322240.0,1827.8928456652404
322260.0,1816.88463494257
322280.0,1805.6079026294653
322300.0,1794.8678010344343
322320.0,1785.5689692183946
322340.0,1778.356258161483
322360.0,1773.4450348590428
322380.0,1770.6576487657142
322400.0,1769.5580179442823
322420.0,1769.6051403719825
322440.0,1770.279571546808
322460.0,1771.1637304143846
322480.0,1771.9754974463528
322500.0,1772.5651122051775
322520.0,1772.8893172171909
322540.0,1772.9760675690352
322560.0,1772.8899751232807
322580.0,1772.7046633024402
322600.0,1772.484525521814
322620.0,1772.275627473645
322640.0,1772.103854433247
322660.0,1771.9777679202573
322680.0,1771.8937351591499
322700.0,1771.841423339781
322720.0,1771.8084383439132
322740.0,1771.783539046211
322760.0,1771.758361885532
322780.0,1771.72790705532
322800.0,1771.690179911544
322820.0,1771.6453904363177
322840.0,1771.595040671922
322860.0,1771.5411216566713
322880.0,1771.4855326751997
322900.0,1771.4297478844687
322920.0,1771.3746973934171
322940.0,1771.3208011855083
322960.0,1771.268088892483
322980.0,1771.216348199266
323000.0,1771.165261697824
323020.0,1771.1145101292998
323040.0,1771.063835207747
323060.0,1771.0130657703933
323080.0,1770.962116653359
323100.0,1770.9109712847264
323120.0,1770.8596578123754
323140.0,1770.8082259636535
323160.0,1770.7567288485322
323180.0,1770.7052112929437
323200.0,1770.6537043919404
323220.0,1770.6022248852435
323240.0,1770.550777571776
323260.0,1770.499359093119
323280.0,1770.447961808916
323300.0,1770.396576974336
323320.0,1770.3451968772933
323340.0,1770.2938159306
323360.0,1770.2424309193254
323380.0,1770.1910406890643
323400.0,1770.139645556625
323420.0,1770.088246667165
323440.0,1770.0368454442118
323460.0,1769.9854432029388
323480.0,1769.9340409371428
323500.0,1769.8826392527935
323520.0,1769.831238403319
323540.0,1769.7798383796858
323560.0,1769.7284390157995
323580.0,1769.6770400828784
323600.0,1769.6256413586038
323620.0,1769.5742426679685
323640.0,1769.5228438985184
323660.0,1769.4714449975484
323680.0,1769.4200459586677
323700.0,1769.3686468049677
323720.0,1769.3172475728138
323740.0,1769.265848299407
323760.0,1769.2144490152048
323780.0,1769.1630497407646
323800.0,1769.111650486572
323820.0,1769.0602512550408
323840.0,1769.008852043297
323860.0,1768.957452845733
323880.0,1768.9060536561733
323900.0,1768.8546544693563
323920.0,1768.8032552815646
323940.0,1768.7518560906913
323960.0,1768.7004568960576
323980.0,1768.6490576979827
324000.0,1768.5976584973607
324020.0,1768.546259295227
324040.0,1768.4948600925031
324060.0,1768.4434608898857
324080.0,1768.3920616877635
324100.0,1768.3406624862678
324120.0,1768.28926328538
324140.0,1768.2378640849558
324160.0,1768.186464884803
324180.0,1768.1350656847492
324200.0,1768.0836664846684
324220.0,1768.032267284485
324240.0,1767.9808680842048
324260.0,1767.9294688837865
324280.0,1767.8780696832778
324300.0,1767.8266704827615
324320.0,1767.7752712822926
324340.0,1767.7238720818564
324360.0,1767.672472881432
324380.0,1767.621073680988
324400.0,1767.5696744805132
324420.0,1767.518275280017
324440.0,1767.4668760795503
324460.0,1767.4154768791045
324480.0,1767.364077678636
324500.0,1767.3126784781555
324520.0,1767.2612792776915
324540.0,1767.209880077207
324560.0,1767.1584808767075
324580.0,1767.107081676261
324600.0,1767.0556824758867
324620.0,1767.00428327554
324640.0,1766.9528840751682
324660.0,1766.9014848747277
324680.0,1766.8500856742016
324700.0,1766.7986864736145
324720.0,1766.7472872730182
324740.0,1766.6958880724658
324760.0,1766.6444888719543
324780.0,1766.593089671505
324800.0,1766.5416904711383
324820.0,1766.4902912707876
324840.0,1766.4388920703955
324860.0,1766.3874928699618
324880.0,1766.3360936695105
324900.0,1766.2846944690277
324920.0,1766.233295268569
324940.0,1766.1818960681655
324960.0,1766.1304968677632
324980.0,1766.0790976673645
325000.0,1766.027698466969
325020.0,1765.9762992665583
325040.0,1765.9249000661014
325060.0,1765.8735008655888
325080.0,1765.822101665047
325100.0,1765.7707024645376
325120.0,1765.7193032640694
325140.0,1765.6679040635852
325160.0,1765.6165048630314
325180.0,1765.565105662496
325200.0,1765.5137064620562
325220.0,1765.4623072616664
325240.0,1765.4109080612827
325260.0,1765.3595088608977
325280.0,1765.3081096605038
325300.0,1765.2567104600882
325320.0,1765.2053112596507
325340.0,1765.1539120591601
325360.0,1765.102512858609
325380.0,1765.0511136580753
325400.0,1764.9997144575689
325420.0,1764.9483152570374
325440.0,1764.8969160565343
325460.0,1764.8455168561045
325480.0,1764.7941176557572
325500.0,1764.7427184554174
325520.0,1764.6913192549796
325540.0,1764.6399200544693
325560.0,1764.5885208539462
325580.0,1764.537121653458
325600.0,1764.48572245301
325620.0,1764.4343232525698
325640.0,1764.382924052078
325660.0,1764.331524851525
325680.0,1764.2801256510018
325700.0,1764.2287264505453
325720.0,1764.1773272501352
325740.0,1764.1259280497663
325760.0,1764.0745288494065
325780.0,1764.0231296490194
325800.0,1763.971730448587
325820.0,1763.920331248123
325840.0,1763.868932047671
325860.0,1763.8175328472075
325880.0,1763.76613364673
325900.0,1763.714734446232
325920.0,1763.6633352457543
325940.0,1763.6119360453108
325960.0,1763.560536844888
325980.0,1763.5091376444666
326000.0,1763.4577384440393
326020.0,1763.4063392435787
326040.0,1763.3549400431245
326060.0,1763.3035408426956
326080.0,1763.2521416422428
326100.0,1763.200742441749
326120.0,1763.1493432412208
326140.0,1763.0979440406154
326160.0,1763.0465448399743
326180.0,1762.9951456393737
326200.0,1762.9437464388702
326220.0,1762.8923472384363
326240.0,1762.840948038044
326260.0,1762.789548837695
326280.0,1762.7381496374214
326300.0,1762.6867504371507
326320.0,1762.6353512368144
326340.0,1762.5839520364407
326360.0,1762.53255283603
326380.0,1762.4811536355664
326400.0,1762.429754435044
326420.0,1762.378355234435
326440.0,1762.3269560337753
326460.0,1762.27555683311
326480.0,1762.2241576324632
326500.0,1762.1727584319
326520.0,1762.1213592314548
326540.0,1762.06996003112
326560.0,1762.0185608308307
326580.0,1761.96716163052
326600.0,1761.9157624301465
326620.0,1761.8643632296917
326640.0,1761.8129640291918
326660.0,1761.7615648287076
326680.0,1761.710165628259
326700.0,1761.658766427857
326720.0,1761.6073672275083
326740.0,1761.5559680271722
326760.0,1761.504568826777
326780.0,1761.4531696263052
326800.0,1761.4017704257749
326820.0,1761.3503712252132
326840.0,1761.2989720246526
326860.0,1761.2475728241188
326880.0,1761.1961736236578
326900.0,1761.1447744232494
326920.0,1761.0933752228593
326940.0,1761.0419760224818
326960.0,1760.9905768220717
326980.0,1760.9391776215773
327000.0,1760.8877784210338
327020.0,1760.8363792204825
327040.0,1760.7849800199187
327060.0,1760.7335808193518
327080.0,1760.6821816187955
327100.0,1760.6307824182663
327120.0,1760.5793832178151
327140.0,1760.5279840174364
327160.0,1760.476584817106
327180.0,1760.4251856168053
327200.0,1760.3737864165676
327220.0,1760.3223872163792
327240.0,1760.270988016179
327260.0,1760.2195888159222
327280.0,1760.1681896155885
327300.0,1760.116790415131
327320.0,1760.0653912145535
327340.0,1760.013992013885
327360.0,1759.9625928131522
327380.0,1759.9111936123304
327400.0,1759.859794411408
327420.0,1759.8083952104778
327440.0,1759.7569960097142
327460.0,1759.7055968093555
327480.0,1759.6541976096432
327500.0,1759.602798410701
327520.0,1759.5513992124372
327540.0,1759.5000000145894
327560.0,1759.44860081667
327580.0,1759.3972016178257
327600.0,1759.345802416866
327620.0,1759.2944032124979
327640.0,1759.2430040037093
327660.0,1759.1916047903542
327680.0,1759.1402055736967
327700.0,1759.0888063568595
327720.0,1759.0374071449246
327740.0,1758.9860079447394
327760.0,1758.9346087639449
327780.0,1758.8832096089159
327800.0,1758.8318104818213
327820.0,1758.7804113772968
327840.0,1758.7290122792474
327860.0,1758.6776131589493
327880.0,1758.6262139760925
327900.0,1758.5748146841502
327920.0,1758.5234152412304
327940.0,1758.4720156266692
327960.0,1758.4206158615464
327980.0,1758.3692160291314
328000.0,1758.3178162886634
328020.0,1758.2664168738097
328040.0,1758.2150180661054
328060.0,1758.1636201357499
328080.0,1758.1122232472342
328100.0,1758.0608273374626
328120.0,1758.009431987517
328140.0,1757.958036324991
328160.0,1757.9066390083476
328180.0,1757.8552383519298
328200.0,1757.8038326431956
328220.0,1757.7524206758044
328240.0,1757.7010024679657
328260.0,1757.6495800561509
328280.0,1757.598158158063
328300.0,1757.5467444065682
328320.0,1757.4953487991238
328340.0,1757.443982027337
328360.0,1757.3926524928338
328380.0,1757.341362110803
328400.0,1757.2901014590698
328420.0,1757.2388454050495
328440.0,1757.1875509283352
328460.0,1757.13615927266
328480.0,1757.0846045622457
328500.0,1757.0328303330764
328520.0,1756.9808138321946
328540.0,1756.9285953444391
328560.0,1756.8763064008149
328580.0,1756.8241870692007
328600.0,1756.7725796401749
328620.0,1756.721885326612
328640.0,1756.6724737504562
328660.0,1756.6245434921886
328680.0,1756.577946588522
328700.0,1756.5320098700765
328720.0,1756.4854085258448
328740.0,1756.4361666598834
328760.0,1756.381867602547
328780.0,1756.3201433548752
328800.0,1756.2494681269854
328820.0,1756.1701995039286
328840.0,1756.085694361956
328860.0,1756.0031898686436
328880.0,1755.9340134351612
328900.0,1755.8926168004996
328920.0,1755.8939784076658
328940.0,1755.9491461029095
328960.0,1756.05914272135
328980.0,1756.208131231449
329000.0,1756.3575636754126
329020.0,1756.4438543337394
329040.0,1756.3826542488637
329060.0,1756.082709280355
329080.0,1755.4711800472658
329100.0,1754.5298934242055
329120.0,1753.338217023212
329140.0,1752.1134421678082
329160.0,1751.2346366622319
329180.0,1751.2324504533249
329200.0,1752.72748393112
329220.0,1756.3060325852027
329240.0,1762.3365401430765
329260.0,1770.7541221043216
329280.0,1780.8732681176011
329300.0,1791.3266859716518
329320.0,1800.272308845889
329340.0,1806.103722843014
329360.0,1808.5583439794173
329380.0,1809.0871848752274
329400.0,1810.317728511866
329420.0,1815.3062573260572
329440.0,1826.8576836040138
329460.0,1846.6468478409122
329480.0,1874.3629130965478
329500.0,1907.5894475236976
329520.0,1942.3137329869612
329540.0,1974.1132300908635
329560.0,1999.6120807242726
329580.0,2017.2092068181494
329600.0,2026.9985442862119
329620.0,2030.2686973307548
329640.0,2028.893770622753
329660.0,2024.8061354802255
329680.0,2019.639025778169
329700.0,2014.552107179758
329720.0,2010.20814869633
329740.0,2006.8495643914016
329760.0,2004.4228565954086
329780.0,2002.7092666719043
329800.0,2001.4346353001479
329820.0,2000.3458402299523
329840.0,1999.25246309532
329860.0,1998.0395074631112
329880.0,1996.6602454556319
329900.0,1995.118503944257
329920.0,1993.448049717476
329940.0,1991.6942549705818
329960.0,1989.9007240851656
329980.0,1988.101532505266
330000.0,1986.3183761331504
330020.0,1984.5612494214718
330040.0,1982.8311284608299
330060.0,1981.1233464356624
330080.0,1979.430732159298
330100.0,1977.7459952635083
330120.0,1976.063191963105
330140.0,1974.378349645593
330160.0,1972.6894611748885
330180.0,1970.9960990500058
330200.0,1969.2988746676078
330220.0,1967.5989090745811
330240.0,1965.8974136283389
330260.0,1964.1954187233466
330280.0,1962.493644865491
330300.0,1960.7924849449323
330320.0,1959.09205723262
330340.0,1957.3922908564969
330360.0,1955.6930143021978
330380.0,1953.9940285300659
330400.0,1952.2951565634144
330420.0,1950.5962691971683
330440.0,1948.8972912589775
330460.0,1947.1981948873672
330480.0,1945.4989862626649
330500.0,1943.7996909579313
330520.0,1942.1003413044577
330540.0,1940.400967433495
330560.0,1938.701592284569
330580.0,1937.002229984293
330600.0,1935.3028865799024
330620.0,1933.603562054514
330640.0,1931.904252725745
330660.0,1930.2049534099424
330680.0,1928.5056590235345
330700.0,1926.806365532173
330720.0,1925.1070703210407
330740.0,1923.4077721427104
330760.0,1921.7084708196585
330780.0,1920.009166856172
330800.0,1918.3098610709326
330820.0,1916.6105543136139
330840.0,1914.9112472873608
330860.0,1913.2119404698522
330880.0,1911.5126341095697
330900.0,1909.8133282678925
330920.0,1908.1140228809577
330940.0,1906.414717821551
330960.0,1904.7154129487317
330980.0,1903.016108140672
331000.0,1901.3168033108927
331020.0,1899.6174984111926
331040.0,1897.9181934262208
331060.0,1896.2188883638769
331080.0,1894.519583244971
331100.0,1892.8202780943914
331120.0,1891.1209729348416
331140.0,1889.42166778301
331160.0,1887.7223626480168
331180.0,1886.0230575312514
331200.0,1884.323752427179
331220.0,1882.6244473247468
331240.0,1880.9251422094044
331260.0,1879.2258370660043
331280.0,1877.5265318825993
331300.0,1875.8272266552144
331320.0,1874.1279213929527
331340.0,1872.4286161225496
331360.0,1870.7293108906197
331380.0,1869.030005761245
331400.0,1867.3307008066045
331420.0,1865.6313960890475
331440.0,1863.932091634921
331460.0,1862.2327874027865
331480.0,1860.5334832526867
331500.0,1858.8341789270223
331520.0,1857.1348740564895
331540.0,1855.4355682058588
331560.0,1853.7362609709573
331580.0,1852.0369521289383
331600.0,1850.3376418281582
331620.0,1848.6383307828503
331640.0,1846.9390204130061
331660.0,1845.239712848701
331680.0,1843.5404107086688
331700.0,1841.841116577448
331720.0,1840.1418321521473
331740.0,1838.4425571175111
331760.0,1836.7432879333442
331780.0,1835.044016867015
331800.0,1833.3447317421756
331820.0,1831.645416952247
331840.0,1829.9460562383072
331860.0,1828.246637490644
331880.0,1826.5471593514103
331900.0,1824.8476386715654
331920.0,1823.1481169824947
331940.0,1821.4486632585008
331960.0,1819.7493696602246
331980.0,1818.0503370448296
332000.0,1816.3516482202763
332020.0,1814.653329541247
332040.0,1812.9553055827432
332060.0,1811.2573569462809
332080.0,1809.5590968125925
332100.0,1807.8599860244292
332120.0,1806.1594070154958
332140.0,1804.456811252432
332160.0,1802.7519408068842
332180.0,1801.0451012583785
332200.0,1799.3374317627045
332220.0,1797.6310837052238
332240.0,1795.9291909772667
332260.0,1794.2355056473978
332280.0,1792.5535981373582
332300.0,1790.8855954464489
332320.0,1789.2305626997586
332340.0,1787.5828175082868
332360.0,1785.930678569969
332380.0,1784.256339916578
332400.0,1782.537655365832
332420.0,1780.7525218406597
332440.0,1778.886174206813
332460.0,1776.9409887103707
332480.0,1774.947349547679
332500.0,1772.972892255101
332520.0,1771.1262794892548
332540.0,1769.5510348487958
332560.0,1768.405437656687
332580.0,1767.8266877889705
332600.0,1767.881990621839
332620.0,1768.5160621560585
332640.0,1769.513420085259
332660.0,1770.503564175439
332680.0,1771.0458329880541
332700.0,1770.8288264776797
332720.0,1769.893799318689
332740.0,1768.568893879664
332760.0,1767.200081729477
332780.0,1766.0179362648014
332800.0,1765.1289987784905
332820.0,1764.5426603123185
332840.0,1764.2069335854678
332860.0,1764.0423402088477
332880.0,1763.9679449850191
332900.0,1763.917502009291
332920.0,1763.8464335986384
332940.0,1763.7318788951493
332960.0,1763.568524022367
332980.0,1763.3626813847145
333000.0,1763.1264554063396
333020.0,1762.8730917838025
333040.0,1762.6139451842387
333060.0,1762.3570145747713
333080.0,1762.1067110435556
333100.0,1761.864415941852
333120.0,1761.629408305837
333140.0,1761.399835120701
333160.0,1761.1735186733217
333180.0,1760.9485082448184
333200.0,1760.723369784461
333220.0,1760.4972606982417
333240.0,1760.2698600737415
333260.0,1760.0412250087807
333280.0,1759.8116301740415
333300.0,1759.5814284359044
333320.0,1759.3509513283582
333340.0,1759.120452990795
333360.0,1758.8900913060577
333380.0,1758.6599352125602
333400.0,1758.4299864288143
333420.0,1758.2002056716453
333440.0,1757.970536493068
333460.0,1757.7409230400397
333480.0,1757.511320683299
333500.0,1757.2817002645083
333520.0,1757.0520476564827
333540.0,1756.8223605735864
333560.0,1756.592644338732
333580.0,1756.3629078424624
333600.0,1756.1331604043723
333620.0,1755.9034097910062
333640.0,1755.6736613186836
333660.0,1755.443917787255
333680.0,1755.2141799295455
333700.0,1754.9844470852993
333720.0,1754.754717879897
333740.0,1754.5249907738812
333760.0,1754.2952644275454
333780.0,1754.0655378826327
333800.0,1753.835810598046
333820.0,1753.6060823903488
333840.0,1753.3763533282745
333860.0,1753.1466236197448
333880.0,1752.9168935163239
333900.0,1752.6871632470782
333920.0,1752.4574329828774
333940.0,1752.2277028260069
333960.0,1751.9979728171718
333980.0,1751.76824295169
334000.0,1751.5385131980852
334020.0,1751.3087835148776
334040.0,1751.0790538626206
334060.0,1750.8493242112086
334080.0,1750.619594542813
334100.0,1750.3898648515697
334120.0,1750.160135141286
334140.0,1749.9304054220443
334160.0,1749.700675706373
334180.0,1749.4709460053152
334200.0,1749.2412163247525
334220.0,1749.0114866621516
334240.0,1748.7817570040831
334260.0,1748.5520273255047
334280.0,1748.3222975917924
334300.0,1748.0925677643852
334320.0,1747.8628378110784
334340.0,1747.6331077203843
334360.0,1747.403377518399
334380.0,1747.1736472847047
334400.0,1746.9439171613965
334420.0,1746.7141873479363
334440.0,1746.4844580742683
334460.0,1746.2547295467186
334480.0,1746.025001866233
334500.0,1745.7952749270548
334520.0,1745.5655483158923
334540.0,1745.335821244158
334560.0,1745.1060925564464
334580.0,1744.8763608624827
334600.0,1744.6466248308584
334620.0,1744.4168836554704
334640.0,1744.1871376576594
334660.0,1743.9573889190128
334680.0,1743.7276417615576
334700.0,1743.4979028208952
334720.0,1743.2681804233885
334740.0,1743.0384830131757
334760.0,1742.8088165142187
334780.0,1742.5791807801816
334800.0,1742.3495656781536
334820.0,1742.1199478257945
334840.0,1741.8902894581256
334860.0,1741.6605411784742
334880.0,1741.4306502453273
334900.0,1741.200575345394
334920.0,1740.9703073382266
334940.0,1740.7398932020053
334960.0,1740.509457572008
334980.0,1740.2792133750513
335000.0,1740.0494510221197
335020.0,1739.8204956339953
335040.0,1739.592625180952
335060.0,1739.3659503366846
335080.0,1739.1402696784655
335100.0,1738.914930695409
335120.0,1738.6887450902427
335140.0,1738.4600210666727
335160.0,1738.2267786235575
335180.0,1737.9871981574802
335200.0,1737.7403105282265
335220.0,1737.4868644662154
335240.0,1737.2302083713798
335260.0,1736.976912620607
335280.0,1736.7367632505325
335300.0,1736.521719216203
335320.0,1736.3434927849933
335340.0,1736.2096336812788
335360.0,1736.1184018063038
335380.0,1736.0532906345009
335400.0,1735.9787416033105
335420.0,1735.8392176012414
335440.0,1735.5641475421205
335460.0,1735.081020187246
335480.0,1734.3377953376403
335500.0,1733.3336048624005
335520.0,1732.153441471583
335540.0,1730.9985439386123
335560.0,1730.200325879979
335580.0,1730.2033295534147
335600.0,1731.5036256709438
335620.0,1734.535299821441
335640.0,1739.5108102066965
335660.0,1746.2416903481576
335680.0,1753.9931162693192
335700.0,1761.4556042074996
335720.0,1766.942638338085
335740.0,1768.902499202275
335760.0,1766.6120242420143
335780.0,1760.6217377516768
335800.0,1752.6292151554485
335820.0,1744.9835151945294
335840.0,1740.055373036864
335860.0,1739.538840339165
335880.0,1744.037234507571
335900.0,1753.0773947499104
335920.0,1765.2106428757972
335940.0,1778.186691845111
335960.0,1789.2942535332265
335980.0,1795.7028710004338
336000.0,1794.7325685802832
336020.0,1784.1881534415195
336040.0,1762.734932248321
336060.0,1730.4585836137528
336080.0,1689.4064230488707
336100.0,1643.6317273069217
336120.0,1598.4906247838837
336140.0,1559.0855002589713
336160.0,1528.7565878671514
336180.0,1508.5949290252238
336200.0,1497.7883818191797
336220.0,1494.3316327516511
336240.0,1495.766764030822
336260.0,1499.7670634163137
336280.0,1504.4935745070075
336300.0,1508.7333950613593
336320.0,1511.8721343128932
336340.0,1513.7672220830489
336360.0,1514.5833526214003
336380.0,1514.6355012648523
336400.0,1514.2661337431668
336420.0,1513.766426933621
336440.0,1513.3391014202975
336460.0,1513.093453746675
336480.0,1513.0607117825734
336500.0,1513.2186238455604
336520.0,1513.5168061493907
336540.0,1513.8975914165596
336560.0,1514.310084001877
336580.0,1514.7173612143106
336600.0,1515.0981214188155
336620.0,1515.4446482888861
336640.0,1515.7589401376986
336660.0,1516.04848068522
336680.0,1516.3226147103344
336700.0,1516.589994126501
336720.0,1516.857168112429
336740.0,1517.128139432792
336760.0,1517.4045914820588
336780.0,1517.686476879508
336800.0,1517.97271027182
336820.0,1518.2617894002117
336840.0,1518.552251951321
336860.0,1518.8429441895644
336880.0,1519.133123463302
336900.0,1519.4224402654238
336920.0,1519.710850913491
336940.0,1519.9985052386883
336960.0,1520.2856410004495
336980.0,1520.572502906431
337000.0,1520.8592922695902
337020.0,1521.146144992275
337040.0,1521.4331309700008
337060.0,1521.7202665696134
337080.0,1522.007532590213
337100.0,1522.2948920477206
337120.0,1522.58230439308
337140.0,1522.8697348075323
337160.0,1523.1571587116373
337180.0,1523.44456250151
337200.0,1523.7319418593477
337220.0,1524.0192989251516
337240.0,1524.3066393296403
337260.0,1524.5939697200597
337280.0,1524.8812960656321
337300.0,1525.1686227645046
337320.0,1525.4559524087938
337340.0,1525.7432859937448
337360.0,1526.0306233549638
337380.0,1526.3179636585187
337400.0,1526.605305827618
337420.0,1526.8926488479312
337440.0,1527.1799919402106
337460.0,1527.4673346190498
337480.0,1527.7546766711655
337500.0,1528.0420180894537
337520.0,1528.3293589929199
337540.0,1528.6166995536369
337560.0,1528.9040399423247
337580.0,1529.191380295816
337600.0,1529.478720703794
337620.0,1529.766061209859
337640.0,1530.0534018212823
337660.0,1530.3407425219852
337680.0,1530.6280832849025
337700.0,1530.9154240815574
337720.0,1531.2027648881303
337740.0,1531.4901056883127
337760.0,1531.7774464734678
337780.0,1532.064787241238
337800.0,1532.3521279936283
337820.0,1532.639468734821
337840.0,1532.9268094694996
337860.0,1533.214150201774
337880.0,1533.5014909346505
337900.0,1533.7888316698277
337920.0,1534.0761724078498
337940.0,1534.3635131485175
337960.0,1534.6508538912212
337980.0,1534.9381946351955
338000.0,1535.2255353797118
338020.0,1535.5128761241956
338040.0,1535.8002168683008
338060.0,1536.0875576119238
338080.0,1536.3748983550795
338100.0,1536.6622390978523
338120.0,1536.9495798403877
338140.0,1537.2369205828124
338160.0,1537.5242613252303
338180.0,1537.8116020677385
338200.0,1538.098942810392
338220.0,1538.386283553158
338240.0,1538.673624295928
338260.0,1538.960965038672
338280.0,1539.2483057814152
338300.0,1539.5356465241932
338320.0,1539.8229872669879
338340.0,1540.1103280097982
338360.0,1540.397668752625
338380.0,1540.6850094954516
338400.0,1540.972350238276
338420.0,1541.2596909810823
338440.0,1541.547031723873
338460.0,1541.8343724666463
338480.0,1542.121713209403
338500.0,1542.409053952134
338520.0,1542.6963946948201
338540.0,1542.98373543747
338560.0,1543.2710761800981
338580.0,1543.5584169227436
338600.0,1543.8457576654241
338620.0,1544.1330984081403
338640.0,1544.420439150899
338660.0,1544.7077798937369
338680.0,1544.9951206365972
338700.0,1545.2824613794091
338720.0,1545.5698021221524
338740.0,1545.8571428648052
338760.0,1546.1444836074106
338780.0,1546.4318243500675
338800.0,1546.7191650928128
338820.0,1547.006505835654
338840.0,1547.2938465785649
338860.0,1547.5811873214918
338880.0,1547.868528064345
338900.0,1548.1558688071195
338920.0,1548.4432095498346
338940.0,1548.7305502925196
338960.0,1549.0178910352267
338980.0,1549.305231777948
339000.0,1549.5925725206534
339020.0,1549.8799132633578
339040.0,1550.167254006076
339060.0,1550.4545947488728
339080.0,1550.7419354917424
339100.0,1551.0292762345848
339120.0,1551.3166169773717
339140.0,1551.6039577201034
339160.0,1551.8912984627877
339180.0,1552.1786392054169
339200.0,1552.4659799480428
339220.0,1552.7533206906705
339240.0,1553.040661433312
339260.0,1553.328002176017
339280.0,1553.6153429187855
339300.0,1553.9026836616076
339320.0,1554.1900244044568
339340.0,1554.477365147273
339360.0,1554.7647058900554
339380.0,1555.052046632826
339400.0,1555.3393873756174
339420.0,1555.6267281184319
339440.0,1555.9140688612765
339460.0,1556.2014096040725
339480.0,1556.4887503467942
339500.0,1556.7760910894683
339520.0,1557.0634318321447
339540.0,1557.3507725748505
339560.0,1557.6381133175844
339580.0,1557.9254540603783
339600.0,1558.2127948032025
339620.0,1558.5001355459983
339640.0,1558.7874762887654
339660.0,1559.0748170314835
339680.0,1559.362157774152
339700.0,1559.6494985167906
339720.0,1559.9368392594206
339740.0,1560.224180002046
339760.0,1560.5115207446602
339780.0,1560.798861487308
339800.0,1561.086202230014
339820.0,1561.3735429727587
339840.0,1561.6608837155857
339860.0,1561.948224458479
339880.0,1562.2355652013769
339900.0,1562.5229059441983
339920.0,1562.8102466868936
339940.0,1563.097587429536
339960.0,1563.3849281722119
339980.0,1563.6722689149697
340000.0,1563.9596096577968
340020.0,1564.246950400707
340040.0,1564.534291143654
340060.0,1564.8216318865652
340080.0,1565.108972629402
340100.0,1565.3963133721813
340120.0,1565.683654114917
340140.0,1565.9709948576376
340160.0,1566.2583356003329
340180.0,1566.5456763429963
340200.0,1566.8330170856705
340220.0,1567.1203578283641
340240.0,1567.4076985710558
340260.0,1567.695039313757
340280.0,1567.982380056471
340300.0,1568.2697207991405
340320.0,1568.557061541768
340340.0,1568.84440228439
340360.0,1569.1317430270888
340380.0,1569.4190837698873
340400.0,1569.7064245127121
340420.0,1569.9937652555066
340440.0,1570.281105998289
340460.0,1570.5684467410963
340480.0,1570.8557874839285
340500.0,1571.1431282267968
340520.0,1571.4304689696644
340540.0,1571.717809712522
340560.0,1572.0051504553824
340580.0,1572.292491198243
340600.0,1572.5798319410994
340620.0,1572.8671726839107
340640.0,1573.1545134266646
340660.0,1573.4418541693617
340680.0,1573.729194912029
340700.0,1574.0165356546895
340720.0,1574.3038763973375
340740.0,1574.5912171399896
340760.0,1574.8785578826712
340780.0,1575.1658986253497
340800.0,1575.453239368046
340820.0,1575.7405801107766
340840.0,1576.027920853528
340860.0,1576.3152615962601
340880.0,1576.6026023389759
340900.0,1576.889943081692
340920.0,1577.1772838243946
340940.0,1577.4646245670754
340960.0,1577.751965309785
340980.0,1578.0393060525207
341000.0,1578.326646795297
341020.0,1578.6139875381075
341040.0,1578.9013282808942
341060.0,1579.1886690236313
341080.0,1579.4760097663852
341100.0,1579.763350509181
341120.0,1580.05069125199
341140.0,1580.3380319947616
341160.0,1580.6253727375038
341180.0,1580.9127134802218
341200.0,1581.200054222933
341220.0,1581.4873949656198
341240.0,1581.7747357083006
341260.0,1582.062076450988
341280.0,1582.3494171936811
341300.0,1582.6367579363998
341320.0,1582.9240986791583
341340.0,1583.211439422012
341360.0,1583.4987801649545
341380.0,1583.786120907892
341400.0,1584.0734616507625
341420.0,1584.3608023935576
341440.0,1584.648143136311
341460.0,1584.9354838790514
341480.0,1585.222824621776
341500.0,1585.5101653644579
341520.0,1585.7975061071181
341540.0,1586.0848468497825
341560.0,1586.372187592434
341580.0,1586.6595283350894
341600.0,1586.9468690777721
341620.0,1587.234209820492
341640.0,1587.5215505632527
341660.0,1587.8088913060178
341680.0,1588.0962320487438
341700.0,1588.3835727914598
341720.0,1588.670913534192
341740.0,1588.958254276965
341760.0,1589.2455950197632
341780.0,1589.5329357625574
341800.0,1589.8202765053534
341820.0,1590.1076172481553
341840.0,1590.3949579909788
341860.0,1590.6822987338314
341880.0,1590.9696394766866
341900.0,1591.256980219527
341920.0,1591.5443209623668
341940.0,1591.831661705181
341960.0,1592.1190024479686
341980.0,1592.4063431906948
342000.0,1592.6936839334082
342020.0,1592.9810246761422
342040.0,1593.2683654188945
342060.0,1593.5557061616305
342080.0,1593.8430469043483
342100.0,1594.1303876470458
342120.0,1594.4177283897113
342140.0,1594.7050691323657
342160.0,1594.9924098750348
342180.0,1595.2797506177344
342200.0,1595.5670913604622
342220.0,1595.8544321032352
342240.0,1596.141772846036
342260.0,1596.4291135888493
342280.0,1596.716454331627
342300.0,1597.003795074371
342320.0,1597.2911358171086
342340.0,1597.5784765598328
342360.0,1597.8658173025633
342380.0,1598.1531580453127
342400.0,1598.4404987880564
342420.0,1598.7278395308167
342440.0,1599.015180273627
342460.0,1599.3025210165204
342480.0,1599.5898617594607
342500.0,1599.8772025023711
342520.0,1600.1645432452124
342540.0,1600.4518839879665
342560.0,1600.7392247306498
342580.0,1601.0265654732696
342600.0,1601.313906215843
342620.0,1601.6012469584273
342640.0,1601.8885877010634
342660.0,1602.1759284437717
342680.0,1602.4632691865088
342700.0,1602.7506099292627
342720.0,1603.0379506720044
342740.0,1603.325291414732
342760.0,1603.6126321574964
342780.0,1603.8999729003133
342800.0,1604.1873136431736
342820.0,1604.474654386056
342840.0,1604.7619951289194
342860.0,1605.0493358717326
342880.0,1605.336676614504
342900.0,1605.624017357219
342920.0,1605.9113580998958
342940.0,1606.1986988425697
342960.0,1606.4860395852668
342980.0,1606.7733803280114
343000.0,1607.0607210707615
343020.0,1607.3480618134838
343040.0,1607.6354025561861
343060.0,1607.9227432988637
343080.0,1608.2100840415326
343100.0,1608.497424784231
343120.0,1608.7847655269693
343140.0,1609.0721062697035
343160.0,1609.3594470123976
343180.0,1609.6467877550388
343200.0,1609.9341284976979
343220.0,1610.2214692404086
343240.0,1610.5088099832412
343260.0,1610.7961507261557
343280.0,1611.0834914690681
343300.0,1611.3708322119678
343320.0,1611.658172954818
343340.0,1611.9455136976133
343360.0,1612.2328544403686
343380.0,1612.520195183079
343400.0,1612.8075359257666
343420.0,1613.0948766684228
343440.0,1613.3822174110503
343460.0,1613.6695581537194
343480.0,1613.9568988964559
343500.0,1614.2442396392285
343520.0,1614.531580382003
343540.0,1614.8189211247566
343560.0,1615.1062618675005
343580.0,1615.3936026102165
343600.0,1615.6809433529404
343620.0,1615.9682840956598
343640.0,1616.2556248383737
343660.0,1616.5429655811042
343680.0,1616.8303063238995
343700.0,1617.1176470667351
343720.0,1617.4049878095962
343740.0,1617.6923285524801
343760.0,1617.9796692953437
343780.0,1618.2670100381788
343800.0,1618.5543507809311
343820.0,1618.8416915236144
343840.0,1619.1290322662796
343860.0,1619.4163730089645
343880.0,1619.703713751672
343900.0,1619.9910544944019
343920.0,1620.2783952371424
343940.0,1620.5657359798931
343960.0,1620.8530767226646
343980.0,1621.1404174654429
344000.0,1621.4277582082136
344020.0,1621.7150989509655
344040.0,1622.0024396937013
344060.0,1622.2897804364318
344080.0,1622.5771211791425
344100.0,1622.8644619218355
344120.0,1623.1518026645358
344140.0,1623.43914340726
344160.0,1623.7264841500264
344180.0,1624.01382489282
344200.0,1624.3011656356189
344220.0,1624.5885063784094
344240.0,1624.87584712117
344260.0,1625.1631878638957
344280.0,1625.450528606612
344300.0,1625.7378693493383
344320.0,1626.025210092085
344340.0,1626.31255083487
344360.0,1626.5998915776404
344380.0,1626.8872323203586
344400.0,1627.1745730630596
344420.0,1627.4619138057599
344440.0,1627.7492545484479
344460.0,1628.0365952911177
344480.0,1628.3239360337875
344500.0,1628.611276776493
344520.0,1628.8986175192151
344540.0,1629.1859582619418
344560.0,1629.4732990046962
344580.0,1629.7606397474956
344600.0,1630.0479804903057
344620.0,1630.33532123311
344640.0,1630.6226619759132
344660.0,1630.9100027187274
344680.0,1631.1973434615288
344700.0,1631.4846842043135
344720.0,1631.7720249471204
344740.0,1632.0593656899487
344760.0,1632.3467064328001
344780.0,1632.6340471756598
344800.0,1632.9213879184867
344820.0,1633.2087286612582
344840.0,1633.496069403977
344860.0,1633.7834101466547
344880.0,1634.0707508893213
344900.0,1634.3580916319866
344920.0,1634.6454323746814
344940.0,1634.9327731173855
344960.0,1635.2201138600774
344980.0,1635.507454602764
345000.0,1635.7947953454502
345020.0,1636.0821360881448
345040.0,1636.369476830851
345060.0,1636.6568175735347
345080.0,1636.9441583162138
345100.0,1637.2314990588848
345120.0,1637.5188398015753
345140.0,1637.8061805443413
345160.0,1638.0935212871693
345180.0,1638.3808620299799
345200.0,1638.668202772746
345220.0,1638.955543515514
345240.0,1639.2428842583238
345260.0,1639.5302250011755
345280.0,1639.8175657440454
345300.0,1640.1049064869082
345320.0,1640.3922472297465
345340.0,1640.679587972564
345360.0,1640.966928715369
345380.0,1641.254269458163
345400.0,1641.541610200912
345420.0,1641.8289509435933
345440.0,1642.1162916862672
345460.0,1642.4036324289616
345480.0,1642.6909731716223
345500.0,1642.978313914263
345520.0,1643.2656546569428
345540.0,1643.552995399692
345560.0,1643.8403361424807
345580.0,1644.127676885289
345600.0,1644.4150176280982
345620.0,1644.702358370887
345640.0,1644.9896991136393
345660.0,1645.2770398564032
345680.0,1645.5643805992029
345700.0,1645.8517213420291
345720.0,1646.139062084785
345740.0,1646.4264028274458
345760.0,1646.7137435700406
345780.0,1647.0010843126165
345800.0,1647.2884250552318
345820.0,1647.5757657979211
345840.0,1647.8631065406953
345860.0,1648.1504472835186
345880.0,1648.43778802642
345900.0,1648.7251287693475
345920.0,1649.012469512238
345940.0,1649.2998102550598
345960.0,1649.5871509978447
345980.0,1649.8744917406088
346000.0,1650.1618324833466
346020.0,1650.4491732260637
346040.0,1650.736513968767
346060.0,1651.0238547114473
346080.0,1651.3111954541164
346100.0,1651.59853619682
346120.0,1651.8858769395563
346140.0,1652.1732176822848
346160.0,1652.4605584249955
346180.0,1652.7478991676867
346200.0,1653.0352399103722
346220.0,1653.3225806530384
346240.0,1653.60992139572
346260.0,1653.8972621384426
346280.0,1654.1846028811972
346300.0,1654.4719436239568
346320.0,1654.7592843666994
346340.0,1655.0466251094385
346360.0,1655.3339658522357
346380.0,1655.6213065951256
346400.0,1655.908647338069
346420.0,1656.1959880809402
346440.0,1656.4833288237107
346460.0,1656.770669566407
346480.0,1657.058010309062
346500.0,1657.345351051727
346520.0,1657.6326917944639
346540.0,1657.9200325372335
346560.0,1658.2073732799981
346580.0,1658.4947140227541
346600.0,1658.7820547655374
346620.0,1659.069395508349
346640.0,1659.3567362511549
346660.0,1659.6440769939545
346680.0,1659.9314177367437
346700.0,1660.21875847954
346720.0,1660.5060992223134
346740.0,1660.793439965041
346760.0,1661.080780707753
346780.0,1661.3681214504686
346800.0,1661.6554621931693
346820.0,1661.9428029358583
346840.0,1662.230143678568
346860.0,1662.5174844213434
346880.0,1662.8048251641983
346900.0,1663.0921659070966
346920.0,1663.3795066499338
346940.0,1663.666847392681
346960.0,1663.9541881353737
346980.0,1664.2415288780303
347000.0,1664.5288696206794
347020.0,1664.8162103633047
347040.0,1665.1035511059513
347060.0,1665.3908918486618
347080.0,1665.6782325914621
347100.0,1665.965573334362
347120.0,1666.2529140773215
347140.0,1666.5402548202692
347160.0,1666.827595563146
347180.0,1667.114936305951
347200.0,1667.4022770486772
347220.0,1667.689617791304
347240.0,1667.97695853388
347260.0,1668.264299276405
347280.0,1668.5516400188894
347300.0,1668.838980761398
347320.0,1669.1263215039867
347340.0,1669.4136622466426
347360.0,1669.7010029893786
347380.0,1669.9883437321682
347400.0,1670.2756844750118
347420.0,1670.5630252179149
347440.0,1670.8503659608236
347460.0,1671.137706703692
347480.0,1671.4250474465257
347500.0,1671.712388189358
347520.0,1671.999728932166
347540.0,1672.2870696749335
347560.0,1672.574410417688
347580.0,1672.8617511604275
347600.0,1673.149091903167
347620.0,1673.4364326459058
347640.0,1673.7237733886438
347660.0,1674.0111141313787
347680.0,1674.2984548740847
347700.0,1674.5857956167463
347720.0,1674.8731363594277
347740.0,1675.160477102157
347760.0,1675.4478178448917
347780.0,1675.7351585876356
347800.0,1676.0224993303968
347820.0,1676.3098400731674
347840.0,1676.5971808159197
347860.0,1676.8845215586393
347880.0,1677.1718623013724
347900.0,1677.459203044143
347920.0,1677.7465437869469
347940.0,1678.033884529772
347960.0,1678.321225272604
347980.0,1678.6085660154233
348000.0,1678.8959067582139
348020.0,1679.183247500952
348040.0,1679.470588243646
348060.0,1679.7579289863133
348080.0,1680.0452697290184
348100.0,1680.3326104717678
348120.0,1680.6199512145624
348140.0,1680.907291957375
348160.0,1681.1946327001392
348180.0,1681.4819734428318
348200.0,1681.7693141854918
348220.0,1682.0566549281743
348240.0,1682.3439956708971
348260.0,1682.6313364136665
348280.0,1682.9186771564698
348300.0,1683.2060178992754
348320.0,1683.4933586420411
348340.0,1683.7806993847512
348360.0,1684.0680401273844
348380.0,1684.3553808699842
348400.0,1684.6427216126244
348420.0,1684.9300623553136
348440.0,1685.2174030980364
348460.0,1685.5047438407855
348480.0,1685.7920845835931
348500.0,1686.0794253264364
348520.0,1686.3667660692736
348540.0,1686.654106812086
348560.0,1686.9414475548765
348580.0,1687.228788297643
348600.0,1687.5161290404267
348620.0,1687.8034697832256
348640.0,1688.0908105260328
348660.0,1688.378151268831
348680.0,1688.6654920115852
348700.0,1688.9528327543019
348720.0,1689.2401734970276
348740.0,1689.527514239791
348760.0,1689.8148549825917
348780.0,1690.102195725413
348800.0,1690.3895364682417
348820.0,1690.6768772110918
348840.0,1690.9642179539271
348860.0,1691.2515586967297
348880.0,1691.5388994394962
348900.0,1691.8262401822333
348920.0,1692.1135809249372
348940.0,1692.4009216676222
348960.0,1692.6882624102939
348980.0,1692.9756031529625
349000.0,1693.2629438956421
349020.0,1693.5502846383333
349040.0,1693.8376253810256
349060.0,1694.124966123698
349080.0,1694.4123068663957
349100.0,1694.6996476091838
349120.0,1694.9869883520435
349140.0,1695.2743290949438
349160.0,1695.5616698378199
349180.0,1695.8490105806236
349200.0,1696.1363513233578
349220.0,1696.4236920660624
349240.0,1696.7110328087601
349260.0,1696.9983735514757
349280.0,1697.285714294175
349300.0,1697.5730550368396
349320.0,1697.8603957794996
349340.0,1698.1477365222122
349360.0,1698.435077265008
349380.0,1698.7224180078563
349400.0,1699.0097587507087
349420.0,1699.297099493549
349440.0,1699.5844402363405
349460.0,1699.8717809790899
349480.0,1700.1591217218258
349500.0,1700.4464624645545
349520.0,1700.7338032072555
349540.0,1701.0211439499385
349560.0,1701.3084846926122
349580.0,1701.5958254353104
349600.0,1701.8831661780273
349620.0,1702.170506920699
349640.0,1702.4578476633455
349660.0,1702.7451884060315
349680.0,1703.0325291487763
349700.0,1703.3198698915585
349720.0,1703.6072106343727
349740.0,1703.89455137718
349760.0,1704.1818921199688
349780.0,1704.4692328627668
349800.0,1704.75657360561
349820.0,1705.0439143485132
349840.0,1705.3312550914138
349860.0,1705.6185958342826
349880.0,1705.9059365770638
349900.0,1706.193277319727
349920.0,1706.4806180623066
349940.0,1706.7679588048898
349960.0,1707.055299547498
349980.0,1707.3426402901496
350000.0,1707.6299810328794
350020.0,1707.9173217756384
350040.0,1708.2046625184491
350060.0,1708.4920032613027
350080.0,1708.7793440041594
350100.0,1709.0666847469784
350120.0,1709.3540254897707
350140.0,1709.6413662325522
350160.0,1709.9287069753336
350180.0,1710.2160477180855
350200.0,1710.5033884608133
350220.0,1710.790729203544
350240.0,1711.0780699463096
350260.0,1711.3654106890785
350280.0,1711.6527514318173
350300.0,1711.9400921744975
350320.0,1712.2274329171237
350340.0,1712.5147736597403
350360.0,1712.8021144023842
350380.0,1713.089455145048
350400.0,1713.3767958877845
350420.0,1713.664136630577
350440.0,1713.9514773733838
350460.0,1714.2388181161975
350480.0,1714.526158859002
350500.0,1714.8134996017864
350520.0,1715.100840344571
350540.0,1715.388181087355
350560.0,1715.6755218301012
350580.0,1715.962862572795
350600.0,1716.2502033154638
350620.0,1716.537544058144
350640.0,1716.8248848008384
350660.0,1717.112225543573
350680.0,1717.3995662863435
350700.0,1717.6869070291418
350720.0,1717.9742477719476
350740.0,1718.261588514708
350760.0,1718.5489292574307
350780.0,1718.8362700001537
350800.0,1719.1236107429243
350820.0,1719.4109514857169
350840.0,1719.6982922285147
350860.0,1719.985632971313
350880.0,1720.2729737141221
350900.0,1720.5603144569268
350920.0,1720.8476551997107
350940.0,1721.13499594252
350960.0,1721.4223366853646
350980.0,1721.7096774281868
351000.0,1721.9970181709887
351020.0,1722.284358913756
351040.0,1722.571699656531
351060.0,1722.859040399341
351080.0,1723.1463811421768
351100.0,1723.4337218850046
351120.0,1723.721062627757
351140.0,1724.0084033704359
351160.0,1724.2957441130989
351180.0,1724.5830848557641
351200.0,1724.870425598398
351220.0,1725.1577663410499
351240.0,1725.4451070837488
351260.0,1725.7324478264716
351280.0,1726.0197885692119
351300.0,1726.3071293119604
351320.0,1726.5944700546836
351340.0,1726.8818107974137
351360.0,1727.1691515401842
351380.0,1727.4564922829625
351400.0,1727.7438330256991
351420.0,1728.0311737683846
351440.0,1728.3185145110651
351460.0,1728.6058552537743
351480.0,1728.8931959965278
351500.0,1729.1805367393167
351520.0,1729.4678774821175
351540.0,1729.7552182249135
351560.0,1730.0425589676638
351580.0,1730.329899710326
351600.0,1730.617240452931
351620.0,1730.9045811955828
351640.0,1731.1919219383176
351660.0,1731.4792626811254
351680.0,1731.7666034239785
351700.0,1732.0539441668225
351720.0,1732.3412849096542
351740.0,1732.6286256524534
351760.0,1732.9159663952335
351780.0,1733.203307138035
351800.0,1733.490647880782
351820.0,1733.7779886234705
351840.0,1734.06532936613
351860.0,1734.3526701087856
351880.0,1734.640010851455
351900.0,1734.9273515941204
351920.0,1735.2146923367848
351940.0,1735.5020330794719
351960.0,1735.7893738222301
351980.0,1736.0767145650673
352000.0,1736.3640553079447
352020.0,1736.6513960508114
352040.0,1736.938736793652
352060.0,1737.2260775364564
352080.0,1737.5134182792256
352100.0,1737.8007590219756
352120.0,1738.088099764697
352140.0,1738.375440507419
352160.0,1738.6627812501454
352180.0,1738.9501219928213
352200.0,1739.2374627354616
352220.0,1739.524803478129
352240.0,1739.812144220842
352260.0,1740.099484963562
352280.0,1740.386825706264
352300.0,1740.6741664489375
352320.0,1740.9615071915819
352340.0,1741.248847934229
352360.0,1741.5361886769065
352380.0,1741.8235294196925
352400.0,1742.110870162605
352420.0,1742.3982109055737
352440.0,1742.685551648507
352460.0,1742.9728923913467
352480.0,1743.2602331341327
352500.0,1743.5475738768928
352520.0,1743.8349146196056
352540.0,1744.1222553623143
352560.0,1744.4095961050352
352580.0,1744.696936847758
352600.0,1744.9842775904758
352620.0,1745.2716183332373
352640.0,1745.5589590760533
352660.0,1745.8462998188957
352680.0,1746.1336405617603
352700.0,1746.4209813046195
352720.0,1746.7083220474374
352740.0,1746.9956627902284
352760.0,1747.283003533004
352780.0,1747.5703442757726
352800.0,1747.8576850184902
352820.0,1748.1450257611275
352840.0,1748.4323665037223
352860.0,1748.7197072463482
352880.0,1749.0070479890117
352900.0,1749.2943887316783
352920.0,1749.581729474375
352940.0,1749.8690702170854
352960.0,1750.1564109598035
352980.0,1750.443751702554
353000.0,1750.7310924453752
353020.0,1751.0184331882272
353040.0,1751.3057739310702
353060.0,1751.5931146738608
353080.0,1751.8804554165913
353100.0,1752.1677961593002
353120.0,1752.4551369020123
353140.0,1752.7424776447654
353160.0,1753.0298183875461
353180.0,1753.3171591303246
353200.0,1753.6044998730843
353220.0,1753.8918406158587
353240.0,1754.1791813586533
353260.0,1754.4665221014343
353280.0,1754.7538628441962
353300.0,1755.0412035869479
353320.0,1755.3285443296677
353340.0,1755.6158850723746
353360.0,1755.9032258151067
353380.0,1756.1905665578574
353400.0,1756.4779073005855
353420.0,1756.7652480432967
353440.0,1757.0525887860163
353460.0,1757.3399295287413
353480.0,1757.6272702714894
353500.0,1757.9146110142624
353520.0,1758.2019517570534
353540.0,1758.4892924998167
353560.0,1758.776633242523
353580.0,1759.0639739851827
353600.0,1759.351314727804
353620.0,1759.638655470421
353640.0,1759.9259962130886
353660.0,1760.2133369557935
353680.0,1760.5006776985458
353700.0,1760.7880184413384
353720.0,1761.075359184188
353740.0,1761.3626999270382
353760.0,1761.6500406698542
353780.0,1761.9373814125865
353800.0,1762.2247221552552
353820.0,1762.5120628978973
353840.0,1762.7994036405603
353860.0,1763.0867443832667
353880.0,1763.3740851260359
353900.0,1763.661425868842
353920.0,1763.948766611659
353940.0,1764.2361073545053
353960.0,1764.5234480973788
353980.0,1764.810788840256
354000.0,1765.0981295831111
354020.0,1765.3854703259271
354040.0,1765.6728110687168
354060.0,1765.9601518114782
354080.0,1766.2474925542144
354100.0,1766.5348332969243
354120.0,1766.82217403963
354140.0,1767.1095147823642
354160.0,1767.3968555251602
354180.0,1767.6841962679696
354200.0,1767.9715370107656
354220.0,1768.2588777535616
354240.0,1768.5462184963515
354260.0,1768.8335592390981
354280.0,1769.1208999817711
354300.0,1769.4082407244211
354320.0,1769.6955814670769
354340.0,1769.9829222097346
354360.0,1770.2702629523744
354380.0,1770.557603695046
354400.0,1770.8449444377688
354420.0,1771.1322851805294
354440.0,1771.419625923333
354460.0,1771.7069666661569
354480.0,1771.9943074089992
354500.0,1772.281648151828
354520.0,1772.5689888946613
354540.0,1772.856329637496
354560.0,1773.1436703803022
354580.0,1773.4310111230475
354600.0,1773.7183518657264
354620.0,1774.0056926083726
354640.0,1774.2930333510212
354660.0,1774.5803740936904
354680.0,1774.8677148363465
354700.0,1775.1550555790388
354720.0,1775.4423963218062
354740.0,1775.7297370646545
354760.0,1776.017077807511
354780.0,1776.3044185503072
354800.0,1776.5917592930061
354820.0,1776.8791000356705
354840.0,1777.1664407783724
354860.0,1777.453781521089
354880.0,1777.741122263794
354900.0,1778.0284630065162
354920.0,1778.3158037492444
354940.0,1778.603144492004
354960.0,1778.890485234846
354980.0,1779.1778259777159
355000.0,1779.4651667205676
355020.0,1779.752507463421
355040.0,1780.0398482062624
355060.0,1780.3271889490775
355080.0,1780.6145296918517
355100.0,1780.9018704346126
355120.0,1781.1892111773639
355140.0,1781.4765519200973
355160.0,1781.7638926628674
355180.0,1782.0512334056596
355200.0,1782.3385741484083
355220.0,1782.62591489108
355240.0,1782.9132556337113
355260.0,1783.2005963763593
355280.0,1783.48793711906
355300.0,1783.775277861796
355320.0,1784.0626186045688
355340.0,1784.3499593473239
355360.0,1784.6373000900599
355380.0,1784.9246408328145
355400.0,1785.211981575553
355420.0,1785.49932231827
355440.0,1785.7866630609528
355460.0,1786.0740038036201
355480.0,1786.3613445463077
355500.0,1786.6486852890296
355520.0,1786.936026031814
355540.0,1787.2233667746696
355560.0,1787.5107075175758
355580.0,1787.7980482605185
355600.0,1788.0853890034527
355620.0,1788.3727297463374
355640.0,1788.660070489136
355660.0,1788.947411231892
355680.0,1789.2347519746422
355700.0,1789.5220927173664
355720.0,1789.8094334600694
355740.0,1790.0967742027544
355760.0,1790.384114945422
355780.0,1790.671455688098
355800.0,1790.9587964308103
355820.0,1791.2461371735724
355840.0,1791.53347791636
355860.0,1791.8208186591182
355880.0,1792.108159401813
355900.0,1792.3955001444833
355920.0,1792.6828408871356
355940.0,1792.9701816298038
355960.0,1793.2575223725034
355980.0,1793.5448631152176
356000.0,1793.8322038579379
356020.0,1794.119544600671
356040.0,1794.4068853434026
356060.0,1794.6942260861174
356080.0,1794.9815668288315
356100.0,1795.2689075715475
356120.0,1795.5562483142428
356140.0,1795.8435890569483
356160.0,1796.1309297996863
356180.0,1796.4182705424475
356200.0,1796.7056112852301
356220.0,1796.99295202799
356240.0,1797.2802927707276
356260.0,1797.5676335135042
356280.0,1797.8549742563423
356300.0,1798.1423149992206
356320.0,1798.4296557421033
356340.0,1798.7169964849159
356360.0,1799.0043372276753
356380.0,1799.2916779704497
356400.0,1799.5790187132486
356420.0,1799.8663594560621
356440.0,1800.1537001988995
356460.0,1800.4410409417276
356480.0,1800.7283816845043
356500.0,1801.0157224272225
356520.0,1801.3030631698705
356540.0,1801.5904039124391
356560.0,1801.8777446550052
356580.0,1802.1650853976378
356600.0,1802.452426140356
356620.0,1802.7397668831181
356640.0,1803.0271076259098
356660.0,1803.3144483687443
356680.0,1803.6017891115819
356700.0,1803.8891298543786
356720.0,1804.1764705971593
356740.0,1804.463811339944
356760.0,1804.7511520827265
356780.0,1805.0384928255103
356800.0,1805.3258335682654
356820.0,1805.6131743109813
356840.0,1805.900515053657
356860.0,1806.1878557962996
356880.0,1806.4751965389719
356900.0,1806.762537281671
356920.0,1807.049878024404
356940.0,1807.337218767214
356960.0,1807.6245595100663
356980.0,1807.9119002529005
357000.0,1808.1992409956922
357020.0,1808.4865817384452
357040.0,1808.7739224811617
357060.0,1809.061263223883
357080.0,1809.3486039665918
357100.0,1809.6359447092898
357120.0,1809.9232854519819
357140.0,1810.2106261946672
357160.0,1810.4979669373733
357180.0,1810.7853076801025
357200.0,1811.072648422881
357220.0,1811.3599891656752
357240.0,1811.647329908484
357260.0,1811.9346706513193
357280.0,1812.2220113941414
357300.0,1812.5093521369195
357320.0,1812.7966928796297
357340.0,1813.0840336223223
357360.0,1813.3713743650437
357380.0,1813.6587151078152
357400.0,1813.9460558506064
357420.0,1814.2333965934329
357440.0,1814.5207373362573
357460.0,1814.8080780790738
357480.0,1815.0954188218645
357500.0,1815.3827595646246
357520.0,1815.6701003073624
357540.0,1815.957441050065
357560.0,1816.2447817927277
357580.0,1816.532122535399
357600.0,1816.819463278107
357620.0,1817.106804020861
357640.0,1817.39414476366
357660.0,1817.6814855064774
357680.0,1817.9688262492696
357700.0,1818.2561669920083
357720.0,1818.543507734704
357740.0,1818.8308484773672
357760.0,1819.1181892200075
357780.0,1819.4055299626598
357800.0,1819.6928707053607
357820.0,1819.9802114481226
357840.0,1820.2675521909096
357860.0,1820.5548929336917
357880.0,1820.8422336765136
357900.0,1821.1295744193608
357920.0,1821.416915162216
357940.0,1821.7042559050612
357960.0,1821.9915966478443
357980.0,1822.278937390572
358000.0,1822.5662781332653
358020.0,1822.8536188759358
358040.0,1823.1409596186138
358060.0,1823.4283003613102
358080.0,1823.7156411040407
358100.0,1824.0029818468145
358120.0,1824.2903225896102
358140.0,1824.5776633324217
358160.0,1824.8650040752323
358180.0,1825.152344818004
358200.0,1825.4396855607233
358220.0,1825.7270263033765
358240.0,1826.0143670460184
358260.0,1826.3017077886893
358280.0,1826.5890485314042
358300.0,1826.8763892742077
358320.0,1827.1637300170387
358340.0,1827.4510707598329
358360.0,1827.738411502583
358380.0,1828.0257522453078
358400.0,1828.313092988003
358420.0,1828.6004337306786
358440.0,1828.8877744734114
358460.0,1829.175115216219
358480.0,1829.4624559590472
358500.0,1829.7497967018687
358520.0,1830.0371374446481
358540.0,1830.324478187371
358560.0,1830.6118189301003
358580.0,1830.8991596728597
358600.0,1831.1865004156607
358620.0,1831.4738411584917
358640.0,1831.761181901303
358660.0,1832.048522644072
358680.0,1832.3358633868313
358700.0,1832.6232041295807
358720.0,1832.9105448723094
358740.0,1833.197885615052
358760.0,1833.4852263578232
358780.0,1833.7725671006137
358800.0,1834.0599078433875
358820.0,1834.3472485861025
358840.0,1834.6345893287676
358860.0,1834.9219300714
358880.0,1835.2092708140276
358900.0,1835.4966115566701
358920.0,1835.7839522993631
358940.0,1836.071293042122
358960.0,1836.3586337849179
358980.0,1836.6459745277407
359000.0,1836.9333152705683
359020.0,1837.2206560133923
359040.0,1837.5079967562378
359060.0,1837.7953374990182
359080.0,1838.0826782417437
359100.0,1838.3700189844421
359120.0,1838.6573597271022
359140.0,1838.9447004697638
359160.0,1839.2320412124996
359180.0,1839.5193819553056
359200.0,1839.8067226981045
359220.0,1840.0940634408719
359240.0,1840.3814041836508
359260.0,1840.668744926435
359280.0,1840.956085669181
359300.0,1841.2434264118583
359320.0,1841.5307671544838
359340.0,1841.818107897098
359360.0,1842.1054486397602
359380.0,1842.3927893824864
359400.0,1842.6801301252667
359420.0,1842.9674708680734
359440.0,1843.2548116108524
359460.0,1843.542152353611
359480.0,1843.829493096385
359500.0,1844.1168338392058
359520.0,1844.4041745820705
359540.0,1844.691515324976
359560.0,1844.9788560678885
359580.0,1845.2661968107682
359600.0,1845.553537553579
359620.0,1845.8408782963045
359640.0,1846.1282190389597
359660.0,1846.4155597815782
359680.0,1846.7029005241682
359700.0,1846.990241266758
359720.0,1847.2775820093884
359740.0,1847.5649227520596
359760.0,1847.8522634948054
359780.0,1848.1396042376123
359800.0,1848.426944980424
359820.0,1848.7142857232363
359840.0,1849.001626466062
359860.0,1849.2889672088888
359880.0,1849.576307951708
359900.0,1849.863648694459
359920.0,1850.150989437152
359940.0,1850.4383301798553
359960.0,1850.7256709226026
359980.0,1851.013011665388
360000.0,1851.3003524081912
360020.0,1851.5876931509981
360040.0,1851.8750338937996
360060.0,1852.1623746365808
360080.0,1852.449715379328
360100.0,1852.7370561220584
360120.0,1853.0243968648028
360140.0,1853.3117376075757
360160.0,1853.5990783503785
360180.0,1853.8864190931831
360200.0,1854.1737598359618
360220.0,1854.4611005787133
360240.0,1854.7484413214722
360260.0,1855.035782064218
360280.0,1855.323122806914
360300.0,1855.6104635495474
360320.0,1855.8978042921212
360340.0,1856.1851450346992
360360.0,1856.4724857773167
360380.0,1856.759826519991
360400.0,1857.0471672626966
360420.0,1857.3345080054082
360440.0,1857.6218487481378
360460.0,1857.9091894909157
360480.0,1858.1965302337194
360500.0,1858.4838709765231
360520.0,1858.7712117193055
360540.0,1859.0585524620906
360560.0,1859.3458932048845
360580.0,1859.633233947674
360600.0,1859.9205746904613
360620.0,1860.2079154332623
360640.0,1860.4952561760433
360660.0,1860.7825969188282
360680.0,1861.069937661635
360700.0,1861.3572784044804
360720.0,1861.6446191473628
360740.0,1861.9319598902305
360760.0,1862.2193006330235
360780.0,1862.5066413757522
360800.0,1862.793982118455
360820.0,1863.08132286114
360840.0,1863.3686636038142
360860.0,1863.6560043465029
360880.0,1863.9433450892043
360900.0,1864.2306858319448
360920.0,1864.5180265747526
360940.0,1864.8053673176105
360960.0,1865.0927080604656
360980.0,1865.3800488033
361000.0,1865.6673895461222
361020.0,1865.9547302889102
361040.0,1866.2420710316405
361060.0,1866.5294117743392
361080.0,1866.8167525170109
361100.0,1867.1040932596593
361120.0,1867.391434002281
361140.0,1867.6787747449366
361160.0,1867.96611548764
361180.0,1868.2534562303965
361200.0,1868.5407969731987
361220.0,1868.8281377160245
361240.0,1869.1154784588048
361260.0,1869.4028192015317
361280.0,1869.6901599442367
361300.0,1869.9775006869263
361320.0,1870.264841429628
361340.0,1870.5521821723592
361360.0,1870.839522915089
361380.0,1871.1268636578247
361400.0,1871.4142044005882
361420.0,1871.7015451433672
361440.0,1871.9888858861145
361460.0,1872.2762266287996
361480.0,1872.5635673714435
361500.0,1872.8509081141042
361520.0,1873.1382488567895
361540.0,1873.4255895995113
361560.0,1873.7129303422528
361580.0,1874.0002710849687
361600.0,1874.287611827663
361620.0,1874.5749525704073
361640.0,1874.8622933132679
361660.0,1875.1496340562212
361680.0,1875.436974799191
361700.0,1875.7243155421043
361720.0,1876.0116562849369
361740.0,1876.2989970276976
361760.0,1876.5863377703922
361780.0,1876.8736785130372
361800.0,1877.1610192556723
361820.0,1877.448359998351
361840.0,1877.7357007410894
361860.0,1878.0230414838857
361880.0,1878.310382226708
361900.0,1878.5977229695259
361920.0,1878.88506371234
361940.0,1879.1724044551204
361960.0,1879.4597451978818
361980.0,1879.7470859406435
362000.0,1880.0344266833617
362020.0,1880.3217674260509
362040.0,1880.6091081687086
362060.0,1880.8964489113762
362080.0,1881.1837896540856
362100.0,1881.4711303968306
362120.0,1881.7584711395903
362140.0,1882.045811882365
362160.0,1882.3331526251372
362180.0,1882.6204933678957
362200.0,1882.9078341106688
362220.0,1883.1951748534357
362240.0,1883.4825155961262
362260.0,1883.7698563387403
362280.0,1884.057197081352
362300.0,1884.3445378240199
362320.0,1884.6318785667386
362340.0,1884.919219309486
362360.0,1885.2065600522424
362380.0,1885.493900795018
362400.0,1885.7812415378098
362420.0,1886.0685822805867
362440.0,1886.3559230233354
362460.0,1886.643263766106
362480.0,1886.9306045089293
362500.0,1887.2179452517769
362520.0,1887.5052859946293
362540.0,1887.7926267374437
362560.0,1888.0799674802129
362580.0,1888.367308222975
362600.0,1888.654648965718
362620.0,1888.941989708434
362640.0,1889.2293304511338
362660.0,1889.5166711938296
362680.0,1889.804011936559
362700.0,1890.0913526793051
362720.0,1890.3786934220411
362740.0,1890.666034164778
362760.0,1890.9533749075204
362780.0,1891.2407156502559
362800.0,1891.528056392965
362820.0,1891.8153971357121
362840.0,1892.102737878534
362860.0,1892.3900786213921
362880.0,1892.6774193642245
362900.0,1892.9647601070494
362920.0,1893.2521008498625
362940.0,1893.5394415926307
362960.0,1893.8267823353988
362980.0,1894.1141230781618
363000.0,1894.4014638209057
363020.0,1894.6888045636667
363040.0,1894.976145306496
363060.0,1895.2634860493476
363080.0,1895.5508267921555
363100.0,1895.83816753493
363120.0,1896.1255082777075
363140.0,1896.412849020449
363160.0,1896.7001897631787
363180.0,1896.987530505933
363200.0,1897.274871248701
363220.0,1897.5622119914901
363240.0,1897.849552734277
363260.0,1898.136893476994
363280.0,1898.4242342196073
363300.0,1898.7115749621607
363320.0,1898.9989157047087
363340.0,1899.286256447303
363360.0,1899.573597189959
363380.0,1899.860937932675
363400.0,1900.1482786754464
363420.0,1900.4356194182387
363440.0,1900.7229601610481
363460.0,1901.010300903857
363480.0,1901.2976416466638
363500.0,1901.5849823894594
363520.0,1901.872323132222
363540.0,1902.159663874931
363560.0,1902.4470046175688
363580.0,1902.7343453601454
363600.0,1903.021686102707
363620.0,1903.3090268452938
363640.0,1903.5963675879236
363660.0,1903.8837083306905
363680.0,1904.171049073692
363700.0,1904.4583898170408
363720.0,1904.7457305607688
363740.0,1905.0330713047122
363760.0,1905.3204120485698
363780.0,1905.6077527919326
363800.0,1905.8950935343514
363820.0,1906.182434275357
363840.0,1906.4697750145758
363860.0,1906.757115751967
363880.0,1907.044456488049
363900.0,1907.331797224157
363920.0,1907.6191379624493
363940.0,1907.9064787058135
363960.0,1908.1938194574727
363980.0,1908.4811602199711
364000.0,1908.7685009940494
364020.0,1909.0558417772215
364040.0,1909.3431825623852
364060.0,1909.6305233371872
364080.0,1909.9178640845203
364100.0,1910.205204784904
364120.0,1910.4925454213055
364140.0,1910.7798859861755
364160.0,1911.0672264900415
364180.0,1911.354566969876
364200.0,1911.6419074945043
364220.0,1911.9292481632358
364240.0,1912.2165890939073
364260.0,1912.5039303971032
364280.0,1912.791272135857
364300.0,1913.0786142743332
364320.0,1913.3659566247632
364340.0,1913.6532988086642
364360.0,1913.940640254036
364380.0,1914.2279802527723
364400.0,1914.5153180994519
364420.0,1914.8026533200914
364440.0,1915.0899859756064
364460.0,1915.3773169912529
364480.0,1915.6646484236262
364500.0,1915.9519835381684
364520.0,1916.2393265486176
364540.0,1916.5266818813682
364560.0,1916.8140528911767
364580.0,1917.1014400829124
364600.0,1917.3888390885186
364620.0,1917.6762388895902
364640.0,1917.9636210176614
364660.0,1918.2509606277235
364680.0,1918.5382303226143
364700.0,1918.8254072950126
364720.0,1919.1124836569738
364740.0,1919.399478717217
364760.0,1919.6864505305534
364780.0,1919.9735025311772
364800.0,1920.2607799069272
364820.0,1920.5484501820229
364840.0,1920.8366639398882
364860.0,1921.1254953470373
364880.0,1921.4148684111085
364900.0,1921.7044833665373
364920.0,1921.993766938144
364940.0,1922.2818780623552
364960.0,1922.567803434223
364980.0,1922.8505708069831
365000.0,1923.1295883444468
365020.0,1923.4050832145563
365040.0,1923.678563192585
365060.0,1923.9531678594813
365080.0,1924.2337243480265
365100.0,1924.5262967254178
365120.0,1924.8370431390117
365140.0,1925.1702959644292
365160.0,1925.5259745220494
365180.0,1925.896725817533
365200.0,1926.2655340232054
365220.0,1926.6048717092467
365240.0,1926.878669690591
365260.0,1927.0483081038612
365280.0,1927.08332080405
365300.0,1926.9764369095233
365320.0,1926.7609353854855
365340.0,1926.5262102389304
365360.0,1926.425319019043
365380.0,1926.6667630655713
365400.0,1927.4826973319537
365420.0,1929.0681538414278
365440.0,1931.4914846065938
365460.0,1934.5853506197232
365480.0,1937.8394865995263
365500.0,1940.3290323503763
365520.0,1940.7216436525516
365540.0,1937.4074882238801
365560.0,1928.7822243975902
365580.0,1913.6780749372253
365600.0,1891.8782893027128
365620.0,1864.5663244738541
365640.0,1834.460567741929
365660.0,1805.3104222671295
365680.0,1780.7029063757848
365700.0,1762.8754533690994
365720.0,1752.3262691455166
365740.0,1748.2519311910298
365760.0,1749.2518010623858
365780.0,1753.6457814803598
365800.0,1759.6727635802424
365820.0,1766.0363375602465
365840.0,1772.5507286138534
365860.0,1780.038644786649
365880.0,1789.2389342862673
365900.0,1799.7247296430971
365920.0,1809.7517030354888
365940.0,1816.9149882347429
365960.0,1818.9875595805534
365980.0,1814.7585234508515
366000.0,1804.765973345387
366020.0,1791.1808605618303
366040.0,1776.726105930534
366060.0,1763.7812375033682
366080.0,1754.2276467172571
366100.0,1749.2641521572882
366120.0,1749.1586315763902
366140.0,1753.2479591097745
366160.0,1760.3038700087538
366180.0,1769.0732881148597
366200.0,1778.5219373521454
366220.0,1787.8276178996468
366240.0,1796.3062486672097
366260.0,1803.3962484955023
366280.0,1808.9107940500285
366300.0,1813.608772161194
366320.0,1819.5221743656148
366340.0,1829.3183339004972
366360.0,1844.7685969367499
366380.0,1865.5014283776502
366400.0,1889.0363878580708
366420.0,1911.9860259803202
366440.0,1931.4613266640918
366460.0,1945.8067173786094
366480.0,1954.665475295114
366500.0,1958.6755307922765
366520.0,1959.036840830291
366540.0,1957.10699839289
366560.0,1954.105757184024
366580.0,1950.950889451648
366600.0,1948.210244893448
366620.0,1946.13634928586
366640.0,1944.7459716154983
366660.0,1943.912486223151
366680.0,1943.4486553565807
366700.0,1943.1679042815915
366720.0,1942.9209020182911
366740.0,1942.610229699057
366760.0,1942.1890253829588
366780.0,1941.6502506093316
366800.0,1941.012402526453
366820.0,1940.3058738317636
366840.0,1939.5623692738468
366860.0,1938.808236890681
366880.0,1938.0614689611443
366900.0,1937.3315089764274
366920.0,1936.6207953061141
366940.0,1935.927056219333
366960.0,1935.245613630265
366980.0,1934.5712443662967
367000.0,1933.8994119180868
367020.0,1933.2268778790428
367040.0,1932.5518192507545
367060.0,1931.8736240328878
367080.0,1931.1925319665788
367100.0,1930.509251492674
367120.0,1929.8246368352561
367140.0,1929.1394642761775
367160.0,1928.45431195875
367180.0,1927.7695257066778
367200.0,1927.085243531211
367220.0,1926.4014508773994
367240.0,1925.7180437218844
367260.0,1925.034884148296
367280.0,1924.3518405617585
367300.0,1923.6688107883588
367320.0,1922.9857303272336
367340.0,1922.3025700152189
367360.0,1921.6193277405848
367380.0,1920.9360181681118
367400.0,1920.2526632596805
367420.0,1919.569285120136
367440.0,1918.8859016413367
367460.0,1918.202524686057
367480.0,1917.5191601621689
367500.0,1916.83580922587
367520.0,1916.1524699337665
367540.0,1915.4691388452677
367560.0,1914.785812283229
367580.0,1914.1024871426082
367600.0,1913.4191612684276
367620.0,1912.735833499637
367640.0,1912.052503502299
367660.0,1911.3691715078778
367680.0,1910.6858380447713
367700.0,1910.0025037182859
367720.0,1909.3191690626604
367740.0,1908.6358344651057
367760.0,1907.952500148534
367780.0,1907.269166193192
367800.0,1906.585832577411
367820.0,1905.9024992220518
367840.0,1905.2191660285432
367860.0,1904.5358329057594
367880.0,1903.852499784801
367900.0,1903.1691666236147
367920.0,1902.485833404627
367940.0,1901.8025001284107
367960.0,1901.119166806441
367980.0,1900.4358334545796
368000.0,1899.752500088256
368020.0,1899.0691667195958
368040.0,1898.3858333563585
368060.0,1897.7025000022236
368080.0,1897.0191666577637
368100.0,1896.3358333213225
368120.0,1895.652499990326
368140.0,1894.9691666622173
368160.0,1894.2858333348086
368180.0,1893.6025000066215
368200.0,1892.919166676928
368220.0,1892.2358333455923
368240.0,1891.5525000129114
368260.0,1890.8691666792824
368280.0,1890.1858333451023
368300.0,1889.5025000107453
368320.0,1888.819166676484
368340.0,1888.1358333425137
368360.0,1887.452500008881
368380.0,1886.7691666755109
368400.0,1886.085833342305
368420.0,1885.4025000091708
368440.0,1884.7191666760275
368460.0,1884.0358333428499
368480.0,1883.3525000096183
368500.0,1882.669166676346
368520.0,1881.9858333430384
368540.0,1881.30250000967
368560.0,1880.6191666762788
368580.0,1879.9358333428875
368600.0,1879.2525000094927
368620.0,1878.5691666760752
368640.0,1877.8858333426688
368660.0,1877.2025000092658
368680.0,1876.5191666758328
368700.0,1875.8358333423955
368720.0,1875.15250000894
368740.0,1874.4691666754875
368760.0,1873.7858333420634
368780.0,1873.1025000086775
368800.0,1872.4191666753304
368820.0,1871.7358333420011
368840.0,1871.0525000086861
368860.0,1870.3691666753828
368880.0,1869.685833342061
368900.0,1869.002500008747
368920.0,1868.3191666754751
368940.0,1867.635833342257
368960.0,1866.9525000090512
368980.0,1866.269166675822
369000.0,1865.585833342559
369020.0,1864.9025000092472
369040.0,1864.219166675927
369060.0,1863.535833342632
369080.0,1862.852500009321
369100.0,1862.1691666759289
369120.0,1861.485833342477
369140.0,1860.8025000089997
369160.0,1860.119166675541
369180.0,1859.435833342163
369200.0,1858.7525000088885
369220.0,1858.0691666756404
369240.0,1857.3858333423425
369260.0,1856.7025000090173
369280.0,1856.019166675676
369300.0,1855.335833342338
369320.0,1854.6525000090667
369340.0,1853.969166675824
369360.0,1853.2858333425418
369380.0,1852.6025000092268
369400.0,1851.9191666759048
369420.0,1851.2358333425982
369440.0,1850.552500009298
369460.0,1849.8691666759933
369480.0,1849.1858333426524
369500.0,1848.5025000093058
369520.0,1847.819166675943
369540.0,1847.1358333425626
369560.0,1846.4525000092267
369580.0,1845.7691666759572
369600.0,1845.0858333427022
369620.0,1844.4025000094389
369640.0,1843.7191666761864
369660.0,1843.0358333429012
369680.0,1842.3525000095165
369700.0,1841.6691666760325
369720.0,1840.985833342486
369740.0,1840.3025000089797
369760.0,1839.6191666756117
369780.0,1838.9358333423552
369800.0,1838.2525000091714
369820.0,1837.5691666760315
369840.0,1836.8858333428768
369860.0,1836.202500009665
369880.0,1835.5191666763906
369900.0,1834.8358333430042
369920.0,1834.1525000095153
369940.0,1833.4691666760239
369960.0,1832.7858333425806
369980.0,1832.1025000091558
370000.0,1831.4191666757397
370020.0,1830.735833342365
370040.0,1830.0525000089983
370060.0,1829.3691666756179
370080.0,1828.6858333422292
370100.0,1828.0025000088287
370120.0,1827.319166675456
370140.0,1826.6358333421035
370160.0,1825.9525000087428
370180.0,1825.2691666754454
370200.0,1824.585833342205
370220.0,1823.9025000089837
370240.0,1823.2191666757328
370260.0,1822.5358333424429
370280.0,1821.8525000090995
370300.0,1821.1691666757094
370320.0,1820.4858333423144
370340.0,1819.8025000089306
370360.0,1819.1191666755567
370380.0,1818.435833342249
370400.0,1817.7525000089663
370420.0,1817.069166675628
370440.0,1816.385833342189
370460.0,1815.702500008613
370480.0,1815.0191666749201
370500.0,1814.335833341195
370520.0,1813.6525000075248
370540.0,1812.9691666740114
370560.0,1812.2858333408756
370580.0,1811.6025000083123
370600.0,1810.9191666763993
370620.0,1810.235833345152
370640.0,1809.5525000143746
370660.0,1808.8691666835064
370680.0,1808.1858333516604
370700.0,1807.5025000177418
370720.0,1806.8191666805956
370740.0,1806.1358333393327
370760.0,1805.4524999937482
370780.0,1804.7691666449173
370800.0,1804.0858332957516
370820.0,1803.4024999511544
370840.0,1802.7191666177114
370860.0,1802.0358333027411
370880.0,1801.352500012453
370900.0,1800.6691667491446
370920.0,1799.9858335079182
370940.0,1799.3025002735546
370960.0,1798.6191670186709
370980.0,1797.935833704661
371000.0,1797.252500286751
371020.0,1796.5691667243068
371040.0,1795.885832996668
371060.0,1795.2024991228204
371080.0,1794.5191651811037
371100.0,1793.8358313227923
371120.0,1793.1524977711529
371140.0,1792.4691647965642
371160.0,1791.785832660397
371180.0,1791.1025015251157
371200.0,1790.4191713374596
371220.0,1789.7358417047387
371240.0,1789.0525117994591
371260.0,1788.3691803415263
371280.0,1787.6858457142273
371300.0,1787.0025062642865
371320.0,1786.3191608094232
371340.0,1785.6358093259994
371360.0,1784.9524537131924
371380.0,1784.2690984378635
371400.0,1783.5857507749308
371420.0,1782.902420301862
371440.0,1782.2191173228778
371460.0,1781.5358500306315
371480.0,1780.8526204933703
371500.0,1780.169419991258
371520.0,1779.486224776055
371540.0,1778.8029938941283
371560.0,1778.1196711196294
371580.0,1777.436193059937
371600.0,1776.7525048578373
371620.0,1776.0685834022993
371640.0,1775.3844654878048
371660.0,1774.7002751002499
371680.0,1774.0162404871069
371700.0,1773.3326888538345
371720.0,1772.6500057845255
371740.0,1771.9685494029986
371760.0,1771.2885173235863
371780.0,1770.6097783484815
371800.0,1769.931700013375
371820.0,1769.2530247296904
371840.0,1768.5718660988769
371860.0,1767.8859050866122
371880.0,1767.192853543908
371900.0,1766.4912107146215
371920.0,1765.7812609821492
371940.0,1765.0661498750565
371960.0,1764.3527439667705
371980.0,1763.6518579006868
372000.0,1762.9773636464047
372020.0,1762.343740724648
372040.0,1761.7618406918969
372060.0,1761.2330676364418
372080.0,1760.7428213270025
372100.0,1760.2548459555994
372120.0,1759.7089196331974
372140.0,1759.024853310193
372160.0,1758.1157067068568
372180.0,1756.9121120779887
372200.0,1755.397339540887
372220.0,1753.6491766459117
372240.0,1751.880157365723
372260.0,1750.4630392049664
372280.0,1749.9252106440715
372300.0,1750.8960295324591
372320.0,1753.9974060169025
372340.0,1759.6825554916536
372360.0,1768.0521731099677
372380.0,1778.7109914355926
372400.0,1790.7674593143383
372420.0,1803.0918936571957
372440.0,1814.7695589796554
372460.0,1825.4056418228706
372480.0,1835.047808662958
372500.0,1843.8566714208246
372520.0,1851.709648424391
372540.0,1858.0001738457934
372560.0,1861.695709584958
372580.0,1861.689571991989
372600.0,1857.4779755285854
372620.0,1849.6152801205694
372640.0,1839.5118638448025
372660.0,1828.7087453501688
372680.0,1818.281013823569
372700.0,1808.7329898020494
372720.0,1800.1510279631734
372740.0,1792.3807701898259
372760.0,1785.1692229638243
372780.0,1778.258651062942
372800.0,1771.4329680722008
372820.0,1764.5263016945278
372840.0,1757.408438460917
372860.0,1749.963426746949
372880.0,1742.0764549705978
372900.0,1733.6407710121948
372920.0,1724.5911331687234
372940.0,1714.9631824952485
372960.0,1704.9694395659633
372980.0,1695.073131353256
373000.0,1686.0324423720056
373020.0,1678.8829048290431
373040.0,1674.8284215999097
373060.0,1675.026362597201
373080.0,1680.283394562551
373100.0,1690.7284840653417
373120.0,1705.5967369793748
373140.0,1723.3304361258288
373160.0,1742.121269758679
373180.0,1760.5075702743986
373200.0,1777.5965898536626
373220.0,1793.030516906941
373240.0,1806.7755104274274
373260.0,1818.6169750015192
373280.0,1827.6026597687098
373300.0,1831.7382481534212
373320.0,1827.7917238664056
373340.0,1811.421776015523
373360.0,1777.8626773189667
373380.0,1723.1170940734096
373400.0,1645.650481107099
373420.0,1548.0738426976654
373440.0,1437.9680385693493
373460.0,1326.8792229556097
373480.0,1227.0674830314097
373500.0,1147.6040350837477
373520.0,1092.4209068249593
373540.0,1060.6277825453033
373560.0,1048.0156040588722
373580.0,1048.838782492826
373600.0,1057.329587344519
373620.0,1068.7016808689855
373640.0,1079.6165777470358
373660.0,1088.2146028578968
373680.0,1093.8643503242881
373700.0,1096.7833116728298
373720.0,1097.6499630298295
373740.0,1097.2834817457629
373760.0,1096.4250695512394
373780.0,1095.6223093764895
373800.0,1095.1977622288762
373820.0,1095.2742810434756
373840.0,1095.829498910897
373860.0,1096.757239049558
373880.0,1097.9210890025943
373900.0,1099.1927661416296
373920.0,1100.473790962035
373940.0,1101.7028287955334
373960.0,1102.852922568015
373980.0,1103.923141665982
374000.0,1104.9284731404148
374020.0,1105.8906134649837
374040.0,1106.8310947886343
374060.0,1107.7671596751916
374080.0,1108.7101005225666
374100.0,1109.665412765638
374120.0,1110.6340154064526
374140.0,1111.6138797463864
374160.0,1112.6015882045572
374180.0,1113.5935475946565
374200.0,1114.5867573363907
374220.0,1115.5791589698306
374240.0,1116.5696643708673
374260.0,1117.5579840915598
374280.0,1118.5443681644902
374300.0,1119.5293443625776
374320.0,1120.5135058289034
374340.0,1121.4973698817328
374360.0,1122.48130734273
374380.0,1123.4655282765075
374400.0,1124.4501046321313
374420.0,1125.435010805769
374440.0,1126.4201671553333
374460.0,1127.405476837247
374480.0,1128.3908514381897
374500.0,1129.376224842097
374520.0,1130.361557282516
374540.0,1131.3468326690113
374560.0,1132.3320523645382
374580.0,1133.3172280259807
374600.0,1134.3023752706072
374620.0,1135.2875090739726
374640.0,1136.2726411104961
374660.0,1137.2577787866621
374680.0,1138.2429254864041
374700.0,1139.228081501809
374720.0,1140.213245197611
374740.0,1141.1984140906175
374760.0,1142.1835856676578
374780.0,1143.168757886229
374800.0,1144.1539293858295
374820.0,1145.1390994831422
374840.0,1146.1242680375262
374860.0,1147.1094352640393
374880.0,1148.0946015511354
374900.0,1149.079767316548
374920.0,1150.06493291443
374940.0,1151.0500985916585
374960.0,1152.035264482131
374980.0,1153.0204306253615
375000.0,1154.0055969960918
375020.0,1154.9907635347872
375040.0,1155.9759301728013
375060.0,1156.9610968492784
375080.0,1157.9462635199052
375100.0,1158.9314301590096
375120.0,1159.916596757203
375140.0,1160.9017633167325
375160.0,1161.8869298464724
375180.0,1162.8720963575504
375200.0,1163.85726286032
375220.0,1164.8424293627108
375240.0,1165.8275958695926
375260.0,1166.8127623830144
375280.0,1167.7979289030577
375300.0,1168.783095428459
375320.0,1169.7682619573795
375340.0,1170.753428487995
375360.0,1171.7385950188595
375380.0,1172.7237615491276
375400.0,1173.7089280783125
375420.0,1174.6940946063141
375440.0,1175.6792611333137
375460.0,1176.6644276596387
375480.0,1177.6495941856108
375500.0,1178.6347607115363
375520.0,1179.6199272376787
375540.0,1180.6050937641398
375560.0,1181.5902602908623
375580.0,1182.5754268177323
375600.0,1183.560593344649
375620.0,1184.545759871532
375640.0,1185.5309263983377
375660.0,1186.5160929250655
375680.0,1187.501259451752
375700.0,1188.4864259784106
375720.0,1189.4715925050616
375740.0,1190.4567590317301
375760.0,1191.441925558418
375780.0,1192.4270920851172
375800.0,1193.4122586118208
375820.0,1194.397425138553
375840.0,1195.3825916653268
375860.0,1196.3677581921256
375880.0,1197.3529247188824
375900.0,1198.3380912455686
375920.0,1199.3232577722006
375940.0,1200.3084242988468
375960.0,1201.293590825551
375980.0,1202.2787573523453
376000.0,1203.263923879198
376020.0,1204.249090406093
376040.0,1205.234256933
376060.0,1206.2194234598448
376080.0,1207.2045899865716
376100.0,1208.189756513208
376120.0,1209.1749230398023
376140.0,1210.160089566405
376160.0,1211.1452560930304
376180.0,1212.130422619689
376200.0,1213.1155891464148
376220.0,1214.1007556732507
376240.0,1215.0859222001561
376260.0,1216.071088727037
376280.0,1217.0562552538663
376300.0,1218.0414217806888
376320.0,1219.02658830748
376340.0,1220.011754834249
376360.0,1220.9969213610013
376380.0,1221.9820878877958
376400.0,1222.9672544146529
376420.0,1223.9524209415142
376440.0,1224.9375874683155
376460.0,1225.9227539950468
376480.0,1226.90792052173
376500.0,1227.893087048386
376520.0,1228.8782535749956
376540.0,1229.8634201015623
376560.0,1230.8485866281555
376580.0,1231.833753154831
376600.0,1232.818919681583
376620.0,1233.8040862083724
376640.0,1234.789252735178
376660.0,1235.774419262009
376680.0,1236.7595857888432
376700.0,1237.7447523156252
376720.0,1238.7299188423463
376740.0,1239.715085369003
376760.0,1240.7002518956015
376780.0,1241.6854184221525
376800.0,1242.6705849487491
376820.0,1243.6557514754134
376840.0,1244.6409180021083
376860.0,1245.6260845288066
376880.0,1246.6112510555424
376900.0,1247.5964175823135
376920.0,1248.581584109082
376940.0,1249.566750635864
376960.0,1250.5519171626659
376980.0,1251.5370836894303
377000.0,1252.5222502161566
377020.0,1253.5074167428418
377040.0,1254.49258326948
377060.0,1255.4777497961122
377080.0,1256.4629163227587
377100.0,1257.4480828494045
377120.0,1258.4332493760717
377140.0,1259.4184159027877
377160.0,1260.403582429495
377180.0,1261.3887489561873
377200.0,1262.3739154829386
377220.0,1263.359082009742
377240.0,1264.3442485365913
377260.0,1265.3294150634815
377280.0,1266.3145815903226
377300.0,1267.2997481170453
377320.0,1268.2849146436868
377340.0,1269.270081170309
377360.0,1270.2552476969474
377380.0,1271.2404142236514
377400.0,1272.225580750432
377420.0,1273.2107472772614
377440.0,1274.195913804067
377460.0,1275.1810803308376
377480.0,1276.1662468576035
377500.0,1277.1514133843837
377520.0,1278.1365799111923
377540.0,1279.1217464380156
377560.0,1280.1069129648051
377580.0,1281.0920794915328
377600.0,1282.0772460182416
377620.0,1283.0624125449951
377640.0,1284.0475790717533
377660.0,1285.0327455984761
377680.0,1286.017912125185
377700.0,1287.0030786518932
377720.0,1287.988245178573
377740.0,1288.9734117052035
377760.0,1289.9585782318331
377780.0,1290.9437447584696
377800.0,1291.9289112851131
377820.0,1292.9140778117876
377840.0,1293.8992443385232
377860.0,1294.8844108653666
377880.0,1295.8695773923064
377900.0,1296.8547439192369
377920.0,1297.8399104460764
377940.0,1298.8250769728522
377960.0,1299.8102434995822
377980.0,1300.7954100262893
378000.0,1301.780576553024
378020.0,1302.7657430798115
378040.0,1303.7509096066271
378060.0,1304.7360761334319
378080.0,1305.7212426601807
378100.0,1306.7064091868547
378120.0,1307.6915757134875
378140.0,1308.676742240126
378160.0,1309.6619087667848
378180.0,1310.6470752934463
378200.0,1311.6322418200757
378220.0,1312.6174083467165
378240.0,1313.602574873356
378260.0,1314.5877413999835
378280.0,1315.5729079266
378300.0,1316.558074453263
378320.0,1317.5432409800208
378340.0,1318.5284075068716
378360.0,1319.5135740337323
378380.0,1320.498740560554
378400.0,1321.4839070873363
378420.0,1322.4690736141151
378440.0,1323.4542401408696
378460.0,1324.4394066675763
378480.0,1325.4245731942606
378500.0,1326.409739720968
378520.0,1327.394906247724
378540.0,1328.3800727745345
378560.0,1329.3652393013813
378580.0,1330.3504058281812
378600.0,1331.3355723549005
378620.0,1332.3207388815595
378640.0,1333.3059054081957
378660.0,1334.2910719348715
378680.0,1335.2762384615987
378700.0,1336.2614049883603
378720.0,1337.2465715151661
378740.0,1338.2317380420109
378760.0,1339.216904568833
378780.0,1340.2020710956072
378800.0,1341.1872376223878
378820.0,1342.172404149171
378840.0,1343.1575706759272
378860.0,1344.142737202652
378880.0,1345.1279037293257
378900.0,1346.1130702559522
378920.0,1347.0982367825766
378940.0,1348.0834033092294
378960.0,1349.0685698359134
378980.0,1350.0537363626095
379000.0,1351.0389028893314
379020.0,1352.0240694161014
379040.0,1353.0092359429389
379060.0,1353.9944024697747
379080.0,1354.9795689965727
379100.0,1355.9647355233328
379120.0,1356.9499020500905
379140.0,1357.9350685768359
379160.0,1358.920235103547
379180.0,1359.905401630244
379200.0,1360.8905681569624
379220.0,1361.8757346836785
379240.0,1362.8609012103932
379260.0,1363.8460677371022
379280.0,1364.8312342638214
379300.0,1365.816400790563
379320.0,1366.8015673173068
379340.0,1367.7867338440376
379360.0,1368.7719003707728
379380.0,1369.7570668975125
379400.0,1370.742233424257
379420.0,1371.7273999510228
379440.0,1372.7125664778112
379460.0,1373.6977330045706
379480.0,1374.6828995312578
379500.0,1375.6680660578922
379520.0,1376.6532325845
379540.0,1377.6383991110865
379560.0,1378.6235656376764
379580.0,1379.6087321642995
379600.0,1380.593898690971
379620.0,1381.579065217717
379640.0,1382.5642317445331
379660.0,1383.5493982713954
379680.0,1384.534564798265
379700.0,1385.5197313251103
379720.0,1386.5048978519294
379740.0,1387.4900643787346
379760.0,1388.4752309055393
379780.0,1389.4603974323372
379800.0,1390.445563959081
379820.0,1391.4307304857234
379840.0,1392.4158970122744
379860.0,1393.401063538829
379880.0,1394.3862300654268
379900.0,1395.3713965920833
379920.0,1396.3565631188071
379940.0,1397.341729645575
379960.0,1398.3268961723675
379980.0,1399.3120626991692
380000.0,1400.29722922598
380020.0,1401.2823957527994
380040.0,1402.2675622795855
380060.0,1403.2527288063309
380080.0,1404.2378953330858
380100.0,1405.2230618598483
380120.0,1406.2082283865802
380140.0,1407.1933949132622
380160.0,1408.1785614399616
380180.0,1409.163727966697
380200.0,1410.1488944934688
380220.0,1411.13406102029
380240.0,1412.1192275471258
380260.0,1413.1043940739123
380280.0,1414.0895606006397
380300.0,1415.0747271273
380320.0,1416.0598936539611
380340.0,1417.0450601806554
380360.0,1418.0302267073662
380380.0,1419.0153932340613
380400.0,1420.0005597607205
380420.0,1420.9857262873813
380440.0,1421.9708928140958
380460.0,1422.9560593408146
380480.0,1423.9412258675495
380500.0,1424.9263923942808
380520.0,1425.911558920993
380540.0,1426.8967254477338
380560.0,1427.881891974526
380580.0,1428.8670585013017
380600.0,1429.8522250280462
380620.0,1430.8373915547595
380640.0,1431.822558081422
380660.0,1432.807724608047
380680.0,1433.7928911346626
380700.0,1434.7780576612747
380720.0,1435.763224187938
380740.0,1436.7483907146548
380760.0,1437.733557241401
380780.0,1438.7187237681746
380800.0,1439.7038902949648
380820.0,1440.689056821771
380840.0,1441.6742233485804
380860.0,1442.6593898753613
380880.0,1443.644556402118
380900.0,1444.6297229288894
380920.0,1445.6148894557095
380940.0,1446.600055982553
380960.0,1447.5852225093627
380980.0,1448.570389036143
381000.0,1449.5555555628973
381020.0,1450.5407220896177
381040.0,1451.5258886162774
381060.0,1452.51105514289
381080.0,1453.496221669518
381100.0,1454.4813881962245
381120.0,1455.4665547230065
381140.0,1456.4517212498235
381160.0,1457.4368877766315
381180.0,1458.42205430345
381200.0,1459.4072208302464
381220.0,1460.392387356987
381240.0,1461.3775538836815
381260.0,1462.3627204103263
381280.0,1463.34788693689
381300.0,1464.333053463425
381320.0,1465.318219989999
381340.0,1466.303386516643
381360.0,1467.2885530433707
381380.0,1468.2737195701443
381400.0,1469.258886096923
381420.0,1470.2440526237529
381440.0,1471.2292191506695
381460.0,1472.2143856776222
381480.0,1473.1995522045615
381500.0,1474.1847187314247
381520.0,1475.1698852581878
381540.0,1476.155051784846
381560.0,1477.1402183114146
381580.0,1478.1253848379229
381600.0,1479.1105513644593
381620.0,1480.0957178910708
381640.0,1481.0808844177682
381660.0,1482.0660509445731
381680.0,1483.0512174714354
381700.0,1484.036383998323
381720.0,1485.0215505252368
381740.0,1486.0067170521097
381760.0,1486.9918835789053
381780.0,1487.9770501056228
381800.0,1488.9622166322936
381820.0,1489.947383158971
381840.0,1490.932549685695
381860.0,1491.9177162125015
381880.0,1492.902882739373
381900.0,1493.888049266252
381920.0,1494.8732157931017
381940.0,1495.8583823198978
381960.0,1496.8435488466134
381980.0,1497.82871537327
382000.0,1498.8138818998677
382020.0,1499.7990484264592
382040.0,1500.7842149530845
382060.0,1501.7693814797444
382080.0,1502.7545480064518
382100.0,1503.7397145332056
382120.0,1504.7248810600063
382140.0,1505.7100475868497
382160.0,1506.69521411371
382180.0,1507.6803806404928
382200.0,1508.6655471671377
382220.0,1509.650713693714
382240.0,1510.635880220289
382260.0,1511.6210467468707
382280.0,1512.6062132735042
382300.0,1513.591379800213
382320.0,1514.5765463269634
382340.0,1515.5617128537247
382360.0,1516.5468793805235
382380.0,1517.5320459073978
382400.0,1518.5172124342844
382420.0,1519.502378961121
382440.0,1520.4875454878954
382460.0,1521.4727120146351
382480.0,1522.4578785413657
382500.0,1523.4430450681052
382520.0,1524.428211594821
382540.0,1525.4133781214762
382560.0,1526.3985446480808
382580.0,1527.3837111746848
382600.0,1528.3688777013535
382620.0,1529.354044228076
382640.0,1530.3392107547743
382660.0,1531.324377281448
382680.0,1532.309543808124
382700.0,1533.2947103348365
382720.0,1534.2798768615983
382740.0,1535.2650433883805
382760.0,1536.2502099151593
382780.0,1537.23537644194
382800.0,1538.2205429687676
382820.0,1539.2057094956242
382840.0,1540.1908760224806
382860.0,1541.1760425493524
382880.0,1542.1612090762299
382900.0,1543.146375603072
382920.0,1544.131542129847
382940.0,1545.1167086565342
382960.0,1546.1018751831357
382980.0,1547.0870417096912
383000.0,1548.0722082361958
383020.0,1549.057374762711
383040.0,1550.0425412892932
383060.0,1551.0277078159418
383080.0,1552.012874342619
383100.0,1552.998040869335
383120.0,1553.9832073960783
383140.0,1554.9683739228128
383160.0,1555.953540449566
383180.0,1556.9387069763563
383200.0,1557.9238735031772
383220.0,1558.9090400300076
383240.0,1559.894206556834
383260.0,1560.8793730836312
383280.0,1561.8645396103707
383300.0,1562.849706137062
383320.0,1563.8348726637614
383340.0,1564.8200391905018
383360.0,1565.805205717271
383380.0,1566.7903722440565
383400.0,1567.775538770865
383420.0,1568.760705297669
383440.0,1569.7458718244256
383460.0,1570.7310383511265
383480.0,1571.7162048777789
383500.0,1572.7013714043806
383520.0,1573.6865379309736
383540.0,1574.6717044576392
383560.0,1575.6568709843928
383580.0,1576.6420375111945
383600.0,1577.6272040379927
383620.0,1578.6123705647444
383640.0,1579.5975370914546
383660.0,1580.5827036181754
383680.0,1581.567870144894
383700.0,1582.5530366715825
383720.0,1583.5382031982845
383740.0,1584.5233697250192
383760.0,1585.5085362517534
383780.0,1586.4937027784829
383800.0,1587.4788693052485
383820.0,1588.4640358320632
383840.0,1589.44920235889
383860.0,1590.4343688856848
383880.0,1591.4195354124436
383900.0,1592.4047019391605
383920.0,1593.3898684658084
383940.0,1594.3750349924514
383960.0,1595.3602015191516
383980.0,1596.3453680459093
384000.0,1597.3305345726792
384020.0,1598.3157010994546
384040.0,1599.3008676262034
384060.0,1600.286034152897
384080.0,1601.2712006795507
384100.0,1602.256367206193
384120.0,1603.2415337328441
384140.0,1604.2267002595183
384160.0,1605.2118667862608
384180.0,1606.1970333130707
384200.0,1607.1821998399237
384220.0,1608.1673663667775
384240.0,1609.1525328936057
384260.0,1610.137699420371
384280.0,1611.1228659470962
384300.0,1612.1080324738266
384320.0,1613.0931990005524
384340.0,1614.0783655272455
384360.0,1615.0635320538868
384380.0,1616.0486985805242
384400.0,1617.0338651071902
384420.0,1618.0190316339056
384440.0,1619.0041981606576
384460.0,1619.9893646874257
384480.0,1620.974531214199
384500.0,1621.9596977409874
384520.0,1622.9448642677924
384540.0,1623.9300307946035
384560.0,1624.9151973213916
384580.0,1625.9003638481722
384600.0,1626.885530374927
384620.0,1627.8706969016364
384640.0,1628.8558634282892
384660.0,1629.8410299549055
384680.0,1630.8261964815326
384700.0,1631.811363008201
384720.0,1632.7965295349409
384740.0,1633.7816960617356
384760.0,1634.7668625885938
384780.0,1635.7520291154763
384800.0,1636.7371956423121
384820.0,1637.722362169077
384840.0,1638.7075286957752
384860.0,1639.6926952224126
384880.0,1640.677861749026
384900.0,1641.6630282756553
384920.0,1642.648194802295
384940.0,1643.6333613289553
384960.0,1644.6185278556488
384980.0,1645.6036943824224
385000.0,1646.5888609092995
385020.0,1647.5740274362015
385040.0,1648.5591939630503
385060.0,1649.5443604898544
385080.0,1650.5295270166503
385100.0,1651.514693543424
385120.0,1652.4998600701576
385140.0,1653.4850265968314
385160.0,1654.4701931234497
385180.0,1655.4553596500748
385200.0,1656.4405261767024
385220.0,1657.425692703328
385240.0,1658.410859229993
385260.0,1659.396025756728
385280.0,1660.3811922835346
385300.0,1661.3663588103905
385320.0,1662.351525337232
385340.0,1663.3366918640306
385360.0,1664.3218583907485
385380.0,1665.3070249173823
385400.0,1666.2921914439771
385420.0,1667.2773579705856
385440.0,1668.2625244972587
385460.0,1669.2476910240118
385480.0,1670.232857550835
385500.0,1671.2180240777107
385520.0,1672.2031906045897
385540.0,1673.1883571313974
385560.0,1674.1735236581615
385580.0,1675.1586901848975
385600.0,1676.1438567115679
385620.0,1677.1290232381682
385640.0,1678.1141897647497
385660.0,1679.0993562913445
385680.0,1680.084522817972
385700.0,1681.0696893446507
385720.0,1682.0548558714095
385740.0,1683.0400223982444
385760.0,1684.0251889251315
385780.0,1685.0103554520017
385800.0,1685.9955219788085
385820.0,1686.9806885055416
385840.0,1687.9658550321706
385860.0,1688.9510215587077
385880.0,1689.9361880851732
385900.0,1690.9213546116523
385920.0,1691.9065211382167
385940.0,1692.8916876649132
385960.0,1693.876854191801
385980.0,1694.8620207189008
386000.0,1695.8471872461846
386020.0,1696.8323537736464
386040.0,1697.8175203012167
386060.0,1698.8026868287466
386080.0,1699.7878533560088
386100.0,1700.7730198827098
386120.0,1701.7581864084732
386140.0,1702.7433529329905
386160.0,1703.728519456167
386180.0,1704.71368597827
386200.0,1705.6988525000409
386220.0,1706.684019022748
386240.0,1707.6691855482525
386260.0,1708.6543520787304
386280.0,1709.6395186161976
386300.0,1710.6246851618362
386320.0,1711.6098517149076
386340.0,1712.5950182718657
386360.0,1713.5801848255965
386380.0,1714.5653513653483
386400.0,1715.5505178777985
386420.0,1716.5356843496436
386440.0,1717.5208507719358
386460.0,1718.5060171458597
386480.0,1719.4911834889779
386500.0,1720.4763498402876
386520.0,1721.4615162615537
386540.0,1722.4466828324257
386560.0,1723.4318496365013
386580.0,1724.417016736906
386600.0,1725.4021841426995
386620.0,1726.3873517706652
386640.0,1727.3725194118156
386660.0,1728.3576867164168
386680.0,1729.3428532145197
386700.0,1730.3280183886375
386720.0,1731.3131818091376
386740.0,1732.2983433297372
386760.0,1733.2835033195274
386780.0,1734.26866288077
386800.0,1735.2538239731323
386820.0,1736.238989343544
386840.0,1737.224162157066
386860.0,1738.2093452523125
386880.0,1739.1945400156055
386900.0,1740.1797449870514
386920.0,1741.1649544715651
386940.0,1742.1501576047012
386960.0,1743.1353384704103
386980.0,1744.1204779198918
387000.0,1745.105557617501
387020.0,1746.0905664667603
387040.0,1747.075508904975
387060.0,1748.0604136195366
387080.0,1749.045340158866
387100.0,1750.0303799384005
387120.0,1751.015647658509
387140.0,1752.0012596340719
387160.0,1752.9872974578095
387180.0,1753.9737591050944
387200.0,1754.9605050032162
387220.0,1755.9472131197658
387240.0,1756.9333634048876
387260.0,1757.9182757654676
387280.0,1758.9012243315835
387300.0,1759.8816411188968
387320.0,1760.8594020231453
387340.0,1761.8351570302777
387360.0,1762.81062747279
387380.0,1763.7887534533359
387400.0,1764.7735465519515
387420.0,1765.7695033127104
387440.0,1766.780482239756
387460.0,1767.8080566233007
387480.0,1768.849533102052
387500.0,1769.8960590131799
387520.0,1770.9314920377578
387540.0,1771.9329049133498
387560.0,1772.873649754975
387580.0,1773.7296998151098
387600.0,1774.4894222568412
387620.0,1775.1659670386757
387640.0,1775.8101406311084
387660.0,1776.5201797423906
387680.0,1777.443651543781
387700.0,1778.7663782554487
387720.0,1780.6845489011291
387740.0,1783.359782993058
387760.0,1786.8633995378095
387780.0,1791.1250594023186
387800.0,1795.89741487574
387820.0,1800.7320542538425
387840.0,1805.0694306321566
387860.0,1808.578000413649
387880.0,1811.3896936568713
387900.0,1813.8600854703168
387920.0,1816.2584026023294
387940.0,1818.6410662478308
387960.0,1820.894691285234
387980.0,1822.843647018069
388000.0,1824.3735365557172
388020.0,1825.5466472998319
388040.0,1826.5660128385105
388060.0,1827.6510890126854
388080.0,1828.9623547356284
388100.0,1830.577413084248
388120.0,1832.4989846221656
388140.0,1834.6781366631792
388160.0,1837.040691652142
388180.0,1839.5094957298365
388200.0,1842.0192838534517
388220.0,1844.523826416934
388240.0,1846.9968060377603
388260.0,1849.4286125248786
388280.0,1851.821240724904
388300.0,1854.1830347299565
388320.0,1856.5244047609654
388340.0,1858.8550366080574
388360.0,1861.1826242734853
388380.0,1863.5128238606583
388400.0,1865.8499453111617
388420.0,1868.1978411458476
388440.0,1870.5604880336537
388460.0,1872.9418668690482
388480.0,1875.3449214511543
388500.0,1877.7696139655084
388520.0,1880.2103935822802
388540.0,1882.6537321788055
388560.0,1885.0767079491823
388580.0,1887.4478447713009
388600.0,1889.7314181777142
388620.0,1891.8960752056992
388640.0,1893.9277613554623
388660.0,1895.8455523922025
388680.0,1897.7171399162405
388700.0,1899.6687085545411
388720.0,1901.8823026178984
388740.0,1904.573272921943
388760.0,1907.9419132410262
388780.0,1912.0977608688208
388800.0,1916.9626792472573
388820.0,1922.1694079858669
388840.0,1926.9842053093914
388860.0,1930.2924722456924
388880.0,1930.6902681350591
388900.0,1926.716744660111
388920.0,1917.237024696126
388940.0,1901.9378365966154
388960.0,1881.828977573885
388980.0,1859.5581401027564
389000.0,1839.2596344569363
389020.0,1825.6617575978169
389040.0,1822.4953140095272
389060.0,1830.7825004507145
389080.0,1848.3568499866215
389100.0,1870.909972288298
389120.0,1893.790809840721
389140.0,1913.4299151283255
389160.0,1927.8793792175995
389180.0,1936.716771360443
389200.0,1940.6248657578776
389220.0,1940.8828327226322
389240.0,1938.9184758098727
389260.0,1935.9939542741026
389280.0,1933.0391131436413
389300.0,1930.6099927615985
389320.0,1928.9332331564813
389340.0,1927.995072274244
389360.0,1927.640777478026
389380.0,1927.6615117439687
389400.0,1927.8569818204228
389420.0,1928.0714185563309
389440.0,1928.2065274941847
389460.0,1928.2180497236575
389480.0,1928.1031135640903
389500.0,1927.8844976779794
389520.0,1927.5961002957877
389540.0,1927.2719727631109
389560.0,1926.9396475314538
389580.0,1926.6173650209487
389600.0,1926.3142004799142
389620.0,1926.031921737189
389640.0,1925.7675334440842
389660.0,1925.515742163252
389680.0,1925.270894336507
389700.0,1925.0282185492822
389720.0,1924.7844053626486
389740.0,1924.5376736544051
389760.0,1924.2875134335059
389780.0,1924.0342829688793
389800.0,1923.778796153539
389820.0,1923.5219842292336
389840.0,1923.2646683002217
389860.0,1923.0074431246917
389880.0,1922.7506508349925
389900.0,1922.4944141797375
389920.0,1922.2386993144141
389940.0,1921.9833842596224
389960.0,1921.7283174749318
389980.0,1921.4733590592562
390000.0,1921.2184034206616
390020.0,1920.9633863139366
390040.0,1920.708281032798
390060.0,1920.4530887568853
390080.0,1920.1978272154215
390100.0,1919.9425205198688
390120.0,1919.6871916806533
390140.0,1919.43185823186
390160.0,1919.1765306543202
390180.0,1918.9212129072312
390200.0,1918.6659042758597
390220.0,1918.4106018111063
390240.0,1918.15530277539
390260.0,1917.9000066482572
390280.0,1917.6447163454322
390300.0,1917.3894383690883
390320.0,1917.134181668287
390340.0,1916.878955096988
390360.0,1916.6237635660807
390380.0,1916.3686033289
390400.0,1916.113457310019
390420.0,1915.8582919172306
390440.0,1915.6030572271532
390460.0,1915.3476925976597
390480.0,1915.0921393801884
390500.0,1914.8363612431385
390520.0,1914.5803705285264
390540.0,1914.3242561109237
390560.0,1914.0682047962061
390580.0,1913.8125051785883
390600.0,1913.557521277405
390620.0,1913.303624709107
390640.0,1913.0510801337605
390660.0,1912.799890298996
390680.0,1912.5496241176693
390700.0,1912.2992719689694
390720.0,1912.0471925094007
390740.0,1911.7912278270555
390760.0,1911.5290598083782
390780.0,1911.2588505990066
390800.0,1910.9801466769404
390820.0,1910.6949278902812
390840.0,1910.4085586703197
390860.0,1910.130271449214
390880.0,1909.8727209665467
390900.0,1909.6501453614896
390920.0,1909.4748143571283
390940.0,1909.351786005737
390960.0,1909.272549944962
390980.0,1909.208868243073
391000.0,1909.1089137426948
391020.0,1908.8984321488174
391040.0,1908.489808906263
391060.0,1907.8012449244166
391080.0,1906.7864066902944
391100.0,1905.4717418583452
391120.0,1903.9942775991076
391140.0,1902.627749513274
391160.0,1901.7805204278623
391180.0,1901.9466780198738
391200.0,1903.5940392972275
391220.0,1906.9815202414816
391240.0,1911.9145762871776
391260.0,1917.4704710315787
391280.0,1921.7513612968582
391300.0,1921.745152727764
391320.0,1913.3801391319225
391340.0,1891.8342876646998
391360.0,1852.0871204523112
391380.0,1789.6392451715406
391400.0,1701.6961444114506
391420.0,1588.856784382724
391440.0,1456.1195679072891
391460.0,1313.0708156924452
391480.0,1173.639097556733
391500.0,1054.6727528670208
391520.0,972.2676195772458
391540.0,937.1492798611874
391560.0,952.184742669711
391580.0,1013.0921558591983
391600.0,1110.986988554678
391620.0,1235.182093756707
391640.0,1375.3038296050545
391660.0,1522.3757072331628
391680.0,1668.9469162401977
391700.0,1808.6059034573434
391720.0,1935.3376162406075
391740.0,2043.179192511617
391760.0,2126.518925635274
391780.0,2181.1748691537587
391800.0,2206.085935504626
391820.0,2205.0586209748194
391840.0,2187.562345671758
391860.0,2167.1821162551264
391880.0,2157.1253024727857
391900.0,2165.094542813874
391920.0,2190.6436168332793
391940.0,2225.599520857994
391960.0,2256.4829501602885
391980.0,2267.806508336059
392000.0,2245.5108436367655
392020.0,2180.737190018653
392040.0,2073.319869624381
392060.0,1933.3082570346355
392080.0,1779.2264446153251
392100.0,1632.3974837591418
392120.0,1509.909154200571
392140.0,1420.8441643974709
392160.0,1366.3015066334337
392180.0,1341.5043874150876
392200.0,1338.547188783561
392220.0,1348.864783680601
392240.0,1364.9749872400976
392260.0,1381.3948132471755
392280.0,1394.8499280510036
392300.0,1403.9983722453076
392320.0,1408.9036444796102
392340.0,1410.4522829385662
392360.0,1409.8473077499646
392380.0,1408.2437617482087
392400.0,1406.539702338501
392420.0,1405.3010421617723
392440.0,1404.7814710252126
392460.0,1404.9957145397143
392480.0,1405.8106231326678
392500.0,1407.0292168116848
392520.0,1408.4540520155701
392540.0,1409.925711598773
392560.0,1411.3387328468107
392580.0,1412.6407724436979
392600.0,1413.8217832289483
392620.0,1414.899247858815
392640.0,1415.9038957512716
392660.0,1416.868488544144
392680.0,1417.820642049804
392700.0,1418.7794856792523
392720.0,1419.755292802314
392740.0,1420.7509801097908
392760.0,1421.7644458938755
392780.0,1422.7909609484084
392800.0,1423.825126193727
392820.0,1424.8621873651991
392840.0,1425.8987049941284
392860.0,1426.9327040192736
392880.0,1427.9634794728722
392900.0,1428.9912318871752
392920.0,1430.0166705978609
392940.0,1431.0406747841366
392960.0,1432.064055368202
392980.0,1433.0874242451569
393000.0,1434.1111538818895
393020.0,1435.135399446062
393040.0,1436.1601544604532
393060.0,1437.1853159145126
393080.0,1438.2107424325927
393100.0,1439.2362969273645
393120.0,1440.2618715703657
393140.0,1441.287397207872
393160.0,1442.3128415348012
393180.0,1443.3382008225776
393200.0,1444.3634893563192
393220.0,1445.3887295405489
393240.0,1446.413944334075
393260.0,1447.439152565411
393280.0,1448.4643669019097
393300.0,1449.4895938196355
393320.0,1450.514834789356
393340.0,1451.5400879676447
393360.0,1452.5653498646009
393380.0,1453.5906166730451
393400.0,1454.6158851343419
393420.0,1455.6411529556033
393440.0,1456.6664188741277
393460.0,1457.691682496084
393480.0,1458.7169440299217
393500.0,1459.7422040079714
393520.0,1460.767463054914
393540.0,1461.7927217297008
393560.0,1462.8179804428978
393580.0,1463.8432394353863
393600.0,1464.8684987985712
393620.0,1465.893758515655
393640.0,1466.919018507629
393660.0,1467.944278673246
393680.0,1468.9695389174417
393700.0,1469.9947991674544
393720.0,1471.020059378206
393740.0,1472.0453195299835
393760.0,1473.0705796223372
393780.0,1474.0958396665105
393800.0,1475.1210996787106
393820.0,1476.1463596750016
393840.0,1477.1716196681605
393860.0,1478.1968796665396
393880.0,1479.2221396741936
393900.0,1480.2473996918047
393920.0,1481.2726597178148
393940.0,1482.297919749688
393960.0,1483.3231797847473
393980.0,1484.3484398206995
394000.0,1485.3736998559227
394020.0,1486.3989598895614
394040.0,1487.4242199214486
394060.0,1488.4494799519666
394080.0,1489.4747399815365
394100.0,1490.5000000104615
394120.0,1491.5252600391086
394140.0,1492.5505200678317
394160.0,1493.575780096801
394180.0,1494.6010401260808
394200.0,1495.6263001556486
394220.0,1496.6515601853678
394240.0,1497.6768202151536
394260.0,1498.7020802449745
394280.0,1499.7273402748144
394300.0,1500.75260030467
394320.0,1501.7778603344952
394340.0,1502.8031203642681
394360.0,1503.828380393972
394380.0,1504.8536404236106
394400.0,1505.8789004532157
394420.0,1506.9041604828503
394440.0,1507.929420512552
394460.0,1508.9546805423001
394480.0,1509.9799405721
394500.0,1511.0052006019232
394520.0,1512.030460631729
394540.0,1513.0557206615144
394560.0,1514.0809806912896
394580.0,1515.1062407210716
394600.0,1516.1315007508288
394620.0,1517.156760780553
394640.0,1518.1820208102552
394660.0,1519.207280839912
394680.0,1520.2325408695372
394700.0,1521.2578008991377
394720.0,1522.283060928703
394740.0,1523.3083209582474
394760.0,1524.333580987806
394780.0,1525.3588410174154
394800.0,1526.3841010470976
394820.0,1527.4093610768555
394840.0,1528.4346211066684
394860.0,1529.4598811365277
394880.0,1530.4851411664004
394900.0,1531.5104011962437
394920.0,1532.5356612259936
394940.0,1533.5609212556863
394960.0,1534.5861812853975
394980.0,1535.6114413150883
395000.0,1536.6367013447577
395020.0,1537.6619613744783
395040.0,1538.6872214042608
395060.0,1539.712481434058
395080.0,1540.7377414638345
395100.0,1541.7630014935944
395120.0,1542.7882615233593
395140.0,1543.8135215531117
395160.0,1544.8387815828344
395180.0,1545.864041612512
395200.0,1546.8893016421753
395220.0,1547.91456167187
395240.0,1548.9398217015942
395260.0,1549.965081731351
395280.0,1550.990341761092
395300.0,1552.015601790782
395320.0,1553.0408618204292
395340.0,1554.066121850087
395360.0,1555.09138187977
395380.0,1556.1166419094743
395400.0,1557.1419019391847
395420.0,1558.1671619689032
395440.0,1559.19242199862
395460.0,1560.2176820283505
395480.0,1561.24294205813
395500.0,1562.2682020879379
395520.0,1563.2934621177506
395540.0,1564.3187221475657
395560.0,1565.3439821773638
395580.0,1566.369242207144
395600.0,1567.3945022369273
395620.0,1568.4197622666952
395640.0,1569.4450222964235
395660.0,1570.4702823260718
395680.0,1571.4955423557128
395700.0,1572.520802385379
395720.0,1573.5460624150462
395740.0,1574.5713224447131
395760.0,1575.5965824743923
395780.0,1576.6218425040956
395800.0,1577.6471025338062
395820.0,1578.6723625634957
395840.0,1579.6976225931921
395860.0,1580.7228826229216
395880.0,1581.7481426527013
395900.0,1582.7734026825017
395920.0,1583.798662712299
395940.0,1584.8239227421238
395960.0,1585.8491827719395
395980.0,1586.8744428016926
396000.0,1587.8997028314127
396020.0,1588.9249628611274
396040.0,1589.9502228908477
396060.0,1590.9754829205453
396080.0,1592.0007429502477
396100.0,1593.0260029799847
396120.0,1594.0512630097367
396140.0,1595.076523039479
396160.0,1596.1017830691894
396180.0,1597.127043098879
396200.0,1598.1523031285417
396220.0,1599.1775631581638
396240.0,1600.2028231877903
396260.0,1601.2280832174638
396280.0,1602.2533432472114
396300.0,1603.278603276986
396320.0,1604.3038633067408
396340.0,1605.329123336464
396360.0,1606.3543833661565
396380.0,1607.3796433958091
396400.0,1608.4049034254385
396420.0,1609.4301634550898
396440.0,1610.455423484792
396460.0,1611.4806835145203
396480.0,1612.5059435442593
396500.0,1613.5312035740055
396520.0,1614.5564636037684
396540.0,1615.5817236335438
396560.0,1616.6069836632923
396580.0,1617.6322436929997
396600.0,1618.6575037226946
396620.0,1619.6827637523907
396640.0,1620.7080237820942
396660.0,1621.733283811818
396680.0,1622.7585438415567
396700.0,1623.7838038712769
396720.0,1624.8090639009984
396740.0,1625.8343239307028
396760.0,1626.8595839603934
396780.0,1627.8848439901108
396800.0,1628.9101040198475
396820.0,1629.935364049563
396840.0,1630.9606240792978
396860.0,1631.9858841090804
396880.0,1633.011144138837
396900.0,1634.0364041685857
396920.0,1635.0616641983459
396940.0,1636.086924228101
396960.0,1637.112184257843
396980.0,1638.1374442875615
397000.0,1639.162704317267
397020.0,1640.187964346959
397040.0,1641.2132243766089
397060.0,1642.238484406218
397080.0,1643.2637444358654
397100.0,1644.2890044656183
397120.0,1645.314264495438
397140.0,1646.3395245252573
397160.0,1647.3647845550531
397180.0,1648.390044584822
397200.0,1649.4153046145798
397220.0,1650.4405646443186
397240.0,1651.465824674014
397260.0,1652.491084703688
397280.0,1653.5163447333914
397300.0,1654.5416047631516
397320.0,1655.5668647929197
397340.0,1656.5921248226362
397360.0,1657.6173848523163
397380.0,1658.6426448819664
397400.0,1659.6679049116178
397420.0,1660.6931649413134
397440.0,1661.718424971019
397460.0,1662.7436850007084
397480.0,1663.7689450304138
397500.0,1664.7942050601152
397520.0,1665.819465089792
397540.0,1666.8447251194418
397560.0,1667.8699851490915
397580.0,1668.8952451787686
397600.0,1669.9205052084649
397620.0,1670.9457652382043
397640.0,1671.9710252679943
397660.0,1672.9962852977937
397680.0,1674.021545327597
397700.0,1675.0468053573925
397720.0,1676.0720653871626
397740.0,1677.0973254169244
397760.0,1678.1225854466782
397780.0,1679.1478454764351
397800.0,1680.1731055061996
397820.0,1681.1983655359768
397840.0,1682.2236255657651
397860.0,1683.2488855955285
397880.0,1684.274145625272
397900.0,1685.2994056550385
397920.0,1686.3246656848144
397940.0,1687.3499257145454
397960.0,1688.3751857442362
397980.0,1689.4004457739059
398000.0,1690.4257058035503
398020.0,1691.450965833143
398040.0,1692.476225862671
398060.0,1693.5014858921954
398080.0,1694.5267459217732
398100.0,1695.5520059514288
398120.0,1696.5772659811853
398140.0,1697.6025260110268
398160.0,1698.6277860408659
398180.0,1699.653046070672
398200.0,1700.6783061004312
398220.0,1701.7035661301893
398240.0,1702.728826159958
398260.0,1703.7540861897382
398280.0,1704.7793462194963
398300.0,1705.8046062492224
398320.0,1706.8298662789089
398340.0,1707.8551263085926
398360.0,1708.8803863382855
398380.0,1709.905646367983
398400.0,1710.930906397698
398420.0,1711.9561664274042
398440.0,1712.98142645708
398460.0,1714.0066864867306
398480.0,1715.0319465163968
398500.0,1716.0572065461124
398520.0,1717.0824665758566
398540.0,1718.1077266056375
398560.0,1719.132986635447
398580.0,1720.1582466652235
398600.0,1721.1835066949184
398620.0,1722.208766724584
398640.0,1723.2340267542568
398660.0,1724.259286783942
398680.0,1725.2845468136352
398700.0,1726.3098068433235
398720.0,1727.3350668729986
398740.0,1728.360326902622
398760.0,1729.3855869322263
398780.0,1730.4108469618895
398800.0,1731.436106991645
398820.0,1732.461367021429
398840.0,1733.4866270512089
398860.0,1734.5118870810015
398880.0,1735.5371471107683
398900.0,1736.562407140437
398920.0,1737.5876671700098
398940.0,1738.612927199561
398960.0,1739.6381872291227
398980.0,1740.663447258752
399000.0,1741.6887072885015
399020.0,1742.713967318367
399040.0,1743.7392273483201
399060.0,1744.7644873782817
399080.0,1745.7897474081778
399100.0,1746.8150074379919
399120.0,1747.8402674677218
399140.0,1748.8655274973953
399160.0,1749.8907875270384
399180.0,1750.9160475566885
399200.0,1751.9413075863752
399220.0,1752.9665676161167
399240.0,1753.9918276458611
399260.0,1755.0170876755806
399280.0,1756.0423477053143
399300.0,1757.0676077350806
399320.0,1758.0928677648783
399340.0,1759.118127794644
399360.0,1760.143387824366
399380.0,1761.1686478540898
399400.0,1762.1939078838245
399420.0,1763.2191679135371
399440.0,1764.2444279432589
399460.0,1765.269687972998
399480.0,1766.2949480027132
399500.0,1767.32020803235
399520.0,1768.3454680619216
399540.0,1769.3707280915532
399560.0,1770.3959881213298
399580.0,1771.4212481512673
399600.0,1772.4465081813378
399620.0,1773.4717682115333
399640.0,1774.497028241815
399660.0,1775.5222882720736
399680.0,1776.547548302106
399700.0,1777.572808331616
399720.0,1778.598068360328
399740.0,1779.623328388017
399760.0,1780.648588414615
399780.0,1781.6738484404773
399800.0,1782.6991084664182
399820.0,1783.7243684936486
399840.0,1784.7496285237703
399860.0,1785.7748885585358
399880.0,1786.8001485993834
399900.0,1787.825408646755
399920.0,1788.8506686992453
399940.0,1789.8759287528646
399960.0,1790.9011888006576
399980.0,1791.9264488329638
400000.0,1792.9517088388704
400020.0,1793.9769688088884
400040.0,1795.0022287388215
400060.0,1796.027488634544
400080.0,1797.052748516719
400100.0,1798.0780084239282
400120.0,1799.10326841194
400140.0,1800.128528546956
400160.0,1801.1537888911043
400180.0,1802.1790494798538
400200.0,1803.2043102931664
400220.0,1804.2295712257655
400240.0,1805.2548320652543
400260.0,1806.2800924904884
400280.0,1807.3053521038419
400300.0,1808.33061050912
400320.0,1809.355867439849
400340.0,1810.381122929625
400360.0,1811.4063774972224
400380.0,1812.4316322966279
400400.0,1813.4568891606991
400420.0,1814.4821504552833
400440.0,1815.50741866656
400460.0,1816.5326956801782
400480.0,1817.5579817829444
400500.0,1818.5832745267357
400520.0,1819.6085677298747
400540.0,1820.6338510267851
400560.0,1821.6591104687946
400580.0,1822.6843306692476
400600.0,1823.7094988115582
400620.0,1824.734610447803
400640.0,1825.7596763929214
400660.0,1826.7847292132137
400680.0,1827.8098269579
400700.0,1828.8350511341619
400720.0,1829.8604958181272
400740.0,1830.8862456147513
400760.0,1831.9123422717598
400780.0,1832.9387432732942
400800.0,1833.9652804888494
400820.0,1834.991632207518
400840.0,1836.0173262873955
400860.0,1837.0417937223133
400880.0,1838.0644883199639
400900.0,1839.0850771756152
400920.0,1840.103686920303
400940.0,1841.1211629773716
400960.0,1842.1392669488746
400980.0,1843.160708241423
401000.0,1844.1888914813449
401020.0,1845.2272752701901
401040.0,1846.2782945345348
401060.0,1847.341907762969
401080.0,1848.4139908891138
401100.0,1849.4849934190217
401120.0,1850.5394590177643
401140.0,1851.5571273385099
401160.0,1852.5162923388064
401180.0,1853.399805810647
401200.0,1854.2035150193828
401220.0,1854.9459976582511
401240.0,1855.6772892760182
401260.0,1856.4831029689583
401280.0,1857.4801812114322
401300.0,1858.7983845791284
401320.0,1860.5464514580988
401340.0,1862.7615033264974
401360.0,1865.347466918826
401380.0,1868.0142302312936
401400.0,1870.2363426423817
401420.0,1871.2552633908253
401440.0,1870.1495048361571
401460.0,1865.9888860383642
401480.0,1858.0690222643602
401500.0,1846.187838885607
401520.0,1830.8769001060398
401540.0,1813.421615095278
401560.0,1795.441469442485
401580.0,1778.1729513015184
401600.0,1762.076450648848
401620.0,1746.874468017323
401640.0,1731.7623272329947
401660.0,1715.7530539107033
401680.0,1698.1452149187037
401700.0,1678.9667594320156
401720.0,1659.1565880090864
401740.0,1640.1572131535333
401760.0,1623.3477439330723
401780.0,1609.7199436842795
401800.0,1599.6867303284678
401820.0,1592.9918190577082
401840.0,1588.8220424786566
401860.0,1586.1987637625573
401880.0,1584.3906986307659
401900.0,1583.0173973244275
401920.0,1581.9553647417674
401940.0,1581.2597443668242
401960.0,1581.1184781423124
401980.0,1581.8117002771683
402000.0,1583.6110737028935
402020.0,1586.630129601758
402040.0,1590.769657517577
402060.0,1595.7875044839982
402080.0,1601.4199567242142
402100.0,1607.508177482494
402120.0,1614.0282924117569
402140.0,1620.996740863898
402160.0,1628.3392893992248
402180.0,1635.8057213966563
402200.0,1643.0019980343077
402220.0,1649.50521630308
402240.0,1654.954344286142
402260.0,1659.128115544331
402280.0,1662.0008260700329
402300.0,1663.759987210859
402320.0,1664.8033071626737
402340.0,1665.66288604742
402360.0,1666.8086523750985
402380.0,1668.433596120482
402400.0,1670.429633046611
402420.0,1672.5518045191936
402440.0,1674.5612986013869
402460.0,1676.2955893554717
402480.0,1677.6857120102195
402500.0,1678.7422728972372
402520.0,1679.5277319992724
402540.0,1680.127263351776
402560.0,1680.625324904971
402580.0,1681.090785592463
402600.0,1681.570452968887
402620.0,1682.0891431052157
402640.0,1682.6538180480318
402660.0,1683.2594556221634
402680.0,1683.8948732973374
402700.0,1684.547421126194
402720.0,1685.206094763429
402740.0,1685.863094242548
402760.0,1686.5141373818885
402780.0,1687.1579486345897
402800.0,1687.7953315243587
402820.0,1688.4281489351165
402840.0,1689.0584272775245
402860.0,1689.6877011190002
402880.0,1690.3166418415724
402900.0,1690.9449709028693
402920.0,1691.5716385401363
402940.0,1692.1952395051383
402960.0,1692.8146243982533
402980.0,1693.4296369037063
403000.0,1694.0418587739118
403020.0,1694.6551804127798
403040.0,1695.2759514260138
403060.0,1695.9124298841998
403080.0,1696.5732768284972
403100.0,1697.264970573186
403120.0,1697.9882705312507
403140.0,1698.7342447062292
403160.0,1699.48084954832
403180.0,1700.1915214781616
403200.0,1700.8175518692049
403220.0,1701.3059682283977
403240.0,1701.6140148042698
403260.0,1701.7299423242785
403280.0,1701.697637128617
403300.0,1701.6398352854746
403320.0,1701.7717934915956
403340.0,1702.3952179326502
403360.0,1703.862218604935
403380.0,1706.5024727674306
403400.0,1710.5149204118795
403420.0,1715.838840615929
403440.0,1722.0375640340815
403460.0,1728.2491700139956
403480.0,1733.2781455355962
403500.0,1735.9064593966511
403520.0,1735.3591053569628
403540.0,1731.6094140808066
403560.0,1725.43969317394
403580.0,1718.281456629817
403600.0,1711.834957490216
403620.0,1707.6090673307485
403640.0,1706.6111596606418
403660.0,1709.1455853012278
403680.0,1714.6908758817287
403700.0,1721.8848671127912
403720.0,1728.7007685136734
403740.0,1732.9407508286954
403760.0,1733.1123894234493
403780.0,1729.2412906851137
403800.0,1722.8018609223004
403820.0,1715.8134145407585
403840.0,1710.004919037709
403860.0,1706.4352692821365
403880.0,1705.4562126043152
403900.0,1706.86532475347
403920.0,1710.1292464645762
403940.0,1714.5969562421928
403960.0,1719.6600591646445
403980.0,1724.8465339684667
404000.0,1729.8539873333648
404020.0,1734.5386324379645
404040.0,1738.8788932930904
404060.0,1742.9302946064013
404080.0,1746.7835856298727
404100.0,1750.532802689256
404120.0,1754.255456595599
404140.0,1758.00384702452
404160.0,1761.8047587650458
404180.0,1765.664263167197
404200.0,1769.5746594389518
404220.0,1773.5213536687886
404240.0,1777.4883629856272
404260.0,1781.4619255727637
404280.0,1785.4322774571046
404300.0,1789.3939939557633
404320.0,1793.3454157472722
404340.0,1797.28764541714
404360.0,1801.223476309764
404380.0,1805.15646062533
404400.0,1809.0901822322935
404420.0,1813.027699483097
404440.0,1816.9710775036106
404460.0,1820.9209391837474
404480.0,1824.8760213077153
404500.0,1828.8328109747376
404520.0,1832.7854344149328
404540.0,1836.7260453875247
404560.0,1840.6459782765123
404580.0,1844.5378557053332
404600.0,1848.398643259638
404620.0,1852.2333154055027
404640.0,1856.0583615749579
404660.0,1859.9038922531713
404680.0,1863.8127303557453
404700.0,1867.8347733735366
404720.0,1872.0152942358552
404740.0,1876.376899483544
404760.0,1880.8966715991053
404780.0,1885.4824876731423
404800.0,1889.9552434698767
404820.0,1894.0459821962988
404840.0,1897.4176378804455
404860.0,1899.7189109761184
404880.0,1900.6713485739594
404900.0,1900.179034831402
404920.0,1898.4333140809035
404940.0,1895.9639365962223
404960.0,1893.5658628351873
404980.0,1892.0179243836526
405000.0,1891.6617851135766
405020.0,1892.3223249494706
405040.0,1893.5742532331642
405060.0,1894.9711396801165
405080.0,1896.169885938941
405100.0,1896.9743560203165
405120.0,1897.3261866677196
405140.0,1897.2681962272868
405160.0,1896.9000063944427
405180.0,1896.3385966960795
405200.0,1895.6901276841913
405220.0,1895.0344323001887
405240.0,1894.420411723847
405260.0,1893.8690592206822
405280.0,1893.3805925439265
405300.0,1892.9427341671696
405320.0,1892.5381053147896
405340.0,1892.149663763347
405360.0,1891.7639114051199
405380.0,1891.372135271904
405400.0,1890.9702214425465
405420.0,1890.5576441833487
405440.0,1890.136154204706
405460.0,1889.7085409272852
405480.0,1889.2776808245962
405500.0,1888.8459442897606
405520.0,1888.4149349957952
405540.0,1887.985481247991
405560.0,1887.5577815527624
405580.0,1887.1316152015431
405600.0,1886.706551206586
405620.0,1886.2821155261518
405640.0,1885.8579004078697
405660.0,1885.4336172957908
405680.0,1885.009105158971
405700.0,1884.5843101450234
405720.0,1884.1592518853765
405740.0,1883.733988519754
405760.0,1883.308588241243
405780.0,1882.883111071395
405800.0,1882.4576013053847
405820.0,1882.0320888239316
405840.0,1881.6065961637883
405860.0,1881.1811476533398
405880.0,1880.7557768462714
405900.0,1880.3305288135696
405920.0,1879.9054546039126
405940.0,1879.48059648395
405960.0,1879.0559645762528
405980.0,1878.6315082822573
406000.0,1878.2070892342176
406020.0,1877.7824659234786
406040.0,1877.3573026288566
406060.0,1876.931215449515
406080.0,1876.5038645652833
406100.0,1876.0750929349815
406120.0,1875.6450969112284
406140.0,1875.2145945995937
406160.0,1874.7849362992079
406180.0,1874.3580837287768
406200.0,1873.936379149626
406220.0,1873.5220416148543
406240.0,1873.1163744121561
406260.0,1872.7187503569808
406280.0,1872.3255567655385
406300.0,1871.9294140046288
406320.0,1871.5190991570228
406340.0,1871.0806624839029
406360.0,1870.6001610861126
406380.0,1870.068194299432
406400.0,1869.4859714914437
406420.0,1868.8719825226224
406440.0,1868.2675537594546
406460.0,1867.7388319012512
406480.0,1867.372318379876
406500.0,1867.261332746763
406520.0,1867.482088595994
406540.0,1868.0607117489885
406560.0,1868.9365853714164
406580.0,1869.9325574459895
406600.0,1870.7479693156572
406620.0,1870.9947878846724
406640.0,1870.2976807274208
406660.0,1868.4376074156874
406680.0,1865.329177785155
406700.0,1860.8033076828347
406720.0,1854.6866264448613
406740.0,1846.977010166771
406760.0,1837.865155688371
406780.0,1827.6741680649393
406800.0,1816.77586536739
406820.0,1805.515580049582
406840.0,1794.1599753645776
406860.0,1782.8708666287366
406880.0,1771.7018710509662
406900.0,1760.6127420511777
406920.0,1749.4968749290424
406940.0,1738.2190259533531
406960.0,1726.6613050114338
406980.0,1714.7749534271509
407000.0,1702.632874898556
407020.0,1690.4736524298248
407040.0,1678.722976570377
407060.0,1667.974959280565
407080.0,1658.9162954729422
407100.0,1652.1835173625636
407120.0,1648.160150888197
407140.0,1646.7476507582771
407160.0,1647.1805075243967
407180.0,1647.9977043947406
407200.0,1647.3232395035818
407220.0,1643.6042445109483
407240.0,1636.5509666982166
407260.0,1627.2989127424148
407280.0,1617.5727175708366
407300.0,1608.8909503623308
407320.0,1602.2008478402504
407340.0,1597.8281947555624
407360.0,1595.6040640341432
407380.0,1595.0596024224892
407400.0,1595.615446649116
407420.0,1596.7258174437097
407440.0,1597.9640033144046
407460.0,1599.0538453592158
407480.0,1599.861272242205
407500.0,1600.3626127435996
407520.0,1600.6045992682716
407540.0,1600.666868158556
407560.0,1600.6331097195216
407580.0,1600.5729691280935
407600.0,1600.5339152758293
407620.0,1600.5406874064308
407640.0,1600.599413138265
407660.0,1600.7037390961052
407680.0,1600.8409791105673
407700.0,1600.9970725887956
407720.0,1601.1598558398389
407740.0,1601.3206747847767
407760.0,1601.4746795279484
407780.0,1601.6202635622014
407800.0,1601.7580941974363
407820.0,1601.890084049998
407840.0,1602.0185267929537
407860.0,1602.1455003035524
407880.0,1602.2725476252247
407900.0,1602.4005880291913
407920.0,1602.5299845647019
407940.0,1602.6606931324882
407960.0,1602.7924318758658
407980.0,1602.924829912176
408000.0,1603.0575346332039
408020.0,1603.190273068271
408040.0,1603.3228735192947
408060.0,1603.4552589522282
408080.0,1603.5874245864181
408100.0,1603.7194102830292
408120.0,1603.8512751572425
408140.0,1603.9830784741641
408160.0,1604.114868061904
408180.0,1604.2466755263404
408200.0,1604.378516511576
408220.0,1604.5103939620624
408240.0,1604.642302566376
408260.0,1604.7742330514918
408280.0,1604.906175551299
408300.0,1605.0381217599938
408320.0,1605.1700659313017
408340.0,1605.3020049850952
408360.0,1605.433938053364
408380.0,1605.565865775187
408400.0,1605.6977895770892
408420.0,1605.8297110845463
408440.0,1605.9616317272807
408460.0,1606.0935525384452
408480.0,1606.2254741103416
408500.0,1606.357396653307
408520.0,1606.4893201057212
408540.0,1606.621244253422
408560.0,1606.7531688315753
408580.0,1606.8850935962068
408600.0,1607.0170183634384
408620.0,1607.148943021559
408640.0,1607.28086752423
408660.0,1607.4127918736779
408680.0,1607.5447161010725
408700.0,1607.6766402489975
408720.0,1607.8085643586126
408740.0,1607.9404884622984
408760.0,1608.0724125807974
408780.0,1608.204336723795
408800.0,1608.3362608924026
408820.0,1608.4681850822803
408840.0,1608.6001092867143
408860.0,1608.7320334987548
408880.0,1608.8639577126148
408900.0,1608.9958819244519
408920.0,1609.1278061323978
408940.0,1609.2597303361197
408960.0,1609.391654536198
408980.0,1609.5235787336921
409000.0,1609.6555029297822
409020.0,1609.787427125444
409040.0,1609.919351321411
409060.0,1610.051275518037
409080.0,1610.1831997153454
409100.0,1610.315123913244
409120.0,1610.447048111609
409140.0,1610.5789723102594
409160.0,1610.7108965090097
409180.0,1610.8428207076863
409200.0,1610.9747449061977
409220.0,1611.1066691045269
409240.0,1611.2385933026949
409260.0,1611.3705175007788
409280.0,1611.5024416988747
409300.0,1611.634365897024
409320.0,1611.7662900952212
409340.0,1611.898214293466
409360.0,1612.0301384917598
409380.0,1612.1620626900653
409400.0,1612.293986888339
409420.0,1612.4259110865487
409440.0,1612.5578352847438
409460.0,1612.6897594829793
409480.0,1612.8216836812123
409500.0,1612.9536078794158
409520.0,1613.0855320776081
409540.0,1613.2174562758169
409560.0,1613.3493804740745
409580.0,1613.4813046723596
409600.0,1613.6132288706356
409620.0,1613.7451530689073
409640.0,1613.8770772671865
409660.0,1614.009001465471
409680.0,1614.1409256637908
409700.0,1614.2728498621636
409720.0,1614.4047740605383
409740.0,1614.5366982588705
409760.0,1614.6686224571608
409780.0,1614.8005466554378
409800.0,1614.9324708537329
409820.0,1615.0643950520328
409840.0,1615.1963192503283
409860.0,1615.3282434485977
409880.0,1615.4601676468442
409900.0,1615.5920918450802
409920.0,1615.724016043319
409940.0,1615.855940241569
409960.0,1615.9878644398218
409980.0,1616.119788638075
410000.0,1616.2517128363168
410020.0,1616.3836370345443
410040.0,1616.5155612327549
410060.0,1616.6474854309206
410080.0,1616.7794096290722
410100.0,1616.9113338272514
410120.0,1617.0432580255015
410140.0,1617.1751822238282
410160.0,1617.3071064221372
410180.0,1617.4390306203968
410200.0,1617.5709548186248
410220.0,1617.702879016841
410240.0,1617.8348032150236
410260.0,1617.9667274131766
410280.0,1618.098651611346
410300.0,1618.2305758095276
410320.0,1618.3625000077402
410340.0,1618.4944242060178
410360.0,1618.6263484043357
410380.0,1618.7582726026692
410400.0,1618.8901968010214
410420.0,1619.0221209993722
410440.0,1619.1540451977096
410460.0,1619.2859693959913
410480.0,1619.4178935942539
410500.0,1619.5498177925058
410520.0,1619.6817419907545
410540.0,1619.8136661889994
410560.0,1619.9455903872417
410580.0,1620.0775145854918
410600.0,1620.2094387837283
410620.0,1620.341362981971
410640.0,1620.4732871802019
410660.0,1620.605211378381
410680.0,1620.7371355765422
410700.0,1620.8690597747368
410720.0,1621.000983972985
410740.0,1621.1329081712424
410760.0,1621.2648323695112
410780.0,1621.3967565677988
410800.0,1621.528680766095
410820.0,1621.660604964337
410840.0,1621.7925291625065
410860.0,1621.9244533606402
410880.0,1622.0563775587684
410900.0,1622.1883017568982
410920.0,1622.32022595505
410940.0,1622.4521501532831
410960.0,1622.5840743516353
410980.0,1622.7159985500728
411000.0,1622.84792274855
411020.0,1622.9798469470109
411040.0,1623.111771145405
411060.0,1623.2436953437493
411080.0,1623.375619542035
411100.0,1623.5075437402284
411120.0,1623.6394679383434
411140.0,1623.7713921364484
411160.0,1623.9033163345791
411180.0,1624.0352405327471
411200.0,1624.1671647309456
411220.0,1624.2990889291514
411240.0,1624.4310131273376
411260.0,1624.562937325545
411280.0,1624.6948615238111
411300.0,1624.8267857221085
411320.0,1624.9587099204118
411340.0,1625.090634118728
411360.0,1625.2225583170316
411380.0,1625.3544825153167
411400.0,1625.486406713611
411420.0,1625.6183309119226
411440.0,1625.7502551102275
411460.0,1625.8821793084967
411480.0,1626.0141035067159
411500.0,1626.1460277048668
411520.0,1626.2779519029873
411540.0,1626.4098761011294
411560.0,1626.5418002992726
411580.0,1626.6737244974095
411600.0,1626.805648695604
411620.0,1626.937572893887
411640.0,1627.069497092229
411660.0,1627.2014212906065
411680.0,1627.3333454889773
411700.0,1627.4652696873331
411720.0,1627.5971938856633
411740.0,1627.7291180839397
411760.0,1627.8610422821607
411780.0,1627.9929664803112
411800.0,1628.1248906784367
411820.0,1628.2568148765904
411840.0,1628.3887390747675
411860.0,1628.520663272987
411880.0,1628.6525874712452
411900.0,1628.7845116695541
411920.0,1628.9164358678831
411940.0,1629.0483600662064
411960.0,1629.1802842645116
411980.0,1629.312208462768
412000.0,1629.444132660982
412020.0,1629.576056859191
412040.0,1629.707981057416
412060.0,1629.839905255638
412080.0,1629.971829453854
412100.0,1630.1037536520505
412120.0,1630.2356778502703
412140.0,1630.3676020485125
412160.0,1630.4995262467303
412180.0,1630.6314504449467
412200.0,1630.7633746431868
412220.0,1630.8952988414528
412240.0,1631.0272230397018
412260.0,1631.1591472379564
412280.0,1631.2910714362338
412300.0,1631.4229956345084
412320.0,1631.5549198327913
412340.0,1631.686844031095
412360.0,1631.8187682294158
412380.0,1631.9506924277503
412400.0,1632.0826166260752
412420.0,1632.2145408243825
412440.0,1632.3464650226806
412460.0,1632.4783892209823
412480.0,1632.6103134193133
412500.0,1632.7422376176232
412520.0,1632.8741618158942
412540.0,1633.0060860141195
412560.0,1633.138010212301
412580.0,1633.2699344105029
412600.0,1633.4018586087468
412620.0,1633.5337828070346
412640.0,1633.6657070053523
412660.0,1633.797631203676
412680.0,1633.9295554019754
412700.0,1634.0614796002603
412720.0,1634.1934037985225
412740.0,1634.3253279967191
412760.0,1634.4572521948407
412780.0,1634.5891763929708
412800.0,1634.7211005911622
412820.0,1634.8530247894182
412840.0,1634.9849489877076
412860.0,1635.1168731860207
412880.0,1635.2487973843558
412900.0,1635.3807215826798
412920.0,1635.5126457809697
412940.0,1635.6445699792503
412960.0,1635.776494177532
412980.0,1635.908418375779
413000.0,1636.0403425739482
413020.0,1636.1722667720528
413040.0,1636.3041909701635
413060.0,1636.4361151683486
413080.0,1636.568039366617
413100.0,1636.699963564945
413120.0,1636.8318877632996
413140.0,1636.9638119616643
413160.0,1637.0957361600106
413180.0,1637.2276603583834
413200.0,1637.3595845567716
413220.0,1637.49150875514
413240.0,1637.6234329534614
413260.0,1637.75535715172
413280.0,1637.8872813498938
413300.0,1638.0192055479984
413320.0,1638.1511297460227
413340.0,1638.2830539439894
413360.0,1638.4149781419164
413380.0,1638.5469023398794
413400.0,1638.6788265379353
413420.0,1638.810750736126
413440.0,1638.9426749344602
413460.0,1639.0745991328852
413480.0,1639.2065233313792
413500.0,1639.3384475299233
413520.0,1639.4703717284913
413540.0,1639.6022959269606
413560.0,1639.7342201252882
413580.0,1639.8661443235137
413600.0,1639.9980685216851
413620.0,1640.129992719864
413640.0,1640.2619169180307
413660.0,1640.3938411161457
413680.0,1640.525765314213
413700.0,1640.6576895122562
413720.0,1640.789613710333
413740.0,1640.9215379084806
413760.0,1641.0534621067309
413780.0,1641.1853863050928
413800.0,1641.3173105035366
413820.0,1641.4492347019925
413840.0,1641.5811589003886
413860.0,1641.7130830987182
413880.0,1641.8450072969943
413900.0,1641.9769314952416
413920.0,1642.1088556934833
413940.0,1642.2407798917116
413960.0,1642.3727040899219
413980.0,1642.5046282881042
414000.0,1642.6365524862697
414020.0,1642.7684766844081
414040.0,1642.9004008825657
414060.0,1643.0323250808262
414080.0,1643.1642492791739
414100.0,1643.2961734775677
414120.0,1643.4280976759721
414140.0,1643.560021874341
414160.0,1643.6919460726463
414180.0,1643.8238702708863
414200.0,1643.9557944690703
414220.0,1644.0877186672328
414240.0,1644.2196428653945
414260.0,1644.351567063592
414280.0,1644.483491261797
414300.0,1644.6154154599928
414320.0,1644.7473396582159
414340.0,1644.8792638564792
414360.0,1645.0111880547606
414380.0,1645.143112253026
414400.0,1645.275036451263
414420.0,1645.4069606495511
414440.0,1645.538884847928
414460.0,1645.6708090463624
414480.0,1645.8027332447716
414500.0,1645.9346574430933
414520.0,1646.0665816413625
414540.0,1646.198505839629
414560.0,1646.3304300378961
414580.0,1646.4623542361246
414600.0,1646.594278434303
414620.0,1646.7262026324545
414640.0,1646.858126830573
414660.0,1646.9900510287018
414680.0,1647.1219752268564
414700.0,1647.253899425002
414720.0,1647.3858236231536
414740.0,1647.5177478213518
414760.0,1647.6496720196205
414780.0,1647.781596217946
414800.0,1647.9135204162899
414820.0,1648.0454446146214
414840.0,1648.177368812947
414860.0,1648.3092930112646
414880.0,1648.4412172095374
414900.0,1648.5731414077745
414920.0,1648.7050656060085
414940.0,1648.8369898042183
414960.0,1648.968914002417
414980.0,1649.100838200587
415000.0,1649.2327623986985
415020.0,1649.3646865967992
415040.0,1649.4966107949217
415060.0,1649.628534993081
415080.0,1649.7604591913162
415100.0,1649.892383389629
415120.0,1650.0243075879637
415140.0,1650.1562317863154
415160.0,1650.2881559847115
415180.0,1650.4200801831162
415200.0,1650.552004381454
415220.0,1650.6839285797516
415240.0,1650.8158527780015
415260.0,1650.9477769762166
415280.0,1651.0797011744228
415300.0,1651.2116253726301
415320.0,1651.3435495708388
415340.0,1651.4754737690578
415360.0,1651.6073979672951
415380.0,1651.739322165568
415400.0,1651.8712463638378
415420.0,1652.003170562078
415440.0,1652.1350947602834
415460.0,1652.2670189584908
415480.0,1652.398943156729
415500.0,1652.530867355017
415520.0,1652.6627915533566
415540.0,1652.7947157516792
415560.0,1652.9266399499716
415580.0,1653.0585641482412
415600.0,1653.190488346482
415620.0,1653.3224125446886
415640.0,1653.4543367428766
415660.0,1653.5862609410494
415680.0,1653.718185139241
415700.0,1653.850109337455
415720.0,1653.9820335356756
415740.0,1654.1139577339186
415760.0,1654.2458819321932
415780.0,1654.3778061305165
415800.0,1654.5097303288476
415820.0,1654.6416545271125
415840.0,1654.7735787253157
415860.0,1654.905502923501
415880.0,1655.0374271216922
415900.0,1655.16935131988
415920.0,1655.3012755180728
415940.0,1655.4331997163135
415960.0,1655.5651239145723
415980.0,1655.6970481127948
416000.0,1655.8289723110254
416020.0,1655.9608965092946
416040.0,1656.0928207075685
416060.0,1656.2247449058414
416080.0,1656.356669104153
416100.0,1656.488593302512
416120.0,1656.6205175008956
416140.0,1656.7524416992433
416160.0,1656.884365897494
416180.0,1657.0162900956602
416200.0,1657.148214293782
416220.0,1657.2801384918944
416240.0,1657.4120626900542
416260.0,1657.5439868882938
416280.0,1657.6759110865958
416300.0,1657.8078352849104
416320.0,1657.9397594832258
416340.0,1658.0716836815172
416360.0,1658.203607879775
416380.0,1658.3355320779779
416400.0,1658.4674562761425
416420.0,1658.5993804742914
416440.0,1658.731304672448
416460.0,1658.8632288706165
416480.0,1658.9951530687747
416500.0,1659.1270772669322
416520.0,1659.259001465141
416540.0,1659.3909256634693
416560.0,1659.5228498619151
416580.0,1659.654774060408
416600.0,1659.7866982588755
416620.0,1659.9186224572506
416640.0,1660.050546655542
416660.0,1660.182470853765
416680.0,1660.3143950519539
416700.0,1660.4463192501596
416720.0,1660.5782434484113
416740.0,1660.710167646682
416760.0,1660.8420918449672
416780.0,1660.9740160432113
416800.0,1661.1059402414182
416820.0,1661.2378644396583
416840.0,1661.3697886379528
416860.0,1661.5017128362513
416880.0,1661.6336370345362
416900.0,1661.7655612328097
416920.0,1661.8974854310454
416940.0,1662.0294096292878
416960.0,1662.1613338275279
416980.0,1662.2932580257398
417000.0,1662.4251822239046
417020.0,1662.557106422093
417040.0,1662.689030620316
417060.0,1662.8209548185805
417080.0,1662.9528790168642
417100.0,1663.0848032151548
417120.0,1663.2167274134142
417140.0,1663.3486516116277
417160.0,1663.480575809816
417180.0,1663.6125000079805
417200.0,1663.7444242061156
417220.0,1663.876348404295
417240.0,1664.0082726025419
417260.0,1664.14019680076
417280.0,1664.27212099894
417300.0,1664.404045197148
417320.0,1664.53596939545
417340.0,1664.6678935938648
417360.0,1664.7998177922825
417380.0,1664.9317419906802
417400.0,1665.0636661890665
417420.0,1665.1955903874282
417440.0,1665.3275145857483
417460.0,1665.4594387840273
417480.0,1665.5913629822803
417500.0,1665.7232871805445
417520.0,1665.8552113787962
417540.0,1665.9871355770053
417560.0,1666.1190597751443
417580.0,1666.2509839732434
417600.0,1666.382908171344
417620.0,1666.5148323695134
417640.0,1666.6467565677915
417660.0,1666.778680766181
417680.0,1666.9106049646266
417700.0,1667.0425291630413
417720.0,1667.1744533613667
417740.0,1667.3063775596124
417760.0,1667.438301757873
417780.0,1667.5702259561608
417800.0,1667.7021501544466
417820.0,1667.8340743527376
417840.0,1667.9659985509934
417860.0,1668.0979227492262
417880.0,1668.229846947411
417900.0,1668.3617711455458
417920.0,1668.493695343675
417940.0,1668.625619541845
417960.0,1668.757543740069
417980.0,1668.8894679383498
418000.0,1669.0213921366399
418020.0,1669.153316334942
418040.0,1669.2852405332615
418060.0,1669.4171647316202
418080.0,1669.5490889300158
418100.0,1669.6810131284085
418120.0,1669.8129373267207
418140.0,1669.9448615249487
418160.0,1670.0767857231488
418180.0,1670.2087099213393
418200.0,1670.3406341195164
418220.0,1670.4725583177158
418240.0,1670.6044825159486
418260.0,1670.736406714165
418280.0,1670.8683309123578
418300.0,1671.0002551105579
418320.0,1671.1321793088177
418340.0,1671.264103507078
418360.0,1671.3960277052897
418380.0,1671.5279519034914
418400.0,1671.659876101746
418420.0,1671.7918003000905
418440.0,1671.9237244984677
418460.0,1672.0556486967937
418480.0,1672.1875728950122
418500.0,1672.3194970931622
418520.0,1672.451421291285
418540.0,1672.5833454894077
418560.0,1672.7152696875914
418580.0,1672.847193885822
418600.0,1672.9791180840627
418620.0,1673.1110422823408
418640.0,1673.24296648067
418660.0,1673.374890679006
418680.0,1673.506814877305
418700.0,1673.6387390755917
418720.0,1673.7706632738507
418740.0,1673.9025874720332
418760.0,1674.0345116701465
418780.0,1674.1664358682422
418800.0,1674.2983600663842
418820.0,1674.4302842645982
418840.0,1674.5622084628878
418860.0,1674.6941326612218
418880.0,1674.8260568595804
418900.0,1674.9579810579355
418920.0,1675.0899052562713
418940.0,1675.2218294545905
418960.0,1675.3537536528597
418980.0,1675.4856778510816
419000.0,1675.6176020492817
419020.0,1675.7495262474597
419040.0,1675.8814504455913
419060.0,1676.0133746437004
419080.0,1676.1452988418164
419100.0,1676.2772230399992
419120.0,1676.4091472382697
419140.0,1676.541071436591
419160.0,1676.6729956349168
419180.0,1676.8049198332496
419200.0,1676.936844031592
419220.0,1677.0687682299554
419240.0,1677.2006924283196
419260.0,1677.3326166266245
419280.0,1677.4645408248678
419300.0,1677.596465023035
419320.0,1677.7283892211367
419340.0,1677.8603134192467
419360.0,1677.9922376173993
419380.0,1678.1241618156014
419400.0,1678.2560860138487
419420.0,1678.3880102121243
419440.0,1678.519934410408
419460.0,1678.651858608675
419480.0,1678.7837828069155
419500.0,1678.915707005157
419520.0,1679.0476312034211
419540.0,1679.179555401744
419560.0,1679.3114796001269
419580.0,1679.4434037985168
419600.0,1679.5753279968783
419620.0,1679.7072521951632
419640.0,1679.8391763933585
419660.0,1679.971100591521
419680.0,1680.1030247896547
419700.0,1680.2349489877288
419720.0,1680.3668731858045
419740.0,1680.4987973839725
419760.0,1680.630721582233
419780.0,1680.762645780544
419800.0,1680.8945699788624
419820.0,1681.0264941771268
419840.0,1681.15841837535
419860.0,1681.2903425735797
419880.0,1681.4222667718864
419900.0,1681.554190970261
419920.0,1681.6861151686248
419940.0,1681.8180393669427
419960.0,1681.9499635652223
419980.0,1682.0818877634545
420000.0,1682.2138119616175
420020.0,1682.3457361597611
420040.0,1682.4776603579007
420060.0,1682.6095845560583
420080.0,1682.7415087542213
420100.0,1682.8734329523977
420120.0,1683.0053571506014
420140.0,1683.1372813488222
420160.0,1683.269205547064
420180.0,1683.4011297453267
420200.0,1683.5330539436168
420220.0,1683.664978141925
420240.0,1683.7969023402554
420260.0,1683.9288265385592
420280.0,1684.060750736827
420300.0,1684.192674935058
420320.0,1684.3245991332576
420340.0,1684.4565233314347
420360.0,1684.5884475296086
420380.0,1684.720371727805
420400.0,1684.8522959260292
420420.0,1684.9842201243252
420440.0,1685.1161443226465
420460.0,1685.248068520957
420480.0,1685.3799927192438
420500.0,1685.511916917505
420520.0,1685.6438411157615
420540.0,1685.7757653140222
420560.0,1685.9076895122548
420580.0,1686.0396137104829
420600.0,1686.1715379087145
420620.0,1686.303462106986
420640.0,1686.4353863053075
420660.0,1686.567310503656
420680.0,1686.6992347019873
420700.0,1686.831158900262
420720.0,1686.9630830984709
420740.0,1687.09500729664
420760.0,1687.2269314948383
420780.0,1687.358855693135
420800.0,1687.4907798915021
420820.0,1687.6227040898568
420840.0,1687.7546282881826
420860.0,1687.8865524864664
420880.0,1688.0184766847246
420900.0,1688.1504008829784
420920.0,1688.2823250812507
420940.0,1688.4142492795522
420960.0,1688.5461734778778
420980.0,1688.6780976761947
421000.0,1688.8100218744617
421020.0,1688.94194607267
421040.0,1689.0738702708368
421060.0,1689.205794468978
421080.0,1689.3377186671191
421100.0,1689.469642865306
421120.0,1689.6015670635788
421140.0,1689.7334912619203
421160.0,1689.8654154602384
421180.0,1689.9973396585021
421200.0,1690.12926385672
421220.0,1690.261188054915
421240.0,1690.3931122531562
421260.0,1690.5250364514748
421280.0,1690.6569606498683
421300.0,1690.7888848483085
421320.0,1690.920809046792
421340.0,1691.052733245245
421360.0,1691.184657443596
421380.0,1691.3165816418064
421400.0,1691.4485058398616
421420.0,1691.58043003784
421440.0,1691.71235423579
421460.0,1691.844278433738
421480.0,1691.9762026317865
421500.0,1692.1081268300054
421520.0,1692.2400510283703
421540.0,1692.3719752268116
421560.0,1692.5038994252754
421580.0,1692.6358236237222
421600.0,1692.7677478221256
421620.0,1692.8996720204973
421640.0,1693.0315962188422
421660.0,1693.1635204171366
421680.0,1693.2954446153992
421700.0,1693.4273688136818
421720.0,1693.5592930119606
421740.0,1693.6912172102427
421760.0,1693.8231414085562
421780.0,1693.9550656068557
421800.0,1694.0869898051176
421820.0,1694.21891400334
421840.0,1694.3508382015098
421860.0,1694.4827623996566
421880.0,1694.6146865978092
421900.0,1694.74661079601
421920.0,1694.8785349942943
421940.0,1695.010459192601
421960.0,1695.1423833908925
421980.0,1695.274307589168
422000.0,1695.4062317873784
422020.0,1695.5381559855207
422040.0,1695.670080183624
422060.0,1695.8020043816978
422080.0,1695.9339285797528
422100.0,1696.0658527778094
422120.0,1696.1977769759044
422140.0,1696.3297011740572
422160.0,1696.4616253722681
422180.0,1696.5935495705694
422200.0,1696.7254737689714
422220.0,1696.8573979674504
422240.0,1696.9893221659372
422260.0,1697.1212463643756
422280.0,1697.2531705627487
422300.0,1697.3850947610918
422320.0,1697.5170189593919
422340.0,1697.6489431576217
422360.0,1697.7808673558131
422380.0,1697.9127915539725
422400.0,1698.0447157520862
422420.0,1698.176639950226
422440.0,1698.3085641484352
422460.0,1698.440488346697
422480.0,1698.572412544984
422500.0,1698.7043367432743
422520.0,1698.8362609415774
422540.0,1698.9681851398777
422560.0,1699.1001093381515
422580.0,1699.2320335364172
422600.0,1699.3639577346498
422620.0,1699.4958819328372
422640.0,1699.6278061310113
422660.0,1699.7597303292064
422680.0,1699.8916545273955
422700.0,1700.0235787255667
422720.0,1700.1555029237425
422740.0,1700.2874271219448
422760.0,1700.4193513201972
422780.0,1700.5512755184754
422800.0,1700.683199716729
422820.0,1700.815123915008
422840.0,1700.9470481132976
422860.0,1701.0789723115606
422880.0,1701.210896509808
422900.0,1701.3428207080644
422920.0,1701.4747449063057
422940.0,1701.6066691045394
422960.0,1701.7385933027574
422980.0,1701.8705175009811
423000.0,1702.0024416992237
423020.0,1702.1343658974645
423040.0,1702.2662900956977
423060.0,1702.398214293932
423080.0,1702.5301384921834
423100.0,1702.66206269048
423120.0,1702.793986888808
423140.0,1702.9259110871255
423160.0,1703.0578352854282
423180.0,1703.1897594836616
423200.0,1703.3216836818453
423220.0,1703.4536078800418
423240.0,1703.5855320782716
423260.0,1703.7174562765715
423280.0,1703.8493804749346
423300.0,1703.9813046733009
423320.0,1704.113228871614
423340.0,1704.245153069832
423360.0,1704.3770772679825
423380.0,1704.5090014661141
423400.0,1704.640925664259
423420.0,1704.7728498624233
423440.0,1704.904774060614
423460.0,1705.0366982588562
423480.0,1705.1686224571513
423500.0,1705.3005466554757
423520.0,1705.4324708537952
423540.0,1705.5643950520964
423560.0,1705.6963192503922
423580.0,1705.8282434486707
423600.0,1705.960167646935
423620.0,1706.0920918451436
423640.0,1706.2240160433
423660.0,1706.355940241488
423680.0,1706.48786443973
423700.0,1706.6197886379966
423720.0,1706.7517128362572
423740.0,1706.883637034532
423760.0,1707.015561232809
423780.0,1707.1474854310313
423800.0,1707.2794096292237
423820.0,1707.4113338274371
423840.0,1707.5432580257013
423860.0,1707.6751822240021
423880.0,1707.8071064223277
423900.0,1707.9390306206176
423920.0,1708.070954818831
423940.0,1708.2028790169868
423960.0,1708.3348032151462
423980.0,1708.4667274133349
424000.0,1708.598651611575
424020.0,1708.7305758098562
424040.0,1708.862500008138
424060.0,1708.9944242064023
424080.0,1709.1263484046565
424100.0,1709.258272602891
424120.0,1709.3901968011014
424140.0,1709.5221209993215
424160.0,1709.6540451975695
424180.0,1709.7859693958533
424200.0,1709.917893594164
424220.0,1710.0498177925085
424240.0,1710.1817419908607
424260.0,1710.3136661892167
424280.0,1710.4455903875878
424300.0,1710.577514585943
424320.0,1710.709438784265
424340.0,1710.841362982518
424360.0,1710.97328718071
424380.0,1711.1052113788435
424400.0,1711.2371355769174
424420.0,1711.3690597749846
424440.0,1711.5009839730938
424460.0,1711.632908171278
424480.0,1711.7648323695364
424500.0,1711.8967565678256
424520.0,1712.028680766117
424540.0,1712.1606049644283
424560.0,1712.2925291627369
424580.0,1712.4244533610326
424600.0,1712.5563775593223
424620.0,1712.6883017576179
424640.0,1712.820225955928
424660.0,1712.952150154215
424680.0,1713.0840743524325
424700.0,1713.2159985505841
424720.0,1713.3479227487198
424740.0,1713.4798469468726
424760.0,1713.6117711450254
424780.0,1713.743695343197
424800.0,1713.8756195414433
424820.0,1714.007543739756
424840.0,1714.1394679380508
424860.0,1714.2713921363004
424880.0,1714.4033163345332
424900.0,1714.5352405327653
424920.0,1714.667164731031
424940.0,1714.7990889293353
424960.0,1714.9310131276306
424980.0,1715.0629373259176
425000.0,1715.194861524203
425020.0,1715.326785722494
425040.0,1715.4587099208402
425060.0,1715.5906341192144
425080.0,1715.7225583175925
425100.0,1715.8544825159515
425120.0,1715.9864067142666
425140.0,1716.1183309125022
425160.0,1716.2502551106495
425180.0,1716.3821793087584
425200.0,1716.5141035069034
425220.0,1716.6460277051337
425240.0,1716.7779519034425
425260.0,1716.909876101831
425280.0,1717.041800300271
425300.0,1717.173724498714
425320.0,1717.3056486971068
425340.0,1717.4375728954437
425360.0,1717.569497093742
425380.0,1717.7014212920076
425400.0,1717.8333454903027
425420.0,1717.9652696885528
425440.0,1718.0971938867199
425460.0,1718.229118084852
425480.0,1718.3610422830109
425500.0,1718.4929664812153
425520.0,1718.6248906794347
425540.0,1718.7568148776882
425560.0,1718.8887390759962
425580.0,1719.0206632743168
425600.0,1719.1525874726235
425620.0,1719.2845116709145
425640.0,1719.4164358692015
425660.0,1719.5483600674484
425680.0,1719.6802842656482
425700.0,1719.8122084638387
425720.0,1719.9441326620101
425740.0,1720.0760568601934
425760.0,1720.2079810584182
425780.0,1720.3399052566724
425800.0,1720.4718294549523
425820.0,1720.6037536532608
425840.0,1720.735677851564
425860.0,1720.867602049818
425880.0,1720.999526248073
425900.0,1721.1314504463967
425920.0,1721.2633746447573
425940.0,1721.3952988431124
425960.0,1721.5272230414193
425980.0,1721.65914723966
426000.0,1721.7910714378445
426020.0,1721.922995635979
426040.0,1722.0549198340748
426060.0,1722.1868440321712
426080.0,1722.3187682303094
426100.0,1722.4506924285056
426120.0,1722.5826166267882
426140.0,1722.7145408251145
426160.0,1722.8464650234368
426180.0,1722.97838922173
426200.0,1723.1103134199905
426220.0,1723.2422376182362
426240.0,1723.3741618164834
426260.0,1723.5060860147344
426280.0,1723.638010212949
426300.0,1723.7699344111254
426320.0,1723.9018586093202
426340.0,1724.0337828075485
426360.0,1724.165707005813
426380.0,1724.29763120411
426400.0,1724.4295554024266
426420.0,1724.5614796007376
426440.0,1724.6934037990147
426460.0,1724.8253279972414
426480.0,1724.9572521954185
426500.0,1725.0891763935736
426520.0,1725.221100591751
426540.0,1725.3530247899184
426560.0,1725.484948988109
426580.0,1725.6168731863595
426600.0,1725.7487973846455
426620.0,1725.8807215829743
426640.0,1726.0126457813137
426660.0,1726.144569979638
426680.0,1726.2764941779194
426700.0,1726.408418376172
426720.0,1726.5403425743975
426740.0,1726.6722667726149
426760.0,1726.8041909708306
426780.0,1726.936115169053
426800.0,1727.0680393672628
426820.0,1727.1999635654465
426840.0,1727.3318877636473
426860.0,1727.4638119618455
426880.0,1727.5957361600547
426900.0,1727.7276603582977
426920.0,1727.8595845565883
426940.0,1727.991508754872
426960.0,1728.123432953093
426980.0,1728.2553571512842
427000.0,1728.3872813495095
427020.0,1728.5192055477596
427040.0,1728.6511297460315
427060.0,1728.7830539443535
427080.0,1728.9149781426986
427100.0,1729.0469023410035
427120.0,1729.1788265392574
427140.0,1729.3107507374873
427160.0,1729.4426749357474
427180.0,1729.5745991340214
427200.0,1729.706523332284
427220.0,1729.8384475305259
427240.0,1729.9703717287744
427260.0,1730.102295927039
427280.0,1730.2342201252711
427300.0,1730.3661443234682
427320.0,1730.4980685216972
427340.0,1730.6299927199957
427360.0,1730.761916918324
427380.0,1730.8938411166685
427400.0,1731.0257653149936
427420.0,1731.1576895132446
427440.0,1731.2896137114658
427460.0,1731.4215379096725
427480.0,1731.5534621078746
427500.0,1731.685386306046
427520.0,1731.8173105041692
427540.0,1731.9492347022765
427560.0,1732.0811589003904
427580.0,1732.213083098542
427600.0,1732.3450072967432
427620.0,1732.4769314949929
427640.0,1732.6088556932518
427660.0,1732.7407798915156
427680.0,1732.8727040897932
427700.0,1733.0046282880915
427720.0,1733.1365524863947
427740.0,1733.2684766847055
427760.0,1733.400400883024
427780.0,1733.5323250813483
427800.0,1733.6642492796514
427820.0,1733.7961734779092
427840.0,1733.9280976761147
427860.0,1734.0600218743361
427880.0,1734.191946072588
427900.0,1734.3238702708265
427920.0,1734.4557944690453
427940.0,1734.5877186672926
427960.0,1734.719642865568
427980.0,1734.8515670638585
428000.0,1734.9834912621595
428020.0,1735.1154154604749
428040.0,1735.247339658766
428060.0,1735.3792638570656
428080.0,1735.5111880553254
428100.0,1735.6431122535068
428120.0,1735.7750364516814
428140.0,1735.9069606498645
428160.0,1736.0388848480525
428180.0,1736.1708090462587
428200.0,1736.302733244473
428220.0,1736.4346574426702
428240.0,1736.5665816408741
428260.0,1736.6985058390794
428280.0,1736.8304300372802
428300.0,1736.9623542355191
428320.0,1737.094278433816
428340.0,1737.226202632138
428360.0,1737.3581268304442
428380.0,1737.4900510287578
428400.0,1737.621975227118
428420.0,1737.7538994254676
428440.0,1737.885823623775
428460.0,1738.017747822032
428480.0,1738.1496720202595
428500.0,1738.2815962184613
428520.0,1738.4135204166464
428540.0,1738.5454446148426
428560.0,1738.6773688130895
428580.0,1738.8092930113949
428600.0,1738.941217209716
428620.0,1739.0731414080196
428640.0,1739.2050656063038
428660.0,1739.3369898045712
428680.0,1739.4689140028136
428700.0,1739.600838201011
428720.0,1739.7327623991634
428740.0,1739.8646865973212
428760.0,1739.996610795494
428780.0,1740.1285349937025
428800.0,1740.2604591919735
428820.0,1740.3923833902759
428840.0,1740.5243075885978
428860.0,1740.6562317869198
428880.0,1740.7881559852171
428900.0,1740.9200801834863
428920.0,1741.0520043817323
428940.0,1741.1839285799692
428960.0,1741.3158527782034
428980.0,1741.4477769764285
429000.0,1741.5797011746454
429020.0,1741.7116253728716
429040.0,1741.8435495711078
429060.0,1741.975473769327
429080.0,1742.1073979675373
429100.0,1742.2393221657214
429120.0,1742.371246363924
429140.0,1742.5031705622132
429160.0,1742.6350947605988
429180.0,1742.7670189590615
429200.0,1742.8989431575053
429220.0,1743.0308673559127
429240.0,1743.1627915542863
429260.0,1743.2947157526173
429280.0,1743.4266399508972
429300.0,1743.5585641491757
429320.0,1743.6904883474956
429340.0,1743.822412545811
429360.0,1743.954336744096
429380.0,1744.0862609423632
429400.0,1744.2181851406126
429420.0,1744.3501093388193
429440.0,1744.482033536995
429460.0,1744.6139577351755
429480.0,1744.7458819333144
429500.0,1744.8778061313947
429520.0,1745.0097303294685
429540.0,1745.141654527574
429560.0,1745.2735787256854
429580.0,1745.4055029238002
429600.0,1745.5374271219957
429620.0,1745.6693513202754
429640.0,1745.8012755186326
429660.0,1745.9331997170343
429680.0,1746.0651239154613
429700.0,1746.1970481139142
429720.0,1746.3289723123671
429740.0,1746.4608965107625
429760.0,1746.5928207090606
429780.0,1746.724744907234
429800.0,1746.8566691053115
429820.0,1746.9885933033652
429840.0,1747.1205175014354
429860.0,1747.2524416995625
429880.0,1747.3843658977864
429900.0,1747.516290096096
429920.0,1747.6482142944446
429940.0,1747.7801384928396
429960.0,1747.9120626912604
429980.0,1748.0439868896624
430000.0,1748.175911088051
430020.0,1748.307835286408
430040.0,1748.439759484696
430060.0,1748.5716836829083
430080.0,1748.703607881093
430100.0,1748.835532079263
430120.0,1748.9674562774067
430140.0,1749.0993804755587
430160.0,1749.2313046737374
430180.0,1749.3632288719502
430200.0,1749.4951530701742
430220.0,1749.6270772684402
430240.0,1749.759001466736
430260.0,1749.8909256650647
430280.0,1750.0228498634356
430300.0,1750.1547740617857
430320.0,1750.2866982600422
430340.0,1750.418622458219
430360.0,1750.5505466563761
430380.0,1750.6824708545269
430400.0,1750.8143950526676
430420.0,1750.946319250793
430440.0,1751.0782434489186
430460.0,1751.2101676470938
430480.0,1751.3420918453544
430500.0,1751.4740160436882
430520.0,1751.605940242072
430540.0,1751.7378644404355
430560.0,1751.8697886387552
430580.0,1752.00171283704
430600.0,1752.1336370352954
430620.0,1752.2655612335177
430640.0,1752.397485431708
430660.0,1752.5294096298676
430680.0,1752.6613338280295
430700.0,1752.7932580262416
430720.0,1752.9251822244812
430740.0,1753.057106422721
430760.0,1753.1890306209618
430780.0,1753.3209548192076
430800.0,1753.452879017506
430820.0,1753.5848032158906
430840.0,1753.7167274143017
430860.0,1753.8486516126545
430880.0,1753.980575810941
430900.0,1754.1125000092015
430920.0,1754.2444242074248
430940.0,1754.376348405614
430960.0,1754.5082726037836
430980.0,1754.640196801961
431000.0,1754.7721210001914
431020.0,1754.9040451984572
431040.0,1755.0359693967282
431060.0,1755.1678935950033
431080.0,1755.2998177932375
431100.0,1755.431741991469
431120.0,1755.5636661896995
431140.0,1755.6955903879177
431160.0,1755.8275145861558
431180.0,1755.9594387844063
431200.0,1756.0913629826755
431220.0,1756.223287180946
431240.0,1756.3552113792007
431260.0,1756.487135577417
431280.0,1756.6190597756108
431300.0,1756.7509839738348
431320.0,1756.8829081721422
431340.0,1757.0148323704575
431360.0,1757.146756568712
431380.0,1757.2786807669358
431400.0,1757.4106049651662
431420.0,1757.5425291634485
431440.0,1757.6744533617232
431460.0,1757.806377559959
431480.0,1757.9383017581727
431500.0,1758.0702259563946
431520.0,1758.2021501546412
431540.0,1758.3340743528956
431560.0,1758.4659985511298
431580.0,1758.597922749322
431600.0,1758.7298469474626
431620.0,1758.8617711455704
431640.0,1758.9936953437032
431660.0,1759.1256195418846
431680.0,1759.2575437400824
431700.0,1759.3894679382986
431720.0,1759.5213921365298
431740.0,1759.6533163347933
431760.0,1759.7852405330964
431780.0,1759.9171647314142
431800.0,1760.0490889297187
431820.0,1760.181013128038
431840.0,1760.3129373263844
431860.0,1760.4448615247159
431880.0,1760.576785723036
431900.0,1760.7087099213288
431920.0,1760.8406341195919
431940.0,1760.9725583178654
431960.0,1761.1044825161414
431980.0,1761.236406714411
432000.0,1761.368330912662
432020.0,1761.5002551108744
432040.0,1761.632179309052
432060.0,1761.7641035072406
432080.0,1761.896027705446
432100.0,1762.0279519036617
432120.0,1762.1598761018936
432140.0,1762.2918003001273
432160.0,1762.4237244983956
432180.0,1762.5556486967312
432200.0,1762.6875728950836
432220.0,1762.8194970934214
432240.0,1762.9514212916904
432260.0,1763.083345489882
432280.0,1763.2152696880662
432300.0,1763.34719388627
432320.0,1763.479118084484
432340.0,1763.6110422827155
432360.0,1763.7429664809376
432380.0,1763.8748906791413
432400.0,1764.0068148773885
432420.0,1764.13873907569
432440.0,1764.270663274006
432460.0,1764.4025874723216
432480.0,1764.5345116705932
432500.0,1764.6664358688122
432520.0,1764.7983600669872
432540.0,1764.930284265165
432560.0,1765.0622084633603
432580.0,1765.1941326615593
432600.0,1765.3260568598066
432620.0,1765.4579810580817
432640.0,1765.5899052563302
432660.0,1765.721829454523
432680.0,1765.853753652674
432700.0,1765.9856778507851
432720.0,1766.1176020488688
432740.0,1766.2495262469579
432760.0,1766.3814504451886
432780.0,1766.5133746435913
432800.0,1766.6452988421217
432820.0,1766.7772230407784
432840.0,1766.9091472395892
432860.0,1767.0410714385641
432880.0,1767.1729956375743
432900.0,1767.3049198364347
432920.0,1767.4368440348867
432940.0,1767.5687682326486
432960.0,1767.7006924293728
432980.0,1767.8326166247564
433000.0,1767.9645408187403
433020.0,1768.0964650117432
433040.0,1768.2283892048774
433060.0,1768.3603133998517
433080.0,1768.492237598908
433100.0,1768.6241618045183
433120.0,1768.7560860185763
433140.0,1768.8880102414846
433160.0,1769.0199344711032
433180.0,1769.1518587017858
433200.0,1769.283782923816
433220.0,1769.4157071238435
433240.0,1769.5476312868564
433260.0,1769.6795554000098
433280.0,1769.8114794581386
433300.0,1769.9434034703856
433320.0,1770.0753274665726
433340.0,1770.2072515011787
433360.0,1770.339175651818
433380.0,1770.4711000095563
433400.0,1770.6030246583523
433420.0,1770.7349496434424
433440.0,1770.8668749314788
433460.0,1770.9988003699477
433480.0,1771.130725658358
433500.0,1771.262650348263
433520.0,1771.3945738908787
433540.0,1771.5264957480206
433560.0,1771.6584155719659
433580.0,1771.7903334415817
433600.0,1771.922250115483
433620.0,1772.054167232022
433640.0,1772.1860873569658
433660.0,1772.3180137641798
433680.0,1772.449949845314
433700.0,1772.581898096349
433720.0,1772.713858730304
433740.0,1772.8458281180442
433760.0,1772.9777974463989
433780.0,1773.1097521669417
433800.0,1773.2416729287202
433820.0,1773.3735386640324
433840.0,1773.50533224093
433860.0,1773.6370485410837
433880.0,1773.768703949471
433900.0,1773.9003451267738
433920.0,1774.0320537756495
433940.0,1774.163943252787
433960.0,1774.2961427921703
433980.0,1774.4287663227271
434000.0,1774.5618658473322
434020.0,1774.69537429213
434040.0,1774.829049325938
434060.0,1774.9624368465054
434080.0,1775.0948787155278
434100.0,1775.2255911494412
434120.0,1775.3538346994562
434140.0,1775.479180978277
434160.0,1775.601853558525
434180.0,1775.7230818871692
434200.0,1775.8453629567389
434220.0,1775.9724864231157
434240.0,1776.1091607203584
434260.0,1776.260099988732
434280.0,1776.428513539903
434300.0,1776.6140937625355
434320.0,1776.8108224769537
434340.0,1777.0051834439207
434360.0,1777.175622514377
434380.0,1777.2942462597716
434400.0,1777.3316789136686
434420.0,1777.2655854824188
434440.0,1777.0925265123951
434460.0,1776.8415282680494
434480.0,1776.5861582156085
434500.0,1776.4503017103839
434520.0,1776.6017595761227
434540.0,1777.227921075022
434560.0,1778.4898750872442
434580.0,1780.4560398721042
434600.0,1783.0239468221923
434620.0,1785.848698172756
434640.0,1788.3072887576823
434660.0,1789.536706881699
434680.0,1788.5867393986907
434700.0,1784.7175471016271
434720.0,1777.7507891002424
434740.0,1768.1105046087046
434760.0,1756.5483601277986
434780.0,1743.9321021959718
434800.0,1731.1817164307145
434820.0,1719.2294046840095
434840.0,1708.944439922319
434860.0,1701.014018709929
434880.0,1695.8052787761148
434900.0,1693.2709340389786
434920.0,1692.9042379787886
434940.0,1693.6868259199648
434960.0,1694.2046439351004
434980.0,1693.003259559236
435000.0,1689.0257063440117
435020.0,1682.0968185436936
435040.0,1673.0806208093895
435060.0,1663.4056752086126
435080.0,1654.350879434543
435100.0,1646.6511616245589
435120.0,1640.4710348957246
435140.0,1635.5886270408412
435160.0,1631.648701311152
435180.0,1628.3913187222095
435200.0,1625.7289749043387
435220.0,1623.6821676882907
435240.0,1622.3025937574077
435260.0,1621.663608414426
435280.0,1621.8193652517202
435300.0,1622.7096787122487
435320.0,1624.1590172209562
435340.0,1625.945411539777
435360.0,1627.9144813289006
435380.0,1630.0129346218105
435400.0,1632.2518264316998
435420.0,1634.6766056839776
435440.0,1637.330245050399
435460.0,1640.2557676123918
435480.0,1643.560529040925
435500.0,1647.4755262512033
435520.0,1652.266004499576
435540.0,1658.0514013697968
435560.0,1664.6586433432217
435580.0,1671.6902038093508
435600.0,1678.7454301740624
435620.0,1685.6073512788407
435640.0,1692.297007304603
435660.0,1698.7393828725853
435680.0,1704.3420430132035
435700.0,1708.0734073475571
435720.0,1708.861319449345
435740.0,1705.8825584398805
435760.0,1698.7580537629624
435780.0,1687.8109140366807
435800.0,1674.3277160490557
435820.0,1660.240028676683
435840.0,1647.3740278968144
435860.0,1636.9355515571954
435880.0,1629.3868629124759
435900.0,1624.5694731090239
435920.0,1621.9311944453561
435940.0,1620.7594391222362
435960.0,1620.365267811682
435980.0,1620.197216796914
436000.0,1619.887703525941
436020.0,1619.2479244351678
436040.0,1618.2315603312666
436060.0,1616.8860516532602
436080.0,1615.3054571361884
436100.0,1613.5932139686197
436120.0,1611.8379953571907
436140.0,1610.1021053771597
436160.0,1608.4196659414647
436180.0,1606.8010495317765
436200.0,1605.2402083556601
436220.0,1603.7223164347688
436240.0,1602.2301042849133
436260.0,1600.7481625653509
436280.0,1599.2651743338306
436300.0,1597.7744576214563
436320.0,1596.2733825104256
436340.0,1594.7622289172286
436360.0,1593.2429430749514
436380.0,1591.7180953897491
436400.0,1590.190186473148
436420.0,1588.6613194389315
436440.0,1587.1331664982733
436460.0,1585.60710685428
436480.0,1584.0843956747292
436500.0,1582.566234252194
436520.0,1581.0536447419686
436540.0,1579.5471066939945
436560.0,1578.0459853002899
436580.0,1576.547868999034
436600.0,1575.0480272043558
436620.0,1573.5392791092786
436640.0,1572.0126035521646
436660.0,1570.4587820893146
436680.0,1568.8712161560104
436700.0,1567.2497690337877
436720.0,1565.6050558808959
436740.0,1563.962086793264
436760.0,1562.3616648701332
436780.0,1560.8576244644178
436800.0,1559.5080873866393
436820.0,1558.3596547397515
436840.0,1557.4250252175693
436860.0,1556.6569774835243
436880.0,1555.9247618937125
436900.0,1555.0021533072936
436920.0,1553.5787647368386
436940.0,1551.306410534654
436960.0,1547.8888915937487
436980.0,1543.215338300975
437000.0,1537.5237568731225
437020.0,1531.5636981870277
437040.0,1526.7081200805624
437060.0,1524.9501722322054
437080.0,1528.7188471269524
437100.0,1540.467805026615
437120.0,1562.0434771054875
437140.0,1593.9292137335894
437160.0,1634.5973646743455
437180.0,1680.322518706221
437200.0,1725.8236087218738
437220.0,1765.893343698342
437240.0,1797.0280018341666
437260.0,1817.9869401191766
437280.0,1829.4793932292705
437300.0,1833.4615846473193
437320.0,1832.3878067556398
437340.0,1828.6113876303316
437360.0,1824.0122461534643
437380.0,1819.8457017838905
437400.0,1816.761641314723
437420.0,1814.9273111353446
437440.0,1814.1915119486953
437460.0,1814.2434733538896
437480.0,1814.738556427578
437500.0,1815.380011468026
437520.0,1815.9585942785138
437540.0,1816.3591916801154
437560.0,1816.546326303242
437580.0,1816.5397798519657
437600.0,1816.389026092951
437620.0,1816.151944823511
437640.0,1815.8802830687036
437660.0,1815.6120364516305
437680.0,1815.3695052751307
437700.0,1815.1611655935526
437720.0,1814.9854866368805
437740.0,1814.8351846065102
437760.0,1814.7009139035313
437780.0,1814.5739005399598
437800.0,1814.447423669016
437820.0,1814.3173122569908
437840.0,1814.1817494333889
437860.0,1814.0406961187225
437880.0,1813.8951964698285
437900.0,1813.7467469476637
437920.0,1813.5968266120422
437940.0,1813.4466163272955
437960.0,1813.2968868786224
437980.0,1813.148011042341
438000.0,1813.0000483015112
438020.0,1812.8528570337894
438040.0,1812.7062014990884
438060.0,1812.5598348717751
438080.0,1812.4135516298397
438100.0,1812.2672112155537
438120.0,1812.1207397134706
438140.0,1811.9741179031716
438160.0,1811.8273633926788
438180.0,1811.6805126458044
438200.0,1811.5336064413343
438220.0,1811.3866802368314
438240.0,1811.239759373778
438260.0,1811.0928581444653
438280.0,1810.945981376596
438300.0,1810.7991272329425
438320.0,1810.65229020145
438340.0,1810.505463618933
438360.0,1810.3586414217818
438380.0,1810.211819088638
438400.0,1810.0649939105926
438420.0,1809.9181648020963
438440.0,1809.771331870904
438460.0,1809.6244959257808
438480.0,1809.477658042268
438500.0,1809.3308192480786
438520.0,1809.183980342096
438540.0,1809.0371418293773
438560.0,1808.8903039390339
438580.0,1808.7434666885765
438600.0,1808.5966299641295
438620.0,1808.449793594494
438640.0,1808.302957407128
438660.0,1808.1561212621334
438680.0,1808.0092850666424
438700.0,1807.8624487742647
438720.0,1807.715612375766
438740.0,1807.5687758862973
438760.0,1807.4219393327135
438780.0,1807.275102743705
438800.0,1807.128266143504
438820.0,1806.981429548893
438840.0,1806.8345929689397
438860.0,1806.6877564062943
438880.0,1806.540919859203
438900.0,1806.394083323597
438920.0,1806.2472467948169
438940.0,1806.1004102686722
438960.0,1805.9535737420895
438980.0,1805.8067372133476
439000.0,1805.6599006818087
439020.0,1805.513064147608
439040.0,1805.366227611404
439060.0,1805.2193910739672
439080.0,1805.072554536002
439100.0,1804.9257179980516
439120.0,1804.7788814604537
439140.0,1804.6320449233062
439160.0,1804.4852083865503
439180.0,1804.3383718500736
439200.0,1804.1915353137451
439220.0,1804.0446987774508
439240.0,1803.8978622411828
439260.0,1803.7510257049148
439280.0,1803.6041891686316
439300.0,1803.4573526323275
439320.0,1803.310516095959
439340.0,1803.163679559578
439360.0,1803.0168430231727
439380.0,1802.8700064867512
439400.0,1802.723169950338
439420.0,1802.5763334139308
439440.0,1802.429496877526
439460.0,1802.2826603411472
439480.0,1802.1358238048226
439500.0,1801.9889872684985
439520.0,1801.8421507321395
439540.0,1801.695314195786
439560.0,1801.5484776594446
439580.0,1801.4016411231514
439600.0,1801.2548045868323
439620.0,1801.1079680504554
439640.0,1800.961131514036
439660.0,1800.814294977586
439680.0,1800.6674584411285
439700.0,1800.5206219046304
439720.0,1800.3737853681166
439740.0,1800.2269488316383
439760.0,1800.0801122951902
439780.0,1799.9332757587665
439800.0,1799.7864392223742
439820.0,1799.6396026860086
439840.0,1799.4927661496665
439860.0,1799.3459296133037
439880.0,1799.1990930768757
439900.0,1799.052256540407
439920.0,1798.9054200040239
439940.0,1798.758583467715
439960.0,1798.6117469314304
439980.0,1798.464910395175
440000.0,1798.3180738589176
440020.0,1798.171237322605
440040.0,1798.024400786196
440060.0,1797.8775642497458
440080.0,1797.7307277132873
440100.0,1797.5838911768406
440120.0,1797.437054640428
440140.0,1797.290218104034
440160.0,1797.1433815676835
440180.0,1796.9965450313616
440200.0,1796.8497084950473
440220.0,1796.7028719587383
440240.0,1796.556035422434
440260.0,1796.4091988860994
440280.0,1796.2623623497598
440300.0,1796.1155258134108
440320.0,1795.9686892770376
440340.0,1795.8218527406502
440360.0,1795.6750162042565
440380.0,1795.528179667862
440400.0,1795.3813431314877
440420.0,1795.2345065951172
440440.0,1795.0876700587546
440460.0,1794.940833522364
440480.0,1794.7939969859453
440500.0,1794.6471604495277
440520.0,1794.5003239130997
440540.0,1794.353487376693
440560.0,1794.2066508402618
440580.0,1794.0598143037787
440600.0,1793.9129777672883
440620.0,1793.7661412308153
440640.0,1793.6193046943881
440660.0,1793.472468157997
440680.0,1793.3256316216114
440700.0,1793.1787950852517
440720.0,1793.0319585489244
440740.0,1792.8851220125991
440760.0,1792.7382854762632
440780.0,1792.5914489399245
440800.0,1792.4446124035526
440820.0,1792.2977758672012
440840.0,1792.1509393308909
440860.0,1792.0041027946077
440880.0,1791.8572662583708
440900.0,1791.710429722129
440920.0,1791.563593185841
440940.0,1791.4167566494725
440960.0,1791.2699201130272
440980.0,1791.1230835765186
441000.0,1790.9762470399778
441020.0,1790.8294105034397
441040.0,1790.6825739669075
441060.0,1790.5357374304178
441080.0,1790.388900894001
441100.0,1790.2420643576468
441120.0,1790.095227821334
441140.0,1789.948391285009
441160.0,1789.8015547486866
441180.0,1789.6547182123297
441200.0,1789.5078816759215
441220.0,1789.361045139472
441240.0,1789.2142086030212
441260.0,1789.0673720666164
441280.0,1788.9205355302718
441300.0,1788.7736989939738
441320.0,1788.6268624576649
441340.0,1788.4800259213844
441360.0,1788.3331893851387
441380.0,1788.1863528488338
441400.0,1788.0395163124529
441420.0,1787.8926797759964
441440.0,1787.7458432394626
441460.0,1787.5990067028604
441480.0,1787.4521701662566
441500.0,1787.305333629735
441520.0,1787.1584970933186
441540.0,1787.0116605569935
441560.0,1786.8648240206858
441580.0,1786.7179874843755
441600.0,1786.571150948033
441620.0,1786.4243144116451
441640.0,1786.2774778752828
441660.0,1786.1306413389423
441680.0,1785.983804802639
441700.0,1785.836968266375
441720.0,1785.6901317301094
441740.0,1785.5432951938
441760.0,1785.396458657417
441780.0,1785.24962212101
441800.0,1785.102785584581
441820.0,1784.9559490480679
441840.0,1784.809112511508
441860.0,1784.6622759749157
441880.0,1784.5154394383433
441900.0,1784.368602901824
441920.0,1784.2217663654187
441940.0,1784.0749298290953
441960.0,1783.9280932927843
441980.0,1783.7812567564913
442000.0,1783.6344202201758
442020.0,1783.4875836838594
442040.0,1783.3407471475202
442060.0,1783.1939106111981
442080.0,1783.0470740749074
442100.0,1782.9002375385928
442120.0,1782.7534010022864
442140.0,1782.6065644659434
442160.0,1782.4597279295492
442180.0,1782.3128913931364
442200.0,1782.1660548567095
442220.0,1782.019218320266
442240.0,1781.8723817837956
442260.0,1781.7255452472739
442280.0,1781.578708710779
442300.0,1781.4318721743336
442320.0,1781.2850356379108
442340.0,1781.1381991014891
442360.0,1780.991362565109
442380.0,1780.8445260287651
442400.0,1780.6976894924271
442420.0,1780.550852956069
442440.0,1780.4040164197054
442460.0,1780.25717988332
442480.0,1780.110343346901
442500.0,1779.9635068105504
442520.0,1779.8166702742833
442540.0,1779.6698337380524
442560.0,1779.5229972017562
442580.0,1779.3761606653898
442600.0,1779.2293241289924
442620.0,1779.0824875925464
442640.0,1778.9356510561
442660.0,1778.7888145196298
442680.0,1778.6419779831072
442700.0,1778.4951414466054
442720.0,1778.348304910161
442740.0,1778.2014683737445
442760.0,1778.0546318373192
442780.0,1777.9077953009105
442800.0,1777.7609587645638
442820.0,1777.614122228283
442840.0,1777.4672856920697
442860.0,1777.3204491558486
442880.0,1777.173612619596
442900.0,1777.026776083299
442920.0,1776.8799395469364
442940.0,1776.7331030105245
442960.0,1776.586266474093
442980.0,1776.4394299376952
443000.0,1776.2925934012844
443020.0,1776.1457568648416
443040.0,1775.9989203283617
443060.0,1775.8520837919084
443080.0,1775.7052472555038
443100.0,1775.5584107191194
443120.0,1775.4115741827457
443140.0,1775.2647376463337
443160.0,1775.1179011098739
443180.0,1774.971064573391
443200.0,1774.8242280369527
443220.0,1774.6773915005851
443240.0,1774.5305549642549
443260.0,1774.3837184279375
443280.0,1774.236881891594
443300.0,1774.0900453552283
443320.0,1773.9432088188478
443340.0,1773.7963722824552
443360.0,1773.6495357460724
443380.0,1773.5026992096712
443400.0,1773.3558626732513
443420.0,1773.2090261368053
443440.0,1773.062189600351
443460.0,1772.9153530639517
443480.0,1772.768516527595
443500.0,1772.6216799912957
443520.0,1772.4748434549988
443540.0,1772.328006918701
443560.0,1772.1811703824126
443580.0,1772.0343338460516
443600.0,1771.8874973096022
443620.0,1771.740660773062
443640.0,1771.593824236518
443660.0,1771.446987699987
443680.0,1771.3001511634855
443700.0,1771.1533146270697
443720.0,1771.0064780907335
443740.0,1770.8596415544362
443760.0,1770.7128050181632
443780.0,1770.5659684819361
443800.0,1770.4191319457254
443820.0,1770.27229540948
443840.0,1770.1254588732033
443860.0,1769.9786223368587
443880.0,1769.831785800435
443900.0,1769.6849492639496
443920.0,1769.5381127274472
443940.0,1769.3912761910046
443960.0,1769.2444396546186
443980.0,1769.0976031182308
444000.0,1768.9507665818212
444020.0,1768.8039300454154
444040.0,1768.6570935090288
444060.0,1768.5102569726885
444080.0,1768.3634204364164
444100.0,1768.2165839001304
444120.0,1768.069747363801
444140.0,1767.922910827429
444160.0,1767.7760742910182
444180.0,1767.6292377545765
444200.0,1767.4824012181045
444220.0,1767.3355646816337
444240.0,1767.1887281452014
444260.0,1767.0418916088263
444280.0,1766.895055072484
444300.0,1766.7482185361573
444320.0,1766.6013819998348
444340.0,1766.454545463468
444360.0,1766.307708927073
444380.0,1766.1608723906434
444400.0,1766.014035854195
444420.0,1765.8671993177347
444440.0,1765.7203627812592
444460.0,1765.573526244811
444480.0,1765.4266897083792
444500.0,1765.279853171952
444520.0,1765.1330166355601
444540.0,1764.9861800992494
444560.0,1764.8393435629835
444580.0,1764.6925070266966
444600.0,1764.545670490339
444620.0,1764.3988339539076
444640.0,1764.2519974174375
444660.0,1764.1051608809698
444680.0,1763.9583243445418
444700.0,1763.8114878081578
444720.0,1763.6646512718075
444740.0,1763.5178147354939
444760.0,1763.3709781992068
444780.0,1763.2241416629076
444800.0,1763.0773051265667
444820.0,1762.9304685901675
444840.0,1762.783632053728
444860.0,1762.6367955172614
444880.0,1762.4899589808556
444900.0,1762.3431224445364
444920.0,1762.1962859082487
444940.0,1762.0494493719477
444960.0,1761.902612835574
444980.0,1761.7557762991514
445000.0,1761.6089397626965
445020.0,1761.462103226227
445040.0,1761.3152666898015
445060.0,1761.1684301533908
445080.0,1761.0215936170157
445100.0,1760.8747570806731
445120.0,1760.7279205443385
445140.0,1760.581084008
445160.0,1760.434247471661
445180.0,1760.2874109353247
445200.0,1760.1405743989994
445220.0,1759.9937378626369
445240.0,1759.8469013262325
445260.0,1759.700064789773
445280.0,1759.5532282532772
445300.0,1759.4063917167518
445320.0,1759.259555180232
445340.0,1759.112718643733
445360.0,1758.965882107273
445380.0,1758.8190455708725
445400.0,1758.6722090344786
445420.0,1758.5253724980855
445440.0,1758.3785359616718
445460.0,1758.2316994252985
445480.0,1758.0848628889548
445500.0,1757.9380263526423
445520.0,1757.791189816359
445540.0,1757.6443532800592
445560.0,1757.49751674375
445580.0,1757.3506802074303
445600.0,1757.2038436711077
445620.0,1757.0570071347458
445640.0,1756.9101705983132
445660.0,1756.7633340617897
445680.0,1756.6164975252243
445700.0,1756.4696609887178
445720.0,1756.3228244522677
445740.0,1756.175987915835
445760.0,1756.0291513794564
445780.0,1755.882314843097
445800.0,1755.73547830673
445820.0,1755.588641770372
445840.0,1755.4418052340188
445860.0,1755.294968697675
445880.0,1755.148132161341
445900.0,1755.0012956250048
445920.0,1754.8544590887257
445940.0,1754.7076225524943
445960.0,1754.5607860162177
445980.0,1754.4139494798724
446000.0,1754.2671129434384
446020.0,1754.1202764069174
446040.0,1753.9734398703288
446060.0,1753.826603333747
446080.0,1753.6797667972555
446100.0,1753.5329302608588
446120.0,1753.3860937245463
446140.0,1753.2392571883156
446160.0,1753.0924206521224
446180.0,1752.9455841159208
446200.0,1752.7987475796951
446220.0,1752.6519110434215
446240.0,1752.5050745070755
446260.0,1752.3582379706597
446280.0,1752.2114014341903
446300.0,1752.0645648976351
446320.0,1751.9177283610466
446340.0,1751.7708918244898
446360.0,1751.624055287996
446380.0,1751.4772187515991
446400.0,1751.330382215269
446420.0,1751.1835456789747
446440.0,1751.0367091426804
446460.0,1750.8898726063708
446480.0,1750.7430360699611
446500.0,1750.5961995334765
446520.0,1750.4493629969766
446540.0,1750.3025264604707
446560.0,1750.1556899239845
446580.0,1750.0088533875387
446600.0,1749.862016851153
446620.0,1749.7151803148067
446640.0,1749.5683437784908
446660.0,1749.4215072422253
446680.0,1749.2746707059603
446700.0,1749.127834169663
446720.0,1748.9809976333631
446740.0,1748.8341610970335
446760.0,1748.6873245606653
446780.0,1748.540488024289
446800.0,1748.3936514879701
446820.0,1748.2468149516403
446840.0,1748.099978415286
446860.0,1747.953141878901
446880.0,1747.8063053424892
446900.0,1747.659468806089
446920.0,1747.512632269659
446940.0,1747.3657957331939
446960.0,1747.2189591967078
446980.0,1747.0721226602377
447000.0,1746.925286123794
447020.0,1746.778449587362
447040.0,1746.631613050958
447060.0,1746.4847765145394
447080.0,1746.3379399780995
447100.0,1746.191103441682
447120.0,1746.0442669052895
447140.0,1745.8974303689124
447160.0,1745.7505938325485
447180.0,1745.6037572961693
447200.0,1745.4569207597397
447220.0,1745.3100842232907
447240.0,1745.1632476869
447260.0,1745.0164111505874
447280.0,1744.8695746143144
447300.0,1744.722738078032
447320.0,1744.575901541729
447340.0,1744.4290650054168
447360.0,1744.2822284691251
447380.0,1744.135391932863
447400.0,1743.9885553965462
447420.0,1743.8417188601736
447440.0,1743.6948823237249
447460.0,1743.5480457872407
447480.0,1743.4012092507503
447500.0,1743.2543727142252
447520.0,1743.1075361776948
447540.0,1742.9606996411926
447560.0,1742.8138631047634
447580.0,1742.6670265684043
447600.0,1742.5201900321076
447620.0,1742.3733534958956
447640.0,1742.2265169597256
447660.0,1742.0796804235747
447680.0,1741.9328438874022
447700.0,1741.7860073511383
447720.0,1741.6391708147362
447740.0,1741.4923342781713
447760.0,1741.345497741527
447780.0,1741.198661204909
447800.0,1741.0518246683564
447820.0,1740.904988131874
447840.0,1740.758151595443
447860.0,1740.6113150590652
447880.0,1740.4644785227215
447900.0,1740.3176419864237
447920.0,1740.1708054501335
447940.0,1740.0239689138211
447960.0,1739.8771323774731
447980.0,1739.730295841119
448000.0,1739.5834593047343
448020.0,1739.43662276835
448040.0,1739.2897862320126
448060.0,1739.142949695652
448080.0,1738.9961131592304
448100.0,1738.849276622775
448120.0,1738.7024400863033
448140.0,1738.555603549846
448160.0,1738.4087670134224
448180.0,1738.2619304770233
448200.0,1738.1150939406302
448220.0,1737.9682574042417
448240.0,1737.821420867855
448260.0,1737.674584331461
448280.0,1737.527747795109
448300.0,1737.3809112587853
448320.0,1737.2340747224655
448340.0,1737.0872381861532
448360.0,1736.9404016498102
448380.0,1736.7935651134187
448400.0,1736.6467285769475
448420.0,1736.4998920404316
448440.0,1736.3530555039197
448460.0,1736.2062189674568
448480.0,1736.0593824310643
448500.0,1735.9125458947037
448520.0,1735.765709358345
448540.0,1735.618872821999
448560.0,1735.4720362856692
448580.0,1735.3251997493578
448600.0,1735.178363213042
448620.0,1735.0315266767514
448640.0,1734.884690140462
448660.0,1734.7378536041647
448680.0,1734.5910170678162
448700.0,1734.4441805313975
448720.0,1734.2973439949378
448740.0,1734.15050745841
448760.0,1734.003670921882
448780.0,1733.8568343853651
448800.0,1733.7099978488957
448820.0,1733.5631613125065
448840.0,1733.4163247761778
448860.0,1733.2694882398569
448880.0,1733.1226517035411
448900.0,1732.9758151672552
448920.0,1732.8289786309156
448940.0,1732.6821420945191
448960.0,1732.5353055580704
448980.0,1732.3884690216194
449000.0,1732.2416324852252
449020.0,1732.0947959488592
449040.0,1731.9479594125448
449060.0,1731.801122876276
449080.0,1731.6542863399914
449100.0,1731.5074498036643
449120.0,1731.3606132672855
449140.0,1731.2137767308577
449160.0,1731.0669401943487
449180.0,1730.9201036577954
449200.0,1730.7732671212634
449220.0,1730.6264305847988
449240.0,1730.4795940484273
449260.0,1730.3327575121034
449280.0,1730.1859209758109
449300.0,1730.0390844395256
449320.0,1729.8922479032753
449340.0,1729.7454113670415
449360.0,1729.5985748307546
449380.0,1729.451738294396
449400.0,1729.304901757939
449420.0,1729.1580652213765
449440.0,1729.0112286847623
449460.0,1728.8643921481791
449480.0,1728.7175556117047
449500.0,1728.570719075319
449520.0,1728.4238825390244
449540.0,1728.2770460027925
449560.0,1728.1302094665466
449580.0,1727.983372930259
449600.0,1727.8365363939115
449620.0,1727.6896998575435
449640.0,1727.542863321153
449660.0,1727.396026784781
449680.0,1727.2491902484285
449700.0,1727.102353712055
449720.0,1726.9555171756706
449740.0,1726.8086806392585
449760.0,1726.6618441028277
449780.0,1726.5150075663605
449800.0,1726.3681710298993
449820.0,1726.2213344934582
449840.0,1726.0744979570359
449860.0,1725.9276614206574
449880.0,1725.7808248842612
449900.0,1725.6339883478672
449920.0,1725.4871518114473
449940.0,1725.3403152749975
449960.0,1725.19347873853
449980.0,1725.0466422020436
450000.0,1724.8998056655669
450020.0,1724.752969129151
450040.0,1724.6061325928022
450060.0,1724.4592960564937
450080.0,1724.3124595201984
450100.0,1724.1656229839136
450120.0,1724.0187864476607
450140.0,1723.8719499114345
450160.0,1723.7251133752147
450180.0,1723.5782768389745
450200.0,1723.4314403026578
450220.0,1723.2846037662152
450240.0,1723.1377672297253
450260.0,1722.990930693244
450280.0,1722.8440941567726
450300.0,1722.6972576203127
450320.0,1722.550421083859
450340.0,1722.4035845474532
450360.0,1722.256748011124
450380.0,1722.109911474825
450400.0,1721.9630749385014
450420.0,1721.81623840213
450440.0,1721.6694018657067
450460.0,1721.5225653292437
450480.0,1721.3757287927588
450500.0,1721.2288922562595
450520.0,1721.0820557197683
450540.0,1720.9352191832954
450560.0,1720.7883826468674
450580.0,1720.6415461104996
450600.0,1720.4947095741813
450620.0,1720.3478730378604
450640.0,1720.2010365015074
450660.0,1720.0541999651382
450680.0,1719.9073634287688
450700.0,1719.7605268924272
450720.0,1719.613690356139
450740.0,1719.4668538198518
450760.0,1719.3200172835627
450780.0,1719.1731807472381
450800.0,1719.0263442108874
450820.0,1718.8795076745196
450840.0,1718.7326711380974
450860.0,1718.5858346016478
450880.0,1718.4389980652509
450900.0,1718.292161528901
450920.0,1718.1453249925598
450940.0,1717.9984884561807
450960.0,1717.8516519197715
450980.0,1717.7048153833512
451000.0,1717.5579788469563
451020.0,1717.4111423106247
451040.0,1717.2643057743032
451060.0,1717.1174692379882
451080.0,1716.97063270162
451100.0,1716.8237961652078
451120.0,1716.6769596287552
451140.0,1716.530123092296
451160.0,1716.383286555832
451180.0,1716.236450019377
451200.0,1716.0896134829243
451220.0,1715.942776946454
451240.0,1715.7959404100159
451260.0,1715.6491038735992
451280.0,1715.502267337191
451300.0,1715.355430800789
451320.0,1715.2085942644203
451340.0,1715.0617577280664
451360.0,1714.91492119168
451380.0,1714.7680846552532
451400.0,1714.6212481187583
451420.0,1714.4744115822893
451440.0,1714.3275750458906
451460.0,1714.1807385095522
451480.0,1714.033901973217
451500.0,1713.8870654368995
451520.0,1713.74022890062
451540.0,1713.5933923643363
451560.0,1713.4465558280203
451580.0,1713.2997192916705
451600.0,1713.1528827552568
451620.0,1713.0060462187735
451640.0,1712.8592096822408
451660.0,1712.712373145757
451680.0,1712.5655366093579
451700.0,1712.4187000729503
451720.0,1712.2718635365268
451740.0,1712.1250270000721
451760.0,1711.9781904636548
451780.0,1711.8313539272924
451800.0,1711.68451739093
451820.0,1711.5376808545539
451840.0,1711.390844318155
451860.0,1711.2440077817766
451880.0,1711.0971712454095
451900.0,1710.9503347090242
451920.0,1710.8034981726582
451940.0,1710.6566616363605
451960.0,1710.5098251001382
451980.0,1710.3629885639543
452000.0,1710.216152027751
452020.0,1710.0693154914723
452040.0,1709.9224789551076
452060.0,1709.7756424186664
452080.0,1709.6288058821488
452100.0,1709.4819693456145
452120.0,1709.335132809071
452140.0,1709.1882962724965
452160.0,1709.0414597359388
452180.0,1708.8946231994591
452200.0,1708.7477866630888
452220.0,1708.600950126803
452240.0,1708.4541135905918
452260.0,1708.30727705439
452280.0,1708.1604405181565
452300.0,1708.0136039818021
452320.0,1707.8667674453168
452340.0,1707.719930908804
452360.0,1707.5730943723006
452380.0,1707.426257835819
452400.0,1707.2794212993747
452420.0,1707.1325847629694
452440.0,1706.9857482266045
452460.0,1706.8389116902613
452480.0,1706.6920751539299
452500.0,1706.545238617613
452520.0,1706.3984020812882
452540.0,1706.2515655449795
452560.0,1706.1047290086753
452580.0,1705.9578924723505
452600.0,1705.8110559359804
452620.0,1705.6642193996008
452640.0,1705.5173828631935
452660.0,1705.3705463267638
452680.0,1705.223709790364
452700.0,1705.076873253986
452720.0,1704.930036717657
452740.0,1704.7832001813076
452760.0,1704.6363636449282
452780.0,1704.489527108534
452800.0,1704.3426905721267
452820.0,1704.1958540357402
452840.0,1704.0490174993815
452860.0,1703.9021809630526
452880.0,1703.7553444267173
452900.0,1703.6085078903554
452920.0,1703.4616713539822
452940.0,1703.3148348175775
452960.0,1703.1679982811388
452980.0,1703.0211617446726
453000.0,1702.8743252082168
453020.0,1702.7274886717794
453040.0,1702.5806521353563
453060.0,1702.433815598984
453080.0,1702.2869790626041
453100.0,1702.1401425262163
453120.0,1701.9933059898424
453140.0,1701.8464694534784
453160.0,1701.6996329171004
453180.0,1701.5527963806926
453200.0,1701.4059598443055
453220.0,1701.2591233079602
453240.0,1701.11228677162
453260.0,1700.96545023526
453280.0,1700.8186136988545
453300.0,1700.671777162394
453320.0,1700.524940625902
453340.0,1700.3781040894482
453360.0,1700.2312675530525
453380.0,1700.0844310167365
453400.0,1699.9375944805136
453420.0,1699.790757944352
453440.0,1699.6439214082075
453460.0,1699.4970848720307
453480.0,1699.3502483357563
453500.0,1699.2034117993649
453520.0,1699.0565752628754
453540.0,1698.909738726316
453560.0,1698.7629021897126
453580.0,1698.6160656531488
453600.0,1698.4692291166386
453620.0,1698.3223925801988
453640.0,1698.1755560438153
453660.0,1698.0287195074616
453680.0,1697.881882971166
453700.0,1697.7350464348576
453720.0,1697.5882098985276
453740.0,1697.441373362186
453760.0,1697.2945368257588
453780.0,1697.147700289183
453800.0,1697.0008637524218
453820.0,1696.8540272154382
453840.0,1696.7071906783071
453860.0,1696.5603541412158
453880.0,1696.4135176043917
453900.0,1696.2666810681214
453920.0,1696.1198445327113
453940.0,1695.9730079984015
453960.0,1695.826171465273
453980.0,1695.6793349330005
454000.0,1695.5324984008137
454020.0,1695.3856618674145
454040.0,1695.2388253310742
454060.0,1695.0919887899158
454080.0,1694.9451522423483
454100.0,1694.7983156877829
454120.0,1694.65147912748
454140.0,1694.5046425654018
454160.0,1694.357806008667
454180.0,1694.210969467268
454200.0,1694.0641329529294
454220.0,1693.9172964762322
454240.0,1693.7704600425545
454260.0,1693.6236236469322
454280.0,1693.4767872689438
454300.0,1693.3299508692312
454320.0,1693.1831143896839
454340.0,1693.03627775985
454360.0,1692.889440911611
454380.0,1692.7426038025872
454400.0,1692.5957664466114
454420.0,1692.4489289459011
454440.0,1692.3020915160469
454460.0,1692.1552544906112
454480.0,1692.0084182908795
454500.0,1691.8615833477138
454520.0,1691.7147499693424
454540.0,1691.5679181621301
454560.0,1691.421087431383
454580.0,1691.2742566134955
454600.0,1691.1274238130668
454620.0,1690.9805865345236
454640.0,1690.8337420925945
454660.0,1690.6868883517618
454680.0,1690.5400247718776
454700.0,1690.3931536233813
454720.0,1690.2462810925408
454740.0,1690.0994178492972
454760.0,1689.9525785442754
454780.0,1689.8057796976257
454800.0,1689.6590356083702
454820.0,1689.5123523069203
454840.0,1689.3657202173872
454860.0,1689.21910704667
454880.0,1689.0724533342484
454900.0,1688.9256738310876
454920.0,1688.7786680701588
454940.0,1688.631342731684
454960.0,1688.483646313775
454980.0,1688.3356129962267
455000.0,1688.1874075980122
455020.0,1688.0393578887183
455040.0,1687.8919556097378
455060.0,1687.7458054485003
455080.0,1687.60150439028
455100.0,1687.4594447837903
455120.0,1687.319554634445
455140.0,1687.1810176501144
455160.0,1687.0420498480703
455180.0,1686.8998415113733
455200.0,1686.7507911757336
455220.0,1686.5911471890608
455240.0,1686.4181168521893
455260.0,1686.2313921024702
455280.0,1686.034873626991
455300.0,1685.8381693670606
455320.0,1685.6572395117018
455340.0,1685.5134252882515
455360.0,1685.4301217779587
455380.0,1685.426631549532
455400.0,1685.5093433554143
455420.0,1685.6613401231448
455440.0,1685.8327760310167
455460.0,1685.9356587414673
455480.0,1685.8476568519454
455500.0,1685.429710804175
455520.0,1684.560979000081
455540.0,1683.1915017976396
455560.0,1681.4077151672063
455580.0,1679.4989594849962
455600.0,1678.0056038375442
455620.0,1677.723548059853
455640.0,1679.6388738234448
455660.0,1684.7741667077516
455680.0,1693.9483635975425
455700.0,1707.4876046099416
455720.0,1724.9757007056207
455740.0,1745.1944484483429
455760.0,1766.434969681964
455780.0,1787.1112273311333
455800.0,1806.1968345010853
455820.0,1823.3103512294379
455840.0,1838.6220207780887
455860.0,1852.6344951449566
455880.0,1865.8621054474104
455900.0,1878.5062730630295
455920.0,1890.2495774931544
455940.0,1900.2348854694224
455960.0,1907.2364866939515
455980.0,1909.9145303535934
456000.0,1907.1168133077058
456020.0,1898.2542381583603
456040.0,1883.667012528509
456060.0,1864.853926113235
456080.0,1844.401023009185
456100.0,1825.4024542482016
456120.0,1810.3947911866956
456140.0,1800.503767577918
456160.0,1795.4932860995239
456180.0,1794.2994950376055
456200.0,1795.55317619903
456220.0,1797.9600630555938
456240.0,1800.5189697037981
456260.0,1802.5983340070584
456280.0,1803.911588702284
456300.0,1804.4357365395015
456320.0,1804.3111733364506
456340.0,1803.7495129436625
456360.0,1802.9640982421283
456380.0,1802.127702373297
456400.0,1801.354876504439
456420.0,1800.7026234151672
456440.0,1800.1820157992574
456460.0,1799.774169447197
456480.0,1799.4457402010728
456500.0,1799.161116186716
456520.0,1798.890237864855
456540.0,1798.6122510288856
456560.0,1798.315927572687
456580.0,1797.9980482727406
456600.0,1797.6608663678094
456620.0,1797.3095074319194
456640.0,1796.9498354405641
456660.0,1796.5870150939318
456680.0,1796.224774648586
456700.0,1795.8652364783636
456720.0,1795.5091259084918
456740.0,1795.1561716749288
456760.0,1794.8055492774552
456780.0,1794.4562697522529
456800.0,1794.1074650776386
456820.0,1793.7585583925909
456840.0,1793.4093293762387
456860.0,1793.059893988513
456880.0,1792.7106175804336
456900.0,1792.361976551781
456920.0,1792.0143814203213
456940.0,1791.667977186246
456960.0,1791.3224468618719
456980.0,1790.9768598348323
457000.0,1790.6296240695206
457020.0,1790.2786127539343
457040.0,1789.921532384614
457060.0,1789.5565704896442
457080.0,1789.1832995701857
457100.0,1788.8037178450152
457120.0,1788.42318582169
457140.0,1788.0508935026846
457160.0,1787.6994048932634
457180.0,1787.38282676478
457200.0,1787.1132953875672
457220.0,1786.8958170287733
457240.0,1786.7220534493651
457260.0,1786.5643739129332
457280.0,1786.3722809506762
457300.0,1786.0739440147122
457320.0,1785.585741493407
457340.0,1784.8320691243575
457360.0,1783.775909981269
457380.0,1782.4576295257277
457400.0,1781.0353320499657
457420.0,1779.8155486338317
457440.0,1779.259276963061
457460.0,1779.9473210974666
457480.0,1782.4927799393517
457500.0,1787.3997343112042
457520.0,1794.887403068919
457540.0,1804.7285815388736
457560.0,1816.188088660884
457580.0,1828.1753099187463
457600.0,1839.6175073414274
457620.0,1849.7917684306321
457640.0,1858.40874863423
457660.0,1865.57041327097
457680.0,1871.6330382757558
457700.0,1877.04149069211
457720.0,1882.2340306528888
457740.0,1887.5443764423228
457760.0,1893.134815329592
457780.0,1899.02802734178
457800.0,1905.1430910256609
457820.0,1911.2736179764343
457840.0,1917.0681440240965
457860.0,1922.1129322911488
457880.0,1926.1168327979206
457900.0,1928.9776048544431
457920.0,1930.706762470286
457940.0,1931.4307867995244
457960.0,1931.4674346920788
457980.0,1931.3299842995566
458000.0,1931.6155772380116
458020.0,1932.867684978302
458040.0,1935.4668102386524
458060.0,1939.6290983323906
458080.0,1945.4125749461577
458100.0,1952.651645453614
458120.0,1960.9142074719196
458140.0,1969.5045722962918
458160.0,1977.577126668944
458180.0,1984.376795655094
458200.0,1989.414804948265
458220.0,1992.5533230434157
458240.0,1994.0042486115774
458260.0,1994.2254034860603
458280.0,1993.7489925967552
458300.0,1992.9859123526705
458320.0,1992.0736509720853
458340.0,1990.7712597098755
458360.0,1988.4882459259884
458380.0,1984.4686794330155
458400.0,1978.0574389445476
458420.0,1968.9868228712905
458440.0,1957.5885508751642
458460.0,1944.8040595936886
458480.0,1931.9800012632436
458500.0,1920.4890608573503
458520.0,1911.3316041801565
458540.0,1904.931463035326
458560.0,1901.1738018492044
458580.0,1899.5749975423546
458600.0,1899.482928897085
458620.0,1900.24651614118
458640.0,1901.327518080269
458660.0,1902.3519233725742
458680.0,1903.1125469811536
458700.0,1903.5402381337972
458720.0,1903.6608744669804
458740.0,1903.5516233471055
458760.0,1903.3049657963384
458780.0,1903.0042319374916
458800.0,1902.7107489997973
458820.0,1902.460447871402
458840.0,1902.2668116507327
458860.0,1902.1270631026232
458880.0,1902.0290933390927
458900.0,1901.9574823205924
458920.0,1901.8977934859533
458940.0,1901.838985647908
458960.0,1901.7742147514741
458980.0,1901.7005043782979
459000.0,1901.6177952245423
459020.0,1901.5278033136115
459040.0,1901.4329843190876
459060.0,1901.3357633703745
459080.0,1901.238075184351
459100.0,1901.1411813297666
459120.0,1901.0456906615532
459140.0,1900.9516986742935
459160.0,1900.8589716816095
459180.0,1900.7671222825825
459200.0,1900.6757454226586
459220.0,1900.5845041468929
459240.0,1900.4931682360461
459260.0,1900.4016168215562
459280.0,1900.3098186989944
459300.0,1900.2178029781783
459320.0,1900.125629595624
459340.0,1900.0333654791787
459360.0,1899.9410687681204
459380.0,1899.8487809760106
459400.0,1899.7565254832339
459420.0,1899.6643101521502
459440.0,1899.5721319276577
459460.0,1899.4799817440319
459480.0,1899.387848662495
459500.0,1899.2957227386937
459520.0,1899.2035965641553
459540.0,1899.1114657056648
459560.0,1899.0193283923174
459580.0,1898.9271848082503
459600.0,1898.8350362844528
459620.0,1898.742884587032
459640.0,1898.6507314017829
459660.0,1898.558578037983
459680.0,1898.466425322452
459700.0,1898.3742736292927
459720.0,1898.2821229859849
459740.0,1898.1899732049321
459760.0,1898.0978240048632
459780.0,1898.0056751026666
459800.0,1897.913526269184
459820.0,1897.8213773524142
459840.0,1897.7292282765156
459860.0,1897.6370790265678
459880.0,1897.5449296274517
459900.0,1897.4527801232332
459920.0,1897.360630560989
459940.0,1897.2684809805644
459960.0,1897.176331409605
459980.0,1897.0841818629574
460000.0,1896.992032344838
460020.0,1896.8998828521992
460040.0,1896.807733378256
460060.0,1896.7155839152952
460080.0,1896.6234344565353
460100.0,1896.5312849969728
460120.0,1896.4391355337982
460140.0,1896.3469860660123
460160.0,1896.2548365939128
460180.0,1896.1626871185497
460200.0,1896.0705376411836
460220.0,1895.9783881629733
460240.0,1895.8862386847363
460260.0,1895.7940892069503
460280.0,1895.7019397298195
460300.0,1895.609790253419
460320.0,1895.5176407776648
460340.0,1895.4254913023287
460360.0,1895.3333418271554
460380.0,1895.2411923519442
460400.0,1895.1490428766035
460420.0,1895.0568934011499
460440.0,1894.964743925672
460460.0,1894.8725944501427
460480.0,1894.7804449745363
460500.0,1894.6882954988857
460520.0,1894.5961460231897
460540.0,1894.503996547468
460560.0,1894.4118470717453
460580.0,1894.319697596065
460600.0,1894.2275481204367
460620.0,1894.1353986449005
460640.0,1894.0432491694332
460660.0,1893.9510996940085
460680.0,1893.858950218581
460700.0,1893.7668007430832
460720.0,1893.674651267457
460740.0,1893.58250179174
460760.0,1893.4903523159742
460780.0,1893.3982028401908
460800.0,1893.3060533644343
460820.0,1893.2139038887096
460840.0,1893.121754413049
460860.0,1893.0296049374235
460880.0,1892.9374554618375
460900.0,1892.8453059862775
460920.0,1892.753156510727
460940.0,1892.6610070351871
460960.0,1892.5688575595912
460980.0,1892.476708083933
461000.0,1892.3845586082498
461020.0,1892.2924091326033
461040.0,1892.200259656994
461060.0,1892.1081101814173
461080.0,1892.0159607058486
461100.0,1891.9238112302278
461120.0,1891.8316617545577
461140.0,1891.7395122788953
461160.0,1891.647362803304
461180.0,1891.5552133277556
461200.0,1891.463063852197
461220.0,1891.3709143766077
461240.0,1891.278764901001
461260.0,1891.1866154253385
461280.0,1891.094465949674
461300.0,1891.0023164740237
461320.0,1890.9101669984036
461340.0,1890.8180175228215
461360.0,1890.7258680472612
461380.0,1890.6337185717166
461400.0,1890.54156909612
461420.0,1890.4494196204782
461440.0,1890.3572701448254
461460.0,1890.2651206691946
461480.0,1890.1729711935654
461500.0,1890.080821717897
461520.0,1889.988672242198
461540.0,1889.8965227665153
461560.0,1889.804373290845
461580.0,1889.7122238152108
461600.0,1889.6200743396305
461620.0,1889.5279248640795
461640.0,1889.4357753885902
461660.0,1889.3436259131133
461680.0,1889.2514764376313
461700.0,1889.1593269620996
461720.0,1889.0671774865107
461740.0,1888.975028010888
461760.0,1888.8828785352343
461780.0,1888.790729059526
461800.0,1888.6985795837973
461820.0,1888.606430108041
461840.0,1888.5142806323306
461860.0,1888.4221311566791
461880.0,1888.3299816810559
461900.0,1888.237832205478
461920.0,1888.145682729925
461940.0,1888.053533254389
461960.0,1887.9613837788506
461980.0,1887.8692343032974
462000.0,1887.7770848277373
462020.0,1887.6849353521436
462040.0,1887.5927858765067
462060.0,1887.500636400858
462080.0,1887.408486925203
462100.0,1887.316337449521
462120.0,1887.224187973814
462140.0,1887.1320384981202
462160.0,1887.0398890224728
462180.0,1886.9477395468766
462200.0,1886.8555900713327
462220.0,1886.7634405957804
462240.0,1886.6712911201678
462260.0,1886.5791416444754
462280.0,1886.4869921687546
462300.0,1886.3948426930838
462320.0,1886.3026932175057
462340.0,1886.2105437420153
462360.0,1886.1183942665114
462380.0,1886.0262447910002
462400.0,1885.934095315445
462420.0,1885.8419458398541
462440.0,1885.7497963641995
462460.0,1885.6576468885032
462480.0,1885.565497412818
462500.0,1885.4733479372003
462520.0,1885.3811984616264
462540.0,1885.2890489860852
462560.0,1885.196899510572
462580.0,1885.1047500350621
462600.0,1885.0126005595296
462620.0,1884.9204510839263
462640.0,1884.8283016082714
462660.0,1884.7361521325827
462680.0,1884.644002656873
462700.0,1884.5518531811565
462720.0,1884.4597037054634
462740.0,1884.3675542297992
462760.0,1884.2754047541846
462780.0,1884.1832552785702
462800.0,1884.0911058029355
462820.0,1883.9989563273098
462840.0,1883.9068068516858
462860.0,1883.814657376061
462880.0,1883.722507900437
462900.0,1883.6303584248326
462920.0,1883.538208949241
462940.0,1883.4460594736152
462960.0,1883.3539099979596
462980.0,1883.261760522268
463000.0,1883.1696110465848
463020.0,1883.077461570924
463040.0,1882.9853120952507
463060.0,1882.8931626195729
463080.0,1882.8010131439598
463100.0,1882.7088636684052
463120.0,1882.616714192905
463140.0,1882.5245647174647
463160.0,1882.4324152420668
463180.0,1882.3402657666702
463200.0,1882.2481162911886
463220.0,1882.1559668156522
463240.0,1882.0638173400198
463260.0,1881.9716678643158
463280.0,1881.8795183885952
463300.0,1881.7873689128817
463320.0,1881.6952194371577
463340.0,1881.6030699614635
463360.0,1881.5109204858697
463380.0,1881.4187710103238
463400.0,1881.3266215347328
463420.0,1881.2344720590968
463440.0,1881.142322583426
463460.0,1881.0501731076833
463480.0,1880.9580236319405
463500.0,1880.8658741562126
463520.0,1880.7737246805045
463540.0,1880.681575204817
463560.0,1880.589425729159
463580.0,1880.4972762535447
463600.0,1880.4051267780112
463620.0,1880.312977302517
463640.0,1880.2208278270514
463660.0,1880.1286783515868
463680.0,1880.0365288760845
463700.0,1879.9443794005474
463720.0,1879.8522299249616
463740.0,1879.7600804493363
463760.0,1879.6679309736967
463780.0,1879.5757814980716
463800.0,1879.4836320224124
463820.0,1879.391482546735
463840.0,1879.2993330710258
463860.0,1879.207183595338
463880.0,1879.1150341197117
463900.0,1879.0228846441757
463920.0,1878.930735168709
463940.0,1878.8385856932516
463960.0,1878.7464362177768
463980.0,1878.6542867422293
464000.0,1878.562137266618
464020.0,1878.4699877909309
464040.0,1878.377838315217
464060.0,1878.2856888394958
464080.0,1878.1935393637818
464100.0,1878.1013898880888
464120.0,1878.0092404124312
464140.0,1877.9170909367774
464160.0,1877.8249414611103
464180.0,1877.7327919854633
464200.0,1877.6406425098442
464220.0,1877.5484930342616
464240.0,1877.4563435587565
464260.0,1877.3641940833015
464280.0,1877.2720446078233
464300.0,1877.1798951322985
464320.0,1877.0877456567282
464340.0,1876.995596181118
464360.0,1876.9034467054505
464380.0,1876.8112972297506
464400.0,1876.719147754024
464420.0,1876.6269982783065
464440.0,1876.534848802598
464460.0,1876.4426993269099
464480.0,1876.3505498512336
464500.0,1876.258400375565
464520.0,1876.1662508999125
464540.0,1876.074101424283
464560.0,1875.981951948667
464580.0,1875.8898024730267
464600.0,1875.79765299739
464620.0,1875.7055035218084
464640.0,1875.6133540462768
464660.0,1875.5212045707442
464680.0,1875.4290550951519
464700.0,1875.3369056195338
464720.0,1875.2447561439064
464740.0,1875.1526066682868
464760.0,1875.0604571926742
464780.0,1874.968307717078
464800.0,1874.8761582414961
464820.0,1874.7840087659285
464840.0,1874.6918592903244
464860.0,1874.5997098146722
464880.0,1874.5075603389741
464900.0,1874.4154108632888
464920.0,1874.3232613876794
464940.0,1874.231111912092
464960.0,1874.1389624364813
464980.0,1874.0468129608628
465000.0,1873.9546634852686
465020.0,1873.8625140096672
465040.0,1873.7703645340541
465060.0,1873.678215058469
465080.0,1873.5860655829117
465100.0,1873.4939161073912
465120.0,1873.4017666318668
465140.0,1873.3096171563138
465160.0,1873.2174676806917
465180.0,1873.1253182050627
465200.0,1873.0331687294486
465220.0,1872.9410192538332
465240.0,1872.8488697782373
465260.0,1872.756720302644
465280.0,1872.6645708270232
465300.0,1872.5724213514277
465320.0,1872.480271875862
465340.0,1872.3881224003217
465360.0,1872.2959729247377
465380.0,1872.2038234490858
465400.0,1872.111673973353
465420.0,1872.019524497578
465440.0,1871.9273750217694
465460.0,1871.8352255459529
465480.0,1871.7430760701504
465500.0,1871.6509265944082
465520.0,1871.5587771187863
465540.0,1871.4666276432406
465560.0,1871.3744781677337
465580.0,1871.2823286922335
465600.0,1871.1901792167052
465620.0,1871.0980297411759
465640.0,1871.0058802656272
465660.0,1870.9137307900642
465680.0,1870.8215813145089
465700.0,1870.729431838959
465720.0,1870.6372823634051
465740.0,1870.5451328878548
465760.0,1870.452983412312
465780.0,1870.360833936782
465800.0,1870.2686844612665
465820.0,1870.1765349857142
465840.0,1870.0843855100866
465860.0,1869.9922360343912
465880.0,1869.9000865586731
465900.0,1869.8079370829644
465920.0,1869.715787607292
465940.0,1869.6236381316496
465960.0,1869.5314886560132
465980.0,1869.4393391803428
466000.0,1869.3471897046697
466020.0,1869.2550402289896
466040.0,1869.1628907533272
466060.0,1869.07074127771
466080.0,1868.9785918021273
466100.0,1868.8864423265986
466120.0,1868.7942928511013
466140.0,1868.7021433756156
466160.0,1868.6099939001124
466180.0,1868.517844424557
466200.0,1868.4256949489522
466220.0,1868.3335454733115
466240.0,1868.2413959976232
466260.0,1868.149246521924
466280.0,1868.0570970462227
466300.0,1867.9649475705614
466320.0,1867.8727980949539
466340.0,1867.7806486193524
466360.0,1867.688499143739
466380.0,1867.596349668127
466400.0,1867.5042001925262
466420.0,1867.4120507169118
466440.0,1867.319901241266
466460.0,1867.227751765554
466480.0,1867.135602289846
466500.0,1867.0434528141948
466520.0,1866.9513033385745
466540.0,1866.859153862971
466560.0,1866.76700438741
466580.0,1866.6748549119056
466600.0,1866.5827054363897
466620.0,1866.4905559608328
466640.0,1866.398406485215
466660.0,1866.306257009565
466680.0,1866.2141075339107
466700.0,1866.121958058237
466720.0,1866.029808582567
466740.0,1865.9376591069408
466760.0,1865.84550963135
466780.0,1865.7533601557948
466800.0,1865.6612106802709
466820.0,1865.569061204727
466840.0,1865.4769117291157
466860.0,1865.3847622534413
466880.0,1865.2926127777268
466900.0,1865.2004633019992
466920.0,1865.1083138262752
466940.0,1865.0161643505894
466960.0,1864.9240148749918
466980.0,1864.8318653994659
467000.0,1864.7397159239895
467020.0,1864.647566448529
467040.0,1864.5554169730215
467060.0,1864.4632674974812
467080.0,1864.3711180219557
467100.0,1864.2789685464627
467120.0,1864.1868190709713
467140.0,1864.094669595448
467160.0,1864.002520119891
467180.0,1863.910370644307
467200.0,1863.8182211686321
467220.0,1863.7260716928897
467240.0,1863.633922217158
467260.0,1863.5417727414508
467280.0,1863.4496232657334
467300.0,1863.3574737900199
467320.0,1863.2653243143318
467340.0,1863.173174838672
467360.0,1863.0810253630334
467380.0,1862.9888758873844
467400.0,1862.8967264117523
467420.0,1862.804576936122
467440.0,1862.7124274604853
467460.0,1862.6202779848409
467480.0,1862.5281285091805
467500.0,1862.435979033511
467520.0,1862.3438295578521
467540.0,1862.2516800822475
467560.0,1862.1595306066763
467580.0,1862.0673811311324
467600.0,1861.9752316556
467620.0,1861.8830821800645
467640.0,1861.7909327045272
467660.0,1861.698783228975
467680.0,1861.6066337533916
467700.0,1861.5144842777445
467720.0,1861.4223348020605
467740.0,1861.3301853264015
467760.0,1861.2380358508003
467780.0,1861.145886375253
467800.0,1861.0537368997361
467820.0,1860.9615874241942
467840.0,1860.8694379486435
467860.0,1860.7772884730607
467880.0,1860.6851389974004
467900.0,1860.5929895216746
467920.0,1860.500840045912
467940.0,1860.408690570132
467960.0,1860.316541094385
467980.0,1860.224391618694
468000.0,1860.1322421430182
468020.0,1860.0400926673647
468040.0,1859.9479431917448
468060.0,1859.8557937161665
468080.0,1859.7636442406388
468100.0,1859.6714947651549
468120.0,1859.5793452897062
468140.0,1859.4871958142521
468160.0,1859.3950463387541
468180.0,1859.3028968631625
468200.0,1859.2107473874971
468220.0,1859.1185979118018
468240.0,1859.026448436076
468260.0,1858.9342989603488
468280.0,1858.8421494846548
468300.0,1858.7500000090076
468320.0,1858.6578505334273
468340.0,1858.5657010578561
468360.0,1858.4735515822504
468380.0,1858.3814021066023
468400.0,1858.2892526309402
468420.0,1858.1971031552578
468440.0,1858.1049536795986
468460.0,1858.0128042040046
468480.0,1857.9206547284357
468500.0,1857.8285052528427
468520.0,1857.7363557771998
468540.0,1857.644206301531
468560.0,1857.5520568258955
468580.0,1857.4599073503166
468600.0,1857.367757874758
468620.0,1857.2756083992135
468640.0,1857.183458923686
468660.0,1857.091309448159
468680.0,1856.9991599726393
468700.0,1856.9070104970774
468720.0,1856.8148610214564
468740.0,1856.7227115457492
468760.0,1856.6305620699954
468780.0,1856.5384125942414
468800.0,1856.4462631185354
468820.0,1856.3541136428787
468840.0,1856.2619641673064
468860.0,1856.169814691768
468880.0,1856.0776652161926
468900.0,1855.9855157405723
468920.0,1855.8933662649033
468940.0,1855.8012167892334
468960.0,1855.7090673135706
468980.0,1855.6169178379103
469000.0,1855.524768362277
469020.0,1855.432618886695
469040.0,1855.3404694111719
469060.0,1855.248319935688
469080.0,1855.156170460202
469100.0,1855.0640209847002
469120.0,1854.9718715091894
469140.0,1854.879722033634
469160.0,1854.7875725580277
469180.0,1854.6954230823715
469200.0,1854.603273606686
469220.0,1854.511124130981
469240.0,1854.418974655285
469260.0,1854.326825179572
469280.0,1854.2346757038363
469300.0,1854.1425262280864
469320.0,1854.0503767523946
469340.0,1853.9582272767886
469360.0,1853.866077801246
469380.0,1853.7739283257586
469400.0,1853.6817788503006
469420.0,1853.5896293748253
469440.0,1853.4974798993128
469460.0,1853.4053304237646
469480.0,1853.31318094817
469500.0,1853.2210314725246
469520.0,1853.128881996799
469540.0,1853.0367325210386
469560.0,1852.9445830453067
469580.0,1852.8524335696634
469600.0,1852.760284094034
469620.0,1852.6681346183545
469640.0,1852.5759851426403
469660.0,1852.4838356669175
469680.0,1852.3916861912464
469700.0,1852.299536715625
469720.0,1852.2073872400438
469740.0,1852.1152377645044
469760.0,1852.0230882889912
469780.0,1851.9309388134902
469800.0,1851.8387893379609
469820.0,1851.7466398624006
469840.0,1851.6544903868144
469860.0,1851.5623409112372
469880.0,1851.470191435676
469900.0,1851.3780419601003
469920.0,1851.2858924844797
469940.0,1851.193743008867
469960.0,1851.1015935332846
469980.0,1851.0094440577122
470000.0,1850.9172945821265
470020.0,1850.8251451065148
470040.0,1850.7329956308597
470060.0,1850.6408461551753
470080.0,1850.5486966795193
470100.0,1850.4565472039071
470120.0,1850.364397728294
470140.0,1850.2722482526285
470160.0,1850.1800987769489
470180.0,1850.0879493012787
470200.0,1849.9957998256498
470220.0,1849.9036503500683
470240.0,1849.8115008745365
470260.0,1849.7193513990205
470280.0,1849.627201923509
470300.0,1849.5350524480073
470320.0,1849.4429029724681
470340.0,1849.350753496837
470360.0,1849.2586040211106
470380.0,1849.16645454536
470400.0,1849.0743050696626
470420.0,1848.9821555940591
470440.0,1848.8900061184916
470460.0,1848.7978566429495
470480.0,1848.705707167425
470500.0,1848.613557691889
470520.0,1848.5214082163136
470540.0,1848.4292587406494
470560.0,1848.3371092649809
470580.0,1848.2449597893324
470600.0,1848.1528103137057
470620.0,1848.0606608380854
470640.0,1847.9685113624867
470660.0,1847.8763618868797
470680.0,1847.7842124112826
470700.0,1847.6920629356919
470720.0,1847.5999134601093
470740.0,1847.5077639845083
470760.0,1847.415614508883
470780.0,1847.323465033224
470800.0,1847.2313155575116
470820.0,1847.13916608178
470840.0,1847.0470166060538
470860.0,1846.9548671303874
470880.0,1846.8627176547493
470900.0,1846.7705681791008
470920.0,1846.678418703415
470940.0,1846.586269227712
470960.0,1846.4941197520634
470980.0,1846.4019702764858
471000.0,1846.3098208010092
471020.0,1846.2176713255885
471040.0,1846.125521850137
471060.0,1846.0333723746498
471080.0,1845.9412228991175
471100.0,1845.849073423506
471120.0,1845.756923947835
471140.0,1845.6647744721554
471160.0,1845.572624996482
471180.0,1845.4804755208083
471200.0,1845.3883260451682
471220.0,1845.2961765695304
471240.0,1845.2040270938858
471260.0,1845.1118776182223
471280.0,1845.019728142553
471300.0,1844.9275786668888
471320.0,1844.8354291911896
471340.0,1844.7432797155295
471360.0,1844.6511302398944
471380.0,1844.5589807642668
471400.0,1844.466831288665
471420.0,1844.374681813084
471440.0,1844.282532337489
471460.0,1844.1903828618822
471480.0,1844.0982333862546
471500.0,1844.006083910625
471520.0,1843.9139344350108
471540.0,1843.8217849593577
471560.0,1843.7296354837067
471580.0,1843.63748600808
471600.0,1843.5453365325059
471620.0,1843.4531870569504
471640.0,1843.3610375814037
471660.0,1843.2688881058755
471680.0,1843.176738630375
471700.0,1843.0845891548975
471720.0,1842.992439679428
471740.0,1842.9002902039022
471760.0,1842.8081407282712
471780.0,1842.7159912525392
471800.0,1842.6238417767684
471820.0,1842.5316923009893
471840.0,1842.4395428252542
471860.0,1842.3473933496007
471880.0,1842.2552438739835
471900.0,1842.1630943984117
471920.0,1842.0709449228737
471940.0,1841.9787954473268
471960.0,1841.8866459717628
471980.0,1841.7944964961946
472000.0,1841.7023470206568
472020.0,1841.6101975451315
472040.0,1841.5180480695715
472060.0,1841.4258985939948
472080.0,1841.3337491184568
472100.0,1841.2415996429304
472120.0,1841.1494501673817
472140.0,1841.0573006917882
472160.0,1840.9651512161763
472180.0,1840.8730017405367
472200.0,1840.780852264886
472220.0,1840.6887027892349
472240.0,1840.5965533136016
472260.0,1840.5044038380026
472280.0,1840.4122543624144
472300.0,1840.3201048868366
472320.0,1840.2279554112545
472340.0,1840.135805935663
472360.0,1840.0436564600295
472380.0,1839.9515069843667
472400.0,1839.8593575087266
472420.0,1839.7672080331008
472440.0,1839.6750585574277
472460.0,1839.5829090817092
472480.0,1839.4907596059431
472500.0,1839.398610130183
472520.0,1839.3064606544826
472540.0,1839.2143111788077
472560.0,1839.1221617031617
472580.0,1839.030012227578
472600.0,1838.9378627520578
472620.0,1838.8457132765711
472640.0,1838.7535638010554
472660.0,1838.6614143254715
472680.0,1838.5692648498239
472700.0,1838.4771153741262
472720.0,1838.3849658984077
472740.0,1838.292816422705
472760.0,1838.2006669470422
472780.0,1838.1085174714456
472800.0,1838.0163679958828
472820.0,1837.92421852035
472840.0,1837.8320690448659
472860.0,1837.7399195693893
472880.0,1837.6477700938826
472900.0,1837.5556206183278
472920.0,1837.46347114274
472940.0,1837.3713216671185
472960.0,1837.2791721914928
472980.0,1837.187022715835
473000.0,1837.0948732401253
473020.0,1837.0027237643717
473040.0,1836.9105742886427
473060.0,1836.8184248129437
473080.0,1836.7262753372852
473100.0,1836.6341258616467
473120.0,1836.541976385987
473140.0,1836.4498269103133
473160.0,1836.35767743463
473180.0,1836.265527959006
473200.0,1836.173378483448
473220.0,1836.0812290079455
473240.0,1835.989079532444
473260.0,1835.8969300569165
473280.0,1835.8047805813512
473300.0,1835.7126311057382
473320.0,1835.6204816301338
473340.0,1835.5283321545726
473360.0,1835.436182679049
473380.0,1835.3440332035175
473400.0,1835.251883727959
473420.0,1835.1597342523607
473440.0,1835.067584776691
473460.0,1834.9754353009419
473480.0,1834.8832858251894
473500.0,1834.791136349467
473520.0,1834.6989868737642
473540.0,1834.6068373980693
473560.0,1834.5146879224117
473580.0,1834.4225384467816
473600.0,1834.3303889711879
473620.0,1834.238239495627
473640.0,1834.146090020065
473660.0,1834.0539405444742
473680.0,1833.9617910688507
473700.0,1833.8696415932402
473720.0,1833.7774921176265
473740.0,1833.6853426420544
473760.0,1833.5931931664763
473780.0,1833.501043690862
473800.0,1833.4088942152514
473820.0,1833.316744739693
473840.0,1833.2245952641813
473860.0,1833.1324457886888
473880.0,1833.040296313187
473900.0,1832.948146837624
473920.0,1832.8559973620177
473940.0,1832.7638478863744
473960.0,1832.6716984107181
473980.0,1832.5795489350653
474000.0,1832.4873994594495
474020.0,1832.3952499838476
474040.0,1832.3031005082594
474060.0,1832.2109510326845
474080.0,1832.1188015571047
474100.0,1832.0266520814585
474120.0,1831.9345026057279
474140.0,1831.8423531299827
474160.0,1831.7502036542992
474180.0,1831.6580541786807
474200.0,1831.56590470305
474220.0,1831.4737552273905
474240.0,1831.3816057517513
474260.0,1831.289456276138
474280.0,1831.1973068005186
474300.0,1831.1051573248885
474320.0,1831.013007849219
474340.0,1830.920858373512
474360.0,1830.8287088978268
474380.0,1830.736559422216
474400.0,1830.6444099466667
474420.0,1830.5522604711248
474440.0,1830.4601109955863
474460.0,1830.3679615200144
474480.0,1830.2758120443832
474500.0,1830.1836625687029
474520.0,1830.09151309298
474540.0,1829.9993636172599
474560.0,1829.9072141415968
474580.0,1829.8150646659901
474600.0,1829.7229151903862
474620.0,1829.6307657148104
474640.0,1829.5386162392508
474660.0,1829.446466763677
474680.0,1829.3543172880472
474700.0,1829.2621678123771
474720.0,1829.1700183367088
474740.0,1829.0778688610014
474760.0,1828.9857193852981
474780.0,1828.8935699096414
474800.0,1828.8014204340343
474820.0,1828.7092709584708
474840.0,1828.617121482976
474860.0,1828.5249720074946
474880.0,1828.4328225319855
474900.0,1828.340673056493
474920.0,1828.2485235809804
474940.0,1828.1563741054492
474960.0,1828.0642246298987
474980.0,1827.972075154305
475000.0,1827.8799256786526
475020.0,1827.7877762029534
475040.0,1827.6956267272603
475060.0,1827.6034772516591
475080.0,1827.5113277761052
475100.0,1827.4191783005529
475120.0,1827.327028824986
475140.0,1827.2348793493761
475160.0,1827.1427298736817
475180.0,1827.0505803979463
475200.0,1826.9584309222384
475220.0,1826.8662814465574
475240.0,1826.7741319709196
475260.0,1826.6819824952727
475280.0,1826.589833019593
475300.0,1826.4976835439186
475320.0,1826.4055340682983
475340.0,1826.3133845927139
475360.0,1826.2212351171547
475380.0,1826.1290856415803
475400.0,1826.036936165951
475420.0,1825.9447866903188
475440.0,1825.8526372146814
475460.0,1825.760487739087
475480.0,1825.66833826355
475500.0,1825.5761887880703
475520.0,1825.484039312582
475540.0,1825.3918898370612
475560.0,1825.299740361491
475580.0,1825.2075908858521
475600.0,1825.1154414101748
475620.0,1825.0232919345058
475640.0,1824.9311424588577
475660.0,1824.8389929832538
475680.0,1824.7468435076703
475700.0,1824.6546940321027
475720.0,1824.5625445565515
475740.0,1824.470395080977
475760.0,1824.3782456053711
475780.0,1824.2860961297345
475800.0,1824.1939466540978
475820.0,1824.10179717847
475840.0,1824.0096477028328
475860.0,1823.917498227131
475880.0,1823.8253487513884
475900.0,1823.7331992756558
475920.0,1823.6410497999573
475940.0,1823.5489003243008
475960.0,1823.4567508486748
475980.0,1823.3646013730936
476000.0,1823.2724518975258
476020.0,1823.1803024219323
476040.0,1823.0881529462981
476060.0,1822.9960034706594
476080.0,1822.903853994995
476100.0,1822.8117045192896
476120.0,1822.7195550435924
476140.0,1822.627405567921
476160.0,1822.5352560923038
476180.0,1822.4431066167642
476200.0,1822.350957141322
476220.0,1822.2588076659454
476240.0,1822.166658190588
476260.0,1822.0745087151877
476280.0,1821.9823592396945
476300.0,1821.8902097641053
476320.0,1821.798060288444
476340.0,1821.70591081271
476360.0,1821.6137613369367
476380.0,1821.5216118611668
476400.0,1821.4294623854014
476420.0,1821.3373129096883
476440.0,1821.2451634340443
476460.0,1821.1530139584356
476480.0,1821.0608644828203
476500.0,1820.968715007223
476520.0,1820.8765655316388
476540.0,1820.784416056078
476560.0,1820.6922665805093
476580.0,1820.6001171048963
476600.0,1820.507967629259
476620.0,1820.415818153596
476640.0,1820.3236686779032
476660.0,1820.2315192021917
476680.0,1820.139369726546
476700.0,1820.047220250993
476720.0,1819.9550707755025
476740.0,1819.8629213000338
476760.0,1819.7707718245758
476780.0,1819.6786223491356
476800.0,1819.5864728737015
476820.0,1819.4943233981962
476840.0,1819.4021739226093
476860.0,1819.3100244469836
476880.0,1819.2178749713123
476900.0,1819.125725495625
476920.0,1819.033576019914
476940.0,1818.9414265441833
476960.0,1818.849277068451
476980.0,1818.7571275927453
477000.0,1818.6649781170593
477020.0,1818.5728286414007
477040.0,1818.4806791657509
477060.0,1818.3885296901055
477080.0,1818.2963802144563
477100.0,1818.2042307388251
477120.0,1818.1120812631893
477140.0,1818.0199317875436
477160.0,1817.9277823119185
477180.0,1817.835632836291
477200.0,1817.7434833606665
477220.0,1817.651333885043
477240.0,1817.559184409435
477260.0,1817.467034933838
477280.0,1817.3748854582384
477300.0,1817.2827359826097
477320.0,1817.1905865069616
477340.0,1817.0984370313429
477360.0,1817.0062875558074
477380.0,1816.9141380803412
477400.0,1816.8219886048507
477420.0,1816.7298391292738
477440.0,1816.6376896535949
477460.0,1816.5455401778715
477480.0,1816.4533907021246
477500.0,1816.361241226393
477520.0,1816.2690917506861
477540.0,1816.1769422750124
477560.0,1816.0847927993887
477580.0,1815.9926433238193
477600.0,1815.9004938483413
477620.0,1815.8083443729174
477640.0,1815.7161948975136
477660.0,1815.6240454221029
477680.0,1815.5318959466717
477700.0,1815.4397464711515
477720.0,1815.347596995532
477740.0,1815.255447519837
477760.0,1815.1632980440984
477780.0,1815.0711485683441
477800.0,1814.9789990925933
477820.0,1814.8868496168657
477840.0,1814.7947001411521
477860.0,1814.7025506654718
477880.0,1814.610401189811
477900.0,1814.518251714162
477920.0,1814.4261022385108
477940.0,1814.3339527628468
477960.0,1814.24180328722
477980.0,1814.1496538116676
478000.0,1814.0575043361528
478020.0,1813.965354860617
478040.0,1813.8732053850538
478060.0,1813.7810559094876
478080.0,1813.6889064339375
478100.0,1813.596756958364
478120.0,1813.50460748279
478140.0,1813.4124580071807
478160.0,1813.3203085315356
478180.0,1813.228159055861
478200.0,1813.1360095801708
478220.0,1813.0438601044875
478240.0,1812.9517106288106
478260.0,1812.8595611531462
478280.0,1812.7674116775438
478300.0,1812.6752622020008
478320.0,1812.583112726469
478340.0,1812.490963250971
478360.0,1812.3988137754404
478380.0,1812.3066642998588
478400.0,1812.2145148242787
478420.0,1812.1223653487154
478440.0,1812.0302158731156
478460.0,1811.9380663974596
478480.0,1811.8459169217779
478500.0,1811.7537674461207
478520.0,1811.661617970495
478540.0,1811.5694684948762
478560.0,1811.4773190192532
478580.0,1811.3851695436235
478600.0,1811.293020067958
478620.0,1811.2008705922362
478640.0,1811.1087211164959
478660.0,1811.016571640785
478680.0,1810.9244221651297
478700.0,1810.8322726894803
478720.0,1810.7401232138297
478740.0,1810.647973738205
478760.0,1810.5558242625925
478780.0,1810.4636747869831
478800.0,1810.3715253113737
478820.0,1810.2793758357377
478840.0,1810.1872263600956
478860.0,1810.0950768844825
478880.0,1810.0029274089115
478900.0,1809.9107779333492
478920.0,1809.8186284578114
478940.0,1809.726478982262
478960.0,1809.6343295067115
478980.0,1809.5421800311549
479000.0,1809.4500305556467
479020.0,1809.357881080189
479040.0,1809.265731604748
479060.0,1809.1735821292914
479080.0,1809.0814326537725
479100.0,1808.989283178141
479120.0,1808.8971337023693
479140.0,1808.8049842264913
479160.0,1808.7128347506036
479180.0,1808.6206852747698
479200.0,1808.5285357990201
479220.0,1808.4363863233607
479240.0,1808.3442368478168
479260.0,1808.252087372329
479280.0,1808.1599378967926
479300.0,1808.067788421256
479320.0,1807.975638945727
479340.0,1807.8834894701708
479360.0,1807.7913399945805
479380.0,1807.6991905189484
479400.0,1807.6070410432917
479420.0,1807.5148915676607
479440.0,1807.422742092113
479460.0,1807.3305926166165
479480.0,1807.2384431411465
479500.0,1807.1462936656194
479520.0,1807.0541441900339
479540.0,1806.9619947144115
479560.0,1806.869845238784
479580.0,1806.777695763126
479600.0,1806.685546287416
479620.0,1806.5933968117029
479640.0,1806.5012473360362
479660.0,1806.4090978604188
479680.0,1806.316948384852
479700.0,1806.224798909294
479720.0,1806.1326494337543
479740.0,1806.0404999581544
479760.0,1805.9483504824657
479780.0,1805.856201006777
479800.0,1805.76405153112
479820.0,1805.6719020555422
479840.0,1805.5797525800212
479860.0,1805.4876031044994
479880.0,1805.3954536289534
479900.0,1805.3033041533752
479920.0,1805.2111546777473
479940.0,1805.1190052020606
479960.0,1805.0268557263666
479980.0,1804.9347062506763
480000.0,1804.842556775011
480020.0,1804.7504072993804
480040.0,1804.6582578238042
480060.0,1804.5661083482423
480080.0,1804.4739588726686
480100.0,1804.3818093970622
480120.0,1804.289659921454
480140.0,1804.1975104458543
480160.0,1804.1053609702471
480180.0,1804.013211494627
480200.0,1803.921062019
480220.0,1803.8289125433798
480240.0,1803.7367630677575
480260.0,1803.6446135921337
480280.0,1803.5524641164964
480300.0,1803.4603146408367
480320.0,1803.3681651651482
480340.0,1803.2760156894906
480360.0,1803.1838662138557
480380.0,1803.0917167382681
480400.0,1802.9995672627015
480420.0,1802.9074177870996
480440.0,1802.8152683114627
480460.0,1802.723118835795
480480.0,1802.6309693601495
480500.0,1802.5388198845908
480520.0,1802.4466704091167
480540.0,1802.354520933648
480560.0,1802.2623714580943
480580.0,1802.1702219824335
480600.0,1802.0780725066852
480620.0,1801.9859230309273
480640.0,1801.8937735552058
480660.0,1801.8016240794834
480680.0,1801.7094746037596
480700.0,1801.617325128061
480720.0,1801.5251756524208
480740.0,1801.4330261768523
480760.0,1801.3408767013123
480780.0,1801.2487272257727
480800.0,1801.156577750235
480820.0,1801.0644282746493
480840.0,1800.9722787990238
480860.0,1800.880129323385
480880.0,1800.787979847768
480900.0,1800.6958303721647
480920.0,1800.6036808965932
480940.0,1800.511531421038
480960.0,1800.4193819455127
480980.0,1800.327232469998
481000.0,1800.2350829945026
481020.0,1800.1429335189998
481040.0,1800.0507840434839
481060.0,1799.9586345679231
481080.0,1799.8664850923662
481100.0,1799.7743356168005
481120.0,1799.6821861412027
481140.0,1799.5900366655355
481160.0,1799.4978871898086
481180.0,1799.4057377141075
481200.0,1799.3135882384363
481220.0,1799.2214387627805
481240.0,1799.129289287105
481260.0,1799.037139811398
481280.0,1798.9449903356733
481300.0,1798.8528408599807
481320.0,1798.7606913842858
481340.0,1798.6685419085984
481360.0,1798.57639243295
481380.0,1798.484242957372
481400.0,1798.3920934818502
481420.0,1798.2999440063245
481440.0,1798.2077945308051
481460.0,1798.1156450552935
481480.0,1798.0234955797707
481500.0,1797.9313461042043
481520.0,1797.8391966285828
481540.0,1797.7470471529007
481560.0,1797.6548976772222
481580.0,1797.5627482015807
481600.0,1797.4705987259579
481620.0,1797.3784492503175
481640.0,1797.286299774671
481660.0,1797.1941502990223
481680.0,1797.1020008233693
481700.0,1797.0098513477344
481720.0,1796.9177018721352
481740.0,1796.8255523965308
481760.0,1796.7334029208955
481780.0,1796.6412534452568
481800.0,1796.5491039696124
481820.0,1796.4569544939695
481840.0,1796.3648050183433
481860.0,1796.2726555427605
481880.0,1796.180506067253
481900.0,1796.0883565917302
481920.0,1795.996207116168
481940.0,1795.9040576405762
481960.0,1795.8119081649631
481980.0,1795.7197586893126
482000.0,1795.6276092136573
482020.0,1795.5354597380228
482040.0,1795.443310262448
482060.0,1795.3511607869118
482080.0,1795.2590113113752
482100.0,1795.1668618358585
482120.0,1795.0747123602766
482140.0,1794.9825628845879
482160.0,1794.8904134088402
482180.0,1794.798263933108
482200.0,1794.7061144573859
482220.0,1794.6139649816967
482240.0,1794.5218155060516
482260.0,1794.429666030447
482280.0,1794.337516554847
482300.0,1794.2453670792343
482320.0,1794.1532176036096
482340.0,1794.0610681279638
482360.0,1793.968918652349
482380.0,1793.8767691767414
482400.0,1793.784619701149
482420.0,1793.6924702255794
482440.0,1793.6003207500366
482460.0,1793.5081712744898
482480.0,1793.4160217989229
482500.0,1793.3238723233194
482520.0,1793.2317228476572
482540.0,1793.1395733719723
482560.0,1793.0474238963125
482580.0,1792.9552744207153
482600.0,1792.8631249451744
482620.0,1792.7709754696498
482640.0,1792.678825994087
482660.0,1792.5866765184892
482680.0,1792.4945270428339
482700.0,1792.4023775671292
482720.0,1792.3102280913808
482740.0,1792.218078615615
482760.0,1792.125929139851
482780.0,1792.0337796641481
482800.0,1791.9416301885194
482820.0,1791.8494807129136
482840.0,1791.7573312373092
482860.0,1791.6651817616773
482880.0,1791.5730322860613
482900.0,1791.4808828104883
482920.0,1791.3887333349405
482940.0,1791.2965838594287
482960.0,1791.2044343839589
482980.0,1791.1122849085223
483000.0,1791.0201354330777
483020.0,1790.9279859576186
483040.0,1790.8358364821495
483060.0,1790.743687006648
483080.0,1790.6515375310141
483100.0,1790.5593880552453
483120.0,1790.4672385794183
483140.0,1790.3750891036193
483160.0,1790.2829396278848
483180.0,1790.1907901522845
483200.0,1790.0986406767447
483220.0,1790.0064912011992
483240.0,1789.9143417256375
483260.0,1789.8221922500961
483280.0,1789.7300427745172
483300.0,1789.6378932988362
483320.0,1789.5457438230992
483340.0,1789.4535943473359
483360.0,1789.361444871595
483380.0,1789.2692953959254
483400.0,1789.177145920326
483420.0,1789.0849964447716
483440.0,1788.9928469692634
483460.0,1788.9006974937681
483480.0,1788.8085480182685
483500.0,1788.7163985427476
483520.0,1788.6242490671357
483540.0,1788.5320995914324
483560.0,1788.4399501156768
483580.0,1788.3478006399278
483600.0,1788.2556511642201
483620.0,1788.1635016885543
483640.0,1788.0713522129518
483660.0,1787.9792027374158
483680.0,1787.8870532618978
483700.0,1787.794903786364
483720.0,1787.7027543108165
483740.0,1787.6106048352249
483760.0,1787.5184553596077
483780.0,1787.4263058839776
483800.0,1787.3341564083457
483820.0,1787.2420069327231
483840.0,1787.1498574571465
483860.0,1787.0577079815826
483880.0,1786.9655585060125
483900.0,1786.8734090304315
483920.0,1786.7812595548464
483940.0,1786.6891100792295
483960.0,1786.5969606035476
483980.0,1786.5048111278109
484000.0,1786.4126616520703
484020.0,1786.3205121763754
484040.0,1786.228362700719
484060.0,1786.1362132251022
484080.0,1786.0440637494776
484100.0,1785.9519142738227
484120.0,1785.8597647981683
484140.0,1785.7676153225336
484160.0,1785.6754658469483
484180.0,1785.5833163714124
484200.0,1785.4911668958898
484220.0,1785.3990174203432
484240.0,1785.3068679447679
484260.0,1785.2147184691817
484280.0,1785.1225689935593
484300.0,1785.0304195179256
484320.0,1784.9382700423116
484340.0,1784.846120566714
484360.0,1784.7539710911637
484380.0,1784.6618216156767
484400.0,1784.5696721401703
484420.0,1784.477522664643
484440.0,1784.3853731890827
484460.0,1784.2932237134864
484480.0,1784.2010742378666
484500.0,1784.1089247622247
484520.0,1784.0167752865727
484540.0,1783.9246258109404
484560.0,1783.8324763353062
484580.0,1783.7403268596668
484600.0,1783.648177384011
484620.0,1783.556027908385
484640.0,1783.4638784327774
484660.0,1783.3717289571537
484680.0,1783.2795794814908
484700.0,1783.1874300058007
484720.0,1783.095280530107
484740.0,1783.0031310544316
484760.0,1782.9109815788117
484780.0,1782.8188321032535
484800.0,1782.7266826277398
484820.0,1782.634533152225
484840.0,1782.5423836766586
484860.0,1782.4502342010485
484880.0,1782.3580847254107
484900.0,1782.2659352498133
484920.0,1782.1737857742348
484940.0,1782.0816362986493
484960.0,1781.989486823047
484980.0,1781.897337347448
485000.0,1781.8051878718336
485020.0,1781.7130383961946
485040.0,1781.620888920545
485060.0,1781.5287394448671
485080.0,1781.4365899691365
485100.0,1781.3444404933969
485120.0,1781.252291017679
485140.0,1781.1601415419748
485160.0,1781.0679920663083
485180.0,1780.975842590678
485200.0,1780.883693115101
485220.0,1780.7915436395374
485240.0,1780.699394163967
485260.0,1780.6072446883882
485280.0,1780.5150952127992
485300.0,1780.4229457371898
485320.0,1780.330796261541
485340.0,1780.238646785892
485360.0,1780.1464973102388
485380.0,1780.0543478345662
485400.0,1779.9621983588554
485420.0,1779.8700488831407
485440.0,1779.7778994074386
485460.0,1779.6857499318007
485480.0,1779.593600456244
485500.0,1779.501450980734
485520.0,1779.4093015052192
485540.0,1779.3171520296492
485560.0,1779.2250025540866
485580.0,1779.1328530785631
485600.0,1779.040703603092
485620.0,1778.9485541276267
485640.0,1778.8564046521394
485660.0,1778.7642551766178
485680.0,1778.672105701077
485700.0,1778.579956225535
485720.0,1778.4878067500103
485740.0,1778.3956572744696
485760.0,1778.3035077988366
485780.0,1778.211358323089
485800.0,1778.1192088472628
485820.0,1778.027059371386
485840.0,1777.934909895536
485860.0,1777.8427604197514
485880.0,1777.7506109440528
485900.0,1777.658461468458
485920.0,1777.5663119929104
485940.0,1777.4741625173622
485960.0,1777.3820130417967
485980.0,1777.289863566267
486000.0,1777.1977140907402
486020.0,1777.1055646151685
486040.0,1777.013415139561
486060.0,1776.9212656639065
486080.0,1776.8291161882087
486100.0,1776.7369667124972
486120.0,1776.6448172368232
486140.0,1776.5526677612088
486160.0,1776.4605182856667
486180.0,1776.3683688101664
486200.0,1776.2762193346457
486220.0,1776.1840698590677
486240.0,1776.0919203834342
486260.0,1775.999770907819
486280.0,1775.907621432234
486300.0,1775.8154719566737
486320.0,1775.7233224811105
486340.0,1775.6311730055409
486360.0,1775.5390235299353
486380.0,1775.4468740543457
486400.0,1775.3547245787845
486420.0,1775.2625751032288
486440.0,1775.1704256276475
486460.0,1775.078276152055
486480.0,1774.986126676446
486500.0,1774.8939772008368
486520.0,1774.8018277252263
486540.0,1774.7096782496064
486560.0,1774.617528773976
486580.0,1774.525379298296
486600.0,1774.433229822601
486620.0,1774.341080346871
486640.0,1774.2489308711617
486660.0,1774.1567813955346
486680.0,1774.064631919949
486700.0,1773.9724824443122
486720.0,1773.8803329686355
486740.0,1773.7881834929963
486760.0,1773.6960340173696
486780.0,1773.6038845417272
486800.0,1773.5117350660748
486820.0,1773.4195855904516
486840.0,1773.3274361148783
486860.0,1773.2352866393544
486880.0,1773.1431371638773
486900.0,1773.0509876884018
486920.0,1772.9588382128986
486940.0,1772.8666887373233
486960.0,1772.774539261684
486980.0,1772.68238978602
487000.0,1772.5902403103566
487020.0,1772.4980908346868
487040.0,1772.405941359025
487060.0,1772.3137918833559
487080.0,1772.2216424076626
487100.0,1772.1294929319042
487120.0,1772.037343456102
487140.0,1771.945193980356
487160.0,1771.8530445047495
487180.0,1771.7608950292208
487200.0,1771.6687455536637
487220.0,1771.5765960780961
487240.0,1771.4844466025108
487260.0,1771.3922971268992
487280.0,1771.3001476512763
487300.0,1771.2079981756476
487320.0,1771.1158487000425
487340.0,1771.023699224453
487360.0,1770.9315497488467
487380.0,1770.8394002732239
487400.0,1770.74725079764
487420.0,1770.6551013220555
487440.0,1770.5629518464743
487460.0,1770.4708023708758
487480.0,1770.3786528952987
487500.0,1770.2865034197498
487520.0,1770.1943539441866
487540.0,1770.1022044685928
487560.0,1770.0100549929623
487580.0,1769.9179055172845
487600.0,1769.825756041569
487620.0,1769.7336065658353
487640.0,1769.6414570901495
487660.0,1769.5493076145297
487680.0,1769.4571581389969
487700.0,1769.365008663548
487720.0,1769.272859188118
487740.0,1769.180709712633
487760.0,1769.0885602370477
487780.0,1768.9964107613819
487800.0,1768.9042612856763
487820.0,1768.8121118099632
487840.0,1768.719962334255
487860.0,1768.6278128585789
487880.0,1768.5356633829165
487900.0,1768.4435139073025
487920.0,1768.3513644317452
487940.0,1768.2592149561922
487960.0,1768.1670654806592
487980.0,1768.0749160050987
488000.0,1767.9827665294938
488020.0,1767.8906170538532
488040.0,1767.7984675781947
488060.0,1767.706318102514
488080.0,1767.6141686268334
488100.0,1767.5220191511933
488120.0,1767.4298696756155
488140.0,1767.3377202000652
488160.0,1767.245570724499
488180.0,1767.1534212489
488200.0,1767.0612717733088
488220.0,1766.969122297764
488240.0,1766.8769728222167
488260.0,1766.7848233466743
488280.0,1766.6926738711147
488300.0,1766.6005243955374
488320.0,1766.5083749199155
488340.0,1766.416225444238
488360.0,1766.3240759685293
488380.0,1766.2319264927967
488400.0,1766.139777017081
488420.0,1766.0476275413998
488440.0,1765.9554780657497
488460.0,1765.8633285901083
488480.0,1765.7711791144732
488500.0,1765.6790296388585
488520.0,1765.5868801633019
488540.0,1765.4947306877839
488560.0,1765.4025812122723
488580.0,1765.310431736747
488600.0,1765.2182822611933
488620.0,1765.1261327855977
488640.0,1765.0339833099606
488660.0,1764.9418338343003
488680.0,1764.8496843586363
488700.0,1764.7575348829753
488720.0,1764.6653854073152
488740.0,1764.5732359316717
488760.0,1764.4810864560664
488780.0,1764.3889369804788
488800.0,1764.2967875048482
488820.0,1764.204638029191
488840.0,1764.1124885535196
488860.0,1764.0203390778465
488880.0,1763.9281896022044
488900.0,1763.8360401265732
488920.0,1763.7438906509444
488940.0,1763.651741175309
488960.0,1763.5595916996997
488980.0,1763.4674422241442
489000.0,1763.3752927486494
489020.0,1763.2831432731539
489040.0,1763.1909937975802
489060.0,1763.0988443219262
489080.0,1763.0066948462286
489100.0,1762.9145453705726
489120.0,1762.822395894953
489140.0,1762.7302464193447
489160.0,1762.6380969437862
489180.0,1762.5459474682489
489200.0,1762.4537979926615
489220.0,1762.361648516992
489240.0,1762.269499041268
489260.0,1762.1773495655045
489280.0,1762.0852000897364
489300.0,1761.9930506140088
489320.0,1761.9009011383725
489340.0,1761.8087516628252
489360.0,1761.716602187303
489380.0,1761.6244527117506
489400.0,1761.532303236168
489420.0,1761.4401537605765
489440.0,1761.3480042849792
489460.0,1761.2558548094053
489480.0,1761.1637053338648
489500.0,1761.0715558583154
489520.0,1760.9794063827285
489540.0,1760.8872569071639
489560.0,1760.7951074316345
489580.0,1760.7029579561317
489600.0,1760.6108084806006
489620.0,1760.518659005007
489640.0,1760.4265095293383
489660.0,1760.3343600536623
489680.0,1760.242210577981
489700.0,1760.1500611023014
489720.0,1760.0579116266297
489740.0,1759.9657621509923
489760.0,1759.8736126753636
489780.0,1759.781463199744
489800.0,1759.6893137241482
489820.0,1759.5971642485624
489840.0,1759.505014772994
489860.0,1759.412865297425
489880.0,1759.3207158218331
489900.0,1759.2285663461946
489920.0,1759.1364168705427
489940.0,1759.044267394866
489960.0,1758.9521179191877
489980.0,1758.8599684435335
490000.0,1758.7678189679111
490020.0,1758.6756694923183
490040.0,1758.5835200167123
490060.0,1758.4913705410877
490080.0,1758.3992210654833
490100.0,1758.3070715899107
490120.0,1758.21492211431
490140.0,1758.1227726386787
490160.0,1758.0306231630304
490180.0,1757.9384736873665
490200.0,1757.846324211737
490220.0,1757.7541747361422
490240.0,1757.6620252605503
490260.0,1757.5698757849739
490280.0,1757.4777263094152
490300.0,1757.385576833804
490320.0,1757.2934273581418
490340.0,1757.2012778824344
490360.0,1757.1091284067431
490380.0,1757.0169789310944
490400.0,1756.9248294554861
490420.0,1756.8326799799183
490440.0,1756.7405305043492
490460.0,1756.6483810287905
490480.0,1756.556231553262
490500.0,1756.4640820777418
490520.0,1756.3719326021371
490540.0,1756.2797831264586
490560.0,1756.1876336507582
490580.0,1756.0954841750822
490600.0,1756.0033346994278
490620.0,1755.9111852238086
490640.0,1755.8190357482458
490660.0,1755.7268862727306
490680.0,1755.6347367972248
490700.0,1755.5425873216998
490720.0,1755.450437846129
490740.0,1755.3582883705367
490760.0,1755.2661388949546
490780.0,1755.1739894193688
490800.0,1755.081839943778
490820.0,1754.9896904681714
490840.0,1754.8975409925756
490860.0,1754.8053915169446
490880.0,1754.7132420412643
490900.0,1754.6210925655173
490920.0,1754.5289430897774
490940.0,1754.4367936140375
490960.0,1754.3446441383137
490980.0,1754.2524946626277
491000.0,1754.160345186985
491020.0,1754.0681957114473
491040.0,1753.9760462359668
491060.0,1753.8838967604577
491080.0,1753.7917472848872
491100.0,1753.6995978092739
491120.0,1753.60744833367
491140.0,1753.5152988580853
491160.0,1753.423149382507
491180.0,1753.3309999068947
491200.0,1753.2388504312535
491220.0,1753.1467009556097
491240.0,1753.0545514800153
491260.0,1752.9624020044648
491280.0,1752.8702525289305
491300.0,1752.7781030534065
491320.0,1752.6859535778458
491340.0,1752.5938041021946
491360.0,1752.501654626547
491380.0,1752.4095051509444
491400.0,1752.317355675358
491420.0,1752.225206199798
491440.0,1752.1330567242144
491460.0,1752.0409072485759
491480.0,1751.9487577728964
491500.0,1751.856608297177
491520.0,1751.7644588214491
491540.0,1751.6723093457615
491560.0,1751.5801598701098
491580.0,1751.4880103945331
491600.0,1751.395860918985
491620.0,1751.3037114434287
491640.0,1751.2115619678698
491660.0,1751.1194124923263
491680.0,1751.0272630167813
491700.0,1750.9351135412076
491720.0,1750.8429640655845
491740.0,1750.7508145898912
491760.0,1750.6586651141356
491780.0,1750.566515638402
491800.0,1750.4743661627776
491820.0,1750.382216687199
491840.0,1750.2900672116448
491860.0,1750.1979177360913
491880.0,1750.105768260517
491900.0,1750.013618784902
491920.0,1749.921469309277
491940.0,1749.829319833653
491960.0,1749.7371703580127
491980.0,1749.6450208823626
492000.0,1749.552871406719
492020.0,1749.4607219310917
492040.0,1749.3685724554678
492060.0,1749.2764229798959
492080.0,1749.184273504367
492100.0,1749.0921240288276
492120.0,1748.9999745532568
492140.0,1748.907825077631
492160.0,1748.815675601961
492180.0,1748.7235261262492
492200.0,1748.631376650556
492220.0,1748.5392271748883
492240.0,1748.4470776992316
492260.0,1748.3549282235472
492280.0,1748.2627787478953
492300.0,1748.1706292723004
492320.0,1748.0784797967776
492340.0,1747.9863303212448
492360.0,1747.894180845647
492380.0,1747.8020313700224
492400.0,1747.7098818944164
492420.0,1747.617732418827
492440.0,1747.5255829432324
492460.0,1747.4334334676364
492480.0,1747.3412839920124
492500.0,1747.2491345163708
492520.0,1747.1569850407545
492540.0,1747.0648355651974
492560.0,1746.9726860896396
492580.0,1746.8805366140186
492600.0,1746.7883871383456
492620.0,1746.6962376626677
492640.0,1746.6040881869917
492660.0,1746.5119387113257
492680.0,1746.4197892357126
492700.0,1746.327639760139
492720.0,1746.2354902845793
492740.0,1746.1433408089688
492760.0,1746.051191333317
492780.0,1745.959041857622
492800.0,1745.8668923819096
492820.0,1745.7747429062474
492840.0,1745.6825934306496
492860.0,1745.590443955054
492880.0,1745.4982944794635
492900.0,1745.4061450038964
492920.0,1745.3139955283307
492940.0,1745.2218460527529
492960.0,1745.1296965771467
492980.0,1745.0375471015327
493000.0,1744.9453976259574
493020.0,1744.853248150419
493040.0,1744.7610986748823
493060.0,1744.6689491993288
493080.0,1744.5767997237556
493100.0,1744.4846502481037
493120.0,1744.392500772384
493140.0,1744.3003512966293
493160.0,1744.2082018208766
493180.0,1744.1160523451606
493200.0,1744.0239028695232
493220.0,1743.9317533939561
493240.0,1743.839603918442
493260.0,1743.7474544429278
493280.0,1743.6553049673844
493300.0,1743.5631554917793
493320.0,1743.4710060160864
493340.0,1743.3788565403527
493360.0,1743.286707064612
493380.0,1743.1945575889192
493400.0,1743.1024081133357
493420.0,1743.0102586378423
493440.0,1742.9181091623582
493460.0,1742.8259596868324
493480.0,1742.7338102112567
493500.0,1742.641660735655
493520.0,1742.549511260027
493540.0,1742.4573617843773
493560.0,1742.365212308699
493580.0,1742.273062833001
493600.0,1742.1809133573574
493620.0,1742.0887638817887
493640.0,1741.9966144062485
493660.0,1741.9044649306816
493680.0,1741.812315455126
493700.0,1741.7201659796415
493720.0,1741.628016504219
493740.0,1741.5358670287649
493760.0,1741.443717553181
493780.0,1741.3515680775017
493800.0,1741.2594186017664
493820.0,1741.1672691260057
493840.0,1741.0751196502242
493860.0,1740.9829701744718
493880.0,1740.8908206987362
493900.0,1740.798671223011
493920.0,1740.7065217473123
493940.0,1740.6143722716613
493960.0,1740.522222796056
493980.0,1740.430073320457
494000.0,1740.337923844879
494020.0,1740.2457743693667
494040.0,1740.1536248939258
494060.0,1740.0614754185049
494080.0,1739.9693259430792
494100.0,1739.877176467589
494120.0,1739.7850269920204
494140.0,1739.6928775163785
494160.0,1739.6007280406707
494180.0,1739.5085785649014
494200.0,1739.416429089136
494220.0,1739.3242796134048
494240.0,1739.2321301377265
494260.0,1739.139980662088
494280.0,1739.047831186484
494300.0,1738.9556817109217
494320.0,1738.8635322353598
494340.0,1738.7713827598193
494360.0,1738.6792332843129
494380.0,1738.5870838088126
494400.0,1738.4949343333199
494420.0,1738.4027848577996
494440.0,1738.3106353822382
494460.0,1738.2184859066242
494480.0,1738.126336430943
494500.0,1738.0341869552412
494520.0,1737.9420374795445
494540.0,1737.849888003858
494560.0,1737.7577385281784
494580.0,1737.6655890524883
494600.0,1737.5734395767643
494620.0,1737.4812901010223
494640.0,1737.3891406253708
494660.0,1737.2969911498137
494680.0,1737.2048416743387
494700.0,1737.1126921988355
494720.0,1737.0205427232318
494740.0,1736.928393247545
494760.0,1736.836243771811
494780.0,1736.7440942960761
494800.0,1736.6519448203846
494820.0,1736.5597953447555
494840.0,1736.4676458691883
494860.0,1736.3754963937495
494880.0,1736.2833469183472
494900.0,1736.1911974428854
494920.0,1736.0990479673462
494940.0,1736.0068984917448
494960.0,1735.9147490160842
494980.0,1735.8225995403932
495000.0,1735.7304500646405
495020.0,1735.638300588874
495040.0,1735.5461511131548
495060.0,1735.4540016374735
495080.0,1735.3618521618253
495100.0,1735.2697026862072
495120.0,1735.1775532106633
495140.0,1735.0854037351387
495160.0,1734.9932542596064
495180.0,1734.9011047840625
495200.0,1734.8089553084603
495220.0,1734.7168058328145
495240.0,1734.6246563571506
495260.0,1734.5325068815037
495280.0,1734.4403574058736
495300.0,1734.3482079302769
495320.0,1734.2560584547293
495340.0,1734.1639089792086
495360.0,1734.0717595036178
495380.0,1733.979610027984
495400.0,1733.8874605523306
495420.0,1733.7953110766666
495440.0,1733.7031616010274
495460.0,1733.6110121254274
495480.0,1733.5188626498802
495500.0,1733.4267131743504
495520.0,1733.334563698827
495540.0,1733.2424142232874
495560.0,1733.1502647476889
495580.0,1733.058115272031
495600.0,1732.9659657963773
495620.0,1732.8738163207279
495640.0,1732.78166684508
495660.0,1732.689517369438
495680.0,1732.5973678938412
495700.0,1732.5052184182628
495720.0,1732.4130689426681
495740.0,1732.3209194670562
495760.0,1732.2287699914239
495780.0,1732.136620515777
495800.0,1732.0444710400684
495820.0,1731.952321564281
495840.0,1731.8601720884024
495860.0,1731.7680226124914
495880.0,1731.6758731366535
495900.0,1731.5837236609646
495920.0,1731.4915741855427
495940.0,1731.3994247104597
495960.0,1731.3072752356952
495980.0,1731.2151257612022
496000.0,1731.1229762868345
496020.0,1731.030826812293
496040.0,1730.9386773371127
496060.0,1730.8465278607248
496080.0,1730.75437838259
496100.0,1730.6622289023871
496120.0,1730.5700794202844
496140.0,1730.4779299371378
496160.0,1730.3857804547174
496180.0,1730.2936309756637
496200.0,1730.2014815032592
496220.0,1730.1093320408272
496240.0,1730.0171825906887
496260.0,1729.925033152655
496280.0,1729.8328837225217
496300.0,1729.7407342908948
496320.0,1729.6485848426441
496340.0,1729.5564353580958
496360.0,1729.464285816394
496380.0,1729.3721362014014
496400.0,1729.279986510082
496420.0,1729.1878367619775
496440.0,1729.095687007656
496460.0,1729.0035373326707
496480.0,1728.9113878529479
496500.0,1728.8192386972682
496520.0,1728.7270899743605
496540.0,1728.6349417248002
496560.0,1728.5427938634723
496580.0,1728.4506461248952
496600.0,1728.3584980307064
496620.0,1728.266348904547
496640.0,1728.1741979602004
496660.0,1728.0820444826536
496680.0,1727.989888104469
496700.0,1727.8977291510298
496720.0,1727.8055689881949
496740.0,1727.7134102623925
496760.0,1727.6212568858955
496780.0,1727.52911360561
496800.0,1727.436985021793
496820.0,1727.3448740133638
496840.0,1727.2527796884183
496860.0,1727.1606952087484
496880.0,1727.0686061060635
496900.0,1726.9764899516645
496920.0,1726.8843183699591
496940.0,1726.7920622787158
496960.0,1726.699700777945
496980.0,1726.6072332120953
497000.0,1726.5146925994563
497020.0,1726.4221570036927
497040.0,1726.3297538484785
497060.0,1726.2376511801292
497080.0,1726.1460301659913
497100.0,1726.0550354200318
497120.0,1725.964704649777
497140.0,1725.8748867446284
497160.0,1725.7851670973123
497180.0,1725.6948288968888
497200.0,1725.6028863345114
497220.0,1725.5082260164236
497240.0,1725.4098817968625
497260.0,1725.3074418283763
497280.0,1725.2015433612814
497300.0,1725.0943536253915
497320.0,1724.9898732998724
497340.0,1724.8938494972274
497360.0,1724.8130718267726
497380.0,1724.7538759595875
497400.0,1724.7198198645958
497420.0,1724.708742115567
497440.0,1724.709748681024
497460.0,1724.7010570476225
497480.0,1724.649961788616
497500.0,1724.5163363220213
497520.0,1724.2608845201744
497540.0,1723.8586411626825
497560.0,1723.3168915738079
497580.0,1722.6947729826838
497600.0,1722.1195825487873
497620.0,1721.7927770419483
497640.0,1721.977630388287
497660.0,1722.961575862088
497680.0,1724.9905219027592
497700.0,1728.1807890807527
497720.0,1732.4270466173057
497740.0,1737.3409691860427
497760.0,1742.2731815768025
497780.0,1746.485641050919
497800.0,1749.4833328803902
497820.0,1751.206797181551
497840.0,1751.9073790995378
497860.0,1751.9636688433893
497880.0,1751.7498505148862
497900.0,1751.5604445517038
497920.0,1751.5815617574729
497940.0,1751.8941012573657
497960.0,1752.4942772542468
497980.0,1753.3198286595787
498000.0,1754.2746241872348
498020.0,1755.2487797291828
498040.0,1756.1349044576832
498060.0,1756.843122159034
498080.0,1757.3178370516257
498100.0,1757.5578640448325
498120.0,1757.6388118991094
498140.0,1757.7330611244488
498160.0,1758.1192041796744
498180.0,1759.17064339781
498200.0,1761.313691191454
498220.0,1764.9506170554164
498240.0,1770.3540430061585
498260.0,1777.5566151344021
498280.0,1786.283470092322
498300.0,1796.0017644446446
498320.0,1806.1296614431278
498340.0,1816.1475136548484
498360.0,1825.487367891215
498380.0,1833.4702996156207
498400.0,1839.3828584914058
498420.0,1842.64620713087
498440.0,1843.0853957633221
498460.0,1841.0271932967212
498480.0,1837.1095898369192
498500.0,1831.911875615721
498520.0,1825.827332748165
498540.0,1819.403312871928
498560.0,1813.5953084740024
498580.0,1809.4730398635045
498600.0,1807.700240666468
498620.0,1808.232245379249
498640.0,1810.397473859605
498660.0,1813.0987044155577
498680.0,1815.1738077509126
498700.0,1815.7649775632613
498720.0,1814.4260738330372
498740.0,1811.0547072708948
498760.0,1805.8711706060426
498780.0,1799.3574136300656
498800.0,1792.0058309247906
498820.0,1784.264491082196
498840.0,1776.6145189215445
498860.0,1769.4792215441794
498880.0,1763.0860359549529
498900.0,1757.5447997056283
498920.0,1752.9621319400546
498940.0,1749.484368325703
498960.0,1747.2346131538968
498980.0,1746.1806712581752
499000.0,1746.0634471980816
499020.0,1746.4041112007624
499040.0,1746.588614973273
499060.0,1745.9503147236912
499080.0,1743.8047422418763
499100.0,1739.5096743760096
499120.0,1732.6026501295055
499140.0,1722.9753788579492
499160.0,1711.041264417483
499180.0,1697.836731770242
499200.0,1684.8502028818216
499220.0,1673.5355172227996
499240.0,1664.8581428420366
499260.0,1659.1408054684466
499280.0,1656.155098485322
499300.0,1655.323375417221
499320.0,1655.9326014631638
499340.0,1657.3044786876762
499360.0,1658.9003819261009
499380.0,1660.3630469418217
499400.0,1661.509834890226
499420.0,1662.2967548323359
499440.0,1662.7709890754231
499460.0,1663.025134031895
499480.0,1663.1609332039461
499500.0,1663.2654175106338
499520.0,1663.3988532767464
499540.0,1663.5919280988778
499560.0,1663.8489902209608
499580.0,1664.1545036988045
499600.0,1664.480736799549
499620.0,1664.7956527618153
499640.0,1665.0707043294246
499660.0,1665.2885503460402
499680.0,1665.4505442877016
499700.0,1665.5832469218476
499720.0,1665.7423682650358
499740.0,1666.011745437297
499760.0,1666.4946092688303
499780.0,1667.294933862424
499800.0,1668.4885223258293
499820.0,1670.0869312026753
499840.0,1672.0023459932818
499860.0,1674.0276068637509
499880.0,1675.8517144377515
499900.0,1677.1355243863327
499920.0,1677.6576019849242
499940.0,1677.4357263607392
499960.0,1676.6869074545048
499980.0,1675.703101330735
500000.0,1674.7772625537825
500020.0,1674.1644230496033
500040.0,1674.0245474757041
500060.0,1674.3720242510226
500080.0,1675.0817156498154
500100.0,1675.9719590652414
500120.0,1676.9094103041157
500140.0,1677.9002151061584
500160.0,1679.059690857925
500180.0,1680.501704857592
500200.0,1682.302060997618
500220.0,1684.4626179483398
500240.0,1686.8425434918076
500260.0,1689.1865299000142
500280.0,1691.2363840247788
500300.0,1692.7900991505107
500320.0,1693.703217303487
500340.0,1693.9058035759037
500360.0,1693.4162165883267
500380.0,1692.3205091553918
500400.0,1690.726544136623
500420.0,1688.7756071883973
500440.0,1686.6949282968053
500460.0,1684.8072941235455
500480.0,1683.4647302451056
500500.0,1682.9382303101527
500520.0,1683.3392684069415
500540.0,1684.6192886435128
500560.0,1686.6168981919632
500580.0,1689.1184196941092
500600.0,1691.9107736569902
500620.0,1694.8170338743926
500640.0,1697.7131368997366
500660.0,1700.5290695847282
500680.0,1703.2399136647205
500700.0,1705.8521834220494
500720.0,1708.389782732786
500740.0,1710.8823400285626
500760.0,1713.357159712264
500780.0,1715.834846762012
500800.0,1718.3279248103306
500820.0,1720.841454379788
500840.0,1723.3746712799045
500860.0,1725.9228831484993
500880.0,1728.4791684606473
500900.0,1731.0357240687713
500920.0,1733.5849402715855
500940.0,1736.1204091233928
500960.0,1738.6380768469885
500980.0,1741.137637654024
501000.0,1743.6240539896721
501020.0,1746.1088161871098
501040.0,1748.6102837505641
501060.0,1751.1522649519163
501080.0,1753.7599927386393
501100.0,1756.4529467940888
501120.0,1759.23463127877
501140.0,1762.080455433276
501160.0,1764.926174542322
501180.0,1767.660666123274
501200.0,1770.1276893872193
501220.0,1772.141082602632
501240.0,1773.515872871095
501260.0,1774.1133323937108
501280.0,1773.8906962192582
501300.0,1772.9361342711818
501320.0,1771.45744811561
501340.0,1769.6897573050042
501360.0,1767.7990527553854
501380.0,1765.9896828711803
501400.0,1764.6032384584778
501420.0,1763.9418999524314
501440.0,1764.071700460369
501460.0,1764.7337897512648
501480.0,1765.3248727161313
501500.0,1765.1417293752806
501520.0,1763.970695836861
501540.0,1762.4483487873465
501560.0,1761.6920481156146
501580.0,1762.7016387713534
501600.0,1766.0322900838958
501620.0,1771.7222816082601
501640.0,1779.3710182510047
501660.0,1788.2830463039427
501680.0,1797.626360989012
501700.0,1806.5834873350927
501720.0,1814.4936538941322
501740.0,1820.991402528188
501760.0,1826.141385430336
501780.0,1830.553407911531
501800.0,1835.4407335255396
501820.0,1842.5651385546148
501840.0,1854.0027533217612
501860.0,1871.6746361903279
501880.0,1896.6234142803369
501900.0,1928.0863063005138
501920.0,1962.5118775536248
501940.0,1992.7779544413802
501960.0,2007.9618732190654
501980.0,1994.0474613511863
502000.0,1935.8704623047688
502020.0,1820.347983678986
502040.0,1640.5624264013084
502060.0,1399.602015542135
502080.0,1112.8245646032944
502100.0,807.5069250822005
502120.0,517.5441582674532
502140.0,272.80644623707036
502160.0,90.64210954990519
502180.0,-25.72752656875615
502200.0,-84.18961648848021
502220.0,-98.98811795607625
502240.0,-86.1500781386948
502260.0,-60.0920166628616
502280.0,-31.71089870895245
502300.0,-7.811453207959876
502320.0,8.506206163466691
502340.0,16.928926818612773
502360.0,18.8558991028711
502380.0,16.4291527460631
502400.0,11.81081193645243
502420.0,6.746943505194986
502440.0,2.3876461033595002
502460.0,-0.7040410671829671
502480.0,-2.4314529407485708
502500.0,-2.999902025150743
502520.0,-2.7580783733428014
502540.0,-2.073965518564674
502560.0,-1.255870319035283
502580.0,-0.5161650285528018
502600.0,0.03204241859358847
502620.0,0.3576479109873504
502640.0,0.4851782096279937
502660.0,0.46802700127321695
502680.0,0.3666554699921275
502700.0,0.23403363552455794
502720.0,0.10829230322442981
502740.0,0.011165544606337997
502760.0,-0.04976131245669295
502780.0,-0.07693904700051393
502800.0,-0.07841399529061822
502820.0,-0.06405298153572228
502840.0,-0.04290522188674685
502860.0,-0.02176526452773674
502880.0,-0.004742091425420896
502900.0,0.006479233585700734
502920.0,0.012007816776421364
502940.0,0.013016975204759067
502960.0,0.011095629783319282
502980.0,0.007775072268435168
503000.0,0.004253877280587836
503020.0,0.0012961953517527513
503040.0,-0.0007452785497514587
503060.0,-0.001835377398637208
503080.0,-0.002137875077818232
503100.0,-0.0019050469940955872
503120.0,-0.0013936413469246497
503140.0,-0.0008131728062497904
503160.0,-0.0003038281433207226
503180.0,6.341575181625938e-05
503200.0,0.0002732586013218457
503220.0,0.00034705974774592435
503240.0,0.0003242025392840653
503260.0,0.0002473142196118781
503280.0,0.0001526931968304046
503300.0,6.574868044309188e-05
503320.0,3.5976120785692653e-07
503340.0,-3.9269634589511154e-05
503360.0,-5.5606624092883074e-05
503380.0,-5.4674342405894306e-05
503400.0,-4.3475719299361576e-05
503420.0,-2.824432046961908e-05
503440.0,-1.3535777426899192e-05
503460.0,-2.0044865610817818e-06
503480.0,5.361679245458965e-06
503500.0,8.775220852164024e-06
503520.0,9.133516027166465e-06
503540.0,7.573736626087544e-06
503560.0,5.1569375366930656e-06
503580.0,2.6917400854984484e-06
503600.0,6.767632393288807e-07
503620.0,-6.739067654138356e-07
503640.0,-1.359963705427947e-06
503660.0,-1.5104949699072104e-06
503680.0,-1.307760805671034e-06
503700.0,-9.307392260121629e-07
503720.0,-5.216098565467824e-07
503740.0,-1.7263469601233372e-07
503760.0,7.206946331716632e-08
503780.0,2.0609411046448658e-07
503800.0,2.470902479567932e-07
503820.0,2.238312986165962e-07
503840.0,1.6622293588565418e-07
503860.0,9.903893279509943e-08
503880.0,3.9129630754128436e-08
503900.0,-4.725727564164365e-09
503920.0,-3.0338440455321977e-08
503940.0,-3.993271567107939e-08
503960.0,-3.7969885665663184e-08
503980.0,-2.9396947950295715e-08
504000.0,-1.8492489620889125e-08
504020.0,-8.298498395219474e-09
504040.0,-5.171445320122716e-10
504060.0,4.29105932694705e-09
504080.0,6.365312403330103e-09
504100.0,6.382102707274665e-09
504120.0,5.150889694628618e-09
504140.0,3.4041323153089805e-09
504160.0,1.6852360153444198e-09
504180.0,3.17534616693902e-10
504200.0,-5.716695086043888e-10
504220.0,-9.984317419711953e-10
504240.0,-1.0624140863861563e-09
504260.0,-8.944743621674752e-10
504280.0,-6.188905308509949e-10
504300.0,-3.317867523455007e-10
504320.0,-9.355758155624738e-11
504340.0,6.876559237235296e-11
504360.0,1.5359347466666162e-10
504380.0,1.7503802821561489e-10
504400.0,1.5396537520091838e-10
504420.0,1.1126918326394485e-10
504440.0,6.379579626603163e-11
504460.0,2.2666230303232023e-11
504480.0,-6.625373417049074e-12
504500.0,-2.3057712937830892e-11
504520.0,-2.851414578298945e-11
504540.0,-2.6268981254955896e-11
504560.0,-1.9801156073261096e-11
504580.0,-1.203672230074189e-11
504600.0,-4.998103233814108e-12
504620.0,2.323389439924562e-13
504640.0,3.351494706648136e-12
504660.0,4.586649235969414e-12
504680.0,4.4417606020151766e-12
504700.0,3.4901463262168428e-12
504720.0,2.235570546354332e-12
504740.0,1.0417323080813294e-12
504760.0,1.1685072459281584e-13
504780.0,-4.65418683303876e-13
504800.0,-7.271561671657441e-13
504820.0,-7.440660520479233e-13
504840.0,-6.095694030347605e-13
504860.0,-4.096345184922044e-13
504880.0,-2.0899933882804816e-13
504900.0,-4.6965665441824975e-14
504920.0,6.019774450468483e-14
504940.0,1.1332122330874527e-13
504960.0,1.234183173585008e-13
504980.0,1.0552105698707966e-13
505000.0,7.416874933178309e-14
505020.0,4.077459700780995e-14
505040.0,1.2640590391983726e-14
505060.0,-6.8388051306486816e-15
505080.0,-1.7293375691061107e-14
505100.0,-2.025454875919872e-14
505120.0,-1.8106344279585807e-14
505140.0,-1.3284877960043976e-14
505160.0,-7.783938415285745e-15
505180.0,-2.941904169818867e-15
505200.0,5.596861089583028e-16
505220.0,2.569237902230647e-15
505240.0,3.2852521826618035e-15
505260.0,3.0794229591019187e-15
505280.0,2.3559262014025374e-15
505300.0,1.4599735156649205e-15
505320.0,6.339573892209833e-16
505340.0,1.0918805724257611e-17
505360.0,-3.6813500286839263e-16
505380.0,-5.258522341237266e-16
505400.0,-5.189865105311081e-16
505420.0,-4.138857391093034e-16
505440.0,-2.697970327900248e-16
505460.0,-1.3014757333945013e-16
505480.0,-2.0346755388255406e-17
505500.0,5.0038880792494164e-17
505520.0,8.288827992247178e-17
505540.0,8.663928205542459e-17
505560.0,7.205654265140441e-17
505580.0,4.921859627500378e-17
505600.0,2.58285265191564e-17
505620.0,6.653988446395329e-18
505640.0,-6.240605605085169e-18
505660.0,-1.2827814001229296e-17
505680.0,-1.431787276765686e-17
505700.0,-1.2434395607007961e-17
505720.0,-8.876325957783524e-18
505740.0,-4.997223751664779e-18
505760.0,-1.678418093367782e-18
505780.0,6.558809324512169e-19
505800.0,1.940526450084311e-18
505820.0,2.3402716215680198e-18
505840.0,2.126910226667111e-18
505860.0,1.5841280852114767e-18
505880.0,9.476263413113386e-19
505900.0,3.782302609396647e-19
505920.0,-3.981561822234497e-20
505940.0,-2.849833233705059e-19
505960.0,-3.7787493076373077e-19
505980.0,-3.6057336148143466e-19
506000.0,-2.7997168981378277e-19
506020.0,-1.7675198380071777e-19
506040.0,-7.992574239685859e-20
506060.0,-5.800953635897212e-21
506080.0,4.017188509686414e-20
506100.0,6.01710791810012e-20
506120.0,6.056655953365667e-20
506140.0,4.902513106378813e-20
506160.0,3.250693414740203e-20
506180.0,1.6190782613902457e-20
506200.0,3.1704901097149154e-21
506220.0,-5.3232988852206895e-21
506240.0,-9.426502691041483e-21
506260.0,-1.0075354629295831e-20
506280.0,-8.508162894645083e-21
506300.0,-5.905125918018977e-21
506320.0,-3.181728299575171e-21
506340.0,-9.15237105415776e-22
506360.0,6.339808268313108e-22
506380.0,1.4479225294167066e-21
506400.0,1.6587136588385944e-21
506420.0,1.4636061662175666e-21
506440.0,1.0608854301058055e-21
506460.0,6.1089391881245205e-22
506480.0,2.1983123215419083e-22
506500.0,-5.951542806313618e-23
506520.0,-2.1694018702126047e-22
506540.0,-2.699834290702131e-22
506560.0,-2.495599068242022e-22
506580.0,-1.8866251585486167e-22
506600.0,-1.1512401370926263e-22
506620.0,-4.824164554839115e-23
506640.0,1.60468557581203e-24
506660.0,3.144892497659071e-23
506680.0,4.338721887130094e-23
506700.0,4.2170559834376376e-23
506720.0,3.3231980261611814e-23
506740.0,2.1360368499043518e-23
506760.0,1.0023436594614283e-23
506780.0,1.215104384263617e-24
506800.0,-4.350166514490472e-24
506820.0,-6.870938197684926e-24
506840.0,-7.059517955669026e-24
506860.0,-5.8004724861559335e-24
506880.0,-3.9105277025289275e-24
506900.0,-2.0065069131090196e-24
506920.0,-4.643178692262192e-25
506940.0,5.58999485585653e-25
506960.0,1.0693628521052513e-24
506980.0,1.170126085952914e-24
507000.0,1.0034874474133674e-24
507020.0,7.074868231714002e-25
507040.0,3.9079845798798326e-25
507060.0,1.2319275079328623e-25
507080.0,-6.266711647435695e-26
507100.0,-1.6292058671522371e-25
507120.0,-1.9188321549838092e-25
507140.0,-1.72082371438347e-25
507160.0,-1.2663170368609705e-25
507180.0,-7.450376039027587e-26
507200.0,-2.847546392913725e-26
507220.0,4.9097494618809226e-27
507240.0,2.4152370918606465e-26
507260.0,3.1096066870172956e-26
507280.0,2.924847196813594e-26
507300.0,2.2441635899535643e-26
507320.0,1.3958510255840787e-26
507340.0,6.111288817735082e-27
507360.0,1.7512936109660212e-28
507380.0,-3.450231820522589e-27
507400.0,-4.9724286872592195e-27
507420.0,-4.926159586005634e-27
507440.0,-3.939989263767022e-27
507460.0,-2.5770094251438725e-27
507480.0,-1.2511755398763001e-27
507500.0,-2.056999416530513e-28
507520.0,4.668091285094705e-28
507540.0,7.82869948486073e-28
507560.0,8.218079413944566e-28
507580.0,6.8551657294887725e-28
507600.0,4.697235644474176e-28
507620.0,2.478066233187886e-28
507640.0,6.53494361219965e-29
507660.0,-5.774571961256997e-29
507680.0,-1.2098463038500904e-28
507700.0,-1.3571083046573676e-28
507720.0,-1.1822312349354937e-28
507740.0,-8.464793484774547e-29
507760.0,-4.7870682372479063e-29
507780.0,-1.6309699042330538e-29
507800.0,5.956643064638459e-30
507820.0,1.82688667446777e-29
507840.0,2.2164154160759345e-29
507860.0,2.0209642577734822e-29
507880.0,1.5096249232412047e-29
507900.0,9.066371284921172e-30
507920.0,3.6548927473688725e-30
507940.0,-3.2988579527083743e-31
507960.0,-2.6764580586038152e-30
507980.0,-3.5755100238219754e-30
508000.0,-3.4239586394724796e-30
508020.0,-2.666284254624914e-30
508040.0,-1.6892873940412414e-30
508060.0,-7.6963720971908735e-31
508080.0,-6.356044382351331e-32
508100.0,3.75969581842322e-31
508120.0,5.687502263866985e-31
508140.0,5.747533903286879e-31
508160.0,4.665910117673984e-31
508180.0,3.103984695543977e-31
508200.0,1.5552904131997426e-31
508220.0,3.158344366143922e-32
508240.0,-4.954522243150666e-32
508260.0,-8.899003157635283e-32
508280.0,-9.554432821698925e-32
508300.0,-8.092544054693321e-32
508320.0,-5.63405521261803e-32
508340.0,-3.0508327412511887e-32
508360.0,-8.946058881952143e-33
508380.0,5.838906524204429e-33
508400.0,1.3647898053441476e-32
508420.0,1.5717606255209874e-32
508440.0,1.3912549696021438e-32
508460.0,1.0114410460710492e-32
508480.0,5.849251852232628e-33
508500.0,2.1311608322697727e-33
508520.0,-5.327626459806169e-34
508540.0,-2.0407740585441112e-33
508560.0,-2.5561536339219696e-33
508580.0,-2.370758698644559e-33
508600.0,-1.797465378764658e-33
508620.0,-1.101008939900798e-33
508640.0,-4.6550690692130955e-34
508660.0,9.508207636758288e-36
508680.0,2.9503657646935455e-34
508700.0,4.1039040615250444e-34
508720.0,4.003536563859889e-34
508740.0,3.1640951224302485e-34
508760.0,2.040802020378713e-34
508780.0,9.642721102952792e-35
508800.0,1.254271357009867e-35
508820.0,-4.064594560255521e-35
508840.0,-6.491840593909188e-35
508860.0,-6.6975761540069e-35
508880.0,-5.519310341726731e-35
508900.0,-3.732924496112056e-35
508920.0,-1.9261007486467736e-35
508940.0,-4.583542689020651e-36
508960.0,5.1876636121826844e-36
508980.0,1.0090069971788614e-35
509000.0,1.1093359531447662e-35
509020.0,9.542587579103103e-36
509040.0,6.748280330656414e-36
509060.0,3.745166359452019e-36
509080.0,1.1998572235170288e-36
509100.0,-5.7340276483152875e-37
509120.0,-1.534669841681655e-36
509140.0,-1.8177177942688228e-36
509160.0,-1.6353971149613428e-36
509180.0,-1.2069974921461027e-36
509200.0,-7.130506124563886e-37
509220.0,-2.7552520727928083e-37
509240.0,4.276370783065327e-38
509260.0,2.2700635621099457e-37
509280.0,2.943161109245951e-37
509300.0,2.777907334047407e-37
509320.0,2.137605423229999e-37
509340.0,1.334449675729482e-37
509360.0,5.889898646138079e-38
509380.0,2.3433324263392832e-39
509400.0,-3.232787925657646e-38
509420.0,-4.7015463076287083e-38
509440.0,-4.675636465263513e-38
509460.0,-3.750512008469229e-38
509480.0,-2.461318970516774e-38
509500.0,-1.2026278480665195e-38
509520.0,-2.0721564474152204e-39
509540.0,4.3530055752140466e-39
509560.0,7.393447669836389e-39
509580.0,7.794788732759598e-39
509600.0,6.521444857091867e-39
509620.0,4.482614734619623e-39
509640.0,2.37724472193477e-39
509660.0,6.411305689924811e-40
509680.0,-5.3390039294169e-40
509700.0,-1.1409304409271526e-39
509720.0,-1.2862552459442454e-39
509740.0,-1.1239876952824496e-39
509760.0,-8.07193241767279e-40
509780.0,-4.585311779684941e-40
509800.0,-1.584072453211659e-40
509820.0,5.397521933031251e-41
509840.0,1.7196515107944897e-40
509860.0,2.0989886052596304e-40
509880.0,1.920212107182697e-40
509900.0,1.438557832456185e-40
509920.0,8.673522295433322e-41
509940.0,3.5307340946577884e-41
509960.0,-2.673405185357435e-42
509980.0,-2.5131249664753963e-41
510000.0,-3.38297126689872e-41
510020.0,-3.2512012012147545e-41
510040.0,-2.539096977507702e-41
510060.0,-1.6144084156760877e-41
510080.0,-7.409686234044042e-42
510100.0,-6.842480017225119e-43
510120.0,3.517644004725461e-42
510140.0,5.3755220928474904e-42
510160.0,5.4539306936851394e-42
510180.0,4.440532937975594e-42
510200.0,2.963721047497719e-42
510220.0,1.493801734885427e-42
510240.0,3.13963610045672e-43
510260.0,-4.608911567675502e-43
510280.0,-8.400208483662644e-43
510300.0,-9.059983500843462e-43
510320.0,-7.696898031717062e-43
510340.0,-5.3751402354292234e-43
510360.0,-2.924999288888123e-43
510380.0,-8.737606095149569e-44
510400.0,5.371649135120731e-44
510420.0,1.286273040855374e-43
510440.0,1.4892828654120265e-43
510460.0,1.3224234557552183e-43
510480.0,9.642536184203432e-44
510500.0,5.600104790536216e-44
510520.0,2.0652218886878056e-44
510540.0,-4.7503746666468593e-45
510560.0,-1.9194617556748945e-44
510580.0,-2.4199682018609045e-44
510600.0,-2.2520643972813974e-44
510620.0,-1.7124399852863828e-44
510640.0,-1.0528909165602212e-44
510660.0,-4.490766961883008e-45
510680.0,3.5719057411030953e-47
510700.0,2.767234925444968e-45
510720.0,3.881515784749728e-45
510740.0,3.800654392218768e-45
510760.0,3.012476117258786e-45
510780.0,1.949687676021281e-45
510800.0,9.274847582666098e-46
510820.0,1.2866232698437102e-46
510840.0,-3.79640432239422e-46
510860.0,-6.1331365070644074e-46
510880.0,-6.353883263309471e-46
510900.0,-5.25155008861438e-46
510920.0,-3.563184021994584e-46
510940.0,-1.848676833916442e-46
510960.0,-4.518402197699049e-47
510980.0,4.811138542645219e-47
511000.0,9.519580334348248e-47
511020.0,1.0516488801871995e-46
511040.0,9.074062426302699e-47
511060.0,6.436434758712228e-47
511080.0,3.5887663408020037e-47
511100.0,1.1679207626627382e-47
511120.0,-5.2382853591850424e-48
511140.0,-1.4454253264057467e-47
511160.0,-1.721832070801137e-47
511180.0,-1.554144102992366e-47
511200.0,-1.150401447137105e-47
511220.0,-6.823800941586379e-48
511240.0,-2.6650495142024982e-48
511260.0,3.693133122981405e-49
511280.0,2.1332278029503855e-48
511300.0,2.78544231295465e-48
511320.0,2.6382321691202988e-48
511340.0,2.036014370434462e-48
511360.0,1.2756592881716287e-48
511380.0,5.675285161014917e-49
511400.0,2.872995219028726e-50
511420.0,-3.0282418393172136e-49
511440.0,-4.445082343513573e-49
511460.0,-4.437647207760689e-49
511480.0,-3.569990549066988e-49
511500.0,-2.3506776536916623e-49
511520.0,-1.1557837197517309e-49
511540.0,-2.0807952663947121e-50
511560.0,4.057419994364272e-50
511580.0,6.981756936302208e-50
511600.0,7.392933132882026e-50
511620.0,6.203703566540772e-50
511640.0,4.277564743655401e-50
511660.0,2.2802553525544497e-50
511680.0,6.283816524942255e-51
511700.0,-4.9320519384822635e-51
511720.0,-1.0758178139842164e-50
511740.0,-1.2190353375594178e-50
511760.0,-1.0685677291026517e-50
511780.0,-7.696917173360284e-51
511800.0,-4.3916442293307756e-51
511820.0,-1.537787747648246e-51
511840.0,4.878694965546746e-52
511860.0,1.6184704551035884e-51
511880.0,1.9876632404741427e-51
511900.0,1.824403260595027e-51
511920.0,1.3707718723703727e-51
511940.0,8.297046620438952e-52
511960.0,3.409819247845686e-52
511980.0,-2.1012555968820963e-53
512000.0,-2.359272632261754e-52
512020.0,-3.200580144027955e-52
512040.0,-3.087021050738287e-52
512060.0,-2.4178685973895548e-52
512080.0,-1.542745188931734e-52
512100.0,-7.132307325730145e-53
512120.0,-7.265639574935677e-54
512140.0,3.2901477288236626e-53
512160.0,5.080244076728309e-53
512180.0,5.175079608556318e-53
512200.0,4.225858732135005e-53
512220.0,2.829628875801198e-53
512240.0,1.4345426351405408e-53
512260.0,3.115038954198197e-54
512280.0,-4.2850956837874375e-54
512300.0,-7.928592200398707e-54
512320.0,-8.590683157974488e-54
512340.0,-7.320281538255676e-54
512360.0,-5.127851204880863e-54
512380.0,-2.8040513732769724e-54
512400.0,-8.527727330718776e-55
512420.0,4.935959900878603e-55
512440.0,1.2121226269613483e-54
512460.0,1.4110539177368116e-54
512480.0,1.2569432167257432e-54
512500.0,9.192226171017578e-55
512520.0,5.361098893861519e-55
512540.0,2.0005407492629073e-55
512560.0,-4.216734508767383e-56
512580.0,-1.8050617348462524e-55
512600.0,-2.2908939493106195e-55
512620.0,-2.139218423444388e-55
512640.0,-1.631361363464936e-55
512660.0,-1.0068015697912638e-55
512680.0,-4.331201460431933e-56
512700.0,-1.8051620257040235e-58
512720.0,2.594857546509252e-56
512740.0,3.670911740729168e-56
512760.0,3.6078879276912554e-56
512780.0,2.8679957961309006e-56
512800.0,1.8625224244075181e-56
512820.0,8.91948708213761e-57
512840.0,1.3127330448375042e-57
512860.0,-3.544588695318664e-57
512880.0,-5.793752046576837e-57
512900.0,-6.027533869437775e-57
512920.0,-4.996564349090217e-57
512940.0,-3.4009691408340524e-57
512960.0,-1.7741391962652172e-57
512980.0,-4.4484431926205055e-58
513000.0,4.4588714734984085e-58
513020.0,8.980390948257234e-58
513040.0,9.969090637661309e-58
513060.0,8.628171459437255e-58
513080.0,6.138683711198227e-58
513100.0,3.438552965840156e-58
513120.0,1.1361834308366284e-58
513140.0,-4.777162765008345e-59
513160.0,-1.3611843150327076e-58
513180.0,-1.6309092367064648e-58
513200.0,-1.4768640867717987e-58
513220.0,-1.0964067454599404e-58
513240.0,-6.5297510537099925e-59
513260.0,-2.576959197810851e-59
513280.0,3.156665584185508e-60
513300.0,2.004266747077566e-59
513320.0,2.636001086458871e-59
513340.0,2.505468248141179e-59
513360.0,1.9391636595190372e-59
513380.0,1.2193738406929065e-59
513400.0,5.467324882359748e-60
513420.0,3.3449545325096304e-61
513440.0,-2.835859805543376e-60
513460.0,-4.202284530551314e-60
513480.0,-4.211574673338418e-60
513500.0,-3.3980095325216387e-60
513520.0,-2.2448729896858505e-60
513540.0,-1.1105947324690079e-60
513560.0,-2.0835183907769898e-61
513580.0,3.7801917554179294e-61
513600.0,6.592379922511847e-61
513620.0,7.011444608331437e-61
513640.0,5.901190095549954e-61
513660.0,4.081671456384181e-61
513680.0,2.1869686895500313e-61
513700.0,6.153156403955927e-62
513720.0,-4.551973391249576e-62
513740.0,-1.014303789870636e-61
513760.0,-1.1552653736467856e-61
513780.0,-1.0158367287971425e-61
513800.0,-7.338957511541541e-62
513820.0,-4.205765327222056e-62
513840.0,-1.4921703635461455e-62
513860.0,4.397575852817683e-63
513880.0,1.5230117317742318e-62
513900.0,1.8821278276011407e-62
513920.0,1.7332990820711761e-62
513940.0,1.306118901901114e-62
513960.0,7.936298477357129e-63
513980.0,3.2921335782342545e-63
514000.0,-1.5787086236651563e-64
514020.0,-2.2143702492580777e-63
514040.0,-3.027811842921297e-63
514060.0,-2.9309990825583307e-63
514080.0,-2.3023254794165974e-63
514100.0,-1.474165310946858e-63
514120.0,-6.864023312645616e-64
514140.0,-7.63054219644208e-65
514160.0,3.0763707584590234e-64
514180.0,4.80079237921438e-64
514200.0,4.910251208982325e-64
514220.0,4.021388511497159e-64
514240.0,2.7014456684820946e-64
514260.0,1.377444727939252e-64
514280.0,3.0851765195163338e-65
514300.0,-3.981781301862258e-65
514320.0,-7.482707415557448e-65
514340.0,-8.145273405573945e-65
514360.0,-6.961794996267897e-65
514380.0,-4.891680593116743e-65
514400.0,-2.6878173699786404e-65
514420.0,-8.317072338518312e-66
514440.0,4.5298840583786083e-66
514460.0,1.142102157529632e-65
514480.0,1.3368585972845389e-65
514500.0,1.194653760951797e-65
514520.0,8.762518563948694e-66
514540.0,5.131848435802613e-66
514560.0,1.937155265944129e-66
514580.0,-3.723838499383998e-67
514600.0,-1.6971924431379535e-66
514620.0,-2.1685661832003903e-66
514640.0,-2.0319372198168968e-66
514660.0,-1.5540501962362112e-66
514680.0,-9.626595251172971e-67
514700.0,-4.1763096396321194e-67
514720.0,-6.663350665895002e-69
514740.0,2.4326263603391107e-67
514760.0,3.4714795340181136e-67
514780.0,3.4247407884210745e-67
514800.0,2.730324514171987e-67
514820.0,1.779141612918758e-67
514840.0,8.576311519013774e-68
514860.0,1.3331340552169456e-68
514880.0,-3.308196882128207e-68
514900.0,-5.472668817537644e-68
514920.0,-5.71766676768866e-68
514940.0,-4.753754527746733e-68
514960.0,-3.2459565640128877e-68
514980.0,-1.7023939862685709e-68
515000.0,-4.3742978007395564e-69
515020.0,4.129403026805241e-69
515040.0,8.470825820684948e-69
515060.0,9.449683991119386e-69
515080.0,8.20383964584305e-69
515100.0,5.854406891719537e-69
515120.0,3.294301700231281e-69
515140.0,1.104703798213443e-69
515160.0,-4.348475343365825e-70
515180.0,-1.2816741195468952e-69
515200.0,-1.5446968320896225e-69
515220.0,-1.4033659496511604e-69
515240.0,-1.044896556053631e-69
515260.0,-6.247864814116672e-70
515280.0,-2.490994478651691e-70
515300.0,2.6638053993045785e-71
515320.0,1.8827423725750174e-70
515340.0,2.494410952465051e-70
515360.0,2.3792790314638253e-70
515380.0,1.8468366216116782e-70
515400.0,1.1654913284957345e-70
515420.0,5.265889872147677e-71
515440.0,3.763576982314341e-72
515460.0,-2.654948521813721e-71
515480.0,-3.972439154848284e-71
515500.0,-3.996831622657806e-71
515520.0,-3.2341724577398666e-71
515540.0,-2.143700994183829e-71
515560.0,-1.067013048588469e-71
515580.0,-2.0808851589136845e-72
515600.0,3.5202425123992943e-72
515620.0,6.224134036887728e-72
515640.0,6.649307524023109e-72
515660.0,5.613187364771807e-72
515680.0,3.894537893458582e-72
515700.0,2.097258625509667e-72
515720.0,6.019948281028084e-73
515740.0,-4.197126691427376e-73
515760.0,-9.561945128478894e-73
515780.0,-1.094771239237349e-72
515800.0,-9.65666389076948e-73
515820.0,-6.99729708599606e-73
515840.0,-4.027384493127444e-73
515860.0,-1.4472680230902354e-73
515880.0,3.951733512138988e-74
515900.0,1.4329613131034933e-73
515920.0,1.782086514573276e-73
515940.0,1.6466722611951765e-73
515960.0,1.2444572911407764e-73
515980.0,7.590655404425445e-74
516000.0,3.177655958898725e-74
516020.0,-1.1022964460176927e-75
516040.0,-2.0779159074509257e-74
516060.0,-2.8641682287562275e-74
516080.0,-2.7827363370699298e-74
516100.0,-2.192206264554767e-74
516120.0,-1.4085415056524685e-74
516140.0,-6.604620180424824e-75
516160.0,-7.941869287148085e-76
516180.0,2.8755233156392936e-75
516200.0,4.536336254203408e-75
516220.0,4.658751550580164e-75
516240.0,3.8266460727201585e-75
516260.0,2.57891957804243e-75
516280.0,1.3224408844571272e-75
516300.0,3.050625602468456e-76
516320.0,-3.697748728952702e-76
516340.0,-7.061182738426517e-76
516360.0,-7.722557824467258e-76
516380.0,-6.620580555288744e-76
516400.0,-4.666142238112734e-76
516420.0,-2.5761305459773113e-76
516440.0,-8.106230600470477e-77
516460.0,4.151581443596902e-77
516480.0,1.075987744251165e-76
516500.0,1.2664924418742774e-76
516520.0,1.1354021483585715e-76
516540.0,8.352493144994585e-77
516560.0,4.911980735663928e-77
516580.0,1.875096500213472e-77
516600.0,-3.2689938546045936e-78
516620.0,-1.5954928609560786e-77
516640.0,-2.052638602983932e-77
516660.0,-1.929950748954693e-77
516680.0,-1.4803351087936909e-77
516700.0,-9.203864311030031e-78
516720.0,-4.026023164005744e-78
516740.0,-1.1040423177992939e-79
516760.0,2.279967385913208e-78
516780.0,3.2826380378240205e-78
516800.0,3.2507405584105424e-78
516820.0,2.5991475127182604e-78
516840.0,1.6993870865919294e-78
516860.0,8.244994399388066e-79
516880.0,1.3483226047282527e-79
516900.0,-3.0863313326181157e-79
516920.0,-5.16892110182164e-79
516940.0,-5.423462839293715e-79
516960.0,-4.52254952173466e-79
516980.0,-3.097836319150097e-79
517000.0,-1.633349504139143e-79
517020.0,-4.2965479077462495e-80
517040.0,3.821357693859119e-80
517060.0,7.989296859246787e-80
517080.0,8.956861056471173e-80
517100.0,7.80004208041343e-80
517120.0,5.583010397338488e-80
517140.0,3.155794910541592e-80
517160.0,1.0735342008516663e-80
517180.0,-3.9501682522372413e-81
517200.0,-1.206636571516987e-80
517220.0,-1.4629550311261997e-80
517240.0,-1.3334676109129017e-80
517260.0,-9.957591493997695e-81
517280.0,-5.977667865978089e-81
517300.0,-2.407162235269381e-81
517320.0,2.2115857525615662e-82
517340.0,1.768240377885838e-81
517360.0,2.3602670359261e-81
517380.0,2.259344098445481e-81
517400.0,1.758826254277939e-81
517420.0,1.113913629303203e-81
517440.0,5.070848473816049e-82
517460.0,4.132941847474523e-83
517480.0,-2.4848529641371124e-82
517500.0,-3.7548691100827325e-82
517520.0,-3.7928592925737586e-82
517540.0,-3.078100841596356e-82
517560.0,-2.0469658691106403e-82
517580.0,-1.024991476367708e-82
517600.0,-2.0734144936063107e-83
517620.0,3.2765548321249946e-83
517640.0,5.875898153164399e-83
517660.0,6.305556088946604e-83
517680.0,5.3390114131600796e-83
517700.0,3.71578363318116e-83
517720.0,2.0110023710987213e-83
517740.0,5.884761739402754e-84
517760.0,-3.8659655950510687e-84
517780.0,-9.013063475558801e-84
517800.0,-1.0373874662983452e-83
517820.0,-9.17934417778611e-84
517840.0,-6.671212051535425e-84
517860.0,-3.8562206102139977e-84
517880.0,-1.4031221336935004e-84
517900.0,3.538883181620364e-85
517920.0,1.348021989273614e-84
517940.0,1.6872583183757996e-84
517960.0,1.564306285434972e-84
517980.0,1.1856516447874344e-84
518000.0,7.259517551906578e-85
518020.0,3.0663594381626035e-85
518040.0,-6.687702008175012e-87
518060.0,-1.9494350562799975e-85
518080.0,-2.7091765100490464e-85
518100.0,-2.6418530487986217e-85
518120.0,-2.0872613342967835e-85
518140.0,-1.345751444547123e-85
518160.0,-6.353882670457834e-86
518180.0,-8.203985381414844e-87
518200.0,2.6868595636016902e-86
518220.0,4.2860877634783125e-86
518240.0,4.419920484712948e-86
518260.0,3.6411769824376365e-86
518280.0,2.4618090170923944e-86
518300.0,1.2694652769877908e-86
518320.0,3.0119192888194502e-87
518340.0,-3.431847810233624e-87
518360.0,-6.662718410125023e-87
518380.0,-7.321398961000933e-87
518400.0,-6.295820198150154e-87
518420.0,-4.450770488499964e-87
518440.0,-2.4688289994816775e-87
518460.0,-7.895735655148617e-88
518480.0,3.799320027663318e-88
518500.0,1.0135673665495416e-87
518520.0,1.199761186474203e-87
518540.0,1.0790426419111326e-87
518560.0,7.961269602093011e-88
518580.0,4.70113582179173e-88
518600.0,1.8143892968232684e-88
518620.0,-2.849672364166176e-89
518640.0,-1.499621420424094e-88
518660.0,-1.9427823878588508e-88
518680.0,-1.833001860187128e-88
518700.0,-1.4100523278367238e-88
518720.0,-8.799068617481593e-89
518740.0,-3.880268972616217e-89
518760.0,-1.4971706195774908e-90
518780.0,2.1363381477704455e-89
518800.0,3.1038358235885266e-89
518820.0,3.0854376499397653e-89
518840.0,2.474164264865518e-89
518860.0,1.62310695325156e-89
518880.0,7.925211464379389e-90
518900.0,1.358760260543115e-90
518920.0,-2.8781448439353907e-90
518940.0,-4.881593179995853e-90
518960.0,-5.144143028087953e-90
518980.0,-4.30240448710345e-90
519000.0,-2.9563112341354287e-90
519020.0,-1.5669162183118257e-90
519040.0,-4.215728541698827e-91
519060.0,3.533439175100104e-91
519080.0,7.534299346122837e-91
519100.0,8.489283705502717e-91
519120.0,7.415801696249233e-91
519140.0,5.323925645889142e-91
519160.0,3.022821736266934e-91
519180.0,1.042721209154522e-91
519200.0,-3.580308948244426e-92
519220.0,-1.135827264327686e-91
519240.0,-1.3854560198329597e-91
519260.0,-1.2669956065681745e-91
519280.0,-9.488876826870219e-92
519300.0,-5.7187026483606924e-92
519320.0,-2.3254634725317694e-92
519340.0,1.7972242880483598e-93
519360.0,1.660368925626332e-92
519380.0,2.233184987453208e-92
519400.0,2.14535838891848e-92
519420.0,1.6749348029544177e-92
519440.0,1.0645463718800939e-92
519460.0,4.8820659900607044e-93
519480.0,4.4568585850501437e-94
519500.0,-2.324954326720975e-93
519520.0,-3.548932051053109e-93
519540.0,-3.599126038226685e-93
519560.0,-2.9294334207101794e-93
519580.0,-1.9544796982693345e-93
519600.0,-9.844835235675475e-94
519620.0,-2.061587499683185e-94
519640.0,3.048168854755446e-94
519660.0,5.546609471674978e-94
519680.0,5.979271949401789e-94
519700.0,5.078009902162527e-94
519720.0,3.5450441577661427e-94
519740.0,1.928080437923402e-94
519760.0,5.74811670485237e-95
519780.0,-3.5570338691954424e-95
519800.0,-8.494653502867995e-95
519820.0,-9.829568111162129e-95
519840.0,-8.72524259643919e-95
519860.0,-6.360009724756136e-95
519880.0,-3.6920018071683556e-95
519900.0,-1.3597682909136717e-95
519920.0,3.156878008481377e-96
519940.0,1.2679124861540696e-95
519960.0,1.5973763896202796e-95
519980.0,1.4859949365560325e-95
520000.0,1.1295725367687827e-95
520020.0,6.9423069856334894e-96
520040.0,2.958211862745361e-96
520060.0,-2.7508697874648385e-98
520080.0,-1.8284790476272453e-96
520100.0,-2.5623879702252523e-96
520120.0,-2.5079877387806783e-96
520140.0,-1.987252297867715e-96
520160.0,-1.2856775725105907e-96
520180.0,-6.111594925374311e-97
520200.0,-8.420957785060332e-98
520220.0,2.5096752267859445e-97
520240.0,4.0492996080732885e-97
520260.0,4.193130039559953e-97
520280.0,3.4645476057858816e-97
520300.0,2.3498822675389735e-97
520320.0,1.2184534154396615e-97
520340.0,2.969549823179946e-98
520360.0,-3.182994088838985e-98
520380.0,-6.286082628978441e-98
520400.0,-6.940715467313521e-98
520420.0,-5.98673393049611e-98
520440.0,-4.2451193800140124e-98
520460.0,-2.3657555936453635e-98
520480.0,-7.686069145302967e-99
520500.0,3.4714698069322342e-99
520520.0,9.546402546595222e-99
520540.0,1.136480262690402e-98
520560.0,1.025436374883447e-98
520580.0,7.588005864047955e-99
520600.0,4.498966096001392e-99
520620.0,1.7550528178245243e-99
520640.0,-2.4635008289306483e-100
520660.0,-1.4092549796937022e-99
520680.0,-1.838685328574151e-99
520700.0,-1.7408456855789746e-99
520720.0,-1.3430453548320135e-99
520740.0,-8.411482210644109e-100
520760.0,-3.738969909862558e-100
520780.0,-1.84902366897837e-101
520800.0,2.001225988441963e-100
520820.0,2.934549668233947e-100
520840.0,2.928404219026459e-100
520860.0,2.3550878488462265e-100
520880.0,1.550155355805209e-100
520900.0,7.61664126940573e-101
520920.0,1.364876047902221e-101
520940.0,-2.682837815531057e-101
520960.0,-4.609816787219076e-101
520980.0,-4.878966412829746e-101
521000.0,-4.092799658998313e-101
521020.0,-2.821096439266006e-101
521040.0,-1.503006776985873e-101
521060.0,-4.132331047850497e-102
521080.0,3.2644259719018116e-102
521100.0,7.104407641082541e-102
521120.0,8.045680093668803e-102
521140.0,7.050187077252292e-102
521160.0,5.0766083439426145e-102
521180.0,2.895177957517796e-102
521200.0,1.0123060656063065e-102
521220.0,-3.2370802119978484e-103
521240.0,-1.0690148342447312e-102
521260.0,-1.3119834039827988e-102
521280.0,-1.2037846891801369e-102
521300.0,-9.041799935742836e-103
521320.0,-5.470527908316089e-103
521340.0,-2.245893881149513e-103
521360.0,1.418112266029698e-104
521380.0,1.558757451605955e-103
521400.0,2.1127999594926992e-103
521420.0,2.0370314796371226e-103
521440.0,1.5949733597919175e-103
521460.0,1.0172988079491404e-103
521480.0,4.699405303180324e-104
521500.0,4.738883328803095e-105
521520.0,-2.1746680701703476e-104
521540.0,-3.3540186388532916e-104
521560.0,-3.415126038714018e-104
521580.0,-2.7878253874688087e-104
521600.0,-1.8660621528216943e-104
521620.0,-9.454434442355299e-105
521640.0,-2.045849905683199e-105
521660.0,2.834179132879278e-105
521680.0,5.235260538128778e-105
521700.0,5.669581896359911e-105
521720.0,4.8295606856022296e-105
521740.0,3.3819702231992344e-105
521760.0,1.848376614931467e-105
521780.0,5.61048692506854e-106
521800.0,-3.2689602416077534e-106
521820.0,-8.005067671412447e-106
521840.0,-9.31329851997704e-106
521860.0,-8.293248324949276e-106
521880.0,-6.063027296698004e-106
521900.0,-3.5344652385343174e-106
521920.0,-1.3172367474479939e-106
521940.0,2.803701105066369e-107
521960.0,1.1923666285565768e-106
521980.0,1.5121873129352895e-106
522000.0,1.4115418100575538e-106
522020.0,1.076096255672323e-106
522040.0,6.638467003711648e-107
522060.0,2.853176454102541e-107
522080.0,8.160243875296892e-110
522100.0,-1.7146237548170484e-107
522120.0,-2.4233767616455227e-107
522140.0,-2.3807963490489798e-107
522160.0,-1.8919515010335645e-107
522180.0,-1.228206938612309e-107
522200.0,-5.877541074270078e-108
522220.0,-8.59657506568484e-109
522240.0,2.3433053368714046e-108
522260.0,3.8252630677504574e-108
522280.0,3.9777828774138715e-108
522300.0,3.296344177045591e-108
522320.0,2.2429171030611827e-108
522340.0,1.1693421770946528e-108
522360.0,2.92397131271382e-109
522380.0,-2.950165172379889e-109
522400.0,-5.930108061277486e-109
522420.0,-6.579479378043208e-109
522440.0,-5.69257805058155e-109
522460.0,-4.048761842640482e-109
522480.0,-2.2667578850116217e-109
522500.0,-7.47766460525291e-110
522520.0,3.166497028039744e-110
522540.0,8.990163042147087e-110
522560.0,1.0764743224308647e-109
522580.0,9.744510331633477e-110
522600.0,7.231896501279372e-110
522620.0,4.305135999882387e-110
522640.0,1.69710103942404e-110
522660.0,-2.1082520339849372e-111
522680.0,-1.324087850309807e-110
522700.0,-1.7400510016630166e-110
522720.0,-1.6532490636340152e-110
522740.0,-1.279164652738146e-110
522760.0,-8.040406498587508e-111
522780.0,-3.602045305958937e-111
522800.0,-2.1626900237873638e-112
522820.0,1.8741464693541424e-111
522840.0,2.774283135189371e-111
522860.0,2.7792331314257548e-111
522880.0,2.241644348053182e-111
522900.0,1.480392251544878e-111
522920.0,7.318965701041215e-112
522940.0,1.3670685143170135e-112
522960.0,-2.499655650345738e-112
522980.0,-4.352768696487235e-112
523000.0,-4.627228370669381e-112
523020.0,-3.8932392233763224e-112
523040.0,-2.69191888690165e-112
523060.0,-1.4415360132042913e-112
523080.0,-4.046806066304054e-113
523100.0,3.013167217391696e-113
523120.0,6.698271102394391e-113
523140.0,7.624841428930411e-113
523160.0,6.702310368442832e-113
523180.0,4.840537494169444e-113
523200.0,2.772665859159159e-113
523220.0,9.823250936800733e-114
523240.0,-2.9187735585943072e-114
523260.0,-1.0059802783631954e-113
523280.0,-1.2423316457413287e-113
523300.0,-1.1436774458836346e-113
523320.0,-8.615384022426945e-114
523340.0,-5.232718219795928e-114
523360.0,-2.1684443566755307e-114
523380.0,1.0718043320673e-115
523400.0,1.463055535772653e-114
523420.0,1.9987656327725918e-114
523440.0,1.9340868941635294e-114
523460.0,1.518761479250457e-114
523480.0,9.720836875053058e-115
523500.0,4.52272744200765e-115
523520.0,4.9823344289208777e-116
523540.0,-2.033442072634042e-115
523560.0,-3.1695508732393653e-115
523580.0,-3.2403780634630173e-115
523600.0,-2.652947658920497e-115
523620.0,-1.7815402064054137e-115
523640.0,-9.078262791954241e-116
523660.0,-2.0266143584547995e-116
523680.0,2.633731639987067e-116
523700.0,4.940896412329252e-116
523720.0,5.375655681832673e-116
523740.0,4.593070442600572e-116
523760.0,3.226227252075817e-116
523780.0,1.7717779390890775e-116
523800.0,5.472303229319688e-117
523820.0,-3.0004536256200964e-117
523840.0,-7.542745577162925e-117
523860.0,-8.82364606327878e-117
523880.0,-7.882302752645974e-117
523900.0,-5.779630595616317e-117
523920.0,-3.3833568640066624e-117
523940.0,-1.2755528503353354e-117
523960.0,2.4774580469695383e-118
523980.0,1.1211325466133767e-117
524000.0,1.4314504414338427e-117
524020.0,1.3407598565842765e-117
524040.0,1.0251045605549063e-117
524060.0,6.347461466660101e-118
524080.0,2.751212340924572e-118
524100.0,4.039651428235196e-120
524120.0,-1.6074682637847099e-118
524140.0,-2.2917387590929943e-118
524160.0,-2.2599514173262155e-118
524180.0,-1.801141555648332e-118
524200.0,-1.17323103184757e-118
524220.0,-5.651505761980229e-119
524240.0,-8.734364455699867e-120
524260.0,2.1871220983182058e-119
524280.0,3.613306043249284e-119
524300.0,3.7733108246317346e-119
524320.0,3.1361719105806123e-119
524340.0,2.140700424468057e-119
524360.0,1.1220698301589086e-119
524380.0,2.8756022653607335e-120
524400.0,-2.7323972953095225e-120
524420.0,-5.5936885281554284e-120
524440.0,-6.23671351696044e-120
524460.0,-5.412643495776956e-120
524480.0,-3.861288937344661e-120
524500.0,-2.1716880472777367e-120
524520.0,-7.270911003273316e-121
524540.0,2.88295873023778e-121
524560.0,8.465155207660646e-121
524580.0,1.0195767845928072e-120
524600.0,9.259605519233611e-121
524620.0,6.892171189909551e-121
524640.0,4.1193216835239765e-121
524660.0,1.6405432139338519e-121
524680.0,-1.781836228809459e-122
524700.0,-1.2438308749825874e-121
524720.0,-1.6465979841006985e-121
524740.0,-1.5699899895236676e-121
524760.0,-1.2182673456871965e-121
524780.0,-7.685169347459162e-122
524800.0,-3.469411510462063e-122
524820.0,-2.441056132437723e-123
524840.0,1.7546418557643724e-122
524860.0,2.622565225716625e-122
524880.0,2.637536976947186e-122
524900.0,2.1335722766845228e-122
524920.0,1.413683198356478e-122
524940.0,7.031870436322422e-123
524960.0,1.3657076708236545e-123
524980.0,-2.3278862945805533e-123
525000.0,-4.109668422961929e-123
525020.0,-4.388258827557866e-123
525040.0,-3.703250238096225e-123
525060.0,-2.568516888165055e-123
525080.0,-1.3824209441062428e-123
525100.0,-3.95956632437402e-124
525120.0,2.7785787333589654e-124
525140.0,6.314610214520868e-124
525160.0,7.225618895465395e-124
525180.0,6.371325279605506e-124
525200.0,4.615214440635524e-124
525220.0,2.655094091986809e-124
525240.0,9.528100796120725e-125
525260.0,-2.6237830129060205e-125
525280.0,-9.465163075935074e-125
525300.0,-1.1763055276543624e-124
525320.0,-1.0865239337862204e-124
525340.0,-8.20869521417334e-125
525360.0,-5.004863509826791e-125
525380.0,-2.093101480528292e-125
525400.0,7.560088657051978e-127
525420.0,1.3729318319277056e-125
525440.0,1.8907532905800936e-125
525460.0,1.8362614446646776e-125
525480.0,1.4461268097686647e-125
525500.0,9.288171374985862e-126
525520.0,4.351892099115654e-126
525540.0,5.19030708671763e-127
525560.0,-1.900754878505954e-126
525580.0,-2.9949805078359844e-126
525600.0,-3.074424296423085e-126
525620.0,-2.5244861770997053e-126
525640.0,-1.7007478596041688e-126
525660.0,-8.71587890710653e-127
525680.0,-2.00426257898753e-127
525700.0,2.4460209394313604e-127
525720.0,4.662611979306379e-127
525740.0,5.096703939027309e-127
525760.0,4.367973370730596e-127
525780.0,3.0774947485979427e-127
525800.0,1.698174660870055e-127
525820.0,5.333956580869887e-128
525840.0,-2.750298606000589e-128
525860.0,-7.106209430627605e-128
525880.0,-8.359261660741804e-128
525900.0,-7.491397073632266e-128
525920.0,-5.509212898050659e-128
525940.0,-3.2384312272736414e-128
525960.0,-1.2347374483084738e-128
525980.0,2.1763697894396937e-129
526000.0,1.0539719230942713e-128
526020.0,1.3549372636181417e-128
526040.0,1.2734709443218297e-128
526060.0,9.764844467249171e-129
526080.0,6.068774141271688e-129
526100.0,2.6522750506525814e-129
526120.0,6.944969994742659e-131
526140.0,-1.5066336326942346e-129
526160.0,-2.1670904698151356e-129
526180.0,-2.1451412900777953e-129
526200.0,-1.7146148890929457e-129
526220.0,-1.1206456217232958e-129
526240.0,-5.433274626408877e-130
526260.0,-8.837608229298983e-131
526280.0,2.0405328672115656e-130
526300.0,3.412791196276934e-130
526320.0,3.5791734709057466e-130
526340.0,2.983654150421756e-130
526360.0,2.0430279076272892e-130
526380.0,1.0765760516638307e-130
526400.0,2.824827972302389e-131
526420.0,-2.5287820668120564e-131
526440.0,-5.275775859921642e-131
526460.0,-5.911489027561943e-131
526480.0,-5.146254262612339e-131
526500.0,-3.6823091215377107e-131
526520.0,-2.0804027911046242e-131
526540.0,-7.066156054365183e-132
526560.0,2.6194975876561025e-132
526580.0,7.969674927119325e-132
526600.0,9.656294036779964e-132
526620.0,8.798448260326954e-132
526640.0,6.568093237010171e-132
526660.0,3.94121067737989e-132
526680.0,1.5853842991520175e-132
526700.0,-1.4822930857487534e-133
526720.0,-1.1682105531139829e-132
526740.0,-1.55805910637851e-132
526760.0,-1.490857090607627e-132
526780.0,-1.1602169310969295e-132
526800.0,-7.34512419390759e-133
526820.0,-3.340982382042304e-133
526840.0,-2.6868186118238946e-134
526860.0,1.6422796813077287e-133
526880.0,2.4789490970270654e-133
526900.0,2.502947129817387e-133
526920.0,2.0306220299284168e-133
526940.0,1.3498991476858718e-133
526960.0,6.755045348886866e-134
526980.0,1.3611368173536859e-134
527000.0,-2.1668579087661483e-134
527020.0,-3.8797760433925465e-134
527040.0,-4.161420591562093e-134
527060.0,-3.5223816013156787e-134
527080.0,-2.450639666210772e-134
527100.0,-1.3255807649284489e-134
527120.0,-3.8709892546385426e-135
527140.0,2.559639301257755e-135
527160.0,5.952212912332614e-135
527180.0,6.846920725045927e-135
527200.0,6.056425178335868e-135
527220.0,4.400161950865108e-135
527240.0,2.5422775316775218e-135
527260.0,9.237886287923361e-136
527280.0,-2.3505992294492666e-136
527300.0,-8.904267328941811e-136
527320.0,-1.1137196426828533e-135
527340.0,-1.0321813319944287e-135
527360.0,-7.820840740795563e-136
527380.0,-4.786568592571629e-136
527400.0,-2.0198479656094025e-136
527420.0,4.6857887628597175e-138
527440.0,1.2880730531945941e-136
527460.0,1.788450938579323e-136
527480.0,1.7433046042126215e-136
527500.0,1.3769047409053343e-136
527520.0,8.874185438840782e-137
527540.0,4.1867581019002275e-137
527560.0,5.365687134901159e-138
527580.0,-1.7761140397525135e-137
527600.0,-2.829787544304286e-137
527620.0,-2.916829215598067e-137
527640.0,-2.4021412396410646e-137
527660.0,-1.623525873662706e-137
527680.0,-8.366849918660191e-138
527700.0,-1.9791473878321156e-138
527720.0,2.2702875053649428e-138
527740.0,4.399549395905634e-138
527760.0,4.831976201608237e-138
527780.0,4.15372993700642e-138
527800.0,2.935465735192324e-138
527820.0,1.6274602052520582e-138
527840.0,5.195800935219956e-139
527860.0,-2.5173511714978347e-139
527880.0,-6.694059766891399e-139
527900.0,-7.918863508717214e-139
527920.0,-7.119569988994865e-139
527940.0,-5.2511937866311584e-139
527960.0,-3.099451235109578e-139
527980.0,-1.1948072712207124e-139
528000.0,1.89876597917834e-140
528020.0,9.90659279596642e-140
528040.0,1.2824308011921163e-139
528060.0,1.2095054414693205e-139
528080.0,9.301279211436569e-140
528100.0,5.80190805867695e-140
528120.0,2.5563169628287093e-140
528140.0,9.555329275852396e-142
528160.0,-1.4117617165210075e-140
528180.0,-2.0490679974295163e-140
528200.0,-2.0360693722352067e-140
528220.0,-1.6321733128486615e-140
528240.0,-1.0703506036475343e-140
528260.0,-5.2226347278582153e-141
528280.0,-8.909359111819172e-142
528300.0,1.902978237538283e-141
528320.0,3.223114182485098e-141
528340.0,3.394856834689674e-141
528360.0,2.8384315569036855e-141
528380.0,1.9497036636333403e-141
528400.0,1.0328019402145164e-141
528420.0,2.7720027437203975e-142
528440.0,-2.3384633944323698e-142
528460.0,-4.975376909503619e-142
528480.0,-5.602923021752588e-142
528500.0,-4.892765897120117e-142
528520.0,-3.511447542253168e-142
528540.0,-1.9927632804794556e-142
528560.0,-6.86370931675624e-143
528580.0,2.3748370357608333e-143
528600.0,7.502108912298011e-143
528620.0,9.144818593001017e-143
528640.0,8.359894336003888e-143
528660.0,6.258958164659375e-143
528680.0,3.770501567635365e-143
528700.0,1.5316253570990146e-143
528720.0,-1.2077841119609127e-144
528740.0,-1.0969682117519932e-143
528760.0,-1.4741807422205878e-143
528780.0,-1.41564912615643e-143
528800.0,-1.1048830037527666e-143
528820.0,-7.019649179936922e-144
528840.0,-3.216669737484134e-144
528860.0,-2.9024958143830168e-145
528880.0,1.5366513881239077e-144
528900.0,2.3430108440022426e-144
528920.0,2.3751128530279512e-144
528940.0,1.9325553577077277e-144
528960.0,1.288916244124494e-144
528980.0,6.488184865948891e-145
529000.0,1.353674258727e-145
529020.0,-2.0159366633514934e-145
529040.0,-3.6623901249916834e-145
529060.0,-3.946107765227428e-145
529080.0,-3.350203065165693e-145
529100.0,-2.3380469255329164e-145
529120.0,-1.2709368382367105e-145
529140.0,-3.7814194486862067e-146
529160.0,2.355387136101042e-146
529180.0,5.60993109209694e-146
529200.0,6.487709409110561e-146
529220.0,5.756841268532471e-146
529240.0,4.194923333301206e-146
529260.0,2.4340371359760075e-146
529280.0,8.952844982572408e-147
529300.0,-2.0978039386257896e-147
529320.0,-8.375258830780379e-147
529340.0,-1.0543979090251763e-146
529360.0,-9.805136095001381e-147
529380.0,-7.450967185540385e-147
529400.0,-4.5774527114681755e-147
529420.0,-1.948663068703661e-147
529440.0,2.0750341609875542e-149
529460.0,1.2081830103557731e-147
529480.0,1.69156246789724e-147
529500.0,1.6549779081271508e-147
529520.0,1.3109380652671316e-147
529540.0,8.478104369579786e-148
529560.0,4.027183840561305e-148
529580.0,5.51116401119015e-149
529600.0,-1.659054544933673e-148
529620.0,-2.673478801397407e-148
529640.0,-2.767178525152025e-148
529660.0,-2.2856268592398725e-148
529680.0,-1.549721513080578e-148
529700.0,-8.030751710188644e-149
529720.0,-1.951594607246235e-149
529740.0,2.105815187735291e-149
529760.0,4.150895665991904e-149
529780.0,4.580759017221231e-149
529800.0,3.949825684020786e-149
529820.0,2.7998462098874835e-149
529840.0,1.5595311286313887e-149
529860.0,5.058155915212287e-150
529880.0,-2.3005346809932348e-150
529900.0,-6.304971374359039e-150
529920.0,-7.50123377823515e-150
529940.0,-6.765905512462729e-150
529960.0,-5.005018052667623e-150
529980.0,-2.96618793704516e-150
530000.0,-1.1557752831934227e-150
530020.0,1.6430786403174994e-151
530040.0,9.30981299617267e-151
530060.0,1.2137250362600109e-150
530080.0,1.1487018178485054e-150
530100.0,8.859317870416203e-151
530120.0,5.5463848866198175e-151
530140.0,2.46328772675165e-151
530160.0,1.189256587537566e-152
530180.0,-1.3225140531641626e-151
530200.0,-1.9373260569564117e-151
530220.0,-1.9324534118071634e-151
530240.0,-1.553627609349109e-151
530260.0,-1.0222498489938631e-151
530280.0,-5.0193749337069715e-152
530300.0,-8.95245477641419e-153
530320.0,1.7739302291917276e-152
530340.0,3.0437019727226497e-152
530360.0,3.2198720915972604e-152
530380.0,2.700161328718642e-152
530400.0,1.8605399108328067e-152
530420.0,9.906900240355112e-153
530440.0,2.717452006476529e-153
530460.0,-2.1606345740277319e-153
530480.0,-4.6915507169625654e-153
530500.0,-5.310176340999698e-153
530520.0,-4.6515640524220826e-153
530540.0,-3.3483453561261313e-153
530560.0,-1.9086350462019967e-153
530580.0,-6.663845085679108e-154
530600.0,2.147776666343018e-154
530620.0,7.060929958184454e-154
530640.0,8.659913655684631e-154
530660.0,7.942853720600141e-154
530680.0,5.964092350648991e-154
530700.0,3.606903675606773e-154
530720.0,1.4792639241723601e-154
530740.0,-9.565854888636291e-156
530760.0,-1.02985921954706e-154
530780.0,-1.3947221330899271e-154
530800.0,-1.3441745101281694e-154
530820.0,-1.0521409913594335e-154
530840.0,-6.708146310054647e-155
530860.0,-3.096383762737734e-155
530880.0,-3.0904387250274884e-156
530900.0,1.4373710385492878e-155
530920.0,2.2143483413130637e-155
530940.0,2.2537004445781284e-155
530960.0,1.839144860975792e-155
530980.0,1.2306156314570676e-155
531000.0,6.230988279986037e-156
531020.0,1.3436149176632242e-156
531040.0,-1.8745246521524547e-156
531060.0,-3.456845758247957e-156
531080.0,-3.7417442332357226e-156
531100.0,-3.1863042927450954e-156
531120.0,-2.230508436822246e-156
531140.0,-1.2184126788803505e-156
531160.0,-3.6911709564475334e-157
531180.0,2.1649165522872744e-157
531200.0,5.2866772997653996e-157
531220.0,6.146999044795147e-157
531240.0,5.4718408505713415e-157
531260.0,3.999061588934677e-157
531280.0,2.330199800654516e-157
531300.0,8.673179067736518e-158
531320.0,-1.8640647016524436e-158
531340.0,-7.876380526048761e-158
531360.0,-9.981731085613341e-158
531380.0,-9.313912082445397e-158
531400.0,-7.098258807123395e-158
531420.0,-4.377149089912889e-158
531440.0,-1.879522971869704e-158
531460.0,-2.910051731714054e-161
531480.0,1.132981700429128e-158
531500.0,1.5998068594820188e-158
531520.0,1.5710543831410323e-158
531540.0,1.2480766547117353e-158
531560.0,8.099183799965685e-159
531580.0,3.873027656310102e-159
531600.0,5.629242971093437e-160
531620.0,-1.5491373314759837e-159
531640.0,-2.5255865554083055e-159
531660.0,-2.62507813784284e-159
531680.0,-2.1746701509065572e-159
531700.0,-1.4791882969616486e-159
531720.0,-7.707169117856983e-160
531740.0,-1.921904847405036e-160
531760.0,1.9519288137886493e-160
531780.0,3.9158803380562265e-160
531800.0,4.342374151073587e-160
531820.0,3.755770089048245e-160
531840.0,2.6703546239109073e-160
531860.0,1.4942870722104465e-160
531880.0,4.9213093140164766e-161
531900.0,-2.098836051110075e-161
531920.0,-5.937689431742546e-161
531940.0,-7.105215472759601e-161
531960.0,-6.42953087541072e-161
531980.0,-4.770154642222742e-161
532000.0,-2.8384203062740785e-161
532020.0,-1.1176510112023459e-161
532040.0,1.407836214288381e-162
532060.0,8.747361866783612e-162
532080.0,1.1486243665564358e-161
532100.0,1.0909062648423369e-161
532120.0,8.437974374280396e-162
532140.0,5.301744316273696e-162
532160.0,2.3731346458323805e-162
532180.0,1.3977095121301233e-163
532200.0,-1.2385708080821863e-162
532220.0,-1.8315370386593587e-162
532240.0,-1.8340248179282308e-162
532260.0,-1.4787971364659157e-162
532280.0,-9.762510598079115e-163
532300.0,-4.8232862618832245e-163
532320.0,-8.969531478731334e-164
532340.0,1.6528905726243912e-163
532360.0,2.874011258451944e-163
532380.0,3.053754363036303e-163
532400.0,2.5685164590128885e-163
532420.0,1.7753566584251202e-163
532440.0,9.501842647484694e-164
532460.0,2.6614742715764695e-164
532480.0,-1.9945355375483405e-164
532500.0,-4.423405817829435e-164
532520.0,-5.032451424851245e-164
532540.0,-4.422063110739189e-164
532560.0,-3.192659075284584e-164
532580.0,-1.8278878969427526e-164
532600.0,-6.466805096130369e-165
532620.0,1.9371878772580793e-165
532640.0,6.644692442174372e-165
532660.0,8.200222994452844e-165
532680.0,7.546288062687893e-165
532700.0,5.682851723870872e-165
532720.0,3.450136741580514e-165
532740.0,1.4282943544833534e-165
532760.0,-7.270813167072099e-167
532780.0,-9.666522416281859e-166
532800.0,-1.3194547459011868e-165
532820.0,-1.2762508560253137e-165
532840.0,-1.0018719011461501e-165
532860.0,-6.410040630746918e-166
532880.0,-2.980033388591378e-166
532900.0,-3.2528412239926334e-167
532920.0,1.3440740948405612e-166
532940.0,2.0925801431348655e-166
532960.0,2.1383924237975118e-166
532980.0,1.7501735096992597e-166
533000.0,1.1748832650501114e-166
533020.0,5.9831600186536635e-167
533040.0,1.331231850508238e-167
533060.0,-1.7420579177530547e-167
533080.0,-3.2625126887975285e-167
533100.0,-3.547782222061405e-167
533120.0,-3.0302939567428903e-167
533140.0,-2.1278036369833725e-167
533160.0,-1.1679339351489644e-167
533180.0,-3.6005294402820727e-168
533200.0,1.987374811293337e-168
533220.0,4.981421587900384e-168
533240.0,5.823852808797061e-168
533260.0,5.200725659763388e-168
533280.0,3.8121585960132914e-168
533300.0,2.230598214776188e-168
533320.0,8.399058239334863e-169
533340.0,-1.6481299572879846e-169
533360.0,-7.405969778299795e-169
533380.0,-9.448864477785336e-169
533400.0,-8.846907406754798e-169
533420.0,-6.76193593018351e-169
533440.0,-4.185304490773246e-169
533460.0,-1.8124011348991677e-169
533480.0,-2.4299561745386884e-171
533500.0,1.0622044428180828e-169
533520.0,1.5129174276448646e-169
533540.0,1.491318003048424e-169
533560.0,1.1881771501985969e-169
533580.0,7.736708611230384e-170
533600.0,3.724148192533134e-170
533620.0,5.722256582914452e-171
533640.0,-1.4459478767760204e-170
533660.0,-2.385667248384303e-170
533680.0,-2.490153205351496e-170
533700.0,-2.0690107457806133e-170
533720.0,-1.411785758849755e-170
533740.0,-7.3956960893090355e-171
533760.0,-1.8903551834724836e-171
533780.0,1.8079919187202347e-171
533800.0,3.6937733189518403e-171
533820.0,4.1161768751831786e-171
533840.0,3.5710954737298647e-171
533860.0,2.5467213788056386e-171
533880.0,1.4316307123184787e-171
533900.0,4.7855194368088474e-172
533920.0,-1.91130215275575e-172
533940.0,-5.591025842133961e-172
533960.0,-6.72970943751327e-172
533980.0,-6.10961452641124e-172
534000.0,-4.546095643836915e-172
534020.0,-2.7159350221014456e-172
534040.0,-1.0804408506366362e-172
534060.0,1.1916579338269467e-173
534080.0,8.217330556526179e-173
534100.0,1.08694308728867e-172
534120.0,1.035972332784979e-172
534140.0,8.03630657115906e-173
534160.0,5.067543463587969e-173
534180.0,2.2858030309277504e-173
534200.0,1.5827997120488976e-174
534220.0,-1.1596297742716104e-173
534240.0,-1.7313901181559048e-173
534260.0,-1.7405280106896136e-173
534280.0,-1.4075094488310397e-173
534300.0,-9.322656280350898e-174
534320.0,-4.634162186258411e-174
534340.0,-8.963036880993417e-175
534360.0,1.5393890847976737e-174
534380.0,2.7135269369023894e-174
534400.0,2.896061562080281e-174
534420.0,2.4431850239740663e-174
534440.0,1.6939814012612007e-174
534460.0,9.112300572865201e-175
534480.0,2.604342979380697e-175
534500.0,-1.8394502498964764e-175
534520.0,-4.1700976877645067e-175
534540.0,-4.768990281554077e-175
534560.0,-4.203704866943442e-175
534580.0,-3.044059938278996e-175
534600.0,-1.7503958283877052e-175
534620.0,-6.2728010471758275e-176
534640.0,1.7420097622750916e-176
534660.0,6.2520280539534835e-176
534680.0,7.764458471124226e-176
534700.0,7.169208280514853e-176
534720.0,5.414620512164947e-176
534740.0,3.2999306134054566e-176
534760.0,1.3787081381571128e-176
534780.0,-5.177572410543777e-178
534800.0,-9.071285331987924e-177
534820.0,-1.248161662242622e-176
534840.0,-1.2117045427712022e-176
534860.0,-9.539620770575765e-177
534880.0,-6.124779432099325e-177
534900.0,-2.867526633537013e-177
534920.0,-3.391749752969705e-178
534940.0,1.2564162632167284e-177
534960.0,1.9773444374814914e-177
534980.0,2.0288867557965795e-177
535000.0,1.665434181577565e-177
535020.0,1.1216097304237985e-177
535040.0,5.744409876473911e-178
535060.0,1.3167776716520886e-178
535080.0,-1.6180045825553633e-178
535100.0,-3.0787935430567456e-178
535120.0,-3.3637009279486845e-178
535140.0,-2.8817988776944466e-178
535160.0,-2.0297212437171132e-178
535180.0,-1.1194283664902935e-178
535200.0,-3.509754192394113e-179
535220.0,1.8219591413636457e-179
535240.0,4.693188532526409e-179
535260.0,5.5173805527594e-179
535280.0,4.9428302794615504e-179
535300.0,3.63381432652341e-179
535320.0,2.135070715606589e-179
535340.0,8.130622395268004e-180
535360.0,-1.4488243446246932e-180
535380.0,-6.962453402612665e-180
535400.0,-8.9438714009076e-180
535420.0,-8.402947011408977e-180
535440.0,-6.44125340145551e-180
535460.0,-4.001578784878755e-180
535480.0,-1.7472686206740158e-180
535500.0,-4.358314684799817e-182
535520.0,9.956010606547514e-181
535540.0,1.430641100931782e-180
535560.0,1.4155631696671696e-180
535580.0,1.1311026647598796e-180
535600.0,7.389991883646185e-181
535620.0,3.5804047115813225e-181
535640.0,5.792375544879039e-182
535660.0,-1.3490948641234718e-181
535680.0,-2.2533002608638548e-181
535700.0,-2.3620471943530953e-181
535720.0,-1.9684002304268382e-181
535740.0,-1.3473792148324202e-181
535760.0,-7.095935804997794e-182
535780.0,-1.85720072967576e-182
535800.0,1.673404598879337e-182
535820.0,3.483882798178882e-182
535840.0,3.9015543394080035e-182
535860.0,3.3953559622252105e-182
535880.0,2.4286883424307924e-182
535900.0,1.3714677080445717e-182
535920.0,4.651017290268204e-183
535940.0,-1.737036406085492e-183
535960.0,-5.263855754902743e-183
535980.0,-6.373671513696994e-183
536000.0,-5.805364221529897e-183
536020.0,-4.3323553165948425e-183
536040.0,-2.598526254402517e-183
536060.0,-1.0441483492922261e-183
536080.0,9.932485132996611e-185
536100.0,7.717913556565269e-184
536120.0,1.028504898367994e-183
536140.0,9.837605850637883e-184
536160.0,7.653414329587401e-184
536180.0,4.843356285355078e-184
536200.0,2.201236524757259e-184
536220.0,1.7463097844082505e-185
536240.0,-1.085405424843156e-184
536260.0,-1.6365904106522892e-184
536280.0,-1.6517198013823849e-184
536300.0,-1.3395999353583461e-184
536320.0,-8.90208499196001e-185
536340.0,-4.451798906751538e-185
536360.0,-8.935242109128036e-186
536380.0,1.4329821319634581e-185
536400.0,2.5617606722982102e-185
536420.0,2.7463732941082293e-185
536440.0,2.3238695026476645e-185
536460.0,1.6162488255596068e-185
536480.0,8.737742263164956e-186
536500.0,2.54630822952746e-186
536520.0,-1.6947042472558908e-186
536540.0,-3.930826316999432e-186
536560.0,-4.519072556127567e-186
536580.0,-3.9959572710407294e-186
536600.0,-2.9022333051676528e-186
536620.0,-1.6760369307992165e-186
536640.0,-6.082016957764044e-187
536660.0,1.5612452290147958e-187
536680.0,5.881641745172e-187
536700.0,7.351396675415405e-187
536720.0,6.810672267128214e-187
536740.0,5.158810040802184e-187
536760.0,3.1560249401477244e-187
536780.0,1.3304941961409346e-187
536800.0,-3.27194441226048e-189
536820.0,-8.510812699756141e-188
536840.0,-1.1806369976657195e-187
536860.0,-1.1503703007058215e-187
536880.0,-9.083029671317425e-188
536900.0,-5.851831471383346e-188
536920.0,-2.7587709159893084e-188
536940.0,-3.5090724160898906e-189
536960.0,1.1740723990731388e-188
536980.0,1.8682980526304666e-188
537000.0,1.924896112380517e-188
537020.0,1.584729220675633e-188
537040.0,1.0706900678491298e-188
537060.0,5.5144532110251315e-189
537080.0,1.3004858914078413e-189
537100.0,-1.5018630804264114e-189
537120.0,-2.905122143400885e-189
537140.0,-3.1890052103403727e-189
537160.0,-2.7404632003866384e-189
537180.0,-1.9360588843160507e-189
537200.0,-1.0728258181993443e-189
537220.0,-3.419080023581583e-190
537240.0,1.6679139203329932e-190
537260.0,4.4210544022256043e-190
537280.0,5.22673651469321e-190
537300.0,4.697520625729282e-190
537320.0,3.463646093406018e-190
537340.0,2.0434611435832646e-190
537360.0,7.867984144030234e-191
537380.0,-1.2650442873355863e-191
537400.0,-6.54434295495451e-191
537420.0,-8.465320085613905e-191
537440.0,-7.980911905253978e-191
537460.0,-6.135499109311121e-191
537480.0,-3.8256445287832525e-191
537500.0,-1.6840943952717814e-191
537520.0,-6.091513326717835e-193
537540.0,9.329351050059706e-192
537560.0,1.35273773851245e-191
537580.0,1.3435942179644266e-191
537600.0,1.0767224990669628e-191
537620.0,7.058373878583669e-192
537640.0,3.441657379771978e-192
537660.0,5.84161886346987e-193
537680.0,-1.2582089194881807e-192
537700.0,-2.1280867459150954e-192
537720.0,-2.240421006178673e-192
537740.0,-1.8726016105271932e-192
537760.0,-1.2858395396820084e-192
537780.0,-6.807500765294282e-193
537800.0,-1.8226761164820912e-193
537820.0,1.547601480947152e-193
537840.0,3.285553277129593e-193
537860.0,3.6979240203606906e-193
537880.0,3.2281264857198013e-193
537900.0,2.316008383227877e-193
537920.0,1.313706646590926e-193
537940.0,4.518008629431772e-194
537960.0,-1.5751955628398533e-194
537980.0,-4.9551142655625183e-194
538000.0,-6.036109830360242e-194
538020.0,-5.5160252011009e-194
538040.0,-4.1284691568850036e-194
538060.0,-2.4859954503303245e-194
538080.0,-1.0087744711230513e-194
538100.0,8.113931381706556e-196
538120.0,7.247403228924591e-195
538140.0,9.73142435786415e-195
538160.0,9.341382681600302e-195
538180.0,7.288437719610244e-195
538200.0,4.628773009909151e-195
538220.0,2.1193773993263133e-195
538240.0,1.8899045520577364e-196
538260.0,-1.0156280154496296e-195
538280.0,-1.5468581671053466e-195
538300.0,-1.5673688017220796e-195
538320.0,-1.2749114722805568e-195
538340.0,-8.4999804041495e-196
538360.0,-4.2759955869952617e-196
538380.0,-8.888253089223284e-197
538400.0,1.333251174458955e-196
538420.0,2.418249529160114e-196
538440.0,2.604289809484106e-196
538460.0,2.210286126545598e-196
538480.0,1.54200052515635e-196
538500.0,8.377650194923029e-197
538520.0,2.4875984024191302e-197
538540.0,-1.5596623092073488e-197
538560.0,-3.704833907886143e-197
538580.0,-4.282013691149871e-197
538600.0,-3.7983132269578854e-197
538620.0,-2.7668780759341334e-197
538640.0,-1.604693295424378e-197
538660.0,-5.8946113651340706e-198
538680.0,1.3939573319233841e-198
538700.0,5.53230788719075e-198
538720.0,6.959875724026429e-198
538740.0,6.469782700063673e-198
538760.0,4.914857579608537e-198
538780.0,3.0181688710939397e-198
538800.0,1.283639153130367e-198
538820.0,-1.540639597424448e-200
538840.0,-7.98314913484594e-199
538860.0,-1.1166853495095868e-198
538880.0,-1.0920908167415138e-198
538900.0,-8.6479090063956e-199
538920.0,-5.590686218410735e-199
538940.0,-2.653673338148275e-199
538960.0,-3.60658754924362e-200
538980.0,1.0967354700307788e-199
539000.0,1.7651155129590483e-199
539020.0,1.8261471676683976e-199
539040.0,1.5078700151174473e-199
539060.0,1.0220236028352331e-199
539080.0,5.293011106897512e-200
539100.0,1.2825721727969747e-200
539120.0,-1.393160483220951e-200
539140.0,-2.740961908099151e-200
539160.0,-3.0232243474521683e-200
539180.0,-2.6059476066409845e-200
539200.0,-1.8466227381740402e-200
539220.0,-1.028058193441218e-200
539240.0,-3.328719031387487e-201
539260.0,1.5245280124335444e-201
539280.0,4.164144471472137e-201
539300.0,4.951117140690906e-201
539320.0,4.464192500311607e-201
539340.0,3.30128782738871e-201
539360.0,1.9556186977377166e-201
539380.0,7.611231140552827e-202
539400.0,-1.095753824326367e-202
539420.0,-6.150230264543247e-202
539440.0,-8.011851079913879e-202
539460.0,-7.57973653499301e-202
539480.0,-5.843992564020508e-202
539500.0,-3.6571865518551697e-202
539520.0,-1.6228456044820728e-202
539540.0,-7.643985486259315e-204
539560.0,8.739831197101692e-203
539580.0,1.278979480333291e-202
539600.0,1.2752249442260852e-202
539620.0,1.0249118690720894e-202
539640.0,6.741221051462317e-203
539660.0,3.307767522904343e-203
539680.0,5.871863428904265e-204
539700.0,-1.1729414155057382e-203
539720.0,-2.0096485214884334e-203
539740.0,-2.1249521380761775e-203
539760.0,-1.7813887979706632e-203
539780.0,-1.227042950834358e-203
539800.0,-6.530012846601423e-204
539820.0,-1.7869968766559112e-204
539840.0,1.430049800873354e-204
539860.0,3.098163698010481e-204
539880.0,3.5047322445091616e-204
539900.0,3.0690018312668047e-204
539920.0,2.2084449221345253e-204
539940.0,1.2582589866931934e-204
539960.0,4.386675870503655e-205
539980.0,-1.4249866660773772e-205
540000.0,-4.663793284769048e-205
540020.0,-5.716082227514608e-205
540040.0,-5.240878449301598e-205
540060.0,-3.933993002551406e-205
540080.0,-2.378151123676436e-205
540100.0,-9.743178411164228e-206
540120.0,6.449527367412692e-207
540140.0,6.804184618830751e-206
540160.0,9.20696825961419e-206
540180.0,8.869789969072083e-206
540200.0,6.940555269569072e-206
540220.0,4.423399582502661e-206
540240.0,2.040166828257333e-206
540260.0,2.0151382601122595e-207
540280.0,-9.500427339901077e-207
540300.0,-1.4619280102798648e-206
540320.0,-1.4872548607413036e-206
540340.0,-1.2132940910729367e-206
540360.0,-8.115559127056395e-207
540380.0,-4.106554561963469e-207
540400.0,-8.824021202536446e-208
540420.0,1.2398013894567512e-207
540440.0,2.2825546743386977e-207
540460.0,2.469431006020636e-207
540480.0,2.1021642578958767e-207
540500.0,1.4710847280359356e-207
540520.0,8.031520978837875e-208
540540.0,2.428421678671279e-208
540560.0,-1.4337262576757417e-208
540580.0,-3.4914026896065954e-208
540600.0,-4.057163176059387e-208
540620.0,-3.610289445288406e-208
540640.0,-2.6377061314584286e-208
540660.0,-1.5362509200712698e-208
540680.0,-5.710719375047898e-209
540700.0,1.2392658092089882e-209
540720.0,5.202866626865111e-209
540740.0,6.58879221565953e-209
540760.0,6.145684951168926e-209
540780.0,4.682225236989932e-209
540800.0,2.886120760325536e-209
540820.0,1.2381275899775537e-209
540840.0,2.8786451337212373e-213
540860.0,-7.486446095168074e-210
540880.0,-1.056121271949639e-209
540900.0,-1.036716357856108e-209
540920.0,-8.233268746180391e-210
540940.0,-5.340853122446086e-210
540960.0,-2.5521409434401327e-210
540980.0,-3.685951786294494e-211
541000.0,1.0241155739634252e-210
541020.0,1.6674881418883496e-210
541040.0,1.7323799268959182e-210
541060.0,1.4346765930837492e-210
541080.0,9.75513782358584e-211
541100.0,5.079810509906549e-211
541120.0,1.26323551164821e-211
541140.0,-1.2914509174719334e-211
541160.0,-2.5858043320321835e-211
541180.0,-2.865910851236406e-211
541200.0,-2.4779285629892197e-211
541220.0,-1.7612271925783363e-211
541240.0,-9.850594228992504e-212
541260.0,-3.238862254402561e-212
541280.0,1.3911322513129882e-212
541300.0,3.92163047131421e-212
541320.0,4.6897590119083944e-212
541340.0,4.24227020899153e-212
541360.0,3.146389382354645e-212
541380.0,1.8713977918069687e-212
541400.0,7.3604282590972e-213
541420.0,-9.399806744255019e-214
541440.0,-5.778783197764004e-213
541460.0,-7.582173655108083e-213
541480.0,-7.198406278584925e-213
541500.0,-5.566083536625078e-213
541520.0,-3.495901552904354e-213
541540.0,-1.5634878283265943e-213
541560.0,-9.029225616023284e-215
541580.0,8.185339447891319e-214
541600.0,1.2091501294207017e-213
541620.0,1.2102781562344819e-213
541640.0,9.755516452419959e-214
541660.0,6.4379250950663165e-214
541680.0,3.178597854484043e-214
541700.0,5.884853022036573e-215
541720.0,-1.0929633391434773e-214
541740.0,-1.8976270181882645e-214
541760.0,-2.015333884111289e-214
541780.0,-1.6945461203236712e-214
541800.0,-1.1708707999500113e-214
541820.0,-6.263103328994924e-215
541840.0,-1.7503607452618932e-215
541860.0,1.320247586980322e-215
541880.0,2.921125667638788e-215
541900.0,3.3214527820788803e-215
541920.0,2.917595733097061e-215
541940.0,2.1057715015698394e-215
541960.0,1.2050390004302785e-215
541980.0,4.257179877680814e-216
542000.0,-1.2856641778491428e-216
542020.0,-4.388938567970674e-216
542040.0,-5.412693804236307e-216
542060.0,-4.979239032822375e-216
542080.0,-3.748502172986947e-216
542100.0,-2.2748086470736e-216
542120.0,-9.407749724310364e-217
542140.0,4.928595192734336e-218
542160.0,6.386730536904874e-217
542180.0,8.710172619677855e-217
542200.0,8.421624542967984e-217
542220.0,6.608982295674792e-217
542240.0,4.226857125345684e-217
542260.0,1.963545135779492e-217
542280.0,2.123461354644225e-218
542300.0,-8.884088951215667e-218
542320.0,-1.3815482087238686e-217
542340.0,-1.4111685280554167e-217
542360.0,-1.1546046606352006e-217
542380.0,-7.748069474114435e-218
542400.0,-3.9432815179372785e-218
542420.0,-8.744353299052084e-219
542440.0,1.1522603674530746e-218
542460.0,2.1542601442490012e-218
542480.0,2.341435478799796e-218
542500.0,1.9992457952432504e-218
542520.0,1.4033560327913088e-218
542540.0,7.698865238636405e-219
542560.0,2.3689674626503788e-219
542580.0,-1.3163328757734865e-219
542600.0,-3.289852843964422e-219
542620.0,-3.843902880598837e-219
542640.0,-3.431425347518428e-219
542660.0,-2.5144417961937896e-219
542680.0,-1.4705996141528414e-219
542700.0,-5.53045457316669e-220
542720.0,1.0963438124267789e-220
542740.0,4.8922204300583055e-220
542760.0,6.237098334276846e-220
542780.0,5.837565091939416e-220
542800.0,4.460398898991225e-220
542820.0,2.7596478770296805e-220
542840.0,1.1939422769452405e-220
542860.0,1.4479834195772506e-222
542880.0,-7.018956180032497e-221
542900.0,-9.987687769175253e-221
542920.0,-9.841044120702733e-221
542940.0,-7.838163494141781e-221
542960.0,-5.101860900440237e-221
542980.0,-2.454080949522518e-221
543000.0,-3.748707651705199e-222
543020.0,9.55939009036338e-222
543040.0,1.5751232095348066e-221
543060.0,1.6433470868088453e-221
543080.0,1.3649772363189829e-221
543100.0,9.310680166751057e-222
543120.0,4.874584334111775e-222
543140.0,1.2426593445576256e-222
543160.0,-1.1963140663846638e-222
543180.0,-2.439167544090832e-222
543200.0,-2.7166393389002798e-222
543220.0,-2.356097601730831e-222
543240.0,-1.6796945113748744e-222
543260.0,-9.437654323857788e-223
543280.0,-3.1496812199624833e-223
543300.0,1.2670970610833072e-223
543320.0,3.692728170247207e-223
543340.0,4.4419368716712416e-223
543360.0,4.031205242404415e-223
543380.0,2.9986158682340885e-223
543400.0,1.7906579113828676e-223
543420.0,7.115619614305136e-224
543440.0,-7.968125214986323e-225
543460.0,-5.428741641102257e-224
543480.0,-7.17506238725294e-224
543500.0,-6.835955053743602e-224
543520.0,-5.301150753940876e-224
543540.0,-3.3414977063335783e-224
543560.0,-1.5059853150463975e-224
543580.0,-1.0259846065718004e-225
543600.0,7.66388056427261e-225
543620.0,1.1430445647540774e-224
543640.0,1.1485852444429415e-224
543660.0,9.285281029124947e-225
543680.0,6.147902012679819e-225
543700.0,3.0540126787154335e-225
543720.0,5.882206784887456e-226
543740.0,-1.0179642197613169e-225
543760.0,-1.791682279782991e-225
543780.0,-1.911274573918296e-225
543800.0,-1.6118678517842808e-225
543820.0,-1.1172093718820857e-225
543840.0,-6.0064128983844695e-226
543860.0,-1.7129488789394014e-226
543880.0,1.2177219415040934e-226
543900.0,2.7538817712348857e-226
543920.0,3.1475855083371936e-226
543940.0,2.7735400045209855e-226
543960.0,2.0077713709036415e-226
543980.0,1.15396371372465e-226
544000.0,4.129661631776429e-227
544020.0,-1.1565272656781296e-227
544040.0,-4.129646897541877e-227
544060.0,-5.125094585771242e-227
544080.0,-4.730454515142044e-227
544100.0,-3.571590643873169e-227
544120.0,-2.175790047325322e-227
544140.0,-9.081404769847613e-228
544160.0,3.5411276946678846e-229
544180.0,5.993596897153928e-228
544200.0,8.239606005803833e-228
544220.0,7.995741051602641e-228
544240.0,6.292969301381118e-228
544260.0,4.0387814121337926e-228
544280.0,1.889452023911813e-228
544300.0,2.2162268660274965e-229
544320.0,-8.304991773489064e-229
544340.0,-1.3054799868874314e-228
544360.0,-1.338910542352954e-228
544380.0,-1.0987065831892043e-228
544400.0,-7.396790267340307e-229
544420.0,-3.785985647179627e-229
544440.0,-8.65092110706257e-230
544460.0,1.0702768786378546e-229
544480.0,2.032971674124858e-229
544500.0,2.21995961518831e-229
544520.0,1.9012846052712174e-229
544540.0,1.3386751547220206e-229
544560.0,7.379207467229328e-230
544580.0,2.3094077156465565e-230
544600.0,-1.2069519403702035e-230
544620.0,-3.0995405369211963e-230
544640.0,-3.641645468610573e-230
544660.0,-3.261282019616548e-230
544680.0,-2.3968213218625833e-230
544700.0,-1.4076329035172244e-230
544720.0,-5.353910806297534e-231
544740.0,9.644148182911996e-232
544760.0,4.599330803442859e-231
544780.0,5.903799093583791e-231
544800.0,5.544647990186546e-231
544820.0,4.248887211737558e-231
544840.0,2.638526121744306e-231
544860.0,1.1510643890866663e-231
544880.0,2.7278538068407426e-233
544900.0,-6.579027726919851e-232
544920.0,-9.444608596320899e-232
544940.0,-9.341193461063818e-232
544960.0,-7.461690528668679e-232
544980.0,-4.873256846171106e-232
545000.0,-2.3594009585096163e-232
545020.0,-3.796290705266947e-233
545040.0,8.919473931445175e-233
545060.0,1.487743122945773e-232
545080.0,1.5588134262378404e-232
545100.0,1.2986081104485765e-232
545120.0,8.88597526586218e-233
545140.0,4.677071544075612e-233
545160.0,1.2210125889374263e-233
545180.0,-1.1073537526326466e-233
545200.0,-2.30059493745335e-233
545220.0,-2.575005458328137e-233
545240.0,-2.2401606339255767e-233
545260.0,-1.601854516062165e-233
545280.0,-9.041141086611241e-234
545300.0,-3.0613293913567594e-234
545320.0,1.1518302082849086e-234
545340.0,3.4766950789561647e-234
545360.0,4.206961748097039e-234
545380.0,3.8304750166379236e-234
545400.0,2.857647010436082e-234
545420.0,1.7132634723232028e-234
545440.0,6.876830439464492e-235
545460.0,-6.653935086062469e-236
545480.0,-5.098913692556282e-235
545500.0,-6.789353906217286e-235
545520.0,-6.491463036697339e-235
545540.0,-5.048600647697505e-235
545560.0,-3.1936942779476816e-235
545580.0,-1.4503011959647098e-235
545600.0,-1.134763063119779e-236
545620.0,7.173569416625398e-236
545640.0,1.0804681832449578e-235
545660.0,1.0899857732027546e-235
545680.0,8.83732683318867e-236
545700.0,5.870591220502626e-236
545720.0,2.933878070219243e-236
545740.0,5.865427185836725e-237
545760.0,-9.476511143616306e-237
545780.0,-1.6914920138031348e-236
545800.0,-1.8124968474976055e-236
545820.0,-1.533157764673275e-236
545840.0,-1.0659496908007178e-236
545860.0,-5.75959162534907e-237
545880.0,-1.6749269989646035e-237
545900.0,1.1220274155302407e-237
545920.0,2.595903971844153e-237
545940.0,2.982655129155629e-237
545960.0,2.636483708691704e-237
545980.0,1.9142370878551175e-237
546000.0,1.1049528458017306e-237
546020.0,4.00424378779873e-238
546040.0,-1.0369172393591083e-238
546060.0,-3.8850634097550596e-238
546080.0,-4.852477303986129e-238
546100.0,-4.493903443048316e-238
546120.0,-3.402870255248747e-238
546140.0,-2.0809238040400173e-238
546160.0,-8.764072605415898e-239
546180.0,2.277748745578918e-240
546200.0,5.623418297764546e-239
546220.0,7.793909791290947e-239
546240.0,7.59104923108032e-239
546260.0,5.991800443904944e-239
546280.0,3.858822357100023e-239
546300.0,1.8178267795235373e-239
546320.0,2.2946964206976e-240
546340.0,-7.760989003445478e-240
546360.0,-1.233496869498399e-239
546380.0,-1.2702913438614279e-239
546400.0,-1.045469503264465e-239
546420.0,-7.061029682137045e-240
546440.0,-3.634479779142246e-240
546460.0,-8.545270072538545e-241
546480.0,9.935197055032666e-241
546500.0,1.9183155862113625e-240
546520.0,2.1046767329143596e-240
546540.0,1.8080459797078053e-240
546560.0,1.276908681265701e-240
546580.0,7.072085862785579e-241
546600.0,2.2498982042751172e-241
546620.0,-1.1050843620726481e-241
546640.0,-2.9198560503432995e-241
546660.0,-3.449832888192187e-241
546680.0,-3.0994412126962966e-241
546700.0,-2.2845923913460005e-241
546720.0,-1.3472479352796386e-241
546740.0,-5.181163841455239e-242
546760.0,8.42749712856816e-243
546780.0,4.32321518551235e-242
546800.0,5.5879497158983076e-242
546820.0,5.266195493885906e-242
546840.0,4.047220605541751e-242
546860.0,2.522539748631602e-242
546880.0,1.1094737049209361e-242
546900.0,3.878597751489218e-244
546920.0,-6.165099690997837e-243
546940.0,-8.930390475507167e-243
546960.0,-8.866320789769926e-243
546980.0,-7.102987927893329e-243
547000.0,-4.654606160100611e-243
547020.0,-2.2680091462123606e-243
547040.0,-3.8300362656272147e-244
547060.0,8.318968300575546e-244
547080.0,1.4050846567266582e-243
547100.0,1.478555225383569e-243
547120.0,1.2354129113515206e-243
547140.0,8.480171959783258e-244
547160.0,4.487017214354783e-244
547180.0,1.1984506190380764e-244
547200.0,-1.0241965976939225e-244
547220.0,-2.169653869090466e-244
547240.0,-2.4406248648472565e-244
547260.0,-2.1298372929281254e-244
547280.0,-1.5275442789060344e-244
547300.0,-8.660452637328894e-245
547320.0,-2.9739435209091495e-245
547340.0,1.0447746773975355e-245
547360.0,3.272828272356494e-245
547380.0,3.98417916741461e-245
547400.0,3.6395816707923875e-245
547420.0,2.723176534751126e-245
547440.0,1.6390836806308659e-245
547460.0,6.644068831394603e-246
547480.0,-5.449209291648321e-247
547500.0,-4.788172050224217e-246
547520.0,-6.423943803667402e-246
547540.0,-6.164054485825296e-246
547560.0,-4.80786615545127e-246
547580.0,-3.052221250339102e-246
547600.0,-1.3963976825325704e-246
547620.0,-1.2303585011046968e-247
547640.0,6.71262505916719e-247
547660.0,1.0212363693262248e-246
547680.0,1.0343270910659586e-246
547700.0,8.41061764826698e-247
547720.0,5.6054546785178354e-247
547740.0,2.8180620321561204e-247
547760.0,5.835907508002803e-248
547780.0,-8.817476470357461e-248
547800.0,-1.5967506897408785e-247
547820.0,-1.7187369643699552e-247
547840.0,-1.4582287005902057e-247
547860.0,-1.0169873332717872e-247
547880.0,-5.522298923112732e-248
547900.0,-1.6364464628318291e-248
547920.0,1.032744472121464e-248
547940.0,2.446692090899424e-248
547960.0,2.826209967660612e-248
547980.0,2.5060923664394667e-248
548000.0,1.8249701352184857e-248
548020.0,1.0579287478374743e-248
548040.0,3.8810321283329325e-249
548060.0,-9.26215129831401e-250
548080.0,-3.6543790591159575e-249
548100.0,-4.594075285620753e-249
548120.0,-4.2689939021054806e-249
548140.0,-3.24196995160547e-249
548160.0,-1.9900446517234888e-249
548180.0,-8.455667032974683e-250
548200.0,1.1296758089013653e-251
548220.0,5.274903832186047e-250
548240.0,7.371794511937412e-250
548260.0,7.206511301083201e-250
548280.0,5.704792065030846e-250
548300.0,3.6866435182525914e-250
548320.0,1.7486084625010446e-250
548340.0,2.360045900523464e-251
548360.0,-7.25005340546524e-251
548380.0,-1.1653840586143576e-250
548400.0,-1.2051306097480168e-250
548420.0,-9.947690292672505e-251
548440.0,-6.740124130861318e-251
548460.0,-3.488580490239212e-251
548480.0,-8.428827661781251e-252
548500.0,9.216765381801756e-252
548520.0,1.8099377339580627e-251
548540.0,1.9952762591810734e-251
548560.0,1.719306116230941e-251
548580.0,1.2179288364503152e-251
548600.0,6.777052146827204e-252
548620.0,2.190579668930264e-252
548640.0,-1.0102604270971845e-252
548660.0,-2.750222009099107e-252
548680.0,-3.2679349346983786e-252
548700.0,-2.945504388744747e-252
548720.0,-2.1775136420702904e-252
548740.0,-1.2893453828901328e-252
548760.0,-5.012272910313887e-253
548780.0,7.306640387774583e-254
548800.0,4.0629439982750574e-253
548820.0,5.288653139001493e-253
548840.0,5.001504698329039e-253
548860.0,3.854950359079387e-253
548880.0,2.411481093865292e-253
548900.0,1.0691487894890496e-253
548920.0,4.909755282455066e-255
548940.0,-5.7756967930719015e-254
548960.0,-8.443529716159289e-254
548980.0,-8.415197707795858e-254
549000.0,-6.761232774103418e-254
549020.0,-4.445491299479217e-254
549040.0,-2.1798144317747687e-254
549060.0,-3.851185734693069e-255
549080.0,7.755571200077042e-255
549100.0,1.3268982222128085e-254
549120.0,1.4023597125853009e-254
549140.0,1.1752425269822786e-254
549160.0,8.092454295284079e-255
549180.0,4.304172568407229e-255
549200.0,1.175116181692432e-255
549220.0,-9.46490753749866e-256
549240.0,-2.0459344251474135e-255
549260.0,-2.31313224700819e-255
549280.0,-2.0248603071978502e-255
549300.0,-1.456607827689412e-255
549320.0,-8.29500597851758e-256
549340.0,-2.88764491424987e-256
549360.0,9.454066637544988e-257
549380.0,3.080462323519796e-256
549400.0,3.772967454076156e-256
549420.0,3.4580509192750826e-256
549440.0,2.5949115769468265e-256
549460.0,1.5679923940475423e-256
549480.0,6.4173273701225785e-257
549500.0,-4.346421050909886e-258
549520.0,-4.495450588876135e-257
549540.0,-6.077783693076044e-257
549560.0,-5.8528956659907314e-257
549580.0,-4.5784055715559136e-257
549600.0,-2.9168189579549428e-257
549620.0,-1.344236246745446e-257
549640.0,-1.3137984331811868e-258
549660.0,6.279365118127532e-258
549680.0,9.651739909382595e-258
549700.0,9.814639593932366e-258
549720.0,8.004164440137117e-258
549740.0,5.351976049576193e-258
549760.0,2.7064346345642534e-258
549780.0,5.794938887940308e-259
549800.0,-8.199930998600129e-259
549820.0,-1.5071686826079558e-258
549840.0,-1.6297441455767305e-258
549860.0,-1.3869021604533083e-258
549880.0,-9.702222480963919e-259
549900.0,-5.294203486610664e-259
549920.0,-1.597645268246706e-259
549940.0,9.494780333502818e-260
549960.0,2.305772366251003e-259
549980.0,2.677820809395498e-259
550000.0,2.3820471997720554e-259
550020.0,1.7397805525004954e-259
550040.0,1.0128163410657597e-259
550060.0,3.7601169191194694e-260
550080.0,-8.23839402712544e-261
550100.0,-3.436828213452481e-260
550120.0,-4.349160443490287e-260
550140.0,-4.055162138227174e-260
550160.0,-3.088535052942311e-260
550180.0,-1.9029933855476034e-260
550200.0,-8.156088269249531e-261
550220.0,8.868462702998067e-264
550240.0,4.946833119026656e-261
550260.0,6.972036402628811e-261
550280.0,6.841139481665692e-261
550300.0,5.431291283924358e-261
550320.0,3.5219216148777455e-261
550340.0,1.681736076526671e-261
550360.0,2.413370770656907e-262
550380.0,-6.770270829948326e-262
550400.0,-1.1009378417283629e-261
550420.0,-1.143256811394799e-261
550440.0,-9.464864671144387e-262
550460.0,-6.43343718420427e-262
550480.0,-3.348108193951426e-262
550500.0,-8.302911157779397e-263
550520.0,8.544529292946199e-263
550540.0,1.7075024995376043e-262
550560.0,1.8914629489865945e-262
550580.0,1.6348516224144372e-262
550600.0,1.1616132541272695e-262
550620.0,6.493671366795114e-263
550640.0,2.13157891722051e-263
550660.0,-9.220381355575153e-264
550680.0,-2.590091698764265e-263
550700.0,-3.0954478832149847e-263
550720.0,-2.7990918095226303e-263
550740.0,-2.0753542082553462e-263
550760.0,-1.2338293516894e-263
550780.0,-4.8472821464331965e-264
550800.0,6.275153967485588e-265
550820.0,3.8176378515430596e-264
550840.0,5.00505764493886e-264
550860.0,4.7499062929672135e-264
550880.0,3.67164770219253e-264
550900.0,2.3051503102926246e-264
550920.0,1.0300671628927735e-264
550940.0,5.8302461439524816e-266
550960.0,-5.409424922029866e-265
550980.0,-7.982599587139936e-265
551000.0,-7.986655260145103e-265
551020.0,-6.435639434683961e-265
551040.0,-4.2455113485471843e-265
551060.0,-2.0947266293697632e-265
551080.0,-3.860892547519759e-266
551100.0,7.227110122415167e-266
551120.0,1.2529471731678458e-265
551140.0,1.3300245372174687e-265
551160.0,1.1179547139446798e-265
551180.0,7.722040154087178e-266
551200.0,4.1282949987534666e-266
551220.0,1.1511402553694617e-266
551240.0,-8.739047042060764e-267
551260.0,-1.9290482488213046e-266
551280.0,-2.1921803990011878e-266
551300.0,-1.9249749010817285e-266
551320.0,-1.3888958617065521e-266
551340.0,-7.944236614475432e-267
551360.0,-2.8025406116433795e-267
551380.0,8.532336770112264e-268
551400.0,2.898967343335911e-267
551420.0,3.5727361131131702e-267
551440.0,3.2854309561234444e-267
551460.0,2.4725721159916135e-267
551480.0,1.499867985497599e-267
551500.0,6.196584621706944e-268
551520.0,-3.338514409545487e-269
551540.0,-4.219741114087994e-268
551560.0,-5.749878413695719e-268
551580.0,-5.557192868511909e-268
551600.0,-4.3597014459358277e-268
551620.0,-2.7872377317349396e-268
551640.0,-1.293777786141926e-268
551660.0,-1.386041791978705e-269
551680.0,5.872200474994282e-269
551700.0,9.121149204750226e-269
551720.0,9.312581983149214e-269
551740.0,7.617023261264522e-269
551760.0,5.109659885721456e-269
551780.0,2.598868134396149e-269
551800.0,5.743716931336838e-270
551820.0,-7.621415523879103e-270
551840.0,-1.4224714594496643e-269
551860.0,-1.5452799468724954e-269
551880.0,-1.3190079125501763e-269
551900.0,-9.255585826863189e-270
551920.0,-5.074983214803801e-270
551940.0,-1.5586489939654471e-270
551960.0,8.718561062593025e-271
551980.0,2.1726960833012794e-270
552000.0,2.5370798028365988e-270
552020.0,2.2640444092193666e-270
552040.0,1.658486581801225e-270
552060.0,9.695430544951447e-271
552080.0,3.641574172924068e-271
552100.0,-7.292437988373878e-272
552120.0,-3.231686372669865e-271
552140.0,-4.117041365286768e-271
552160.0,-3.8518712420954303e-271
552180.0,-2.942226555416646e-271
552200.0,-1.819616670842782e-271
552220.0,-7.8652244896285e-272
552240.0,-8.529240804334674e-274
552260.0,4.638052538951101e-272
552280.0,6.593474104275721e-272
552300.0,6.493993625084803e-272
552320.0,5.170674649136524e-272
552340.0,3.3643460589301616e-272
552360.0,1.6171487236330326e-272
552380.0,2.455691094507729e-273
552400.0,-6.319834074840289e-273
552420.0,-1.0399650293504394e-272
552440.0,-1.0845067924896694e-272
552460.0,-9.005085653956177e-273
552480.0,-6.140358529254412e-273
552500.0,-3.2128872129341894e-273
552520.0,-8.168734980878761e-274
552540.0,7.915713050247447e-274
552560.0,1.61069184185216e-273
552580.0,1.7929561406543317e-273
552600.0,1.5544790416122662e-273
552620.0,1.1078447596354082e-273
552640.0,6.221521684802373e-274
552660.0,2.0730098469129317e-274
552680.0,-8.4000163082168e-275
552700.0,-2.438947469130698e-274
552720.0,-2.931893186960099e-274
552740.0,-2.65984166654165e-274
552760.0,-1.9778932812149248e-274
552780.0,-1.180607285072676e-274
552800.0,-4.68622192183895e-275
552820.0,5.327009925987901e-276
552840.0,3.5864648917737095e-275
552860.0,4.7363546045949686e-275
552880.0,4.510762984096825e-275
552900.0,3.49690295562321e-275
552920.0,2.2033551083021463e-275
552940.0,9.92205455244722e-276
552960.0,6.648407328004518e-277
552980.0,-5.064966778387632e-276
553000.0,-7.546246442733337e-276
553020.0,-7.579581107227457e-276
553040.0,-6.125457916127806e-276
553060.0,-4.054281408173651e-276
553080.0,-2.0126565830959073e-276
553100.0,-3.860227767568367e-277
553120.0,6.73153497433752e-277
553140.0,1.1830071462559111e-276
553160.0,1.2613572675218282e-276
553180.0,1.063413788201279e-276
553200.0,7.368179928437289e-277
553220.0,3.9591480700630624e-277
553240.0,1.1266428557895044e-277
553260.0,-8.061261292578128e-278
553280.0,-1.8186274276521183e-277
553300.0,-2.077439337521254e-277
553320.0,-1.8299382223450094e-277
553340.0,-1.3242654785914047e-277
553360.0,-7.607598161614479e-278
553380.0,-2.7187244909968642e-278
553400.0,7.677927496356013e-279
553420.0,2.7277471209390835e-278
553440.0,3.382924291091496e-278
553460.0,3.121291409234824e-278
553480.0,2.3558904301206013e-278
553500.0,1.434593208557959e-278
553520.0,5.98180653144982e-279
553540.0,-2.418876449913584e-280
553560.0,-3.960090285413735e-279
553580.0,-5.4392833720083376e-279
553600.0,-5.276190522771436e-279
553620.0,-4.151259528933794e-279
553640.0,-2.6632375532876406e-279
553660.0,-1.244982774376088e-279
553680.0,-1.447983146053074e-280
553700.0,5.489630230961022e-280
553720.0,8.619015795901082e-280
553740.0,8.83578349333987e-280
553760.0,7.2482932457520045e-280
553780.0,4.87803084131209e-280
553800.0,2.4952370786702253e-280
553820.0,5.68334792843269e-281
553840.0,-7.079610673850539e-281
553860.0,-1.3423988068665706e-280
553880.0,-1.4651176617802768e-280
553900.0,-1.254383617898866e-280
553920.0,-8.829045157865637e-281
553940.0,-4.864325117773985e-281
553960.0,-1.519571680754748e-281
553980.0,7.995284840858344e-282
554000.0,2.04703827608454e-281
554020.0,2.403599413040015e-281
554040.0,2.151794483806583e-281
554060.0,1.580914327577794e-281
554080.0,9.28038762471867e-282
554100.0,3.525466827266797e-282
554120.0,-6.419152953600222e-283
554140.0,-3.0382680054375794e-282
554160.0,-3.897061495776349e-282
554180.0,-3.658609893964478e-282
554200.0,-2.8027204606634796e-282
554220.0,-1.739766856493921e-282
554240.0,-7.582953253678005e-283
554260.0,-1.7023560125207746e-284
554280.0,4.347471668788624e-283
554300.0,6.235005533609787e-283
554320.0,6.164178958035788e-283
554340.0,4.922346847809438e-283
554360.0,3.2136185003144784e-283
554380.0,1.554785743747058e-283
554400.0,2.4879562529765063e-284
554420.0,-5.897037073473074e-284
554440.0,-9.822824207222152e-284
554460.0,-1.0287253670560424e-283
554480.0,-8.567272716381159e-284
554500.0,-5.860302963535778e-284
554520.0,-3.082745834695644e-284
554540.0,-8.027417560051908e-285
554560.0,7.327700296079966e-285
554580.0,1.519204392743797e-284
554600.0,1.6994890470179168e-284
554620.0,1.4779943999705786e-284
554640.0,1.0565111596944469e-284
554660.0,5.960194154640845e-285
554680.0,2.014974402519423e-285
554700.0,-7.6375971536262865e-286
554720.0,-2.296299219569057e-285
554740.0,-2.7768162388118742e-285
554760.0,-2.527409250563222e-285
554780.0,-1.884919687213277e-285
554800.0,-1.1295898715080581e-285
554820.0,-4.529110089446951e-286
554840.0,4.456553223504464e-287
554860.0,3.368638288547618e-286
554880.0,4.481776332935205e-286
554900.0,4.28346799037408e-286
554920.0,3.3303247065197474e-286
554940.0,2.105910503086039e-286
554960.0,9.55539548994459e-287
554980.0,7.372028439555719e-288
555000.0,-4.7410777471655394e-287
555020.0,-7.133186040964097e-287
555040.0,-7.192916828780086e-287
555060.0,-5.829972288643628e-287
555080.0,-3.8714320048938533e-287
555100.0,-1.933516286528806e-287
555120.0,-3.8501853482088264e-288
555140.0,6.2669113788964525e-288
555160.0,1.1168654346191534e-287
555180.0,1.1961749122695187e-287
555200.0,1.011490329364829e-287
555220.0,7.030155244076665e-288
555240.0,3.796501506934652e-288
555260.0,1.101733791272584e-288
555280.0,-7.4286083309267365e-289
555300.0,-1.714323437339893e-288
555320.0,-1.9685954610728647e-288
555340.0,-1.7395187953651838e-288
555360.0,-1.2625799116690495e-288
555380.0,-7.284561951968604e-289
555400.0,-2.6362782976113977e-289
555420.0,6.886487445883212e-290
555440.0,2.566237359709169e-289
555460.0,3.202999311856828e-289
555480.0,2.9652223422615397e-289
555500.0,2.2446105748843015e-289
555520.0,1.3720550650972255e-289
555540.0,5.772947714711593e-290
555560.0,-1.5813110767414426e-291
555580.0,-3.7155966998434056e-290
555600.0,-5.145102013937172e-290
555620.0,-5.009169395297957e-290
555640.0,-3.952607760439185e-290
555660.0,-2.544587718615697e-290
555680.0,-1.19781139847806e-290
555700.0,-1.5004566703724525e-291
555720.0,5.130236937029619e-291
555740.0,8.143845066213021e-291
555760.0,8.38299353759873e-291
555780.0,6.897114690740301e-291
555800.0,4.6566329123135994e-291
555820.0,2.3954183922395244e-291
555840.0,5.61485469419239e-292
555860.0,-6.572329201825217e-292
555880.0,-1.266704097355827e-291
555900.0,-1.389041753012467e-291
555920.0,-1.192874472133109e-291
555940.0,-8.421720963455692e-292
555960.0,-4.6619252105749055e-292
555980.0,-1.4805166564890048e-292
556000.0,7.321655182577269e-293
556020.0,1.9283964943629334e-292
556040.0,2.2770114255802864e-292
556060.0,2.0450215420195513e-292
556080.0,1.5068974296924979e-292
556100.0,8.882357222271934e-293
556120.0,3.4118458415556545e-293
556140.0,-5.6137218043825526e-294
556160.0,-2.85592449732453e-293
556180.0,-3.6885974074795247e-293
556200.0,-3.4748911658425665e-293
556220.0,-2.669707132513302e-293
556240.0,-1.663301792267992e-293
556260.0,-7.309142820360677e-294
556280.0,-2.4663528892660478e-295
556300.0,4.0740599018633536e-294
556320.0,5.895584907130713e-294
556340.0,5.8508439286450385e-294
556360.0,4.685739469376842e-294
556380.0,3.0694523856511117e-294
556400.0,1.494586840283189e-294
556420.0,2.511049385325567e-295
556440.0,-5.5002693906323335e-295
556460.0,-9.2771629616518e-295
556480.0,-9.75764936401217e-295
556500.0,-8.150394991435669e-295
556520.0,-5.592709423698544e-295
556540.0,-2.957516352191051e-295
556560.0,-7.879987781754158e-296
556580.0,6.778025203035125e-296
556600.0,1.4327545988159741e-295
556620.0,1.6108080804163163e-295
556640.0,1.4052127735369331e-295
556660.0,1.0075050401936656e-295
556680.0,5.709292488591312e-296
556700.0,1.9575634697580984e-296
556720.0,-6.929444480599949e-297
556740.0,-2.1616829617147882e-296
556760.0,-2.6297851926805294e-296
556780.0,-2.4014661588170598e-296
556800.0,-1.7962314824362787e-296
556820.0,-1.0806909529981634e-296
556840.0,-4.3759531432153866e-297
556860.0,3.65847981986617e-298
556880.0,3.1634138485105674e-297
556900.0,4.240594051820271e-297
556920.0,4.067443618271457e-297
556940.0,3.1715390386939196e-297
556960.0,2.0126385984454472e-297
556980.0,9.200447458869607e-298
557000.0,8.008388503617807e-299
557020.0,-4.436581777463815e-298
557040.0,-6.742200130503898e-298
557060.0,-6.825655902404433e-298
557080.0,-5.548500314724595e-298
557100.0,-3.6966102617733906e-298
557120.0,-1.8572211730970663e-298
557140.0,-3.83170921314345e-299
557160.0,5.831398846784706e-299
557180.0,1.0543204397849232e-298
557200.0,1.1343061335129617e-298
557220.0,9.620670398119588e-299
557240.0,6.70737678438173e-299
557260.0,3.640260537657356e-299
557280.0,1.0766511733034444e-299
557300.0,-6.837244277251139e-300
557320.0,-1.6157839742836964e-299
557340.0,-1.8654768040882906e-299
557360.0,-1.6538271304361445e-299
557380.0,-1.204272931885312e-299
557400.0,-6.982324372026521e-300
557420.0,-2.5639367681778305e-300
557440.0,6.078878030585655e-301
557460.0,2.410652826570188e-300
557480.0,3.0371562066627343e-300
557500.0,2.832961458050084e-300
557520.0,2.1679790930282747e-300
557540.0,1.3536802000090318e-300
557560.0,6.041556004379482e-301
557580.0,3.155816007564467e-302
557600.0,-3.3634154279501254e-301
557620.0,-5.281264197705914e-301
557640.0,-5.993597800667108e-301
557660.0,-6.079228198579275e-301
557680.0,-5.973851532095748e-301
557700.0,-5.905216818670605e-301
