subject,story,order,valence,story_start_sec,story_end_sec,story_duration_sec,mean_pupil_size,z_pupil
1003,Natalie Wood,4,negative,0,815,815,-3.5778932170544104,-1.3258856591399357
1003,Grandfather Clocks,5,neutral,817,1352,535,-0.1491504608605004,0.23689070345710186
1003,Pool Party,6,positive,1354,1728,374,1.720372493457663,1.0889949556828338
