subject,story,order,valence,story_start_sec,story_end_sec,story_duration_sec,mean_pupil_size,z_pupil
1004,Grandfather Clocks,4,neutral,0,535,535,-1.0903211674832065,-0.9432392273029622
1004,Impatient Billionaire,5,positive,537,867,330,-0.8734752601526409,1.3841571855123247
1004,Dont Look,6,negative,869,1579,710,-1.0435193804011842,-0.4409179582093591
