subject,story,order,valence,story_start_sec,story_end_sec,story_duration_sec,mean_pupil_size,z_pupil
1015,Natalie Wood,4,negative,0,815,815,6.419281204711497,1.1826030271574868
1015,Grandfather Clocks,5,neutral,817,1352,535,4.810047709083385,0.08032900993732074
1015,Pool Party,6,positive,1354,1728,374,2.848992076376013,-1.262932037094807
