subject,story,order,valence,story_start_sec,story_end_sec,story_duration_sec,mean_pupil_size,z_pupil
1017,Impatient Billionaire,4,positive,0,330,330,2.198649405156563,0.7001423205916321
1017,Natalie Wood,5,negative,332,1147,815,0.17344690162699652,-1.414190772081739
1017,Sea Ice,6,neutral,1149,1530,381,2.2119693173348245,0.714048451490107
