subject,story,order,valence,story_start_sec,story_end_sec,story_duration_sec,mean_pupil_size,z_pupil
1018,Natalie Wood,4,negative,0,815,815,0.6821230789467347,1.0304058181094475
1018,Grandfather Clocks,5,neutral,817,1352,535,-2.0086712927782306,-1.3540699351706929
1018,Pool Party,6,positive,1354,1728,374,-0.11540928800135142,0.32366411706124515
