subject,story,order,valence,story_start_sec,story_end_sec,story_duration_sec,mean_pupil_size,z_pupil
1021,Natalie Wood,4,negative,0,815,815,1.6361282131513168,0.13700378707408428
1021,Grandfather Clocks,5,neutral,817,1352,535,3.0632501177905893,1.1504823031388292
1021,Pool Party,6,positive,1354,1728,374,-0.36975614906175724,-1.2874860902129135
