subject,story,order,valence,story_start_sec,story_end_sec,story_duration_sec,mean_pupil_size,z_pupil
1024,Natalie Wood,4,negative,0,815,815,0.40995596541133916,-0.8574222475477234
1024,Grandfather Clocks,5,neutral,817,1352,535,2.846365959444885,1.4026825386817419
1024,Pool Party,6,positive,1354,1728,374,0.7464689071994269,-0.5452602911340185
