subject,story,order,valence,story_start_sec,story_end_sec,story_duration_sec,mean_pupil_size,z_pupil
1026,Impatient Billionaire,4,positive,0,330,330,0.298892889387883,-0.6939847466128939
1026,Natalie Wood,5,negative,332,1147,815,2.4671121386034813,1.4141328882347661
1026,Sea Ice,6,neutral,1149,1530,381,0.27198358615661594,-0.7201481416218718
