subject,story,order,valence,story_start_sec,story_end_sec,story_duration_sec,mean_pupil_size,z_pupil
1029,Impatient Billionaire,4,positive,0,330,330,4.016877466070183,0.9089155164247448
1029,Natalie Wood,5,negative,332,1147,815,1.005343719210952,-1.392756451594045
1029,Sea Ice,6,neutral,1149,1530,381,3.4607050556790018,0.48384093516930116
