subject,story,order,valence,story_start_sec,story_end_sec,story_duration_sec,mean_pupil_size,z_pupil
1030,Natalie Wood,4,negative,0,815,815,2.804424176031753,0.20414545807654594
1030,Grandfather Clocks,5,neutral,817,1352,535,-1.0797022728417696,-1.3139900009508563
1030,Pool Party,6,positive,1354,1728,374,5.1216414895890425,1.10984454287431
