subject,story,order,valence,story_start_sec,story_end_sec,story_duration_sec,mean_pupil_size,z_pupil
1035,Impatient Billionaire,4,positive,0,330,330,-1.1187029384467049,-1.3874242694290466
1035,Natalie Wood,5,negative,332,1147,815,0.3153123909872071,0.4564561075003404
1035,Sea Ice,6,neutral,1149,1530,381,0.6843480228890017,0.9309681619287064
