subject,story,order,valence,story_start_sec,story_end_sec,story_duration_sec,mean_pupil_size,z_pupil
1037,Grandfather Clocks,4,neutral,0,535,535,0.14944571577426008,1.218840961051999
1037,Impatient Billionaire,5,positive,537,867,330,-0.8658164814375939,-1.2305646133537833
1037,Dont Look,6,negative,869,1579,710,-0.3508963198526959,0.011723652301784595
