subject,story,order,valence,story_start_sec,story_end_sec,story_duration_sec,mean_pupil_size,z_pupil
1039,Natalie Wood,4,negative,0,815,815,1.0210293758170803,0.359406097394444
1039,Grandfather Clocks,5,neutral,817,1352,535,-0.5954211073685237,-1.364236899149277
1039,Pool Party,6,positive,1354,1728,374,1.6263154340758461,1.004830801754833
