subject,story,order,valence,story_start_sec,story_end_sec,story_duration_sec,mean_pupil_size,z_pupil
1040,Grandfather Clocks,4,neutral,0,535,535,-0.38415100032118105,-1.3761164584818928
1040,Impatient Billionaire,5,positive,537,867,330,1.038543899280006,0.9704190259557874
1040,Dont Look,6,negative,869,1579,710,0.6961554990212324,0.40569743252610546
