subject,story,order,valence,story_start_sec,story_end_sec,story_duration_sec,mean_pupil_size,z_pupil
1042,Natalie Wood,4,negative,0,815,815,2.701593531123147,1.407259645775007
1042,Grandfather Clocks,5,neutral,817,1352,535,-0.6253406020501461,-0.8249361171590762
1042,Pool Party,6,positive,1354,1728,374,-0.26374323887767886,-0.5823235286159308
