time_in_ms,pupilSize_clean
0.0,1097.7379539630276
20.0,1097.53922529062
40.0,1097.2958353571892
60.0,1097.0210716654515
80.0,1096.733987893364
100.0,1096.4641394865744
120.0,1096.2540048159815
140.0,1096.155077061534
160.0,1096.2145273338642
180.0,1096.4587247550787
200.0,1096.8864272815583
220.0,1097.4733083703284
240.0,1098.1807689280565
260.0,1098.9711459173218
280.0,1099.8299627637796
300.0,1100.780248989055
320.0,1101.8817236237487
340.0,1103.2197292857343
360.0,1104.890128070308
380.0,1106.9698733027728
400.0,1109.4634090695424
420.0,1112.2318342613962
440.0,1114.920155903071
460.0,1116.9011762839787
480.0,1117.2650556946714
500.0,1114.8880089018683
520.0,1108.6030784116297
540.0,1097.5029109700215
560.0,1081.3676387529113
580.0,1061.120337423589
600.0,1039.0305196678698
620.0,1018.0092043189206
640.0,1000.4422332918884
660.0,987.6075885463773
680.0,979.6643389200002
700.0,975.9425987073253
720.0,975.3279189401585
740.0,976.6091274492261
760.0,978.724974242896
780.0,980.8947039251577
800.0,982.6488953638349
820.0,983.7915284432645
840.0,984.3263798881328
860.0,984.3752626246045
880.0,984.1066285823921
900.0,983.6839935613431
920.0,983.2363108656349
940.0,982.8473847870946
960.0,982.5587969113169
980.0,982.38022984202
1000.0,982.3018490631736
1020.0,982.3048930424842
1040.0,982.3683178561898
1060.0,982.4709232593046
1080.0,982.5896920527226
1100.0,982.6960485339503
1120.0,982.7523667872429
1140.0,982.7112977512768
1160.0,982.5202466924975
1180.0,982.1324853248049
1200.0,981.5247894079887
1220.0,980.7190955991588
1240.0,979.8025918825495
1260.0,978.9372911009086
1280.0,978.3475137831219
1300.0,978.2784846081009
1320.0,978.944158217411
1340.0,980.494102656814
1360.0,982.9992905069406
1380.0,986.4429044618446
1400.0,990.7259182807314
1420.0,995.6840121734615
1440.0,1001.103871963039
1460.0,1006.7353226685061
1480.0,1012.2991075242435
1500.0,1017.4961845474047
1520.0,1022.0221340425496
1540.0,1025.5900397498506
1560.0,1027.956145060354
1580.0,1028.9406378071105
1600.0,1028.4351051416768
1620.0,1026.412426048728
1640.0,1022.9388365658378
1660.0,1018.1694331443448
1680.0,1012.3264770388201
1700.0,1005.6736568200616
1720.0,998.4940142727352
1740.0,991.0719645247531
1760.0,983.6788570526093
1780.0,976.5629357508218
1800.0,969.9397150743782
1820.0,963.9808033795155
1840.0,958.8042450938843
1860.0,954.4719628372516
1880.0,951.0025696066583
1900.0,948.3908055070518
1920.0,946.6273065518311
1940.0,945.7099083302439
1960.0,945.6419151287124
1980.0,946.4259294657462
2000.0,948.0616883108411
2020.0,950.5398907904039
2040.0,953.8378479402529
2060.0,957.9171063762915
2080.0,962.720043739778
2100.0,968.1746124375179
2120.0,974.2044640826838
2140.0,980.7338541172816
2160.0,987.6862238736021
2180.0,994.9764812730706
2200.0,1002.5048746593395
2220.0,1010.1661926443039
2240.0,1017.8633076559345
2260.0,1025.517867726836
2280.0,1033.0741135680819
2300.0,1040.4912585474897
2320.0,1047.7318492967088
2340.0,1054.7537695757424
2360.0,1061.5092677493408
2380.0,1067.9451424320828
2400.0,1074.0020671991967
2420.0,1079.6165448857687
2440.0,1084.7211513050831
2460.0,1089.2465519073326
2480.0,1093.1278857662037
2500.0,1096.3125541848372
2520.0,1098.7645057034888
2540.0,1100.4672512780771
2560.0,1101.4300759852997
2580.0,1101.6956260459601
2600.0,1101.3463868634158
2620.0,1100.5003442339494
2640.0,1099.2950732614288
2660.0,1097.8692367517801
2680.0,1096.3436182214614
2700.0,1094.805013314178
2720.0,1093.2998238376244
2740.0,1091.844313954556
2760.0,1090.448225434211
2780.0,1089.1386580236472
2800.0,1087.968250856347
2820.0,1087.0008850190684
2840.0,1086.2909493777083
2860.0,1085.8702683267986
2880.0,1085.7465530070021
2900.0,1085.9038407633866
2920.0,1086.3046137115398
2940.0,1086.8989134420885
2960.0,1087.637936814929
2980.0,1088.4840190707732
3000.0,1089.4163600536835
3020.0,1090.4354074732282
3040.0,1091.5684478744108
3060.0,1092.8701219133952
3080.0,1094.4076914456514
3100.0,1096.239962730252
3120.0,1098.4052622386903
3140.0,1100.9151192598893
3160.0,1103.7566413149827
3180.0,1106.9036708867147
3200.0,1110.3200002688857
3220.0,1113.9469760344582
3240.0,1117.6939671698697
3260.0,1121.4535231946722
3280.0,1125.130081118397
3300.0,1128.660814114542
3320.0,1132.0237915501527
3340.0,1135.227208960865
3360.0,1138.2814472169453
3380.0,1141.176176108052
3400.0,1143.8741124884957
3420.0,1146.3151692472618
3440.0,1148.4274944839976
3460.0,1150.1507783299348
3480.0,1151.4600043631067
3500.0,1152.3775004417314
3520.0,1152.9656635531308
3540.0,1153.3078385511537
3560.0,1153.4888678677414
3580.0,1153.58133442413
3600.0,1153.6394196231533
3620.0,1153.6996469873616
3640.0,1153.7862769730968
3660.0,1153.91849120798
3680.0,1154.1164887582079
3700.0,1154.4040223531638
3720.0,1154.8056423353728
3740.0,1155.3379923439356
3760.0,1155.9959491347604
3780.0,1156.7362080917171
3800.0,1157.4629372318789
3820.0,1158.0219941050655
3840.0,1158.2113141040388
3860.0,1157.8146224599805
3880.0,1156.6627204220101
3900.0,1154.720570496214
3920.0,1152.1891393213887
3940.0,1149.5993149265569
3960.0,1147.8634234825013
3980.0,1148.2417062648844
4000.0,1152.1817327433932
4020.0,1161.003930541235
4040.0,1175.441305222077
4060.0,1195.098399224782
4080.0,1217.970954429035
4100.0,1240.2537887617273
4120.0,1256.7421121958732
4140.0,1262.1741282095754
4160.0,1253.6416120885358
4180.0,1232.5028870359463
4200.0,1203.3530246514088
4220.0,1171.50420400258
4240.0,1141.294356446573
4260.0,1115.4400060780195
4280.0,1095.0822724476498
4300.0,1080.2008835155139
4320.0,1070.1300977229207
4340.0,1063.991792024565
4360.0,1060.9579950414723
4380.0,1060.3333575917773
4400.0,1061.5008738617285
4420.0,1063.7905474105078
4440.0,1066.3327266664437
4460.0,1067.9743548964948
4480.0,1067.3313476289522
4500.0,1063.0259027151283
4520.0,1054.1207209563195
4540.0,1040.7143988054127
4560.0,1024.502340454775
4580.0,1008.4603059133444
4600.0,995.4832318020601
4620.0,987.4222458950844
4640.0,984.86246028198
4660.0,987.3434642098351
4680.0,993.7617179805864
4700.0,1002.778579897494
4720.0,1013.1364584657831
4740.0,1023.8481861684683
4760.0,1034.266993221086
4780.0,1044.0672128710557
4800.0,1053.1729530097775
4820.0,1061.6685529026715
4840.0,1069.7156796820695
4860.0,1077.4913643687232
4880.0,1085.1517450794056
4900.0,1092.8191093931428
4920.0,1100.5853615156927
4940.0,1108.5230407723413
4960.0,1116.695006737441
4980.0,1125.155423384703
5000.0,1133.937402009201
5020.0,1143.0264085760161
5040.0,1152.323110772186
5060.0,1161.604335432657
5080.0,1170.4954159649474
5100.0,1178.4700553327712
5120.0,1184.8929603962374
5140.0,1189.1135845372667
5160.0,1190.6040731978153
5180.0,1189.1092707018092
5200.0,1184.7438728496115
5220.0,1177.9717549098007
5240.0,1169.4877973407201
5260.0,1160.0805533933049
5280.0,1150.5069227436436
5300.0,1141.3984644923871
5320.0,1133.2175286063937
5340.0,1126.2576419898433
5360.0,1120.67073607803
5380.0,1116.503126206947
5400.0,1113.724893741392
5420.0,1112.2494997029473
5440.0,1111.9432821202627
5460.0,1112.6387264912985
5480.0,1114.1534629838463
5500.0,1116.309895733744
5520.0,1118.9538986765551
5540.0,1121.961129456144
5560.0,1125.2339157548577
5580.0,1128.7048531552086
5600.0,1132.3458605704327
5620.0,1136.163486350542
5640.0,1140.1819320031996
5660.0,1144.4248476690732
5680.0,1148.9014741975566
5700.0,1153.5984167665094
5720.0,1158.4755753549532
5740.0,1163.4678644689682
5760.0,1168.4877019944904
5780.0,1173.427592070897
5800.0,1178.1686881641904
5820.0,1182.5908670061096
5840.0,1186.5789607143863
5860.0,1190.0276085081182
5880.0,1192.847033194032
5900.0,1194.981710894005
5920.0,1196.437237469146
5940.0,1197.2893017634892
5960.0,1197.6652129118836
5980.0,1197.7129958918326
6000.0,1197.5729134959283
6020.0,1197.3583734621584
6040.0,1197.147572721425
6060.0,1196.9840822528913
6080.0,1196.8832298784505
6100.0,1196.8410569799057
6120.0,1196.843273245606
6140.0,1196.8725657216123
6160.0,1196.9135233151069
6180.0,1196.9551419738748
6200.0,1196.9913205158064
6220.0,1197.019963323051
6240.0,1197.0413367765489
6260.0,1197.0562548346431
6280.0,1197.0645571603945
6300.0,1197.064228101687
6320.0,1197.0513966576968
6340.0,1197.0213432117193
6360.0,1196.9704919239825
6380.0,1196.8991624176704
6400.0,1196.8145810816368
6420.0,1196.7333325125824
6440.0,1196.682129259942
6460.0,1196.6956023121309
6480.0,1196.8099098531645
6500.0,1197.0514790361653
6520.0,1197.421245599591
6540.0,1197.876343870908
6560.0,1198.3131495996308
6580.0,1198.5574682456725
6600.0,1198.3687902848262
6620.0,1197.464951133235
6640.0,1195.570154583152
6660.0,1192.4821577638227
6680.0,1188.1429588215392
6700.0,1182.6842323167548
6720.0,1176.4215741491203
6740.0,1169.802020421219
6760.0,1163.3247671390086
6780.0,1157.4485481561337
6800.0,1152.5031485433121
6820.0,1148.6342511621701
6840.0,1145.8173745140127
6860.0,1143.9243429215298
6880.0,1142.8006379751484
6900.0,1142.3224969982443
6920.0,1142.4166410972048
6940.0,1143.0380217592128
6960.0,1144.1116023589223
6980.0,1145.4535441723403
7000.0,1146.6955547297562
7020.0,1147.2430116930113
7040.0,1146.301054818094
7060.0,1143.000302691308
7080.0,1136.641824145579
7100.0,1127.056651257883
7120.0,1115.0377456011588
7140.0,1102.7551408850547
7160.0,1094.0168334712755
7180.0,1094.2043360746393
7200.0,1109.7142485150912
7220.0,1146.8008456512548
7240.0,1209.8627840191955
7260.0,1299.4611134787617
7280.0,1410.6822583786918
7300.0,1532.8325723333598
7320.0,1651.7211875662026
7340.0,1754.3833430385985
7360.0,1832.8032220031691
7380.0,1884.7526788916846
7400.0,1912.742583143044
7420.0,1922.1937193354474
7440.0,1919.465892886002
7460.0,1910.234416837465
7480.0,1898.871036095914
7500.0,1888.648899763777
7520.0,1882.001121676507
7540.0,1880.4973661568952
7560.0,1884.3449914298174
7580.0,1891.3900431108736
7600.0,1896.525757919102
7620.0,1892.1973967313795
7640.0,1869.8311412724863
7660.0,1822.404516559192
7680.0,1747.5584243659218
7700.0,1649.705600091819
7720.0,1573.3269725952223
7740.0,
7760.0,
7780.0,
7800.0,
7820.0,
7840.0,
7860.0,
7880.0,
7900.0,
7920.0,
7940.0,
7960.0,
7980.0,
8000.0,
8020.0,
8040.0,
8060.0,
8080.0,
8100.0,
8120.0,
8140.0,
8160.0,
8180.0,
8200.0,
8220.0,
8240.0,
8260.0,
8280.0,
8300.0,
8320.0,
8340.0,
8360.0,
8380.0,
8400.0,
8420.0,
8440.0,
8460.0,
8480.0,
8500.0,
8520.0,
8540.0,
8560.0,
8580.0,
8600.0,
8620.0,
8640.0,
8660.0,
8680.0,
8700.0,
8720.0,
8740.0,
8760.0,
8780.0,
8800.0,
8820.0,
8840.0,
8860.0,
8880.0,
8900.0,
8920.0,
8940.0,
8960.0,
8980.0,
9000.0,
9020.0,
9040.0,
9060.0,
9080.0,
9100.0,
9120.0,
9140.0,
9160.0,
9180.0,
9200.0,
9220.0,
9240.0,
9260.0,
9280.0,
9300.0,
9320.0,
9340.0,
9360.0,
9380.0,
9400.0,
9420.0,
9440.0,
9460.0,
9480.0,1844.0863780316445
9500.0,1834.6121719267223
9520.0,1809.07581672999
9540.0,1765.2653412628836
9560.0,1702.4936996618046
9580.0,1622.650629408929
9600.0,1530.5294027612963
9620.0,1432.616155818118
9640.0,1335.9990932447988
9660.0,1248.7090902878363
9680.0,1178.377107891893
9700.0,1129.8767858477129
9720.0,1104.3452422967252
9740.0,1099.4376968529957
9760.0,1110.1155393522379
9780.0,1129.5424928571802
9800.0,1149.990054260603
9820.0,1163.8815072189777
9840.0,1165.1983526726538
9860.0,1157.5961416608068
9880.0,
9900.0,
9920.0,
9940.0,
9960.0,
9980.0,
10000.0,
10020.0,
10040.0,
10060.0,
10080.0,
10100.0,
10120.0,
10140.0,
10160.0,
10180.0,
10200.0,
10220.0,
10240.0,
10260.0,
10280.0,
10300.0,
10320.0,
10340.0,
10360.0,
10380.0,
10400.0,
10420.0,
10440.0,
10460.0,
10480.0,
10500.0,
10520.0,
10540.0,
10560.0,
10580.0,
10600.0,
10620.0,
10640.0,
10660.0,
10680.0,
10700.0,
10720.0,
10740.0,
10760.0,
10780.0,
10800.0,
10820.0,
10840.0,
10860.0,
10880.0,
10900.0,
10920.0,
10940.0,
10960.0,
10980.0,
11000.0,
11020.0,
11040.0,
11060.0,
11080.0,
11100.0,
11120.0,
11140.0,
11160.0,
11180.0,
11200.0,
11220.0,
11240.0,
11260.0,
11280.0,
11300.0,
11320.0,
11340.0,
11360.0,
11380.0,
11400.0,
11420.0,
11440.0,
11460.0,
11480.0,
11500.0,
11520.0,
11540.0,
11560.0,
11580.0,
11600.0,
11620.0,
11640.0,
11660.0,
11680.0,
11700.0,
11720.0,
11740.0,
11760.0,
11780.0,
11800.0,
11820.0,
11840.0,
11860.0,
11880.0,
11900.0,
11920.0,
11940.0,
11960.0,
11980.0,
12000.0,
12020.0,
12040.0,
12060.0,
12080.0,
12100.0,
12120.0,
12140.0,
12160.0,
12180.0,
12200.0,
12220.0,
12240.0,
12260.0,
12280.0,
12300.0,
12320.0,
12340.0,
12360.0,
12380.0,
12400.0,
12420.0,
12440.0,
12460.0,
12480.0,
12500.0,
12520.0,
12540.0,
12560.0,
12580.0,
12600.0,
12620.0,
12640.0,
12660.0,
12680.0,
12700.0,
12720.0,
12740.0,
12760.0,
12780.0,
12800.0,
12820.0,
12840.0,
12860.0,
12880.0,
12900.0,
12920.0,
12940.0,
12960.0,
12980.0,
13000.0,
13020.0,
13040.0,
13060.0,
13080.0,
13100.0,
13120.0,
13140.0,
13160.0,
13180.0,
13200.0,
13220.0,
13240.0,
13260.0,
13280.0,
13300.0,
13320.0,
13340.0,
13360.0,
13380.0,
13400.0,
13420.0,
13440.0,
13460.0,
13480.0,
13500.0,
13520.0,
13540.0,
13560.0,
13580.0,
13600.0,
13620.0,
13640.0,
13660.0,
13680.0,
13700.0,
13720.0,1669.1190315993065
13740.0,1641.0995449322072
13760.0,1575.6296882910115
13780.0,1485.9439377362755
13800.0,1383.7097588274444
13820.0,1282.9929769461578
13840.0,1195.4248324340663
13860.0,1127.7098019378961
13880.0,1081.4604737402876
13900.0,1054.4004104819549
13920.0,1042.0425153229594
13940.0,1039.251546185328
13960.0,1041.3799594388024
13980.0,1044.89246836124
14000.0,1047.5494327465308
14020.0,1048.287580847549
14040.0,1046.9343112500837
14060.0,1043.8689931214017
14080.0,1039.7195026967522
14100.0,1035.1459926084358
14120.0,1030.7102820330479
14140.0,1026.8026967292399
14160.0,1023.6083570227423
14180.0,1021.1100960234271
14200.0,1019.1317515889748
14220.0,1017.4068821281255
14240.0,1015.6539626871172
14260.0,1013.6418418031031
14280.0,1011.2365132725017
14300.0,1008.4163237599038
14320.0,1005.2494823317463
14340.0,1001.8537052381719
14360.0,998.3513215957055
14380.0,994.8312993605008
14400.0,991.3403806747267
14420.0,987.896042745796
14440.0,984.5018651471843
14460.0,981.1601546475442
14480.0,977.8775865336771
14500.0,974.6679914259582
14520.0,971.5541201326163
14540.0,968.5621489770376
14560.0,965.709730839719
14580.0,962.9969402749459
14600.0,960.4080098087237
14620.0,957.9235350371549
14640.0,955.5381836856035
14660.0,953.2696460993591
14680.0,951.1505715578791
14700.0,949.2160942963259
14720.0,947.4909680860708
14740.0,945.9845129807982
14760.0,944.7028926092628
14780.0,943.6601377499886
14800.0,942.8708996838752
14820.0,942.3404905337984
14840.0,942.0607826768388
14860.0,942.0097839448866
14880.0,942.1588887533651
14900.0,942.487064311247
14920.0,942.9894567931203
14940.0,943.6716573815031
14960.0,944.538765020053
14980.0,945.5948574765029
15000.0,946.846460578229
15020.0,948.2974931591373
15040.0,949.9392153401795
15060.0,951.7521208181176
15080.0,953.7161155931069
15100.0,955.8181579405096
15120.0,958.0564346260633
15140.0,960.4458172719194
15160.0,963.0167061222173
15180.0,965.8053590445352
15200.0,968.8426594214576
15220.0,972.1478984007447
15240.0,975.7331743238617
15260.0,979.6114495279728
15280.0,983.8005523153888
15300.0,988.3228979437584
15320.0,993.2002976508536
15340.0,998.4399176398317
15360.0,1004.0231586360908
15380.0,1009.9081571640315
15400.0,1016.037663316559
15420.0,1022.3443291586516
15440.0,1028.7495305331797
15460.0,1035.1614587383576
15480.0,1041.4782063224143
15500.0,1047.6007953581384
15520.0,1053.4479705409806
15540.0,1058.9611655510469
15560.0,1064.1003708643598
15580.0,1068.8361190570583
15600.0,1073.140496386309
15620.0,1076.9818902271231
15640.0,1080.3270764636782
15660.0,1083.1497036867024
15680.0,1085.4413189442641
15700.0,1087.2209724037064
15720.0,1088.5381736716608
15740.0,1089.4657585888308
15760.0,1090.093264537671
15780.0,1090.5261292289074
15800.0,1090.8875514415918
15820.0,1091.3123294409284
15840.0,1091.9242168716335
15860.0,1092.8106120225539
15880.0,1094.0064346901866
15900.0,1095.4893175230777
15920.0,1097.1912276873168
15940.0,1099.023773490183
15960.0,1100.9041978692433
15980.0,1102.7749681949686
16000.0,1104.6188909930374
16020.0,1106.4724840914312
16040.0,1108.4307581548126
16060.0,1110.6294116858528
16080.0,1113.2179418302753
16100.0,1116.3299958127905
16120.0,1120.0509583482017
16140.0,1124.3763685005983
16160.0,1129.1646168403379
16180.0,1134.094541352729
16200.0,1138.6388112875777
16220.0,1142.0772991541633
16240.0,1143.5806552229294
16260.0,1142.382974368152
16280.0,1138.0479948551906
16300.0,1130.8067461020105
16320.0,1121.9144892735947
16340.0,1113.9392267509159
16360.0,1110.8591412065464
16380.0,1117.8129127234179
16400.0,1140.376932126606
16420.0,1183.3393205530006
16440.0,1249.0932799595435
16460.0,1336.0141097553376
16480.0,1437.5195515283872
16500.0,1542.800285471295
16520.0,
16540.0,
16560.0,
16580.0,
16600.0,
16620.0,
16640.0,
16660.0,
16680.0,
16700.0,
16720.0,
16740.0,
16760.0,
16780.0,
16800.0,
16820.0,
16840.0,
16860.0,
16880.0,
16900.0,
16920.0,
16940.0,
16960.0,
16980.0,
17000.0,
17020.0,
17040.0,
17060.0,
17080.0,
17100.0,
17120.0,
17140.0,
17160.0,
17180.0,
17200.0,
17220.0,
17240.0,
17260.0,
17280.0,
17300.0,
17320.0,
17340.0,
17360.0,
17380.0,
17400.0,
17420.0,
17440.0,
17460.0,
17480.0,
17500.0,
17520.0,
17540.0,
17560.0,1537.2756193175148
17580.0,1523.7635754857497
17600.0,1488.4358523091382
17620.0,1433.0756536394379
17640.0,1364.1115949063435
17660.0,1291.7583485878754
17680.0,1225.4621436054254
17700.0,1170.956796992644
17720.0,1129.9550995635148
17740.0,1101.3848494217186
17760.0,1082.7530253327566
17780.0,1070.980095976476
17800.0,1062.9996255240571
17820.0,1056.240979762649
17840.0,1048.90570127319
17860.0,1040.02592878474
17880.0,1029.3507439117554
17900.0,1017.131495162171
17920.0,1003.8886587192392
17940.0,990.212830221305
17960.0,976.6347301753691
17980.0,963.5724932199824
18000.0,951.3333056557443
18020.0,940.1354593022286
18040.0,930.125950748536
18060.0,921.381476609274
18080.0,913.8996061742558
18100.0,907.598689525736
18120.0,902.3371414984425
18140.0,897.9455564590368
18160.0,894.2634439749943
18180.0,891.1807887991166
18200.0,888.6727647977832
18220.0,886.8098468327105
18240.0,885.7441324483661
18260.0,885.6760552091837
18280.0,886.7916675697606
18300.0,889.1563169664036
18320.0,892.5756695980708
18340.0,896.4492902543974
18360.0,899.6627036321972
18380.0,900.579803747336
18400.0,897.1904424063498
18420.0,887.4420407931211
18440.0,869.7575636156974
18460.0,843.6721389297667
18480.0,810.401878963695
18500.0,784.4728830031022
18520.0,
18540.0,
18560.0,
18580.0,
18600.0,
18620.0,
18640.0,
18660.0,
18680.0,
18700.0,
18720.0,
18740.0,
18760.0,
18780.0,
18800.0,
18820.0,
18840.0,
18860.0,
18880.0,
18900.0,
18920.0,
18940.0,
18960.0,
18980.0,
19000.0,
19020.0,
19040.0,
19060.0,
19080.0,
19100.0,
19120.0,
19140.0,
19160.0,
19180.0,
19200.0,
19220.0,
19240.0,
19260.0,
19280.0,
19300.0,
19320.0,
19340.0,
19360.0,
19380.0,
19400.0,
19420.0,
19440.0,
19460.0,
19480.0,
19500.0,
19520.0,
19540.0,
19560.0,
19580.0,
19600.0,
19620.0,
19640.0,
19660.0,
19680.0,
19700.0,
19720.0,
19740.0,
19760.0,
19780.0,
19800.0,
19820.0,
19840.0,
19860.0,
19880.0,
19900.0,
19920.0,
19940.0,
19960.0,
19980.0,
20000.0,
20020.0,
20040.0,
20060.0,
20080.0,
20100.0,
20120.0,
20140.0,
20160.0,
20180.0,
20200.0,
20220.0,
20240.0,
20260.0,
20280.0,
20300.0,
20320.0,
20340.0,
20360.0,
20380.0,
20400.0,
20420.0,
20440.0,
20460.0,
20480.0,
20500.0,
20520.0,
20540.0,
20560.0,
20580.0,
20600.0,
20620.0,
20640.0,
20660.0,
20680.0,
20700.0,
20720.0,
20740.0,
20760.0,
20780.0,
20800.0,
20820.0,
20840.0,
20860.0,
20880.0,
20900.0,
20920.0,
20940.0,
20960.0,
20980.0,
21000.0,
21020.0,
21040.0,
21060.0,
21080.0,
21100.0,
21120.0,
21140.0,
21160.0,
21180.0,
21200.0,
21220.0,
21240.0,
21260.0,
21280.0,
21300.0,
21320.0,
21340.0,
21360.0,
21380.0,
21400.0,
21420.0,
21440.0,
21460.0,
21480.0,
21500.0,
21520.0,
21540.0,
21560.0,
21580.0,
21600.0,
21620.0,
21640.0,
21660.0,
21680.0,
21700.0,
21720.0,
21740.0,
21760.0,
21780.0,
21800.0,
21820.0,
21840.0,
21860.0,
21880.0,
21900.0,
21920.0,
21940.0,
21960.0,
21980.0,
22000.0,
22020.0,
22040.0,
22060.0,
22080.0,
22100.0,
22120.0,
22140.0,
22160.0,
22180.0,
22200.0,
22220.0,
22240.0,
22260.0,
22280.0,
22300.0,
22320.0,
22340.0,
22360.0,
22380.0,
22400.0,
22420.0,
22440.0,
22460.0,
22480.0,
22500.0,
22520.0,
22540.0,
22560.0,
22580.0,
22600.0,
22620.0,
22640.0,
22660.0,
22680.0,
22700.0,
22720.0,
22740.0,
22760.0,
22780.0,
22800.0,
22820.0,
22840.0,
22860.0,
22880.0,
22900.0,
22920.0,
22940.0,
22960.0,
22980.0,
23000.0,
23020.0,
23040.0,
23060.0,
23080.0,
23100.0,
23120.0,
23140.0,
23160.0,
23180.0,
23200.0,
23220.0,
23240.0,
23260.0,
23280.0,
23300.0,
23320.0,
23340.0,
23360.0,
23380.0,
23400.0,
23420.0,
23440.0,
23460.0,
23480.0,
23500.0,
23520.0,
23540.0,
23560.0,
23580.0,
23600.0,
23620.0,
23640.0,
23660.0,
23680.0,
23700.0,
23720.0,
23740.0,
23760.0,
23780.0,
23800.0,
23820.0,
23840.0,
23860.0,
23880.0,
23900.0,
23920.0,
23940.0,
23960.0,
23980.0,
24000.0,
24020.0,
24040.0,
24060.0,
24080.0,
24100.0,
24120.0,
24140.0,
24160.0,
24180.0,
24200.0,
24220.0,
24240.0,
24260.0,
24280.0,
24300.0,
24320.0,
24340.0,
24360.0,
24380.0,
24400.0,
24420.0,
24440.0,
24460.0,
24480.0,
24500.0,
24520.0,
24540.0,
24560.0,
24580.0,
24600.0,
24620.0,
24640.0,
24660.0,
24680.0,
24700.0,
24720.0,
24740.0,
24760.0,
24780.0,
24800.0,
24820.0,
24840.0,1449.5657360266175
24860.0,1567.9115104022076
24880.0,1669.3482629366888
24900.0,1738.7002912584
24920.0,1774.6058330881042
24940.0,1781.2582349162517
24960.0,1765.9842921363609
24980.0,1736.937213005224
25000.0,1701.399523528035
25020.0,1664.8406172780137
25040.0,1630.6477464877926
25060.0,1600.3370614261635
25080.0,1574.0263090518197
25100.0,1550.9813462125035
25120.0,1530.10557134079
25140.0,1510.3024601286052
25160.0,1490.692621137569
25180.0,1470.7017980851876
25200.0,1450.0544439592084
25220.0,1428.7118560408949
25240.0,1406.7889300192812
25260.0,1384.4739607146773
25280.0,1361.965322021141
25300.0,1339.429791087697
25320.0,1316.9809950394724
25340.0,1294.6732036720007
25360.0,1272.5050406379996
25380.0,1250.4288434242826
25400.0,1228.3634512939684
25420.0,1206.2102652352592
25440.0,1183.8737717229992
25460.0,1161.2878254470827
25480.0,1138.4475818644205
25500.0,1115.4441318276429
25520.0,1092.4951147728523
25540.0,1069.9608745750152
25560.0,1048.3336054328652
25580.0,1028.188397911844
25600.0,1010.0923311911608
25620.0,994.4827401456923
25640.0,981.5495679520403
25660.0,971.1828241878159
25680.0,963.0299992110822
25700.0,956.6265480957836
25720.0,951.5262018370901
25740.0,947.3879664935896
25760.0,944.0052690970313
25780.0,941.2934302163588
25800.0,939.25989950173
25820.0,937.9572672855471
25840.0,937.4212822082578
25860.0,937.6286166522156
25880.0,938.4941494419545
25900.0,939.8882060463753
25920.0,941.6573045801493
25940.0,943.6477711420273
25960.0,945.7273733264135
25980.0,947.798103896365
26000.0,949.8004730918589
26020.0,951.7104183952437
26040.0,953.5304784709708
26060.0,955.2790980742182
26080.0,956.9809742437859
26100.0,958.6599694481285
26120.0,960.3349897301148
26140.0,962.0184679994815
26160.0,963.7167030731158
26180.0,965.4312144861673
26200.0,967.1603845811075
26220.0,968.9008780623928
26240.0,970.6485791119833
26260.0,972.3990157510437
26280.0,974.1474207136605
26300.0,975.8886929790244
26320.0,977.6175670568124
26340.0,979.3292629655625
26360.0,981.0207740461956
26380.0,982.6927516178828
26400.0,984.351675450177
26420.0,986.0116881505462
26440.0,987.6951800563605
26460.0,989.4310317766929
26480.0,991.2494727330511
26500.0,993.172919460049
26520.0,995.2030079883241
26540.0,997.3053356953203
26560.0,999.3950379174627
26580.0,1001.3278985738691
26600.0,1002.9026537095349
26620.0,1003.8797002039258
26640.0,1004.0186563103704
26660.0,1003.131219381349
26680.0,1001.135188351633
26700.0,998.0833909721399
26720.0,994.1506502996941
26740.0,989.5948510035929
26760.0,984.7154583738335
26780.0,979.824351432994
26800.0,975.2236753855974
26820.0,971.186089828761
26840.0,967.932068356127
26860.0,965.6051843841412
26880.0,964.2595477355362
26900.0,963.8642742403329
26920.0,964.3246155963086
26940.0,965.5140123397161
26960.0,967.3074890796494
26980.0,969.5981007090817
27000.0,972.2983036653579
27020.0,975.3386841614893
27040.0,978.6671717095481
27060.0,982.2448545374024
27080.0,986.0399428671399
27100.0,990.0239217628472
27120.0,994.1693037683841
27140.0,998.4566387989653
27160.0,1002.8806950176489
27180.0,1007.4404019604524
27200.0,1012.1253650618204
27220.0,1016.9112797398866
27240.0,1021.7670810655145
27260.0,1026.657875227991
27280.0,1031.5399557012342
27300.0,1036.3658771674532
27320.0,1041.094502100503
27340.0,1045.690808088136
27360.0,1050.1218121026654
27380.0,1054.3618996969724
27400.0,1058.3961734517843
27420.0,1062.2165885383517
27440.0,1065.8250278149235
27460.0,1069.236413248494
27480.0,1072.4780944807433
27500.0,1075.5858973519257
27520.0,1078.6030444557832
27540.0,1081.5829036597004
27560.0,1084.5824093219285
27580.0,1087.6417764314342
27600.0,1090.7618457070048
27620.0,1093.8950680497242
27640.0,1096.9497438419196
27660.0,1099.797741848384
27680.0,1102.2923217322798
27700.0,1103.9563573114826
27720.0,
27740.0,
27760.0,
27780.0,
27800.0,
27820.0,
27840.0,
27860.0,
27880.0,
27900.0,
27920.0,
27940.0,
27960.0,
27980.0,
28000.0,
28020.0,
28040.0,
28060.0,
28080.0,
28100.0,
28120.0,
28140.0,
28160.0,
28180.0,
28200.0,
28220.0,
28240.0,
28260.0,
28280.0,
28300.0,
28320.0,
28340.0,
28360.0,
28380.0,
28400.0,
28420.0,
28440.0,
28460.0,
28480.0,
28500.0,
28520.0,
28540.0,
28560.0,
28580.0,
28600.0,
28620.0,
28640.0,
28660.0,
28680.0,
28700.0,
28720.0,
28740.0,
28760.0,
28780.0,
28800.0,
28820.0,
28840.0,
28860.0,
28880.0,
28900.0,
28920.0,
28940.0,
28960.0,
28980.0,
29000.0,
29020.0,
29040.0,
29060.0,
29080.0,
29100.0,
29120.0,
29140.0,
29160.0,
29180.0,
29200.0,
29220.0,
29240.0,
29260.0,
29280.0,
29300.0,
29320.0,
29340.0,
29360.0,
29380.0,
29400.0,
29420.0,
29440.0,
29460.0,
29480.0,
29500.0,
29520.0,
29540.0,
29560.0,
29580.0,
29600.0,
29620.0,
29640.0,
29660.0,
29680.0,
29700.0,
29720.0,
29740.0,
29760.0,
29780.0,
29800.0,
29820.0,
29840.0,
29860.0,
29880.0,
29900.0,
29920.0,
29940.0,
29960.0,
29980.0,
30000.0,
30020.0,
30040.0,
30060.0,
30080.0,
30100.0,
30120.0,
30140.0,
30160.0,
30180.0,
30200.0,
30220.0,
30240.0,
30260.0,
30280.0,
30300.0,
30320.0,
30340.0,
30360.0,
30380.0,
30400.0,
30420.0,
30440.0,
30460.0,
30480.0,
30500.0,
30520.0,
30540.0,
30560.0,
30580.0,
30600.0,
30620.0,
30640.0,
30660.0,
30680.0,
30700.0,
30720.0,
30740.0,
30760.0,
30780.0,
30800.0,
30820.0,
30840.0,
30860.0,
30880.0,
30900.0,
30920.0,
30940.0,
30960.0,
30980.0,
31000.0,
31020.0,
31040.0,
31060.0,
31080.0,
31100.0,
31120.0,
31140.0,
31160.0,
31180.0,
31200.0,
31220.0,
31240.0,
31260.0,
31280.0,
31300.0,
31320.0,
31340.0,
31360.0,
31380.0,
31400.0,
31420.0,
31440.0,
31460.0,
31480.0,
31500.0,
31520.0,
31540.0,
31560.0,
31580.0,
31600.0,
31620.0,
31640.0,
31660.0,
31680.0,
31700.0,
31720.0,
31740.0,
31760.0,
31780.0,
31800.0,
31820.0,
31840.0,
31860.0,
31880.0,
31900.0,
31920.0,
31940.0,
31960.0,
31980.0,
32000.0,
32020.0,
32040.0,
32060.0,
32080.0,
32100.0,
32120.0,
32140.0,
32160.0,
32180.0,
32200.0,
32220.0,
32240.0,
32260.0,
32280.0,
32300.0,
32320.0,
32340.0,
32360.0,
32380.0,
32400.0,
32420.0,
32440.0,
32460.0,
32480.0,
32500.0,
32520.0,
32540.0,
32560.0,
32580.0,
32600.0,
32620.0,
32640.0,
32660.0,
32680.0,
32700.0,
32720.0,
32740.0,
32760.0,
32780.0,
32800.0,
32820.0,
32840.0,
32860.0,
32880.0,
32900.0,
32920.0,
32940.0,
32960.0,
32980.0,
33000.0,
33020.0,
33040.0,
33060.0,
33080.0,
33100.0,
33120.0,
33140.0,976.6753450603399
33160.0,978.7819354399999
33180.0,982.5134145452181
33200.0,986.9015717026114
33220.0,991.5451260512145
33240.0,995.9883156798065
33260.0,999.8143878419778
33280.0,1002.7345602936952
33300.0,1004.63745814493
33320.0,1005.5813504214686
33340.0,1005.7440673445651
33360.0,1005.3585839927367
33380.0,1004.6564976003299
33400.0,1003.8299771097685
33420.0,1003.0139113653662
33440.0,1002.2847098699001
33460.0,1001.6699670120755
33480.0,1001.1631302953123
33500.0,1000.7385156525683
33520.0,1000.363720847234
33540.0,1000.0081514532063
33560.0,999.6476735373326
33580.0,999.2662186202722
33600.0,998.8555031329446
33620.0,998.4139782496625
33640.0,997.9458191499283
33660.0,997.460317948218
33680.0,996.9715705971664
33700.0,996.4979390472196
33720.0,996.0605096237678
33740.0,995.6797335777403
33760.0,995.3696908330758
33780.0,995.1299996453714
33800.0,994.9362832414001
33820.0,994.7311870702131
33840.0,994.4189777275562
33860.0,993.8673618222496
33880.0,992.9198222898234
33900.0,991.4198907958544
33920.0,989.2448105073543
33940.0,986.3396728034752
33960.0,982.7358418864449
33980.0,978.5408548115909
34000.0,973.907264289388
34020.0,968.9974130367564
34040.0,963.9552587342496
34060.0,958.8894306574815
34080.0,953.8671635240314
34100.0,948.9164735471038
34120.0,944.0333901100945
34140.0,939.1915992175448
34160.0,934.3528794663147
34180.0,929.4777112180376
34200.0,924.5360575101765
34220.0,919.5183595204551
34240.0,914.4462398456848
34260.0,909.3814174166212
34280.0,904.4302379146624
34300.0,899.7405091300152
34320.0,895.487631191724
34340.0,891.8490160775684
34360.0,888.9701253535025
34380.0,886.9323466905101
34400.0,885.7373135401755
34420.0,885.3115791347424
34440.0,885.5287226611308
34460.0,886.2404096751825
34480.0,887.3079132482284
34500.0,888.6365694853137
34520.0,890.2070129629694
34540.0,892.0878446918275
34560.0,894.4192981288891
34580.0,897.3701687455037
34600.0,901.0917647960807
34620.0,905.682281373294
34640.0,911.152444239296
34660.0,917.3967446681085
34680.0,924.1630666172025
34700.0,931.0221925932481
34720.0,937.3635316800448
34740.0,942.4460695696483
34760.0,945.5203242956968
34780.0,946.0282675876437
34800.0,943.877905289925
34820.0,939.7515108115142
34840.0,935.3410483742388
34860.0,933.409079841307
34880.0,937.6028420843456
34900.0,951.9611745395193
34920.0,980.0980420360868
34940.0,1024.1468629626652
34960.0,1083.7058758361434
34980.0,1155.1555302576023
35000.0,1231.7861901496578
35020.0,1295.000252841765
35040.0,
35060.0,
35080.0,
35100.0,
35120.0,
35140.0,
35160.0,
35180.0,
35200.0,
35220.0,
35240.0,
35260.0,
35280.0,
35300.0,
35320.0,
35340.0,
35360.0,
35380.0,
35400.0,
35420.0,
35440.0,
35460.0,
35480.0,
35500.0,
35520.0,
35540.0,
35560.0,
35580.0,
35600.0,
35620.0,
35640.0,
35660.0,
35680.0,
35700.0,
35720.0,
35740.0,
35760.0,
35780.0,
35800.0,
35820.0,
35840.0,
35860.0,
35880.0,
35900.0,
35920.0,
35940.0,
35960.0,
35980.0,
36000.0,
36020.0,
36040.0,
36060.0,
36080.0,
36100.0,
36120.0,
36140.0,
36160.0,
36180.0,
36200.0,
36220.0,
36240.0,
36260.0,
36280.0,
36300.0,
36320.0,
36340.0,
36360.0,
36380.0,
36400.0,
36420.0,
36440.0,
36460.0,
36480.0,
36500.0,
36520.0,
36540.0,
36560.0,
36580.0,
36600.0,
36620.0,
36640.0,
36660.0,
36680.0,
36700.0,
36720.0,
36740.0,
36760.0,
36780.0,
36800.0,
36820.0,
36840.0,
36860.0,
36880.0,
36900.0,
36920.0,
36940.0,
36960.0,
36980.0,
37000.0,
37020.0,
37040.0,
37060.0,
37080.0,
37100.0,
37120.0,
37140.0,
37160.0,
37180.0,
37200.0,
37220.0,
37240.0,
37260.0,
37280.0,
37300.0,
37320.0,
37340.0,
37360.0,
37380.0,
37400.0,
37420.0,
37440.0,
37460.0,
37480.0,
37500.0,
37520.0,
37540.0,
37560.0,
37580.0,
37600.0,
37620.0,
37640.0,
37660.0,
37680.0,
37700.0,
37720.0,
37740.0,
37760.0,
37780.0,
37800.0,
37820.0,
37840.0,
37860.0,
37880.0,
37900.0,
37920.0,
37940.0,
37960.0,
37980.0,
38000.0,
38020.0,
38040.0,
38060.0,
38080.0,
38100.0,
38120.0,
38140.0,
38160.0,
38180.0,
38200.0,
38220.0,
38240.0,
38260.0,
38280.0,
38300.0,
38320.0,
38340.0,
38360.0,
38380.0,
38400.0,
38420.0,
38440.0,
38460.0,
38480.0,
38500.0,
38520.0,
38540.0,
38560.0,
38580.0,
38600.0,
38620.0,
38640.0,
38660.0,
38680.0,
38700.0,
38720.0,
38740.0,
38760.0,
38780.0,
38800.0,
38820.0,
38840.0,
38860.0,
38880.0,
38900.0,
38920.0,
38940.0,
38960.0,
38980.0,
39000.0,
39020.0,
39040.0,
39060.0,
39080.0,
39100.0,
39120.0,
39140.0,
39160.0,
39180.0,
39200.0,
39220.0,
39240.0,
39260.0,
39280.0,
39300.0,
39320.0,
39340.0,
39360.0,
39380.0,
39400.0,
39420.0,
39440.0,
39460.0,
39480.0,
39500.0,
39520.0,1281.5612899043765
39540.0,1224.8575093847646
39560.0,1161.3319846015067
39580.0,1105.673719624011
39600.0,1065.968519881426
39620.0,1047.6586892037908
39640.0,1052.5788102359961
39660.0,1079.0696827117174
39680.0,1122.8624457796918
39700.0,1178.5067352653525
39720.0,1240.6692808589346
39740.0,1303.8743969409572
39760.0,1362.1746319128588
39780.0,1410.740283018936
39800.0,1447.2854806116866
39820.0,1472.0318808999032
39840.0,1486.9645886096603
39860.0,1494.923992852555
39880.0,1498.8209335655358
39900.0,1501.1066967003935
39920.0,1503.5170465461583
39940.0,1507.0420435322158
39960.0,1512.0444624062648
39980.0,1518.4485887978287
40000.0,1525.9366006832897
40020.0,1534.1117967228656
40040.0,1542.6095688208472
40060.0,1551.1541882459837
40080.0,1559.570696695127
40100.0,1567.766762602671
40120.0,1575.7005301163463
40140.0,1583.3487573884606
40160.0,1590.6861886323748
40180.0,1597.6829466394927
40200.0,1604.3221154018877
40220.0,1610.6346471416578
40240.0,1616.743282176361
40260.0,1622.9015935092925
40280.0,1629.509370180358
40300.0,1637.0827958034095
40320.0,1646.15927642904
40340.0,1657.1245003138283
40360.0,1669.964983120251
40380.0,1683.972990312332
40400.0,1697.459580469867
40420.0,1707.558940498684
40440.0,1710.222012290537
40460.0,1700.4903414523992
40480.0,1673.141934355309
40500.0,1623.7739934069443
40520.0,1550.291610967319
40540.0,1454.5116993384931
40560.0,1343.1176100078098
40580.0,1226.9581016864304
40600.0,1118.3266550947228
40620.0,1027.3000659359527
40640.0,959.28520372325
40660.0,914.7659283922987
40680.0,890.5126298420907
40700.0,881.3002637774623
40720.0,881.490043735785
40740.0,886.1523253407398
40760.0,891.6548564810837
40780.0,895.7973206607518
40800.0,897.6433380253178
40820.0,897.1963201307242
40840.0,895.0271241094467
40860.0,891.9399781406177
40880.0,888.7303716764548
40900.0,886.0388794112802
40920.0,884.2865717272734
40940.0,883.6721054911711
40960.0,884.2120587951058
40980.0,885.7972154063118
41000.0,888.246597498741
41020.0,891.3627868988845
41040.0,894.9715280208217
41060.0,898.9416763010244
41080.0,903.1901563470952
41100.0,907.6800916691876
41120.0,912.42168446343
41140.0,917.4652543717875
41160.0,922.8763141750824
41180.0,928.7003197845548
41200.0,934.9304725888035
41220.0,941.4940077188934
41240.0,948.2623632915527
41260.0,955.0747092444008
41280.0,961.7714182213382
41300.0,968.2222000188507
41320.0,974.3505216547965
41340.0,980.1492837875232
41360.0,985.6820633679761
41380.0,991.0663804523516
41400.0,996.4480676830011
41420.0,1001.967505216493
41440.0,1007.7202040862155
41460.0,1013.7119011512161
41480.0,1019.7996015698349
41500.0,1025.6268595533973
41520.0,1030.6038815378938
41540.0,1033.9699519724038
41560.0,1034.9555078856795
41580.0,1033.0465229254157
41600.0,1028.3481506917512
41620.0,1021.9980971549281
41640.0,1016.5099619515137
41660.0,1015.896503965177
41680.0,1025.42199472942
41700.0,1050.8661927462736
41720.0,1097.2543658641878
41740.0,1167.1549897356006
41760.0,1258.9308092517285
41780.0,1365.6598046860402
41800.0,1475.7916149935577
41820.0,1576.4946121065798
41840.0,1658.1054531342718
41860.0,1711.8910510003689
41880.0,
41900.0,
41920.0,
41940.0,
41960.0,
41980.0,
42000.0,
42020.0,
42040.0,
42060.0,
42080.0,
42100.0,
42120.0,
42140.0,
42160.0,
42180.0,
42200.0,
42220.0,
42240.0,
42260.0,
42280.0,
42300.0,
42320.0,
42340.0,
42360.0,
42380.0,
42400.0,
42420.0,
42440.0,
42460.0,
42480.0,
42500.0,
42520.0,
42540.0,
42560.0,
42580.0,
42600.0,
42620.0,
42640.0,
42660.0,
42680.0,
42700.0,
42720.0,
42740.0,
42760.0,
42780.0,
42800.0,
42820.0,
42840.0,
42860.0,
42880.0,
42900.0,
42920.0,
42940.0,
42960.0,
42980.0,
43000.0,
43020.0,
43040.0,
43060.0,
43080.0,
43100.0,
43120.0,
43140.0,
43160.0,
43180.0,
43200.0,
43220.0,
43240.0,
43260.0,
43280.0,
43300.0,
43320.0,
43340.0,
43360.0,
43380.0,
43400.0,
43420.0,
43440.0,
43460.0,
43480.0,
43500.0,
43520.0,
43540.0,
43560.0,
43580.0,
43600.0,
43620.0,
43640.0,
43660.0,
43680.0,
43700.0,
43720.0,
43740.0,
43760.0,
43780.0,
43800.0,
43820.0,
43840.0,
43860.0,
43880.0,
43900.0,
43920.0,
43940.0,
43960.0,
43980.0,
44000.0,
44020.0,
44040.0,
44060.0,
44080.0,
44100.0,
44120.0,
44140.0,
44160.0,
44180.0,
44200.0,
44220.0,
44240.0,
44260.0,
44280.0,
44300.0,
44320.0,
44340.0,
44360.0,
44380.0,
44400.0,
44420.0,
44440.0,
44460.0,
44480.0,
44500.0,
44520.0,
44540.0,
44560.0,
44580.0,
44600.0,
44620.0,1448.5917009786453
44640.0,1412.9763074157916
44660.0,1339.2358252920972
44680.0,1260.1656922633124
44700.0,1186.0350350062897
44720.0,1124.6809971264188
44740.0,1079.9186578020726
44760.0,1051.7623964535092
44780.0,1037.5526262689764
44800.0,1033.3070162326317
44820.0,1034.8833679009877
44840.0,1038.767255257284
44860.0,1042.458510304529
44880.0,1044.527196944096
44900.0,1044.4511099449612
44920.0,1042.3480998846874
44940.0,1038.6940433676154
44960.0,1034.0852738413796
44980.0,1029.0730348756472
45000.0,1024.0729753639455
45020.0,1019.3371130850448
45040.0,1014.9686279467985
45060.0,1010.9593754126015
45080.0,1007.2336677743685
45100.0,1003.6873464875887
45120.0,1000.2166914767311
45140.0,996.7361737669391
45160.0,993.1869550100488
45180.0,989.5393330145611
45200.0,985.7922821280929
45220.0,981.9722473684672
45240.0,978.1318799891836
45260.0,974.3479095257499
45280.0,970.7162764868896
45300.0,967.3424202394093
45320.0,964.3256058329996
45340.0,961.7386719659165
45360.0,959.608695816296
45380.0,957.9084742334262
45400.0,956.5655520941331
45420.0,955.4829064677979
45440.0,954.5608832690202
45460.0,953.7139957516077
45480.0,952.8803466372008
45500.0,952.0240869320021
45520.0,951.1326340282194
45540.0,950.2106919803267
45560.0,949.2728470306023
45580.0,948.3360140731165
45600.0,947.4125580253547
45620.0,946.5046669375582
45640.0,945.6005514609535
45660.0,944.673219691302
45680.0,943.6827705955284
45700.0,942.5831481186858
45720.0,941.333870628245
45740.0,939.9162064078644
45760.0,938.3515263963864
45780.0,936.7172383574969
45800.0,935.1531551958933
45820.0,933.8496838342502
45840.0,933.0168578378065
45860.0,932.8490838270875
45880.0,933.4938355677448
45900.0,935.0184476653254
45920.0,937.3719355932178
45940.0,940.3550855340633
45960.0,943.6146555366282
45980.0,946.6712360309814
46000.0,948.9953083459868
46020.0,950.1426135681756
46040.0,949.9443691714962
46060.0,948.7340760506193
46080.0,947.5644724930833
46100.0,948.3556170972663
46120.0,953.8917043057445
46140.0,967.5614910737473
46160.0,992.7705262428406
46180.0,1032.0400578912372
46200.0,1085.944419626637
46220.0,1152.2182812569936
46240.0,1225.5165985505455
46260.0,1287.8055213075459
46280.0,
46300.0,
46320.0,
46340.0,
46360.0,
46380.0,
46400.0,
46420.0,
46440.0,
46460.0,
46480.0,
46500.0,
46520.0,
46540.0,
46560.0,
46580.0,
46600.0,
46620.0,
46640.0,
46660.0,
46680.0,
46700.0,
46720.0,
46740.0,
46760.0,
46780.0,
46800.0,
46820.0,
46840.0,
46860.0,
46880.0,
46900.0,
46920.0,
46940.0,
46960.0,
46980.0,
47000.0,
47020.0,
47040.0,
47060.0,
47080.0,
47100.0,
47120.0,
47140.0,
47160.0,
47180.0,
47200.0,
47220.0,
47240.0,
47260.0,
47280.0,
47300.0,
47320.0,
47340.0,
47360.0,
47380.0,
47400.0,
47420.0,
47440.0,
47460.0,
47480.0,
47500.0,
47520.0,
47540.0,
47560.0,
47580.0,
47600.0,
47620.0,
47640.0,
47660.0,
47680.0,
47700.0,
47720.0,
47740.0,
47760.0,
47780.0,
47800.0,
47820.0,
47840.0,
47860.0,
47880.0,
47900.0,
47920.0,
47940.0,
47960.0,
47980.0,
48000.0,
48020.0,
48040.0,
48060.0,
48080.0,
48100.0,
48120.0,
48140.0,
48160.0,
48180.0,
48200.0,
48220.0,
48240.0,
48260.0,
48280.0,
48300.0,
48320.0,
48340.0,
48360.0,
48380.0,
48400.0,
48420.0,
48440.0,
48460.0,
48480.0,
48500.0,
48520.0,
48540.0,
48560.0,
48580.0,
48600.0,
48620.0,
48640.0,
48660.0,
48680.0,
48700.0,
48720.0,
48740.0,
48760.0,
48780.0,
48800.0,
48820.0,
48840.0,
48860.0,
48880.0,
48900.0,
48920.0,
48940.0,
48960.0,
48980.0,
49000.0,
49020.0,
49040.0,
49060.0,
49080.0,
49100.0,
49120.0,
49140.0,
49160.0,
49180.0,
49200.0,
49220.0,
49240.0,
49260.0,
49280.0,
49300.0,
49320.0,
49340.0,
49360.0,
49380.0,
49400.0,
49420.0,
49440.0,
49460.0,
49480.0,
49500.0,
49520.0,
49540.0,
49560.0,
49580.0,
49600.0,
49620.0,
49640.0,
49660.0,
49680.0,
49700.0,
49720.0,
49740.0,
49760.0,
49780.0,
49800.0,
49820.0,
49840.0,
49860.0,
49880.0,
49900.0,
49920.0,
49940.0,
49960.0,
49980.0,
50000.0,
50020.0,
50040.0,
50060.0,
50080.0,
50100.0,
50120.0,
50140.0,1086.723234056828
50160.0,1097.210898432131
50180.0,1099.4367449011206
50200.0,1082.2440499338993
50220.0,1052.6075970565596
50240.0,1020.4155510493363
50260.0,995.3932280836946
50280.0,985.3826592551243
50300.0,995.5373231692205
50320.0,1027.9815621655891
50340.0,1081.6892577900041
50360.0,1152.6253464737013
50380.0,1234.5169302591032
50400.0,1320.5518640868859
50420.0,1404.8810570710077
50440.0,1482.6203728480345
50460.0,1549.1377986304062
50480.0,1600.7713799078879
50500.0,1636.2605472083228
50520.0,1657.0425208210206
50540.0,1666.5566467867895
50560.0,1668.9612934072352
50580.0,1667.8626617384027
50600.0,1665.8137322334526
50620.0,1664.3221708468886
50640.0,1664.027933561644
50660.0,1665.0634194109928
50680.0,1667.3825837358581
50700.0,1670.9306522375798
50720.0,1675.7446869078153
50740.0,1681.8902100053333
50760.0,1689.2289932153312
50780.0,1697.1708644722844
50800.0,1704.549540934627
50820.0,1709.660063664976
50840.0,1710.414119147355
50860.0,1704.6097892527894
50880.0,1690.3701375771684
50900.0,1666.7473712190767
50920.0,1634.3284385173333
50940.0,1595.599251908913
50960.0,1573.0675518300786
50980.0,
51000.0,
51020.0,
51040.0,
51060.0,
51080.0,
51100.0,
51120.0,
51140.0,
51160.0,
51180.0,
51200.0,
51220.0,
51240.0,
51260.0,
51280.0,
51300.0,
51320.0,
51340.0,
51360.0,
51380.0,
51400.0,
51420.0,
51440.0,
51460.0,
51480.0,
51500.0,
51520.0,
51540.0,
51560.0,
51580.0,
51600.0,
51620.0,
51640.0,
51660.0,
51680.0,
51700.0,
51720.0,
51740.0,
51760.0,
51780.0,
51800.0,
51820.0,
51840.0,
51860.0,
51880.0,
51900.0,
51920.0,
51940.0,
51960.0,
51980.0,
52000.0,
52020.0,
52040.0,
52060.0,
52080.0,
52100.0,
52120.0,
52140.0,
52160.0,
52180.0,1653.5907818370688
52200.0,1705.5368247861857
52220.0,1758.6323874580903
52240.0,1805.0797481901184
52260.0,1840.1560794434401
52280.0,1859.3369129004955
52300.0,1858.1311788434045
52320.0,1832.375672776368
52340.0,1779.1859829742978
52360.0,1698.4249435231955
52380.0,1594.1824799338315
52400.0,1475.3647447379694
52420.0,1354.320913333038
52440.0,1243.4546802433165
52460.0,1151.7920689867165
52480.0,1083.5592008625981
52500.0,1038.5539626732839
52520.0,1013.3557112833647
52540.0,1002.8709872292708
52560.0,1001.7397119936784
52580.0,1005.333476864678
52600.0,1010.2852027865954
52620.0,1014.5964963413559
52640.0,1017.4468053281644
52660.0,1018.8537636928756
52680.0,1019.2984187183823
52700.0,1019.3908650652805
52720.0,1019.6156473515233
52740.0,1020.1745421360505
52760.0,1020.9465226497592
52780.0,1021.5699057368995
52800.0,1021.632413846541
52820.0,1020.9202171920867
52840.0,1019.6670106684649
52860.0,1018.7612497904331
52880.0,1019.8493326337226
52900.0,1025.260143545637
52920.0,1037.6793481385223
52940.0,1059.521791547462
52960.0,1092.026228824551
52980.0,1134.200323562281
53000.0,1181.8889113826679
53020.0,1227.4070147814919
53040.0,1260.334670430261
53060.0,1270.142962928041
53080.0,1250.8999744950836
53100.0,
53120.0,
53140.0,
53160.0,
53180.0,
53200.0,
53220.0,
53240.0,
53260.0,
53280.0,
53300.0,
53320.0,
53340.0,
53360.0,
53380.0,
53400.0,
53420.0,
53440.0,
53460.0,
53480.0,
53500.0,
53520.0,
53540.0,
53560.0,
53580.0,
53600.0,
53620.0,
53640.0,
53660.0,
53680.0,
53700.0,
53720.0,
53740.0,
53760.0,
53780.0,
53800.0,
53820.0,
53840.0,
53860.0,
53880.0,
53900.0,
53920.0,
53940.0,
53960.0,
53980.0,
54000.0,
54020.0,
54040.0,
54060.0,
54080.0,
54100.0,
54120.0,
54140.0,
54160.0,
54180.0,
54200.0,
54220.0,
54240.0,
54260.0,
54280.0,
54300.0,
54320.0,
54340.0,
54360.0,
54380.0,
54400.0,
54420.0,
54440.0,
54460.0,
54480.0,
54500.0,
54520.0,
54540.0,
54560.0,
54580.0,
54600.0,
54620.0,
54640.0,
54660.0,
54680.0,
54700.0,
54720.0,
54740.0,
54760.0,
54780.0,
54800.0,
54820.0,
54840.0,
54860.0,
54880.0,
54900.0,
54920.0,
54940.0,
54960.0,
54980.0,
55000.0,
55020.0,
55040.0,
55060.0,
55080.0,
55100.0,
55120.0,
55140.0,
55160.0,
55180.0,
55200.0,
55220.0,
55240.0,
55260.0,
55280.0,
55300.0,
55320.0,
55340.0,
55360.0,
55380.0,
55400.0,1076.5108557620617
55420.0,1075.6076497186232
55440.0,1073.2865328023918
55460.0,1070.3839390552982
55480.0,1068.4164560553547
55500.0,1069.8269220385093
55520.0,1077.7918907867265
55540.0,1095.680855005078
55560.0,1126.157114675731
55580.0,1170.049142688224
55600.0,1225.3210485781842
55620.0,1286.6888785979697
55640.0,1320.576787905034
55660.0,
55680.0,
55700.0,
55720.0,
55740.0,
55760.0,
55780.0,
55800.0,
55820.0,
55840.0,
55860.0,
55880.0,
55900.0,
55920.0,
55940.0,
55960.0,
55980.0,
56000.0,
56020.0,
56040.0,
56060.0,
56080.0,
56100.0,
56120.0,
56140.0,
56160.0,
56180.0,
56200.0,
56220.0,
56240.0,
56260.0,
56280.0,
56300.0,
56320.0,
56340.0,
56360.0,
56380.0,
56400.0,
56420.0,
56440.0,
56460.0,
56480.0,
56500.0,
56520.0,
56540.0,
56560.0,
56580.0,
56600.0,
56620.0,
56640.0,
56660.0,
56680.0,
56700.0,
56720.0,
56740.0,
56760.0,
56780.0,
56800.0,
56820.0,
56840.0,
56860.0,
56880.0,
56900.0,
56920.0,
56940.0,
56960.0,
56980.0,
57000.0,
57020.0,
57040.0,
57060.0,
57080.0,
57100.0,
57120.0,
57140.0,
57160.0,
57180.0,
57200.0,
57220.0,
57240.0,
57260.0,
57280.0,
57300.0,
57320.0,
57340.0,
57360.0,
57380.0,
57400.0,
57420.0,
57440.0,
57460.0,
57480.0,
57500.0,
57520.0,
57540.0,
57560.0,
57580.0,
57600.0,
57620.0,
57640.0,
57660.0,
57680.0,
57700.0,
57720.0,
57740.0,
57760.0,
57780.0,
57800.0,
57820.0,
57840.0,
57860.0,
57880.0,
57900.0,
57920.0,
57940.0,
57960.0,
57980.0,
58000.0,
58020.0,
58040.0,
58060.0,
58080.0,
58100.0,
58120.0,
58140.0,
58160.0,
58180.0,
58200.0,
58220.0,
58240.0,
58260.0,
58280.0,
58300.0,
58320.0,
58340.0,
58360.0,
58380.0,
58400.0,
58420.0,
58440.0,
58460.0,
58480.0,
58500.0,
58520.0,
58540.0,
58560.0,
58580.0,
58600.0,
58620.0,
58640.0,
58660.0,
58680.0,
58700.0,
58720.0,
58740.0,
58760.0,
58780.0,
58800.0,
58820.0,
58840.0,
58860.0,
58880.0,
58900.0,
58920.0,
58940.0,
58960.0,
58980.0,
59000.0,
59020.0,
59040.0,
59060.0,
59080.0,
59100.0,
59120.0,
59140.0,
59160.0,
59180.0,
59200.0,
59220.0,
59240.0,
59260.0,
59280.0,
59300.0,
59320.0,
59340.0,
59360.0,
59380.0,
59400.0,
59420.0,
59440.0,
59460.0,
59480.0,
59500.0,
59520.0,
59540.0,
59560.0,
59580.0,
59600.0,
59620.0,
59640.0,
59660.0,
59680.0,
59700.0,
59720.0,
59740.0,
59760.0,
59780.0,
59800.0,
59820.0,
59840.0,
59860.0,
59880.0,
59900.0,
59920.0,
59940.0,1011.4904832896318
59960.0,1012.3906920349443
59980.0,1005.1264796028056
60000.0,992.5738201562617
60020.0,978.566928820985
60040.0,966.2186927978303
60060.0,957.34516808293
60080.0,952.4199124848856
60100.0,950.8374866943493
60120.0,951.3101375273402
60140.0,952.2902481651063
60160.0,952.3350799628691
60180.0,950.3576390173433
60200.0,945.7498040812131
60220.0,938.398622570768
60240.0,928.6156538245925
60260.0,917.009261774759
60280.0,904.335434509999
60300.0,891.357210872203
60320.0,878.7311145084468
60340.0,866.9388402267665
60360.0,856.2731281428785
60380.0,846.8627190015355
60400.0,838.7244173940996
60420.0,831.8292893106724
60440.0,826.1588284424694
60460.0,821.7318215335475
60480.0,818.5980882510296
60500.0,816.8091797846648
60520.0,816.3797732909486
60540.0,817.2512474514609
60560.0,819.2756803366949
60580.0,822.2293731423586
60600.0,825.8508939125888
60620.0,829.8850396309314
60640.0,834.1168112090529
60660.0,838.3894010044763
60680.0,842.6070151303096
60700.0,846.7267818413426
60720.0,850.7449061379536
60740.0,854.681559973014
60760.0,858.5675779658341
60780.0,862.434485987819
60800.0,866.3081186547528
60820.0,870.2052673789098
60840.0,874.1324690227832
60860.0,878.0861168734624
60880.0,882.0534134028296
60900.0,886.0141279798024
60920.0,889.9435120721957
60940.0,893.8169144603495
60960.0,897.6165143335487
60980.0,901.3400848726421
61000.0,905.0108242570989
61020.0,908.6861635136438
61040.0,912.4623373164748
61060.0,916.4707909843786
61080.0,920.8627297987456
61100.0,925.7798884753508
61120.0,931.3134292367934
61140.0,937.4590293921055
61160.0,944.0844342033188
61180.0,950.9314107555714
61200.0,957.6568898153777
61220.0,963.8946839568507
61240.0,969.3169781692122
61260.0,973.685390577744
61280.0,976.8872977302074
61300.0,978.9470776216534
61320.0,980.004553348447
61340.0,980.276372597946
61360.0,980.0211854538842
61380.0,979.509625389806
61400.0,978.9923184056006
61420.0,978.6705890657583
61440.0,978.6794367238814
61460.0,979.0911166330616
61480.0,979.9341761388845
61500.0,981.2099570270227
61520.0,982.9054456526004
61540.0,985.0091162192273
61560.0,987.5241565815766
61580.0,990.4741088698818
61600.0,993.8944933501392
61620.0,997.8061286480815
61640.0,1002.1810496774609
61660.0,1006.908033252231
61680.0,1011.7673497901402
61700.0,1016.4346960852714
61720.0,1020.5234476911941
61740.0,1023.6643493531471
61760.0,1025.613860739149
61780.0,1026.365618991744
61800.0,1026.2537155384618
61820.0,1026.0298083763562
61840.0,1026.894484561872
61860.0,1030.4396361615418
61880.0,1038.442421107873
61900.0,1052.494555054313
61920.0,1073.488250836352
61940.0,1101.0548966402766
61960.0,1133.15457452881
61980.0,1166.1124483271376
62000.0,1195.4823496172817
62020.0,1217.8503234204284
62040.0,1232.070865634857
62060.0,1238.8913167392966
62080.0,1240.1181746569957
62100.0,1237.8809060039725
62120.0,1234.110504160836
62140.0,1230.2546204401356
62160.0,1227.1944008182647
62180.0,1225.301440246156
62200.0,1224.5695738153086
62220.0,1224.76698655382
62240.0,1225.571421985991
62260.0,1226.669089288454
62280.0,1227.812498743205
62300.0,1228.8422872806186
62320.0,1229.6830992558982
62340.0,1230.3246854090926
62360.0,1230.7978917695505
62380.0,1231.1524256893551
62400.0,1231.4402382281066
62420.0,1231.7057213138696
62440.0,1231.9820118138732
62460.0,1232.2915868851162
62480.0,1232.648928643024
62500.0,1233.0631671319284
62520.0,1233.5391151932822
62540.0,1234.0758579723288
62560.0,1234.6629605349176
62580.0,1235.2753297248714
62600.0,1235.868708811971
62620.0,1236.3785365104604
62640.0,1236.72523157934
62660.0,1236.8285748627081
62680.0,1236.6324507799704
62700.0,1236.1385746193682
62720.0,1235.4440024924756
62740.0,1234.7726231790261
62760.0,1234.4864141859605
62780.0,1235.0595224619817
62800.0,1236.9991679376324
62820.0,1240.704042552965
62840.0,1246.2648822044343
62860.0,1253.2335028808568
62880.0,1260.413827515815
62900.0,1265.7561874873431
62920.0,1266.4558534545677
62940.0,1259.3566842059888
62960.0,1241.7280350938483
62980.0,1212.4066296490687
63000.0,1173.1448969863998
63020.0,1129.3311065723306
63040.0,1088.272631288696
63060.0,1056.1834876467396
63080.0,1036.5292556879308
63100.0,1029.8690186442814
63120.0,1034.545438175408
63140.0,1047.6711008139719
63160.0,1066.0483706497296
63180.0,1086.8374710220742
63200.0,1107.922655545758
63220.0,1128.0125703723338
63240.0,1146.5528025637657
63260.0,1163.5367583476213
63280.0,1179.2879613888258
63300.0,1194.264085892144
63320.0,1208.9092684558523
63340.0,1223.5618934597708
63360.0,1238.4124818514833
63380.0,1253.5005404534888
63400.0,1268.738745949945
63420.0,1283.9554169317182
63440.0,1298.9495428805637
63460.0,1313.5547182775892
63480.0,1327.7078627787284
63500.0,1341.5151575549885
63520.0,1355.3017715091516
63540.0,1369.6253455090582
63560.0,1385.2285138263667
63580.0,1402.9063563106413
63600.0,1423.2740958780523
63620.0,1446.4412223268862
63640.0,1471.6309745804829
63660.0,1496.8254640385458
63680.0,1518.5582853882975
63700.0,1532.004036938718
63720.0,1531.5083277597137
63740.0,1511.6404121986575
63760.0,1468.713421053963
63780.0,1402.4929967264345
63800.0,1317.5094913261596
63820.0,1223.0336711618547
63840.0,1130.6864190581375
63860.0,1050.5166763605073
63880.0,988.5057066585101
63900.0,946.2611803253965
63920.0,921.9988872047613
63940.0,911.9664493600949
63960.0,911.7579803211866
63980.0,917.2557610809988
64000.0,925.1611797061526
64020.0,933.196440397476
64040.0,940.0708339384504
64060.0,945.2972724748113
64080.0,948.9425774163176
64100.0,951.3793316937165
64120.0,953.082774651018
64140.0,954.4919486719225
64160.0,955.9352210287809
64180.0,957.6083220607195
64200.0,959.5878403928875
64220.0,961.8631256201841
64240.0,964.3727726515606
64260.0,967.036451910299
64280.0,969.7774164641808
64300.0,972.5347227467648
64320.0,975.2667023555102
64340.0,977.9485343423809
64360.0,980.5671098332771
64380.0,983.1160407709955
64400.0,985.5929029549716
64420.0,987.9998099776855
64440.0,990.3473067275867
64460.0,992.6604264093088
64480.0,994.9846603101303
64500.0,997.3886897286505
64520.0,999.9602580684863
64540.0,1002.7918350769003
64560.0,1005.9540908816025
64580.0,1009.457920971346
64600.0,1013.2100264650595
64620.0,1016.9758806860585
64640.0,1020.3793527332211
64660.0,1022.9606461437772
64680.0,1024.2741598720852
64700.0,1023.9828114320795
64720.0,1021.9165956775889
64740.0,1018.0906350922363
64760.0,1012.690337490619
64780.0,1006.0404218875174
64800.0,998.5657964677177
64820.0,990.747341794929
64840.0,983.0791905675211
64860.0,976.0307068068735
64880.0,970.0140333998213
64900.0,965.3693575483146
64920.0,962.372292873194
64940.0,961.2403484792961
64960.0,962.1187156203447
64980.0,965.0388403621461
65000.0,969.8495635708271
65020.0,976.1493528151775
65040.0,983.2703694982181
65060.0,990.3619457350078
65080.0,996.633231462169
65100.0,1001.8251795166298
65120.0,1006.869470725051
65140.0,1013.9142776992851
65160.0,1025.1624658753522
65180.0,1041.9264073830832
65200.0,1064.3953801049395
65220.0,1091.833447901378
65240.0,1122.9530563945113
65260.0,1156.297828504978
65280.0,1190.5460236825288
65300.0,1224.7048740364185
65320.0,1258.2024848831375
65340.0,1290.8999169570393
65360.0,1323.0463460380938
65380.0,1355.1912914058514
65400.0,1388.0565737493498
65420.0,1422.3629954640746
65440.0,1458.6074151673195
65460.0,1496.7975100406588
65480.0,1536.1738652531335
65500.0,1574.978311636534
65520.0,1610.3557029272986
65540.0,1638.4913884979233
65560.0,1655.07291862233
65580.0,1656.1052695658327
65600.0,1638.9899258005657
65620.0,1603.5929052871138
65640.0,1552.7815676891582
65660.0,1491.6669052910745
65680.0,1425.3670404890975
65700.0,1357.4228665347696
65720.0,1290.116678162339
65740.0,1224.863301530712
65760.0,1162.2968390448482
65780.0,1103.3375872939755
65800.0,1050.169563081871
65820.0,1005.4364626907579
65840.0,970.8675590273217
65860.0,946.7364196087658
65880.0,932.0246551832373
65900.0,924.9037255300673
65920.0,923.2690788631004
65940.0,925.1718153151107
65960.0,929.0833880272464
65980.0,933.9853322938586
66000.0,939.3142785990079
66020.0,944.8058394124737
66040.0,950.3026868627187
66060.0,955.5966264768331
66080.0,960.3445738594048
66100.0,964.0697810802576
66120.0,966.2673943938169
66140.0,966.6347597203788
66160.0,965.3987752497438
66180.0,963.6659883970393
66200.0,963.6896689183847
66220.0,968.9282985239757
66240.0,983.7609669919984
66260.0,1012.7461480303103
66280.0,1059.4041564211593
66300.0,1124.6915098970626
66320.0,1205.5592810849314
66340.0,1294.276824408312
66360.0,1379.422004482993
66380.0,1449.2801710227031
66400.0,1496.1959845756633
66420.0,1512.365409180882
66440.0,
66460.0,
66480.0,
66500.0,
66520.0,
66540.0,
66560.0,
66580.0,
66600.0,
66620.0,
66640.0,
66660.0,
66680.0,
66700.0,
66720.0,
66740.0,
66760.0,
66780.0,
66800.0,
66820.0,
66840.0,
66860.0,
66880.0,
66900.0,
66920.0,
66940.0,
66960.0,
66980.0,
67000.0,
67020.0,
67040.0,
67060.0,
67080.0,
67100.0,
67120.0,
67140.0,
67160.0,
67180.0,
67200.0,
67220.0,
67240.0,
67260.0,
67280.0,
67300.0,
67320.0,
67340.0,
67360.0,
67380.0,
67400.0,
67420.0,
67440.0,
67460.0,
67480.0,
67500.0,
67520.0,
67540.0,
67560.0,
67580.0,
67600.0,
67620.0,
67640.0,
67660.0,
67680.0,
67700.0,
67720.0,
67740.0,
67760.0,
67780.0,
67800.0,
67820.0,
67840.0,
67860.0,
67880.0,
67900.0,
67920.0,
67940.0,
67960.0,
67980.0,
68000.0,
68020.0,
68040.0,
68060.0,
68080.0,
68100.0,
68120.0,
68140.0,
68160.0,
68180.0,
68200.0,
68220.0,
68240.0,
68260.0,
68280.0,
68300.0,
68320.0,
68340.0,
68360.0,
68380.0,
68400.0,
68420.0,
68440.0,
68460.0,
68480.0,
68500.0,
68520.0,
68540.0,
68560.0,
68580.0,
68600.0,
68620.0,
68640.0,
68660.0,
68680.0,
68700.0,
68720.0,
68740.0,
68760.0,
68780.0,
68800.0,
68820.0,
68840.0,
68860.0,
68880.0,
68900.0,
68920.0,
68940.0,
68960.0,
68980.0,
69000.0,
69020.0,
69040.0,
69060.0,
69080.0,
69100.0,
69120.0,
69140.0,
69160.0,
69180.0,
69200.0,
69220.0,
69240.0,
69260.0,
69280.0,
69300.0,
69320.0,
69340.0,
69360.0,
69380.0,
69400.0,
69420.0,
69440.0,
69460.0,
69480.0,
69500.0,
69520.0,
69540.0,
69560.0,
69580.0,
69600.0,
69620.0,
69640.0,
69660.0,
69680.0,
69700.0,
69720.0,
69740.0,
69760.0,
69780.0,
69800.0,
69820.0,
69840.0,
69860.0,
69880.0,
69900.0,
69920.0,
69940.0,
69960.0,
69980.0,
70000.0,
70020.0,
70040.0,
70060.0,
70080.0,
70100.0,
70120.0,
70140.0,
70160.0,
70180.0,
70200.0,
70220.0,
70240.0,
70260.0,
70280.0,
70300.0,
70320.0,
70340.0,
70360.0,
70380.0,
70400.0,1124.3079179146944
70420.0,1138.4056093177908
70440.0,1140.6220515184605
70460.0,1125.9295784365656
70480.0,1097.7178593280723
70500.0,1061.0342699694597
70520.0,1022.0997537596273
70540.0,986.7020533608342
70560.0,958.6651867737535
70580.0,939.4666638748719
70600.0,928.6374933959572
70620.0,924.4997391986377
70640.0,924.929750795856
70660.0,927.965381844072
70680.0,932.1817169266936
70700.0,936.8342264072871
70720.0,941.8125274120184
70740.0,947.4697710740631
70760.0,954.4023134305755
70780.0,963.2614904012751
70800.0,974.6912884135985
70820.0,989.5065431763862
70840.0,1009.2561056062088
70860.0,1037.1931006345862
70880.0,1078.2401475993154
70900.0,1136.1136639941687
70920.0,1210.0566071419798
70940.0,1293.7915473437663
70960.0,1377.6555788737676
70980.0,1452.7973119102237
71000.0,1513.7333338157423
71020.0,1558.1082561377227
71040.0,1585.7036026243418
71060.0,1598.0062886596966
71080.0,1597.7888068847205
71100.0,1588.4252151874746
71120.0,1573.2397633551361
71140.0,1555.4610541422717
71160.0,1538.3700716077983
71180.0,1524.8087731756866
71200.0,1515.8665504777985
71220.0,1509.9198553242686
71240.0,1503.1824874824474
71260.0,1491.393995595911
71280.0,1471.6367138251094
71300.0,1443.3283475617814
71320.0,1408.4804715610203
71340.0,1371.3781623442414
71360.0,1337.395247095656
71380.0,1316.525344373614
71400.0,
71420.0,
71440.0,
71460.0,
71480.0,
71500.0,
71520.0,
71540.0,
71560.0,
71580.0,
71600.0,
71620.0,
71640.0,
71660.0,
71680.0,
71700.0,
71720.0,
71740.0,
71760.0,
71780.0,
71800.0,
71820.0,
71840.0,
71860.0,
71880.0,
71900.0,
71920.0,
71940.0,
71960.0,
71980.0,
72000.0,
72020.0,
72040.0,
72060.0,
72080.0,
72100.0,
72120.0,
72140.0,
72160.0,
72180.0,
72200.0,
72220.0,
72240.0,
72260.0,
72280.0,
72300.0,
72320.0,
72340.0,
72360.0,
72380.0,
72400.0,
72420.0,
72440.0,
72460.0,
72480.0,
72500.0,
72520.0,
72540.0,
72560.0,
72580.0,
72600.0,
72620.0,
72640.0,
72660.0,
72680.0,
72700.0,
72720.0,
72740.0,
72760.0,
72780.0,
72800.0,
72820.0,
72840.0,
72860.0,
72880.0,
72900.0,
72920.0,
72940.0,
72960.0,
72980.0,
73000.0,
73020.0,
73040.0,
73060.0,
73080.0,
73100.0,
73120.0,
73140.0,
73160.0,
73180.0,
73200.0,
73220.0,
73240.0,
73260.0,
73280.0,
73300.0,
73320.0,
73340.0,
73360.0,
73380.0,
73400.0,
73420.0,
73440.0,
73460.0,
73480.0,
73500.0,
73520.0,
73540.0,
73560.0,
73580.0,
73600.0,
73620.0,
73640.0,
73660.0,
73680.0,
73700.0,
73720.0,
73740.0,
73760.0,
73780.0,
73800.0,
73820.0,
73840.0,
73860.0,
73880.0,
73900.0,
73920.0,
73940.0,
73960.0,
73980.0,
74000.0,
74020.0,
74040.0,
74060.0,
74080.0,
74100.0,
74120.0,
74140.0,
74160.0,
74180.0,
74200.0,
74220.0,
74240.0,
74260.0,
74280.0,
74300.0,
74320.0,
74340.0,
74360.0,
74380.0,
74400.0,
74420.0,
74440.0,
74460.0,
74480.0,
74500.0,
74520.0,
74540.0,
74560.0,
74580.0,
74600.0,
74620.0,
74640.0,
74660.0,
74680.0,
74700.0,
74720.0,
74740.0,
74760.0,
74780.0,
74800.0,
74820.0,
74840.0,
74860.0,
74880.0,
74900.0,
74920.0,
74940.0,
74960.0,
74980.0,
75000.0,
75020.0,
75040.0,
75060.0,
75080.0,
75100.0,
75120.0,
75140.0,
75160.0,
75180.0,
75200.0,
75220.0,
75240.0,
75260.0,
75280.0,
75300.0,
75320.0,
75340.0,
75360.0,
75380.0,
75400.0,
75420.0,
75440.0,
75460.0,
75480.0,
75500.0,
75520.0,
75540.0,
75560.0,
75580.0,
75600.0,
75620.0,
75640.0,
75660.0,
75680.0,
75700.0,
75720.0,
75740.0,
75760.0,
75780.0,
75800.0,
75820.0,
75840.0,
75860.0,
75880.0,
75900.0,
75920.0,
75940.0,
75960.0,
75980.0,
76000.0,
76020.0,
76040.0,
76060.0,
76080.0,
76100.0,
76120.0,
76140.0,
76160.0,
76180.0,
76200.0,
76220.0,
76240.0,
76260.0,
76280.0,
76300.0,
76320.0,
76340.0,
76360.0,
76380.0,
76400.0,
76420.0,
76440.0,
76460.0,
76480.0,
76500.0,
76520.0,
76540.0,
76560.0,
76580.0,
76600.0,
76620.0,
76640.0,
76660.0,
76680.0,
76700.0,
76720.0,
76740.0,
76760.0,
76780.0,
76800.0,
76820.0,
76840.0,
76860.0,
76880.0,
76900.0,
76920.0,
76940.0,
76960.0,
76980.0,
77000.0,
77020.0,
77040.0,
77060.0,
77080.0,
77100.0,
77120.0,
77140.0,
77160.0,
77180.0,
77200.0,
77220.0,
77240.0,
77260.0,
77280.0,
77300.0,
77320.0,
77340.0,
77360.0,
77380.0,
77400.0,
77420.0,
77440.0,
77460.0,
77480.0,
77500.0,
77520.0,
77540.0,
77560.0,
77580.0,
77600.0,
77620.0,
77640.0,
77660.0,
77680.0,
77700.0,
77720.0,
77740.0,
77760.0,
77780.0,
77800.0,
77820.0,
77840.0,
77860.0,
77880.0,
77900.0,
77920.0,
77940.0,
77960.0,
77980.0,
78000.0,
78020.0,
78040.0,
78060.0,
78080.0,
78100.0,
78120.0,
78140.0,
78160.0,
78180.0,1671.446076961438
78200.0,1668.6493677767933
78220.0,1651.1209555283615
78240.0,1613.2035552071782
78260.0,1550.9923347626518
78280.0,1464.6882674858832
78300.0,1360.1531952486603
78320.0,1248.42107763138
78340.0,1142.536220495787
78360.0,1053.203326908192
78380.0,986.2512851072286
78400.0,942.4990555689222
78420.0,919.0053624866711
78440.0,910.7668330166118
78460.0,912.2737756772847
78480.0,918.6350978057669
78500.0,926.2004541697121
78520.0,932.7302025538662
78540.0,937.2423581134219
78560.0,939.6974753907045
78580.0,940.634648970572
78600.0,940.8332614350142
78620.0,941.0563840056662
78640.0,941.9020670258112
78660.0,943.751110761946
78680.0,946.7713564247317
78700.0,950.9308851988914
78720.0,955.9875791654734
78740.0,961.4628332153316
78760.0,966.6364616636508
78780.0,970.608343533739
78800.0,972.4433370663364
78820.0,971.39635420257
78840.0,967.2220078331172
78860.0,960.5436373520445
78880.0,953.2204048751177
78900.0,948.599911903613
78920.0,951.5101349053351
78940.0,967.8288729856506
78960.0,1003.4964617260936
78980.0,1062.984610275611
79000.0,1147.4644632511072
79020.0,1253.1942331904563
79040.0,1371.0154134048435
79060.0,1488.158617978222
79080.0,1592.3206195158957
79100.0,1674.8905022523952
79120.0,1731.211119627309
79140.0,1759.0399165169026
79160.0,1757.0700737869222
79180.0,1724.8299758456646
79200.0,1663.8558223679513
79220.0,1579.3042745163964
79240.0,1481.428513097588
79260.0,1385.8687784938197
79280.0,1311.0804799935338
79300.0,1272.9487267801132
79320.0,1279.9157141324606
79340.0,1330.3015938343863
79360.0,1411.981492561121
79380.0,1505.3190592349629
79400.0,1589.3902015913254
79420.0,1648.6167749258425
79440.0,1676.239831913929
79460.0,1678.4355910514382
79480.0,
79500.0,
79520.0,
79540.0,
79560.0,
79580.0,
79600.0,
79620.0,
79640.0,
79660.0,
79680.0,
79700.0,
79720.0,
79740.0,
79760.0,
79780.0,
79800.0,
79820.0,
79840.0,
79860.0,
79880.0,
79900.0,
79920.0,
79940.0,
79960.0,
79980.0,
80000.0,
80020.0,
80040.0,
80060.0,
80080.0,
80100.0,
80120.0,
80140.0,
80160.0,
80180.0,
80200.0,
80220.0,
80240.0,
80260.0,
80280.0,
80300.0,
80320.0,
80340.0,
80360.0,
80380.0,
80400.0,
80420.0,
80440.0,
80460.0,
80480.0,
80500.0,
80520.0,
80540.0,
80560.0,
80580.0,
80600.0,
80620.0,
80640.0,
80660.0,
80680.0,
80700.0,
80720.0,
80740.0,
80760.0,
80780.0,
80800.0,
80820.0,
80840.0,
80860.0,
80880.0,
80900.0,
80920.0,
80940.0,
80960.0,
80980.0,
81000.0,
81020.0,
81040.0,
81060.0,
81080.0,
81100.0,
81120.0,
81140.0,
81160.0,
81180.0,
81200.0,
81220.0,
81240.0,
81260.0,
81280.0,
81300.0,
81320.0,
81340.0,
81360.0,
81380.0,
81400.0,
81420.0,
81440.0,
81460.0,
81480.0,
81500.0,
81520.0,
81540.0,
81560.0,
81580.0,
81600.0,
81620.0,
81640.0,
81660.0,
81680.0,
81700.0,
81720.0,
81740.0,
81760.0,
81780.0,
81800.0,
81820.0,
81840.0,
81860.0,
81880.0,
81900.0,
81920.0,
81940.0,
81960.0,
81980.0,
82000.0,
82020.0,
82040.0,
82060.0,
82080.0,
82100.0,
82120.0,
82140.0,
82160.0,
82180.0,
82200.0,
82220.0,
82240.0,
82260.0,
82280.0,
82300.0,
82320.0,
82340.0,
82360.0,
82380.0,
82400.0,
82420.0,
82440.0,
82460.0,
82480.0,
82500.0,
82520.0,
82540.0,
82560.0,
82580.0,
82600.0,
82620.0,
82640.0,
82660.0,
82680.0,
82700.0,
82720.0,
82740.0,
82760.0,
82780.0,
82800.0,
82820.0,
82840.0,
82860.0,
82880.0,
82900.0,
82920.0,
82940.0,
82960.0,
82980.0,
83000.0,
83020.0,
83040.0,
83060.0,
83080.0,
83100.0,
83120.0,
83140.0,
83160.0,
83180.0,
83200.0,
83220.0,
83240.0,
83260.0,
83280.0,
83300.0,
83320.0,
83340.0,
83360.0,
83380.0,
83400.0,
83420.0,
83440.0,
83460.0,
83480.0,
83500.0,
83520.0,
83540.0,
83560.0,
83580.0,
83600.0,
83620.0,
83640.0,
83660.0,
83680.0,
83700.0,
83720.0,
83740.0,
83760.0,
83780.0,
83800.0,
83820.0,
83840.0,
83860.0,
83880.0,
83900.0,
83920.0,
83940.0,
83960.0,
83980.0,
84000.0,
84020.0,
84040.0,
84060.0,
84080.0,
84100.0,
84120.0,
84140.0,
84160.0,
84180.0,
84200.0,
84220.0,
84240.0,
84260.0,
84280.0,
84300.0,
84320.0,
84340.0,
84360.0,
84380.0,
84400.0,
84420.0,
84440.0,
84460.0,
84480.0,
84500.0,
84520.0,
84540.0,
84560.0,
84580.0,
84600.0,
84620.0,
84640.0,
84660.0,
84680.0,
84700.0,
84720.0,
84740.0,
84760.0,
84780.0,
84800.0,
84820.0,
84840.0,
84860.0,
84880.0,
84900.0,
84920.0,
84940.0,
84960.0,
84980.0,
85000.0,
85020.0,
85040.0,
85060.0,
85080.0,
85100.0,
85120.0,
85140.0,
85160.0,
85180.0,
85200.0,
85220.0,
85240.0,
85260.0,
85280.0,
85300.0,
85320.0,
85340.0,
85360.0,
85380.0,
85400.0,
85420.0,
85440.0,
85460.0,
85480.0,
85500.0,
85520.0,
85540.0,
85560.0,
85580.0,
85600.0,
85620.0,
85640.0,
85660.0,
85680.0,
85700.0,
85720.0,
85740.0,
85760.0,
85780.0,
85800.0,
85820.0,
85840.0,
85860.0,
85880.0,
85900.0,
85920.0,
85940.0,
85960.0,
85980.0,
86000.0,
86020.0,
86040.0,
86060.0,
86080.0,
86100.0,
86120.0,
86140.0,
86160.0,
86180.0,
86200.0,
86220.0,
86240.0,
86260.0,
86280.0,
86300.0,
86320.0,
86340.0,
86360.0,
86380.0,
86400.0,
86420.0,
86440.0,
86460.0,
86480.0,
86500.0,
86520.0,
86540.0,
86560.0,
86580.0,
86600.0,
86620.0,
86640.0,
86660.0,
86680.0,
86700.0,
86720.0,
86740.0,
86760.0,
86780.0,
86800.0,
86820.0,
86840.0,
86860.0,
86880.0,
86900.0,
86920.0,
86940.0,
86960.0,
86980.0,
87000.0,
87020.0,
87040.0,
87060.0,
87080.0,
87100.0,
87120.0,
87140.0,
87160.0,
87180.0,
87200.0,
87220.0,
87240.0,
87260.0,
87280.0,
87300.0,
87320.0,
87340.0,
87360.0,
87380.0,
87400.0,
87420.0,
87440.0,
87460.0,
87480.0,
87500.0,
87520.0,
87540.0,
87560.0,
87580.0,
87600.0,
87620.0,
87640.0,
87660.0,
87680.0,1619.0797412905658
87700.0,1639.9101660093966
87720.0,1662.25147977927
87740.0,1672.7068630761416
87760.0,1670.4289648197373
87780.0,1656.6963254340317
87800.0,1634.0950504286955
87820.0,1605.662240697582
87840.0,1574.2153738969346
87860.0,1541.9504891244846
87880.0,1510.2969841871568
87900.0,1479.9656370444466
87920.0,1451.1101236095153
87940.0,1423.5292351701366
87960.0,1396.856063091469
87980.0,1370.7027895127876
88000.0,1344.7496187671834
88020.0,1318.7809493347966
88040.0,1292.6805547245933
88060.0,1266.4011963254457
88080.0,1239.9242464235188
88100.0,1213.2230548691005
88120.0,1186.2410210207595
88140.0,1158.8921106660378
88160.0,1131.087816136614
88180.0,1102.7899049847044
88200.0,1074.0823712289716
88220.0,1045.248858688464
88240.0,1016.8343582610145
88260.0,989.6641855343954
88280.0,964.7922805311579
88300.0,943.3587823239798
88320.0,926.3578550207397
88340.0,914.3541992645212
88360.0,907.2408137547388
88380.0,904.1740713263746
88400.0,903.747326256171
88420.0,904.3101851870126
88440.0,904.305291622544
88460.0,902.5342865051887
88480.0,898.3089215093363
88500.0,891.4796636738158
88520.0,882.3626485494751
88540.0,871.5969448205724
88560.0,859.9720171121924
88580.0,848.2703424214584
88600.0,837.1406471304861
88620.0,827.0152521524526
88640.0,818.0875201034468
88660.0,810.341599894416
88680.0,803.6204164585264
88700.0,797.7134035972738
88720.0,792.4240482849418
88740.0,787.6010516376716
88760.0,783.1446637028939
88780.0,778.9980925271168
88800.0,775.1352785750659
88820.0,771.5456699833195
88840.0,768.2066154957786
88860.0,765.0593720909878
88880.0,762.0172997491928
88900.0,758.999030007082
88920.0,755.9605155993389
88940.0,752.9134377932919
88960.0,749.9304340015617
88980.0,747.1361096873509
89000.0,744.6837990120326
89020.0,742.721216077035
89040.0,741.3536400247806
89060.0,740.6158496606726
89080.0,740.4628155044517
89100.0,740.7779476956616
89120.0,741.3963007469573
89140.0,742.1440929617881
89160.0,742.887524510447
89180.0,743.5665820479827
89200.0,744.210721115672
89220.0,744.9519491787694
89240.0,746.0228601603915
89260.0,747.7223333935929
89280.0,750.3463158223298
89300.0,754.0778431121179
89320.0,758.8493489883892
89340.0,764.1978019318487
89360.0,769.1414158777688
89380.0,772.1215387905015
89400.0,771.0606104666069
89420.0,763.5968609997615
89440.0,747.5366711883728
89460.0,721.5064387870759
89480.0,685.6794094464198
89500.0,642.3300819237272
89520.0,595.826099866103
89540.0,551.5874393695112
89560.0,514.2513814535612
89580.0,486.4322925781504
89600.0,468.59363905694426
89620.0,459.590781128729
89640.0,457.43925979390735
89660.0,460.0158851351122
89680.0,465.53916295684814
89700.0,472.7856405014642
89720.0,481.07647881426567
89740.0,490.11835297558935
89760.0,499.80878180471444
89780.0,510.0969480063629
89800.0,520.9190556426438
89820.0,532.1830891538702
89840.0,543.77809297165
89860.0,555.5913227026844
89880.0,567.5236788270349
89900.0,579.4991713484297
89920.0,591.4677434542559
89940.0,603.4028002998666
89960.0,615.2955916907997
89980.0,627.1485818279982
90000.0,638.9694713530525
90020.0,650.7669006300614
90040.0,662.548242231261
90060.0,674.3193763533026
90080.0,686.0859590849402
90100.0,697.85542770908
90120.0,709.6388215590466
90140.0,721.4514307529391
90160.0,733.3113463968307
90180.0,745.2352279322702
90200.0,757.2310862490789
90220.0,769.2886388374944
90240.0,781.3687903162765
90260.0,793.3948786204786
90280.0,805.2492050893736
90300.0,816.7785777390785
90320.0,827.8115562319408
90340.0,838.1871686949031
90360.0,847.7895492944206
90380.0,856.5750427364541
90400.0,864.569903054132
90420.0,871.8240246674646
90440.0,878.3457254959455
90460.0,884.0553844409235
90480.0,888.7744105819635
90500.0,892.249733349295
90520.0,894.2042025359394
90540.0,894.4038784165347
90560.0,892.7197422622512
90580.0,889.1675213816503
90600.0,883.9240855456517
90620.0,877.3199873433572
90640.0,869.8034801148488
90660.0,861.8834126152562
90680.0,854.0650389320624
90700.0,846.7879895322798
90720.0,840.3771045213009
90740.0,835.0194988819228
90760.0,830.7698385225906
90780.0,827.5816044651417
90800.0,825.3520214297572
90820.0,823.9624419604737
90840.0,823.3049455265439
90860.0,823.2932753966331
90880.0,823.870273872965
90900.0,825.0119899275076
90920.0,826.7164346738342
90940.0,828.9894122596388
90960.0,831.8343878391267
90980.0,835.241132935703
91000.0,839.1738779580667
91020.0,843.5648003759876
91040.0,848.3113007440127
91060.0,853.2740085634265
91080.0,858.2790629799044
91100.0,863.1226221876581
91120.0,867.5797958877063
91140.0,871.4295607809802
91160.0,873.6977399936579
91180.0,
91200.0,
91220.0,
91240.0,
91260.0,
91280.0,
91300.0,
91320.0,
91340.0,
91360.0,
91380.0,
91400.0,
91420.0,
91440.0,
91460.0,
91480.0,
91500.0,
91520.0,
91540.0,
91560.0,
91580.0,
91600.0,
91620.0,
91640.0,
91660.0,
91680.0,
91700.0,
91720.0,
91740.0,
91760.0,
91780.0,
91800.0,
91820.0,
91840.0,
91860.0,
91880.0,
91900.0,
91920.0,
91940.0,
91960.0,
91980.0,
92000.0,
92020.0,
92040.0,
92060.0,
92080.0,
92100.0,
92120.0,
92140.0,
92160.0,
92180.0,
92200.0,
92220.0,
92240.0,
92260.0,
92280.0,
92300.0,
92320.0,
92340.0,
92360.0,
92380.0,
92400.0,
92420.0,
92440.0,
92460.0,
92480.0,
92500.0,
92520.0,
92540.0,
92560.0,
92580.0,
92600.0,
92620.0,
92640.0,
92660.0,
92680.0,
92700.0,
92720.0,
92740.0,
92760.0,
92780.0,
92800.0,
92820.0,
92840.0,
92860.0,
92880.0,
92900.0,
92920.0,
92940.0,
92960.0,
92980.0,
93000.0,
93020.0,
93040.0,
93060.0,
93080.0,
93100.0,
93120.0,
93140.0,
93160.0,
93180.0,
93200.0,
93220.0,
93240.0,
93260.0,
93280.0,
93300.0,
93320.0,
93340.0,
93360.0,
93380.0,
93400.0,
93420.0,
93440.0,
93460.0,
93480.0,
93500.0,
93520.0,
93540.0,
93560.0,
93580.0,
93600.0,
93620.0,
93640.0,
93660.0,
93680.0,
93700.0,
93720.0,
93740.0,
93760.0,
93780.0,
93800.0,
93820.0,
93840.0,
93860.0,
93880.0,
93900.0,
93920.0,
93940.0,
93960.0,
93980.0,
94000.0,
94020.0,
94040.0,
94060.0,
94080.0,
94100.0,
94120.0,
94140.0,
94160.0,
94180.0,
94200.0,
94220.0,
94240.0,
94260.0,
94280.0,
94300.0,
94320.0,
94340.0,
94360.0,
94380.0,
94400.0,
94420.0,
94440.0,
94460.0,
94480.0,
94500.0,
94520.0,
94540.0,
94560.0,
94580.0,
94600.0,
94620.0,
94640.0,
94660.0,
94680.0,
94700.0,
94720.0,
94740.0,
94760.0,
94780.0,
94800.0,
94820.0,
94840.0,
94860.0,
94880.0,
94900.0,
94920.0,
94940.0,
94960.0,
94980.0,
95000.0,
95020.0,
95040.0,
95060.0,
95080.0,
95100.0,
95120.0,
95140.0,
95160.0,
95180.0,
95200.0,
95220.0,
95240.0,
95260.0,
95280.0,
95300.0,
95320.0,
95340.0,
95360.0,
95380.0,
95400.0,
95420.0,
95440.0,
95460.0,
95480.0,
95500.0,
95520.0,
95540.0,
95560.0,
95580.0,
95600.0,
95620.0,
95640.0,
95660.0,
95680.0,
95700.0,
95720.0,
95740.0,
95760.0,
95780.0,
95800.0,
95820.0,
95840.0,
95860.0,
95880.0,
95900.0,
95920.0,
95940.0,
95960.0,
95980.0,
96000.0,
96020.0,
96040.0,
96060.0,
96080.0,
96100.0,
96120.0,
96140.0,
96160.0,
96180.0,
96200.0,
96220.0,
96240.0,
96260.0,
96280.0,
96300.0,
96320.0,
96340.0,
96360.0,
96380.0,
96400.0,
96420.0,
96440.0,
96460.0,
96480.0,
96500.0,
96520.0,
96540.0,
96560.0,
96580.0,
96600.0,
96620.0,
96640.0,
96660.0,
96680.0,
96700.0,
96720.0,
96740.0,
96760.0,
96780.0,
96800.0,
96820.0,
96840.0,
96860.0,
96880.0,
96900.0,
96920.0,
96940.0,
96960.0,
96980.0,
97000.0,
97020.0,
97040.0,
97060.0,
97080.0,
97100.0,
97120.0,
97140.0,
97160.0,
97180.0,
97200.0,
97220.0,
97240.0,
97260.0,
97280.0,
97300.0,
97320.0,
97340.0,
97360.0,
97380.0,
97400.0,
97420.0,
97440.0,
97460.0,
97480.0,
97500.0,
97520.0,
97540.0,
97560.0,
97580.0,
97600.0,
97620.0,
97640.0,
97660.0,
97680.0,
97700.0,
97720.0,
97740.0,
97760.0,
97780.0,
97800.0,
97820.0,
97840.0,
97860.0,
97880.0,
97900.0,
97920.0,
97940.0,
97960.0,
97980.0,
98000.0,
98020.0,
98040.0,
98060.0,
98080.0,
98100.0,
98120.0,
98140.0,
98160.0,
98180.0,
98200.0,
98220.0,
98240.0,
98260.0,
98280.0,
98300.0,
98320.0,
98340.0,
98360.0,
98380.0,
98400.0,
98420.0,
98440.0,
98460.0,
98480.0,
98500.0,
98520.0,
98540.0,
98560.0,
98580.0,
98600.0,
98620.0,
98640.0,
98660.0,
98680.0,
98700.0,
98720.0,
98740.0,
98760.0,
98780.0,
98800.0,
98820.0,
98840.0,
98860.0,
98880.0,
98900.0,
98920.0,
98940.0,
98960.0,
98980.0,
99000.0,
99020.0,
99040.0,
99060.0,
99080.0,
99100.0,
99120.0,
99140.0,
99160.0,
99180.0,
99200.0,
99220.0,
99240.0,
99260.0,
99280.0,
99300.0,
99320.0,1037.7308442644573
99340.0,1043.9078206486868
99360.0,1036.4071800208785
99380.0,1014.6723797579255
99400.0,985.2985739601809
99420.0,955.1400866101152
99440.0,929.4065178614568
99460.0,910.957329701873
99480.0,900.4210232643379
99500.0,896.7523266276748
99520.0,897.9252299802902
99540.0,901.5760544659303
99560.0,905.5014958260517
99580.0,907.9830983688473
99600.0,907.9484591164006
99620.0,904.992621737642
99640.0,899.2939316231423
99660.0,891.4645984338551
99680.0,882.3649297249056
99700.0,872.9125391861053
99720.0,863.9266134479745
99740.0,856.0236333072011
99760.0,849.5528537686881
99780.0,844.5638435184586
99800.0,840.8215287387542
99820.0,837.8667800774508
99840.0,835.1121903060136
99860.0,831.9775836229313
99880.0,828.0728500895772
99900.0,823.4234290144008
99920.0,818.7036672869303
99940.0,815.4193003654553
99960.0,815.9551016428221
99980.0,823.3937319554686
100000.0,841.0389795983514
100020.0,871.6157748726852
100040.0,916.2237530874947
100060.0,973.2883277229824
100080.0,1037.934414834611
100100.0,1102.3960811308818
100120.0,1158.1224278194547
100140.0,1198.8222807986594
100160.0,1221.9453827870348
100180.0,1228.365629029187
100200.0,1221.2543619081696
100220.0,1204.7953637974672
100240.0,1183.115925122765
100260.0,1159.594002294114
100280.0,1136.5503389588384
100300.0,1115.2470859184955
100320.0,1096.080390846116
100340.0,1078.8578219948329
100360.0,1063.076043621124
100380.0,1048.1462420485827
100400.0,1033.5449105040352
100420.0,1018.8905063071664
100440.0,1003.9605112403178
100460.0,988.6693064663059
100480.0,973.0270653356307
100500.0,957.0959776442548
100520.0,940.9546795226422
100540.0,924.6763093884471
100560.0,908.3210153201242
100580.0,891.9403238460696
100600.0,875.5885147146377
100620.0,859.3348694347326
100640.0,843.2702626804548
100660.0,827.5020930404469
100680.0,812.1332221192266
100700.0,797.2237096175311
100720.0,782.7388981951432
100740.0,768.4936722374906
100760.0,754.1097425782855
100780.0,739.0090503948651
100800.0,722.4694625829795
100820.0,703.7658774151733
100840.0,682.4077030216507
100860.0,658.4604353641272
100880.0,632.9050923987985
100900.0,607.948685643115
100920.0,587.1608599855933
100940.0,575.2908855596661
100960.0,577.6344224535741
100980.0,598.8915921344962
101000.0,641.6040860376389
101020.0,704.4860726786364
101040.0,781.2602120762501
101060.0,860.9408612114321
101080.0,930.7537249589255
101100.0,981.5439581101094
101120.0,1010.8686804780633
101140.0,1021.6191386012957
101160.0,1019.537246192049
101180.0,1011.1630778988877
101200.0,1002.4435663419077
101220.0,997.9659762467376
101240.0,1000.6481110056653
101260.0,1011.6842243318013
101280.0,1030.597759266182
101300.0,1055.3506106096888
101320.0,1082.579488217932
101340.0,1108.122316731722
101360.0,1127.8188466830889
101380.0,1138.685962642898
101400.0,1140.684780096965
101420.0,1137.4618248658137
101440.0,1135.1538303021025
101460.0,1140.305335375622
101480.0,1157.8041592474465
101500.0,1189.398182112118
101520.0,1233.518732585805
101540.0,1285.5097552782383
101560.0,1338.5606263935306
101580.0,1385.2285743361867
101600.0,1418.170432300983
101620.0,1431.1717219494726
101640.0,1420.5114678341827
101660.0,1385.6248033160296
101680.0,1328.7546654025703
101700.0,1254.8901447083676
101720.0,1171.694874100393
101740.0,1112.5839193089475
101760.0,
101780.0,
101800.0,
101820.0,
101840.0,
101860.0,
101880.0,
101900.0,
101920.0,
101940.0,
101960.0,
101980.0,
102000.0,
102020.0,
102040.0,
102060.0,
102080.0,
102100.0,
102120.0,
102140.0,
102160.0,
102180.0,
102200.0,
102220.0,
102240.0,
102260.0,
102280.0,
102300.0,
102320.0,
102340.0,
102360.0,
102380.0,
102400.0,
102420.0,
102440.0,
102460.0,
102480.0,
102500.0,
102520.0,
102540.0,
102560.0,
102580.0,
102600.0,
102620.0,
102640.0,
102660.0,
102680.0,
102700.0,
102720.0,
102740.0,
102760.0,
102780.0,
102800.0,
102820.0,
102840.0,
102860.0,
102880.0,
102900.0,
102920.0,
102940.0,
102960.0,
102980.0,
103000.0,
103020.0,
103040.0,
103060.0,
103080.0,
103100.0,
103120.0,
103140.0,
103160.0,
103180.0,
103200.0,
103220.0,
103240.0,
103260.0,
103280.0,
103300.0,
103320.0,
103340.0,
103360.0,
103380.0,
103400.0,
103420.0,
103440.0,
103460.0,
103480.0,
103500.0,
103520.0,
103540.0,
103560.0,
103580.0,
103600.0,
103620.0,
103640.0,
103660.0,
103680.0,
103700.0,
103720.0,
103740.0,
103760.0,
103780.0,
103800.0,
103820.0,
103840.0,
103860.0,
103880.0,
103900.0,
103920.0,
103940.0,
103960.0,
103980.0,
104000.0,
104020.0,
104040.0,
104060.0,
104080.0,
104100.0,
104120.0,
104140.0,
104160.0,
104180.0,
104200.0,
104220.0,
104240.0,
104260.0,
104280.0,
104300.0,
104320.0,
104340.0,
104360.0,
104380.0,
104400.0,
104420.0,
104440.0,
104460.0,
104480.0,
104500.0,
104520.0,
104540.0,
104560.0,
104580.0,
104600.0,
104620.0,
104640.0,
104660.0,
104680.0,
104700.0,
104720.0,
104740.0,
104760.0,
104780.0,
104800.0,
104820.0,
104840.0,
104860.0,
104880.0,
104900.0,
104920.0,
104940.0,
104960.0,
104980.0,
105000.0,
105020.0,
105040.0,
105060.0,
105080.0,
105100.0,
105120.0,
105140.0,
105160.0,
105180.0,
105200.0,
105220.0,
105240.0,
105260.0,
105280.0,
105300.0,
105320.0,
105340.0,
105360.0,
105380.0,
105400.0,
105420.0,
105440.0,
105460.0,
105480.0,
105500.0,
105520.0,
105540.0,
105560.0,
105580.0,
105600.0,
105620.0,
105640.0,
105660.0,
105680.0,
105700.0,
105720.0,
105740.0,
105760.0,
105780.0,
105800.0,
105820.0,
105840.0,
105860.0,
105880.0,
105900.0,
105920.0,
105940.0,
105960.0,
105980.0,
106000.0,
106020.0,
106040.0,
106060.0,
106080.0,
106100.0,
106120.0,
106140.0,
106160.0,
106180.0,
106200.0,
106220.0,
106240.0,
106260.0,
106280.0,
106300.0,
106320.0,
106340.0,
106360.0,
106380.0,
106400.0,
106420.0,
106440.0,
106460.0,
106480.0,
106500.0,
106520.0,
106540.0,
106560.0,
106580.0,
106600.0,
106620.0,
106640.0,
106660.0,
106680.0,
106700.0,
106720.0,
106740.0,
106760.0,
106780.0,
106800.0,
106820.0,
106840.0,
106860.0,
106880.0,
106900.0,
106920.0,
106940.0,
106960.0,
106980.0,
107000.0,
107020.0,
107040.0,
107060.0,
107080.0,
107100.0,
107120.0,
107140.0,
107160.0,
107180.0,
107200.0,
107220.0,
107240.0,
107260.0,
107280.0,
107300.0,
107320.0,
107340.0,
107360.0,
107380.0,
107400.0,
107420.0,
107440.0,
107460.0,
107480.0,
107500.0,
107520.0,
107540.0,
107560.0,
107580.0,
107600.0,
107620.0,
107640.0,
107660.0,
107680.0,
107700.0,
107720.0,
107740.0,
107760.0,
107780.0,
107800.0,
107820.0,
107840.0,
107860.0,
107880.0,
107900.0,
107920.0,
107940.0,
107960.0,
107980.0,
108000.0,
108020.0,
108040.0,
108060.0,
108080.0,
108100.0,
108120.0,
108140.0,
108160.0,
108180.0,
108200.0,
108220.0,
108240.0,
108260.0,
108280.0,
108300.0,
108320.0,
108340.0,
108360.0,
108380.0,
108400.0,
108420.0,
108440.0,
108460.0,
108480.0,
108500.0,
108520.0,
108540.0,
108560.0,
108580.0,
108600.0,
108620.0,
108640.0,
108660.0,
108680.0,
108700.0,
108720.0,
108740.0,
108760.0,
108780.0,
108800.0,
108820.0,
108840.0,
108860.0,
108880.0,
108900.0,
108920.0,
108940.0,
108960.0,
108980.0,
109000.0,
109020.0,
109040.0,
109060.0,
109080.0,
109100.0,
109120.0,
109140.0,
109160.0,
109180.0,
109200.0,
109220.0,
109240.0,
109260.0,
109280.0,
109300.0,
109320.0,
109340.0,
109360.0,
109380.0,
109400.0,
109420.0,
109440.0,
109460.0,
109480.0,
109500.0,
109520.0,
109540.0,
109560.0,
109580.0,
109600.0,
109620.0,
109640.0,
109660.0,
109680.0,
109700.0,
109720.0,
109740.0,
109760.0,
109780.0,
109800.0,
109820.0,
109840.0,
109860.0,
109880.0,
109900.0,
109920.0,
109940.0,
109960.0,
109980.0,
110000.0,
110020.0,
110040.0,
110060.0,
110080.0,
110100.0,
110120.0,
110140.0,
110160.0,
110180.0,
110200.0,
110220.0,
110240.0,
110260.0,
110280.0,
110300.0,
110320.0,
110340.0,
110360.0,
110380.0,
110400.0,
110420.0,
110440.0,
110460.0,
110480.0,
110500.0,
110520.0,
110540.0,
110560.0,
110580.0,
110600.0,
110620.0,
110640.0,
110660.0,
110680.0,
110700.0,
110720.0,
110740.0,
110760.0,
110780.0,
110800.0,
110820.0,
110840.0,
110860.0,
110880.0,
110900.0,
110920.0,
110940.0,
110960.0,
110980.0,
111000.0,
111020.0,
111040.0,
111060.0,
111080.0,
111100.0,
111120.0,
111140.0,
111160.0,
111180.0,
111200.0,
111220.0,
111240.0,
111260.0,
111280.0,
111300.0,
111320.0,
111340.0,
111360.0,
111380.0,
111400.0,
111420.0,
111440.0,
111460.0,
111480.0,
111500.0,
111520.0,
111540.0,
111560.0,
111580.0,
111600.0,
111620.0,
111640.0,
111660.0,
111680.0,
111700.0,
111720.0,
111740.0,
111760.0,
111780.0,
111800.0,
111820.0,
111840.0,
111860.0,
111880.0,
111900.0,
111920.0,
111940.0,
111960.0,
111980.0,
112000.0,
112020.0,
112040.0,
112060.0,
112080.0,
112100.0,
112120.0,
112140.0,
112160.0,
112180.0,
112200.0,
112220.0,
112240.0,
112260.0,
112280.0,
112300.0,
112320.0,
112340.0,
112360.0,
112380.0,
112400.0,
112420.0,
112440.0,
112460.0,
112480.0,
112500.0,
112520.0,
112540.0,
112560.0,
112580.0,
112600.0,
112620.0,
112640.0,
112660.0,
112680.0,
112700.0,
112720.0,
112740.0,
112760.0,
112780.0,
112800.0,
112820.0,
112840.0,
112860.0,
112880.0,
112900.0,
112920.0,
112940.0,
112960.0,
112980.0,
113000.0,
113020.0,
113040.0,
113060.0,
113080.0,
113100.0,
113120.0,
113140.0,
113160.0,
113180.0,
113200.0,
113220.0,
113240.0,
113260.0,
113280.0,
113300.0,
113320.0,
113340.0,
113360.0,
113380.0,
113400.0,
113420.0,
113440.0,
113460.0,
113480.0,
113500.0,
113520.0,
113540.0,
113560.0,
113580.0,
113600.0,
113620.0,
113640.0,
113660.0,
113680.0,
113700.0,
113720.0,
113740.0,
113760.0,
113780.0,
113800.0,
113820.0,
113840.0,
113860.0,
113880.0,
113900.0,
113920.0,
113940.0,
113960.0,
113980.0,
114000.0,
114020.0,
114040.0,
114060.0,
114080.0,
114100.0,
114120.0,
114140.0,
114160.0,
114180.0,
114200.0,
114220.0,
114240.0,
114260.0,
114280.0,
114300.0,
114320.0,
114340.0,
114360.0,
114380.0,
114400.0,
114420.0,
114440.0,
114460.0,
114480.0,
114500.0,
114520.0,
114540.0,
114560.0,
114580.0,
114600.0,
114620.0,
114640.0,
114660.0,
114680.0,
114700.0,
114720.0,
114740.0,
114760.0,
114780.0,
114800.0,
114820.0,
114840.0,
114860.0,
114880.0,
114900.0,
114920.0,
114940.0,
114960.0,
114980.0,
115000.0,
115020.0,
115040.0,
115060.0,
115080.0,
115100.0,
115120.0,
115140.0,
115160.0,
115180.0,
115200.0,
115220.0,
115240.0,
115260.0,
115280.0,
115300.0,
115320.0,
115340.0,
115360.0,
115380.0,
115400.0,
115420.0,
115440.0,
115460.0,
115480.0,
115500.0,
115520.0,
115540.0,
115560.0,
115580.0,
115600.0,
115620.0,
115640.0,
115660.0,
115680.0,
115700.0,
115720.0,
115740.0,
115760.0,
115780.0,
115800.0,
115820.0,
115840.0,
115860.0,
115880.0,
115900.0,
115920.0,
115940.0,
115960.0,
115980.0,
116000.0,
116020.0,
116040.0,
116060.0,
116080.0,
116100.0,
116120.0,
116140.0,
116160.0,
116180.0,
116200.0,
116220.0,
116240.0,
116260.0,
116280.0,
116300.0,
116320.0,
116340.0,
116360.0,
116380.0,
116400.0,
116420.0,
116440.0,
116460.0,
116480.0,
116500.0,
116520.0,
116540.0,
116560.0,
116580.0,
116600.0,
116620.0,
116640.0,
116660.0,
116680.0,
116700.0,
116720.0,
116740.0,
116760.0,
116780.0,
116800.0,
116820.0,
116840.0,
116860.0,
116880.0,
116900.0,
116920.0,
116940.0,
116960.0,
116980.0,
117000.0,
117020.0,
117040.0,
117060.0,
117080.0,
117100.0,
117120.0,
117140.0,
117160.0,
117180.0,
117200.0,
117220.0,
117240.0,
117260.0,
117280.0,
117300.0,
117320.0,
117340.0,
117360.0,
117380.0,
117400.0,
117420.0,
117440.0,
117460.0,
117480.0,
117500.0,
117520.0,
117540.0,
117560.0,
117580.0,
117600.0,
117620.0,
117640.0,
117660.0,
117680.0,
117700.0,
117720.0,
117740.0,
117760.0,
117780.0,
117800.0,
117820.0,
117840.0,
117860.0,
117880.0,
117900.0,
117920.0,
117940.0,
117960.0,
117980.0,
118000.0,
118020.0,
118040.0,
118060.0,
118080.0,
118100.0,
118120.0,
118140.0,
118160.0,
118180.0,
118200.0,
118220.0,
118240.0,
118260.0,
118280.0,
118300.0,
118320.0,
118340.0,
118360.0,
118380.0,
118400.0,
118420.0,
118440.0,
118460.0,
118480.0,
118500.0,
118520.0,
118540.0,
118560.0,
118580.0,
118600.0,
118620.0,
118640.0,
118660.0,
118680.0,
118700.0,
118720.0,
118740.0,
118760.0,
118780.0,
118800.0,
118820.0,
118840.0,
118860.0,
118880.0,
118900.0,
118920.0,
118940.0,
118960.0,
118980.0,
119000.0,
119020.0,
119040.0,
119060.0,
119080.0,
119100.0,
119120.0,
119140.0,
119160.0,
119180.0,
119200.0,
119220.0,
119240.0,
119260.0,
119280.0,
119300.0,
119320.0,
119340.0,
119360.0,
119380.0,
119400.0,
119420.0,
119440.0,
119460.0,
119480.0,
119500.0,
119520.0,
119540.0,
119560.0,
119580.0,
119600.0,
119620.0,
119640.0,
119660.0,
119680.0,
119700.0,
119720.0,
119740.0,
119760.0,
119780.0,
119800.0,
119820.0,
119840.0,
119860.0,
119880.0,
119900.0,
119920.0,
119940.0,
119960.0,
119980.0,
120000.0,
120020.0,
120040.0,
120060.0,
120080.0,
120100.0,
120120.0,
120140.0,
120160.0,
120180.0,
120200.0,
120220.0,
120240.0,
120260.0,
120280.0,
120300.0,
120320.0,
120340.0,
120360.0,
120380.0,
120400.0,
120420.0,
120440.0,
120460.0,
120480.0,
120500.0,
120520.0,
120540.0,
120560.0,
120580.0,
120600.0,
120620.0,
120640.0,1395.2524568340227
120660.0,1416.200440227422
120680.0,1454.8451045240047
120700.0,1489.7382470814218
120720.0,1514.7482066988428
120740.0,1524.0199234724842
120760.0,1512.3560900296015
120780.0,1475.9859290515008
120800.0,1413.887040305905
120820.0,1329.1472766473723
120840.0,1229.9611644086422
120860.0,1128.466862320795
120880.0,1036.9033821263758
120900.0,963.842563290329
120920.0,912.772692882572
120940.0,882.6757680780047
120960.0,869.5496408906586
120980.0,868.0897015689986
121000.0,873.0693435051408
121020.0,880.2271121479974
121040.0,886.6570955281692
121060.0,890.8070132433662
121080.0,892.2291613998516
121100.0,891.2231552994072
121120.0,888.4771218160529
121140.0,884.7730177651013
121160.0,880.7841457531252
121180.0,876.9652379186707
121200.0,873.5195715513643
121220.0,870.4220929200176
121240.0,867.4792432912388
121260.0,864.411274033488
121280.0,860.9477702699517
121300.0,856.9292467862022
121320.0,852.405698575884
121340.0,847.7170569706147
121360.0,843.5323988249795
121380.0,840.8177880664173
121400.0,840.701307600653
121420.0,844.2131866299447
121440.0,851.9033181786903
121460.0,863.3799998413266
121480.0,876.8703383725697
121500.0,888.9663623521432
121520.0,894.776390120569
121540.0,888.726013974825
121560.0,866.1464685506359
121580.0,825.3028912784819
121600.0,784.606713641093
121620.0,
121640.0,
121660.0,
121680.0,
121700.0,
121720.0,
121740.0,
121760.0,
121780.0,
121800.0,
121820.0,
121840.0,
121860.0,
121880.0,
121900.0,
121920.0,
121940.0,
121960.0,
121980.0,
122000.0,
122020.0,
122040.0,
122060.0,
122080.0,
122100.0,
122120.0,
122140.0,
122160.0,
122180.0,
122200.0,
122220.0,
122240.0,
122260.0,
122280.0,
122300.0,
122320.0,
122340.0,
122360.0,
122380.0,
122400.0,
122420.0,
122440.0,
122460.0,
122480.0,
122500.0,
122520.0,
122540.0,
122560.0,
122580.0,
122600.0,
122620.0,
122640.0,
122660.0,
122680.0,
122700.0,
122720.0,
122740.0,
122760.0,
122780.0,
122800.0,
122820.0,
122840.0,
122860.0,
122880.0,
122900.0,
122920.0,
122940.0,
122960.0,
122980.0,
123000.0,
123020.0,
123040.0,
123060.0,
123080.0,
123100.0,
123120.0,
123140.0,
123160.0,
123180.0,
123200.0,
123220.0,
123240.0,
123260.0,
123280.0,
123300.0,
123320.0,
123340.0,
123360.0,
123380.0,
123400.0,
123420.0,
123440.0,
123460.0,
123480.0,
123500.0,
123520.0,
123540.0,
123560.0,
123580.0,
123600.0,
123620.0,
123640.0,
123660.0,1127.2891309622764
123680.0,1140.4610267367102
123700.0,1145.5113438567068
123720.0,1133.266298871385
123740.0,1110.372877133728
123760.0,1084.3039338925823
123780.0,1060.9545685452968
123800.0,1043.6757600676297
123820.0,1033.3131294895545
123840.0,1028.8272178314971
123860.0,1028.1619108223879
123880.0,1029.1311345969032
123900.0,1030.1623234223491
123920.0,1030.7813518045132
123940.0,1031.7813155277922
123960.0,1035.0547985643325
123980.0,1043.0723590104813
124000.0,1058.042193164647
124020.0,1080.8790063952576
124040.0,1110.199604720767
124060.0,1141.6874668338583
124080.0,1168.293746632327
124100.0,1181.8144686004696
124120.0,1176.047848143191
124140.0,1150.3213590067166
124160.0,1110.0414758244235
124180.0,1063.6230582284645
124200.0,1018.9042018775069
124220.0,981.1532815515208
124240.0,952.6128170272559
124260.0,933.0097814878018
124280.0,920.5083159933507
124300.0,912.7401118018361
124320.0,907.7065970388134
124340.0,904.4336504212102
124360.0,903.2940945953196
124380.0,905.9591029383555
124400.0,914.9827185265838
124420.0,933.0426895421473
124440.0,961.9222629878711
124460.0,1001.4203467767136
124480.0,1048.502845821437
124500.0,1097.144300152992
124520.0,1139.4152011606234
124540.0,1168.0580039209137
124560.0,1179.5428913451287
124580.0,1175.4414220169808
124600.0,1161.179803492155
124620.0,1144.0077106450165
124640.0,1131.3969349909905
124660.0,1128.8025843152268
124680.0,1137.8289582173238
124700.0,1155.879465599238
124720.0,1175.428817849886
124740.0,
124760.0,
124780.0,
124800.0,
124820.0,
124840.0,
124860.0,
124880.0,
124900.0,
124920.0,
124940.0,
124960.0,
124980.0,
125000.0,
125020.0,
125040.0,
125060.0,
125080.0,
125100.0,
125120.0,
125140.0,
125160.0,
125180.0,
125200.0,
125220.0,
125240.0,
125260.0,
125280.0,
125300.0,
125320.0,
125340.0,
125360.0,
125380.0,
125400.0,
125420.0,
125440.0,
125460.0,
125480.0,
125500.0,
125520.0,
125540.0,
125560.0,
125580.0,
125600.0,
125620.0,
125640.0,
125660.0,
125680.0,
125700.0,
125720.0,
125740.0,
125760.0,
125780.0,
125800.0,
125820.0,
125840.0,
125860.0,
125880.0,
125900.0,
125920.0,
125940.0,
125960.0,
125980.0,
126000.0,
126020.0,
126040.0,
126060.0,
126080.0,
126100.0,
126120.0,
126140.0,
126160.0,
126180.0,
126200.0,
126220.0,
126240.0,
126260.0,
126280.0,
126300.0,
126320.0,
126340.0,
126360.0,
126380.0,
126400.0,
126420.0,
126440.0,
126460.0,
126480.0,
126500.0,
126520.0,
126540.0,
126560.0,
126580.0,
126600.0,
126620.0,
126640.0,
126660.0,
126680.0,
126700.0,
126720.0,
126740.0,
126760.0,
126780.0,
126800.0,
126820.0,
126840.0,
126860.0,
126880.0,
126900.0,
126920.0,
126940.0,
126960.0,
126980.0,
127000.0,
127020.0,
127040.0,
127060.0,
127080.0,
127100.0,
127120.0,
127140.0,
127160.0,
127180.0,
127200.0,
127220.0,
127240.0,
127260.0,
127280.0,
127300.0,
127320.0,
127340.0,
127360.0,
127380.0,
127400.0,
127420.0,
127440.0,
127460.0,
127480.0,
127500.0,
127520.0,
127540.0,
127560.0,
127580.0,
127600.0,
127620.0,
127640.0,
127660.0,
127680.0,
127700.0,
127720.0,
127740.0,
127760.0,
127780.0,
127800.0,
127820.0,
127840.0,
127860.0,
127880.0,
127900.0,
127920.0,
127940.0,
127960.0,
127980.0,
128000.0,
128020.0,
128040.0,
128060.0,
128080.0,
128100.0,
128120.0,
128140.0,
128160.0,
128180.0,
128200.0,
128220.0,
128240.0,
128260.0,
128280.0,
128300.0,
128320.0,
128340.0,
128360.0,
128380.0,
128400.0,
128420.0,
128440.0,
128460.0,
128480.0,
128500.0,
128520.0,
128540.0,
128560.0,
128580.0,
128600.0,
128620.0,
128640.0,
128660.0,
128680.0,
128700.0,
128720.0,
128740.0,
128760.0,
128780.0,
128800.0,
128820.0,
128840.0,
128860.0,
128880.0,
128900.0,
128920.0,
128940.0,
128960.0,
128980.0,
129000.0,
129020.0,
129040.0,
129060.0,
129080.0,
129100.0,
129120.0,
129140.0,
129160.0,
129180.0,
129200.0,
129220.0,
129240.0,
129260.0,
129280.0,
129300.0,
129320.0,
129340.0,
129360.0,
129380.0,
129400.0,
129420.0,
129440.0,
129460.0,
129480.0,
129500.0,
129520.0,
129540.0,
129560.0,
129580.0,
129600.0,
129620.0,
129640.0,
129660.0,
129680.0,
129700.0,
129720.0,
129740.0,
129760.0,
129780.0,
129800.0,
129820.0,
129840.0,
129860.0,
129880.0,
129900.0,
129920.0,
129940.0,
129960.0,
129980.0,
130000.0,
130020.0,
130040.0,
130060.0,
130080.0,
130100.0,
130120.0,
130140.0,
130160.0,
130180.0,
130200.0,
130220.0,
130240.0,
130260.0,
130280.0,
130300.0,
130320.0,
130340.0,
130360.0,
130380.0,
130400.0,
130420.0,
130440.0,
130460.0,
130480.0,
130500.0,
130520.0,
130540.0,
130560.0,
130580.0,
130600.0,
130620.0,
130640.0,
130660.0,
130680.0,
130700.0,
130720.0,
130740.0,
130760.0,
130780.0,
130800.0,
130820.0,
130840.0,
130860.0,
130880.0,
130900.0,
130920.0,
130940.0,
130960.0,
130980.0,
131000.0,
131020.0,
131040.0,
131060.0,
131080.0,
131100.0,
131120.0,
131140.0,
131160.0,
131180.0,
131200.0,
131220.0,
131240.0,
131260.0,
131280.0,
131300.0,
131320.0,
131340.0,
131360.0,
131380.0,
131400.0,
131420.0,
131440.0,
131460.0,
131480.0,
131500.0,
131520.0,
131540.0,
131560.0,
131580.0,
131600.0,
131620.0,
131640.0,
131660.0,
131680.0,
131700.0,
131720.0,
131740.0,
131760.0,
131780.0,
131800.0,
131820.0,
131840.0,
131860.0,
131880.0,
131900.0,
131920.0,
131940.0,
131960.0,
131980.0,
132000.0,
132020.0,
132040.0,
132060.0,
132080.0,
132100.0,
132120.0,
132140.0,
132160.0,
132180.0,
132200.0,
132220.0,
132240.0,
132260.0,
132280.0,
132300.0,
132320.0,
132340.0,
132360.0,
132380.0,
132400.0,
132420.0,
132440.0,
132460.0,
132480.0,
132500.0,
132520.0,
132540.0,
132560.0,
132580.0,
132600.0,
132620.0,
132640.0,
132660.0,
132680.0,
132700.0,
132720.0,
132740.0,
132760.0,
132780.0,
132800.0,
132820.0,
132840.0,
132860.0,
132880.0,
132900.0,
132920.0,
132940.0,
132960.0,
132980.0,
133000.0,
133020.0,
133040.0,
133060.0,
133080.0,
133100.0,
133120.0,
133140.0,
133160.0,
133180.0,
133200.0,
133220.0,
133240.0,
133260.0,
133280.0,
133300.0,
133320.0,
133340.0,
133360.0,
133380.0,
133400.0,
133420.0,
133440.0,
133460.0,
133480.0,
133500.0,
133520.0,
133540.0,
133560.0,
133580.0,
133600.0,
133620.0,
133640.0,
133660.0,
133680.0,
133700.0,
133720.0,
133740.0,
133760.0,
133780.0,
133800.0,
133820.0,
133840.0,
133860.0,
133880.0,
133900.0,
133920.0,
133940.0,
133960.0,
133980.0,
134000.0,
134020.0,
134040.0,
134060.0,
134080.0,
134100.0,
134120.0,
134140.0,
134160.0,
134180.0,
134200.0,
134220.0,
134240.0,
134260.0,
134280.0,
134300.0,
134320.0,
134340.0,
134360.0,
134380.0,
134400.0,
134420.0,
134440.0,
134460.0,
134480.0,
134500.0,
134520.0,
134540.0,
134560.0,
134580.0,
134600.0,
134620.0,
134640.0,
134660.0,
134680.0,
134700.0,
134720.0,
134740.0,
134760.0,
134780.0,
134800.0,
134820.0,
134840.0,
134860.0,
134880.0,
134900.0,
134920.0,
134940.0,
134960.0,
134980.0,
135000.0,
135020.0,
135040.0,
135060.0,
135080.0,
135100.0,
135120.0,
135140.0,
135160.0,
135180.0,
135200.0,
135220.0,
135240.0,
135260.0,
135280.0,
135300.0,
135320.0,
135340.0,
135360.0,
135380.0,
135400.0,
135420.0,
135440.0,
135460.0,
135480.0,
135500.0,
135520.0,
135540.0,
135560.0,
135580.0,
135600.0,
135620.0,
135640.0,
135660.0,
135680.0,
135700.0,
135720.0,
135740.0,
135760.0,
135780.0,
135800.0,
135820.0,
135840.0,
135860.0,
135880.0,
135900.0,
135920.0,
135940.0,
135960.0,
135980.0,
136000.0,
136020.0,
136040.0,
136060.0,
136080.0,
136100.0,
136120.0,
136140.0,
136160.0,
136180.0,
136200.0,
136220.0,
136240.0,
136260.0,
136280.0,
136300.0,
136320.0,
136340.0,
136360.0,
136380.0,
136400.0,
136420.0,
136440.0,
136460.0,
136480.0,
136500.0,
136520.0,
136540.0,
136560.0,
136580.0,
136600.0,
136620.0,
136640.0,
136660.0,
136680.0,
136700.0,
136720.0,
136740.0,
136760.0,
136780.0,
136800.0,
136820.0,
136840.0,
136860.0,
136880.0,
136900.0,
136920.0,
136940.0,
136960.0,
136980.0,
137000.0,
137020.0,
137040.0,
137060.0,
137080.0,
137100.0,
137120.0,
137140.0,
137160.0,
137180.0,
137200.0,
137220.0,
137240.0,
137260.0,
137280.0,
137300.0,
137320.0,
137340.0,
137360.0,
137380.0,
137400.0,
137420.0,
137440.0,
137460.0,
137480.0,
137500.0,
137520.0,
137540.0,
137560.0,
137580.0,
137600.0,
137620.0,
137640.0,
137660.0,
137680.0,
137700.0,
137720.0,
137740.0,
137760.0,
137780.0,
137800.0,
137820.0,
137840.0,
137860.0,
137880.0,
137900.0,
137920.0,
137940.0,
137960.0,
137980.0,
138000.0,
138020.0,
138040.0,
138060.0,
138080.0,
138100.0,
138120.0,
138140.0,
138160.0,
138180.0,
138200.0,
138220.0,
138240.0,
138260.0,
138280.0,
138300.0,
138320.0,
138340.0,
138360.0,
138380.0,
138400.0,
138420.0,
138440.0,
138460.0,
138480.0,
138500.0,
138520.0,
138540.0,
138560.0,
138580.0,
138600.0,
138620.0,
138640.0,
138660.0,
138680.0,
138700.0,
138720.0,
138740.0,
138760.0,
138780.0,
138800.0,
138820.0,
138840.0,
138860.0,
138880.0,
138900.0,
138920.0,
138940.0,
138960.0,
138980.0,
139000.0,
139020.0,
139040.0,
139060.0,
139080.0,
139100.0,
139120.0,
139140.0,
139160.0,
139180.0,
139200.0,
139220.0,
139240.0,
139260.0,
139280.0,
139300.0,
139320.0,
139340.0,
139360.0,
139380.0,
139400.0,
139420.0,
139440.0,
139460.0,
139480.0,
139500.0,
139520.0,
139540.0,
139560.0,
139580.0,
139600.0,
139620.0,
139640.0,
139660.0,
139680.0,
139700.0,
139720.0,
139740.0,
139760.0,
139780.0,
139800.0,
139820.0,
139840.0,
139860.0,
139880.0,
139900.0,
139920.0,
139940.0,
139960.0,
139980.0,
140000.0,
140020.0,
140040.0,
140060.0,
140080.0,
140100.0,
140120.0,
140140.0,
140160.0,
140180.0,
140200.0,
140220.0,
140240.0,
140260.0,
140280.0,
140300.0,
140320.0,
140340.0,
140360.0,
140380.0,
140400.0,
140420.0,
140440.0,
140460.0,
140480.0,
140500.0,
140520.0,
140540.0,
140560.0,
140580.0,
140600.0,
140620.0,
140640.0,
140660.0,
140680.0,
140700.0,
140720.0,
140740.0,
140760.0,
140780.0,
140800.0,
140820.0,
140840.0,
140860.0,
140880.0,
140900.0,
140920.0,
140940.0,
140960.0,
140980.0,
141000.0,
141020.0,
141040.0,
141060.0,
141080.0,
141100.0,
141120.0,
141140.0,
141160.0,
141180.0,
141200.0,
141220.0,
141240.0,
141260.0,
141280.0,
141300.0,
141320.0,
141340.0,
141360.0,
141380.0,
141400.0,
141420.0,
141440.0,
141460.0,
141480.0,
141500.0,
141520.0,
141540.0,
141560.0,
141580.0,
141600.0,
141620.0,
141640.0,
141660.0,
141680.0,
141700.0,
141720.0,
141740.0,
141760.0,
141780.0,
141800.0,
141820.0,
141840.0,
141860.0,
141880.0,
141900.0,
141920.0,
141940.0,
141960.0,
141980.0,
142000.0,
142020.0,
142040.0,
142060.0,
142080.0,
142100.0,
142120.0,
142140.0,
142160.0,
142180.0,
142200.0,
142220.0,
142240.0,
142260.0,
142280.0,
142300.0,
142320.0,
142340.0,
142360.0,
142380.0,
142400.0,
142420.0,
142440.0,
142460.0,
142480.0,
142500.0,
142520.0,
142540.0,
142560.0,
142580.0,
142600.0,
142620.0,
142640.0,
142660.0,
142680.0,1123.2720696266215
142700.0,1144.9897598087134
142720.0,1162.2647659196361
142740.0,1152.2522891049662
142760.0,1120.1254431649218
142780.0,1075.8477771684425
142800.0,1029.5514769299834
142820.0,988.8100288236408
142840.0,957.7597337504527
142860.0,937.401925877182
142880.0,926.4946750779094
142900.0,922.5884866168853
142920.0,922.9239993124478
142940.0,925.0573149045628
142960.0,927.1903408830449
142980.0,928.253287226266
143000.0,927.8181145475033
143020.0,925.9247007146432
143040.0,922.8868413257899
143060.0,919.1229290405112
143080.0,915.03373812103
143100.0,910.9316956648811
143120.0,907.0142304512608
143140.0,903.3681798276418
143160.0,899.9915585295992
143180.0,896.8215213533455
143200.0,893.761370029235
143220.0,890.7035551079522
143240.0,887.548819962852
143260.0,884.2233633913105
143280.0,880.6959688882331
143300.0,876.9955882449176
143320.0,873.2272854439318
143340.0,869.5814330987021
143360.0,866.3285724347088
143380.0,863.7916000715848
143400.0,862.2892492102674
143420.0,862.0513909358837
143440.0,863.1182215018935
143460.0,865.2517293523375
143480.0,867.9053664938458
143500.0,870.2905238362418
143520.0,871.5247892167351
143540.0,870.8175418053588
143560.0,867.6456014307292
143580.0,861.8621591245635
143600.0,853.703147512769
143620.0,843.704375913049
143640.0,832.5716400459899
143660.0,821.0464885217132
143680.0,809.7909852321619
143700.0,799.3146781357661
143720.0,789.9561499146323
143740.0,781.9003328365204
143760.0,775.2088276140905
143780.0,769.8464532646169
143800.0,765.7004029346975
143820.0,762.5992037999057
143840.0,760.3384929189432
143860.0,758.7131578405398
143880.0,757.5566981261572
143900.0,756.7837343265425
143920.0,756.422560866425
143940.0,756.6315251940715
143960.0,757.693280123337
143980.0,759.9739584839741
144000.0,763.8506087363681
144020.0,769.6078265014977
144040.0,777.3031743320826
144060.0,786.6081559232707
144080.0,796.6547755321856
144100.0,805.9388389941511
144120.0,812.3482917919434
144140.0,813.3814145929786
144160.0,806.5974528196652
144180.0,790.2669746288921
144200.0,764.1129188514117
144220.0,729.9177711793945
144240.0,703.2464339030221
144260.0,
144280.0,
144300.0,
144320.0,
144340.0,
144360.0,
144380.0,
144400.0,
144420.0,
144440.0,
144460.0,
144480.0,
144500.0,
144520.0,
144540.0,
144560.0,
144580.0,
144600.0,
144620.0,
144640.0,
144660.0,
144680.0,
144700.0,
144720.0,
144740.0,
144760.0,
144780.0,
144800.0,
144820.0,
144840.0,
144860.0,
144880.0,
144900.0,
144920.0,
144940.0,
144960.0,
144980.0,
145000.0,
145020.0,
145040.0,
145060.0,
145080.0,
145100.0,
145120.0,
145140.0,
145160.0,
145180.0,
145200.0,
145220.0,
145240.0,
145260.0,
145280.0,
145300.0,
145320.0,
145340.0,
145360.0,
145380.0,
145400.0,
145420.0,
145440.0,
145460.0,
145480.0,
145500.0,
145520.0,
145540.0,
145560.0,
145580.0,
145600.0,
145620.0,
145640.0,
145660.0,
145680.0,
145700.0,
145720.0,
145740.0,
145760.0,
145780.0,
145800.0,
145820.0,
145840.0,
145860.0,
145880.0,
145900.0,
145920.0,
145940.0,
145960.0,
145980.0,
146000.0,
146020.0,
146040.0,
146060.0,
146080.0,
146100.0,
146120.0,
146140.0,
146160.0,
146180.0,
146200.0,
146220.0,
146240.0,
146260.0,
146280.0,
146300.0,
146320.0,
146340.0,
146360.0,
146380.0,
146400.0,
146420.0,
146440.0,
146460.0,
146480.0,
146500.0,
146520.0,
146540.0,
146560.0,
146580.0,
146600.0,
146620.0,
146640.0,
146660.0,
146680.0,
146700.0,
146720.0,
146740.0,
146760.0,
146780.0,
146800.0,
146820.0,
146840.0,
146860.0,
146880.0,
146900.0,
146920.0,
146940.0,
146960.0,
146980.0,
147000.0,
147020.0,
147040.0,
147060.0,
147080.0,
147100.0,
147120.0,
147140.0,
147160.0,
147180.0,
147200.0,
147220.0,
147240.0,
147260.0,
147280.0,
147300.0,
147320.0,
147340.0,
147360.0,
147380.0,
147400.0,
147420.0,
147440.0,
147460.0,
147480.0,
147500.0,
147520.0,
147540.0,
147560.0,
147580.0,
147600.0,
147620.0,
147640.0,
147660.0,
147680.0,
147700.0,
147720.0,
147740.0,
147760.0,
147780.0,
147800.0,
147820.0,
147840.0,
147860.0,
147880.0,
147900.0,
147920.0,
147940.0,
147960.0,
147980.0,
148000.0,
148020.0,
148040.0,
148060.0,
148080.0,
148100.0,
148120.0,
148140.0,
148160.0,
148180.0,
148200.0,
148220.0,
148240.0,
148260.0,
148280.0,
148300.0,
148320.0,
148340.0,
148360.0,
148380.0,
148400.0,
148420.0,
148440.0,
148460.0,
148480.0,
148500.0,
148520.0,
148540.0,
148560.0,
148580.0,
148600.0,
148620.0,
148640.0,
148660.0,
148680.0,
148700.0,
148720.0,
148740.0,
148760.0,
148780.0,
148800.0,
148820.0,
148840.0,
148860.0,
148880.0,
148900.0,
148920.0,
148940.0,
148960.0,
148980.0,
149000.0,
149020.0,
149040.0,
149060.0,
149080.0,
149100.0,
149120.0,
149140.0,
149160.0,
149180.0,
149200.0,
149220.0,
149240.0,
149260.0,
149280.0,
149300.0,
149320.0,
149340.0,
149360.0,
149380.0,
149400.0,863.8195221752679
149420.0,861.7217009797129
149440.0,857.0260346201003
149460.0,850.8292064652906
149480.0,844.2787185867446
149500.0,838.2870479552732
149520.0,833.3897691826858
149540.0,829.7542849588656
149560.0,827.2705281473902
149580.0,825.6685011182977
149600.0,824.6257287796232
149620.0,823.8456112858872
149640.0,823.1016817628691
149660.0,822.2519077649158
149680.0,821.2317013954768
149700.0,820.0352320143995
149720.0,818.6932432834102
149740.0,817.2530653033098
149760.0,815.7638169238088
149780.0,814.2675122690616
149800.0,812.7952080233777
149820.0,811.3665070311895
149840.0,809.9905751800552
149860.0,808.6671691930503
149880.0,807.3868341622544
149900.0,806.1302429960981
149920.0,804.8674601748077
149940.0,803.5585671299838
149960.0,802.1574265379192
149980.0,800.6202221750675
150000.0,798.9196414092279
150020.0,797.0640880124462
150040.0,795.1191842849609
150060.0,793.2263304045804
150080.0,791.6108213351307
150100.0,790.5708891557381
150120.0,790.440221938235
150140.0,791.5212858114965
150160.0,793.9962140114783
150180.0,797.8365799824649
150200.0,802.751123778759
150220.0,808.2099131656782
150240.0,813.5358266540305
150260.0,818.0237689490547
150280.0,821.0651971385059
150300.0,822.2531956301276
150320.0,821.4442797154006
150340.0,818.7691073922373
150360.0,814.5971151841493
150380.0,809.4692216680271
150400.0,804.0121813534835
150420.0,798.8570144132518
150440.0,794.5726635154981
150460.0,791.6087176600246
150480.0,790.2402941307251
150500.0,790.5129139270036
150520.0,792.1950959654465
150540.0,794.7484305163127
150560.0,797.3319166865215
150580.0,798.8698170006385
150600.0,798.2061743016836
150620.0,794.3511336612268
150640.0,786.7936451876055
150660.0,775.8018650405218
150680.0,762.5595132281202
150700.0,752.2250208564566
150720.0,
150740.0,
150760.0,
150780.0,
150800.0,
150820.0,
150840.0,
150860.0,
150880.0,
150900.0,
150920.0,
150940.0,
150960.0,
150980.0,
151000.0,
151020.0,
151040.0,
151060.0,
151080.0,
151100.0,
151120.0,
151140.0,
151160.0,
151180.0,
151200.0,
151220.0,
151240.0,
151260.0,
151280.0,
151300.0,
151320.0,
151340.0,
151360.0,
151380.0,
151400.0,
151420.0,
151440.0,
151460.0,
151480.0,
151500.0,
151520.0,
151540.0,
151560.0,
151580.0,
151600.0,
151620.0,
151640.0,
151660.0,
151680.0,
151700.0,
151720.0,
151740.0,
151760.0,
151780.0,
151800.0,
151820.0,
151840.0,
151860.0,
151880.0,
151900.0,
151920.0,
151940.0,
151960.0,
151980.0,
152000.0,
152020.0,
152040.0,
152060.0,
152080.0,
152100.0,
152120.0,
152140.0,
152160.0,
152180.0,
152200.0,
152220.0,
152240.0,
152260.0,
152280.0,
152300.0,
152320.0,
152340.0,
152360.0,
152380.0,
152400.0,
152420.0,
152440.0,
152460.0,
152480.0,
152500.0,
152520.0,
152540.0,
152560.0,
152580.0,
152600.0,
152620.0,
152640.0,
152660.0,
152680.0,
152700.0,
152720.0,
152740.0,
152760.0,
152780.0,
152800.0,
152820.0,
152840.0,
152860.0,
152880.0,
152900.0,
152920.0,
152940.0,
152960.0,
152980.0,
153000.0,
153020.0,
153040.0,
153060.0,
153080.0,
153100.0,
153120.0,
153140.0,
153160.0,
153180.0,
153200.0,
153220.0,
153240.0,
153260.0,
153280.0,
153300.0,
153320.0,
153340.0,
153360.0,
153380.0,
153400.0,
153420.0,
153440.0,
153460.0,
153480.0,
153500.0,
153520.0,
153540.0,
153560.0,
153580.0,
153600.0,
153620.0,
153640.0,
153660.0,
153680.0,
153700.0,
153720.0,
153740.0,
153760.0,
153780.0,
153800.0,
153820.0,
153840.0,
153860.0,
153880.0,
153900.0,
153920.0,
153940.0,
153960.0,
153980.0,
154000.0,
154020.0,
154040.0,
154060.0,
154080.0,
154100.0,
154120.0,
154140.0,
154160.0,
154180.0,
154200.0,
154220.0,
154240.0,
154260.0,
154280.0,
154300.0,
154320.0,
154340.0,
154360.0,
154380.0,
154400.0,
154420.0,
154440.0,
154460.0,
154480.0,
154500.0,
154520.0,
154540.0,
154560.0,
154580.0,
154600.0,
154620.0,
154640.0,
154660.0,
154680.0,
154700.0,
154720.0,
154740.0,
154760.0,
154780.0,
154800.0,
154820.0,
154840.0,
154860.0,
154880.0,
154900.0,
154920.0,
154940.0,
154960.0,
154980.0,
155000.0,
155020.0,
155040.0,
155060.0,
155080.0,
155100.0,
155120.0,
155140.0,
155160.0,
155180.0,
155200.0,
155220.0,
155240.0,
155260.0,
155280.0,
155300.0,
155320.0,
155340.0,
155360.0,
155380.0,
155400.0,
155420.0,
155440.0,
155460.0,
155480.0,
155500.0,
155520.0,
155540.0,
155560.0,
155580.0,
155600.0,
155620.0,
155640.0,
155660.0,
155680.0,
155700.0,
155720.0,
155740.0,
155760.0,
155780.0,
155800.0,
155820.0,
155840.0,
155860.0,
155880.0,
155900.0,
155920.0,
155940.0,
155960.0,
155980.0,
156000.0,
156020.0,
156040.0,
156060.0,
156080.0,
156100.0,
156120.0,
156140.0,
156160.0,
156180.0,
156200.0,
156220.0,
156240.0,
156260.0,
156280.0,
156300.0,
156320.0,
156340.0,
156360.0,
156380.0,
156400.0,
156420.0,
156440.0,
156460.0,
156480.0,
156500.0,
156520.0,
156540.0,
156560.0,
156580.0,
156600.0,
156620.0,
156640.0,
156660.0,
156680.0,
156700.0,
156720.0,
156740.0,
156760.0,
156780.0,
156800.0,
156820.0,
156840.0,
156860.0,
156880.0,
156900.0,
156920.0,
156940.0,
156960.0,
156980.0,
157000.0,
157020.0,
157040.0,
157060.0,
157080.0,
157100.0,
157120.0,
157140.0,
157160.0,
157180.0,
157200.0,
157220.0,
157240.0,
157260.0,
157280.0,
157300.0,
157320.0,
157340.0,
157360.0,
157380.0,
157400.0,
157420.0,
157440.0,
157460.0,
157480.0,
157500.0,
157520.0,
157540.0,
157560.0,
157580.0,
157600.0,
157620.0,
157640.0,
157660.0,
157680.0,
157700.0,
157720.0,
157740.0,
157760.0,
157780.0,
157800.0,
157820.0,
157840.0,
157860.0,
157880.0,
157900.0,
157920.0,
157940.0,
157960.0,
157980.0,
158000.0,
158020.0,
158040.0,
158060.0,
158080.0,
158100.0,
158120.0,
158140.0,
158160.0,
158180.0,
158200.0,
158220.0,
158240.0,
158260.0,
158280.0,
158300.0,
158320.0,
158340.0,
158360.0,
158380.0,
158400.0,
158420.0,
158440.0,
158460.0,
158480.0,
158500.0,
158520.0,
158540.0,
158560.0,
158580.0,
158600.0,
158620.0,
158640.0,
158660.0,
158680.0,
158700.0,
158720.0,
158740.0,
158760.0,
158780.0,
158800.0,
158820.0,
158840.0,
158860.0,
158880.0,
158900.0,
158920.0,
158940.0,
158960.0,
158980.0,
159000.0,
159020.0,
159040.0,
159060.0,
159080.0,
159100.0,
159120.0,
159140.0,
159160.0,
159180.0,
159200.0,
159220.0,
159240.0,
159260.0,
159280.0,
159300.0,
159320.0,
159340.0,
159360.0,
159380.0,
159400.0,
159420.0,
159440.0,
159460.0,
159480.0,
159500.0,
159520.0,
159540.0,
159560.0,
159580.0,
159600.0,
159620.0,
159640.0,
159660.0,
159680.0,
159700.0,
159720.0,
159740.0,
159760.0,
159780.0,
159800.0,
159820.0,
159840.0,
159860.0,
159880.0,
159900.0,
159920.0,
159940.0,
159960.0,
159980.0,
160000.0,
160020.0,
160040.0,
160060.0,
160080.0,
160100.0,
160120.0,
160140.0,
160160.0,
160180.0,
160200.0,
160220.0,
160240.0,
160260.0,
160280.0,
160300.0,
160320.0,
160340.0,
160360.0,
160380.0,
160400.0,
160420.0,
160440.0,
160460.0,
160480.0,
160500.0,
160520.0,
160540.0,
160560.0,
160580.0,
160600.0,
160620.0,
160640.0,
160660.0,
160680.0,
160700.0,
160720.0,
160740.0,
160760.0,
160780.0,
160800.0,
160820.0,
160840.0,
160860.0,
160880.0,
160900.0,
160920.0,
160940.0,
160960.0,
160980.0,
161000.0,
161020.0,
161040.0,
161060.0,
161080.0,
161100.0,
161120.0,
161140.0,
161160.0,
161180.0,
161200.0,
161220.0,
161240.0,
161260.0,
161280.0,
161300.0,
161320.0,
161340.0,
161360.0,
161380.0,
161400.0,
161420.0,
161440.0,
161460.0,
161480.0,
161500.0,
161520.0,
161540.0,
161560.0,
161580.0,
161600.0,
161620.0,
161640.0,
161660.0,
161680.0,
161700.0,
161720.0,
161740.0,
161760.0,
161780.0,
161800.0,
161820.0,
161840.0,
161860.0,
161880.0,
161900.0,
161920.0,
161940.0,
161960.0,
161980.0,
162000.0,
162020.0,
162040.0,
162060.0,
162080.0,
162100.0,
162120.0,
162140.0,
162160.0,
162180.0,
162200.0,
162220.0,
162240.0,
162260.0,
162280.0,
162300.0,
162320.0,
162340.0,
162360.0,
162380.0,
162400.0,
162420.0,
162440.0,
162460.0,
162480.0,
162500.0,
162520.0,
162540.0,
162560.0,
162580.0,
162600.0,
162620.0,
162640.0,
162660.0,
162680.0,
162700.0,
162720.0,
162740.0,
162760.0,
162780.0,
162800.0,
162820.0,
162840.0,
162860.0,
162880.0,
162900.0,
162920.0,
162940.0,
162960.0,
162980.0,
163000.0,
163020.0,
163040.0,
163060.0,
163080.0,
163100.0,
163120.0,
163140.0,
163160.0,
163180.0,
163200.0,
163220.0,
163240.0,
163260.0,
163280.0,
163300.0,
163320.0,
163340.0,
163360.0,
163380.0,
163400.0,
163420.0,
163440.0,
163460.0,
163480.0,
163500.0,
163520.0,
163540.0,
163560.0,
163580.0,
163600.0,
163620.0,
163640.0,
163660.0,
163680.0,
163700.0,
163720.0,
163740.0,
163760.0,
163780.0,
163800.0,
163820.0,
163840.0,
163860.0,
163880.0,
163900.0,
163920.0,
163940.0,
163960.0,
163980.0,
164000.0,
164020.0,
164040.0,
164060.0,
164080.0,
164100.0,
164120.0,
164140.0,
164160.0,
164180.0,
164200.0,
164220.0,
164240.0,
164260.0,
164280.0,
164300.0,
164320.0,
164340.0,
164360.0,
164380.0,
164400.0,
164420.0,
164440.0,
164460.0,
164480.0,
164500.0,
164520.0,
164540.0,
164560.0,
164580.0,
164600.0,
164620.0,
164640.0,
164660.0,
164680.0,
164700.0,
164720.0,
164740.0,
164760.0,
164780.0,
164800.0,
164820.0,
164840.0,
164860.0,
164880.0,
164900.0,
164920.0,
164940.0,
164960.0,
164980.0,
165000.0,
165020.0,
165040.0,
165060.0,
165080.0,
165100.0,
165120.0,
165140.0,
165160.0,
165180.0,
165200.0,
165220.0,
165240.0,
165260.0,
165280.0,
165300.0,
165320.0,
165340.0,
165360.0,
165380.0,
165400.0,
165420.0,
165440.0,
165460.0,
165480.0,907.9961948470693
165500.0,977.4783926559952
165520.0,1104.7110108759039
165540.0,1224.2982135179643
165560.0,1328.239135134309
165580.0,1412.7596098925123
165600.0,1476.606839391421
165620.0,1519.2370008102596
165640.0,1539.5343880525004
165660.0,1535.6357764533
165680.0,1505.767847102084
165700.0,1449.308913351376
165720.0,1368.1481929518234
165740.0,1267.9749246823217
165760.0,1158.2604405911206
165780.0,1050.5079172607834
165800.0,955.265928500519
165820.0,879.4786374821199
165840.0,825.5377270716511
165860.0,791.912651810987
165880.0,774.5558545119187
165900.0,768.4007798005441
165920.0,768.5630504295408
165940.0,771.0964587175564
165960.0,773.3106393136384
165980.0,773.7486968872759
166000.0,771.9632126078375
166020.0,768.2069568287
166040.0,763.1254378962208
166060.0,757.5070650582123
166080.0,752.1128005519861
166100.0,747.584636526715
166120.0,744.4170162675191
166140.0,742.9653118289749
166160.0,743.4493102928715
166180.0,745.9285409776828
166200.0,750.2486146679669
166220.0,755.9731365613306
166240.0,762.3571928008673
166260.0,768.5330755784931
166280.0,773.8067857783021
166300.0,777.7622279522446
166320.0,780.2158342685699
166340.0,781.1140846693104
166360.0,780.4371712889447
166380.0,778.1481977850306
166400.0,774.2023310740599
166420.0,768.6048228436124
166440.0,761.4807582664437
166460.0,753.0928381862357
166480.0,743.7201235758143
166500.0,733.4019038754842
166520.0,721.9315325262078
166540.0,709.2099497137685
166560.0,695.592344306766
166580.0,685.288346522246
166600.0,
166620.0,
166640.0,
166660.0,
166680.0,
166700.0,
166720.0,
166740.0,
166760.0,
166780.0,
166800.0,
166820.0,
166840.0,
166860.0,
166880.0,
166900.0,
166920.0,
166940.0,
166960.0,
166980.0,
167000.0,
167020.0,
167040.0,
167060.0,
167080.0,
167100.0,
167120.0,
167140.0,
167160.0,
167180.0,
167200.0,
167220.0,
167240.0,
167260.0,
167280.0,
167300.0,
167320.0,
167340.0,
167360.0,
167380.0,
167400.0,
167420.0,
167440.0,
167460.0,
167480.0,
167500.0,
167520.0,
167540.0,
167560.0,
167580.0,
167600.0,
167620.0,
167640.0,
167660.0,
167680.0,
167700.0,
167720.0,
167740.0,
167760.0,
167780.0,
167800.0,
167820.0,
167840.0,
167860.0,
167880.0,
167900.0,
167920.0,
167940.0,
167960.0,
167980.0,
168000.0,
168020.0,
168040.0,
168060.0,
168080.0,
168100.0,
168120.0,
168140.0,
168160.0,
168180.0,
168200.0,
168220.0,
168240.0,
168260.0,
168280.0,
168300.0,
168320.0,
168340.0,
168360.0,
168380.0,
168400.0,
168420.0,
168440.0,
168460.0,
168480.0,
168500.0,
168520.0,
168540.0,
168560.0,
168580.0,
168600.0,
168620.0,
168640.0,
168660.0,
168680.0,
168700.0,
168720.0,
168740.0,
168760.0,
168780.0,
168800.0,
168820.0,
168840.0,
168860.0,
168880.0,
168900.0,
168920.0,
168940.0,
168960.0,
168980.0,
169000.0,
169020.0,
169040.0,
169060.0,
169080.0,
169100.0,
169120.0,
169140.0,
169160.0,
169180.0,
169200.0,
169220.0,
169240.0,
169260.0,
169280.0,
169300.0,
169320.0,
169340.0,
169360.0,
169380.0,
169400.0,
169420.0,
169440.0,
169460.0,
169480.0,
169500.0,
169520.0,
169540.0,
169560.0,
169580.0,
169600.0,
169620.0,
169640.0,
169660.0,
169680.0,
169700.0,
169720.0,
169740.0,
169760.0,
169780.0,
169800.0,
169820.0,
169840.0,
169860.0,
169880.0,
169900.0,
169920.0,
169940.0,
169960.0,
169980.0,
170000.0,
170020.0,
170040.0,
170060.0,
170080.0,
170100.0,
170120.0,
170140.0,
170160.0,
170180.0,
170200.0,
170220.0,
170240.0,
170260.0,
170280.0,
170300.0,
170320.0,
170340.0,
170360.0,
170380.0,
170400.0,
170420.0,
170440.0,
170460.0,
170480.0,
170500.0,
170520.0,
170540.0,
170560.0,
170580.0,
170600.0,
170620.0,
170640.0,
170660.0,
170680.0,
170700.0,
170720.0,
170740.0,
170760.0,
170780.0,
170800.0,
170820.0,
170840.0,
170860.0,
170880.0,
170900.0,
170920.0,
170940.0,
170960.0,
170980.0,
171000.0,
171020.0,
171040.0,
171060.0,
171080.0,
171100.0,
171120.0,
171140.0,
171160.0,
171180.0,
171200.0,
171220.0,
171240.0,
171260.0,
171280.0,
171300.0,
171320.0,
171340.0,
171360.0,
171380.0,
171400.0,
171420.0,
171440.0,
171460.0,
171480.0,
171500.0,
171520.0,
171540.0,
171560.0,
171580.0,
171600.0,
171620.0,
171640.0,
171660.0,
171680.0,
171700.0,
171720.0,
171740.0,
171760.0,
171780.0,
171800.0,
171820.0,
171840.0,
171860.0,
171880.0,
171900.0,
171920.0,
171940.0,
171960.0,
171980.0,
172000.0,
172020.0,
172040.0,
172060.0,
172080.0,
172100.0,
172120.0,
172140.0,
172160.0,
172180.0,
172200.0,
172220.0,
172240.0,
172260.0,
172280.0,
172300.0,
172320.0,
172340.0,
172360.0,
172380.0,
172400.0,
172420.0,
172440.0,
172460.0,
172480.0,
172500.0,
172520.0,
172540.0,
172560.0,
172580.0,
172600.0,
172620.0,
172640.0,
172660.0,
172680.0,
172700.0,
172720.0,
172740.0,
172760.0,
172780.0,
172800.0,
172820.0,
172840.0,
172860.0,
172880.0,
172900.0,
172920.0,
172940.0,
172960.0,
172980.0,
173000.0,
173020.0,
173040.0,
173060.0,
173080.0,
173100.0,
173120.0,
173140.0,
173160.0,
173180.0,
173200.0,
173220.0,
173240.0,
173260.0,
173280.0,
173300.0,
173320.0,
173340.0,
173360.0,
173380.0,
173400.0,
173420.0,
173440.0,
173460.0,
173480.0,
173500.0,
173520.0,
173540.0,
173560.0,
173580.0,
173600.0,
173620.0,
173640.0,
173660.0,
173680.0,
173700.0,
173720.0,
173740.0,
173760.0,
173780.0,
173800.0,
173820.0,
173840.0,
173860.0,
173880.0,
173900.0,
173920.0,
173940.0,
173960.0,
173980.0,
174000.0,
174020.0,
174040.0,
174060.0,
174080.0,
174100.0,
174120.0,
174140.0,
174160.0,
174180.0,
174200.0,
174220.0,
174240.0,
174260.0,
174280.0,
174300.0,
174320.0,
174340.0,
174360.0,
174380.0,
174400.0,
174420.0,
174440.0,
174460.0,
174480.0,
174500.0,
174520.0,
174540.0,
174560.0,
174580.0,
174600.0,
174620.0,
174640.0,
174660.0,
174680.0,
174700.0,
174720.0,
174740.0,
174760.0,
174780.0,
174800.0,
174820.0,
174840.0,
174860.0,
174880.0,
174900.0,
174920.0,
174940.0,
174960.0,
174980.0,
175000.0,
175020.0,
175040.0,
175060.0,
175080.0,
175100.0,
175120.0,
175140.0,
175160.0,
175180.0,
175200.0,
175220.0,
175240.0,
175260.0,
175280.0,
175300.0,
175320.0,
175340.0,
175360.0,
175380.0,
175400.0,
175420.0,
175440.0,
175460.0,
175480.0,
175500.0,
175520.0,
175540.0,
175560.0,
175580.0,
175600.0,
175620.0,
175640.0,
175660.0,
175680.0,
175700.0,
175720.0,
175740.0,
175760.0,
175780.0,
175800.0,
175820.0,
175840.0,
175860.0,
175880.0,
175900.0,
175920.0,
175940.0,
175960.0,
175980.0,
176000.0,
176020.0,
176040.0,
176060.0,
176080.0,
176100.0,
176120.0,
176140.0,
176160.0,
176180.0,
176200.0,
176220.0,
176240.0,
176260.0,
176280.0,
176300.0,
176320.0,
176340.0,
176360.0,
176380.0,
176400.0,
176420.0,
176440.0,
176460.0,
176480.0,
176500.0,
176520.0,
176540.0,
176560.0,
176580.0,
176600.0,
176620.0,
176640.0,
176660.0,
176680.0,
176700.0,
176720.0,
176740.0,
176760.0,
176780.0,
176800.0,
176820.0,
176840.0,
176860.0,
176880.0,
176900.0,
176920.0,
176940.0,
176960.0,
176980.0,
177000.0,
177020.0,
177040.0,
177060.0,
177080.0,
177100.0,
177120.0,
177140.0,
177160.0,
177180.0,
177200.0,
177220.0,
177240.0,
177260.0,
177280.0,
177300.0,
177320.0,
177340.0,750.4635760844571
177360.0,758.837397746436
177380.0,761.0256759788504
177400.0,751.0987169238124
177420.0,727.9960149447983
177440.0,693.0514489888659
177460.0,659.2222439714832
177480.0,
177500.0,
177520.0,
177540.0,
177560.0,
177580.0,
177600.0,
177620.0,
177640.0,
177660.0,
177680.0,
177700.0,
177720.0,
177740.0,
177760.0,
177780.0,
177800.0,
177820.0,
177840.0,
177860.0,
177880.0,
177900.0,
177920.0,
177940.0,
177960.0,
177980.0,
178000.0,
178020.0,
178040.0,
178060.0,
178080.0,
178100.0,
178120.0,
178140.0,
178160.0,
178180.0,
178200.0,
178220.0,
178240.0,
178260.0,
178280.0,
178300.0,
178320.0,
178340.0,
178360.0,
178380.0,
178400.0,
178420.0,
178440.0,
178460.0,
178480.0,
178500.0,
178520.0,
178540.0,
178560.0,
178580.0,
178600.0,
178620.0,
178640.0,
178660.0,
178680.0,
178700.0,
178720.0,
178740.0,
178760.0,
178780.0,
178800.0,
178820.0,
178840.0,
178860.0,
178880.0,
178900.0,
178920.0,
178940.0,
178960.0,
178980.0,
179000.0,
179020.0,
179040.0,
179060.0,
179080.0,
179100.0,
179120.0,
179140.0,
179160.0,
179180.0,
179200.0,
179220.0,
179240.0,
179260.0,
179280.0,
179300.0,
179320.0,
179340.0,
179360.0,
179380.0,
179400.0,
179420.0,
179440.0,
179460.0,
179480.0,
179500.0,
179520.0,
179540.0,
179560.0,
179580.0,
179600.0,
179620.0,
179640.0,
179660.0,
179680.0,
179700.0,
179720.0,
179740.0,
179760.0,
179780.0,
179800.0,
179820.0,
179840.0,
179860.0,
179880.0,
179900.0,
179920.0,
179940.0,
179960.0,
179980.0,
180000.0,
180020.0,
180040.0,
180060.0,
180080.0,
180100.0,
180120.0,
180140.0,
180160.0,
180180.0,
180200.0,
180220.0,
180240.0,
180260.0,
180280.0,
180300.0,
180320.0,
180340.0,
180360.0,
180380.0,
180400.0,
180420.0,
180440.0,
180460.0,
180480.0,
180500.0,
180520.0,
180540.0,
180560.0,
180580.0,
180600.0,
180620.0,
180640.0,
180660.0,
180680.0,
180700.0,
180720.0,
180740.0,
180760.0,
180780.0,
180800.0,
180820.0,
180840.0,
180860.0,
180880.0,
180900.0,
180920.0,
180940.0,
180960.0,
180980.0,
181000.0,
181020.0,
181040.0,
181060.0,
181080.0,
181100.0,
181120.0,
181140.0,
181160.0,
181180.0,
181200.0,
181220.0,
181240.0,
181260.0,
181280.0,
181300.0,
181320.0,
181340.0,
181360.0,
181380.0,
181400.0,
181420.0,
181440.0,
181460.0,
181480.0,
181500.0,
181520.0,
181540.0,
181560.0,
181580.0,
181600.0,
181620.0,
181640.0,
181660.0,
181680.0,
181700.0,
181720.0,
181740.0,
181760.0,
181780.0,
181800.0,
181820.0,
181840.0,
181860.0,
181880.0,
181900.0,
181920.0,
181940.0,
181960.0,
181980.0,
182000.0,
182020.0,
182040.0,
182060.0,
182080.0,
182100.0,
182120.0,
182140.0,
182160.0,
182180.0,
182200.0,
182220.0,
182240.0,
182260.0,
182280.0,
182300.0,
182320.0,
182340.0,
182360.0,
182380.0,
182400.0,
182420.0,
182440.0,
182460.0,
182480.0,
182500.0,
182520.0,
182540.0,
182560.0,
182580.0,
182600.0,
182620.0,
182640.0,
182660.0,
182680.0,
182700.0,
182720.0,
182740.0,
182760.0,
182780.0,
182800.0,
182820.0,
182840.0,
182860.0,
182880.0,
182900.0,
182920.0,
182940.0,
182960.0,
182980.0,
183000.0,
183020.0,
183040.0,
183060.0,
183080.0,
183100.0,
183120.0,
183140.0,
183160.0,
183180.0,
183200.0,
183220.0,
183240.0,
183260.0,
183280.0,
183300.0,
183320.0,
183340.0,
183360.0,
183380.0,
183400.0,
183420.0,
183440.0,
183460.0,
183480.0,
183500.0,
183520.0,
183540.0,
183560.0,
183580.0,
183600.0,
183620.0,
183640.0,
183660.0,
183680.0,
183700.0,
183720.0,
183740.0,
183760.0,
183780.0,
183800.0,
183820.0,
183840.0,
183860.0,
183880.0,
183900.0,
183920.0,
183940.0,
183960.0,
183980.0,
184000.0,
184020.0,
184040.0,
184060.0,
184080.0,
184100.0,
184120.0,
184140.0,
184160.0,
184180.0,
184200.0,
184220.0,
184240.0,
184260.0,
184280.0,
184300.0,
184320.0,
184340.0,
184360.0,
184380.0,
184400.0,
184420.0,
184440.0,
184460.0,
184480.0,
184500.0,
184520.0,
184540.0,
184560.0,
184580.0,
184600.0,
184620.0,
184640.0,
184660.0,
184680.0,
184700.0,
184720.0,
184740.0,
184760.0,
184780.0,
184800.0,
184820.0,
184840.0,
184860.0,
184880.0,
184900.0,
184920.0,
184940.0,
184960.0,753.1565154921653
184980.0,765.3092305651261
185000.0,783.7052534198172
185020.0,800.7211362234217
185040.0,815.725352229991
185060.0,828.6526172655482
185080.0,839.7724306383752
185100.0,849.4355090717569
185120.0,857.861720996628
185140.0,865.0110701433007
185160.0,870.5575848135247
185180.0,873.9563390995578
185200.0,874.5846526013581
185220.0,871.9269041880846
185240.0,865.7406633644011
185260.0,856.1546635067177
185280.0,843.6830316757157
185300.0,829.1616342647587
185320.0,813.6251988328162
185340.0,798.1535834424468
185360.0,783.7265645262083
185380.0,771.1233533081931
185400.0,760.8789123223921
185420.0,753.2800744617631
185440.0,748.3654321119997
185460.0,745.9303356885486
185480.0,745.5660459769625
185500.0,746.7436607572494
185520.0,748.916061431584
185540.0,751.6021135423036
185560.0,754.4364183303908
185580.0,757.1841607421691
185600.0,759.729366179448
185620.0,762.0478063742474
185640.0,764.1748839353147
185660.0,766.1759312612238
185680.0,768.122943223706
185700.0,770.0787967607862
185720.0,772.0880036987269
185740.0,774.172133878525
185760.0,776.3281135134278
185780.0,778.5283712987139
185800.0,780.7229135793796
185820.0,782.8444696381977
185840.0,784.8184713663838
185860.0,786.5794688407707
185880.0,788.094375517836
185900.0,789.3905923393222
185920.0,790.5837540632944
185940.0,791.8961158527206
185960.0,793.6534283267216
185980.0,796.2469208533223
186000.0,800.0493589686683
186020.0,805.2815905359191
186040.0,811.8394160502631
186060.0,819.1095112592054
186080.0,825.8248809596582
186100.0,830.0296401340927
186120.0,829.231745282688
186140.0,820.8102012298781
186160.0,802.6914304890082
186180.0,774.182317918056
186200.0,736.6635634971373
186220.0,704.7604989361396
186240.0,
186260.0,
186280.0,
186300.0,
186320.0,
186340.0,
186360.0,
186380.0,
186400.0,
186420.0,
186440.0,
186460.0,
186480.0,
186500.0,
186520.0,
186540.0,
186560.0,
186580.0,
186600.0,
186620.0,
186640.0,
186660.0,
186680.0,
186700.0,
186720.0,
186740.0,
186760.0,
186780.0,
186800.0,
186820.0,
186840.0,
186860.0,
186880.0,
186900.0,
186920.0,
186940.0,
186960.0,
186980.0,
187000.0,
187020.0,
187040.0,
187060.0,
187080.0,
187100.0,
187120.0,
187140.0,
187160.0,
187180.0,
187200.0,
187220.0,
187240.0,
187260.0,
187280.0,
187300.0,
187320.0,
187340.0,
187360.0,
187380.0,
187400.0,
187420.0,
187440.0,
187460.0,
187480.0,
187500.0,
187520.0,
187540.0,
187560.0,
187580.0,
187600.0,
187620.0,
187640.0,
187660.0,
187680.0,
187700.0,
187720.0,
187740.0,
187760.0,
187780.0,
187800.0,
187820.0,
187840.0,
187860.0,
187880.0,
187900.0,
187920.0,
187940.0,
187960.0,
187980.0,
188000.0,
188020.0,
188040.0,
188060.0,
188080.0,
188100.0,
188120.0,
188140.0,
188160.0,
188180.0,
188200.0,
188220.0,
188240.0,
188260.0,
188280.0,
188300.0,
188320.0,
188340.0,
188360.0,
188380.0,
188400.0,
188420.0,
188440.0,
188460.0,
188480.0,
188500.0,
188520.0,
188540.0,
188560.0,
188580.0,
188600.0,
188620.0,
188640.0,
188660.0,
188680.0,
188700.0,
188720.0,
188740.0,
188760.0,
188780.0,
188800.0,
188820.0,
188840.0,
188860.0,
188880.0,
188900.0,
188920.0,
188940.0,
188960.0,
188980.0,
189000.0,
189020.0,
189040.0,
189060.0,
189080.0,
189100.0,
189120.0,
189140.0,
189160.0,
189180.0,
189200.0,
189220.0,
189240.0,
189260.0,
189280.0,
189300.0,
189320.0,
189340.0,
189360.0,
189380.0,
189400.0,
189420.0,
189440.0,
189460.0,
189480.0,
189500.0,
189520.0,
189540.0,
189560.0,
189580.0,
189600.0,
189620.0,
189640.0,
189660.0,
189680.0,
189700.0,
189720.0,
189740.0,
189760.0,
189780.0,
189800.0,
189820.0,
189840.0,
189860.0,
189880.0,
189900.0,
189920.0,
189940.0,
189960.0,
189980.0,
190000.0,
190020.0,
190040.0,
190060.0,
190080.0,
190100.0,
190120.0,
190140.0,
190160.0,
190180.0,
190200.0,
190220.0,
190240.0,
190260.0,
190280.0,
190300.0,
190320.0,
190340.0,
190360.0,
190380.0,
190400.0,
190420.0,
190440.0,
190460.0,
190480.0,
190500.0,
190520.0,
190540.0,
190560.0,
190580.0,
190600.0,
190620.0,
190640.0,
190660.0,
190680.0,
190700.0,
190720.0,
190740.0,
190760.0,
190780.0,
190800.0,
190820.0,
190840.0,
190860.0,
190880.0,
190900.0,
190920.0,
190940.0,
190960.0,
190980.0,
191000.0,
191020.0,
191040.0,
191060.0,
191080.0,
191100.0,
191120.0,
191140.0,
191160.0,
191180.0,
191200.0,
191220.0,
191240.0,
191260.0,
191280.0,
191300.0,
191320.0,
191340.0,
191360.0,
191380.0,
191400.0,
191420.0,
191440.0,
191460.0,
191480.0,
191500.0,
191520.0,
191540.0,
191560.0,
191580.0,
191600.0,
191620.0,
191640.0,
191660.0,
191680.0,
191700.0,
191720.0,
191740.0,
191760.0,
191780.0,
191800.0,
191820.0,
191840.0,
191860.0,
191880.0,
191900.0,
191920.0,
191940.0,
191960.0,
191980.0,
192000.0,
192020.0,
192040.0,
192060.0,
192080.0,
192100.0,
192120.0,
192140.0,
192160.0,
192180.0,
192200.0,
192220.0,
192240.0,
192260.0,
192280.0,
192300.0,
192320.0,
192340.0,
192360.0,
192380.0,
192400.0,
192420.0,
192440.0,
192460.0,
192480.0,
192500.0,
192520.0,
192540.0,
192560.0,
192580.0,
192600.0,
192620.0,
192640.0,
192660.0,
192680.0,
192700.0,
192720.0,
192740.0,
192760.0,
192780.0,
192800.0,
192820.0,
192840.0,
192860.0,
192880.0,
192900.0,
192920.0,
192940.0,
192960.0,
192980.0,
193000.0,
193020.0,
193040.0,
193060.0,
193080.0,
193100.0,
193120.0,
193140.0,
193160.0,
193180.0,
193200.0,
193220.0,
193240.0,
193260.0,
193280.0,
193300.0,
193320.0,
193340.0,
193360.0,
193380.0,
193400.0,
193420.0,
193440.0,
193460.0,
193480.0,
193500.0,
193520.0,
193540.0,
193560.0,
193580.0,
193600.0,
193620.0,
193640.0,
193660.0,
193680.0,
193700.0,
193720.0,
193740.0,
193760.0,
193780.0,
193800.0,
193820.0,
193840.0,
193860.0,
193880.0,
193900.0,
193920.0,
193940.0,
193960.0,
193980.0,
194000.0,
194020.0,
194040.0,
194060.0,
194080.0,
194100.0,
194120.0,
194140.0,
194160.0,
194180.0,
194200.0,
194220.0,
194240.0,
194260.0,
194280.0,
194300.0,
194320.0,
194340.0,
194360.0,
194380.0,
194400.0,
194420.0,
194440.0,
194460.0,
194480.0,
194500.0,
194520.0,
194540.0,
194560.0,
194580.0,
194600.0,
194620.0,
194640.0,
194660.0,
194680.0,
194700.0,
194720.0,
194740.0,
194760.0,
194780.0,
194800.0,
194820.0,
194840.0,
194860.0,
194880.0,
194900.0,
194920.0,
194940.0,
194960.0,
194980.0,
195000.0,
195020.0,
195040.0,
195060.0,
195080.0,
195100.0,
195120.0,
195140.0,
195160.0,
195180.0,
195200.0,
195220.0,
195240.0,
195260.0,
195280.0,
195300.0,
195320.0,
195340.0,
195360.0,
195380.0,
195400.0,
195420.0,
195440.0,
195460.0,
195480.0,
195500.0,
195520.0,
195540.0,
195560.0,
195580.0,
195600.0,
195620.0,
195640.0,
195660.0,
195680.0,
195700.0,
195720.0,
195740.0,
195760.0,
195780.0,
195800.0,
195820.0,
195840.0,
195860.0,
195880.0,
195900.0,
195920.0,
195940.0,
195960.0,
195980.0,
196000.0,
196020.0,
196040.0,
196060.0,
196080.0,
196100.0,
196120.0,
196140.0,
196160.0,
196180.0,
196200.0,
196220.0,
196240.0,
196260.0,
196280.0,
196300.0,
196320.0,
196340.0,
196360.0,
196380.0,
196400.0,
196420.0,
196440.0,
196460.0,
196480.0,
196500.0,
196520.0,
196540.0,
196560.0,
196580.0,
196600.0,
196620.0,
196640.0,
196660.0,
196680.0,
196700.0,
196720.0,
196740.0,
196760.0,
196780.0,
196800.0,
196820.0,
196840.0,
196860.0,
196880.0,
196900.0,
196920.0,
196940.0,
196960.0,
196980.0,
197000.0,
197020.0,
197040.0,
197060.0,
197080.0,
197100.0,
197120.0,
197140.0,
197160.0,
197180.0,
197200.0,
197220.0,
197240.0,
197260.0,
197280.0,
197300.0,
197320.0,
197340.0,
197360.0,
197380.0,
197400.0,
197420.0,
197440.0,
197460.0,
197480.0,
197500.0,
197520.0,
197540.0,
197560.0,
197580.0,
197600.0,
197620.0,
197640.0,
197660.0,
197680.0,
197700.0,
197720.0,
197740.0,
197760.0,
197780.0,
197800.0,
197820.0,
197840.0,
197860.0,
197880.0,
197900.0,
197920.0,
197940.0,
197960.0,1215.4178013044138
197980.0,1161.4597236193936
198000.0,1091.1808109476142
198020.0,1028.3745496071247
198040.0,983.8817630364183
198060.0,964.7641815371795
198080.0,973.185749831282
198100.0,1006.4044618991727
198120.0,1057.4870144050226
198140.0,1116.7767399367096
198160.0,1174.3245245617306
198180.0,1222.5067949810596
198200.0,1257.2921851165404
198220.0,1278.0695177592838
198240.0,1286.7191776570828
198260.0,1286.4865360471654
198280.0,1281.000553951617
198300.0,1273.590474464415
198320.0,1266.91169044359
198340.0,1262.805844966814
198360.0,1262.2864077159752
198380.0,1265.5494481640349
198400.0,1271.9474721139914
198420.0,1279.9187363413646
198440.0,1286.9220619122138
198460.0,1289.4740319619582
198480.0,1283.4068489458987
198500.0,1264.4456466974032
198520.0,1229.1293929016742
198540.0,1175.9599296938113
198560.0,1106.4588491681084
198580.0,1025.555928791526
198600.0,940.50388553693
198620.0,858.1682538288773
198640.0,782.8114277407947
198660.0,715.9814408602784
198680.0,657.7807468989813
198700.0,614.9366016209211
198720.0,
198740.0,
198760.0,
198780.0,
198800.0,
198820.0,
198840.0,
198860.0,
198880.0,
198900.0,
198920.0,
198940.0,
198960.0,
198980.0,
199000.0,
199020.0,
199040.0,
199060.0,
199080.0,
199100.0,
199120.0,
199140.0,
199160.0,
199180.0,
199200.0,
199220.0,
199240.0,
199260.0,
199280.0,
199300.0,
199320.0,
199340.0,
199360.0,
199380.0,
199400.0,
199420.0,
199440.0,
199460.0,
199480.0,
199500.0,
199520.0,
199540.0,
199560.0,
199580.0,
199600.0,
199620.0,
199640.0,
199660.0,
199680.0,
199700.0,
199720.0,
199740.0,
199760.0,
199780.0,
199800.0,
199820.0,
199840.0,
199860.0,
199880.0,
199900.0,
199920.0,
199940.0,
199960.0,
199980.0,
200000.0,
200020.0,
200040.0,
200060.0,
200080.0,
200100.0,
200120.0,
200140.0,
200160.0,
200180.0,
200200.0,
200220.0,
200240.0,
200260.0,
200280.0,
200300.0,
200320.0,
200340.0,
200360.0,
200380.0,
200400.0,
200420.0,
200440.0,
200460.0,
200480.0,
200500.0,
200520.0,
200540.0,
200560.0,
200580.0,
200600.0,
200620.0,
200640.0,
200660.0,
200680.0,
200700.0,
200720.0,
200740.0,
200760.0,
200780.0,
200800.0,
200820.0,
200840.0,
200860.0,
200880.0,845.0033027198527
200900.0,949.8828879530187
200920.0,1090.6645008647524
200940.0,1217.186308614163
200960.0,1313.1369388943779
200980.0,1366.9124907336188
201000.0,1374.1054041782895
201020.0,1338.0825807026063
201040.0,1268.6120824734605
201060.0,1179.0633186737327
201080.0,1083.456313252053
201100.0,994.0993777050692
201120.0,919.6352923762915
201140.0,864.1764049152289
201160.0,827.7650086536887
201180.0,807.5965772275958
201200.0,799.3831728777335
201220.0,798.4730425203045
201240.0,800.5746300944312
201260.0,802.0979278765524
201280.0,800.2423433166009
201300.0,792.9959844489448
201320.0,779.1788333681088
201340.0,758.5959625014116
201360.0,732.2676838110772
201380.0,702.5943993999556
201400.0,673.2039642043258
201420.0,648.1629781795161
201440.0,630.6672637299115
201460.0,622.1891409253546
201480.0,622.4750562505706
201500.0,630.036022408842
201520.0,642.7797514908663
201540.0,658.567863194988
201560.0,675.5965450179967
201580.0,692.5825261128238
201600.0,708.7867417488352
201620.0,723.9302199543362
201640.0,738.0582574905058
201660.0,751.3982140164201
201680.0,764.2404570306485
201700.0,776.8563441802681
201720.0,789.4546671186071
201740.0,802.1698705160728
201760.0,815.0714512682732
201780.0,828.1833562494763
201800.0,841.503818573064
201820.0,855.0188947643477
201840.0,868.7062551246199
201860.0,882.529096141453
201880.0,896.423150781887
201900.0,910.2824942368115
201920.0,923.9519173959907
201940.0,937.2346198394323
201960.0,949.9232128585884
201980.0,961.8587880122993
202000.0,973.0165218021614
202020.0,983.6068958674603
202040.0,994.1700054898262
202060.0,1005.6288351996075
202080.0,1019.2595688459367
202100.0,1036.5381256968417
202120.0,1058.8380160702832
202140.0,1086.9904864012892
202160.0,1120.7763932390997
202180.0,1158.4980960981807
202200.0,1196.8698684500835
202220.0,1231.5464865058939
202240.0,1258.4607552386126
202260.0,1275.178978340035
202280.0,1281.307976693941
202300.0,1278.122938757901
202320.0,1267.8765625615795
202340.0,1253.1055499330555
202360.0,1236.104102574733
202380.0,1218.621224507592
202400.0,1201.7645977797304
202420.0,1186.0555625630946
202440.0,1171.5693390352571
202460.0,1158.102340255488
202480.0,1145.3251254578897
202500.0,1132.8981410772
202520.0,1120.5433333263559
202540.0,1108.075807855301
202560.0,1095.4056155314897
202580.0,1082.5212882450514
202600.0,1069.465316568695
202620.0,1056.3088100728921
202640.0,1043.1293449448062
202660.0,1029.9933498620414
202680.0,1016.9427847552761
202700.0,1003.9854510443145
202720.0,991.0888737365412
202740.0,978.1789353146982
202760.0,965.1457818501391
202780.0,951.8603325685865
202800.0,938.2043627173956
202820.0,924.1150625122157
202840.0,909.6409472583566
202860.0,895.0002397885401
202880.0,880.6263069715736
202900.0,867.179214319253
202920.0,855.5006532678432
202940.0,846.4947292760226
202960.0,840.9328041767689
202980.0,839.2092795497817
203000.0,841.1096305373464
203020.0,845.6802434781196
203040.0,851.4312704800852
203060.0,856.8231753687048
203080.0,860.6406811111981
203100.0,862.1756264534994
203120.0,861.2538824701093
203140.0,858.146216441138
203160.0,853.4171242550123
203180.0,847.7565241249979
203200.0,841.8343315480115
203220.0,836.212771338475
203240.0,831.3124032552987
203260.0,827.4077594633875
203280.0,824.6475811878312
203300.0,823.094272247455
203320.0,822.7656851345403
203340.0,823.6642461740332
203360.0,825.7750607853595
203380.0,829.018257669776
203400.0,833.1643488146194
203420.0,837.7464862286322
203440.0,842.0179412091107
203460.0,844.9808283351431
203480.0,845.4950197044743
203500.0,842.4753394155687
203520.0,835.1789985676544
203540.0,823.5335877240223
203560.0,808.3981520063764
203580.0,
203600.0,
203620.0,
203640.0,
203660.0,
203680.0,
203700.0,
203720.0,
203740.0,
203760.0,
203780.0,
203800.0,
203820.0,
203840.0,
203860.0,
203880.0,
203900.0,
203920.0,
203940.0,
203960.0,
203980.0,
204000.0,
204020.0,
204040.0,
204060.0,
204080.0,
204100.0,
204120.0,
204140.0,
204160.0,
204180.0,
204200.0,
204220.0,
204240.0,
204260.0,
204280.0,
204300.0,
204320.0,
204340.0,
204360.0,
204380.0,
204400.0,
204420.0,
204440.0,
204460.0,
204480.0,
204500.0,
204520.0,
204540.0,
204560.0,
204580.0,
204600.0,
204620.0,
204640.0,
204660.0,
204680.0,
204700.0,
204720.0,
204740.0,
204760.0,
204780.0,
204800.0,
204820.0,
204840.0,
204860.0,
204880.0,
204900.0,
204920.0,
204940.0,
204960.0,
204980.0,
205000.0,
205020.0,
205040.0,
205060.0,
205080.0,
205100.0,
205120.0,
205140.0,
205160.0,
205180.0,
205200.0,
205220.0,
205240.0,
205260.0,
205280.0,
205300.0,
205320.0,
205340.0,
205360.0,
205380.0,
205400.0,
205420.0,
205440.0,
205460.0,
205480.0,
205500.0,
205520.0,
205540.0,
205560.0,
205580.0,
205600.0,
205620.0,
205640.0,
205660.0,
205680.0,
205700.0,
205720.0,
205740.0,
205760.0,
205780.0,
205800.0,
205820.0,
205840.0,
205860.0,
205880.0,
205900.0,
205920.0,
205940.0,
205960.0,
205980.0,
206000.0,
206020.0,
206040.0,
206060.0,
206080.0,
206100.0,
206120.0,
206140.0,
206160.0,
206180.0,
206200.0,
206220.0,
206240.0,
206260.0,
206280.0,
206300.0,
206320.0,
206340.0,
206360.0,
206380.0,
206400.0,
206420.0,
206440.0,
206460.0,
206480.0,
206500.0,
206520.0,
206540.0,
206560.0,
206580.0,
206600.0,
206620.0,
206640.0,
206660.0,
206680.0,
206700.0,
206720.0,
206740.0,
206760.0,
206780.0,
206800.0,
206820.0,
206840.0,
206860.0,
206880.0,
206900.0,
206920.0,
206940.0,
206960.0,
206980.0,
207000.0,
207020.0,
207040.0,
207060.0,
207080.0,
207100.0,
207120.0,
207140.0,
207160.0,
207180.0,
207200.0,
207220.0,
207240.0,
207260.0,
207280.0,
207300.0,
207320.0,
207340.0,
207360.0,
207380.0,
207400.0,
207420.0,
207440.0,
207460.0,
207480.0,
207500.0,
207520.0,
207540.0,
207560.0,
207580.0,
207600.0,
207620.0,
207640.0,
207660.0,
207680.0,
207700.0,
207720.0,
207740.0,
207760.0,
207780.0,
207800.0,
207820.0,
207840.0,
207860.0,
207880.0,
207900.0,
207920.0,
207940.0,
207960.0,
207980.0,
208000.0,
208020.0,
208040.0,
208060.0,
208080.0,
208100.0,
208120.0,
208140.0,
208160.0,
208180.0,
208200.0,
208220.0,
208240.0,
208260.0,
208280.0,
208300.0,
208320.0,
208340.0,
208360.0,
208380.0,
208400.0,
208420.0,
208440.0,
208460.0,
208480.0,
208500.0,
208520.0,
208540.0,
208560.0,
208580.0,
208600.0,
208620.0,
208640.0,
208660.0,
208680.0,
208700.0,
208720.0,
208740.0,
208760.0,
208780.0,
208800.0,
208820.0,
208840.0,
208860.0,
208880.0,
208900.0,
208920.0,
208940.0,
208960.0,
208980.0,
209000.0,
209020.0,
209040.0,
209060.0,
209080.0,
209100.0,
209120.0,
209140.0,
209160.0,
209180.0,
209200.0,
209220.0,
209240.0,
209260.0,
209280.0,
209300.0,
209320.0,
209340.0,
209360.0,
209380.0,
209400.0,
209420.0,
209440.0,
209460.0,
209480.0,
209500.0,
209520.0,
209540.0,
209560.0,
209580.0,
209600.0,
209620.0,
209640.0,
209660.0,
209680.0,
209700.0,
209720.0,
209740.0,
209760.0,
209780.0,
209800.0,
209820.0,
209840.0,
209860.0,
209880.0,
209900.0,
209920.0,
209940.0,
209960.0,
209980.0,
210000.0,
210020.0,
210040.0,
210060.0,
210080.0,
210100.0,
210120.0,
210140.0,
210160.0,
210180.0,
210200.0,
210220.0,
210240.0,
210260.0,
210280.0,
210300.0,
210320.0,
210340.0,
210360.0,
210380.0,
210400.0,
210420.0,
210440.0,
210460.0,
210480.0,
210500.0,
210520.0,
210540.0,
210560.0,
210580.0,
210600.0,
210620.0,
210640.0,
210660.0,
210680.0,
210700.0,
210720.0,
210740.0,
210760.0,
210780.0,
210800.0,
210820.0,
210840.0,
210860.0,
210880.0,
210900.0,
210920.0,
210940.0,
210960.0,
210980.0,
211000.0,
211020.0,
211040.0,
211060.0,
211080.0,
211100.0,
211120.0,
211140.0,
211160.0,
211180.0,
211200.0,
211220.0,
211240.0,
211260.0,
211280.0,
211300.0,
211320.0,
211340.0,
211360.0,
211380.0,
211400.0,
211420.0,
211440.0,
211460.0,
211480.0,
211500.0,
211520.0,
211540.0,
211560.0,
211580.0,
211600.0,
211620.0,
211640.0,
211660.0,
211680.0,
211700.0,
211720.0,
211740.0,
211760.0,
211780.0,
211800.0,
211820.0,
211840.0,
211860.0,
211880.0,
211900.0,
211920.0,
211940.0,
211960.0,
211980.0,
212000.0,713.3314583402831
212020.0,740.0890721608084
212040.0,785.9267684685547
212060.0,834.83503495
212080.0,890.2526791302973
212100.0,955.8661314300598
212120.0,1033.1484737567766
212140.0,1119.2512861219743
212160.0,1206.255092417774
212180.0,1282.883623499663
212200.0,1338.9810471887097
212220.0,1362.8747173239205
212240.0,
212260.0,
212280.0,
212300.0,
212320.0,
212340.0,
212360.0,
212380.0,
212400.0,
212420.0,
212440.0,
212460.0,
212480.0,
212500.0,
212520.0,
212540.0,
212560.0,
212580.0,
212600.0,
212620.0,
212640.0,
212660.0,
212680.0,
212700.0,
212720.0,
212740.0,
212760.0,
212780.0,
212800.0,
212820.0,
212840.0,
212860.0,
212880.0,
212900.0,
212920.0,
212940.0,
212960.0,
212980.0,
213000.0,
213020.0,
213040.0,
213060.0,
213080.0,
213100.0,
213120.0,
213140.0,
213160.0,
213180.0,
213200.0,
213220.0,
213240.0,
213260.0,
213280.0,
213300.0,
213320.0,
213340.0,
213360.0,
213380.0,
213400.0,
213420.0,
213440.0,
213460.0,
213480.0,
213500.0,775.8721734035157
213520.0,796.5690546863403
213540.0,831.1170879066443
213560.0,879.2654661596505
213580.0,940.7658124402984
213600.0,1012.7397951778934
213620.0,1085.4428406112902
213640.0,
213660.0,
213680.0,
213700.0,
213720.0,
213740.0,
213760.0,
213780.0,
213800.0,
213820.0,
213840.0,
213860.0,
213880.0,
213900.0,
213920.0,
213940.0,
213960.0,
213980.0,
214000.0,
214020.0,
214040.0,
214060.0,
214080.0,
214100.0,
214120.0,
214140.0,
214160.0,
214180.0,
214200.0,
214220.0,
214240.0,
214260.0,
214280.0,
214300.0,
214320.0,
214340.0,
214360.0,
214380.0,
214400.0,
214420.0,
214440.0,
214460.0,
214480.0,
214500.0,
214520.0,
214540.0,
214560.0,
214580.0,
214600.0,
214620.0,
214640.0,
214660.0,
214680.0,
214700.0,
214720.0,
214740.0,
214760.0,
214780.0,
214800.0,
214820.0,
214840.0,
214860.0,
214880.0,
214900.0,
214920.0,
214940.0,
214960.0,
214980.0,
215000.0,
215020.0,
215040.0,
215060.0,
215080.0,
215100.0,
215120.0,
215140.0,
215160.0,
215180.0,
215200.0,
215220.0,
215240.0,
215260.0,
215280.0,
215300.0,
215320.0,
215340.0,
215360.0,
215380.0,
215400.0,
215420.0,
215440.0,
215460.0,
215480.0,
215500.0,
215520.0,
215540.0,
215560.0,
215580.0,
215600.0,
215620.0,
215640.0,
215660.0,
215680.0,
215700.0,
215720.0,
215740.0,
215760.0,
215780.0,
215800.0,
215820.0,
215840.0,
215860.0,
215880.0,
215900.0,
215920.0,
215940.0,
215960.0,
215980.0,
216000.0,
216020.0,
216040.0,
216060.0,
216080.0,
216100.0,
216120.0,
216140.0,
216160.0,
216180.0,
216200.0,
216220.0,
216240.0,
216260.0,
216280.0,
216300.0,
216320.0,
216340.0,
216360.0,
216380.0,
216400.0,
216420.0,
216440.0,
216460.0,
216480.0,
216500.0,
216520.0,
216540.0,
216560.0,
216580.0,
216600.0,
216620.0,
216640.0,
216660.0,
216680.0,
216700.0,
216720.0,
216740.0,
216760.0,
216780.0,
216800.0,
216820.0,
216840.0,
216860.0,
216880.0,
216900.0,
216920.0,
216940.0,
216960.0,
216980.0,
217000.0,
217020.0,
217040.0,
217060.0,
217080.0,
217100.0,
217120.0,
217140.0,
217160.0,
217180.0,
217200.0,
217220.0,
217240.0,
217260.0,
217280.0,
217300.0,
217320.0,
217340.0,
217360.0,
217380.0,
217400.0,
217420.0,
217440.0,
217460.0,
217480.0,
217500.0,
217520.0,
217540.0,
217560.0,
217580.0,
217600.0,
217620.0,
217640.0,
217660.0,
217680.0,
217700.0,
217720.0,
217740.0,
217760.0,
217780.0,
217800.0,
217820.0,
217840.0,
217860.0,
217880.0,
217900.0,
217920.0,
217940.0,
217960.0,
217980.0,
218000.0,
218020.0,
218040.0,
218060.0,
218080.0,
218100.0,
218120.0,
218140.0,
218160.0,
218180.0,
218200.0,
218220.0,
218240.0,
218260.0,
218280.0,
218300.0,
218320.0,
218340.0,
218360.0,
218380.0,
218400.0,
218420.0,
218440.0,
218460.0,
218480.0,
218500.0,
218520.0,
218540.0,
218560.0,
218580.0,
218600.0,
218620.0,
218640.0,
218660.0,
218680.0,
218700.0,
218720.0,
218740.0,
218760.0,
218780.0,
218800.0,
218820.0,
218840.0,
218860.0,
218880.0,
218900.0,
218920.0,
218940.0,
218960.0,
218980.0,
219000.0,
219020.0,
219040.0,
219060.0,
219080.0,
219100.0,
219120.0,
219140.0,
219160.0,
219180.0,
219200.0,
219220.0,
219240.0,
219260.0,
219280.0,
219300.0,
219320.0,
219340.0,
219360.0,
219380.0,
219400.0,
219420.0,
219440.0,
219460.0,
219480.0,
219500.0,
219520.0,
219540.0,
219560.0,
219580.0,
219600.0,
219620.0,
219640.0,
219660.0,
219680.0,
219700.0,
219720.0,
219740.0,
219760.0,
219780.0,
219800.0,
219820.0,
219840.0,
219860.0,
219880.0,
219900.0,
219920.0,
219940.0,
219960.0,
219980.0,
220000.0,
220020.0,
220040.0,
220060.0,
220080.0,
220100.0,1296.1712104128048
220120.0,1241.7356404771585
220140.0,1162.5232106600274
220160.0,1095.958441074398
220180.0,1046.7990588434045
220200.0,1015.723378161565
220220.0,1000.2051745276251
220240.0,995.8548740824654
220260.0,997.7342041959862
220280.0,1001.3626484984073
220300.0,1003.3244709788978
220320.0,1001.5109463973935
220340.0,995.0708285281611
220360.0,984.1612813076754
220380.0,969.6007237936392
220400.0,952.5236576654834
220420.0,934.1032677333642
220440.0,915.3562088856941
220460.0,897.0373512995659
220480.0,879.6259438921791
220500.0,863.3793180671248
220520.0,848.4232363382558
220540.0,834.8520393916895
220560.0,822.8038188819722
220580.0,812.4856794709833
220600.0,804.1396216705928
220620.0,797.9379567696777
220640.0,793.810302408345
220660.0,791.2457184014304
220680.0,789.1368349045446
220700.0,785.7244605195998
220720.0,778.7128687383091
220740.0,765.6151813806216
220760.0,744.3321430654498
220780.0,713.8931738729203
220800.0,675.1751147166867
220820.0,638.0397372078667
220840.0,
220860.0,
220880.0,
220900.0,
220920.0,
220940.0,
220960.0,
220980.0,
221000.0,
221020.0,
221040.0,
221060.0,
221080.0,
221100.0,
221120.0,
221140.0,
221160.0,
221180.0,
221200.0,
221220.0,
221240.0,
221260.0,
221280.0,
221300.0,
221320.0,
221340.0,
221360.0,
221380.0,
221400.0,
221420.0,
221440.0,
221460.0,
221480.0,
221500.0,
221520.0,
221540.0,
221560.0,
221580.0,
221600.0,
221620.0,
221640.0,
221660.0,
221680.0,
221700.0,
221720.0,
221740.0,
221760.0,
221780.0,
221800.0,
221820.0,
221840.0,
221860.0,
221880.0,
221900.0,
221920.0,
221940.0,
221960.0,
221980.0,
222000.0,
222020.0,
222040.0,
222060.0,
222080.0,
222100.0,
222120.0,
222140.0,
222160.0,
222180.0,
222200.0,
222220.0,
222240.0,
222260.0,
222280.0,
222300.0,
222320.0,
222340.0,
222360.0,
222380.0,
222400.0,
222420.0,
222440.0,
222460.0,
222480.0,
222500.0,
222520.0,
222540.0,
222560.0,
222580.0,
222600.0,
222620.0,
222640.0,
222660.0,
222680.0,
222700.0,
222720.0,
222740.0,
222760.0,
222780.0,
222800.0,
222820.0,
222840.0,
222860.0,
222880.0,
222900.0,
222920.0,
222940.0,
222960.0,
222980.0,
223000.0,
223020.0,
223040.0,
223060.0,
223080.0,
223100.0,
223120.0,
223140.0,
223160.0,
223180.0,
223200.0,
223220.0,
223240.0,
223260.0,
223280.0,
223300.0,
223320.0,
223340.0,
223360.0,
223380.0,
223400.0,
223420.0,
223440.0,
223460.0,
223480.0,
223500.0,
223520.0,
223540.0,
223560.0,
223580.0,
223600.0,
223620.0,
223640.0,
223660.0,
223680.0,
223700.0,
223720.0,
223740.0,
223760.0,
223780.0,
223800.0,
223820.0,
223840.0,
223860.0,
223880.0,
223900.0,
223920.0,
223940.0,
223960.0,
223980.0,
224000.0,
224020.0,
224040.0,
224060.0,
224080.0,
224100.0,
224120.0,
224140.0,
224160.0,
224180.0,
224200.0,
224220.0,
224240.0,
224260.0,
224280.0,
224300.0,
224320.0,
224340.0,
224360.0,
224380.0,
224400.0,
224420.0,
224440.0,
224460.0,
224480.0,
224500.0,
224520.0,
224540.0,
224560.0,
224580.0,
224600.0,
224620.0,
224640.0,
224660.0,
224680.0,
224700.0,
224720.0,
224740.0,
224760.0,
224780.0,
224800.0,
224820.0,
224840.0,
224860.0,
224880.0,
224900.0,
224920.0,
224940.0,
224960.0,
224980.0,
225000.0,
225020.0,
225040.0,
225060.0,
225080.0,
225100.0,
225120.0,
225140.0,
225160.0,
225180.0,
225200.0,
225220.0,
225240.0,
225260.0,
225280.0,
225300.0,
225320.0,
225340.0,
225360.0,
225380.0,
225400.0,
225420.0,
225440.0,
225460.0,
225480.0,
225500.0,
225520.0,
225540.0,
225560.0,
225580.0,
225600.0,
225620.0,
225640.0,
225660.0,
225680.0,
225700.0,
225720.0,
225740.0,
225760.0,
225780.0,
225800.0,
225820.0,
225840.0,
225860.0,
225880.0,
225900.0,
225920.0,
225940.0,
225960.0,
225980.0,
226000.0,
226020.0,
226040.0,
226060.0,
226080.0,
226100.0,
226120.0,
226140.0,
226160.0,
226180.0,
226200.0,
226220.0,
226240.0,
226260.0,
226280.0,
226300.0,
226320.0,
226340.0,
226360.0,
226380.0,
226400.0,
226420.0,
226440.0,
226460.0,
226480.0,
226500.0,
226520.0,
226540.0,
226560.0,
226580.0,
226600.0,
226620.0,
226640.0,913.7654675198572
226660.0,918.5668129952177
226680.0,918.7017560701591
226700.0,914.7796613805282
226720.0,909.5588930637343
226740.0,905.4169096352773
226760.0,903.8557827882147
226780.0,905.3857907226211
226800.0,909.6391798243424
226820.0,915.590522744722
226840.0,921.8108361976316
226860.0,926.7295842139531
226880.0,928.8966092658969
226900.0,927.240494632961
226920.0,921.2985401546952
226940.0,911.3958174763208
226960.0,898.7298592907988
226980.0,885.0472449336505
227000.0,871.9784769572634
227020.0,860.620600851297
227040.0,851.4437837893372
227060.0,844.3932950357755
227080.0,839.0756026348556
227100.0,834.950374161556
227120.0,831.4831147845696
227140.0,828.2405498766202
227160.0,824.9301330570473
227180.0,821.3960952077596
227200.0,817.5886518891145
227220.0,813.5224500842282
227240.0,809.2371586293185
227260.0,804.768956894379
227280.0,800.1376020323061
227300.0,795.3502047912575
227320.0,790.4198247606869
227340.0,785.3943111414367
227360.0,780.3883210885482
227380.0,775.6092822689749
227400.0,771.3668041157678
227420.0,768.0557371579434
227440.0,766.1071619300376
227460.0,765.9106003927557
227480.0,767.7257053933711
227500.0,771.6166666931761
227520.0,777.4280009235066
227540.0,784.7835678592417
227560.0,793.1021358323121
227580.0,801.6447185255283
227600.0,809.5908606919767
227620.0,816.1339325798174
227640.0,820.5803861132911
227660.0,822.4359118790933
227680.0,821.4742569616008
227700.0,817.769064377711
227720.0,811.6646540504732
227740.0,803.7030331703152
227760.0,794.5304441259034
227780.0,784.80631129163
227800.0,775.1405157484895
227820.0,766.0627420845301
227840.0,758.0209923675235
227860.0,751.4034702349907
227880.0,746.5542178238527
227900.0,743.7607871557057
227920.0,743.2064721635741
227940.0,744.8779797939562
227960.0,748.4273343144564
227980.0,753.0200487538775
228000.0,757.2263298550016
228020.0,759.018988946157
228040.0,755.9459007523451
228060.0,745.5245158452583
228080.0,725.8611192981782
228100.0,696.4064295311658
228120.0,658.620994854258
228140.0,629.1500181750284
228160.0,
228180.0,
228200.0,
228220.0,
228240.0,
228260.0,
228280.0,
228300.0,
228320.0,
228340.0,
228360.0,
228380.0,
228400.0,
228420.0,
228440.0,
228460.0,
228480.0,
228500.0,
228520.0,
228540.0,
228560.0,
228580.0,
228600.0,
228620.0,
228640.0,
228660.0,
228680.0,
228700.0,
228720.0,
228740.0,
228760.0,
228780.0,
228800.0,
228820.0,
228840.0,
228860.0,
228880.0,
228900.0,
228920.0,
228940.0,
228960.0,
228980.0,
229000.0,
229020.0,
229040.0,
229060.0,
229080.0,
229100.0,
229120.0,
229140.0,
229160.0,
229180.0,
229200.0,
229220.0,
229240.0,
229260.0,
229280.0,
229300.0,
229320.0,
229340.0,
229360.0,
229380.0,
229400.0,
229420.0,
229440.0,
229460.0,
229480.0,
229500.0,
229520.0,
229540.0,
229560.0,
229580.0,
229600.0,
229620.0,
229640.0,
229660.0,
229680.0,
229700.0,
229720.0,
229740.0,
229760.0,
229780.0,
229800.0,
229820.0,
229840.0,
229860.0,
229880.0,
229900.0,
229920.0,
229940.0,
229960.0,
229980.0,
230000.0,
230020.0,
230040.0,
230060.0,
230080.0,
230100.0,
230120.0,
230140.0,
230160.0,
230180.0,
230200.0,
230220.0,
230240.0,
230260.0,
230280.0,
230300.0,
230320.0,
230340.0,
230360.0,
230380.0,
230400.0,
230420.0,
230440.0,
230460.0,
230480.0,
230500.0,
230520.0,
230540.0,
230560.0,
230580.0,
230600.0,
230620.0,
230640.0,
230660.0,
230680.0,
230700.0,
230720.0,
230740.0,
230760.0,
230780.0,
230800.0,
230820.0,
230840.0,
230860.0,
230880.0,
230900.0,
230920.0,
230940.0,
230960.0,
230980.0,
231000.0,
231020.0,
231040.0,
231060.0,
231080.0,
231100.0,
231120.0,
231140.0,
231160.0,
231180.0,
231200.0,
231220.0,
231240.0,
231260.0,
231280.0,
231300.0,
231320.0,
231340.0,
231360.0,
231380.0,
231400.0,
231420.0,
231440.0,
231460.0,
231480.0,
231500.0,
231520.0,
231540.0,
231560.0,
231580.0,
231600.0,
231620.0,
231640.0,
231660.0,
231680.0,
231700.0,
231720.0,
231740.0,
231760.0,
231780.0,
231800.0,
231820.0,
231840.0,
231860.0,
231880.0,
231900.0,
231920.0,
231940.0,
231960.0,
231980.0,
232000.0,
232020.0,
232040.0,
232060.0,
232080.0,
232100.0,
232120.0,
232140.0,
232160.0,
232180.0,
232200.0,
232220.0,
232240.0,
232260.0,
232280.0,
232300.0,
232320.0,
232340.0,
232360.0,
232380.0,
232400.0,
232420.0,
232440.0,
232460.0,
232480.0,
232500.0,
232520.0,
232540.0,
232560.0,
232580.0,
232600.0,784.7980627304559
232620.0,823.9907593738537
232640.0,852.0597850437649
232660.0,868.9726183571307
232680.0,876.7484707564709
232700.0,878.2829293391344
232720.0,876.4089139223482
232740.0,873.3120601060766
232760.0,870.2979171740253
232780.0,867.8473213778709
232800.0,865.8624283764642
232820.0,863.9791424482753
232840.0,861.8180889444363
232860.0,859.1187739066434
232880.0,855.7768044923257
232900.0,851.8227726604935
232920.0,847.3752023212134
232940.0,842.5901556214392
232960.0,837.6205709649364
232980.0,832.5905908315792
233000.0,827.5846766314884
233020.0,822.6482111761443
233040.0,817.7951522593149
233060.0,813.0185296128295
233080.0,808.3005700944541
233100.0,803.6204967259927
233120.0,798.9592367995295
233140.0,794.3012088409927
233160.0,789.6339766608426
233180.0,784.9468766173109
233200.0,780.2297892138048
233220.0,775.4730848268563
233240.0,770.669454913311
233260.0,765.8178580509032
233280.0,760.9291802311095
233300.0,756.0324770470625
233320.0,751.1799399666965
233340.0,746.4482046671201
233360.0,741.9335845340383
233380.0,737.7396254712501
233400.0,733.9574089927089
233420.0,730.6425647031344
233440.0,727.7978338635764
233460.0,725.372007825817
233480.0,723.2760053370041
233500.0,721.4057169546817
233520.0,719.662345259799
233540.0,717.9658740735736
233560.0,716.2609639467394
233580.0,714.5166970956191
233600.0,712.7224531074075
233620.0,710.8821604494422
233640.0,709.0086165606218
233660.0,707.1188221061558
233680.0,705.2305679729864
233700.0,703.3599940769172
233720.0,701.5195800065501
233740.0,699.7160456702131
233760.0,697.9479105577785
233780.0,696.2029235351856
233800.0,694.4561369007738
233820.0,692.6699258640249
233840.0,690.797576446273
233860.0,688.791984061794
233880.0,686.6203316661209
233900.0,684.2842245155995
233920.0,681.8426663779718
233940.0,679.4327223715503
233960.0,677.2802937295313
233980.0,675.6920467769244
234000.0,675.0204120233
234020.0,675.5980567208802
234040.0,677.6475295642767
234060.0,681.1863945781541
234080.0,685.9643924479265
234100.0,691.4695894635927
234120.0,697.01081015305
234140.0,701.8441031332148
234160.0,705.3013098471779
234180.0,706.8971074050893
234200.0,706.4023110922784
234220.0,703.8737765569042
234240.0,699.6393063544116
234260.0,694.237310088364
234280.0,688.3226663368432
234300.0,682.5609421157312
234320.0,677.5353522275205
234340.0,673.6845832574185
234360.0,671.2705591175243
234380.0,670.3650482614547
234400.0,670.8601691402894
234420.0,672.5108080779441
234440.0,675.0005829056357
234460.0,678.0090530664307
234480.0,681.2619729605448
234500.0,684.5580617264814
234520.0,687.7742799290664
234540.0,690.8558487304911
234560.0,693.7982642436853
234580.0,696.6275497956319
234600.0,699.3830210443815
234620.0,702.1047176805315
234640.0,704.8258838461263
234660.0,707.5696910449467
234680.0,710.3488245073859
234700.0,713.1665043490248
234720.0,716.0178355389496
234740.0,718.8909122766893
234760.0,721.7676914380263
234780.0,724.6251643075508
234800.0,727.4376817723161
234820.0,730.181327666005
234840.0,732.8409125896058
234860.0,735.419442037092
234880.0,737.9488366956485
234900.0,740.4994003351483
234920.0,743.1843405619389
234940.0,746.1550115296538
234960.0,749.5830648872306
234980.0,753.6280205588616
235000.0,758.393464695607
235020.0,763.8822080060197
235040.0,769.9655050696799
235060.0,776.3769605403847
235080.0,782.7390480423994
235100.0,788.6149217468799
235120.0,793.5709209100431
235140.0,797.241507738401
235160.0,799.3891578208413
235180.0,799.942980276647
235200.0,799.0033077875617
235220.0,796.8132815122481
235240.0,793.7037387097961
235260.0,790.0063304686902
235280.0,785.9325077311997
235300.0,781.4617625102447
235320.0,776.2908407411227
235340.0,769.8806510184384
235360.0,761.6189305243618
235380.0,751.0757229419092
235400.0,738.295849022955
235420.0,724.0211297973316
235440.0,
235460.0,
235480.0,
235500.0,
235520.0,
235540.0,
235560.0,
235580.0,
235600.0,
235620.0,
235640.0,
235660.0,
235680.0,
235700.0,
235720.0,
235740.0,
235760.0,
235780.0,
235800.0,
235820.0,
235840.0,
235860.0,
235880.0,
235900.0,
235920.0,
235940.0,
235960.0,
235980.0,
236000.0,
236020.0,
236040.0,
236060.0,
236080.0,
236100.0,
236120.0,
236140.0,
236160.0,
236180.0,
236200.0,
236220.0,
236240.0,
236260.0,
236280.0,
236300.0,
236320.0,
236340.0,
236360.0,
236380.0,
236400.0,
236420.0,
236440.0,
236460.0,
236480.0,
236500.0,
236520.0,
236540.0,
236560.0,
236580.0,
236600.0,
236620.0,
236640.0,
236660.0,
236680.0,
236700.0,
236720.0,
236740.0,
236760.0,
236780.0,
236800.0,
236820.0,
236840.0,
236860.0,
236880.0,
236900.0,
236920.0,
236940.0,
236960.0,
236980.0,
237000.0,
237020.0,
237040.0,
237060.0,
237080.0,
237100.0,
237120.0,
237140.0,
237160.0,
237180.0,
237200.0,
237220.0,
237240.0,
237260.0,
237280.0,
237300.0,
237320.0,
237340.0,
237360.0,
237380.0,
237400.0,
237420.0,
237440.0,
237460.0,
237480.0,
237500.0,
237520.0,
237540.0,
237560.0,
237580.0,
237600.0,
237620.0,
237640.0,
237660.0,
237680.0,
237700.0,
237720.0,
237740.0,
237760.0,
237780.0,
237800.0,
237820.0,
237840.0,
237860.0,
237880.0,
237900.0,
237920.0,
237940.0,
237960.0,
237980.0,
238000.0,
238020.0,
238040.0,
238060.0,
238080.0,
238100.0,
238120.0,
238140.0,
238160.0,
238180.0,
238200.0,
238220.0,
238240.0,
238260.0,
238280.0,
238300.0,
238320.0,
238340.0,
238360.0,
238380.0,
238400.0,
238420.0,
238440.0,
238460.0,
238480.0,
238500.0,
238520.0,
238540.0,
238560.0,
238580.0,
238600.0,
238620.0,
238640.0,
238660.0,
238680.0,
238700.0,
238720.0,
238740.0,
238760.0,
238780.0,
238800.0,
238820.0,
238840.0,
238860.0,
238880.0,
238900.0,
238920.0,
238940.0,
238960.0,
238980.0,
239000.0,
239020.0,
239040.0,
239060.0,
239080.0,
239100.0,
239120.0,
239140.0,
239160.0,
239180.0,
239200.0,
239220.0,
239240.0,
239260.0,
239280.0,
239300.0,
239320.0,
239340.0,
239360.0,
239380.0,
239400.0,
239420.0,
239440.0,
239460.0,
239480.0,
239500.0,
239520.0,
239540.0,
239560.0,
239580.0,
239600.0,
239620.0,
239640.0,
239660.0,
239680.0,
239700.0,
239720.0,
239740.0,
239760.0,
239780.0,
239800.0,
239820.0,
239840.0,
239860.0,
239880.0,
239900.0,
239920.0,
239940.0,
239960.0,
239980.0,
240000.0,
240020.0,
240040.0,
240060.0,
240080.0,
240100.0,
240120.0,
240140.0,
240160.0,
240180.0,
240200.0,
240220.0,
240240.0,
240260.0,
240280.0,
240300.0,
240320.0,
240340.0,
240360.0,
240380.0,
240400.0,
240420.0,
240440.0,
240460.0,
240480.0,
240500.0,
240520.0,
240540.0,
240560.0,
240580.0,
240600.0,
240620.0,
240640.0,
240660.0,
240680.0,
240700.0,
240720.0,
240740.0,
240760.0,
240780.0,
240800.0,
240820.0,
240840.0,
240860.0,
240880.0,
240900.0,
240920.0,1113.8544914125177
240940.0,1056.661184807601
240960.0,996.988059956275
240980.0,951.6001613354796
241000.0,923.1367851124076
241020.0,910.5206380775962
241040.0,910.0035919490572
241060.0,916.6000465461748
241080.0,925.5136365222921
241100.0,933.0331002642837
241120.0,936.8101880677362
241140.0,935.7308769099518
241160.0,929.611397517727
241180.0,918.9169302177955
241200.0,904.5354179313072
241220.0,887.5964255353026
241240.0,869.3123550816402
241260.0,850.830680811718
241280.0,833.1174488489181
241300.0,816.8901211741584
241320.0,802.5931347154703
241340.0,790.4085427697348
241360.0,780.2915216622698
241380.0,772.0285752034753
241400.0,765.310681757162
241420.0,759.8000793470962
241440.0,755.168446950829
241460.0,751.1156088618021
241480.0,747.3853013874144
241500.0,743.7854498064944
241520.0,740.205132238736
241540.0,736.6188489685969
241560.0,733.0710759230942
241580.0,729.6489668515467
241600.0,726.4600355194664
241620.0,723.6182043247655
241640.0,721.2344626485899
241660.0,719.4029847657823
241680.0,718.1833436994868
241700.0,717.5942278788079
241720.0,717.6201128723089
241740.0,718.2232983446072
241760.0,719.3644390995772
241780.0,721.0341314829192
241800.0,723.2803846816976
241820.0,726.223174072403
241840.0,730.05355987732
241860.0,735.0092899627551
241880.0,741.3077203936488
241900.0,749.0224726169541
241920.0,757.9145842593775
241940.0,767.2505768517593
241960.0,775.6659494868826
241980.0,781.1452869135188
242000.0,781.1802518428656
242020.0,773.1554347480867
242040.0,754.9684198971563
242060.0,725.798310845368
242080.0,686.8127179283741
242100.0,643.8158829278738
242120.0,
242140.0,
242160.0,
242180.0,
242200.0,
242220.0,
242240.0,
242260.0,
242280.0,
242300.0,
242320.0,
242340.0,
242360.0,
242380.0,
242400.0,
242420.0,
242440.0,
242460.0,
242480.0,
242500.0,
242520.0,
242540.0,
242560.0,
242580.0,
242600.0,
242620.0,
242640.0,
242660.0,
242680.0,
242700.0,
242720.0,
242740.0,
242760.0,
242780.0,
242800.0,
242820.0,
242840.0,
242860.0,
242880.0,
242900.0,
242920.0,
242940.0,
242960.0,
242980.0,
243000.0,
243020.0,
243040.0,
243060.0,
243080.0,
243100.0,
243120.0,
243140.0,
243160.0,
243180.0,
243200.0,
243220.0,
243240.0,
243260.0,742.2163128458726
243280.0,773.6593325095348
243300.0,801.4041889027646
243320.0,821.6867139442617
243340.0,834.1838274023461
243360.0,839.8757090473451
243380.0,840.47423233185
243400.0,837.881910742923
243420.0,833.7954441648023
243440.0,829.4865022247617
243460.0,825.7400286642217
243480.0,822.9044935672935
243500.0,821.0029394927166
243520.0,819.8609628478292
243540.0,819.2211456808873
243560.0,818.8277215744276
243580.0,818.4771800903447
243600.0,818.038625762979
243620.0,817.4518975621161
243640.0,816.7124430421343
243660.0,815.8508093367883
243680.0,814.912448385611
243700.0,813.9412118669609
243720.0,812.9680000668734
243740.0,812.0047839544392
243760.0,811.0436362591693
243780.0,810.0602982330631
243800.0,809.0218889357706
243820.0,807.8983306434002
243840.0,806.676670654102
243860.0,805.3766023453948
243880.0,804.0641838979105
243900.0,802.8593029502761
243920.0,801.9313591815654
243940.0,801.4776572993976
243960.0,801.6809409632771
243980.0,802.6470824892683
244000.0,804.3315392034941
244020.0,806.4734813960007
244040.0,808.5683130478172
244060.0,809.9153944748292
244080.0,809.7471091731156
244100.0,807.397082651814
244120.0,802.4553012377534
244140.0,794.8656023280997
244160.0,784.937405688727
244180.0,773.2738950777372
244200.0,760.6453971683393
244220.0,747.8429889169322
244240.0,735.552813781791
244260.0,724.2809058784878
244280.0,714.3343177470364
244300.0,705.8410961812497
244320.0,698.7865979199476
244340.0,693.0615148839665
244360.0,688.5133185270213
244380.0,684.9846871022908
244400.0,682.3389530649731
244420.0,680.4768056913624
244440.0,679.3419801542966
244460.0,678.9184738284831
244480.0,679.2270724575816
244500.0,680.3204469176583
244520.0,682.2746483867411
244540.0,685.1802988359268
244560.0,689.1345306890719
244580.0,694.2240508244996
244600.0,700.485518260123
244620.0,707.8463188844755
244640.0,716.0560112592063
244660.0,724.6287657647181
244680.0,732.832573064577
244700.0,739.7483607353266
244720.0,744.4027516423956
244740.0,745.9740066298527
244760.0,744.0478328804122
244780.0,738.8584746502349
244800.0,732.2318705592402
244820.0,
244840.0,
244860.0,
244880.0,
244900.0,
244920.0,
244940.0,
244960.0,
244980.0,
245000.0,
245020.0,
245040.0,
245060.0,
245080.0,
245100.0,
245120.0,
245140.0,
245160.0,
245180.0,
245200.0,
245220.0,
245240.0,
245260.0,
245280.0,
245300.0,
245320.0,
245340.0,
245360.0,
245380.0,
245400.0,
245420.0,
245440.0,
245460.0,
245480.0,
245500.0,
245520.0,
245540.0,
245560.0,
245580.0,
245600.0,
245620.0,
245640.0,
245660.0,
245680.0,
245700.0,
245720.0,
245740.0,
245760.0,
245780.0,
245800.0,
245820.0,
245840.0,
245860.0,
245880.0,
245900.0,
245920.0,
245940.0,
245960.0,
245980.0,
246000.0,
246020.0,
246040.0,
246060.0,
246080.0,
246100.0,
246120.0,
246140.0,
246160.0,
246180.0,
246200.0,
246220.0,
246240.0,
246260.0,
246280.0,
246300.0,1048.963561198674
246320.0,1004.348168719482
246340.0,956.9778407085048
246360.0,930.3486296369886
246380.0,933.3438498096142
246400.0,968.810725753921
246420.0,1032.7848341704077
246440.0,1115.5909511295963
246460.0,1204.801550624284
246480.0,1288.1855777272897
246500.0,1354.92652931643
246520.0,1396.4990095906646
246540.0,1407.5730742567216
246560.0,1386.3028999562816
246580.0,1334.6572851423455
246600.0,1258.380397456689
246620.0,1166.0862459695877
246640.0,1067.877268073585
246660.0,1005.404203231909
246680.0,
246700.0,
246720.0,
246740.0,
246760.0,
246780.0,
246800.0,
246820.0,
246840.0,
246860.0,
246880.0,
246900.0,
246920.0,
246940.0,
246960.0,
246980.0,
247000.0,
247020.0,
247040.0,
247060.0,
247080.0,
247100.0,
247120.0,
247140.0,
247160.0,
247180.0,
247200.0,
247220.0,
247240.0,
247260.0,
247280.0,
247300.0,
247320.0,
247340.0,
247360.0,
247380.0,
247400.0,
247420.0,
247440.0,
247460.0,
247480.0,
247500.0,
247520.0,
247540.0,
247560.0,
247580.0,
247600.0,
247620.0,
247640.0,
247660.0,
247680.0,
247700.0,
247720.0,
247740.0,
247760.0,
247780.0,
247800.0,
247820.0,
247840.0,
247860.0,
247880.0,
247900.0,
247920.0,
247940.0,
247960.0,
247980.0,
248000.0,
248020.0,
248040.0,
248060.0,
248080.0,
248100.0,
248120.0,
248140.0,
248160.0,
248180.0,
248200.0,
248220.0,
248240.0,
248260.0,
248280.0,
248300.0,
248320.0,
248340.0,
248360.0,
248380.0,
248400.0,
248420.0,
248440.0,
248460.0,
248480.0,
248500.0,
248520.0,
248540.0,
248560.0,
248580.0,
248600.0,
248620.0,
248640.0,
248660.0,
248680.0,
248700.0,
248720.0,
248740.0,
248760.0,
248780.0,
248800.0,
248820.0,
248840.0,
248860.0,793.2377466024894
248880.0,788.8568032669561
248900.0,785.7847565781984
248920.0,784.6101403547601
248940.0,785.5064546406178
248960.0,788.2299117198852
248980.0,792.2125091352555
249000.0,796.7112030533816
249020.0,800.9828526574972
249040.0,804.4381982047169
249060.0,806.7349794091875
249080.0,807.7932348109147
249100.0,807.7445939486171
249120.0,806.8471371231103
249140.0,805.3998405724349
249160.0,803.6771102520637
249180.0,801.8904717822901
249200.0,800.1755071873099
249220.0,798.5974256284615
249240.0,797.167313238339
249260.0,795.8619764565194
249280.0,794.6422815488639
249300.0,793.4671412759616
249320.0,792.3022484919823
249340.0,791.1240307333615
249360.0,789.9200466206305
249380.0,788.6872540721636
249400.0,787.429410657051
249420.0,786.1544888716305
249440.0,784.8725518773763
249460.0,783.5941480967549
249480.0,782.3290159372211
249500.0,781.0847786637362
249520.0,779.8653631636695
249540.0,778.6690819306971
249560.0,777.4866397711075
249580.0,776.2997044711697
249600.0,775.0810230319628
249620.0,773.7972515900019
249640.0,772.415558242592
249660.0,770.9145207781764
249680.0,769.2987928638363
249700.0,767.6154783654426
249720.0,765.9683337273887
249740.0,764.52424060379
249760.0,763.5055315823266
249780.0,763.1625938450395
249800.0,763.7246802940111
249820.0,765.3338398574203
249840.0,767.9777025647112
249860.0,771.4508668320026
249880.0,775.3828787020145
249900.0,779.3394057175879
249920.0,782.9445286790208
249940.0,
249960.0,
249980.0,
250000.0,
250020.0,
250040.0,
250060.0,
250080.0,
250100.0,
250120.0,
250140.0,
250160.0,
250180.0,
250200.0,
250220.0,
250240.0,
250260.0,
250280.0,
250300.0,
250320.0,
250340.0,
250360.0,
250380.0,
250400.0,
250420.0,
250440.0,
250460.0,
250480.0,
250500.0,
250520.0,
250540.0,
250560.0,
250580.0,
250600.0,
250620.0,
250640.0,
250660.0,
250680.0,
250700.0,
250720.0,
250740.0,
250760.0,
250780.0,
250800.0,
250820.0,
250840.0,
250860.0,
250880.0,
250900.0,
250920.0,
250940.0,
250960.0,
250980.0,
251000.0,
251020.0,
251040.0,
251060.0,
251080.0,
251100.0,
251120.0,
251140.0,
251160.0,
251180.0,
251200.0,
251220.0,
251240.0,
251260.0,
251280.0,
251300.0,
251320.0,
251340.0,
251360.0,
251380.0,
251400.0,
251420.0,
251440.0,
251460.0,
251480.0,
251500.0,
251520.0,
251540.0,
251560.0,
251580.0,
251600.0,
251620.0,
251640.0,
251660.0,
251680.0,
251700.0,886.4641558292251
251720.0,875.8000032500589
251740.0,864.2926334590313
251760.0,853.644866719321
251780.0,844.8597287634675
251800.0,838.245508624799
251820.0,833.8538930317161
251840.0,832.092550196266
251860.0,834.2946853310332
251880.0,842.8573329274392
251900.0,860.7841489382503
251920.0,890.8098592261933
251940.0,934.2450297133907
251960.0,989.8192528012921
251980.0,1046.546908645552
252000.0,
252020.0,
252040.0,
252060.0,
252080.0,
252100.0,
252120.0,
252140.0,
252160.0,
252180.0,
252200.0,
252220.0,
252240.0,
252260.0,
252280.0,
252300.0,
252320.0,
252340.0,
252360.0,
252380.0,
252400.0,
252420.0,
252440.0,
252460.0,
252480.0,
252500.0,
252520.0,
252540.0,
252560.0,
252580.0,
252600.0,
252620.0,
252640.0,
252660.0,
252680.0,
252700.0,
252720.0,
252740.0,
252760.0,
252780.0,
252800.0,
252820.0,
252840.0,
252860.0,
252880.0,
252900.0,
252920.0,
252940.0,
252960.0,
252980.0,
253000.0,
253020.0,
253040.0,
253060.0,
253080.0,
253100.0,
253120.0,
253140.0,
253160.0,
253180.0,
253200.0,
253220.0,
253240.0,
253260.0,
253280.0,
253300.0,
253320.0,
253340.0,
253360.0,
253380.0,
253400.0,
253420.0,
253440.0,
253460.0,
253480.0,
253500.0,
253520.0,
253540.0,
253560.0,
253580.0,
253600.0,
253620.0,
253640.0,
253660.0,
253680.0,
253700.0,
253720.0,
253740.0,
253760.0,
253780.0,
253800.0,
253820.0,
253840.0,
253860.0,
253880.0,
253900.0,
253920.0,
253940.0,
253960.0,
253980.0,
254000.0,
254020.0,
254040.0,
254060.0,
254080.0,
254100.0,
254120.0,
254140.0,
254160.0,
254180.0,
254200.0,
254220.0,
254240.0,
254260.0,
254280.0,
254300.0,
254320.0,
254340.0,
254360.0,
254380.0,
254400.0,
254420.0,
254440.0,
254460.0,
254480.0,
254500.0,
254520.0,
254540.0,
254560.0,
254580.0,
254600.0,
254620.0,
254640.0,
254660.0,
254680.0,
254700.0,
254720.0,
254740.0,
254760.0,
254780.0,
254800.0,
254820.0,
254840.0,
254860.0,
254880.0,
254900.0,
254920.0,
254940.0,
254960.0,
254980.0,
255000.0,
255020.0,
255040.0,
255060.0,
255080.0,
255100.0,
255120.0,
255140.0,
255160.0,
255180.0,
255200.0,
255220.0,
255240.0,
255260.0,
255280.0,
255300.0,
255320.0,
255340.0,
255360.0,
255380.0,
255400.0,
255420.0,
255440.0,
255460.0,
255480.0,
255500.0,
255520.0,
255540.0,
255560.0,
255580.0,
255600.0,
255620.0,
255640.0,
255660.0,
255680.0,
255700.0,
255720.0,
255740.0,
255760.0,
255780.0,
255800.0,
255820.0,
255840.0,
255860.0,
255880.0,
255900.0,
255920.0,
255940.0,
255960.0,
255980.0,
256000.0,
256020.0,
256040.0,
256060.0,
256080.0,
256100.0,
256120.0,
256140.0,
256160.0,
256180.0,
256200.0,
256220.0,
256240.0,
256260.0,
256280.0,
256300.0,
256320.0,
256340.0,
256360.0,
256380.0,
256400.0,
256420.0,
256440.0,
256460.0,
256480.0,
256500.0,
256520.0,
256540.0,
256560.0,
256580.0,
256600.0,
256620.0,
256640.0,
256660.0,
256680.0,
256700.0,
256720.0,
256740.0,
256760.0,
256780.0,
256800.0,
256820.0,
256840.0,
256860.0,
256880.0,
256900.0,
256920.0,
256940.0,
256960.0,
256980.0,
257000.0,
257020.0,
257040.0,
257060.0,
257080.0,
257100.0,
257120.0,
257140.0,
257160.0,
257180.0,
257200.0,
257220.0,
257240.0,
257260.0,
257280.0,
257300.0,
257320.0,
257340.0,
257360.0,
257380.0,
257400.0,
257420.0,
257440.0,
257460.0,
257480.0,
257500.0,
257520.0,
257540.0,
257560.0,
257580.0,
257600.0,
257620.0,
257640.0,
257660.0,
257680.0,
257700.0,
257720.0,
257740.0,
257760.0,
257780.0,
257800.0,
257820.0,
257840.0,
257860.0,
257880.0,
257900.0,
257920.0,
257940.0,
257960.0,
257980.0,
258000.0,
258020.0,
258040.0,
258060.0,
258080.0,
258100.0,
258120.0,
258140.0,
258160.0,
258180.0,
258200.0,
258220.0,
258240.0,
258260.0,
258280.0,
258300.0,
258320.0,
258340.0,
258360.0,
258380.0,
258400.0,
258420.0,
258440.0,
258460.0,
258480.0,
258500.0,
258520.0,
258540.0,
258560.0,
258580.0,
258600.0,
258620.0,
258640.0,
258660.0,
258680.0,
258700.0,
258720.0,
258740.0,
258760.0,
258780.0,
258800.0,
258820.0,
258840.0,
258860.0,
258880.0,
258900.0,
258920.0,
258940.0,
258960.0,
258980.0,
259000.0,
259020.0,
259040.0,
259060.0,
259080.0,
259100.0,
259120.0,
259140.0,
259160.0,
259180.0,
259200.0,
259220.0,
259240.0,
259260.0,
259280.0,
259300.0,
259320.0,
259340.0,
259360.0,
259380.0,
259400.0,
259420.0,
259440.0,
259460.0,
259480.0,
259500.0,
259520.0,
259540.0,
259560.0,
259580.0,
259600.0,
259620.0,
259640.0,
259660.0,
259680.0,
259700.0,
259720.0,
259740.0,
259760.0,
259780.0,
259800.0,
259820.0,
259840.0,
259860.0,
259880.0,
259900.0,
259920.0,
259940.0,
259960.0,
259980.0,
260000.0,
260020.0,
260040.0,
260060.0,
260080.0,
260100.0,
260120.0,
260140.0,
260160.0,
260180.0,
260200.0,
260220.0,
260240.0,
260260.0,
260280.0,
260300.0,
260320.0,
260340.0,
260360.0,
260380.0,
260400.0,
260420.0,
260440.0,
260460.0,
260480.0,
260500.0,
260520.0,
260540.0,
260560.0,
260580.0,
260600.0,
260620.0,
260640.0,
260660.0,
260680.0,
260700.0,
260720.0,
260740.0,
260760.0,
260780.0,
260800.0,
260820.0,
260840.0,
260860.0,
260880.0,
260900.0,
260920.0,
260940.0,
260960.0,
260980.0,
261000.0,
261020.0,
261040.0,
261060.0,
261080.0,
261100.0,
261120.0,
261140.0,
261160.0,
261180.0,
261200.0,
261220.0,1066.6961812211362
261240.0,1015.7472200473255
261260.0,970.1097798432551
261280.0,935.3804388480066
261300.0,911.4312589680092
261320.0,896.1535442660527
261340.0,886.5577650264759
261360.0,879.7028850296014
261380.0,873.2885408608727
261400.0,865.891402779067
261420.0,856.9267045222917
261440.0,846.4585412666993
261460.0,834.9620193981498
261480.0,823.0964185728113
261500.0,811.5248951509691
261520.0,800.8007253118878
261540.0,791.3155872689074
261560.0,783.2916127409314
261580.0,776.8070512520462
261600.0,771.838388431712
261620.0,768.2956197542686
261640.0,766.0392857857555
261660.0,764.8888811768829
261680.0,764.6323086134146
261700.0,765.0377828547914
261720.0,765.8767713101488
261740.0,766.9714651288841
261760.0,768.2635097193174
261780.0,769.8877290342316
261800.0,772.2370482583243
261820.0,775.9930339455445
261840.0,782.09525770989
261860.0,791.6118819859367
261880.0,805.4804933157427
261900.0,824.1350478962775
261920.0,847.0915453458929
261940.0,872.6252050958235
261960.0,897.7332371748525
261980.0,918.6289117256372
262000.0,929.762330480841
262020.0,
262040.0,
262060.0,
262080.0,
262100.0,
262120.0,
262140.0,
262160.0,
262180.0,
262200.0,
262220.0,
262240.0,
262260.0,
262280.0,
262300.0,
262320.0,
262340.0,
262360.0,
262380.0,
262400.0,
262420.0,
262440.0,
262460.0,
262480.0,
262500.0,
262520.0,
262540.0,
262560.0,
262580.0,
262600.0,
262620.0,
262640.0,
262660.0,
262680.0,
262700.0,
262720.0,
262740.0,
262760.0,
262780.0,
262800.0,
262820.0,
262840.0,
262860.0,
262880.0,
262900.0,
262920.0,
262940.0,
262960.0,
262980.0,
263000.0,
263020.0,
263040.0,
263060.0,
263080.0,
263100.0,
263120.0,
263140.0,
263160.0,
263180.0,
263200.0,
263220.0,
263240.0,
263260.0,
263280.0,
263300.0,
263320.0,
263340.0,
263360.0,
263380.0,
263400.0,
263420.0,
263440.0,
263460.0,
263480.0,
263500.0,
263520.0,
263540.0,
263560.0,
263580.0,
263600.0,
263620.0,
263640.0,
263660.0,
263680.0,
263700.0,
263720.0,
263740.0,
263760.0,
263780.0,
263800.0,
263820.0,
263840.0,
263860.0,
263880.0,
263900.0,
263920.0,
263940.0,
263960.0,
263980.0,
264000.0,
264020.0,
264040.0,
264060.0,
264080.0,
264100.0,
264120.0,
264140.0,
264160.0,
264180.0,
264200.0,
264220.0,
264240.0,
264260.0,
264280.0,
264300.0,
264320.0,
264340.0,
264360.0,
264380.0,
264400.0,
264420.0,
264440.0,
264460.0,
264480.0,
264500.0,
264520.0,
264540.0,
264560.0,
264580.0,
264600.0,
264620.0,
264640.0,
264660.0,
264680.0,
264700.0,
264720.0,
264740.0,
264760.0,
264780.0,
264800.0,
264820.0,
264840.0,
264860.0,
264880.0,
264900.0,
264920.0,
264940.0,
264960.0,
264980.0,
265000.0,
265020.0,
265040.0,
265060.0,
265080.0,
265100.0,
265120.0,
265140.0,
265160.0,
265180.0,
265200.0,
265220.0,
265240.0,
265260.0,
265280.0,
265300.0,
265320.0,
265340.0,
265360.0,
265380.0,
265400.0,
265420.0,
265440.0,
265460.0,
265480.0,
265500.0,
265520.0,
265540.0,
265560.0,
265580.0,
265600.0,
265620.0,
265640.0,
265660.0,
265680.0,
265700.0,
265720.0,
265740.0,
265760.0,
265780.0,
265800.0,
265820.0,
265840.0,
265860.0,
265880.0,
265900.0,
265920.0,
265940.0,
265960.0,
265980.0,
266000.0,
266020.0,
266040.0,
266060.0,
266080.0,
266100.0,
266120.0,
266140.0,
266160.0,
266180.0,
266200.0,
266220.0,
266240.0,
266260.0,
266280.0,
266300.0,
266320.0,
266340.0,
266360.0,
266380.0,
266400.0,
266420.0,
266440.0,
266460.0,
266480.0,
266500.0,
266520.0,
266540.0,
266560.0,
266580.0,
266600.0,
266620.0,
266640.0,
266660.0,
266680.0,
266700.0,
266720.0,
266740.0,
266760.0,
266780.0,
266800.0,
266820.0,
266840.0,
266860.0,
266880.0,
266900.0,
266920.0,
266940.0,
266960.0,
266980.0,
267000.0,
267020.0,
267040.0,
267060.0,
267080.0,
267100.0,
267120.0,
267140.0,
267160.0,
267180.0,
267200.0,
267220.0,
267240.0,
267260.0,
267280.0,
267300.0,
267320.0,
267340.0,
267360.0,
267380.0,
267400.0,
267420.0,
267440.0,
267460.0,
267480.0,
267500.0,
267520.0,
267540.0,
267560.0,
267580.0,
267600.0,
267620.0,
267640.0,
267660.0,
267680.0,
267700.0,
267720.0,
267740.0,
267760.0,
267780.0,
267800.0,
267820.0,
267840.0,
267860.0,
267880.0,
267900.0,
267920.0,
267940.0,
267960.0,
267980.0,
268000.0,
268020.0,
268040.0,
268060.0,
268080.0,
268100.0,
268120.0,
268140.0,
268160.0,
268180.0,
268200.0,
268220.0,
268240.0,
268260.0,
268280.0,
268300.0,
268320.0,
268340.0,
268360.0,
268380.0,
268400.0,
268420.0,
268440.0,
268460.0,
268480.0,
268500.0,
268520.0,
268540.0,
268560.0,
268580.0,
268600.0,
268620.0,
268640.0,
268660.0,
268680.0,
268700.0,
268720.0,
268740.0,
268760.0,
268780.0,
268800.0,
268820.0,
268840.0,
268860.0,
268880.0,
268900.0,
268920.0,
268940.0,
268960.0,
268980.0,
269000.0,
269020.0,
269040.0,
269060.0,
269080.0,
269100.0,
269120.0,
269140.0,
269160.0,
269180.0,
269200.0,
269220.0,
269240.0,
269260.0,
269280.0,
269300.0,
269320.0,
269340.0,
269360.0,
269380.0,
269400.0,858.1036925667119
269420.0,851.1091778275531
269440.0,842.7665079325956
269460.0,836.9844210713605
269480.0,834.8989152807004
269500.0,837.0046983572942
269520.0,843.1482558994405
269540.0,852.6061260747805
269560.0,864.1820601587355
269580.0,876.3047281566887
269600.0,887.1407037126112
269620.0,894.7627610520018
269640.0,897.4098602583033
269660.0,893.838027182527
269680.0,883.724661386335
269700.0,867.870520128502
269720.0,847.9030937761752
269740.0,825.7842378722468
269760.0,803.4035649712562
269780.0,782.3122602379635
269800.0,763.5952769966077
269820.0,747.8553986918325
269840.0,735.2630290586108
269860.0,725.6379901239754
269880.0,718.533838478079
269900.0,713.2975569592095
269920.0,709.1030506549941
269940.0,704.9926994807965
269960.0,699.9647471282877
269980.0,693.1295052190524
270000.0,683.9356318654334
270020.0,672.4118252665276
270040.0,660.6598615725151
270060.0,
270080.0,
270100.0,
270120.0,
270140.0,
270160.0,
270180.0,
270200.0,
270220.0,
270240.0,
270260.0,
270280.0,
270300.0,
270320.0,
270340.0,
270360.0,
270380.0,
270400.0,
270420.0,
270440.0,
270460.0,
270480.0,
270500.0,
270520.0,
270540.0,
270560.0,
270580.0,
270600.0,
270620.0,
270640.0,
270660.0,
270680.0,
270700.0,
270720.0,
270740.0,
270760.0,
270780.0,
270800.0,
270820.0,
270840.0,
270860.0,
270880.0,
270900.0,
270920.0,
270940.0,
270960.0,
270980.0,
271000.0,
271020.0,
271040.0,
271060.0,
271080.0,
271100.0,
271120.0,
271140.0,
271160.0,
271180.0,
271200.0,
271220.0,
271240.0,
271260.0,
271280.0,
271300.0,679.1957093469687
271320.0,692.2465027306978
271340.0,708.7901989727774
271360.0,724.4650431057564
271380.0,737.9506380847218
271400.0,747.6871532024282
271420.0,751.7886501272884
271440.0,748.1820062833692
271460.0,735.0269763335492
271480.0,711.3944411127711
271500.0,678.0425324596279
271520.0,640.0680362075097
271540.0,
271560.0,
271580.0,
271600.0,
271620.0,
271640.0,
271660.0,
271680.0,
271700.0,
271720.0,
271740.0,
271760.0,
271780.0,
271800.0,
271820.0,
271840.0,
271860.0,
271880.0,
271900.0,
271920.0,
271940.0,
271960.0,
271980.0,
272000.0,
272020.0,
272040.0,
272060.0,
272080.0,
272100.0,
272120.0,
272140.0,
272160.0,
272180.0,
272200.0,
272220.0,
272240.0,
272260.0,
272280.0,
272300.0,
272320.0,
272340.0,
272360.0,
272380.0,
272400.0,
272420.0,
272440.0,
272460.0,
272480.0,
272500.0,
272520.0,
272540.0,
272560.0,
272580.0,
272600.0,
272620.0,
272640.0,
272660.0,
272680.0,
272700.0,
272720.0,
272740.0,
272760.0,
272780.0,
272800.0,
272820.0,
272840.0,
272860.0,
272880.0,
272900.0,
272920.0,
272940.0,
272960.0,
272980.0,
273000.0,
273020.0,
273040.0,
273060.0,
273080.0,
273100.0,
273120.0,
273140.0,
273160.0,
273180.0,
273200.0,
273220.0,
273240.0,
273260.0,
273280.0,
273300.0,
273320.0,
273340.0,
273360.0,
273380.0,
273400.0,
273420.0,947.340989921912
273440.0,927.8347748403439
273460.0,895.2560843967173
273480.0,869.5468555730844
273500.0,852.4639331297667
273520.0,843.6395163200634
273540.0,841.0811267934117
273560.0,841.9114836503204
273580.0,843.1462003481662
273600.0,842.3695906604787
273620.0,838.1414514551301
273640.0,830.0346820037108
273660.0,818.4124166560867
273680.0,804.1083194463074
273700.0,788.1233416349461
273720.0,771.3974740431446
273740.0,754.6724149322783
273760.0,738.4336906669523
273780.0,722.907996317789
273800.0,708.0904896327322
273820.0,693.7835645512417
273840.0,679.639193933722
273860.0,665.2075749797274
273880.0,650.0024380858363
273900.0,633.5955884581226
273920.0,615.7484649358556
273940.0,596.5762529466504
273960.0,576.7214668269498
273980.0,557.4921147618797
274000.0,540.9003260392817
274020.0,529.5290227423579
274040.0,526.1671928922035
274060.0,533.1992346090825
274080.0,551.8189630081522
274100.0,581.2665310404434
274120.0,618.4494628680038
274140.0,658.4680731642384
274160.0,696.2572961528792
274180.0,728.2057997043091
274200.0,752.7111227792697
274220.0,769.9057751916537
274240.0,781.0152238413293
274260.0,787.6713173717046
274280.0,791.3692752365531
274300.0,793.1509354852762
274320.0,793.5173337038498
274340.0,792.5235574835082
274360.0,789.9781882499735
274380.0,785.6559629678341
274400.0,779.448000772227
274420.0,771.4248631994257
274440.0,761.82461755386
274460.0,750.9935821966991
274480.0,739.315989698555
274500.0,727.1575874580433
274520.0,714.8315759548367
274540.0,702.5884691479216
274560.0,690.6226499250776
274580.0,679.0784625564767
274600.0,668.0572902344596
274620.0,657.6313799445799
274640.0,647.8550894673443
274660.0,638.7731120872934
274680.0,630.4251266913258
274700.0,622.8460531369674
274720.0,616.0591549494304
274740.0,610.0611275512772
274760.0,604.8120579886038
274780.0,600.2394039299278
274800.0,596.249765383398
274820.0,592.7419165096477
274840.0,589.6175665751905
274860.0,586.7927309345343
274880.0,584.2052451743108
274900.0,581.8161459358216
274920.0,579.60251528745
274940.0,577.5446168082391
274960.0,575.6203997168853
274980.0,573.8101886112452
275000.0,572.1138101102699
275020.0,570.5755632875254
275040.0,569.3153879394531
275060.0,568.5637066968743
275080.0,568.674732527099
275100.0,570.0968199255257
275120.0,573.2858484313848
275140.0,578.5570517641493
275160.0,585.8824327344388
275180.0,594.6600880281148
275200.0,603.5086164036982
275220.0,610.162062098585
275240.0,611.5562587819226
275260.0,604.1932763351779
275280.0,584.835723212498
275300.0,551.4899185343887
275320.0,504.4824995427636
275340.0,447.23997417978387
275360.0,410.5248535832517
275380.0,
275400.0,
275420.0,
275440.0,
275460.0,
275480.0,
275500.0,
275520.0,
275540.0,
275560.0,
275580.0,
275600.0,
275620.0,
275640.0,
275660.0,
275680.0,
275700.0,
275720.0,
275740.0,
275760.0,
275780.0,
275800.0,
275820.0,
275840.0,
275860.0,
275880.0,
275900.0,
275920.0,
275940.0,
275960.0,
275980.0,
276000.0,
276020.0,
276040.0,
276060.0,
276080.0,
276100.0,
276120.0,
276140.0,
276160.0,
276180.0,
276200.0,
276220.0,
276240.0,
276260.0,
276280.0,
276300.0,
276320.0,
276340.0,
276360.0,
276380.0,
276400.0,
276420.0,
276440.0,
276460.0,
276480.0,
276500.0,
276520.0,
276540.0,
276560.0,
276580.0,
276600.0,
276620.0,
276640.0,
276660.0,
276680.0,
276700.0,
276720.0,
276740.0,
276760.0,
276780.0,
276800.0,
276820.0,
276840.0,
276860.0,
276880.0,
276900.0,
276920.0,
276940.0,
276960.0,
276980.0,
277000.0,
277020.0,
277040.0,
277060.0,
277080.0,
277100.0,
277120.0,
277140.0,
277160.0,
277180.0,
277200.0,
277220.0,
277240.0,
277260.0,
277280.0,
277300.0,
277320.0,
277340.0,
277360.0,
277380.0,
277400.0,
277420.0,
277440.0,
277460.0,
277480.0,
277500.0,
277520.0,
277540.0,
277560.0,
277580.0,
277600.0,
277620.0,
277640.0,
277660.0,
277680.0,
277700.0,
277720.0,
277740.0,
277760.0,
277780.0,
277800.0,
277820.0,
277840.0,714.1215577778838
277860.0,748.6969608775006
277880.0,784.5559372957213
277900.0,812.8421793411287
277920.0,832.9061941119529
277940.0,845.5291930351593
277960.0,852.2682874309006
277980.0,854.8464868923584
278000.0,854.7241222913439
278020.0,852.8968766119185
278040.0,849.9067922680321
278060.0,846.0083155762875
278080.0,841.3961079522509
278100.0,836.3865572437264
278120.0,831.4669129933718
278140.0,827.3686648666085
278160.0,
278180.0,
278200.0,
278220.0,
278240.0,
278260.0,
278280.0,
278300.0,
278320.0,
278340.0,
278360.0,
278380.0,
278400.0,
278420.0,
278440.0,
278460.0,
278480.0,
278500.0,
278520.0,
278540.0,
278560.0,
278580.0,
278600.0,
278620.0,
278640.0,
278660.0,
278680.0,
278700.0,
278720.0,
278740.0,
278760.0,
278780.0,
278800.0,
278820.0,
278840.0,
278860.0,
278880.0,
278900.0,
278920.0,
278940.0,
278960.0,
278980.0,
279000.0,
279020.0,
279040.0,
279060.0,
279080.0,
279100.0,
279120.0,
279140.0,
279160.0,
279180.0,
279200.0,
279220.0,
279240.0,
279260.0,
279280.0,
279300.0,
279320.0,
279340.0,
279360.0,
279380.0,
279400.0,
279420.0,
279440.0,
279460.0,
279480.0,
279500.0,
279520.0,
279540.0,
279560.0,
279580.0,
279600.0,
279620.0,
279640.0,
279660.0,
279680.0,
279700.0,
279720.0,
279740.0,
279760.0,
279780.0,
279800.0,
279820.0,
279840.0,
279860.0,
279880.0,
279900.0,
279920.0,
279940.0,
279960.0,
279980.0,
280000.0,
280020.0,
280040.0,
280060.0,
280080.0,
280100.0,
280120.0,
280140.0,
280160.0,
280180.0,
280200.0,
280220.0,
280240.0,
280260.0,
280280.0,
280300.0,
280320.0,
280340.0,
280360.0,
280380.0,
280400.0,
280420.0,
280440.0,
280460.0,
280480.0,
280500.0,
280520.0,
280540.0,
280560.0,
280580.0,
280600.0,
280620.0,
280640.0,
280660.0,
280680.0,
280700.0,
280720.0,
280740.0,
280760.0,
280780.0,
280800.0,
280820.0,
280840.0,
280860.0,
280880.0,
280900.0,
280920.0,
280940.0,
280960.0,
280980.0,
281000.0,
281020.0,
281040.0,
281060.0,
281080.0,
281100.0,
281120.0,
281140.0,
281160.0,
281180.0,
281200.0,
281220.0,
281240.0,
281260.0,
281280.0,
281300.0,
281320.0,
281340.0,
281360.0,
281380.0,
281400.0,
281420.0,
281440.0,
281460.0,
281480.0,
281500.0,
281520.0,
281540.0,
281560.0,
281580.0,
281600.0,
281620.0,
281640.0,
281660.0,
281680.0,
281700.0,
281720.0,
281740.0,
281760.0,
281780.0,
281800.0,
281820.0,
281840.0,
281860.0,
281880.0,
281900.0,
281920.0,
281940.0,
281960.0,
281980.0,
282000.0,
282020.0,
282040.0,
282060.0,
282080.0,
282100.0,
282120.0,
282140.0,
282160.0,
282180.0,
282200.0,
282220.0,
282240.0,
282260.0,
282280.0,
282300.0,
282320.0,
282340.0,
282360.0,
282380.0,
282400.0,
282420.0,
282440.0,
282460.0,
282480.0,
282500.0,
282520.0,
282540.0,
282560.0,
282580.0,
282600.0,
282620.0,
282640.0,
282660.0,
282680.0,
282700.0,
282720.0,
282740.0,
282760.0,
282780.0,
282800.0,
282820.0,
282840.0,
282860.0,
282880.0,
282900.0,
282920.0,189.5136175182205
282940.0,187.3259355008934
282960.0,184.9669723576146
282980.0,183.01418438946868
283000.0,181.36573967721878
283020.0,179.92157844937597
283040.0,178.66163992326386
283060.0,177.9640087154479
283080.0,
283100.0,
283120.0,
283140.0,
283160.0,
283180.0,
283200.0,
283220.0,
283240.0,
283260.0,
283280.0,
283300.0,
283320.0,
283340.0,
283360.0,
283380.0,
283400.0,
283420.0,
283440.0,
283460.0,
283480.0,
283500.0,
283520.0,
283540.0,
283560.0,
283580.0,
283600.0,
283620.0,
283640.0,
283660.0,
283680.0,
283700.0,
283720.0,
283740.0,
283760.0,
283780.0,
283800.0,
283820.0,
283840.0,
283860.0,
283880.0,
283900.0,
283920.0,
283940.0,
283960.0,
283980.0,
284000.0,
284020.0,
284040.0,
284060.0,
284080.0,
284100.0,
284120.0,
284140.0,
284160.0,
284180.0,
284200.0,
284220.0,
284240.0,
284260.0,
284280.0,
284300.0,
284320.0,
284340.0,
284360.0,
284380.0,
284400.0,
284420.0,
284440.0,
284460.0,
284480.0,
284500.0,
284520.0,
284540.0,
284560.0,
284580.0,
284600.0,
284620.0,
284640.0,
284660.0,
284680.0,
284700.0,
284720.0,
284740.0,
284760.0,
284780.0,
284800.0,
284820.0,
284840.0,
284860.0,
284880.0,
284900.0,
284920.0,
284940.0,
284960.0,
284980.0,
285000.0,
285020.0,
285040.0,
285060.0,
285080.0,
285100.0,
285120.0,
285140.0,
285160.0,
285180.0,
285200.0,
285220.0,
285240.0,
285260.0,
285280.0,
285300.0,
285320.0,
285340.0,
285360.0,
285380.0,
285400.0,
285420.0,
285440.0,
285460.0,
285480.0,
285500.0,
285520.0,
285540.0,
285560.0,
285580.0,
285600.0,
285620.0,
285640.0,
285660.0,
285680.0,
285700.0,
285720.0,
285740.0,
285760.0,
285780.0,
285800.0,
285820.0,
285840.0,
285860.0,
285880.0,
285900.0,
285920.0,
285940.0,
285960.0,
285980.0,
286000.0,
286020.0,
286040.0,
286060.0,
286080.0,
286100.0,
286120.0,
286140.0,
286160.0,
286180.0,
286200.0,
286220.0,
286240.0,
286260.0,
286280.0,
286300.0,
286320.0,
286340.0,
286360.0,
286380.0,
286400.0,
286420.0,
286440.0,
286460.0,
286480.0,
286500.0,
286520.0,
286540.0,
286560.0,
286580.0,
286600.0,
286620.0,
286640.0,
286660.0,
286680.0,
286700.0,
286720.0,
286740.0,
286760.0,
286780.0,
286800.0,
286820.0,
286840.0,
286860.0,
286880.0,
286900.0,
286920.0,
286940.0,
286960.0,
286980.0,
287000.0,
287020.0,
287040.0,
287060.0,
287080.0,
287100.0,
287120.0,
287140.0,
287160.0,
287180.0,
287200.0,
287220.0,
287240.0,
287260.0,
287280.0,
287300.0,
287320.0,
287340.0,
287360.0,
287380.0,
287400.0,
287420.0,
287440.0,
287460.0,
287480.0,
287500.0,
287520.0,
287540.0,
287560.0,
287580.0,
287600.0,
287620.0,
287640.0,
287660.0,
287680.0,
287700.0,
287720.0,
287740.0,
287760.0,
287780.0,
287800.0,
287820.0,
287840.0,
287860.0,
287880.0,
287900.0,
287920.0,
287940.0,
287960.0,
287980.0,
288000.0,
288020.0,
288040.0,
288060.0,
288080.0,
288100.0,
288120.0,
288140.0,
288160.0,
288180.0,
288200.0,
288220.0,
288240.0,
288260.0,
288280.0,
288300.0,
288320.0,
288340.0,
288360.0,
288380.0,
288400.0,
288420.0,
288440.0,
288460.0,
288480.0,
288500.0,
288520.0,
288540.0,
288560.0,
288580.0,
288600.0,
288620.0,
288640.0,
288660.0,
288680.0,
288700.0,
288720.0,
288740.0,
288760.0,
288780.0,
288800.0,
288820.0,
288840.0,
288860.0,
288880.0,
288900.0,
288920.0,
288940.0,
288960.0,
288980.0,
289000.0,
289020.0,
289040.0,
289060.0,
289080.0,
289100.0,
289120.0,
289140.0,
289160.0,
289180.0,
289200.0,
289220.0,
289240.0,
289260.0,
289280.0,
289300.0,
289320.0,
289340.0,
289360.0,
289380.0,
289400.0,
289420.0,
289440.0,
289460.0,
289480.0,
289500.0,
289520.0,
289540.0,
289560.0,
289580.0,
289600.0,
289620.0,
289640.0,
289660.0,
289680.0,
289700.0,
289720.0,
289740.0,
289760.0,
289780.0,
289800.0,
289820.0,
289840.0,
289860.0,
289880.0,
289900.0,
289920.0,
289940.0,
289960.0,
289980.0,
290000.0,
290020.0,
290040.0,
290060.0,
290080.0,
290100.0,
290120.0,
290140.0,
290160.0,
290180.0,
290200.0,
290220.0,
290240.0,
290260.0,
290280.0,
290300.0,
290320.0,
290340.0,
290360.0,
290380.0,
290400.0,
290420.0,
290440.0,
290460.0,
290480.0,
290500.0,
290520.0,
290540.0,
290560.0,
290580.0,
290600.0,
290620.0,
290640.0,
290660.0,
290680.0,
290700.0,
290720.0,
290740.0,
290760.0,
290780.0,
290800.0,
290820.0,
290840.0,
290860.0,
290880.0,
290900.0,
290920.0,
290940.0,
290960.0,
290980.0,
291000.0,
291020.0,
291040.0,
291060.0,
291080.0,
291100.0,
291120.0,
291140.0,
291160.0,
291180.0,
291200.0,
291220.0,
291240.0,
291260.0,
291280.0,
291300.0,
291320.0,
291340.0,
291360.0,
291380.0,
291400.0,
291420.0,
291440.0,
291460.0,
291480.0,
291500.0,
291520.0,
291540.0,
291560.0,
291580.0,
291600.0,
291620.0,
291640.0,
291660.0,
291680.0,
291700.0,
291720.0,
291740.0,
291760.0,
291780.0,
291800.0,
291820.0,
291840.0,
291860.0,
291880.0,
291900.0,
291920.0,
291940.0,
291960.0,
291980.0,
292000.0,
292020.0,
292040.0,
292060.0,
292080.0,
292100.0,
292120.0,
292140.0,
292160.0,
292180.0,
292200.0,
292220.0,
292240.0,
292260.0,
292280.0,
292300.0,
292320.0,
292340.0,
292360.0,
292380.0,
292400.0,
292420.0,
292440.0,
292460.0,
292480.0,
292500.0,
292520.0,
292540.0,
292560.0,
292580.0,
292600.0,
292620.0,
292640.0,
292660.0,
292680.0,
292700.0,
292720.0,
292740.0,
292760.0,
292780.0,
292800.0,
292820.0,
292840.0,
292860.0,
292880.0,
292900.0,
292920.0,
292940.0,
292960.0,
292980.0,
293000.0,
293020.0,
293040.0,
293060.0,
293080.0,
293100.0,
293120.0,
293140.0,
293160.0,
293180.0,
293200.0,
293220.0,
293240.0,
293260.0,
293280.0,
293300.0,
293320.0,
293340.0,
293360.0,
293380.0,
293400.0,
293420.0,
293440.0,
293460.0,
293480.0,
293500.0,
293520.0,
293540.0,
293560.0,
293580.0,
293600.0,
293620.0,
293640.0,
293660.0,
293680.0,
293700.0,
293720.0,
293740.0,
293760.0,
293780.0,
293800.0,
293820.0,
293840.0,
293860.0,
293880.0,
293900.0,
293920.0,
293940.0,
293960.0,
293980.0,
294000.0,
294020.0,
294040.0,
294060.0,
294080.0,
294100.0,
294120.0,
294140.0,
294160.0,
294180.0,
294200.0,
294220.0,
294240.0,
294260.0,
294280.0,
294300.0,
294320.0,
294340.0,
294360.0,
294380.0,
294400.0,
294420.0,
294440.0,
294460.0,
294480.0,
294500.0,
294520.0,
294540.0,
294560.0,
294580.0,
294600.0,
294620.0,
294640.0,
294660.0,
294680.0,
294700.0,
294720.0,
294740.0,
294760.0,
294780.0,
294800.0,
294820.0,
294840.0,
294860.0,
294880.0,
294900.0,
294920.0,
294940.0,
294960.0,
294980.0,
295000.0,
295020.0,
295040.0,
295060.0,
295080.0,
295100.0,
295120.0,
295140.0,
295160.0,
295180.0,
295200.0,
295220.0,
295240.0,
295260.0,
295280.0,
295300.0,
295320.0,
295340.0,
295360.0,
295380.0,
295400.0,
295420.0,
295440.0,
295460.0,
295480.0,
295500.0,
295520.0,
295540.0,
295560.0,
295580.0,
295600.0,
295620.0,
295640.0,
295660.0,
295680.0,
295700.0,
295720.0,
295740.0,
295760.0,
295780.0,
295800.0,
295820.0,
295840.0,
295860.0,
295880.0,
295900.0,
295920.0,
295940.0,
295960.0,
295980.0,
296000.0,
296020.0,
296040.0,
296060.0,
296080.0,
296100.0,
296120.0,
296140.0,
296160.0,
296180.0,
296200.0,
296220.0,
296240.0,
296260.0,
296280.0,
296300.0,
296320.0,
296340.0,
296360.0,
296380.0,
296400.0,
296420.0,
296440.0,
296460.0,
296480.0,
296500.0,
296520.0,
296540.0,
296560.0,
296580.0,
296600.0,
296620.0,
296640.0,
296660.0,
296680.0,
296700.0,
296720.0,
296740.0,
296760.0,
296780.0,
296800.0,
296820.0,
296840.0,
296860.0,
296880.0,
296900.0,
296920.0,
296940.0,
296960.0,
296980.0,
297000.0,
297020.0,
297040.0,
297060.0,
297080.0,
297100.0,
297120.0,
297140.0,
297160.0,
297180.0,
297200.0,
297220.0,
297240.0,
297260.0,
297280.0,
297300.0,
297320.0,
297340.0,
297360.0,
297380.0,
297400.0,
297420.0,
297440.0,
297460.0,
297480.0,
297500.0,
297520.0,
297540.0,
297560.0,
297580.0,
297600.0,
297620.0,
297640.0,
297660.0,
297680.0,
297700.0,
297720.0,
297740.0,
297760.0,
297780.0,
297800.0,
297820.0,
297840.0,
297860.0,
297880.0,
297900.0,
297920.0,
297940.0,
297960.0,
297980.0,
298000.0,
298020.0,
298040.0,
298060.0,
298080.0,
298100.0,
298120.0,
298140.0,
298160.0,
298180.0,
298200.0,
298220.0,
298240.0,
298260.0,
298280.0,
298300.0,
298320.0,
298340.0,
298360.0,
298380.0,
298400.0,
298420.0,
298440.0,
298460.0,
298480.0,
298500.0,
298520.0,
298540.0,
298560.0,
298580.0,
298600.0,
298620.0,
298640.0,
298660.0,
298680.0,
298700.0,
298720.0,
298740.0,
298760.0,
298780.0,
298800.0,
298820.0,
298840.0,
298860.0,
298880.0,
298900.0,
298920.0,
298940.0,
298960.0,
298980.0,
299000.0,
299020.0,
299040.0,
299060.0,
299080.0,
299100.0,
299120.0,
299140.0,
299160.0,
299180.0,
299200.0,
299220.0,
299240.0,
299260.0,
299280.0,
299300.0,
299320.0,
299340.0,
299360.0,
299380.0,
299400.0,
299420.0,
299440.0,
299460.0,
299480.0,
299500.0,
299520.0,
299540.0,
299560.0,
299580.0,
299600.0,
299620.0,
299640.0,
299660.0,
299680.0,
299700.0,
299720.0,
299740.0,
299760.0,
299780.0,
299800.0,
299820.0,
299840.0,
299860.0,
299880.0,
299900.0,
299920.0,
299940.0,
299960.0,1241.8166536449116
299980.0,1197.5954987480877
300000.0,1130.309721369908
300020.0,1056.1868317609117
300040.0,983.0898889551688
300060.0,917.0496394194761
300080.0,861.7261383360085
300100.0,826.0116395675126
300120.0,
300140.0,
300160.0,
300180.0,
300200.0,
300220.0,
300240.0,
300260.0,
300280.0,
300300.0,
300320.0,
300340.0,
300360.0,
300380.0,
300400.0,
300420.0,
300440.0,
300460.0,
300480.0,
300500.0,
300520.0,
300540.0,
300560.0,
300580.0,
300600.0,
300620.0,
300640.0,
300660.0,
300680.0,
300700.0,
300720.0,
300740.0,
300760.0,
300780.0,
300800.0,
300820.0,
300840.0,
300860.0,
300880.0,
300900.0,
300920.0,
300940.0,
300960.0,
300980.0,
301000.0,
301020.0,
301040.0,
301060.0,
301080.0,
301100.0,
301120.0,
301140.0,
301160.0,
301180.0,
301200.0,
301220.0,
301240.0,
301260.0,
301280.0,
301300.0,
301320.0,
301340.0,
301360.0,
301380.0,
301400.0,
301420.0,
301440.0,
301460.0,
301480.0,
301500.0,
301520.0,
301540.0,
301560.0,
301580.0,
301600.0,
301620.0,
301640.0,
301660.0,
301680.0,
301700.0,
301720.0,
301740.0,
301760.0,
301780.0,
301800.0,
301820.0,
301840.0,
301860.0,
301880.0,
301900.0,
301920.0,
301940.0,
301960.0,
301980.0,
302000.0,
302020.0,
302040.0,
302060.0,
302080.0,
302100.0,
302120.0,
302140.0,
302160.0,
302180.0,
302200.0,
302220.0,
302240.0,
302260.0,
302280.0,
302300.0,
302320.0,
302340.0,
302360.0,
302380.0,
302400.0,
302420.0,
302440.0,
302460.0,
302480.0,
302500.0,
302520.0,
302540.0,
302560.0,
302580.0,
302600.0,
302620.0,
302640.0,
302660.0,
302680.0,
302700.0,
302720.0,
302740.0,
302760.0,
302780.0,
302800.0,
302820.0,
302840.0,
302860.0,
302880.0,
302900.0,
302920.0,
302940.0,
302960.0,
302980.0,
303000.0,
303020.0,
303040.0,
303060.0,
303080.0,
303100.0,
303120.0,
303140.0,
303160.0,
303180.0,972.6412774044665
303200.0,940.9208604177923
303220.0,901.9368115275636
303240.0,864.2733597457436
303260.0,832.6569127942251
303280.0,809.8468843928467
303300.0,796.5212977081976
303320.0,791.7051589061041
303340.0,793.4023040082841
303360.0,799.2117678406289
303380.0,806.8191184788818
303400.0,814.3263687276327
303420.0,820.4371879676667
303440.0,824.5478282163642
303460.0,826.7743386753094
303480.0,827.922361603308
303500.0,829.3689074832726
303520.0,832.7935091368723
303540.0,839.70200820088
303560.0,850.7168846782646
303580.0,864.9210620026709
303600.0,879.8306215990211
303620.0,891.7641459531109
303640.0,896.366726252934
303660.0,889.342135644888
303680.0,867.4979842859469
303700.0,830.1464845820747
303720.0,799.1648270064503
303740.0,
303760.0,
303780.0,
303800.0,
303820.0,
303840.0,
303860.0,
303880.0,
303900.0,
303920.0,
303940.0,
303960.0,
303980.0,
304000.0,
304020.0,
304040.0,
304060.0,
304080.0,
304100.0,
304120.0,
304140.0,
304160.0,
304180.0,
304200.0,
304220.0,
304240.0,
304260.0,
304280.0,
304300.0,
304320.0,
304340.0,
304360.0,
304380.0,
304400.0,
304420.0,
304440.0,
304460.0,
304480.0,
304500.0,
304520.0,
304540.0,
304560.0,
304580.0,
304600.0,
304620.0,
304640.0,
304660.0,
304680.0,
304700.0,
304720.0,
304740.0,
304760.0,
304780.0,
304800.0,
304820.0,
304840.0,
304860.0,
304880.0,
304900.0,
304920.0,
304940.0,
304960.0,
304980.0,
305000.0,
305020.0,
305040.0,
305060.0,
305080.0,
305100.0,
305120.0,
305140.0,
305160.0,
305180.0,
305200.0,
305220.0,
305240.0,
305260.0,
305280.0,
305300.0,
305320.0,
305340.0,
305360.0,
305380.0,
305400.0,
305420.0,
305440.0,
305460.0,
305480.0,
305500.0,
305520.0,
305540.0,
305560.0,
305580.0,
305600.0,
305620.0,
305640.0,
305660.0,
305680.0,
305700.0,
305720.0,
305740.0,
305760.0,
305780.0,
305800.0,
305820.0,
305840.0,
305860.0,
305880.0,
305900.0,
305920.0,
305940.0,
305960.0,
305980.0,
306000.0,
306020.0,
306040.0,
306060.0,
306080.0,
306100.0,
306120.0,
306140.0,
306160.0,
306180.0,
306200.0,
306220.0,
306240.0,
306260.0,
306280.0,706.3083932674647
306300.0,750.1987382527003
306320.0,794.2210249484627
306340.0,826.2414937702988
306360.0,840.4998357777478
306380.0,
306400.0,
306420.0,
306440.0,
306460.0,
306480.0,
306500.0,
306520.0,
306540.0,
306560.0,
306580.0,
306600.0,
306620.0,
306640.0,
306660.0,
306680.0,
306700.0,
306720.0,
306740.0,
306760.0,
306780.0,
306800.0,
306820.0,
306840.0,
306860.0,
306880.0,
306900.0,
306920.0,
306940.0,
306960.0,
306980.0,
307000.0,
307020.0,
307040.0,
307060.0,
307080.0,
307100.0,
307120.0,
307140.0,
307160.0,
307180.0,
307200.0,
307220.0,
307240.0,
307260.0,
307280.0,
307300.0,
307320.0,
307340.0,
307360.0,
307380.0,
307400.0,
307420.0,
307440.0,
307460.0,
307480.0,
307500.0,
307520.0,
307540.0,
307560.0,
307580.0,
307600.0,
307620.0,
307640.0,
307660.0,
307680.0,
307700.0,
307720.0,
307740.0,
307760.0,
307780.0,
307800.0,
307820.0,
307840.0,
307860.0,
307880.0,
307900.0,
307920.0,
307940.0,
307960.0,
307980.0,
308000.0,
308020.0,
308040.0,
308060.0,
308080.0,
308100.0,
308120.0,
308140.0,
308160.0,
308180.0,
308200.0,
308220.0,
308240.0,
308260.0,
308280.0,
308300.0,
308320.0,
308340.0,
308360.0,
308380.0,
308400.0,
308420.0,
308440.0,
308460.0,
308480.0,
308500.0,
308520.0,
308540.0,
308560.0,
308580.0,
308600.0,
308620.0,
308640.0,
308660.0,
308680.0,
308700.0,
308720.0,
308740.0,
308760.0,
308780.0,
308800.0,
308820.0,
308840.0,
308860.0,
308880.0,
308900.0,
308920.0,
308940.0,
308960.0,
308980.0,
309000.0,
309020.0,
309040.0,
309060.0,
309080.0,
309100.0,
309120.0,
309140.0,
309160.0,
309180.0,
309200.0,
309220.0,
309240.0,
309260.0,
309280.0,
309300.0,
309320.0,
309340.0,
309360.0,
309380.0,
309400.0,
309420.0,
309440.0,
309460.0,
309480.0,
309500.0,
309520.0,
309540.0,
309560.0,
309580.0,816.040867551417
309600.0,815.1889015456067
309620.0,813.7124471399089
309640.0,812.1640690552872
309660.0,810.7017339602808
309680.0,809.3008002121834
309700.0,807.819037589261
309720.0,806.0995905151688
309740.0,804.0397262190464
309760.0,801.6106447780749
309780.0,798.8471048466558
309800.0,795.82414655886
309820.0,792.6324882783118
309840.0,789.3589380144343
309860.0,786.0740360700637
309880.0,782.826405976811
309900.0,779.6419022328356
309920.0,776.5253704831841
309940.0,773.4633443366745
309960.0,770.426936113373
309980.0,767.3752011692292
310000.0,764.260072262904
310020.0,761.0343247347308
310040.0,757.6637568607664
310060.0,754.1437500372865
310080.0,750.5186412588814
310100.0,746.9001237752668
310120.0,743.478679862578
310140.0,740.5206286199674
310160.0,738.3438004883427
310180.0,737.268342037174
310200.0,737.5468513025047
310220.0,739.2909507445954
310240.0,742.4259334120309
310260.0,746.695562444162
310280.0,751.7093850385556
310300.0,757.0059712689355
310320.0,762.1124723163573
310340.0,766.5981629149
310360.0,770.1204341064383
310380.0,772.457538264532
310400.0,773.5182573935624
310420.0,773.3316131051178
310440.0,772.0239310947621
310460.0,769.7880568697242
310480.0,766.8578949640785
310500.0,763.5002381548895
310520.0,760.0270790068048
310540.0,756.8180140550858
310560.0,754.3335908757128
310580.0,753.1107222707744
310600.0,753.7317268957788
310620.0,756.749093350504
310640.0,762.5582996633203
310660.0,771.2261796632195
310680.0,782.3292363189374
310700.0,794.8785955172586
310720.0,806.2343849979515
310740.0,
310760.0,
310780.0,
310800.0,
310820.0,
310840.0,
310860.0,
310880.0,
310900.0,
310920.0,
310940.0,
310960.0,
310980.0,
311000.0,
311020.0,
311040.0,
311060.0,
311080.0,
311100.0,
311120.0,
311140.0,
311160.0,
311180.0,
311200.0,
311220.0,
311240.0,
311260.0,
311280.0,
311300.0,
311320.0,
311340.0,
311360.0,
311380.0,
311400.0,
311420.0,
311440.0,
311460.0,
311480.0,
311500.0,
311520.0,
311540.0,
311560.0,
311580.0,
311600.0,
311620.0,
311640.0,
311660.0,
311680.0,
311700.0,
311720.0,
311740.0,
311760.0,
311780.0,
311800.0,
311820.0,
311840.0,
311860.0,
311880.0,
311900.0,
311920.0,
311940.0,
311960.0,
311980.0,
312000.0,
312020.0,
312040.0,
312060.0,
312080.0,
312100.0,
312120.0,
312140.0,
312160.0,
312180.0,
312200.0,
312220.0,
312240.0,
312260.0,
312280.0,
312300.0,
312320.0,
312340.0,
312360.0,
312380.0,
312400.0,
312420.0,
312440.0,
312460.0,
312480.0,
312500.0,
312520.0,
312540.0,
312560.0,
312580.0,
312600.0,
312620.0,
312640.0,
312660.0,
312680.0,
312700.0,
312720.0,
312740.0,
312760.0,
312780.0,
312800.0,
312820.0,
312840.0,
312860.0,
312880.0,
312900.0,
312920.0,
312940.0,
312960.0,
312980.0,
313000.0,
313020.0,
313040.0,
313060.0,
313080.0,
313100.0,
313120.0,
313140.0,
313160.0,
313180.0,
313200.0,
313220.0,
313240.0,
313260.0,
313280.0,
313300.0,
313320.0,
313340.0,
313360.0,
313380.0,
313400.0,
313420.0,
313440.0,
313460.0,
313480.0,
313500.0,
313520.0,
313540.0,
313560.0,
313580.0,
313600.0,
313620.0,
313640.0,
313660.0,
313680.0,
313700.0,
313720.0,
313740.0,
313760.0,
313780.0,
313800.0,
313820.0,
313840.0,
313860.0,
313880.0,
313900.0,
313920.0,
313940.0,
313960.0,
313980.0,
314000.0,
314020.0,
314040.0,
314060.0,
314080.0,
314100.0,
314120.0,
314140.0,
314160.0,
314180.0,
314200.0,
314220.0,
314240.0,
314260.0,
314280.0,
314300.0,
314320.0,
314340.0,
314360.0,
314380.0,
314400.0,
314420.0,
314440.0,
314460.0,
314480.0,
314500.0,
314520.0,
314540.0,
314560.0,
314580.0,
314600.0,
314620.0,
314640.0,
314660.0,
314680.0,
314700.0,
314720.0,
314740.0,
314760.0,
314780.0,
314800.0,
314820.0,
314840.0,
314860.0,
314880.0,
314900.0,
314920.0,
314940.0,
314960.0,
314980.0,
315000.0,
315020.0,
315040.0,
315060.0,
315080.0,
315100.0,
315120.0,
315140.0,
315160.0,
315180.0,
315200.0,
315220.0,
315240.0,
315260.0,
315280.0,
315300.0,
315320.0,
315340.0,
315360.0,
315380.0,
315400.0,
315420.0,
315440.0,
315460.0,
315480.0,
315500.0,
315520.0,
315540.0,
315560.0,
315580.0,
315600.0,
315620.0,
315640.0,
315660.0,
315680.0,
315700.0,
315720.0,
315740.0,
315760.0,
315780.0,
315800.0,
315820.0,
315840.0,
315860.0,
315880.0,
315900.0,
315920.0,
315940.0,
315960.0,
315980.0,
316000.0,
316020.0,
316040.0,
316060.0,
316080.0,
316100.0,
316120.0,
316140.0,
316160.0,
316180.0,
316200.0,
316220.0,
316240.0,
316260.0,
316280.0,
316300.0,
316320.0,
316340.0,
316360.0,
316380.0,
316400.0,
316420.0,
316440.0,
316460.0,
316480.0,
316500.0,
316520.0,
316540.0,
316560.0,
316580.0,
316600.0,
316620.0,703.0011623582309
316640.0,722.7357792463521
316660.0,742.1986302919252
316680.0,753.6630922185554
316700.0,756.9511439116233
316720.0,755.4246483891403
316740.0,
316760.0,
316780.0,
316800.0,
316820.0,
316840.0,
316860.0,
316880.0,
316900.0,
316920.0,
316940.0,
316960.0,
316980.0,
317000.0,
317020.0,
317040.0,
317060.0,
317080.0,
317100.0,
317120.0,
317140.0,
317160.0,
317180.0,
317200.0,
317220.0,
317240.0,
317260.0,
317280.0,
317300.0,
317320.0,
317340.0,
317360.0,
317380.0,
317400.0,
317420.0,
317440.0,
317460.0,
317480.0,
317500.0,
317520.0,
317540.0,
317560.0,
317580.0,
317600.0,
317620.0,
317640.0,
317660.0,
317680.0,
317700.0,
317720.0,
317740.0,
317760.0,
317780.0,
317800.0,
317820.0,
317840.0,
317860.0,
317880.0,
317900.0,
317920.0,
317940.0,
317960.0,
317980.0,
318000.0,
318020.0,
318040.0,857.299288785054
318060.0,855.806888485176
318080.0,844.0194166045285
318100.0,818.43737479387
318120.0,778.3969463735372
318140.0,726.0328379572741
318160.0,666.5767074393573
318180.0,607.7645118506637
318200.0,557.9819198160817
318220.0,524.0278370301587
318240.0,509.86885368513487
318260.0,516.3360817603452
318280.0,541.2748307291104
318300.0,579.9220142305678
318320.0,625.6066487066497
318340.0,671.1033292795785
318360.0,710.5164346185599
318380.0,740.5034368225929
318400.0,760.3200447035526
318420.0,771.1633847106323
318440.0,775.3033222984884
318460.0,775.2965201058071
318480.0,773.4242690679738
318500.0,771.3872903437522
318520.0,770.2226311905963
318540.0,770.3752932277754
318560.0,771.851860988022
318580.0,774.3950604620353
318600.0,777.6376494689796
318620.0,781.2143328570722
318640.0,784.8271623712399
318660.0,788.2711771745049
318680.0,791.432708033908
318700.0,794.2737308261665
318720.0,796.8133025787735
318740.0,799.1128622828169
318760.0,801.2672382067869
318780.0,803.3985104394444
318800.0,805.6461427103688
318820.0,808.1452906241227
318840.0,810.9945914599081
318860.0,814.2340975912408
318880.0,817.8427137862444
318900.0,821.7458871686265
318920.0,825.8302178579364
318940.0,829.963006098192
318960.0,834.0110101369506
318980.0,837.855956909982
319000.0,841.4014426455615
319020.0,844.5715799976704
319040.0,847.3126359850272
319060.0,849.6004386003806
319080.0,851.438487537895
319100.0,852.8424072783158
319120.0,853.8255336830082
319140.0,854.3942330730928
319160.0,854.5504999360819
319180.0,854.3022063260527
319200.0,853.6797380043884
319220.0,852.7533867986924
319240.0,851.6400474772823
319260.0,850.4867845205575
319280.0,849.4475633509077
319300.0,848.6674920874487
319320.0,848.2683214224699
319340.0,848.3268836174232
319360.0,848.852370748079
319380.0,849.777361897103
319400.0,850.9696990942894
319420.0,852.262430110009
319440.0,853.48439757373
319460.0,854.4787206375477
319480.0,855.1216107821504
319500.0,855.3426266901263
319520.0,855.1288173756805
319540.0,854.5125263508675
319560.0,853.552103845011
319580.0,852.3161035865385
319600.0,850.869784506411
319620.0,849.2648746188137
319640.0,847.5365201465702
319660.0,845.711909014249
319680.0,843.8274046422764
319700.0,841.9356949804029
319720.0,840.0934649969283
319740.0,838.3324875530043
319760.0,836.6265229371293
319780.0,834.8746524289658
319800.0,832.9097177146635
319820.0,830.5287119538909
319840.0,827.5426785755286
319860.0,823.8277328041952
319880.0,819.3567782222626
319900.0,814.2078908763475
319920.0,808.5535099279821
319940.0,802.6372151871187
319960.0,796.7383331079086
319980.0,791.1329844020886
320000.0,786.0496479532565
320020.0,781.6192136881257
320040.0,777.840064952167
320060.0,774.5776266372856
320080.0,771.6030261108046
320100.0,768.6655768162067
320120.0,765.5831849965881
320140.0,762.3516051307388
320160.0,759.2637511536803
320180.0,757.0018333481778
320200.0,756.6701973941807
320220.0,759.7227507774196
320240.0,767.7376270165066
320260.0,782.0153373034973
320280.0,803.0376562987124
320300.0,829.8794669418079
320320.0,859.7386866904578
320340.0,887.8480836020059
320360.0,908.1104975161816
320380.0,914.75614857489
320400.0,904.5666136651314
320420.0,885.1725421850782
320440.0,
320460.0,
320480.0,
320500.0,
320520.0,
320540.0,
320560.0,
320580.0,
320600.0,
320620.0,
320640.0,
320660.0,
320680.0,
320700.0,
320720.0,
320740.0,
320760.0,
320780.0,
320800.0,
320820.0,
320840.0,
320860.0,
320880.0,
320900.0,
320920.0,
320940.0,
320960.0,
320980.0,
321000.0,
321020.0,
321040.0,
321060.0,
321080.0,
321100.0,
321120.0,
321140.0,
321160.0,
321180.0,
321200.0,
321220.0,
321240.0,
321260.0,
321280.0,
321300.0,
321320.0,
321340.0,
321360.0,
321380.0,
321400.0,
321420.0,
321440.0,
321460.0,
321480.0,
321500.0,
321520.0,
321540.0,
321560.0,
321580.0,
321600.0,
321620.0,
321640.0,
321660.0,
321680.0,
321700.0,
321720.0,
321740.0,
321760.0,
321780.0,
321800.0,
321820.0,
321840.0,
321860.0,
321880.0,
321900.0,
321920.0,
321940.0,
321960.0,
321980.0,
322000.0,
322020.0,
322040.0,
322060.0,
322080.0,
322100.0,
322120.0,
322140.0,
322160.0,
322180.0,
322200.0,
322220.0,
322240.0,
322260.0,
322280.0,
322300.0,
322320.0,
322340.0,
322360.0,
322380.0,
322400.0,
322420.0,
322440.0,
322460.0,
322480.0,
322500.0,
322520.0,
322540.0,
322560.0,
322580.0,
322600.0,
322620.0,
322640.0,
322660.0,
322680.0,
322700.0,
322720.0,
322740.0,
322760.0,
322780.0,
322800.0,
322820.0,
322840.0,
322860.0,
322880.0,
322900.0,
322920.0,
322940.0,
322960.0,
322980.0,
323000.0,
323020.0,
323040.0,
323060.0,
323080.0,
323100.0,
323120.0,
323140.0,
323160.0,
323180.0,
323200.0,
323220.0,
323240.0,
323260.0,
323280.0,
323300.0,
323320.0,
323340.0,
323360.0,
323380.0,
323400.0,
323420.0,
323440.0,
323460.0,
323480.0,
323500.0,
323520.0,
323540.0,
323560.0,
323580.0,
323600.0,
323620.0,
323640.0,
323660.0,
323680.0,
323700.0,
323720.0,
323740.0,
323760.0,
323780.0,
323800.0,
323820.0,
323840.0,
323860.0,
323880.0,
323900.0,
323920.0,
323940.0,
323960.0,
323980.0,
324000.0,
324020.0,
324040.0,
324060.0,
324080.0,
324100.0,
324120.0,
324140.0,
324160.0,
324180.0,
324200.0,
324220.0,
324240.0,
324260.0,
324280.0,
324300.0,
324320.0,
324340.0,
324360.0,
324380.0,
324400.0,
324420.0,
324440.0,
324460.0,
324480.0,
324500.0,
324520.0,
324540.0,
324560.0,
324580.0,
324600.0,
324620.0,
324640.0,
324660.0,
324680.0,
324700.0,
324720.0,
324740.0,
324760.0,
324780.0,
324800.0,
324820.0,
324840.0,
324860.0,
324880.0,
324900.0,
324920.0,
324940.0,
324960.0,
324980.0,
325000.0,
325020.0,
325040.0,
325060.0,
325080.0,
325100.0,
325120.0,
325140.0,
325160.0,
325180.0,
325200.0,
325220.0,
325240.0,
325260.0,
325280.0,
325300.0,
325320.0,
325340.0,
325360.0,
325380.0,
325400.0,
325420.0,
325440.0,
325460.0,
325480.0,
325500.0,
325520.0,
325540.0,
325560.0,
325580.0,
325600.0,
325620.0,
325640.0,
325660.0,
325680.0,
325700.0,
325720.0,
325740.0,
325760.0,
325780.0,
325800.0,
325820.0,
325840.0,
325860.0,
325880.0,
325900.0,
325920.0,
325940.0,
325960.0,
325980.0,
326000.0,
326020.0,
326040.0,
326060.0,
326080.0,
326100.0,
326120.0,
326140.0,
326160.0,
326180.0,
326200.0,
326220.0,
326240.0,
326260.0,
326280.0,
326300.0,
326320.0,
326340.0,
326360.0,
326380.0,
326400.0,
326420.0,
326440.0,
326460.0,
326480.0,
326500.0,
326520.0,
326540.0,
326560.0,
326580.0,
326600.0,
326620.0,
326640.0,
326660.0,
326680.0,
326700.0,
326720.0,
326740.0,
326760.0,
326780.0,
326800.0,
326820.0,
326840.0,
326860.0,
326880.0,
326900.0,
326920.0,
326940.0,
326960.0,
326980.0,
327000.0,
327020.0,
327040.0,
327060.0,
327080.0,
327100.0,
327120.0,
327140.0,
327160.0,
327180.0,
327200.0,
327220.0,
327240.0,
327260.0,
327280.0,1034.7252712075308
327300.0,977.8592434357564
327320.0,899.3593889963482
327340.0,831.6684289346864
327360.0,780.4321174670383
327380.0,747.4099003256364
327400.0,731.1395456356171
327420.0,728.1479449917518
327440.0,734.1793998960953
327460.0,745.1465831284269
327480.0,757.6916711951426
327500.0,769.3872687548544
327520.0,778.695456831989
327540.0,784.8065590003752
327560.0,787.4407503127636
327580.0,786.6705021805475
327600.0,782.7926173056344
327620.0,776.2495369149636
327640.0,767.5785974865123
327660.0,757.3690470566182
327680.0,746.2170710588127
327700.0,734.6767861903738
327720.0,723.2185797641857
327740.0,712.2039697326616
327760.0,701.8828822123711
327780.0,692.4015503362051
327800.0,683.8136810134708
327820.0,676.0998784981264
327840.0,669.1994514787814
327860.0,663.0466200687935
327880.0,657.5963372947253
327900.0,652.832494947864
327920.0,648.7659546528721
327940.0,645.4333341627711
327960.0,642.8945500234101
327980.0,641.2254141330894
328000.0,640.5060817823738
328020.0,640.8045133223898
328040.0,642.1549740368446
328060.0,644.5398044288961
328080.0,647.8821042529877
328100.0,652.0469117915907
328120.0,656.8519713719162
328140.0,662.0824736813959
328160.0,667.5069149832632
328180.0,672.8958210861299
328200.0,678.0320733964439
328220.0,682.7088143844506
328240.0,686.7315547559571
328260.0,689.9349292159446
328280.0,692.206237882371
328300.0,693.5102867188027
328320.0,693.8990023244876
328340.0,693.4972569852224
328360.0,692.4752846349068
328380.0,691.0207369043108
328400.0,689.3190104716848
328420.0,687.5479280611702
328440.0,685.8768034684587
328460.0,684.4581478305261
328480.0,683.4130680575561
328500.0,682.8196586270767
328520.0,682.7130310943803
328540.0,683.0977433908078
328560.0,683.961139343572
328580.0,685.2795199013742
328600.0,687.0184414482871
328620.0,689.1325632616229
328640.0,691.5621112986162
328660.0,694.2333754514948
328680.0,697.0645592387211
328700.0,699.974353413628
328720.0,702.8933970868287
328740.0,705.7781565503022
328760.0,708.622630660059
328780.0,711.4551931274076
328800.0,714.3284303620011
328820.0,717.3090650724236
328840.0,720.4637728711825
328860.0,723.8453829340967
328880.0,727.4842756463072
328900.0,731.3791583491313
328920.0,735.4881439973209
328940.0,739.7272399053179
328960.0,743.9813268161747
328980.0,748.1260765741571
329000.0,752.0540650355293
329020.0,755.705602151009
329040.0,759.0951477809638
329060.0,762.3150906877313
329080.0,765.5098151172084
329100.0,768.8288694627606
329120.0,772.3709075861434
329140.0,776.1320075209544
329160.0,779.9741666276242
329180.0,783.6250686441025
329200.0,786.7164084912519
329220.0,788.8601619045442
329240.0,789.747261940687
329260.0,789.2512019867092
329280.0,787.5158757212243
329300.0,785.801411685115
329320.0,
329340.0,
329360.0,
329380.0,
329400.0,
329420.0,
329440.0,
329460.0,
329480.0,
329500.0,
329520.0,
329540.0,
329560.0,
329580.0,
329600.0,
329620.0,
329640.0,
329660.0,
329680.0,
329700.0,
329720.0,
329740.0,
329760.0,
329780.0,
329800.0,
329820.0,
329840.0,
329860.0,
329880.0,
329900.0,
329920.0,
329940.0,
329960.0,
329980.0,
330000.0,
330020.0,
330040.0,
330060.0,
330080.0,
330100.0,
330120.0,
330140.0,
330160.0,
330180.0,
330200.0,
330220.0,
330240.0,
330260.0,
330280.0,
330300.0,
330320.0,
330340.0,
330360.0,
330380.0,
330400.0,
330420.0,
330440.0,
330460.0,
330480.0,
330500.0,
330520.0,
330540.0,
330560.0,
330580.0,
330600.0,
330620.0,
330640.0,
330660.0,
330680.0,
330700.0,
330720.0,
330740.0,
330760.0,
330780.0,
330800.0,
330820.0,
330840.0,
330860.0,
330880.0,
330900.0,
330920.0,
330940.0,
330960.0,
330980.0,
331000.0,
331020.0,
331040.0,
331060.0,
331080.0,
331100.0,
331120.0,
331140.0,
331160.0,
331180.0,
331200.0,
331220.0,
331240.0,
331260.0,
331280.0,
331300.0,
331320.0,
331340.0,
331360.0,
331380.0,
331400.0,
331420.0,979.4242960839302
331440.0,963.7813360331462
331460.0,940.9820871351396
331480.0,917.8520089226656
331500.0,897.6367987492828
331520.0,882.2816402699124
331540.0,872.2881530772696
331560.0,866.9615213051654
331580.0,864.8218330475669
331600.0,864.0347826534486
331620.0,862.7904902393059
331640.0,859.5975632504048
331660.0,853.4752909179724
331680.0,844.034999243478
331700.0,831.4486042877148
331720.0,816.3227575324487
331740.0,799.5268243530944
331760.0,782.0176042216544
331780.0,764.695733290054
331800.0,748.3091388259992
331820.0,733.3990991503031
331840.0,720.2881213457656
331860.0,709.1008038052107
331880.0,699.8037029779837
331900.0,692.2517945271156
331920.0,686.2334421090302
331940.0,681.5113660995423
331960.0,677.8607975721309
331980.0,675.1041699267955
332000.0,673.1370566666121
332020.0,671.9425162525431
332040.0,671.5965471541693
332060.0,672.265775898853
332080.0,674.1941775351328
332100.0,677.6726610974478
332120.0,682.9772522414851
332140.0,690.2764209345635
332160.0,699.5350758151015
332180.0,710.4506049940672
332200.0,718.157919277176
332220.0,
332240.0,
332260.0,
332280.0,
332300.0,
332320.0,
332340.0,
332360.0,
332380.0,
332400.0,
332420.0,
332440.0,
332460.0,
332480.0,
332500.0,
332520.0,
332540.0,
332560.0,
332580.0,
332600.0,
332620.0,
332640.0,
332660.0,
332680.0,
332700.0,
332720.0,
332740.0,
332760.0,
332780.0,
332800.0,
332820.0,
332840.0,
332860.0,
332880.0,
332900.0,
332920.0,
332940.0,
332960.0,
332980.0,
333000.0,
333020.0,
333040.0,
333060.0,
333080.0,
333100.0,
333120.0,
333140.0,
333160.0,
333180.0,
333200.0,
333220.0,
333240.0,
333260.0,
333280.0,
333300.0,
333320.0,
333340.0,
333360.0,
333380.0,1271.9548885684865
333400.0,1225.7194172844065
333420.0,1151.255004667932
333440.0,1079.8378926135144
333460.0,1018.6009555838327
333480.0,971.2917833852382
333500.0,938.3036000160558
333520.0,917.5592004306454
333540.0,905.6317876652499
333560.0,898.7310231527521
333580.0,893.3819748034297
333600.0,886.7972547283887
333620.0,877.0385716163039
333640.0,863.0840926312039
333660.0,844.8855969928452
333680.0,824.5426998005088
333700.0,
333720.0,
333740.0,
333760.0,
333780.0,
333800.0,
333820.0,
333840.0,
333860.0,
333880.0,
333900.0,
333920.0,
333940.0,
333960.0,
333980.0,
334000.0,
334020.0,
334040.0,
334060.0,
334080.0,
334100.0,
334120.0,
334140.0,
334160.0,
334180.0,
334200.0,
334220.0,
334240.0,
334260.0,
334280.0,
334300.0,
334320.0,
334340.0,
334360.0,
334380.0,
334400.0,
334420.0,
334440.0,
334460.0,
334480.0,
334500.0,
334520.0,
334540.0,
334560.0,
334580.0,
334600.0,
334620.0,
334640.0,
334660.0,
334680.0,
334700.0,
334720.0,
334740.0,
334760.0,
334780.0,
334800.0,
334820.0,
334840.0,
334860.0,
334880.0,
334900.0,
334920.0,
334940.0,
334960.0,
334980.0,
335000.0,
335020.0,
335040.0,
335060.0,718.5252554382531
335080.0,761.0812578872062
335100.0,809.2045074289333
335120.0,847.8950340280478
335140.0,875.6074027184484
335160.0,893.0499534383167
335180.0,902.350140582211
335200.0,906.16784639247
335220.0,906.9988255649793
335240.0,906.7598252175912
335260.0,906.6451819607928
335280.0,907.1964146111479
335300.0,908.490391919684
335320.0,910.3473044589621
335340.0,912.4843991639989
335360.0,914.5928909677781
335380.0,916.3591968183755
335400.0,917.4651725065441
335420.0,917.6062226434358
335440.0,916.5512256494349
335460.0,915.3610983338332
335480.0,
335500.0,
335520.0,
335540.0,
335560.0,
335580.0,
335600.0,
335620.0,
335640.0,
335660.0,
335680.0,
335700.0,
335720.0,
335740.0,
335760.0,
335780.0,
335800.0,
335820.0,
335840.0,
335860.0,
335880.0,
335900.0,
335920.0,
335940.0,
335960.0,
335980.0,
336000.0,
336020.0,
336040.0,
336060.0,
336080.0,
336100.0,
336120.0,
336140.0,
336160.0,
336180.0,
336200.0,
336220.0,
336240.0,
336260.0,
336280.0,
336300.0,
336320.0,
336340.0,
336360.0,
336380.0,
336400.0,
336420.0,
336440.0,
336460.0,
336480.0,
336500.0,
336520.0,
336540.0,
336560.0,
336580.0,
336600.0,
336620.0,
336640.0,
336660.0,
336680.0,
336700.0,
336720.0,
336740.0,
336760.0,
336780.0,
336800.0,
336820.0,
336840.0,
336860.0,
336880.0,
336900.0,
336920.0,
336940.0,
336960.0,
336980.0,
337000.0,
337020.0,
337040.0,
337060.0,
337080.0,
337100.0,
337120.0,
337140.0,
337160.0,
337180.0,
337200.0,915.2005740103599
337220.0,930.420202746559
337240.0,953.1836383648221
337260.0,978.9184515650417
337280.0,1012.2949175542186
337300.0,1054.9490996857812
337320.0,1104.054062958111
337340.0,1153.6057252350968
337360.0,1197.4039149351756
337380.0,1231.2515897758985
337400.0,1253.623246436991
337420.0,1265.347425327344
337440.0,1268.8426208828039
337460.0,1267.2711948330127
337480.0,1263.8104704407683
337500.0,1261.1103697694284
337520.0,1260.9252201973559
337540.0,1263.8746984104323
337560.0,1269.297494946471
337580.0,1275.1972394249838
337600.0,1278.3255886243617
337620.0,1274.4818455213676
337640.0,1259.1110562478252
337660.0,1228.233896593537
337680.0,1179.6276518221198
337700.0,1113.9938386981294
337720.0,1035.6000859321277
337740.0,951.5557822851188
337760.0,869.3529358579541
337780.0,794.6835195066293
337800.0,731.0233335082846
337820.0,680.2257021322918
337840.0,642.966744557986
337860.0,618.6301539100339
337880.0,605.3508837255885
337900.0,600.478663949351
337920.0,601.1606331884791
337940.0,604.8188811003332
337960.0,609.4325374804138
337980.0,613.6248471851242
338000.0,616.6060015335689
338020.0,618.0405577410405
338040.0,617.9038792474742
338060.0,616.3743393908167
338080.0,613.7843388361318
338100.0,610.6286567442667
338120.0,607.6068039971271
338140.0,605.6595942795072
338160.0,605.9518554247563
338180.0,609.7563505056066
338200.0,618.2122413530072
338220.0,631.9680201745898
338240.0,650.7749896195324
338260.0,673.1704628980322
338280.0,696.4714660887687
338300.0,717.3359980166263
338320.0,732.7885858195599
338340.0,741.0320871238166
338360.0,741.7621861008604
338380.0,736.1174896785984
338400.0,726.3537146356896
338420.0,720.22401048229
338440.0,
338460.0,
338480.0,
338500.0,
338520.0,
338540.0,
338560.0,
338580.0,
338600.0,
338620.0,
338640.0,
338660.0,
338680.0,
338700.0,
338720.0,
338740.0,
338760.0,
338780.0,
338800.0,
338820.0,
338840.0,
338860.0,
338880.0,
338900.0,
338920.0,
338940.0,
338960.0,
338980.0,
339000.0,
339020.0,
339040.0,
339060.0,
339080.0,
339100.0,
339120.0,
339140.0,
339160.0,
339180.0,
339200.0,
339220.0,
339240.0,
339260.0,
339280.0,
339300.0,
339320.0,
339340.0,
339360.0,
339380.0,
339400.0,
339420.0,
339440.0,
339460.0,
339480.0,
339500.0,
339520.0,
339540.0,
339560.0,
339580.0,
339600.0,
339620.0,
339640.0,
339660.0,
339680.0,
339700.0,
339720.0,
339740.0,
339760.0,
339780.0,
339800.0,
339820.0,
339840.0,
339860.0,
339880.0,
339900.0,
339920.0,
339940.0,
339960.0,
339980.0,
340000.0,
340020.0,
340040.0,
340060.0,
340080.0,
340100.0,
340120.0,
340140.0,
340160.0,
340180.0,
340200.0,
340220.0,
340240.0,
340260.0,
340280.0,
340300.0,
340320.0,
340340.0,
340360.0,
340380.0,
340400.0,
340420.0,
340440.0,
340460.0,
340480.0,
340500.0,
340520.0,
340540.0,
340560.0,
340580.0,
340600.0,
340620.0,
340640.0,
340660.0,
340680.0,
340700.0,
340720.0,
340740.0,
340760.0,
340780.0,
340800.0,
340820.0,
340840.0,
340860.0,
340880.0,
340900.0,
340920.0,
340940.0,
340960.0,
340980.0,
341000.0,
341020.0,
341040.0,
341060.0,
341080.0,
341100.0,
341120.0,
341140.0,
341160.0,
341180.0,
341200.0,
341220.0,
341240.0,
341260.0,
341280.0,
341300.0,
341320.0,
341340.0,
341360.0,
341380.0,
341400.0,
341420.0,1186.8749512785414
341440.0,1091.7347810755389
341460.0,989.1767765474578
341480.0,906.6403042653994
341500.0,849.3081986930767
341520.0,817.0897270327257
341540.0,806.100172748955
341560.0,810.4738845435253
341580.0,823.9312962851727
341600.0,840.8535937890807
341620.0,856.8444584442211
341640.0,868.8952743796019
341660.0,875.3082669376681
341680.0,875.499248305249
341700.0,869.7426156848602
341720.0,858.9142892789383
341740.0,844.2637740852194
341760.0,827.2083364595373
341780.0,809.1515746343669
341800.0,791.3344838063258
341820.0,774.7273964479834
341840.0,759.9795888759098
341860.0,747.4291971344796
341880.0,737.1586198606863
341900.0,729.0771206757117
341920.0,723.0069135915696
341940.0,718.7489421988123
341960.0,716.1270007514088
341980.0,715.0172905190145
342000.0,715.3639692545903
342020.0,717.1748307122243
342040.0,720.4947709394321
342060.0,725.3585326190043
342080.0,731.7239896844401
342100.0,739.4020145391794
342120.0,748.0024634003987
342140.0,756.9100938568301
342160.0,765.3050886509798
342180.0,772.2407954057975
342200.0,776.7883485203154
342220.0,778.2433236692574
342240.0,776.377679968255
342260.0,771.6758698998806
342280.0,766.0790299977376
342300.0,
342320.0,
342340.0,
342360.0,
342380.0,
342400.0,
342420.0,
342440.0,
342460.0,
342480.0,
342500.0,
342520.0,
342540.0,
342560.0,
342580.0,
342600.0,
342620.0,
342640.0,
342660.0,
342680.0,
342700.0,
342720.0,
342740.0,
342760.0,
342780.0,
342800.0,
342820.0,
342840.0,
342860.0,
342880.0,
342900.0,
342920.0,
342940.0,
342960.0,
342980.0,
343000.0,
343020.0,
343040.0,
343060.0,
343080.0,
343100.0,
343120.0,
343140.0,
343160.0,
343180.0,
343200.0,
343220.0,
343240.0,
343260.0,
343280.0,
343300.0,
343320.0,
343340.0,
343360.0,
343380.0,
343400.0,
343420.0,
343440.0,
343460.0,
343480.0,
343500.0,
343520.0,
343540.0,
343560.0,
343580.0,
343600.0,
343620.0,
343640.0,
343660.0,
343680.0,
343700.0,
343720.0,1489.1160566373887
343740.0,1434.0941464614275
343760.0,1345.2232453775084
343780.0,1276.4499188329385
343800.0,1246.0494977924532
343820.0,1264.2656569853352
343840.0,1329.7308124247252
343860.0,1429.614224457722
343880.0,1543.5897827732397
343900.0,1650.2268021757977
343920.0,1731.9530989317489
343940.0,1776.9811495784415
343960.0,1779.330326955007
343980.0,1738.1889136519003
344000.0,1657.2718108046436
344020.0,1544.3819221313183
344040.0,1411.2186155767522
344060.0,1272.4011239093056
344080.0,1142.581171872022
344100.0,1033.0906948553381
344120.0,949.941526545685
344140.0,893.7379152351168
344160.0,861.0148134554622
344180.0,846.0975833160746
344200.0,842.8185481602746
344220.0,845.739897807998
344240.0,850.7833667212626
344260.0,855.3451367615453
344280.0,858.0660754640751
344300.0,858.4416617841596
344320.0,856.4256694430553
344340.0,852.1505432596161
344360.0,845.828164661146
344380.0,837.8290659145292
344400.0,828.9021264928255
344420.0,820.4590297491535
344440.0,814.8129798370871
344460.0,815.2333413721342
344480.0,825.6608486787898
344500.0,849.9856535076312
344520.0,890.8822775249786
344540.0,948.3397116835416
344560.0,1018.2491988710944
344580.0,1091.6665285133
344600.0,1155.5939252219785
344620.0,1196.135240993379
344640.0,1203.5101906960322
344660.0,1178.4801999133035
344680.0,
344700.0,
344720.0,
344740.0,
344760.0,
344780.0,
344800.0,
344820.0,
344840.0,
344860.0,
344880.0,
344900.0,
344920.0,
344940.0,
344960.0,
344980.0,
345000.0,
345020.0,
345040.0,
345060.0,
345080.0,
345100.0,
345120.0,
345140.0,
345160.0,
345180.0,
345200.0,
345220.0,
345240.0,
345260.0,
345280.0,
345300.0,
345320.0,
345340.0,
345360.0,
345380.0,
345400.0,
345420.0,
345440.0,
345460.0,
345480.0,
345500.0,
345520.0,
345540.0,
345560.0,
345580.0,
345600.0,
345620.0,
345640.0,
345660.0,
345680.0,
345700.0,
345720.0,
345740.0,
345760.0,
345780.0,
345800.0,
345820.0,
345840.0,
345860.0,
345880.0,
345900.0,
345920.0,
345940.0,
345960.0,
345980.0,
346000.0,
346020.0,
346040.0,
346060.0,
346080.0,
346100.0,
346120.0,
346140.0,
346160.0,
346180.0,
346200.0,
346220.0,
346240.0,
346260.0,
346280.0,
346300.0,
346320.0,
346340.0,
346360.0,
346380.0,
346400.0,
346420.0,
346440.0,
346460.0,
346480.0,
346500.0,
346520.0,
346540.0,
346560.0,
346580.0,
346600.0,
346620.0,
346640.0,
346660.0,
346680.0,
346700.0,
346720.0,
346740.0,
346760.0,
346780.0,
346800.0,
346820.0,
346840.0,
346860.0,
346880.0,
346900.0,
346920.0,
346940.0,
346960.0,
346980.0,
347000.0,
347020.0,
347040.0,
347060.0,
347080.0,
347100.0,
347120.0,
347140.0,
347160.0,
347180.0,
347200.0,
347220.0,
347240.0,
347260.0,
347280.0,
347300.0,
347320.0,
347340.0,
347360.0,
347380.0,
347400.0,
347420.0,
347440.0,
347460.0,
347480.0,
347500.0,
347520.0,
347540.0,
347560.0,
347580.0,
347600.0,
347620.0,
347640.0,
347660.0,
347680.0,
347700.0,
347720.0,
347740.0,
347760.0,
347780.0,
347800.0,
347820.0,
347840.0,
347860.0,
347880.0,
347900.0,
347920.0,
347940.0,
347960.0,
347980.0,
348000.0,
348020.0,
348040.0,
348060.0,
348080.0,
348100.0,
348120.0,
348140.0,
348160.0,
348180.0,
348200.0,
348220.0,
348240.0,
348260.0,
348280.0,
348300.0,
348320.0,
348340.0,
348360.0,
348380.0,
348400.0,
348420.0,
348440.0,
348460.0,
348480.0,
348500.0,
348520.0,
348540.0,
348560.0,
348580.0,
348600.0,
348620.0,
348640.0,
348660.0,
348680.0,
348700.0,
348720.0,
348740.0,
348760.0,
348780.0,
348800.0,
348820.0,
348840.0,
348860.0,
348880.0,
348900.0,
348920.0,
348940.0,
348960.0,
348980.0,
349000.0,
349020.0,
349040.0,
349060.0,
349080.0,
349100.0,
349120.0,
349140.0,
349160.0,
349180.0,
349200.0,
349220.0,
349240.0,
349260.0,
349280.0,
349300.0,
349320.0,
349340.0,
349360.0,
349380.0,
349400.0,
349420.0,
349440.0,
349460.0,
349480.0,
349500.0,
349520.0,
349540.0,
349560.0,
349580.0,
349600.0,
349620.0,
349640.0,
349660.0,
349680.0,
349700.0,
349720.0,
349740.0,
349760.0,
349780.0,
349800.0,
349820.0,
349840.0,
349860.0,
349880.0,
349900.0,
349920.0,
349940.0,
349960.0,
349980.0,
350000.0,
350020.0,
350040.0,
350060.0,
350080.0,
350100.0,
350120.0,
350140.0,
350160.0,
350180.0,
350200.0,
350220.0,
350240.0,
350260.0,
350280.0,
350300.0,
350320.0,
350340.0,
350360.0,
350380.0,
350400.0,
350420.0,
350440.0,
350460.0,
350480.0,
350500.0,
350520.0,
350540.0,
350560.0,
350580.0,
350600.0,
350620.0,
350640.0,
350660.0,
350680.0,
350700.0,
350720.0,
350740.0,
350760.0,
350780.0,
350800.0,
350820.0,
350840.0,
350860.0,
350880.0,
350900.0,
350920.0,
350940.0,
350960.0,
350980.0,
351000.0,
351020.0,
351040.0,
351060.0,
351080.0,
351100.0,
351120.0,
351140.0,
351160.0,
351180.0,
351200.0,
351220.0,
351240.0,
351260.0,
351280.0,
351300.0,
351320.0,
351340.0,
351360.0,
351380.0,
351400.0,
351420.0,
351440.0,
351460.0,
351480.0,
351500.0,
351520.0,
351540.0,
351560.0,
351580.0,
351600.0,
351620.0,
351640.0,
351660.0,
351680.0,
351700.0,
351720.0,
351740.0,
351760.0,
351780.0,
351800.0,
351820.0,
351840.0,
351860.0,
351880.0,
351900.0,
351920.0,
351940.0,
351960.0,
351980.0,
352000.0,
352020.0,
352040.0,
352060.0,
352080.0,
352100.0,
352120.0,
352140.0,
352160.0,
352180.0,
352200.0,
352220.0,
352240.0,
352260.0,
352280.0,
352300.0,
352320.0,
352340.0,
352360.0,
352380.0,
352400.0,
352420.0,
352440.0,
352460.0,
352480.0,
352500.0,
352520.0,
352540.0,
352560.0,
352580.0,
352600.0,
352620.0,
352640.0,
352660.0,
352680.0,
352700.0,
352720.0,
352740.0,
352760.0,
352780.0,
352800.0,
352820.0,
352840.0,
352860.0,
352880.0,
352900.0,
352920.0,
352940.0,
352960.0,
352980.0,
353000.0,
353020.0,
353040.0,
353060.0,
353080.0,
353100.0,
353120.0,
353140.0,
353160.0,
353180.0,
353200.0,
353220.0,
353240.0,
353260.0,
353280.0,
353300.0,
353320.0,
353340.0,
353360.0,
353380.0,
353400.0,
353420.0,
353440.0,
353460.0,
353480.0,
353500.0,
353520.0,
353540.0,
353560.0,
353580.0,
353600.0,
353620.0,
353640.0,
353660.0,
353680.0,
353700.0,
353720.0,
353740.0,
353760.0,
353780.0,
353800.0,
353820.0,
353840.0,
353860.0,
353880.0,
353900.0,
353920.0,
353940.0,
353960.0,
353980.0,
354000.0,
354020.0,
354040.0,
354060.0,
354080.0,
354100.0,
354120.0,
354140.0,
354160.0,
354180.0,
354200.0,
354220.0,
354240.0,
354260.0,
354280.0,
354300.0,
354320.0,
354340.0,
354360.0,
354380.0,
354400.0,
354420.0,
354440.0,
354460.0,
354480.0,
354500.0,
354520.0,
354540.0,
354560.0,
354580.0,
354600.0,
354620.0,
354640.0,
354660.0,
354680.0,
354700.0,
354720.0,
354740.0,
354760.0,
354780.0,
354800.0,
354820.0,
354840.0,
354860.0,
354880.0,
354900.0,
354920.0,
354940.0,
354960.0,
354980.0,
355000.0,
355020.0,
355040.0,
355060.0,
355080.0,
355100.0,
355120.0,
355140.0,
355160.0,
355180.0,
355200.0,
355220.0,
355240.0,
355260.0,
355280.0,
355300.0,
355320.0,
355340.0,
355360.0,
355380.0,
355400.0,
355420.0,
355440.0,
355460.0,
355480.0,
355500.0,
355520.0,
355540.0,
355560.0,
355580.0,
355600.0,
355620.0,
355640.0,
355660.0,
355680.0,
355700.0,
355720.0,
355740.0,
355760.0,
355780.0,
355800.0,
355820.0,
355840.0,
355860.0,
355880.0,
355900.0,
355920.0,
355940.0,
355960.0,
355980.0,
356000.0,
356020.0,
356040.0,
356060.0,
356080.0,
356100.0,
356120.0,
356140.0,
356160.0,
356180.0,
356200.0,
356220.0,
356240.0,
356260.0,
356280.0,
356300.0,
356320.0,
356340.0,
356360.0,
356380.0,
356400.0,
356420.0,
356440.0,
356460.0,
356480.0,
356500.0,
356520.0,
356540.0,
356560.0,
356580.0,
356600.0,
356620.0,
356640.0,
356660.0,
356680.0,
356700.0,
356720.0,
356740.0,
356760.0,
356780.0,
356800.0,
356820.0,
356840.0,
356860.0,
356880.0,
356900.0,
356920.0,
356940.0,
356960.0,
356980.0,
357000.0,
357020.0,
357040.0,
357060.0,
357080.0,
357100.0,
357120.0,
357140.0,
357160.0,
357180.0,
357200.0,
357220.0,
357240.0,
357260.0,
357280.0,
357300.0,
357320.0,
357340.0,
357360.0,
357380.0,
357400.0,
357420.0,
357440.0,
357460.0,
357480.0,
357500.0,
357520.0,
357540.0,
357560.0,
357580.0,
357600.0,
357620.0,
357640.0,
357660.0,
357680.0,
357700.0,
357720.0,
357740.0,
357760.0,
357780.0,
357800.0,
357820.0,
357840.0,
357860.0,
357880.0,
357900.0,
357920.0,
357940.0,
357960.0,
357980.0,1057.2237266995828
358000.0,1059.5361514849924
358020.0,1049.2789188959123
358040.0,1029.0105362160155
358060.0,1004.9433181982733
358080.0,982.57653595547
358100.0,965.5222145957814
358120.0,955.2449056290088
358140.0,951.3681030148889
358160.0,952.261208096369
358180.0,955.6923028674834
358200.0,959.4135301053517
358220.0,961.6152151210575
358240.0,961.2000159253821
358260.0,957.8526269098822
358280.0,951.9377414780608
358300.0,944.2799660350017
358320.0,935.8668892692328
358340.0,927.5051002418301
358360.0,919.470129382313
358380.0,911.2209277767697
358400.0,901.2727654395701
358420.0,887.3215560788336
358440.0,866.6811599679598
358460.0,837.0258112550371
358480.0,797.302110928987
358500.0,748.5086833497587
358520.0,693.9822547530547
358540.0,655.0120145027138
358560.0,
358580.0,
358600.0,
358620.0,
358640.0,
358660.0,
358680.0,
358700.0,
358720.0,
358740.0,
358760.0,
358780.0,
358800.0,
358820.0,
358840.0,
358860.0,
358880.0,
358900.0,
358920.0,
358940.0,
358960.0,
358980.0,
359000.0,
359020.0,
359040.0,
359060.0,
359080.0,
359100.0,
359120.0,
359140.0,
359160.0,
359180.0,
359200.0,
359220.0,
359240.0,
359260.0,
359280.0,
359300.0,
359320.0,
359340.0,
359360.0,
359380.0,
359400.0,
359420.0,
359440.0,
359460.0,
359480.0,
359500.0,
359520.0,
359540.0,
359560.0,
359580.0,
359600.0,
359620.0,
359640.0,
359660.0,
359680.0,
359700.0,
359720.0,
359740.0,
359760.0,
359780.0,
359800.0,
359820.0,
359840.0,
359860.0,
359880.0,
359900.0,
359920.0,
359940.0,
359960.0,
359980.0,
360000.0,
360020.0,
360040.0,
360060.0,
360080.0,
360100.0,
360120.0,
360140.0,
360160.0,
360180.0,
360200.0,
360220.0,
360240.0,
360260.0,
360280.0,
360300.0,
360320.0,
360340.0,
360360.0,
360380.0,
360400.0,
360420.0,
360440.0,
360460.0,
360480.0,
360500.0,
360520.0,
360540.0,
360560.0,
360580.0,
360600.0,
360620.0,
360640.0,
360660.0,
360680.0,
360700.0,
360720.0,
360740.0,
360760.0,
360780.0,
360800.0,
360820.0,
360840.0,
360860.0,
360880.0,
360900.0,
360920.0,
360940.0,
360960.0,
360980.0,
361000.0,
361020.0,
361040.0,
361060.0,
361080.0,
361100.0,
361120.0,
361140.0,
361160.0,
361180.0,
361200.0,
361220.0,
361240.0,
361260.0,
361280.0,
361300.0,
361320.0,
361340.0,
361360.0,
361380.0,
361400.0,
361420.0,
361440.0,
361460.0,
361480.0,
361500.0,
361520.0,
361540.0,
361560.0,
361580.0,
361600.0,
361620.0,
361640.0,
361660.0,
361680.0,
361700.0,
361720.0,
361740.0,
361760.0,
361780.0,
361800.0,
361820.0,
361840.0,
361860.0,
361880.0,
361900.0,
361920.0,
361940.0,
361960.0,
361980.0,
362000.0,
362020.0,
362040.0,
362060.0,
362080.0,
362100.0,
362120.0,
362140.0,
362160.0,
362180.0,
362200.0,
362220.0,
362240.0,
362260.0,
362280.0,
362300.0,
362320.0,
362340.0,
362360.0,
362380.0,
362400.0,
362420.0,
362440.0,
362460.0,
362480.0,
362500.0,
362520.0,
362540.0,
362560.0,
362580.0,
362600.0,
362620.0,
362640.0,
362660.0,
362680.0,
362700.0,
362720.0,
362740.0,
362760.0,
362780.0,
362800.0,
362820.0,
362840.0,
362860.0,
362880.0,
362900.0,
362920.0,
362940.0,
362960.0,
362980.0,
363000.0,
363020.0,
363040.0,
363060.0,
363080.0,
363100.0,
363120.0,
363140.0,
363160.0,
363180.0,
363200.0,
363220.0,
363240.0,
363260.0,
363280.0,
363300.0,
363320.0,
363340.0,
363360.0,
363380.0,
363400.0,
363420.0,
363440.0,
363460.0,
363480.0,
363500.0,
363520.0,
363540.0,
363560.0,
363580.0,
363600.0,
363620.0,
363640.0,
363660.0,
363680.0,
363700.0,
363720.0,
363740.0,
363760.0,
363780.0,
363800.0,
363820.0,
363840.0,
363860.0,
363880.0,
363900.0,
363920.0,
363940.0,
363960.0,
363980.0,
364000.0,
364020.0,
364040.0,
364060.0,
364080.0,
364100.0,
364120.0,
364140.0,
364160.0,
364180.0,
364200.0,
364220.0,
364240.0,
364260.0,
364280.0,
364300.0,
364320.0,
364340.0,
364360.0,
364380.0,
364400.0,
364420.0,
364440.0,
364460.0,
364480.0,
364500.0,
364520.0,
364540.0,
364560.0,
364580.0,
364600.0,
364620.0,
364640.0,
364660.0,
364680.0,
364700.0,
364720.0,
364740.0,
364760.0,
364780.0,
364800.0,
364820.0,
364840.0,
364860.0,
364880.0,
364900.0,
364920.0,
364940.0,
364960.0,
364980.0,
365000.0,
365020.0,
365040.0,
365060.0,
365080.0,
365100.0,
365120.0,
365140.0,
365160.0,
365180.0,
365200.0,
365220.0,
365240.0,
365260.0,
365280.0,
365300.0,
365320.0,
365340.0,
365360.0,
365380.0,
365400.0,
365420.0,
365440.0,
365460.0,
365480.0,
365500.0,
365520.0,
365540.0,
365560.0,
365580.0,
365600.0,
365620.0,
365640.0,
365660.0,
365680.0,
365700.0,
365720.0,
365740.0,
365760.0,
365780.0,
365800.0,
365820.0,
365840.0,
365860.0,
365880.0,
365900.0,
365920.0,
365940.0,
365960.0,
365980.0,
366000.0,
366020.0,
366040.0,
366060.0,
366080.0,
366100.0,
366120.0,
366140.0,
366160.0,
366180.0,
366200.0,
366220.0,
366240.0,
366260.0,
366280.0,
366300.0,
366320.0,
366340.0,
366360.0,
366380.0,
366400.0,
366420.0,
366440.0,
366460.0,
366480.0,
366500.0,
366520.0,
366540.0,
366560.0,
366580.0,
366600.0,
366620.0,
366640.0,
366660.0,
366680.0,
366700.0,
366720.0,
366740.0,
366760.0,
366780.0,
366800.0,
366820.0,
366840.0,
366860.0,
366880.0,
366900.0,
366920.0,
366940.0,
366960.0,
366980.0,
367000.0,
367020.0,
367040.0,
367060.0,
367080.0,
367100.0,
367120.0,
367140.0,
367160.0,
367180.0,
367200.0,
367220.0,
367240.0,
367260.0,
367280.0,
367300.0,
367320.0,
367340.0,
367360.0,
367380.0,
367400.0,
367420.0,
367440.0,
367460.0,
367480.0,
367500.0,
367520.0,
367540.0,
367560.0,
367580.0,
367600.0,
367620.0,
367640.0,
367660.0,
367680.0,
367700.0,
367720.0,
367740.0,
367760.0,
367780.0,
367800.0,
367820.0,
367840.0,
367860.0,
367880.0,
367900.0,
367920.0,
367940.0,
367960.0,
367980.0,
368000.0,
368020.0,
368040.0,
368060.0,
368080.0,
368100.0,
368120.0,
368140.0,
368160.0,
368180.0,
368200.0,
368220.0,
368240.0,
368260.0,
368280.0,
368300.0,
368320.0,
368340.0,
368360.0,
368380.0,
368400.0,
368420.0,
368440.0,
368460.0,
368480.0,
368500.0,
368520.0,
368540.0,
368560.0,
368580.0,
368600.0,
368620.0,
368640.0,
368660.0,
368680.0,
368700.0,
368720.0,
368740.0,
368760.0,
368780.0,
368800.0,
368820.0,
368840.0,
368860.0,
368880.0,
368900.0,
368920.0,
368940.0,
368960.0,
368980.0,
369000.0,
369020.0,
369040.0,
369060.0,
369080.0,
369100.0,
369120.0,
369140.0,
369160.0,
369180.0,
369200.0,
369220.0,
369240.0,
369260.0,
369280.0,
369300.0,
369320.0,
369340.0,
369360.0,
369380.0,
369400.0,
369420.0,
369440.0,
369460.0,
369480.0,
369500.0,
369520.0,
369540.0,
369560.0,
369580.0,
369600.0,
369620.0,
369640.0,
369660.0,
369680.0,
369700.0,
369720.0,
369740.0,
369760.0,
369780.0,
369800.0,
369820.0,
369840.0,
369860.0,
369880.0,
369900.0,
369920.0,
369940.0,
369960.0,
369980.0,
370000.0,
370020.0,
370040.0,
370060.0,
370080.0,
370100.0,
370120.0,
370140.0,
370160.0,
370180.0,
370200.0,
370220.0,
370240.0,
370260.0,
370280.0,
370300.0,
370320.0,
370340.0,
370360.0,
370380.0,
370400.0,
370420.0,
370440.0,
370460.0,
370480.0,
370500.0,
370520.0,
370540.0,
370560.0,
370580.0,
370600.0,
370620.0,
370640.0,
370660.0,
370680.0,
370700.0,
370720.0,
370740.0,
370760.0,
370780.0,
370800.0,
370820.0,
370840.0,
370860.0,
370880.0,
370900.0,
370920.0,
370940.0,
370960.0,
370980.0,
371000.0,
371020.0,
371040.0,
371060.0,
371080.0,
371100.0,
371120.0,
371140.0,
371160.0,
371180.0,
371200.0,
371220.0,
371240.0,
371260.0,
371280.0,
371300.0,
371320.0,
371340.0,
371360.0,
371380.0,
371400.0,
371420.0,
371440.0,
371460.0,
371480.0,
371500.0,
371520.0,
371540.0,
371560.0,
371580.0,
371600.0,
371620.0,
371640.0,
371660.0,
371680.0,
371700.0,
371720.0,
371740.0,
371760.0,
371780.0,
371800.0,
371820.0,
371840.0,
371860.0,
371880.0,
371900.0,
371920.0,
371940.0,
371960.0,
371980.0,
372000.0,
372020.0,
372040.0,
372060.0,
372080.0,
372100.0,
372120.0,
372140.0,
372160.0,
372180.0,
372200.0,
372220.0,
372240.0,
372260.0,
372280.0,
372300.0,
372320.0,
372340.0,
372360.0,
372380.0,
372400.0,
372420.0,
372440.0,
372460.0,
372480.0,
372500.0,
372520.0,
372540.0,
372560.0,
372580.0,
372600.0,
372620.0,
372640.0,
372660.0,
372680.0,
372700.0,
372720.0,
372740.0,
372760.0,
372780.0,
372800.0,
372820.0,
372840.0,
372860.0,
372880.0,
372900.0,
372920.0,
372940.0,
372960.0,
372980.0,
373000.0,
373020.0,
373040.0,
373060.0,
373080.0,
373100.0,
373120.0,
373140.0,
373160.0,
373180.0,
373200.0,
373220.0,
373240.0,
373260.0,
373280.0,
373300.0,
373320.0,
373340.0,
373360.0,
373380.0,
373400.0,
373420.0,
373440.0,
373460.0,
373480.0,
373500.0,
373520.0,
373540.0,
373560.0,
373580.0,
373600.0,
373620.0,
373640.0,
373660.0,
373680.0,
373700.0,
373720.0,
373740.0,
373760.0,
373780.0,
373800.0,
373820.0,
373840.0,
373860.0,
373880.0,
373900.0,
373920.0,
373940.0,
373960.0,
373980.0,
374000.0,
374020.0,
374040.0,
374060.0,
374080.0,
374100.0,
374120.0,
374140.0,
374160.0,
374180.0,
374200.0,
374220.0,
374240.0,
374260.0,
374280.0,
374300.0,
374320.0,
374340.0,
374360.0,
374380.0,
374400.0,
374420.0,
374440.0,
374460.0,
374480.0,
374500.0,
374520.0,
374540.0,
374560.0,
374580.0,
374600.0,
374620.0,
374640.0,
374660.0,
374680.0,
374700.0,
374720.0,
374740.0,
374760.0,
374780.0,
374800.0,
374820.0,
374840.0,
374860.0,
374880.0,
374900.0,
374920.0,
374940.0,
374960.0,
374980.0,
375000.0,
375020.0,
375040.0,
375060.0,
375080.0,
375100.0,
375120.0,
375140.0,
375160.0,
375180.0,
375200.0,
375220.0,
375240.0,
375260.0,
375280.0,
375300.0,
375320.0,
375340.0,
375360.0,
375380.0,
375400.0,
375420.0,
375440.0,
375460.0,
375480.0,
375500.0,
375520.0,
375540.0,
375560.0,
375580.0,
375600.0,
375620.0,
375640.0,
375660.0,
375680.0,
375700.0,
375720.0,
375740.0,
375760.0,
375780.0,
375800.0,
375820.0,
375840.0,
375860.0,
375880.0,
375900.0,
375920.0,
375940.0,
375960.0,
375980.0,
376000.0,
376020.0,
376040.0,
376060.0,
376080.0,
376100.0,
376120.0,
376140.0,
376160.0,
376180.0,
376200.0,
376220.0,
376240.0,
376260.0,
376280.0,
376300.0,
376320.0,
376340.0,
376360.0,
376380.0,
376400.0,
376420.0,
376440.0,
376460.0,
376480.0,
376500.0,
376520.0,
376540.0,
376560.0,
376580.0,
376600.0,
376620.0,
376640.0,
376660.0,
376680.0,
376700.0,
376720.0,
376740.0,
376760.0,
376780.0,
376800.0,
376820.0,
376840.0,
376860.0,
376880.0,
376900.0,
376920.0,
376940.0,
376960.0,
376980.0,
377000.0,
377020.0,
377040.0,
377060.0,
377080.0,
377100.0,
377120.0,
377140.0,
377160.0,
377180.0,
377200.0,
377220.0,
377240.0,
377260.0,
377280.0,
377300.0,
377320.0,
377340.0,
377360.0,
377380.0,
377400.0,
377420.0,
377440.0,
377460.0,
377480.0,
377500.0,
377520.0,
377540.0,
377560.0,
377580.0,
377600.0,
377620.0,
377640.0,
377660.0,
377680.0,
377700.0,
377720.0,
377740.0,
377760.0,
377780.0,
377800.0,
377820.0,
377840.0,
377860.0,
377880.0,
377900.0,
377920.0,
377940.0,
377960.0,
377980.0,
378000.0,
378020.0,
378040.0,
378060.0,
378080.0,
378100.0,
378120.0,
378140.0,
378160.0,
378180.0,
378200.0,
378220.0,
378240.0,
378260.0,
378280.0,
378300.0,
378320.0,
378340.0,
378360.0,
378380.0,
378400.0,
378420.0,
378440.0,
378460.0,
378480.0,
378500.0,
378520.0,
378540.0,
378560.0,
378580.0,
378600.0,
378620.0,
378640.0,
378660.0,
378680.0,
378700.0,
378720.0,
378740.0,
378760.0,
378780.0,
378800.0,
378820.0,
378840.0,
378860.0,
378880.0,
378900.0,
378920.0,
378940.0,
378960.0,
378980.0,
379000.0,
379020.0,
379040.0,
379060.0,
379080.0,
379100.0,
379120.0,
379140.0,
379160.0,
379180.0,
379200.0,
379220.0,
379240.0,
379260.0,
379280.0,
379300.0,
379320.0,173.88008082904426
379340.0,174.1140126343764
379360.0,174.8043468923241
379380.0,175.91077684583377
379400.0,177.28700535556715
379420.0,178.72135638355843
379440.0,180.01259079491592
379460.0,181.05470947654266
379480.0,181.858688502073
379500.0,182.51051452082055
379520.0,183.10761381245646
379540.0,183.69659025730274
379560.0,184.2621346925485
379580.0,184.76369515474684
379600.0,185.15828205941182
379620.0,185.39838666999248
379640.0,185.4594457678284
379660.0,185.37768122349763
379680.0,185.24902939630775
379700.0,185.18500236462492
379720.0,185.269228860777
379740.0,185.53404721130462
379760.0,185.94711896325725
379780.0,186.41539700905494
379800.0,186.80883692121293
379820.0,187.00057498497975
379840.0,186.91020514635017
379860.0,186.5519351270919
379880.0,186.04017253588933
379900.0,185.53902434543915
379920.0,185.20631143060578
379940.0,185.15922679456304
379960.0,185.47529672047364
379980.0,186.19308320274257
380000.0,187.3184138188978
380020.0,188.86020787415438
380040.0,189.98227258833623
380060.0,
380080.0,
380100.0,
380120.0,
380140.0,
380160.0,
380180.0,
380200.0,
380220.0,
380240.0,
380260.0,
380280.0,
380300.0,
380320.0,
380340.0,
380360.0,
380380.0,
380400.0,
380420.0,
380440.0,
380460.0,
380480.0,
380500.0,
380520.0,
380540.0,
380560.0,
380580.0,
380600.0,
380620.0,
380640.0,
380660.0,
380680.0,
380700.0,
380720.0,
380740.0,
380760.0,
380780.0,
380800.0,
380820.0,
380840.0,
380860.0,
380880.0,
380900.0,
380920.0,
380940.0,
380960.0,
380980.0,
381000.0,
381020.0,
381040.0,
381060.0,
381080.0,
381100.0,
381120.0,
381140.0,
381160.0,
381180.0,
381200.0,
381220.0,
381240.0,
381260.0,
381280.0,
381300.0,
381320.0,
381340.0,
381360.0,
381380.0,
381400.0,
381420.0,
381440.0,
381460.0,
381480.0,
381500.0,
381520.0,
381540.0,
381560.0,
381580.0,
381600.0,
381620.0,
381640.0,
381660.0,
381680.0,
381700.0,
381720.0,
381740.0,
381760.0,
381780.0,
381800.0,
381820.0,
381840.0,
381860.0,
381880.0,
381900.0,
381920.0,
381940.0,
381960.0,
381980.0,
382000.0,
382020.0,
382040.0,
382060.0,
382080.0,
382100.0,
382120.0,
382140.0,
382160.0,
382180.0,
382200.0,
382220.0,
382240.0,
382260.0,687.1008774942336
382280.0,691.8289270168436
382300.0,694.7370153760128
382320.0,694.2415928278834
382340.0,692.3151357249665
382360.0,691.5104513622533
382380.0,693.9723002513986
382400.0,700.720458132196
382420.0,711.3063294330909
382440.0,723.8902697784539
382460.0,735.8342674313348
382480.0,744.7232699229273
382500.0,749.1722648674124
382520.0,749.0293573976338
382540.0,745.1656544028008
382560.0,739.0819369531157
382580.0,732.4870758012607
382600.0,726.9372367693361
382620.0,723.5726446647946
382640.0,722.9426071553386
382660.0,724.8996901460163
382680.0,728.5495791630522
382700.0,732.2665730849066
382720.0,733.8191545290395
382740.0,730.6545153477841
382760.0,720.3716863912791
382780.0,701.3627710369982
382800.0,673.5127471630433
382820.0,638.7123906231882
382840.0,612.2139776254238
382860.0,
382880.0,
382900.0,
382920.0,
382940.0,
382960.0,
382980.0,
383000.0,
383020.0,
383040.0,
383060.0,
383080.0,
383100.0,
383120.0,
383140.0,
383160.0,
383180.0,
383200.0,
383220.0,
383240.0,
383260.0,
383280.0,
383300.0,
383320.0,
383340.0,
383360.0,
383380.0,
383400.0,
383420.0,
383440.0,
383460.0,
383480.0,
383500.0,
383520.0,
383540.0,
383560.0,
383580.0,
383600.0,
383620.0,
383640.0,
383660.0,
383680.0,
383700.0,
383720.0,
383740.0,
383760.0,
383780.0,
383800.0,
383820.0,
383840.0,
383860.0,
383880.0,
383900.0,
383920.0,
383940.0,
383960.0,
383980.0,
384000.0,
384020.0,
384040.0,
384060.0,
384080.0,
384100.0,
384120.0,
384140.0,
384160.0,
384180.0,
384200.0,
384220.0,
384240.0,
384260.0,
384280.0,
384300.0,
384320.0,
384340.0,
384360.0,
384380.0,
384400.0,
384420.0,
384440.0,
384460.0,
384480.0,
384500.0,
384520.0,
384540.0,
384560.0,
384580.0,
384600.0,
384620.0,
384640.0,
384660.0,
384680.0,
384700.0,
384720.0,
384740.0,
384760.0,
384780.0,
384800.0,
384820.0,
384840.0,
384860.0,
384880.0,
384900.0,
384920.0,
384940.0,
384960.0,
384980.0,
385000.0,
385020.0,
385040.0,
385060.0,
385080.0,
385100.0,
385120.0,
385140.0,
385160.0,
385180.0,
385200.0,
385220.0,
385240.0,
385260.0,
385280.0,
385300.0,
385320.0,
385340.0,
385360.0,
385380.0,
385400.0,
385420.0,
385440.0,
385460.0,
385480.0,
385500.0,
385520.0,
385540.0,
385560.0,
385580.0,
385600.0,
385620.0,
385640.0,
385660.0,
385680.0,
385700.0,
385720.0,
385740.0,
385760.0,
385780.0,
385800.0,
385820.0,
385840.0,
385860.0,
385880.0,
385900.0,
385920.0,
385940.0,
385960.0,
385980.0,
386000.0,
386020.0,
386040.0,
386060.0,
386080.0,
386100.0,
386120.0,
386140.0,
386160.0,
386180.0,
386200.0,
386220.0,
386240.0,
386260.0,
386280.0,
386300.0,
386320.0,
386340.0,
386360.0,
386380.0,
386400.0,
386420.0,
386440.0,
386460.0,
386480.0,
386500.0,
386520.0,
386540.0,
386560.0,
386580.0,1463.9210108065954
386600.0,1501.1372511545585
386620.0,1557.7304525676486
386640.0,1609.0590732213866
386660.0,1651.5044207334017
386680.0,1683.7506003642673
386700.0,1706.2634632094646
386720.0,1720.2537218098769
386740.0,1726.5934194277747
386760.0,1725.1057213071958
386780.0,1714.4334951704463
386800.0,1692.388486269499
386820.0,1656.5320905612043
386840.0,1604.6605684502742
386860.0,1535.25016383073
386880.0,1448.6121196082836
386900.0,1348.6507842921906
386920.0,1243.861299395956
386940.0,1146.2887231484906
386960.0,1068.442295436229
386980.0,1020.4455880519639
387000.0,1008.7592028634677
387020.0,1035.7598831574237
387040.0,1099.4736326116308
387060.0,1193.3041516953876
387080.0,1306.204216777201
387100.0,1424.2675012759373
387120.0,1534.317332510848
387140.0,1627.029369240478
387160.0,1697.2437242242104
387180.0,1743.0267375948054
387200.0,1764.2461855506021
387220.0,1761.0550343330713
387240.0,1733.0322788959486
387260.0,1679.375160864343
387280.0,1600.093634247672
387300.0,1497.7798331232382
387320.0,1379.1107103026213
387340.0,1285.6633269678982
387360.0,
387380.0,
387400.0,
387420.0,
387440.0,
387460.0,
387480.0,
387500.0,
387520.0,
387540.0,
387560.0,
387580.0,
387600.0,
387620.0,
387640.0,
387660.0,
387680.0,
387700.0,
387720.0,
387740.0,
387760.0,
387780.0,
387800.0,
387820.0,
387840.0,
387860.0,
387880.0,
387900.0,
387920.0,
387940.0,
387960.0,
387980.0,
388000.0,
388020.0,
388040.0,
388060.0,
388080.0,
388100.0,
388120.0,
388140.0,
388160.0,
388180.0,
388200.0,
388220.0,
388240.0,
388260.0,
388280.0,
388300.0,
388320.0,
388340.0,
388360.0,
388380.0,
388400.0,
388420.0,
388440.0,
388460.0,
388480.0,
388500.0,
388520.0,
388540.0,
388560.0,
388580.0,
388600.0,
388620.0,
388640.0,
388660.0,
388680.0,
388700.0,
388720.0,
388740.0,
388760.0,
388780.0,
388800.0,
388820.0,
388840.0,
388860.0,
388880.0,
388900.0,
388920.0,
388940.0,
388960.0,
388980.0,
389000.0,
389020.0,
389040.0,
389060.0,
389080.0,
389100.0,
389120.0,
389140.0,
389160.0,
389180.0,
389200.0,
389220.0,
389240.0,
389260.0,
389280.0,
389300.0,
389320.0,
389340.0,
389360.0,
389380.0,
389400.0,
389420.0,
389440.0,
389460.0,
389480.0,
389500.0,
389520.0,
389540.0,
389560.0,
389580.0,
389600.0,
389620.0,
389640.0,
389660.0,
389680.0,
389700.0,
389720.0,
389740.0,
389760.0,
389780.0,
389800.0,
389820.0,
389840.0,
389860.0,
389880.0,
389900.0,
389920.0,
389940.0,
389960.0,
389980.0,
390000.0,
390020.0,
390040.0,
390060.0,
390080.0,
390100.0,
390120.0,
390140.0,
390160.0,
390180.0,
390200.0,
390220.0,
390240.0,
390260.0,
390280.0,
390300.0,
390320.0,
390340.0,
390360.0,
390380.0,
390400.0,
390420.0,
390440.0,
390460.0,
390480.0,
390500.0,
390520.0,
390540.0,
390560.0,
390580.0,
390600.0,
390620.0,
390640.0,
390660.0,
390680.0,
390700.0,
390720.0,
390740.0,
390760.0,
390780.0,
390800.0,
390820.0,
390840.0,
390860.0,
390880.0,
390900.0,
390920.0,
390940.0,
390960.0,
390980.0,
391000.0,
391020.0,
391040.0,
391060.0,
391080.0,
391100.0,
391120.0,
391140.0,
391160.0,
391180.0,
391200.0,
391220.0,
391240.0,
391260.0,
391280.0,
391300.0,
391320.0,
391340.0,
391360.0,
391380.0,
391400.0,
391420.0,
391440.0,
391460.0,
391480.0,
391500.0,
391520.0,
391540.0,
391560.0,
391580.0,
391600.0,
391620.0,
391640.0,
391660.0,
391680.0,
391700.0,
391720.0,
391740.0,
391760.0,
391780.0,
391800.0,
391820.0,
391840.0,
391860.0,
391880.0,
391900.0,
391920.0,
391940.0,
391960.0,
391980.0,
392000.0,
392020.0,
392040.0,
392060.0,
392080.0,
392100.0,
392120.0,
392140.0,
392160.0,
392180.0,
392200.0,
392220.0,
392240.0,
392260.0,
392280.0,
392300.0,
392320.0,
392340.0,
392360.0,
392380.0,
392400.0,
392420.0,
392440.0,
392460.0,
392480.0,
392500.0,
392520.0,
392540.0,
392560.0,
392580.0,
392600.0,
392620.0,
392640.0,
392660.0,
392680.0,
392700.0,
392720.0,
392740.0,
392760.0,
392780.0,
392800.0,
392820.0,
392840.0,
392860.0,
392880.0,
392900.0,
392920.0,
392940.0,
392960.0,
392980.0,
393000.0,
393020.0,
393040.0,
393060.0,
393080.0,
393100.0,
393120.0,
393140.0,
393160.0,
393180.0,
393200.0,
393220.0,
393240.0,
393260.0,
393280.0,
393300.0,
393320.0,
393340.0,
393360.0,
393380.0,
393400.0,
393420.0,
393440.0,
393460.0,
393480.0,
393500.0,
393520.0,
393540.0,
393560.0,
393580.0,
393600.0,
393620.0,
393640.0,
393660.0,
393680.0,
393700.0,
393720.0,
393740.0,
393760.0,
393780.0,
393800.0,
393820.0,
393840.0,
393860.0,
393880.0,
393900.0,
393920.0,
393940.0,
393960.0,
393980.0,
394000.0,
394020.0,
394040.0,
394060.0,
394080.0,
394100.0,
394120.0,
394140.0,
394160.0,
394180.0,
394200.0,
394220.0,
394240.0,
394260.0,
394280.0,
394300.0,
394320.0,
394340.0,
394360.0,
394380.0,
394400.0,
394420.0,
394440.0,
394460.0,
394480.0,
394500.0,
394520.0,
394540.0,
394560.0,
394580.0,
394600.0,
394620.0,
394640.0,
394660.0,
394680.0,
394700.0,
394720.0,
394740.0,
394760.0,
394780.0,
394800.0,
394820.0,
394840.0,
394860.0,
394880.0,
394900.0,
394920.0,
394940.0,
394960.0,
394980.0,
395000.0,
395020.0,
395040.0,
395060.0,
395080.0,
395100.0,
395120.0,
395140.0,
395160.0,
395180.0,
395200.0,
395220.0,
395240.0,
395260.0,
395280.0,
395300.0,
395320.0,
395340.0,
395360.0,
395380.0,
395400.0,
395420.0,
395440.0,
395460.0,
395480.0,
395500.0,
395520.0,
395540.0,
395560.0,
395580.0,
395600.0,
395620.0,
395640.0,
395660.0,
395680.0,
395700.0,
395720.0,
395740.0,
395760.0,
395780.0,
395800.0,
395820.0,
395840.0,
395860.0,
395880.0,
395900.0,
395920.0,
395940.0,
395960.0,
395980.0,
396000.0,
396020.0,
396040.0,
396060.0,
396080.0,
396100.0,
396120.0,
396140.0,
396160.0,
396180.0,
396200.0,
396220.0,
396240.0,
396260.0,
396280.0,
396300.0,
396320.0,
396340.0,
396360.0,
396380.0,
396400.0,
396420.0,
396440.0,
396460.0,
396480.0,
396500.0,
396520.0,
396540.0,
396560.0,
396580.0,
396600.0,
396620.0,
396640.0,
396660.0,
396680.0,
396700.0,
396720.0,
396740.0,
396760.0,
396780.0,
396800.0,
396820.0,
396840.0,
396860.0,
396880.0,
396900.0,
396920.0,
396940.0,
396960.0,
396980.0,
397000.0,
397020.0,
397040.0,
397060.0,
397080.0,
397100.0,
397120.0,
397140.0,
397160.0,
397180.0,
397200.0,
397220.0,
397240.0,
397260.0,
397280.0,
397300.0,
397320.0,
397340.0,
397360.0,
397380.0,
397400.0,
397420.0,
397440.0,
397460.0,
397480.0,
397500.0,
397520.0,
397540.0,
397560.0,
397580.0,
397600.0,
397620.0,
397640.0,
397660.0,
397680.0,
397700.0,
397720.0,
397740.0,
397760.0,
397780.0,
397800.0,
397820.0,
397840.0,
397860.0,
397880.0,
397900.0,
397920.0,
397940.0,
397960.0,
397980.0,
398000.0,
398020.0,
398040.0,
398060.0,
398080.0,
398100.0,
398120.0,
398140.0,
398160.0,
398180.0,
398200.0,
398220.0,
398240.0,
398260.0,
398280.0,
398300.0,
398320.0,
398340.0,
398360.0,
398380.0,
398400.0,
398420.0,
398440.0,
398460.0,
398480.0,
398500.0,
398520.0,
398540.0,
398560.0,
398580.0,
398600.0,
398620.0,
398640.0,
398660.0,
398680.0,
398700.0,
398720.0,
398740.0,
398760.0,
398780.0,
398800.0,
398820.0,
398840.0,
398860.0,
398880.0,
398900.0,
398920.0,
398940.0,
398960.0,
398980.0,
399000.0,
399020.0,
399040.0,
399060.0,
399080.0,
399100.0,
399120.0,
399140.0,
399160.0,
399180.0,
399200.0,
399220.0,
399240.0,
399260.0,
399280.0,
399300.0,
399320.0,
399340.0,
399360.0,
399380.0,
399400.0,
399420.0,
399440.0,
399460.0,
399480.0,
399500.0,
399520.0,
399540.0,
399560.0,
399580.0,
399600.0,
399620.0,
399640.0,
399660.0,
399680.0,
399700.0,
399720.0,
399740.0,
399760.0,
399780.0,
399800.0,
399820.0,172.25469642957432
399840.0,173.66002772721177
399860.0,175.9247372508034
399880.0,177.9309870955979
399900.0,179.6197603786995
399920.0,181.05065062626355
399940.0,182.33958039466287
399960.0,183.5797937472533
399980.0,184.78662090043974
400000.0,185.89567404809097
400020.0,186.7937277366974
400040.0,187.36974786256468
400060.0,187.57131033503407
400080.0,187.4218256423538
400100.0,186.99126762664727
400120.0,186.3768388240263
400140.0,185.70300810026714
400160.0,185.12589986967095
400180.0,184.79624956269228
400200.0,184.7941590693192
400220.0,185.0835548219332
400240.0,185.49914299108667
400260.0,185.7973190638122
400280.0,185.753749114126
400300.0,185.23494491293212
400320.0,184.22456234830847
400340.0,182.82389169736103
400360.0,181.23568117846125
400380.0,179.7379292698634
400400.0,178.65070941904892
400420.0,178.3020247668722
400440.0,178.98357688564963
400460.0,180.88097953911335
400480.0,184.00831557750024
400500.0,188.16295509936145
400520.0,191.45926512389127
400540.0,
400560.0,
400580.0,
400600.0,
400620.0,
400640.0,
400660.0,
400680.0,
400700.0,
400720.0,
400740.0,
400760.0,
400780.0,
400800.0,
400820.0,
400840.0,
400860.0,
400880.0,
400900.0,
400920.0,
400940.0,
400960.0,
400980.0,
401000.0,
401020.0,
401040.0,
401060.0,
401080.0,
401100.0,
401120.0,
401140.0,
401160.0,
401180.0,
401200.0,
401220.0,
401240.0,
401260.0,
401280.0,
401300.0,
401320.0,
401340.0,
401360.0,
401380.0,
401400.0,
401420.0,
401440.0,
401460.0,
401480.0,
401500.0,
401520.0,
401540.0,
401560.0,
401580.0,
401600.0,
401620.0,
401640.0,
401660.0,
401680.0,
401700.0,
401720.0,
401740.0,
401760.0,
401780.0,
401800.0,
401820.0,
401840.0,
401860.0,
401880.0,
401900.0,
401920.0,
401940.0,
401960.0,
401980.0,
402000.0,
402020.0,
402040.0,
402060.0,
402080.0,
402100.0,
402120.0,
402140.0,
402160.0,
402180.0,
402200.0,
402220.0,
402240.0,
402260.0,
402280.0,
402300.0,
402320.0,
402340.0,
402360.0,
402380.0,
402400.0,
402420.0,
402440.0,
402460.0,
402480.0,
402500.0,
402520.0,
402540.0,
402560.0,
402580.0,
402600.0,
402620.0,
402640.0,
402660.0,
402680.0,
402700.0,
402720.0,
402740.0,
402760.0,
402780.0,
402800.0,
402820.0,
402840.0,
402860.0,
402880.0,
402900.0,
402920.0,
402940.0,
402960.0,
402980.0,
403000.0,
403020.0,
403040.0,
403060.0,
403080.0,
403100.0,
403120.0,
403140.0,
403160.0,
403180.0,
403200.0,
403220.0,
403240.0,
403260.0,
403280.0,
403300.0,
403320.0,
403340.0,
403360.0,
403380.0,
403400.0,
403420.0,
403440.0,
403460.0,
403480.0,
403500.0,
403520.0,
403540.0,
403560.0,
403580.0,
403600.0,
403620.0,
403640.0,
403660.0,
403680.0,
403700.0,
403720.0,
403740.0,
403760.0,
403780.0,
403800.0,
403820.0,
403840.0,
403860.0,
403880.0,
403900.0,
403920.0,
403940.0,
403960.0,
403980.0,
404000.0,
404020.0,
404040.0,
404060.0,
404080.0,
404100.0,
404120.0,
404140.0,
404160.0,
404180.0,
404200.0,
404220.0,
404240.0,
404260.0,
404280.0,
404300.0,
404320.0,
404340.0,
404360.0,
404380.0,
404400.0,
404420.0,
404440.0,
404460.0,
404480.0,
404500.0,
404520.0,
404540.0,
404560.0,
404580.0,
404600.0,
404620.0,
404640.0,
404660.0,
404680.0,
404700.0,
404720.0,
404740.0,
404760.0,
404780.0,
404800.0,
404820.0,
404840.0,
404860.0,
404880.0,
404900.0,
404920.0,
404940.0,
404960.0,
404980.0,
405000.0,
405020.0,
405040.0,
405060.0,
405080.0,
405100.0,
405120.0,
405140.0,
405160.0,
405180.0,
405200.0,
405220.0,
405240.0,
405260.0,
405280.0,
405300.0,
405320.0,
405340.0,
405360.0,
405380.0,
405400.0,
405420.0,
405440.0,
405460.0,
405480.0,
405500.0,
405520.0,
405540.0,
405560.0,
405580.0,
405600.0,
405620.0,
405640.0,
405660.0,
405680.0,
405700.0,
405720.0,
405740.0,
405760.0,
405780.0,
405800.0,
405820.0,
405840.0,
405860.0,
405880.0,
405900.0,
405920.0,
405940.0,
405960.0,
405980.0,
406000.0,
406020.0,
406040.0,
406060.0,
406080.0,
406100.0,
406120.0,
406140.0,
406160.0,
406180.0,
406200.0,
406220.0,
406240.0,
406260.0,
406280.0,
406300.0,
406320.0,
406340.0,
406360.0,
406380.0,
406400.0,
406420.0,
406440.0,
406460.0,
406480.0,
406500.0,
406520.0,
406540.0,
406560.0,
406580.0,
406600.0,
406620.0,
406640.0,
406660.0,
406680.0,
406700.0,
406720.0,
406740.0,
406760.0,
406780.0,
406800.0,
406820.0,
406840.0,
406860.0,
406880.0,
406900.0,
406920.0,
406940.0,
406960.0,
406980.0,
407000.0,
407020.0,
407040.0,
407060.0,
407080.0,
407100.0,
407120.0,
407140.0,
407160.0,
407180.0,
407200.0,
407220.0,
407240.0,
407260.0,
407280.0,
407300.0,
407320.0,
407340.0,
407360.0,
407380.0,
407400.0,
407420.0,
407440.0,
407460.0,
407480.0,
407500.0,
407520.0,
407540.0,
407560.0,
407580.0,
407600.0,
407620.0,
407640.0,
407660.0,
407680.0,
407700.0,
407720.0,
407740.0,
407760.0,
407780.0,
407800.0,
407820.0,
407840.0,
407860.0,
407880.0,
407900.0,
407920.0,
407940.0,
407960.0,
407980.0,
408000.0,
408020.0,
408040.0,
408060.0,
408080.0,
408100.0,
408120.0,
408140.0,
408160.0,
408180.0,
408200.0,
408220.0,
408240.0,
408260.0,
408280.0,
408300.0,
408320.0,
408340.0,
408360.0,
408380.0,
408400.0,
408420.0,
408440.0,
408460.0,
408480.0,
408500.0,
408520.0,
408540.0,
408560.0,
408580.0,
408600.0,
408620.0,
408640.0,
408660.0,
408680.0,
408700.0,
408720.0,
408740.0,
408760.0,
408780.0,
408800.0,
408820.0,
408840.0,
408860.0,
408880.0,
408900.0,
408920.0,
408940.0,
408960.0,
408980.0,
409000.0,
409020.0,1057.307485150802
409040.0,1162.6697263454525
409060.0,1260.8633277039694
409080.0,1350.7169724954585
409100.0,1429.7131502680193
409120.0,1490.3664583928235
409140.0,1521.2286714688362
409160.0,1512.273185802584
409180.0,1460.7331034795661
409200.0,1389.0243122010183
409220.0,
409240.0,
409260.0,
409280.0,
409300.0,
409320.0,
409340.0,
409360.0,
409380.0,
409400.0,
409420.0,
409440.0,
409460.0,
409480.0,
409500.0,
409520.0,
409540.0,
409560.0,
409580.0,
409600.0,
409620.0,
409640.0,
409660.0,
409680.0,
409700.0,
409720.0,
409740.0,
409760.0,
409780.0,
409800.0,
409820.0,
409840.0,
409860.0,
409880.0,
409900.0,
409920.0,
409940.0,
409960.0,
409980.0,
410000.0,
410020.0,
410040.0,
410060.0,
410080.0,
410100.0,
410120.0,
410140.0,
410160.0,
410180.0,
410200.0,
410220.0,
410240.0,
410260.0,
410280.0,
410300.0,
410320.0,
410340.0,
410360.0,
410380.0,
410400.0,
410420.0,
410440.0,
410460.0,
410480.0,
410500.0,
410520.0,
410540.0,
410560.0,
410580.0,
410600.0,
410620.0,
410640.0,
410660.0,
410680.0,
410700.0,
410720.0,
410740.0,
410760.0,
410780.0,
410800.0,
410820.0,
410840.0,
410860.0,
410880.0,
410900.0,
410920.0,
410940.0,
410960.0,
410980.0,
411000.0,
411020.0,
411040.0,
411060.0,
411080.0,
411100.0,
411120.0,
411140.0,
411160.0,
411180.0,
411200.0,
411220.0,
411240.0,
411260.0,
411280.0,
411300.0,
411320.0,
411340.0,
411360.0,
411380.0,
411400.0,
411420.0,
411440.0,
411460.0,
411480.0,
411500.0,
411520.0,
411540.0,
411560.0,
411580.0,
411600.0,
411620.0,
411640.0,
411660.0,
411680.0,
411700.0,695.6398352506232
411720.0,704.9317796950211
411740.0,722.1505260476586
411760.0,738.7816642953435
411780.0,753.9413159684993
411800.0,767.3094464678918
411820.0,778.9536575907775
411840.0,789.085821737626
411860.0,797.8474237955695
411880.0,805.1781184405586
411900.0,810.7868119426746
411920.0,814.2137643456856
411940.0,814.9614476508513
411960.0,812.6548409881643
411980.0,807.1777416741255
412000.0,798.7471180031982
412020.0,787.9042324643497
412040.0,775.4196272484767
412060.0,762.155349869802
412080.0,748.9279415873782
412100.0,736.4053286851563
412120.0,725.0582383229446
412140.0,715.1480514030756
412160.0,706.7370083784965
412180.0,699.725197907928
412200.0,693.9121122228269
412220.0,689.0636842448282
412240.0,684.9653243633647
412260.0,681.4506789360755
412280.0,678.4123014369217
412300.0,675.8026432462653
412320.0,673.6289400750877
412340.0,671.9423919783134
412360.0,670.815471417259
412380.0,670.3205129393689
412400.0,670.5145709393757
412420.0,671.4276654625172
412440.0,673.0537874577172
412460.0,675.343708504094
412480.0,678.2031434992845
412500.0,681.5056801057352
412520.0,685.1224814030804
412540.0,688.9607670856083
412560.0,693.0093424822772
412580.0,697.3830213604742
412600.0,702.3567767621926
412620.0,708.3721809750884
412640.0,715.9936644849997
412660.0,725.8029574310036
412680.0,738.2329268411225
412700.0,753.351553318689
412720.0,770.6288731041545
412740.0,788.7590263608708
412760.0,805.6339273562853
412780.0,818.5756915588265
412800.0,824.9341233562047
412820.0,823.0849953309519
412840.0,813.1554337990386
412860.0,796.7006441207292
412880.0,777.2039661429258
412900.0,
412920.0,
412940.0,
412960.0,
412980.0,
413000.0,
413020.0,
413040.0,
413060.0,
413080.0,
413100.0,
413120.0,
413140.0,
413160.0,
413180.0,
413200.0,
413220.0,
413240.0,
413260.0,
413280.0,
413300.0,
413320.0,
413340.0,
413360.0,
413380.0,
413400.0,
413420.0,
413440.0,
413460.0,
413480.0,
413500.0,
413520.0,
413540.0,
413560.0,
413580.0,
413600.0,
413620.0,
413640.0,
413660.0,
413680.0,
413700.0,
413720.0,
413740.0,
413760.0,
413780.0,
413800.0,
413820.0,
413840.0,
413860.0,
413880.0,
413900.0,
413920.0,
413940.0,
413960.0,
413980.0,
414000.0,
414020.0,
414040.0,
414060.0,
414080.0,
414100.0,
414120.0,
414140.0,
414160.0,
414180.0,
414200.0,
414220.0,
414240.0,
414260.0,
414280.0,
414300.0,
414320.0,
414340.0,
414360.0,
414380.0,
414400.0,
414420.0,
414440.0,
414460.0,
414480.0,
414500.0,
414520.0,
414540.0,
414560.0,
414580.0,
414600.0,
414620.0,
414640.0,
414660.0,
414680.0,
414700.0,
414720.0,
414740.0,
414760.0,
414780.0,
414800.0,
414820.0,
414840.0,
414860.0,
414880.0,
414900.0,
414920.0,
414940.0,
414960.0,
414980.0,
415000.0,
415020.0,
415040.0,
415060.0,
415080.0,
415100.0,
415120.0,
415140.0,
415160.0,
415180.0,
415200.0,
415220.0,
415240.0,
415260.0,
415280.0,
415300.0,
415320.0,
415340.0,
415360.0,
415380.0,
415400.0,
415420.0,
415440.0,
415460.0,
415480.0,
415500.0,
415520.0,
415540.0,
415560.0,
415580.0,
415600.0,
415620.0,
415640.0,
415660.0,
415680.0,
415700.0,
415720.0,
415740.0,
415760.0,
415780.0,
415800.0,
415820.0,
415840.0,
415860.0,
415880.0,
415900.0,
415920.0,
415940.0,
415960.0,
415980.0,
416000.0,
416020.0,
416040.0,
416060.0,
416080.0,
416100.0,
416120.0,
416140.0,
416160.0,
416180.0,
416200.0,
416220.0,
416240.0,
416260.0,
416280.0,
416300.0,
416320.0,
416340.0,
416360.0,
416380.0,
416400.0,
416420.0,
416440.0,
416460.0,
416480.0,
416500.0,
416520.0,
416540.0,
416560.0,
416580.0,
416600.0,
416620.0,
416640.0,
416660.0,
416680.0,
416700.0,
416720.0,
416740.0,
416760.0,
416780.0,
416800.0,
416820.0,
416840.0,
416860.0,
416880.0,
416900.0,
416920.0,
416940.0,
416960.0,
416980.0,
417000.0,
417020.0,
417040.0,
417060.0,
417080.0,
417100.0,
417120.0,
417140.0,
417160.0,
417180.0,
417200.0,
417220.0,
417240.0,
417260.0,
417280.0,
417300.0,
417320.0,
417340.0,
417360.0,
417380.0,
417400.0,
417420.0,
417440.0,
417460.0,
417480.0,
417500.0,
417520.0,
417540.0,
417560.0,
417580.0,
417600.0,
417620.0,
417640.0,
417660.0,
417680.0,
417700.0,
417720.0,
417740.0,
417760.0,
417780.0,
417800.0,
417820.0,
417840.0,
417860.0,
417880.0,
417900.0,
417920.0,
417940.0,
417960.0,
417980.0,
418000.0,
418020.0,
418040.0,
418060.0,
418080.0,
418100.0,
418120.0,
418140.0,
418160.0,
418180.0,
418200.0,
418220.0,
418240.0,
418260.0,
418280.0,
418300.0,
418320.0,
418340.0,
418360.0,
418380.0,
418400.0,
418420.0,
418440.0,
418460.0,
418480.0,
418500.0,
418520.0,
418540.0,
418560.0,
418580.0,
418600.0,
418620.0,
418640.0,
418660.0,
418680.0,
418700.0,
418720.0,
418740.0,
418760.0,
418780.0,
418800.0,
418820.0,
418840.0,
418860.0,
418880.0,
418900.0,
418920.0,
418940.0,
418960.0,
418980.0,
419000.0,
419020.0,
419040.0,
419060.0,
419080.0,
419100.0,
419120.0,
419140.0,
419160.0,
419180.0,
419200.0,
419220.0,
419240.0,
419260.0,
419280.0,
419300.0,
419320.0,
419340.0,
419360.0,
419380.0,
419400.0,
419420.0,
419440.0,
419460.0,
419480.0,
419500.0,
419520.0,
419540.0,
419560.0,
419580.0,
419600.0,
419620.0,
419640.0,
419660.0,
419680.0,
419700.0,
419720.0,
419740.0,
419760.0,
419780.0,
419800.0,
419820.0,
419840.0,
419860.0,
419880.0,
419900.0,
419920.0,
419940.0,
419960.0,
419980.0,
420000.0,
420020.0,
420040.0,
420060.0,
420080.0,
420100.0,
420120.0,
420140.0,
420160.0,
420180.0,
420200.0,
420220.0,
420240.0,
420260.0,
420280.0,
420300.0,
420320.0,
420340.0,
420360.0,
420380.0,
420400.0,
420420.0,
420440.0,
420460.0,
420480.0,
420500.0,
420520.0,
420540.0,
420560.0,
420580.0,
420600.0,
420620.0,
420640.0,
420660.0,
420680.0,
420700.0,
420720.0,
420740.0,
420760.0,
420780.0,
420800.0,
420820.0,
420840.0,
420860.0,
420880.0,
420900.0,
420920.0,
420940.0,
420960.0,
420980.0,
421000.0,
421020.0,
421040.0,
421060.0,
421080.0,
421100.0,
421120.0,
421140.0,
421160.0,
421180.0,
421200.0,
421220.0,
421240.0,
421260.0,
421280.0,
421300.0,
421320.0,
421340.0,
421360.0,
421380.0,
421400.0,
421420.0,
421440.0,
421460.0,
421480.0,
421500.0,
421520.0,
421540.0,
421560.0,
421580.0,
421600.0,
421620.0,
421640.0,
421660.0,
421680.0,
421700.0,
421720.0,
421740.0,
421760.0,
421780.0,
421800.0,
421820.0,
421840.0,
421860.0,
421880.0,
421900.0,
421920.0,
421940.0,
421960.0,
421980.0,
422000.0,
422020.0,
422040.0,
422060.0,
422080.0,
422100.0,
422120.0,
422140.0,
422160.0,
422180.0,
422200.0,
422220.0,
422240.0,
422260.0,
422280.0,
422300.0,
422320.0,
422340.0,
422360.0,
422380.0,
422400.0,
422420.0,
422440.0,
422460.0,
422480.0,
422500.0,
422520.0,
422540.0,
422560.0,
422580.0,
422600.0,
422620.0,
422640.0,
422660.0,
422680.0,
422700.0,
422720.0,
422740.0,
422760.0,
422780.0,
422800.0,
422820.0,
422840.0,
422860.0,
422880.0,
422900.0,
422920.0,
422940.0,
422960.0,
422980.0,
423000.0,
423020.0,
423040.0,
423060.0,
423080.0,
423100.0,
423120.0,
423140.0,
423160.0,
423180.0,
423200.0,
423220.0,
423240.0,
423260.0,
423280.0,
423300.0,
423320.0,
423340.0,
423360.0,
423380.0,
423400.0,
423420.0,
423440.0,
423460.0,
423480.0,
423500.0,
423520.0,
423540.0,
423560.0,
423580.0,
423600.0,
423620.0,
423640.0,
423660.0,
423680.0,
423700.0,
423720.0,
423740.0,
423760.0,
423780.0,
423800.0,
423820.0,
423840.0,
423860.0,
423880.0,
423900.0,
423920.0,
423940.0,
423960.0,
423980.0,
424000.0,
424020.0,
424040.0,
424060.0,
424080.0,
424100.0,
424120.0,
424140.0,
424160.0,
424180.0,
424200.0,
424220.0,
424240.0,
424260.0,
424280.0,
424300.0,
424320.0,
424340.0,
424360.0,
424380.0,
424400.0,
424420.0,
424440.0,
424460.0,
424480.0,
424500.0,
424520.0,
424540.0,
424560.0,
424580.0,
424600.0,
424620.0,
424640.0,
424660.0,
424680.0,
424700.0,
424720.0,
424740.0,
424760.0,
424780.0,
424800.0,
424820.0,
424840.0,
424860.0,
424880.0,
424900.0,
424920.0,
424940.0,
424960.0,
424980.0,
425000.0,
425020.0,
425040.0,
425060.0,
425080.0,
425100.0,
425120.0,
425140.0,
425160.0,
425180.0,
425200.0,
425220.0,
425240.0,
425260.0,
425280.0,
425300.0,
425320.0,
425340.0,
425360.0,
425380.0,
425400.0,
425420.0,
425440.0,
425460.0,
425480.0,
425500.0,
425520.0,
425540.0,
425560.0,
425580.0,
425600.0,
425620.0,
425640.0,
425660.0,
425680.0,
425700.0,
425720.0,
425740.0,
425760.0,
425780.0,
425800.0,
425820.0,
425840.0,
425860.0,
425880.0,
425900.0,
425920.0,
425940.0,
425960.0,
425980.0,
426000.0,
426020.0,
426040.0,
426060.0,
426080.0,
426100.0,
426120.0,
426140.0,
426160.0,
426180.0,
426200.0,
426220.0,
426240.0,
426260.0,
426280.0,
426300.0,
426320.0,
426340.0,
426360.0,
426380.0,
426400.0,
426420.0,
426440.0,
426460.0,
426480.0,
426500.0,
426520.0,
426540.0,
426560.0,
426580.0,
426600.0,
426620.0,
426640.0,
426660.0,
426680.0,
426700.0,
426720.0,
426740.0,
426760.0,
426780.0,
426800.0,
426820.0,
426840.0,
426860.0,
426880.0,
426900.0,
426920.0,
426940.0,
426960.0,
426980.0,
427000.0,
427020.0,
427040.0,
427060.0,
427080.0,
427100.0,
427120.0,
427140.0,
427160.0,
427180.0,
427200.0,
427220.0,
427240.0,
427260.0,
427280.0,
427300.0,
427320.0,
427340.0,
427360.0,
427380.0,
427400.0,
427420.0,
427440.0,
427460.0,
427480.0,
427500.0,
427520.0,
427540.0,
427560.0,
427580.0,
427600.0,
427620.0,
427640.0,
427660.0,
427680.0,
427700.0,
427720.0,
427740.0,
427760.0,
427780.0,
427800.0,
427820.0,
427840.0,
427860.0,
427880.0,
427900.0,
427920.0,
427940.0,
427960.0,
427980.0,
428000.0,
428020.0,
428040.0,
428060.0,
428080.0,
428100.0,
428120.0,
428140.0,
428160.0,
428180.0,
428200.0,
428220.0,
428240.0,
428260.0,
428280.0,
428300.0,
428320.0,
428340.0,
428360.0,
428380.0,
428400.0,
428420.0,
428440.0,
428460.0,
428480.0,
428500.0,
428520.0,
428540.0,
428560.0,
428580.0,
428600.0,
428620.0,
428640.0,
428660.0,
428680.0,
428700.0,
428720.0,
428740.0,
428760.0,
428780.0,
428800.0,
428820.0,
428840.0,
428860.0,
428880.0,
428900.0,
428920.0,
428940.0,
428960.0,
428980.0,
429000.0,
429020.0,
429040.0,
429060.0,
429080.0,
429100.0,
429120.0,
429140.0,
429160.0,
429180.0,
429200.0,
429220.0,
429240.0,
429260.0,
429280.0,
429300.0,
429320.0,
429340.0,
429360.0,
429380.0,
429400.0,
429420.0,
429440.0,
429460.0,
429480.0,
429500.0,
429520.0,
429540.0,
429560.0,
429580.0,
429600.0,
429620.0,
429640.0,
429660.0,
429680.0,
429700.0,
429720.0,
429740.0,
429760.0,
429780.0,
429800.0,
429820.0,
429840.0,
429860.0,
429880.0,
429900.0,
429920.0,
429940.0,
429960.0,
429980.0,
430000.0,
430020.0,
430040.0,
430060.0,
430080.0,
430100.0,
430120.0,
430140.0,
430160.0,
430180.0,
430200.0,
430220.0,
430240.0,
430260.0,
430280.0,
430300.0,
430320.0,
430340.0,
430360.0,
430380.0,
430400.0,
430420.0,
430440.0,
430460.0,
430480.0,
430500.0,
430520.0,
430540.0,
430560.0,
430580.0,
430600.0,
430620.0,
430640.0,
430660.0,
430680.0,
430700.0,
430720.0,
430740.0,
430760.0,
430780.0,
430800.0,
430820.0,
430840.0,
430860.0,
430880.0,
430900.0,
430920.0,
430940.0,
430960.0,
430980.0,
431000.0,
431020.0,
431040.0,
431060.0,
431080.0,
431100.0,
431120.0,
431140.0,
431160.0,
431180.0,
431200.0,
431220.0,
431240.0,
431260.0,
431280.0,
431300.0,
431320.0,
431340.0,
431360.0,
431380.0,
431400.0,
431420.0,
431440.0,
431460.0,
431480.0,
431500.0,
431520.0,
431540.0,
431560.0,
431580.0,
431600.0,
431620.0,
431640.0,
431660.0,
431680.0,
431700.0,
431720.0,
431740.0,
431760.0,
431780.0,
431800.0,
431820.0,
431840.0,
431860.0,
431880.0,
431900.0,
431920.0,
431940.0,
431960.0,
431980.0,
432000.0,
432020.0,
432040.0,
432060.0,
432080.0,
432100.0,
432120.0,
432140.0,
432160.0,
432180.0,
432200.0,
432220.0,
432240.0,
432260.0,
432280.0,
432300.0,
432320.0,
432340.0,
432360.0,
432380.0,
432400.0,
432420.0,
432440.0,
432460.0,
432480.0,
432500.0,
432520.0,
432540.0,
432560.0,
432580.0,
432600.0,
432620.0,
432640.0,
432660.0,
432680.0,
432700.0,
432720.0,
432740.0,
432760.0,
432780.0,
432800.0,
432820.0,
432840.0,
432860.0,
432880.0,
432900.0,
432920.0,
432940.0,
432960.0,
432980.0,
433000.0,
433020.0,
433040.0,
433060.0,
433080.0,
433100.0,
433120.0,
433140.0,
433160.0,
433180.0,
433200.0,
433220.0,
433240.0,
433260.0,
433280.0,
433300.0,
433320.0,
433340.0,
433360.0,
433380.0,
433400.0,
433420.0,
433440.0,
433460.0,
433480.0,
433500.0,
433520.0,
433540.0,
433560.0,
433580.0,
433600.0,
433620.0,
433640.0,
433660.0,
433680.0,
433700.0,
433720.0,
433740.0,
433760.0,
433780.0,
433800.0,
433820.0,
433840.0,
433860.0,
433880.0,
433900.0,
433920.0,
433940.0,
433960.0,
433980.0,
434000.0,
434020.0,
434040.0,
434060.0,
434080.0,
434100.0,
434120.0,
434140.0,
434160.0,
434180.0,
434200.0,
434220.0,
434240.0,
434260.0,
434280.0,
434300.0,
434320.0,
434340.0,
434360.0,
434380.0,
434400.0,
434420.0,
434440.0,
434460.0,
434480.0,
434500.0,
434520.0,
434540.0,
434560.0,
434580.0,
434600.0,
434620.0,
434640.0,
434660.0,
434680.0,
434700.0,
434720.0,
434740.0,
434760.0,
434780.0,
434800.0,
434820.0,
434840.0,
434860.0,
434880.0,
434900.0,
434920.0,
434940.0,
434960.0,
434980.0,
435000.0,
435020.0,
435040.0,
435060.0,
435080.0,
435100.0,
435120.0,
435140.0,
435160.0,
435180.0,
435200.0,
435220.0,
435240.0,
435260.0,
435280.0,
435300.0,
435320.0,
435340.0,
435360.0,
435380.0,
435400.0,
435420.0,
435440.0,
435460.0,
435480.0,
435500.0,
435520.0,
435540.0,
435560.0,
435580.0,
435600.0,
435620.0,
435640.0,
435660.0,
435680.0,
435700.0,
435720.0,
435740.0,
435760.0,
435780.0,
435800.0,
435820.0,
435840.0,
435860.0,
435880.0,
435900.0,
435920.0,
435940.0,
435960.0,
435980.0,
436000.0,
436020.0,
436040.0,
436060.0,
436080.0,
436100.0,
436120.0,
436140.0,
436160.0,
436180.0,
436200.0,
436220.0,
436240.0,
436260.0,
436280.0,
436300.0,
436320.0,
436340.0,
436360.0,
436380.0,
436400.0,
436420.0,
436440.0,
436460.0,
436480.0,
436500.0,
436520.0,
436540.0,
436560.0,
436580.0,
436600.0,
436620.0,
436640.0,
436660.0,
436680.0,
436700.0,
436720.0,
436740.0,
436760.0,
436780.0,
436800.0,
436820.0,
436840.0,
436860.0,
436880.0,
436900.0,
436920.0,
436940.0,
436960.0,
436980.0,
437000.0,
437020.0,
437040.0,
437060.0,
437080.0,
437100.0,
437120.0,
437140.0,
437160.0,
437180.0,
437200.0,
437220.0,
437240.0,
437260.0,
437280.0,
437300.0,
437320.0,
437340.0,
437360.0,
437380.0,
437400.0,
437420.0,
437440.0,
437460.0,
437480.0,
437500.0,
437520.0,
437540.0,
437560.0,
437580.0,
437600.0,
437620.0,
437640.0,
437660.0,
437680.0,
437700.0,
437720.0,
437740.0,
437760.0,
437780.0,
437800.0,
437820.0,
437840.0,
437860.0,
437880.0,
437900.0,
437920.0,
437940.0,
437960.0,
437980.0,
438000.0,
438020.0,
438040.0,
438060.0,
438080.0,
438100.0,
438120.0,
438140.0,
438160.0,
438180.0,
438200.0,
438220.0,
438240.0,
438260.0,
438280.0,
438300.0,
438320.0,
438340.0,
438360.0,
438380.0,
438400.0,
438420.0,
438440.0,
438460.0,
438480.0,
438500.0,
438520.0,
438540.0,
438560.0,
438580.0,
438600.0,
438620.0,
438640.0,
438660.0,
438680.0,
438700.0,
438720.0,
438740.0,
438760.0,
438780.0,
438800.0,
438820.0,
438840.0,
438860.0,
438880.0,
438900.0,
438920.0,
438940.0,
438960.0,
438980.0,
439000.0,
439020.0,
439040.0,
439060.0,
439080.0,
439100.0,
439120.0,
439140.0,
439160.0,
439180.0,
439200.0,
439220.0,
439240.0,
439260.0,
439280.0,
439300.0,
439320.0,
439340.0,
439360.0,
439380.0,
439400.0,
439420.0,
439440.0,
439460.0,
439480.0,
439500.0,
439520.0,
439540.0,
439560.0,
439580.0,
439600.0,
439620.0,
439640.0,
439660.0,
439680.0,
439700.0,
439720.0,
439740.0,
439760.0,
439780.0,
439800.0,
439820.0,
439840.0,
439860.0,
439880.0,
439900.0,
439920.0,
439940.0,
439960.0,
439980.0,
440000.0,
440020.0,
440040.0,
440060.0,
440080.0,
440100.0,
440120.0,
440140.0,
440160.0,
440180.0,
440200.0,
440220.0,
440240.0,
440260.0,
440280.0,
440300.0,
440320.0,
440340.0,
440360.0,
440380.0,
440400.0,
440420.0,
440440.0,
440460.0,
440480.0,
440500.0,
440520.0,
440540.0,
440560.0,
440580.0,
440600.0,
440620.0,
440640.0,
440660.0,
440680.0,
440700.0,
440720.0,
440740.0,
440760.0,
440780.0,
440800.0,
440820.0,
440840.0,
440860.0,
440880.0,
440900.0,
440920.0,
440940.0,
440960.0,
440980.0,
441000.0,
441020.0,
441040.0,
441060.0,
441080.0,
441100.0,
441120.0,
441140.0,
441160.0,
441180.0,
441200.0,
441220.0,
441240.0,
441260.0,
441280.0,
441300.0,
441320.0,
441340.0,
441360.0,
441380.0,
441400.0,
441420.0,
441440.0,
441460.0,
441480.0,
441500.0,
441520.0,
441540.0,
441560.0,
441580.0,
441600.0,
441620.0,
441640.0,
441660.0,
441680.0,
441700.0,
441720.0,
441740.0,
441760.0,
441780.0,
441800.0,
441820.0,
441840.0,
441860.0,
441880.0,
441900.0,
441920.0,
441940.0,
441960.0,
441980.0,
442000.0,
442020.0,
442040.0,
442060.0,
442080.0,
442100.0,
442120.0,
442140.0,
442160.0,
442180.0,
442200.0,
442220.0,
442240.0,
442260.0,
442280.0,
442300.0,
442320.0,
442340.0,
442360.0,
442380.0,
442400.0,
442420.0,
442440.0,
442460.0,
442480.0,
442500.0,
442520.0,
442540.0,
442560.0,
442580.0,
442600.0,
442620.0,
442640.0,
442660.0,
442680.0,
442700.0,
442720.0,
442740.0,
442760.0,
442780.0,
442800.0,
442820.0,
442840.0,
442860.0,
442880.0,
442900.0,
442920.0,
442940.0,
442960.0,
442980.0,
443000.0,
443020.0,
443040.0,
443060.0,
443080.0,
443100.0,
443120.0,
443140.0,
443160.0,
443180.0,
443200.0,
443220.0,
443240.0,
443260.0,
443280.0,
443300.0,
443320.0,
443340.0,
443360.0,
443380.0,
443400.0,
443420.0,
443440.0,
443460.0,
443480.0,
443500.0,
443520.0,
443540.0,
443560.0,
443580.0,
443600.0,
443620.0,
443640.0,
443660.0,
443680.0,
443700.0,
443720.0,
443740.0,
443760.0,
443780.0,
443800.0,
443820.0,
443840.0,
443860.0,
443880.0,
443900.0,
443920.0,
443940.0,
443960.0,
443980.0,
444000.0,
444020.0,
444040.0,
444060.0,
444080.0,
444100.0,
444120.0,
444140.0,
444160.0,
444180.0,
444200.0,
444220.0,
444240.0,
444260.0,
444280.0,
444300.0,
444320.0,
444340.0,
444360.0,
444380.0,
444400.0,
444420.0,
444440.0,
444460.0,
444480.0,
444500.0,
444520.0,
444540.0,
444560.0,
444580.0,
444600.0,
444620.0,
444640.0,
444660.0,
444680.0,
444700.0,
444720.0,
444740.0,
444760.0,
444780.0,
444800.0,
444820.0,
444840.0,
444860.0,
444880.0,
444900.0,
444920.0,
444940.0,
444960.0,
444980.0,
445000.0,
445020.0,
445040.0,
445060.0,
445080.0,
445100.0,
445120.0,
445140.0,
445160.0,
445180.0,
445200.0,
445220.0,
445240.0,
445260.0,
445280.0,
445300.0,
445320.0,
445340.0,
445360.0,
445380.0,
445400.0,
445420.0,
445440.0,
445460.0,
445480.0,
445500.0,
445520.0,
445540.0,
445560.0,
445580.0,
445600.0,
445620.0,
445640.0,
445660.0,
445680.0,
445700.0,
445720.0,
445740.0,
445760.0,
445780.0,
445800.0,
445820.0,
445840.0,
445860.0,
445880.0,
445900.0,
445920.0,
445940.0,
445960.0,
445980.0,
446000.0,
446020.0,
446040.0,
446060.0,
446080.0,
446100.0,
446120.0,
446140.0,
446160.0,
446180.0,
446200.0,
446220.0,
446240.0,
446260.0,
446280.0,
446300.0,
446320.0,
446340.0,
446360.0,
446380.0,
446400.0,
446420.0,
446440.0,
446460.0,
446480.0,
446500.0,
446520.0,
446540.0,
446560.0,
446580.0,
446600.0,
446620.0,
446640.0,
446660.0,
446680.0,
446700.0,
446720.0,
446740.0,
446760.0,
446780.0,
446800.0,
446820.0,
446840.0,
446860.0,
446880.0,
446900.0,
446920.0,
446940.0,
446960.0,
446980.0,
447000.0,
447020.0,
447040.0,
447060.0,
447080.0,
447100.0,
447120.0,
447140.0,
447160.0,
447180.0,
447200.0,
447220.0,
447240.0,
447260.0,
447280.0,
447300.0,
447320.0,
447340.0,
447360.0,
447380.0,
447400.0,
447420.0,
447440.0,
447460.0,
447480.0,
447500.0,
447520.0,
447540.0,
447560.0,
447580.0,
447600.0,
447620.0,
447640.0,
447660.0,
447680.0,
447700.0,
447720.0,
447740.0,
447760.0,
447780.0,
447800.0,
447820.0,
447840.0,
447860.0,
447880.0,
447900.0,
447920.0,
447940.0,
447960.0,
447980.0,
448000.0,
448020.0,
448040.0,
448060.0,
448080.0,
448100.0,
448120.0,
448140.0,
448160.0,
448180.0,
448200.0,
448220.0,
448240.0,
448260.0,
448280.0,
448300.0,
448320.0,
448340.0,
448360.0,
448380.0,
448400.0,
448420.0,
448440.0,
448460.0,
448480.0,
448500.0,
448520.0,
448540.0,
448560.0,
448580.0,
448600.0,
448620.0,
448640.0,
448660.0,
448680.0,
448700.0,
448720.0,
448740.0,
448760.0,
448780.0,
448800.0,
448820.0,
448840.0,
448860.0,
448880.0,
448900.0,
448920.0,
448940.0,
448960.0,
448980.0,
449000.0,
449020.0,
449040.0,
449060.0,
449080.0,
449100.0,
449120.0,
449140.0,
449160.0,
449180.0,
449200.0,
449220.0,
449240.0,
449260.0,
449280.0,
449300.0,
449320.0,
449340.0,
449360.0,
449380.0,
449400.0,
449420.0,
449440.0,
449460.0,
449480.0,
449500.0,
449520.0,
449540.0,
449560.0,
449580.0,
449600.0,
449620.0,
449640.0,
449660.0,
449680.0,
449700.0,
449720.0,
449740.0,
449760.0,
449780.0,
449800.0,
449820.0,
449840.0,
449860.0,
449880.0,
449900.0,
449920.0,
449940.0,
449960.0,
449980.0,
450000.0,
450020.0,
450040.0,
450060.0,
450080.0,
450100.0,
450120.0,
450140.0,
450160.0,
450180.0,
450200.0,
450220.0,
450240.0,
450260.0,
450280.0,
450300.0,
450320.0,
450340.0,
450360.0,
450380.0,
450400.0,
450420.0,
450440.0,
450460.0,
450480.0,
450500.0,
450520.0,
450540.0,
450560.0,
450580.0,
450600.0,
450620.0,
450640.0,
450660.0,
450680.0,
450700.0,
450720.0,
450740.0,
450760.0,
450780.0,
450800.0,
450820.0,
450840.0,
450860.0,
450880.0,
450900.0,
450920.0,
450940.0,
450960.0,
450980.0,
451000.0,
451020.0,
451040.0,
451060.0,
451080.0,
451100.0,
451120.0,
451140.0,
451160.0,
451180.0,
451200.0,
451220.0,
451240.0,
451260.0,
451280.0,
451300.0,
451320.0,
451340.0,
451360.0,
451380.0,
451400.0,
451420.0,
451440.0,
451460.0,
451480.0,
451500.0,
451520.0,
451540.0,
451560.0,
451580.0,
451600.0,
451620.0,
451640.0,
451660.0,
451680.0,
451700.0,
451720.0,
451740.0,
451760.0,
451780.0,
451800.0,
451820.0,
451840.0,
451860.0,
451880.0,
451900.0,
451920.0,
451940.0,
451960.0,
451980.0,
452000.0,
452020.0,
452040.0,
452060.0,
452080.0,
452100.0,
452120.0,
452140.0,
452160.0,
452180.0,
452200.0,
452220.0,
452240.0,
452260.0,
452280.0,
452300.0,
452320.0,
452340.0,
452360.0,
452380.0,
452400.0,
452420.0,
452440.0,
452460.0,
452480.0,
452500.0,
452520.0,
452540.0,
452560.0,
452580.0,
452600.0,
452620.0,
452640.0,
452660.0,
452680.0,
452700.0,
452720.0,
452740.0,
452760.0,
452780.0,
452800.0,
452820.0,
452840.0,
452860.0,
452880.0,
452900.0,
452920.0,
452940.0,
452960.0,
452980.0,
453000.0,
453020.0,
453040.0,
453060.0,
453080.0,
453100.0,
453120.0,
453140.0,
453160.0,
453180.0,
453200.0,
453220.0,
453240.0,
453260.0,
453280.0,
453300.0,
453320.0,
453340.0,
453360.0,
453380.0,
453400.0,
453420.0,
453440.0,
453460.0,
453480.0,
453500.0,
453520.0,
453540.0,
453560.0,
453580.0,
453600.0,
453620.0,
453640.0,
453660.0,
453680.0,
453700.0,
453720.0,
453740.0,
453760.0,
453780.0,
453800.0,
453820.0,
453840.0,
453860.0,
453880.0,
453900.0,
453920.0,
453940.0,
453960.0,
453980.0,
454000.0,
454020.0,
454040.0,
454060.0,
454080.0,
454100.0,
454120.0,
454140.0,
454160.0,
454180.0,
454200.0,
454220.0,
454240.0,
454260.0,
454280.0,
454300.0,
454320.0,
454340.0,
454360.0,
454380.0,
454400.0,
454420.0,
454440.0,
454460.0,
454480.0,
454500.0,
454520.0,
454540.0,
454560.0,
454580.0,
454600.0,
454620.0,
454640.0,
454660.0,
454680.0,
454700.0,
454720.0,
454740.0,
454760.0,
454780.0,
454800.0,
454820.0,
454840.0,
454860.0,
454880.0,
454900.0,
454920.0,
454940.0,
454960.0,
454980.0,
455000.0,
455020.0,
455040.0,
455060.0,
455080.0,
455100.0,
455120.0,
455140.0,
455160.0,
455180.0,
455200.0,
455220.0,
455240.0,
455260.0,
455280.0,
455300.0,
455320.0,
455340.0,
455360.0,
455380.0,
455400.0,
455420.0,
455440.0,
455460.0,
455480.0,
455500.0,
455520.0,
455540.0,
455560.0,
455580.0,
455600.0,
455620.0,
455640.0,
455660.0,
455680.0,
455700.0,
455720.0,
455740.0,
455760.0,
455780.0,
455800.0,
455820.0,
455840.0,
455860.0,
455880.0,
455900.0,
455920.0,
455940.0,
455960.0,
455980.0,
456000.0,
456020.0,
456040.0,
456060.0,
456080.0,
456100.0,
456120.0,
456140.0,
456160.0,
456180.0,
456200.0,
456220.0,
456240.0,
456260.0,
456280.0,
456300.0,
456320.0,
456340.0,
456360.0,
456380.0,
456400.0,
456420.0,
456440.0,
456460.0,
456480.0,
456500.0,
456520.0,
456540.0,
456560.0,
456580.0,
456600.0,
456620.0,
456640.0,
456660.0,
456680.0,
456700.0,
456720.0,
456740.0,
456760.0,
456780.0,
456800.0,
456820.0,
456840.0,
456860.0,
456880.0,
456900.0,
456920.0,
456940.0,
456960.0,
456980.0,
457000.0,
457020.0,
457040.0,
457060.0,
457080.0,
457100.0,
457120.0,
457140.0,
457160.0,
457180.0,
457200.0,
457220.0,
457240.0,
457260.0,
457280.0,
457300.0,
457320.0,
457340.0,
457360.0,
457380.0,
457400.0,
457420.0,
457440.0,
457460.0,
457480.0,
457500.0,
457520.0,
457540.0,
457560.0,
457580.0,
457600.0,
457620.0,
457640.0,
457660.0,
457680.0,
457700.0,
457720.0,
457740.0,
457760.0,
457780.0,
457800.0,
457820.0,
457840.0,
457860.0,
457880.0,
457900.0,
457920.0,
457940.0,
457960.0,
457980.0,
458000.0,
458020.0,
458040.0,
458060.0,
458080.0,
458100.0,
458120.0,
458140.0,
458160.0,
458180.0,
458200.0,
458220.0,
458240.0,
458260.0,
458280.0,
458300.0,
458320.0,
458340.0,
458360.0,
458380.0,
458400.0,
458420.0,
458440.0,
458460.0,
458480.0,
458500.0,
458520.0,
458540.0,
458560.0,
458580.0,
458600.0,
458620.0,
458640.0,
458660.0,
458680.0,
458700.0,
458720.0,
458740.0,
458760.0,
458780.0,
458800.0,
458820.0,
458840.0,
458860.0,
458880.0,
458900.0,
458920.0,
458940.0,
458960.0,
458980.0,
459000.0,
459020.0,
459040.0,
459060.0,
459080.0,
459100.0,
459120.0,
459140.0,
459160.0,
459180.0,
459200.0,
459220.0,
459240.0,
459260.0,
459280.0,
459300.0,
459320.0,
459340.0,
459360.0,
459380.0,
459400.0,
459420.0,
459440.0,
459460.0,
459480.0,
459500.0,
459520.0,
459540.0,
459560.0,
459580.0,
459600.0,
459620.0,
459640.0,
459660.0,
459680.0,
459700.0,
459720.0,
459740.0,
459760.0,
459780.0,
459800.0,
459820.0,
459840.0,
459860.0,
459880.0,
459900.0,
459920.0,
459940.0,
459960.0,
459980.0,
460000.0,
460020.0,
460040.0,
460060.0,
460080.0,
460100.0,
460120.0,
460140.0,
460160.0,
460180.0,
460200.0,
460220.0,
460240.0,
460260.0,
460280.0,
460300.0,
460320.0,
460340.0,
460360.0,
460380.0,
460400.0,
460420.0,
460440.0,
460460.0,
460480.0,
460500.0,
460520.0,
460540.0,
460560.0,
460580.0,
460600.0,
460620.0,
460640.0,
460660.0,
460680.0,
460700.0,
460720.0,
460740.0,
460760.0,
460780.0,
460800.0,
460820.0,
460840.0,
460860.0,
460880.0,
460900.0,
460920.0,
460940.0,
460960.0,
460980.0,
461000.0,
461020.0,
461040.0,
461060.0,
461080.0,
461100.0,
461120.0,
461140.0,
461160.0,
461180.0,
461200.0,
461220.0,
461240.0,
461260.0,
461280.0,
461300.0,
461320.0,
461340.0,
461360.0,
461380.0,
461400.0,
461420.0,
461440.0,
461460.0,
461480.0,
461500.0,
461520.0,
461540.0,
461560.0,
461580.0,
461600.0,
461620.0,
461640.0,
461660.0,
461680.0,
461700.0,
461720.0,
461740.0,
461760.0,
461780.0,
461800.0,
461820.0,
461840.0,
461860.0,
461880.0,
461900.0,
461920.0,
461940.0,
461960.0,
461980.0,
462000.0,
462020.0,
462040.0,
462060.0,
462080.0,
462100.0,
462120.0,
462140.0,
462160.0,
462180.0,
462200.0,
462220.0,
462240.0,
462260.0,1298.4500801254426
462280.0,1354.479654167283
462300.0,1414.9436481054545
462320.0,1432.622691317181
462340.0,1405.83702464862
462360.0,1343.72410203568
462380.0,1262.230553507745
462400.0,1177.7684968555209
462420.0,1102.6451699104923
462440.0,1043.9669766974437
462460.0,1004.2581735420503
462480.0,982.3488577452092
462500.0,974.6492345168281
462520.0,976.5321297173025
462540.0,983.4618430228104
462560.0,991.7291574853989
462580.0,998.7868813754228
462600.0,1003.2626090490292
462620.0,1004.7720535955665
462640.0,1003.6354604209922
462660.0,1000.5696895210946
462680.0,996.4227645224852
462700.0,991.9890896025732
462720.0,987.896048688176
462740.0,984.5469960128133
462760.0,982.1240260298804
462780.0,980.6343225313273
462800.0,979.969632630505
462820.0,979.9608658238524
462840.0,980.4145384778813
462860.0,981.1422690288457
462880.0,981.9877141250196
462900.0,982.8362946877432
462920.0,983.6070107474454
462940.0,984.2448023032755
462960.0,984.718441497994
462980.0,985.0152022445072
463000.0,985.1456856570096
463020.0,985.1512596316192
463040.0,985.1050239330301
463060.0,985.1057647347641
463080.0,985.2707967945851
463100.0,985.7273846578149
463120.0,986.6042507485857
463140.0,988.0259140924542
463160.0,990.092249926773
463180.0,992.8336604377904
463200.0,996.1622665164361
463220.0,999.8384677941569
463240.0,1003.4673496936502
463260.0,1006.5440305595024
463280.0,1008.5582748652951
463300.0,1009.1535209834972
463320.0,1008.3277151240169
463340.0,1006.6555069726286
463360.0,1005.4735141922723
463380.0,1006.9539700105486
463400.0,1013.9733743862793
463420.0,1029.6637424930818
463440.0,1056.5843211159026
463460.0,1095.5787337336512
463480.0,1144.5168936592268
463500.0,1197.262208251506
463520.0,1243.3943452730905
463540.0,1269.3908611375468
463560.0,1262.0218057638378
463580.0,1214.1513788752343
463600.0,1149.8097303761979
463620.0,
463640.0,
463660.0,
463680.0,
463700.0,
463720.0,
463740.0,
463760.0,
463780.0,
463800.0,
463820.0,
463840.0,
463860.0,
463880.0,
463900.0,
463920.0,
463940.0,
463960.0,
463980.0,
464000.0,
464020.0,
464040.0,
464060.0,
464080.0,
464100.0,
464120.0,
464140.0,
464160.0,
464180.0,
464200.0,
464220.0,
464240.0,
464260.0,
464280.0,
464300.0,
464320.0,
464340.0,
464360.0,
464380.0,
464400.0,
464420.0,
464440.0,
464460.0,
464480.0,
464500.0,
464520.0,
464540.0,
464560.0,
464580.0,
464600.0,
464620.0,
464640.0,
464660.0,
464680.0,
464700.0,
464720.0,
464740.0,
464760.0,
464780.0,
464800.0,
464820.0,
464840.0,
464860.0,
464880.0,
464900.0,
464920.0,
464940.0,
464960.0,
464980.0,
465000.0,
465020.0,
465040.0,
465060.0,
465080.0,
465100.0,
465120.0,
465140.0,
465160.0,
465180.0,
465200.0,
465220.0,
465240.0,
465260.0,1207.1446196496213
465280.0,1153.0321961469147
465300.0,1086.5879221507857
465320.0,1037.0165870915666
465340.0,1012.9615996605614
465360.0,1018.7321054527923
465380.0,1053.8575458818887
465400.0,1113.1888275455708
465420.0,1171.864136900317
465440.0,
465460.0,
465480.0,
465500.0,
465520.0,
465540.0,
465560.0,
465580.0,
465600.0,
465620.0,
465640.0,
465660.0,
465680.0,
465700.0,
465720.0,
465740.0,
465760.0,
465780.0,
465800.0,
465820.0,
465840.0,
465860.0,
465880.0,
465900.0,
465920.0,
465940.0,
465960.0,
465980.0,
466000.0,
466020.0,
466040.0,
466060.0,
466080.0,
466100.0,
466120.0,
466140.0,
466160.0,
466180.0,
466200.0,
466220.0,
466240.0,
466260.0,
466280.0,
466300.0,
466320.0,
466340.0,
466360.0,
466380.0,
466400.0,
466420.0,
466440.0,
466460.0,
466480.0,
466500.0,
466520.0,
466540.0,
466560.0,
466580.0,
466600.0,
466620.0,
466640.0,
466660.0,
466680.0,
466700.0,
466720.0,
466740.0,
466760.0,
466780.0,
466800.0,
466820.0,
466840.0,
466860.0,
466880.0,
466900.0,
466920.0,
466940.0,
466960.0,
466980.0,
467000.0,
467020.0,
467040.0,
467060.0,
467080.0,
467100.0,
467120.0,
467140.0,
467160.0,
467180.0,
467200.0,
467220.0,
467240.0,
467260.0,
467280.0,
467300.0,
467320.0,
467340.0,
467360.0,
467380.0,
467400.0,
467420.0,
467440.0,
467460.0,
467480.0,
467500.0,
467520.0,
467540.0,
467560.0,
467580.0,
467600.0,
467620.0,
467640.0,
467660.0,
467680.0,
467700.0,
467720.0,
467740.0,
467760.0,
467780.0,
467800.0,
467820.0,
467840.0,
467860.0,
467880.0,
467900.0,
467920.0,
467940.0,
467960.0,
467980.0,
468000.0,
468020.0,
468040.0,
468060.0,
468080.0,
468100.0,
468120.0,
468140.0,
468160.0,
468180.0,
468200.0,
468220.0,
468240.0,
468260.0,
468280.0,
468300.0,
468320.0,
468340.0,
468360.0,
468380.0,
468400.0,
468420.0,
468440.0,
468460.0,
468480.0,
468500.0,
468520.0,
468540.0,
468560.0,
468580.0,
468600.0,
468620.0,
468640.0,
468660.0,
468680.0,
468700.0,
468720.0,
468740.0,
468760.0,
468780.0,
468800.0,
468820.0,
468840.0,
468860.0,
468880.0,
468900.0,
468920.0,
468940.0,
468960.0,
468980.0,
469000.0,
469020.0,
469040.0,
469060.0,
469080.0,
469100.0,
469120.0,
469140.0,
469160.0,
469180.0,
469200.0,
469220.0,
469240.0,
469260.0,
469280.0,
469300.0,
469320.0,
469340.0,
469360.0,
469380.0,
469400.0,
469420.0,
469440.0,
469460.0,
469480.0,
469500.0,
469520.0,
469540.0,
469560.0,
469580.0,
469600.0,
469620.0,
469640.0,
469660.0,
469680.0,
469700.0,
469720.0,
469740.0,
469760.0,
469780.0,
469800.0,
469820.0,
469840.0,
469860.0,
469880.0,
469900.0,
469920.0,
469940.0,
469960.0,
469980.0,
470000.0,
470020.0,
470040.0,
470060.0,
470080.0,
470100.0,
470120.0,
470140.0,
470160.0,
470180.0,
470200.0,
470220.0,
470240.0,
470260.0,
470280.0,
470300.0,
470320.0,
470340.0,
470360.0,
470380.0,
470400.0,
470420.0,
470440.0,
470460.0,
470480.0,
470500.0,
470520.0,
470540.0,
470560.0,
470580.0,
470600.0,
470620.0,
470640.0,
470660.0,
470680.0,
470700.0,
470720.0,
470740.0,
470760.0,
470780.0,
470800.0,
470820.0,
470840.0,
470860.0,
470880.0,
470900.0,
470920.0,
470940.0,
470960.0,
470980.0,
471000.0,
471020.0,
471040.0,
471060.0,
471080.0,
471100.0,
471120.0,
471140.0,
471160.0,
471180.0,
471200.0,
471220.0,
471240.0,
471260.0,
471280.0,
471300.0,
471320.0,
471340.0,
471360.0,
471380.0,
471400.0,
471420.0,
471440.0,
471460.0,
471480.0,
471500.0,
471520.0,
471540.0,
471560.0,
471580.0,
471600.0,
471620.0,
471640.0,
471660.0,
471680.0,
471700.0,
471720.0,
471740.0,
471760.0,
471780.0,
471800.0,
471820.0,
471840.0,
471860.0,
471880.0,
471900.0,
471920.0,
471940.0,
471960.0,
471980.0,
472000.0,
472020.0,
472040.0,
472060.0,
472080.0,
472100.0,
472120.0,
472140.0,
472160.0,
472180.0,
472200.0,
472220.0,
472240.0,
472260.0,
472280.0,
472300.0,
472320.0,
472340.0,
472360.0,
472380.0,
472400.0,
472420.0,
472440.0,
472460.0,
472480.0,
472500.0,
472520.0,
472540.0,
472560.0,
472580.0,
472600.0,
472620.0,
472640.0,
472660.0,
472680.0,
472700.0,
472720.0,
472740.0,
472760.0,
472780.0,
472800.0,
472820.0,
472840.0,
472860.0,
472880.0,
472900.0,
472920.0,
472940.0,
472960.0,
472980.0,
473000.0,
473020.0,
473040.0,
473060.0,
473080.0,
473100.0,
473120.0,
473140.0,
473160.0,
473180.0,
473200.0,
473220.0,
473240.0,
473260.0,
473280.0,
473300.0,
473320.0,
473340.0,
473360.0,
473380.0,
473400.0,
473420.0,
473440.0,
473460.0,
473480.0,
473500.0,
473520.0,
473540.0,
473560.0,
473580.0,
473600.0,
473620.0,
473640.0,
473660.0,
473680.0,
473700.0,
473720.0,
473740.0,
473760.0,
473780.0,
473800.0,
473820.0,
473840.0,
473860.0,
473880.0,
473900.0,
473920.0,
473940.0,
473960.0,
473980.0,
474000.0,
474020.0,
474040.0,
474060.0,
474080.0,
474100.0,
474120.0,
474140.0,
474160.0,
474180.0,
474200.0,
474220.0,
474240.0,
474260.0,
474280.0,
474300.0,
474320.0,
474340.0,
474360.0,
474380.0,
474400.0,
474420.0,
474440.0,
474460.0,
474480.0,
474500.0,
474520.0,
474540.0,
474560.0,
474580.0,
474600.0,
474620.0,
474640.0,
474660.0,
474680.0,
474700.0,
474720.0,
474740.0,
474760.0,
474780.0,
474800.0,
474820.0,
474840.0,
474860.0,
474880.0,
474900.0,
474920.0,
474940.0,
474960.0,
474980.0,
475000.0,
475020.0,
475040.0,
475060.0,
475080.0,
475100.0,
475120.0,
475140.0,
475160.0,
475180.0,
475200.0,
475220.0,
475240.0,
475260.0,
475280.0,
475300.0,
475320.0,
475340.0,
475360.0,
475380.0,
475400.0,
475420.0,
475440.0,
475460.0,
475480.0,
475500.0,
475520.0,
475540.0,
475560.0,
475580.0,
475600.0,
475620.0,
475640.0,
475660.0,
475680.0,
475700.0,
475720.0,
475740.0,
475760.0,
475780.0,
475800.0,
475820.0,
475840.0,
475860.0,
475880.0,
475900.0,
475920.0,
475940.0,
475960.0,
475980.0,
476000.0,
476020.0,
476040.0,
476060.0,
476080.0,
476100.0,
476120.0,
476140.0,
476160.0,
476180.0,
476200.0,
476220.0,
476240.0,
476260.0,
476280.0,
476300.0,
476320.0,
476340.0,
476360.0,
476380.0,
476400.0,
476420.0,
476440.0,
476460.0,
476480.0,
476500.0,
476520.0,
476540.0,
476560.0,
476580.0,
476600.0,
476620.0,
476640.0,
476660.0,
476680.0,
476700.0,
476720.0,
476740.0,
476760.0,
476780.0,
476800.0,
476820.0,
476840.0,
476860.0,
476880.0,
476900.0,
476920.0,
476940.0,
476960.0,
476980.0,
477000.0,
477020.0,
477040.0,
477060.0,
477080.0,
477100.0,
477120.0,
477140.0,
477160.0,
477180.0,
477200.0,
477220.0,
477240.0,
477260.0,
477280.0,
477300.0,
477320.0,
477340.0,
477360.0,
477380.0,
477400.0,
477420.0,
477440.0,
477460.0,
477480.0,
477500.0,
477520.0,
477540.0,
477560.0,
477580.0,
477600.0,
477620.0,
477640.0,
477660.0,
477680.0,
477700.0,
477720.0,
477740.0,
477760.0,
477780.0,
477800.0,
477820.0,
477840.0,
477860.0,
477880.0,
477900.0,
477920.0,
477940.0,
477960.0,
477980.0,
478000.0,
478020.0,
478040.0,
478060.0,
478080.0,
478100.0,
478120.0,
478140.0,
478160.0,
478180.0,
478200.0,
478220.0,
478240.0,
478260.0,
478280.0,
478300.0,
478320.0,
478340.0,
478360.0,
478380.0,
478400.0,
478420.0,
478440.0,
478460.0,
478480.0,
478500.0,
478520.0,
478540.0,
478560.0,
478580.0,
478600.0,
478620.0,
478640.0,
478660.0,
478680.0,
478700.0,
478720.0,
478740.0,
478760.0,
478780.0,
478800.0,
478820.0,
478840.0,
478860.0,
478880.0,
478900.0,
478920.0,
478940.0,
478960.0,
478980.0,
479000.0,
479020.0,
479040.0,
479060.0,
479080.0,
479100.0,
479120.0,
479140.0,
479160.0,
479180.0,
479200.0,
479220.0,
479240.0,
479260.0,
479280.0,
479300.0,
479320.0,
479340.0,
479360.0,
479380.0,
479400.0,
479420.0,
479440.0,
479460.0,
479480.0,
479500.0,
479520.0,
479540.0,
479560.0,
479580.0,
479600.0,
479620.0,
479640.0,
479660.0,
479680.0,
479700.0,
479720.0,
479740.0,
479760.0,
479780.0,
479800.0,
479820.0,
479840.0,
479860.0,
479880.0,
479900.0,
479920.0,
479940.0,
479960.0,
479980.0,
480000.0,
480020.0,
480040.0,
480060.0,
480080.0,
480100.0,
480120.0,
480140.0,
480160.0,
480180.0,
480200.0,
480220.0,
480240.0,
480260.0,
480280.0,
480300.0,
480320.0,
480340.0,
480360.0,
480380.0,
480400.0,
480420.0,
480440.0,
480460.0,
480480.0,
480500.0,
480520.0,
480540.0,
480560.0,
480580.0,
480600.0,
480620.0,
480640.0,
480660.0,
480680.0,
480700.0,
480720.0,
480740.0,
480760.0,
480780.0,
480800.0,
480820.0,
480840.0,
480860.0,
480880.0,
480900.0,
480920.0,
480940.0,
480960.0,
480980.0,
481000.0,
481020.0,
481040.0,
481060.0,
481080.0,
481100.0,
481120.0,
481140.0,
481160.0,
481180.0,
481200.0,
481220.0,
481240.0,
481260.0,
481280.0,
481300.0,
481320.0,
481340.0,
481360.0,
481380.0,
481400.0,
481420.0,
481440.0,
481460.0,
481480.0,
481500.0,
481520.0,
481540.0,
481560.0,
481580.0,
481600.0,
481620.0,
481640.0,
481660.0,
481680.0,
481700.0,
481720.0,
481740.0,
481760.0,
481780.0,
481800.0,
481820.0,
481840.0,
481860.0,
481880.0,
481900.0,
481920.0,
481940.0,
481960.0,
481980.0,
482000.0,
482020.0,
482040.0,
482060.0,
482080.0,
482100.0,
482120.0,
482140.0,
482160.0,
482180.0,
482200.0,
482220.0,
482240.0,
482260.0,
482280.0,
482300.0,
482320.0,
482340.0,
482360.0,
482380.0,
482400.0,
482420.0,
482440.0,
482460.0,
482480.0,
482500.0,
482520.0,
482540.0,
482560.0,
482580.0,
482600.0,
482620.0,
482640.0,
482660.0,
482680.0,
482700.0,
482720.0,
482740.0,
482760.0,
482780.0,
482800.0,
482820.0,
482840.0,
482860.0,
482880.0,
482900.0,
482920.0,
482940.0,
482960.0,
482980.0,
483000.0,
483020.0,
483040.0,
483060.0,
483080.0,
483100.0,
483120.0,
483140.0,
483160.0,
483180.0,
483200.0,
483220.0,
483240.0,
483260.0,
483280.0,
483300.0,
483320.0,
483340.0,
483360.0,
483380.0,
483400.0,
483420.0,
483440.0,
483460.0,
483480.0,
483500.0,
483520.0,
483540.0,
483560.0,
483580.0,
483600.0,
483620.0,
483640.0,739.8589565040777
483660.0,727.4258087072023
483680.0,720.0035058033961
483700.0,717.2767620827456
483720.0,717.9858404483263
483740.0,720.8247605935223
483760.0,725.085143202989
483780.0,730.8807257377931
483800.0,739.0050366013104
483820.0,750.5221206396269
483840.0,766.2257549199875
483860.0,786.1092969703002
483880.0,809.0050239707765
483900.0,825.6587935870964
483920.0,
483940.0,
483960.0,
483980.0,
484000.0,
484020.0,
484040.0,
484060.0,
484080.0,
484100.0,
484120.0,
484140.0,
484160.0,
484180.0,
484200.0,
484220.0,
484240.0,
484260.0,
484280.0,
484300.0,
484320.0,
484340.0,
484360.0,
484380.0,
484400.0,
484420.0,
484440.0,
484460.0,
484480.0,
484500.0,
484520.0,
484540.0,
484560.0,
484580.0,
484600.0,
484620.0,
484640.0,
484660.0,
484680.0,
484700.0,
484720.0,
484740.0,
484760.0,
484780.0,
484800.0,
484820.0,
484840.0,
484860.0,
484880.0,
484900.0,
484920.0,
484940.0,
484960.0,
484980.0,
485000.0,
485020.0,
485040.0,
485060.0,
485080.0,
485100.0,
485120.0,
485140.0,
485160.0,
485180.0,
485200.0,
485220.0,
485240.0,
485260.0,
485280.0,
485300.0,
485320.0,
485340.0,
485360.0,
485380.0,
485400.0,
485420.0,
485440.0,
485460.0,
485480.0,
485500.0,
485520.0,
485540.0,
485560.0,
485580.0,191.01224899623938
485600.0,184.0413686184638
485620.0,177.57779428647046
485640.0,172.76975370628574
485660.0,169.70077395799666
485680.0,168.21422909204495
485700.0,167.90951349446934
485720.0,
485740.0,
485760.0,
485780.0,
485800.0,
485820.0,
485840.0,
485860.0,
485880.0,
485900.0,
485920.0,
485940.0,
485960.0,
485980.0,
486000.0,
486020.0,
486040.0,
486060.0,
486080.0,
486100.0,
486120.0,
486140.0,
486160.0,
486180.0,
486200.0,
486220.0,
486240.0,
486260.0,
486280.0,
486300.0,
486320.0,
486340.0,
486360.0,
486380.0,
486400.0,
486420.0,
486440.0,
486460.0,
486480.0,
486500.0,
486520.0,
486540.0,
486560.0,
486580.0,
486600.0,
486620.0,
486640.0,
486660.0,
486680.0,
486700.0,
486720.0,
486740.0,
486760.0,
486780.0,
486800.0,
486820.0,
486840.0,
486860.0,
486880.0,
486900.0,
486920.0,
486940.0,
486960.0,
486980.0,
487000.0,
487020.0,
487040.0,
487060.0,
487080.0,
487100.0,
487120.0,
487140.0,
487160.0,
487180.0,
487200.0,
487220.0,
487240.0,
487260.0,
487280.0,
487300.0,
487320.0,
487340.0,
487360.0,
487380.0,
487400.0,
487420.0,
487440.0,
487460.0,
487480.0,
487500.0,
487520.0,
487540.0,
487560.0,
487580.0,
487600.0,
487620.0,
487640.0,
487660.0,
487680.0,
487700.0,
487720.0,
487740.0,
487760.0,
487780.0,
487800.0,
487820.0,
487840.0,
487860.0,
487880.0,
487900.0,
487920.0,
487940.0,
487960.0,
487980.0,
488000.0,
488020.0,
488040.0,
488060.0,
488080.0,
488100.0,
488120.0,
488140.0,
488160.0,
488180.0,
488200.0,
488220.0,
488240.0,
488260.0,
488280.0,
488300.0,
488320.0,
488340.0,
488360.0,
488380.0,
488400.0,
488420.0,
488440.0,
488460.0,
488480.0,
488500.0,
488520.0,
488540.0,
488560.0,
488580.0,
488600.0,
488620.0,
488640.0,
488660.0,
488680.0,
488700.0,
488720.0,
488740.0,
488760.0,
488780.0,
488800.0,
488820.0,
488840.0,
488860.0,
488880.0,
488900.0,
488920.0,
488940.0,
488960.0,
488980.0,
489000.0,
489020.0,
489040.0,
489060.0,
489080.0,
489100.0,
489120.0,
489140.0,
489160.0,
489180.0,
489200.0,
489220.0,
489240.0,
489260.0,
489280.0,
489300.0,
489320.0,
489340.0,
489360.0,
489380.0,
489400.0,
489420.0,
489440.0,
489460.0,
489480.0,
489500.0,
489520.0,
489540.0,
489560.0,
489580.0,
489600.0,
489620.0,
489640.0,
489660.0,
489680.0,
489700.0,
489720.0,
489740.0,
489760.0,
489780.0,
489800.0,
489820.0,
489840.0,
489860.0,
489880.0,
489900.0,
489920.0,
489940.0,
489960.0,
489980.0,
490000.0,
490020.0,
490040.0,
490060.0,
490080.0,
490100.0,
490120.0,
490140.0,
490160.0,
490180.0,
490200.0,
490220.0,
490240.0,
490260.0,
490280.0,
490300.0,
490320.0,
490340.0,
490360.0,
490380.0,
490400.0,
490420.0,
490440.0,
490460.0,
490480.0,
490500.0,
490520.0,
490540.0,
490560.0,
490580.0,
490600.0,
490620.0,
490640.0,
490660.0,
490680.0,
490700.0,
490720.0,
490740.0,
490760.0,
490780.0,
490800.0,
490820.0,
490840.0,
490860.0,
490880.0,
490900.0,
490920.0,
490940.0,
490960.0,
490980.0,
491000.0,
491020.0,
491040.0,
491060.0,
491080.0,
491100.0,
491120.0,
491140.0,
491160.0,
491180.0,
491200.0,
491220.0,
491240.0,
491260.0,
491280.0,
491300.0,
491320.0,
491340.0,
491360.0,
491380.0,
491400.0,
491420.0,
491440.0,
491460.0,
491480.0,
491500.0,
491520.0,
491540.0,
491560.0,
491580.0,
491600.0,
491620.0,
491640.0,
491660.0,
491680.0,
491700.0,
491720.0,
491740.0,
491760.0,
491780.0,
491800.0,
491820.0,
491840.0,
491860.0,
491880.0,
491900.0,
491920.0,
491940.0,
491960.0,
491980.0,
492000.0,
492020.0,
492040.0,
492060.0,
492080.0,
492100.0,
492120.0,
492140.0,
492160.0,
492180.0,
492200.0,
492220.0,
492240.0,
492260.0,
492280.0,
492300.0,
492320.0,
492340.0,
492360.0,
492380.0,
492400.0,
492420.0,
492440.0,
492460.0,
492480.0,
492500.0,
492520.0,
492540.0,
492560.0,
492580.0,
492600.0,
492620.0,
492640.0,
492660.0,
492680.0,
492700.0,
492720.0,
492740.0,
492760.0,
492780.0,
492800.0,
492820.0,
492840.0,
492860.0,
492880.0,
492900.0,
492920.0,
492940.0,
492960.0,
492980.0,
493000.0,
493020.0,
493040.0,
493060.0,
493080.0,
493100.0,
493120.0,
493140.0,
493160.0,
493180.0,
493200.0,
493220.0,
493240.0,
493260.0,
493280.0,
493300.0,
493320.0,
493340.0,
493360.0,
493380.0,
493400.0,
493420.0,
493440.0,
493460.0,
493480.0,
493500.0,
493520.0,
493540.0,
493560.0,
493580.0,
493600.0,
493620.0,
493640.0,
493660.0,
493680.0,
493700.0,
493720.0,
493740.0,
493760.0,
493780.0,
493800.0,
493820.0,
493840.0,
493860.0,
493880.0,
493900.0,
493920.0,
493940.0,
493960.0,
493980.0,
494000.0,
494020.0,
494040.0,
494060.0,
494080.0,
494100.0,
494120.0,
494140.0,
494160.0,
494180.0,
494200.0,
494220.0,
494240.0,
494260.0,
494280.0,
494300.0,
494320.0,
494340.0,
494360.0,
494380.0,
494400.0,
494420.0,
494440.0,
494460.0,
494480.0,
494500.0,
494520.0,
494540.0,
494560.0,
494580.0,
494600.0,
494620.0,
494640.0,
494660.0,
494680.0,
494700.0,
494720.0,
494740.0,
494760.0,
494780.0,
494800.0,
494820.0,
494840.0,
494860.0,
494880.0,
494900.0,
494920.0,
494940.0,
494960.0,
494980.0,
495000.0,
495020.0,
495040.0,
495060.0,
495080.0,
495100.0,
495120.0,
495140.0,
495160.0,
495180.0,
495200.0,677.2914550396467
495220.0,692.4903869695162
495240.0,711.1631137217796
495260.0,728.4656587536657
495280.0,743.8148584323699
495300.0,757.0932255052156
495320.0,768.4401224507478
495340.0,778.040555615942
495360.0,785.9814714895173
495380.0,792.197042079562
495400.0,796.4900393711121
495420.0,798.6022515638472
495440.0,798.3157399985139
495460.0,795.5581986226432
495480.0,790.4716303792
495500.0,783.4169455093303
495520.0,774.9142922502328
495540.0,765.5495565921585
495560.0,755.880694197903
495580.0,746.3705251024239
495600.0,737.3562917695224
495620.0,729.0459833198312
495640.0,721.5437820513251
495660.0,714.9051243350951
495680.0,709.2028043929056
495700.0,704.5822253555725
495720.0,701.2937531361753
495740.0,699.6974913369428
495760.0,700.2319241086764
495780.0,703.3269441167091
495800.0,709.238891393056
495820.0,717.8135203236398
495840.0,728.2191320323363
495860.0,738.7208431376126
495880.0,746.5859069032978
495900.0,748.224347715128
495920.0,739.6666097071609
495940.0,717.4228632185052
495960.0,679.6402988954885
495980.0,627.3011645536125
496000.0,581.2547220781155
496020.0,
496040.0,
496060.0,
496080.0,
496100.0,
496120.0,
496140.0,
496160.0,
496180.0,
496200.0,
496220.0,
496240.0,
496260.0,
496280.0,
496300.0,
496320.0,
496340.0,
496360.0,
496380.0,
496400.0,
496420.0,
496440.0,
496460.0,
496480.0,
496500.0,
496520.0,
496540.0,
496560.0,
496580.0,
496600.0,
496620.0,
496640.0,
496660.0,
496680.0,
496700.0,
496720.0,
496740.0,
496760.0,
496780.0,
496800.0,
496820.0,
496840.0,
496860.0,
496880.0,
496900.0,
496920.0,
496940.0,
496960.0,
496980.0,
497000.0,
497020.0,
497040.0,
497060.0,
497080.0,
497100.0,
497120.0,
497140.0,
497160.0,
497180.0,
497200.0,
497220.0,
497240.0,
497260.0,
497280.0,
497300.0,
497320.0,
497340.0,
497360.0,
497380.0,
497400.0,
497420.0,
497440.0,
497460.0,
497480.0,
497500.0,
497520.0,
497540.0,
497560.0,
497580.0,
497600.0,
497620.0,
497640.0,
497660.0,
497680.0,
497700.0,
497720.0,
497740.0,
497760.0,
497780.0,
497800.0,
497820.0,
497840.0,
497860.0,
497880.0,
497900.0,
497920.0,
497940.0,
497960.0,
497980.0,
498000.0,
498020.0,
498040.0,
498060.0,
498080.0,
498100.0,
498120.0,
498140.0,
498160.0,
498180.0,
498200.0,
498220.0,
498240.0,
498260.0,
498280.0,
498300.0,
498320.0,
498340.0,
498360.0,
498380.0,
498400.0,
498420.0,
498440.0,
498460.0,
498480.0,
498500.0,
498520.0,
498540.0,
498560.0,
498580.0,
498600.0,
498620.0,
498640.0,
498660.0,
498680.0,
498700.0,
498720.0,
498740.0,
498760.0,
498780.0,
498800.0,
498820.0,
498840.0,
498860.0,
498880.0,
498900.0,
498920.0,
498940.0,
498960.0,
498980.0,
499000.0,
499020.0,
499040.0,
499060.0,
499080.0,
499100.0,
499120.0,
499140.0,
499160.0,
499180.0,
499200.0,
499220.0,
499240.0,
499260.0,
499280.0,
499300.0,
499320.0,
499340.0,
499360.0,
499380.0,
499400.0,
499420.0,
499440.0,
499460.0,
499480.0,
499500.0,
499520.0,
499540.0,
499560.0,
499580.0,
499600.0,
499620.0,
499640.0,
499660.0,
499680.0,
499700.0,
499720.0,
499740.0,
499760.0,
499780.0,
499800.0,
499820.0,
499840.0,
499860.0,
499880.0,
499900.0,
499920.0,
499940.0,
499960.0,
499980.0,
500000.0,
500020.0,
500040.0,
500060.0,
500080.0,
500100.0,
500120.0,
500140.0,
500160.0,
500180.0,
500200.0,
500220.0,
500240.0,
500260.0,
500280.0,
500300.0,
500320.0,
500340.0,
500360.0,
500380.0,
500400.0,
500420.0,
500440.0,
500460.0,
500480.0,
500500.0,
500520.0,
500540.0,
500560.0,
500580.0,
500600.0,
500620.0,
500640.0,
500660.0,
500680.0,
500700.0,
500720.0,
500740.0,
500760.0,
500780.0,
500800.0,
500820.0,
500840.0,
500860.0,
500880.0,
500900.0,
500920.0,
500940.0,
500960.0,
500980.0,
501000.0,
501020.0,
501040.0,
501060.0,
501080.0,
501100.0,
501120.0,
501140.0,
501160.0,
501180.0,
501200.0,
501220.0,
501240.0,
501260.0,
501280.0,
501300.0,
501320.0,
501340.0,
501360.0,
501380.0,
501400.0,
501420.0,
501440.0,
501460.0,
501480.0,
501500.0,
501520.0,
501540.0,
501560.0,
501580.0,
501600.0,
501620.0,
501640.0,
501660.0,
501680.0,
501700.0,
501720.0,
501740.0,
501760.0,
501780.0,
501800.0,
501820.0,
501840.0,
501860.0,
501880.0,
501900.0,
501920.0,
501940.0,
501960.0,
501980.0,
502000.0,
502020.0,
502040.0,
502060.0,
502080.0,
502100.0,
502120.0,
502140.0,
502160.0,
502180.0,
502200.0,
502220.0,
502240.0,
502260.0,
502280.0,
502300.0,
502320.0,
502340.0,
502360.0,
502380.0,
502400.0,
502420.0,
502440.0,
502460.0,
502480.0,
502500.0,
502520.0,
502540.0,
502560.0,
502580.0,746.9210506885423
502600.0,775.08890712397
502620.0,803.8733112387255
502640.0,823.4002248086388
502660.0,829.536237028032
502680.0,819.4071319199666
502700.0,792.2613204498355
502720.0,764.6961494907355
502740.0,
502760.0,
502780.0,
502800.0,
502820.0,
502840.0,
502860.0,
502880.0,
502900.0,
502920.0,
502940.0,
502960.0,
502980.0,
503000.0,
503020.0,
503040.0,
503060.0,
503080.0,
503100.0,
503120.0,
503140.0,
503160.0,
503180.0,
503200.0,
503220.0,
503240.0,
503260.0,
503280.0,
503300.0,
503320.0,
503340.0,
503360.0,
503380.0,
503400.0,
503420.0,
503440.0,
503460.0,
503480.0,
503500.0,
503520.0,
503540.0,
503560.0,
503580.0,
503600.0,
503620.0,
503640.0,
503660.0,
503680.0,
503700.0,
503720.0,
503740.0,
503760.0,
503780.0,
503800.0,
503820.0,
503840.0,
503860.0,
503880.0,
503900.0,
503920.0,
503940.0,
503960.0,
503980.0,
504000.0,
504020.0,
504040.0,
504060.0,
504080.0,
504100.0,
504120.0,
504140.0,
504160.0,
504180.0,
504200.0,
504220.0,
504240.0,
504260.0,
504280.0,
504300.0,
504320.0,
504340.0,
504360.0,
504380.0,
504400.0,
504420.0,
504440.0,
504460.0,
504480.0,
504500.0,
504520.0,
504540.0,
504560.0,
504580.0,
504600.0,
504620.0,
504640.0,
504660.0,
504680.0,
504700.0,
504720.0,
504740.0,
504760.0,
504780.0,
504800.0,
504820.0,
504840.0,
504860.0,
504880.0,
504900.0,
504920.0,
504940.0,
504960.0,
504980.0,
505000.0,
505020.0,
505040.0,
505060.0,
505080.0,
505100.0,
505120.0,
505140.0,
505160.0,
505180.0,
505200.0,
505220.0,
505240.0,
505260.0,
505280.0,
505300.0,
505320.0,
505340.0,
505360.0,
505380.0,
505400.0,
505420.0,
505440.0,
505460.0,
505480.0,
505500.0,
505520.0,
505540.0,
505560.0,
505580.0,
505600.0,
505620.0,
505640.0,
505660.0,
505680.0,
505700.0,
505720.0,
505740.0,
505760.0,
505780.0,
505800.0,
505820.0,
505840.0,
505860.0,
505880.0,
505900.0,
505920.0,
505940.0,
505960.0,
505980.0,
506000.0,
506020.0,
506040.0,
506060.0,
506080.0,
506100.0,
506120.0,
506140.0,
506160.0,
506180.0,
506200.0,
506220.0,
506240.0,
506260.0,
506280.0,
506300.0,
506320.0,
506340.0,
506360.0,
506380.0,
506400.0,
506420.0,
506440.0,
506460.0,
506480.0,
506500.0,
506520.0,
506540.0,
506560.0,
506580.0,
506600.0,
506620.0,
506640.0,
506660.0,
506680.0,
506700.0,
506720.0,
506740.0,
506760.0,
506780.0,
506800.0,
506820.0,
506840.0,
506860.0,
506880.0,
506900.0,
506920.0,
506940.0,
506960.0,
506980.0,
507000.0,
507020.0,
507040.0,
507060.0,
507080.0,
507100.0,
507120.0,
507140.0,
507160.0,
507180.0,
507200.0,
507220.0,
507240.0,
507260.0,
507280.0,
507300.0,
507320.0,
507340.0,
507360.0,
507380.0,
507400.0,
507420.0,
507440.0,
507460.0,
507480.0,
507500.0,
507520.0,
507540.0,
507560.0,
507580.0,
507600.0,
507620.0,
507640.0,
507660.0,
507680.0,
507700.0,
507720.0,
507740.0,
507760.0,
507780.0,
507800.0,
507820.0,
507840.0,
507860.0,
507880.0,
507900.0,
507920.0,
507940.0,
507960.0,
507980.0,
508000.0,
508020.0,
508040.0,
508060.0,
508080.0,
508100.0,
508120.0,
508140.0,
508160.0,
508180.0,
508200.0,
508220.0,
508240.0,
508260.0,
508280.0,
508300.0,
508320.0,
508340.0,
508360.0,
508380.0,
508400.0,
508420.0,
508440.0,
508460.0,
508480.0,
508500.0,
508520.0,
508540.0,
508560.0,
508580.0,
508600.0,
508620.0,
508640.0,
508660.0,
508680.0,
508700.0,
508720.0,
508740.0,
508760.0,
508780.0,
508800.0,
508820.0,
508840.0,
508860.0,
508880.0,
508900.0,
508920.0,
508940.0,
508960.0,
508980.0,
509000.0,
509020.0,
509040.0,
509060.0,
509080.0,
509100.0,
509120.0,
509140.0,
509160.0,
509180.0,
509200.0,
509220.0,
509240.0,
509260.0,
509280.0,
509300.0,
509320.0,
509340.0,
509360.0,
509380.0,
509400.0,
509420.0,
509440.0,
509460.0,
509480.0,
509500.0,
509520.0,
509540.0,
509560.0,
509580.0,
509600.0,
509620.0,
509640.0,
509660.0,
509680.0,
509700.0,
509720.0,
509740.0,
509760.0,
509780.0,
509800.0,
509820.0,
509840.0,
509860.0,
509880.0,
509900.0,
509920.0,
509940.0,
509960.0,
509980.0,
510000.0,
510020.0,
510040.0,
510060.0,
510080.0,
510100.0,
510120.0,
510140.0,
510160.0,
510180.0,
510200.0,
510220.0,
510240.0,
510260.0,
510280.0,
510300.0,
510320.0,
510340.0,
510360.0,
510380.0,
510400.0,
510420.0,
510440.0,
510460.0,
510480.0,
510500.0,
510520.0,
510540.0,
510560.0,
510580.0,
510600.0,
510620.0,
510640.0,
510660.0,
510680.0,
510700.0,
510720.0,
510740.0,
510760.0,
510780.0,
510800.0,
510820.0,
510840.0,
510860.0,
510880.0,
510900.0,
510920.0,
510940.0,
510960.0,
510980.0,
511000.0,
511020.0,
511040.0,
511060.0,
511080.0,
511100.0,
511120.0,
511140.0,
511160.0,
511180.0,
511200.0,
511220.0,
511240.0,
511260.0,
511280.0,
511300.0,
511320.0,
511340.0,
511360.0,
511380.0,
511400.0,
511420.0,
511440.0,
511460.0,
511480.0,
511500.0,
511520.0,
511540.0,
511560.0,
511580.0,
511600.0,
511620.0,
511640.0,
511660.0,
511680.0,
511700.0,
511720.0,
511740.0,
511760.0,
511780.0,
511800.0,
511820.0,
511840.0,
511860.0,
511880.0,
511900.0,
511920.0,
511940.0,
511960.0,
511980.0,
512000.0,
512020.0,
512040.0,
512060.0,
512080.0,
512100.0,
512120.0,
512140.0,
512160.0,
512180.0,
512200.0,
512220.0,
512240.0,
512260.0,
512280.0,
512300.0,
512320.0,
512340.0,
512360.0,
512380.0,
512400.0,
512420.0,
512440.0,
512460.0,
512480.0,
512500.0,
512520.0,
512540.0,
512560.0,
512580.0,
512600.0,
512620.0,
512640.0,
512660.0,
512680.0,
512700.0,
512720.0,
512740.0,
512760.0,
512780.0,
512800.0,
512820.0,
512840.0,
512860.0,
512880.0,
512900.0,
512920.0,
512940.0,
512960.0,
512980.0,
513000.0,
513020.0,
513040.0,
513060.0,
513080.0,
513100.0,
513120.0,
513140.0,
513160.0,
513180.0,
513200.0,
513220.0,
513240.0,
513260.0,
513280.0,
513300.0,
513320.0,
513340.0,
513360.0,
513380.0,
513400.0,
513420.0,
513440.0,
513460.0,
513480.0,
513500.0,
513520.0,
513540.0,
513560.0,
513580.0,
513600.0,
513620.0,
513640.0,
513660.0,
513680.0,
513700.0,
513720.0,
513740.0,
513760.0,
513780.0,
513800.0,
513820.0,
513840.0,
513860.0,
513880.0,
513900.0,
513920.0,
513940.0,
513960.0,
513980.0,
514000.0,
514020.0,
514040.0,
514060.0,
514080.0,
514100.0,
514120.0,
514140.0,
514160.0,
514180.0,
514200.0,
514220.0,
514240.0,
514260.0,
514280.0,
514300.0,
514320.0,
514340.0,
514360.0,
514380.0,
514400.0,
514420.0,
514440.0,
514460.0,
514480.0,
514500.0,
514520.0,
514540.0,
514560.0,
514580.0,
514600.0,
514620.0,
514640.0,
514660.0,
514680.0,
514700.0,
514720.0,
514740.0,
514760.0,
514780.0,
514800.0,
514820.0,
514840.0,
514860.0,
514880.0,
514900.0,
514920.0,
514940.0,
514960.0,
514980.0,
515000.0,
515020.0,
515040.0,
515060.0,
515080.0,
515100.0,
515120.0,
515140.0,
515160.0,
515180.0,
515200.0,
515220.0,
515240.0,
515260.0,
515280.0,
515300.0,
515320.0,
515340.0,
515360.0,
515380.0,
515400.0,
515420.0,
515440.0,
515460.0,
515480.0,
515500.0,
515520.0,
515540.0,
515560.0,
515580.0,
515600.0,
515620.0,
515640.0,
515660.0,
515680.0,
515700.0,
515720.0,
515740.0,
515760.0,
515780.0,
515800.0,
515820.0,
515840.0,
515860.0,
515880.0,
515900.0,
515920.0,
515940.0,
515960.0,
515980.0,
516000.0,
516020.0,
516040.0,
516060.0,
516080.0,
516100.0,
516120.0,
516140.0,
516160.0,
516180.0,
516200.0,
516220.0,
516240.0,
516260.0,
516280.0,
516300.0,
516320.0,
516340.0,
516360.0,
516380.0,
516400.0,
516420.0,
516440.0,
516460.0,
516480.0,
516500.0,
516520.0,
516540.0,
516560.0,
516580.0,
516600.0,
516620.0,
516640.0,
516660.0,
516680.0,
516700.0,
516720.0,
516740.0,
516760.0,
516780.0,
516800.0,
516820.0,
516840.0,
516860.0,
516880.0,
516900.0,
516920.0,
516940.0,
516960.0,
516980.0,
517000.0,
517020.0,
517040.0,
517060.0,
517080.0,
517100.0,
517120.0,
517140.0,
517160.0,
517180.0,
517200.0,
517220.0,
517240.0,
517260.0,
517280.0,
517300.0,
517320.0,
517340.0,
517360.0,
517380.0,
517400.0,
517420.0,
517440.0,
517460.0,
517480.0,
517500.0,
517520.0,
517540.0,
517560.0,
517580.0,
517600.0,
517620.0,
517640.0,
517660.0,
517680.0,
517700.0,
517720.0,
517740.0,
517760.0,
517780.0,
517800.0,
517820.0,
517840.0,
517860.0,
517880.0,
517900.0,
517920.0,
517940.0,
517960.0,
517980.0,
518000.0,
518020.0,
518040.0,
518060.0,
518080.0,
518100.0,
518120.0,
518140.0,
518160.0,
518180.0,
518200.0,
518220.0,
518240.0,
518260.0,
518280.0,
518300.0,
518320.0,
518340.0,
518360.0,
518380.0,
518400.0,
518420.0,
518440.0,
518460.0,
518480.0,
518500.0,
518520.0,
518540.0,
518560.0,
518580.0,
518600.0,
518620.0,
518640.0,
518660.0,
518680.0,
518700.0,
518720.0,
518740.0,
518760.0,
518780.0,
518800.0,
518820.0,
518840.0,
518860.0,
518880.0,
518900.0,
518920.0,
518940.0,
518960.0,
518980.0,
519000.0,
519020.0,
519040.0,
519060.0,
519080.0,
519100.0,
519120.0,
519140.0,
519160.0,
519180.0,
519200.0,
519220.0,
519240.0,
519260.0,
519280.0,
519300.0,
519320.0,
519340.0,
519360.0,
519380.0,
519400.0,
519420.0,
519440.0,
519460.0,
519480.0,
519500.0,
519520.0,
519540.0,
519560.0,
519580.0,
519600.0,
519620.0,
519640.0,
519660.0,
519680.0,
519700.0,
519720.0,
519740.0,
519760.0,
519780.0,
519800.0,
519820.0,
519840.0,
519860.0,
519880.0,
519900.0,
519920.0,
519940.0,
519960.0,
519980.0,
520000.0,
520020.0,
520040.0,
520060.0,
520080.0,
520100.0,
520120.0,
520140.0,
520160.0,
520180.0,
520200.0,
520220.0,
520240.0,
520260.0,
520280.0,
520300.0,
520320.0,
520340.0,
520360.0,
520380.0,
520400.0,
520420.0,
520440.0,
520460.0,
520480.0,
520500.0,
520520.0,
520540.0,
520560.0,
520580.0,
520600.0,
520620.0,
520640.0,
520660.0,
520680.0,
520700.0,
520720.0,
520740.0,
520760.0,
520780.0,
520800.0,
520820.0,
520840.0,
520860.0,
520880.0,
520900.0,
520920.0,
520940.0,
520960.0,
520980.0,
521000.0,
521020.0,
521040.0,
521060.0,
521080.0,180.40622412333255
521100.0,180.18062373203378
521120.0,179.89105162505763
521140.0,179.76970940407068
521160.0,179.95045049716757
521180.0,180.54373771892435
521200.0,181.5868504913627
521220.0,182.9405673168859
521240.0,
521260.0,
521280.0,
521300.0,
521320.0,
521340.0,
521360.0,
521380.0,
521400.0,
521420.0,
521440.0,
521460.0,
521480.0,
521500.0,
521520.0,
521540.0,
521560.0,
521580.0,
521600.0,
521620.0,
521640.0,
521660.0,
521680.0,
521700.0,
521720.0,
521740.0,
521760.0,
521780.0,
521800.0,
521820.0,
521840.0,
521860.0,
521880.0,
521900.0,
521920.0,
521940.0,
521960.0,
521980.0,
522000.0,
522020.0,
522040.0,
522060.0,
522080.0,
522100.0,
522120.0,
522140.0,
522160.0,
522180.0,
522200.0,
522220.0,
522240.0,
522260.0,
522280.0,
522300.0,
522320.0,
522340.0,
522360.0,
522380.0,
522400.0,
522420.0,
522440.0,
522460.0,
522480.0,
522500.0,
522520.0,
522540.0,
522560.0,
522580.0,
522600.0,
522620.0,
522640.0,
522660.0,
522680.0,
522700.0,
522720.0,
522740.0,
522760.0,
522780.0,
522800.0,
522820.0,
522840.0,
522860.0,
522880.0,
522900.0,
522920.0,
522940.0,
522960.0,
522980.0,
523000.0,
523020.0,
523040.0,
523060.0,
523080.0,
523100.0,
523120.0,
523140.0,
523160.0,
523180.0,
523200.0,
523220.0,
523240.0,
523260.0,
523280.0,
523300.0,
523320.0,
523340.0,
523360.0,
523380.0,
523400.0,
523420.0,
523440.0,
523460.0,
523480.0,
523500.0,
523520.0,
523540.0,
523560.0,
523580.0,
523600.0,
523620.0,
523640.0,
523660.0,
523680.0,
523700.0,
523720.0,
523740.0,
523760.0,
523780.0,
523800.0,
523820.0,
523840.0,
523860.0,
523880.0,
523900.0,
523920.0,
523940.0,
523960.0,
523980.0,
524000.0,
524020.0,
524040.0,
524060.0,
524080.0,
524100.0,
524120.0,
524140.0,
524160.0,
524180.0,
524200.0,
524220.0,
524240.0,
524260.0,
524280.0,
524300.0,
524320.0,
524340.0,
524360.0,
524380.0,
524400.0,
524420.0,
524440.0,
524460.0,
524480.0,
524500.0,
524520.0,
524540.0,
524560.0,
524580.0,
524600.0,
524620.0,
524640.0,
524660.0,
524680.0,
524700.0,
524720.0,
524740.0,
524760.0,
524780.0,
524800.0,
524820.0,
524840.0,
524860.0,
524880.0,
524900.0,
524920.0,
524940.0,
524960.0,
524980.0,
525000.0,
525020.0,
525040.0,
525060.0,
525080.0,
525100.0,
525120.0,
525140.0,
525160.0,
525180.0,
525200.0,
525220.0,
525240.0,
525260.0,
525280.0,
525300.0,
525320.0,
525340.0,
525360.0,
525380.0,
525400.0,
525420.0,
525440.0,
525460.0,
525480.0,
525500.0,
525520.0,
525540.0,
525560.0,
525580.0,
525600.0,
525620.0,
525640.0,
525660.0,
525680.0,
525700.0,
525720.0,
525740.0,
525760.0,
525780.0,
525800.0,
525820.0,
525840.0,
525860.0,
525880.0,
525900.0,
525920.0,
525940.0,
525960.0,
525980.0,
526000.0,
526020.0,
526040.0,
526060.0,
526080.0,
526100.0,
526120.0,
526140.0,
526160.0,
526180.0,
526200.0,
526220.0,
526240.0,
526260.0,
526280.0,
526300.0,
526320.0,
526340.0,
526360.0,
526380.0,
526400.0,
526420.0,
526440.0,
526460.0,
526480.0,
526500.0,
526520.0,
526540.0,
526560.0,
526580.0,
526600.0,
526620.0,
526640.0,
526660.0,
526680.0,
526700.0,
526720.0,
526740.0,
526760.0,
526780.0,
526800.0,
526820.0,
526840.0,
526860.0,
526880.0,
526900.0,
526920.0,
526940.0,
526960.0,
526980.0,
527000.0,
527020.0,
527040.0,
527060.0,
527080.0,
527100.0,
527120.0,
527140.0,
527160.0,
527180.0,
527200.0,
527220.0,
527240.0,
527260.0,
527280.0,
527300.0,
527320.0,
527340.0,
527360.0,
527380.0,
527400.0,
527420.0,
527440.0,
527460.0,
527480.0,
527500.0,
527520.0,
527540.0,
527560.0,
527580.0,
527600.0,
527620.0,
527640.0,
527660.0,
527680.0,
527700.0,
527720.0,
527740.0,
527760.0,
527780.0,
527800.0,
527820.0,
527840.0,
527860.0,
527880.0,
527900.0,
527920.0,
527940.0,
527960.0,
527980.0,
528000.0,
528020.0,
528040.0,
528060.0,
528080.0,
528100.0,
528120.0,
528140.0,
528160.0,
528180.0,
528200.0,
528220.0,
528240.0,
528260.0,
528280.0,
528300.0,
528320.0,
528340.0,
528360.0,
528380.0,
528400.0,
528420.0,
528440.0,
528460.0,
528480.0,
528500.0,
528520.0,
528540.0,
528560.0,
528580.0,
528600.0,
528620.0,
528640.0,
528660.0,
528680.0,
528700.0,
528720.0,
528740.0,
528760.0,
528780.0,
528800.0,
528820.0,
528840.0,
528860.0,
528880.0,
528900.0,
528920.0,
528940.0,
528960.0,
528980.0,
529000.0,
529020.0,
529040.0,
529060.0,
529080.0,
529100.0,
529120.0,
529140.0,
529160.0,
529180.0,
529200.0,
529220.0,
529240.0,
529260.0,
529280.0,
529300.0,
529320.0,
529340.0,
529360.0,
529380.0,
529400.0,
529420.0,
529440.0,
529460.0,
529480.0,
529500.0,
529520.0,
529540.0,
529560.0,
529580.0,
529600.0,
529620.0,
529640.0,
529660.0,
529680.0,
529700.0,
529720.0,
529740.0,
529760.0,
529780.0,
529800.0,
529820.0,
529840.0,
529860.0,
529880.0,
529900.0,
529920.0,
529940.0,
529960.0,
529980.0,
530000.0,
530020.0,
530040.0,
530060.0,
530080.0,
530100.0,
530120.0,
530140.0,
530160.0,
530180.0,
530200.0,
530220.0,
530240.0,
530260.0,
530280.0,
530300.0,
530320.0,
530340.0,
530360.0,
530380.0,
530400.0,
530420.0,
530440.0,
530460.0,
530480.0,
530500.0,
530520.0,
530540.0,
530560.0,
530580.0,
530600.0,
530620.0,
530640.0,
530660.0,
530680.0,
530700.0,
530720.0,
530740.0,
530760.0,
530780.0,
530800.0,
530820.0,
530840.0,
530860.0,
530880.0,
530900.0,
530920.0,
530940.0,
530960.0,
530980.0,
531000.0,
531020.0,
531040.0,
531060.0,
531080.0,
531100.0,
531120.0,
531140.0,
531160.0,
531180.0,
531200.0,
531220.0,
531240.0,
531260.0,
531280.0,
531300.0,
531320.0,
531340.0,
531360.0,
531380.0,
531400.0,
531420.0,
531440.0,
531460.0,
531480.0,
531500.0,
531520.0,
531540.0,
531560.0,
531580.0,
531600.0,
531620.0,
531640.0,
531660.0,
531680.0,
531700.0,
531720.0,
531740.0,
531760.0,
531780.0,
531800.0,
531820.0,
531840.0,
531860.0,
531880.0,
531900.0,
531920.0,
531940.0,
531960.0,
531980.0,
532000.0,
532020.0,
532040.0,
532060.0,
532080.0,
532100.0,
532120.0,
532140.0,
532160.0,
532180.0,
532200.0,
532220.0,
532240.0,
532260.0,
532280.0,
532300.0,
532320.0,
532340.0,
532360.0,
532380.0,
532400.0,
532420.0,
532440.0,
532460.0,
532480.0,
532500.0,
532520.0,
532540.0,
532560.0,
532580.0,
532600.0,
532620.0,
532640.0,
532660.0,
532680.0,
532700.0,
532720.0,
532740.0,
532760.0,
532780.0,
532800.0,
532820.0,
532840.0,
532860.0,
532880.0,
532900.0,
532920.0,
532940.0,
532960.0,
532980.0,
533000.0,
533020.0,
533040.0,
533060.0,
533080.0,
533100.0,
533120.0,
533140.0,
533160.0,
533180.0,
533200.0,
533220.0,
533240.0,
533260.0,
533280.0,
533300.0,
533320.0,
533340.0,
533360.0,
533380.0,
533400.0,
533420.0,
533440.0,
533460.0,
533480.0,
533500.0,
533520.0,
533540.0,
533560.0,
533580.0,
533600.0,
533620.0,
533640.0,
533660.0,
533680.0,
533700.0,
533720.0,
533740.0,
533760.0,
533780.0,
533800.0,
533820.0,
533840.0,
533860.0,
533880.0,
533900.0,
533920.0,
533940.0,
533960.0,
533980.0,
534000.0,
534020.0,
534040.0,
534060.0,
534080.0,
534100.0,
534120.0,
534140.0,
534160.0,
534180.0,
534200.0,
534220.0,
534240.0,
534260.0,
534280.0,
534300.0,
534320.0,
534340.0,
534360.0,
534380.0,
534400.0,
534420.0,
534440.0,
534460.0,
534480.0,
534500.0,
534520.0,
534540.0,
534560.0,
534580.0,
534600.0,
534620.0,
534640.0,
534660.0,
534680.0,
534700.0,
534720.0,
534740.0,
534760.0,
534780.0,
534800.0,
534820.0,
534840.0,
534860.0,
534880.0,
534900.0,
534920.0,
534940.0,
534960.0,
534980.0,
535000.0,
535020.0,
535040.0,
535060.0,
535080.0,
535100.0,
535120.0,
535140.0,
535160.0,
535180.0,
535200.0,
535220.0,
535240.0,
535260.0,
535280.0,
535300.0,
535320.0,
535340.0,
535360.0,
535380.0,
535400.0,
535420.0,
535440.0,
535460.0,
535480.0,
535500.0,
535520.0,
535540.0,
535560.0,
535580.0,
535600.0,
535620.0,
535640.0,
535660.0,
535680.0,
535700.0,
535720.0,
535740.0,
535760.0,
535780.0,
535800.0,
535820.0,
535840.0,
535860.0,
535880.0,
535900.0,
535920.0,
535940.0,
535960.0,
535980.0,
536000.0,
536020.0,
536040.0,
536060.0,
536080.0,
536100.0,
536120.0,
536140.0,
536160.0,
536180.0,
536200.0,
536220.0,
536240.0,
536260.0,
536280.0,
536300.0,
536320.0,
536340.0,
536360.0,
536380.0,
536400.0,
536420.0,
536440.0,
536460.0,
536480.0,
536500.0,
536520.0,
536540.0,
536560.0,
536580.0,
536600.0,
536620.0,
536640.0,
536660.0,
536680.0,
536700.0,
536720.0,
536740.0,
536760.0,
536780.0,
536800.0,
536820.0,
536840.0,
536860.0,
536880.0,
536900.0,
536920.0,
536940.0,
536960.0,
536980.0,
537000.0,
537020.0,
537040.0,
537060.0,
537080.0,
537100.0,
537120.0,
537140.0,
537160.0,
537180.0,
537200.0,
537220.0,
537240.0,
537260.0,
537280.0,
537300.0,
537320.0,
537340.0,
537360.0,892.1087509981717
537380.0,892.3413561279289
537400.0,884.2005048294989
537420.0,867.3775749487628
537440.0,844.2871942638278
537460.0,817.7755811995231
537480.0,790.2092903903842
537500.0,763.327301062381
537520.0,743.1867798266281
537540.0,
537560.0,
537580.0,
537600.0,
537620.0,
537640.0,
537660.0,
537680.0,
537700.0,
537720.0,
537740.0,
537760.0,
537780.0,
537800.0,
537820.0,
537840.0,
537860.0,
537880.0,
537900.0,
537920.0,
537940.0,
537960.0,
537980.0,
538000.0,
538020.0,
538040.0,
538060.0,
538080.0,
538100.0,
538120.0,
538140.0,
538160.0,
538180.0,
538200.0,
538220.0,
538240.0,
538260.0,
538280.0,
538300.0,
538320.0,
538340.0,
538360.0,
538380.0,
538400.0,
538420.0,
538440.0,
538460.0,
538480.0,
538500.0,
538520.0,
538540.0,
538560.0,
538580.0,
538600.0,
538620.0,
538640.0,
538660.0,
538680.0,
538700.0,
538720.0,
538740.0,
538760.0,
538780.0,
538800.0,
538820.0,
538840.0,
538860.0,
538880.0,
538900.0,
538920.0,
538940.0,
538960.0,
538980.0,
539000.0,
539020.0,
539040.0,
539060.0,
539080.0,
539100.0,
539120.0,
539140.0,
539160.0,
539180.0,
539200.0,
539220.0,
539240.0,
539260.0,
539280.0,
539300.0,
539320.0,
539340.0,
539360.0,
539380.0,
539400.0,
539420.0,
539440.0,
539460.0,
539480.0,
539500.0,
539520.0,
539540.0,
539560.0,
539580.0,
539600.0,
539620.0,
539640.0,
539660.0,
539680.0,
539700.0,
539720.0,
539740.0,
539760.0,
539780.0,
539800.0,
539820.0,
539840.0,
539860.0,
539880.0,
539900.0,
539920.0,
539940.0,
539960.0,
539980.0,
540000.0,
540020.0,
540040.0,
540060.0,
540080.0,
540100.0,
540120.0,
540140.0,
540160.0,
540180.0,
540200.0,
540220.0,
540240.0,
540260.0,
540280.0,
540300.0,
540320.0,
540340.0,
540360.0,
540380.0,
540400.0,
540420.0,
540440.0,
540460.0,
540480.0,
540500.0,
540520.0,
540540.0,
540560.0,
540580.0,
540600.0,
540620.0,
540640.0,
540660.0,
540680.0,
540700.0,
540720.0,
540740.0,
540760.0,
540780.0,
540800.0,
540820.0,
540840.0,
540860.0,
540880.0,
540900.0,
540920.0,
540940.0,
540960.0,
540980.0,
541000.0,
541020.0,
541040.0,
541060.0,
541080.0,
541100.0,
541120.0,
541140.0,
541160.0,
541180.0,
541200.0,
541220.0,
541240.0,
541260.0,
541280.0,
541300.0,
541320.0,
541340.0,
541360.0,
541380.0,
541400.0,
541420.0,
541440.0,
541460.0,
541480.0,
541500.0,
541520.0,
541540.0,
541560.0,
541580.0,
541600.0,
541620.0,
541640.0,
541660.0,
541680.0,
541700.0,
541720.0,
541740.0,
541760.0,
541780.0,
541800.0,
541820.0,
541840.0,
541860.0,
541880.0,
541900.0,
541920.0,
541940.0,
541960.0,
541980.0,
542000.0,
542020.0,
542040.0,
542060.0,
542080.0,
542100.0,
542120.0,
542140.0,
542160.0,
542180.0,
542200.0,
542220.0,
542240.0,
542260.0,
542280.0,
542300.0,
542320.0,
542340.0,
542360.0,
542380.0,
542400.0,
542420.0,
542440.0,
542460.0,
542480.0,
542500.0,
542520.0,
542540.0,
542560.0,
542580.0,
542600.0,
542620.0,
542640.0,
542660.0,
542680.0,
542700.0,
542720.0,
542740.0,
542760.0,
542780.0,
542800.0,
542820.0,
542840.0,
542860.0,
542880.0,
542900.0,
542920.0,
542940.0,
542960.0,
542980.0,
543000.0,
543020.0,
543040.0,
543060.0,
543080.0,
543100.0,
543120.0,
543140.0,
543160.0,
543180.0,
543200.0,
543220.0,
543240.0,
543260.0,
543280.0,
543300.0,
543320.0,
543340.0,
543360.0,
543380.0,
543400.0,
543420.0,
543440.0,
543460.0,
543480.0,
543500.0,
543520.0,
543540.0,
543560.0,
543580.0,
543600.0,
543620.0,
543640.0,
543660.0,
543680.0,
543700.0,
543720.0,
543740.0,
543760.0,
543780.0,
543800.0,
543820.0,
543840.0,
543860.0,
543880.0,
543900.0,
543920.0,
543940.0,
543960.0,
543980.0,
544000.0,
544020.0,
544040.0,
544060.0,
544080.0,
544100.0,
544120.0,
544140.0,
544160.0,
544180.0,
544200.0,
544220.0,
544240.0,
544260.0,
544280.0,
544300.0,
544320.0,
544340.0,
544360.0,
544380.0,
544400.0,
544420.0,
544440.0,
544460.0,
544480.0,
544500.0,
544520.0,
544540.0,
544560.0,
544580.0,
544600.0,
544620.0,
544640.0,
544660.0,
544680.0,
544700.0,
544720.0,
544740.0,
544760.0,
544780.0,
544800.0,
544820.0,
544840.0,
544860.0,
544880.0,
544900.0,
544920.0,
544940.0,
544960.0,
544980.0,
545000.0,
545020.0,
545040.0,
545060.0,
545080.0,
545100.0,
545120.0,
545140.0,
545160.0,
545180.0,
545200.0,
545220.0,
545240.0,
545260.0,
545280.0,
545300.0,
545320.0,
545340.0,
545360.0,
545380.0,
545400.0,
545420.0,
545440.0,
545460.0,
545480.0,
545500.0,
545520.0,
545540.0,
545560.0,
545580.0,
545600.0,
545620.0,
545640.0,
545660.0,
545680.0,
545700.0,
545720.0,
545740.0,
545760.0,
545780.0,
545800.0,
545820.0,
545840.0,
545860.0,
545880.0,
545900.0,
545920.0,
545940.0,
545960.0,
545980.0,
546000.0,
546020.0,
546040.0,
546060.0,
546080.0,
546100.0,
546120.0,
546140.0,
546160.0,
546180.0,
546200.0,
546220.0,
546240.0,
546260.0,
546280.0,
546300.0,
546320.0,
546340.0,
546360.0,
546380.0,
546400.0,
546420.0,
546440.0,
546460.0,
546480.0,
546500.0,
546520.0,
546540.0,
546560.0,
546580.0,
546600.0,
546620.0,
546640.0,
546660.0,
546680.0,
546700.0,
546720.0,
546740.0,
546760.0,
546780.0,
546800.0,
546820.0,
546840.0,
546860.0,
546880.0,
546900.0,
546920.0,
546940.0,
546960.0,
546980.0,
547000.0,
547020.0,
547040.0,
547060.0,
547080.0,
547100.0,
547120.0,
547140.0,
547160.0,
547180.0,
547200.0,
547220.0,
547240.0,
547260.0,
547280.0,
547300.0,
547320.0,
547340.0,
547360.0,
547380.0,
547400.0,
547420.0,
547440.0,
547460.0,
547480.0,
547500.0,
547520.0,
547540.0,
547560.0,
547580.0,
547600.0,
547620.0,
547640.0,
547660.0,
547680.0,
547700.0,
547720.0,
547740.0,
547760.0,
547780.0,
547800.0,
547820.0,
547840.0,
547860.0,
547880.0,
547900.0,
547920.0,
547940.0,
547960.0,
547980.0,
548000.0,
548020.0,
548040.0,
548060.0,
548080.0,
548100.0,
548120.0,
548140.0,
548160.0,
548180.0,
548200.0,
548220.0,
548240.0,
548260.0,
548280.0,
548300.0,
548320.0,
548340.0,
548360.0,
548380.0,
548400.0,
548420.0,
548440.0,
548460.0,
548480.0,
548500.0,
548520.0,
548540.0,
548560.0,
548580.0,
548600.0,
548620.0,
548640.0,
548660.0,
548680.0,
548700.0,
548720.0,
548740.0,
548760.0,
548780.0,
548800.0,
548820.0,
548840.0,
548860.0,
548880.0,
548900.0,
548920.0,
548940.0,
548960.0,
548980.0,
549000.0,
549020.0,
549040.0,
549060.0,
549080.0,
549100.0,
549120.0,
549140.0,
549160.0,
549180.0,
549200.0,
549220.0,
549240.0,
549260.0,
549280.0,
549300.0,
549320.0,
549340.0,
549360.0,
549380.0,
549400.0,
549420.0,
549440.0,
549460.0,
549480.0,
549500.0,
549520.0,
549540.0,
549560.0,
549580.0,
549600.0,
549620.0,
549640.0,
549660.0,
549680.0,
549700.0,
549720.0,
549740.0,
549760.0,
549780.0,
549800.0,
549820.0,
549840.0,
549860.0,
549880.0,
549900.0,
549920.0,
549940.0,
549960.0,
549980.0,
550000.0,
550020.0,
550040.0,
550060.0,
550080.0,
550100.0,
550120.0,
550140.0,
550160.0,
550180.0,
550200.0,
550220.0,
550240.0,
550260.0,
550280.0,
550300.0,
550320.0,
550340.0,
550360.0,
550380.0,
550400.0,
550420.0,
550440.0,
550460.0,
550480.0,
550500.0,
550520.0,
550540.0,
550560.0,
550580.0,
550600.0,
550620.0,
550640.0,
550660.0,
550680.0,
550700.0,
550720.0,
550740.0,
550760.0,
550780.0,
550800.0,
550820.0,
550840.0,
550860.0,
550880.0,
550900.0,
550920.0,
550940.0,
550960.0,
550980.0,
551000.0,
551020.0,
551040.0,
551060.0,
551080.0,
551100.0,
551120.0,
551140.0,
551160.0,
551180.0,
551200.0,
551220.0,
551240.0,
551260.0,
551280.0,
551300.0,
551320.0,
551340.0,
551360.0,
551380.0,
551400.0,
551420.0,
551440.0,
551460.0,
551480.0,
551500.0,
551520.0,
551540.0,
551560.0,
551580.0,
551600.0,
551620.0,
551640.0,
551660.0,
551680.0,
551700.0,
551720.0,
551740.0,
551760.0,
551780.0,
551800.0,
551820.0,
551840.0,
551860.0,
551880.0,
551900.0,
551920.0,
551940.0,
551960.0,
551980.0,
552000.0,
552020.0,
552040.0,
552060.0,
552080.0,
552100.0,
552120.0,
552140.0,
552160.0,
552180.0,
552200.0,
552220.0,
552240.0,
552260.0,
552280.0,
552300.0,
552320.0,
552340.0,1307.5413064909808
552360.0,1409.5801463465466
552380.0,1515.4567857486045
552400.0,1597.9793171752474
552420.0,1654.6831617205873
552440.0,1687.7271796736964
552460.0,1701.4618065259288
552480.0,1700.8619908853489
552500.0,1690.7238369163438
552520.0,1675.1797954102087
552540.0,1657.5793922977543
552560.0,1640.6977268908188
552580.0,1627.017984025369
552600.0,1618.7394473372774
552620.0,1617.2774839630881
552640.0,1622.470802211987
552660.0,1632.5932888977677
552680.0,1645.0239194308092
552700.0,1656.931639865604
552720.0,1666.0072327445118
552740.0,1670.8985877943421
552760.0,1671.2425147088754
552780.0,1667.4791665366156
552800.0,1660.6350051890724
552820.0,1652.1226097690549
552840.0,1643.5146449053937
552860.0,1636.318679400819
552880.0,1631.788962614594
552900.0,1630.7273883738815
552920.0,1633.2901134408971
552940.0,1638.8538024897996
552960.0,1646.1062351977894
552980.0,1653.4966092101356
553000.0,1659.808110445175
553020.0,1664.4960578380892
553040.0,1667.664612515858
553060.0,1669.7515669822155
553080.0,1671.0447068392004
553100.0,1671.1090549480916
553120.0,1668.2379745754413
553140.0,1659.1569093262376
553160.0,1639.4246427158625
553180.0,1604.8861635516155
553200.0,1553.7640214580217
553220.0,1488.166766387851
553240.0,1418.1293249480946
553260.0,
553280.0,
553300.0,
553320.0,
553340.0,
553360.0,
553380.0,
553400.0,
553420.0,
553440.0,
553460.0,
553480.0,
553500.0,
553520.0,
553540.0,
553560.0,
553580.0,
553600.0,
553620.0,
553640.0,
553660.0,
553680.0,
553700.0,
553720.0,
553740.0,
553760.0,
553780.0,
553800.0,
553820.0,
553840.0,
553860.0,
553880.0,
553900.0,
553920.0,
553940.0,
553960.0,
553980.0,
554000.0,
554020.0,
554040.0,
554060.0,
554080.0,
554100.0,
554120.0,
554140.0,
554160.0,
554180.0,
554200.0,
554220.0,
554240.0,
554260.0,
554280.0,
554300.0,
554320.0,
554340.0,
554360.0,
554380.0,
554400.0,
554420.0,
554440.0,
554460.0,
554480.0,
554500.0,
554520.0,
554540.0,
554560.0,
554580.0,
554600.0,
554620.0,
554640.0,1712.0847125087191
554660.0,1702.2802409148076
554680.0,1662.517349117688
554700.0,1590.21694072556
554720.0,1491.9605757739062
554740.0,1381.2394393209452
554760.0,1274.5666215226277
554780.0,1186.7539122482951
554800.0,1127.907988340971
554820.0,1102.5768159859558
554840.0,1110.101085828108
554860.0,1145.4006188914486
554880.0,1199.9272107704896
554900.0,1234.1767042021565
554920.0,
554940.0,
554960.0,
554980.0,
555000.0,
555020.0,
555040.0,
555060.0,
555080.0,
555100.0,
555120.0,
555140.0,
555160.0,
555180.0,
555200.0,
555220.0,
555240.0,
555260.0,
555280.0,
555300.0,
555320.0,
555340.0,
555360.0,
555380.0,
555400.0,
555420.0,
555440.0,
555460.0,
555480.0,
555500.0,
555520.0,
555540.0,
555560.0,
555580.0,
555600.0,
555620.0,
555640.0,
555660.0,
555680.0,
555700.0,
555720.0,
555740.0,
555760.0,
555780.0,
555800.0,
555820.0,
555840.0,
555860.0,
555880.0,
555900.0,
555920.0,
555940.0,
555960.0,
555980.0,
556000.0,
556020.0,
556040.0,
556060.0,
556080.0,
556100.0,
556120.0,
556140.0,
556160.0,
556180.0,
556200.0,
556220.0,
556240.0,
556260.0,
556280.0,
556300.0,
556320.0,
556340.0,
556360.0,
556380.0,
556400.0,
556420.0,
556440.0,
556460.0,
556480.0,
556500.0,
556520.0,
556540.0,
556560.0,
556580.0,
556600.0,
556620.0,
556640.0,
556660.0,
556680.0,
556700.0,
556720.0,
556740.0,
556760.0,
556780.0,
556800.0,
556820.0,
556840.0,
556860.0,
556880.0,
556900.0,
556920.0,
556940.0,
556960.0,
556980.0,
557000.0,
557020.0,
557040.0,
557060.0,
557080.0,
557100.0,
557120.0,
557140.0,
557160.0,
557180.0,
557200.0,
557220.0,
557240.0,
557260.0,
557280.0,
557300.0,
557320.0,
557340.0,
557360.0,
557380.0,
557400.0,
557420.0,
557440.0,
557460.0,
557480.0,
557500.0,
557520.0,
557540.0,
557560.0,
557580.0,
557600.0,
557620.0,
557640.0,
557660.0,
557680.0,
557700.0,
557720.0,
557740.0,
557760.0,
557780.0,
557800.0,
557820.0,
557840.0,
557860.0,
557880.0,
557900.0,
557920.0,
557940.0,
557960.0,
557980.0,
558000.0,
558020.0,
558040.0,
558060.0,
558080.0,
558100.0,
558120.0,
558140.0,
558160.0,
558180.0,
558200.0,
558220.0,
558240.0,
558260.0,
558280.0,
558300.0,
558320.0,
558340.0,
558360.0,
558380.0,
558400.0,
558420.0,
558440.0,
558460.0,
558480.0,
558500.0,
558520.0,
558540.0,
558560.0,
558580.0,
558600.0,
558620.0,
558640.0,
558660.0,
558680.0,
558700.0,
558720.0,
558740.0,
558760.0,
558780.0,
558800.0,
558820.0,
558840.0,
558860.0,
558880.0,
558900.0,
558920.0,
558940.0,
558960.0,
558980.0,
559000.0,
559020.0,
559040.0,
559060.0,
559080.0,
559100.0,
559120.0,
559140.0,
559160.0,
559180.0,
559200.0,
559220.0,
559240.0,
559260.0,
559280.0,
559300.0,
559320.0,
559340.0,
559360.0,
559380.0,
559400.0,
559420.0,
559440.0,
559460.0,
559480.0,
559500.0,
559520.0,
559540.0,
559560.0,
559580.0,
559600.0,
559620.0,
559640.0,
559660.0,
559680.0,
559700.0,
559720.0,
559740.0,
559760.0,
559780.0,
559800.0,
559820.0,
559840.0,
559860.0,
559880.0,
559900.0,
559920.0,
559940.0,
559960.0,
559980.0,
560000.0,
560020.0,
560040.0,
560060.0,
560080.0,
560100.0,
560120.0,
560140.0,
560160.0,
560180.0,
560200.0,
560220.0,
560240.0,
560260.0,
560280.0,
560300.0,
560320.0,
560340.0,
560360.0,
560380.0,
560400.0,
560420.0,
560440.0,
560460.0,
560480.0,
560500.0,
560520.0,
560540.0,
560560.0,
560580.0,
560600.0,
560620.0,
560640.0,
560660.0,
560680.0,
560700.0,
560720.0,
560740.0,
560760.0,
560780.0,
560800.0,
560820.0,
560840.0,
560860.0,
560880.0,
560900.0,
560920.0,
560940.0,
560960.0,
560980.0,
561000.0,
561020.0,
561040.0,
561060.0,
561080.0,
561100.0,
561120.0,
561140.0,
561160.0,
561180.0,
561200.0,
561220.0,
561240.0,
561260.0,
561280.0,
561300.0,
561320.0,
561340.0,
561360.0,
561380.0,
561400.0,
561420.0,
561440.0,
561460.0,
561480.0,
561500.0,
561520.0,
561540.0,
561560.0,
561580.0,
561600.0,
561620.0,
561640.0,
561660.0,
561680.0,
561700.0,
561720.0,
561740.0,
561760.0,
561780.0,
561800.0,
561820.0,
561840.0,
561860.0,
561880.0,
561900.0,
561920.0,
561940.0,
561960.0,
561980.0,
562000.0,
562020.0,
562040.0,
562060.0,
562080.0,
562100.0,
562120.0,
562140.0,
562160.0,
562180.0,
562200.0,
562220.0,
562240.0,
562260.0,
562280.0,
562300.0,
562320.0,
562340.0,
562360.0,
562380.0,
562400.0,
562420.0,
562440.0,
562460.0,
562480.0,
562500.0,
562520.0,
562540.0,
562560.0,
562580.0,
562600.0,
562620.0,
562640.0,
562660.0,
562680.0,
562700.0,
562720.0,
562740.0,
562760.0,
562780.0,
562800.0,
562820.0,
562840.0,
562860.0,
562880.0,
562900.0,
562920.0,
562940.0,
562960.0,
562980.0,
563000.0,
563020.0,
563040.0,
563060.0,
563080.0,
563100.0,
563120.0,
563140.0,
563160.0,
563180.0,
563200.0,
563220.0,
563240.0,
563260.0,
563280.0,
563300.0,
563320.0,
563340.0,
563360.0,
563380.0,
563400.0,
563420.0,
563440.0,
563460.0,
563480.0,
563500.0,
563520.0,
563540.0,
563560.0,
563580.0,
563600.0,
563620.0,
563640.0,
563660.0,
563680.0,
563700.0,
563720.0,
563740.0,
563760.0,
563780.0,
563800.0,
563820.0,
563840.0,
563860.0,
563880.0,
563900.0,
563920.0,
563940.0,
563960.0,
563980.0,
564000.0,
564020.0,
564040.0,
564060.0,
564080.0,
564100.0,
564120.0,
564140.0,
564160.0,
564180.0,
564200.0,
564220.0,
564240.0,
564260.0,
564280.0,
564300.0,
564320.0,
564340.0,
564360.0,
564380.0,
564400.0,
564420.0,
564440.0,
564460.0,
564480.0,
564500.0,
564520.0,
564540.0,
564560.0,
564580.0,
564600.0,
564620.0,
564640.0,
564660.0,
564680.0,
564700.0,
564720.0,
564740.0,
564760.0,
564780.0,
564800.0,
564820.0,
564840.0,
564860.0,
564880.0,
564900.0,
564920.0,
564940.0,
564960.0,
564980.0,
565000.0,
565020.0,
565040.0,
565060.0,
565080.0,
565100.0,
565120.0,
565140.0,
565160.0,
565180.0,
565200.0,
565220.0,
565240.0,
565260.0,
565280.0,
565300.0,
565320.0,
565340.0,
565360.0,
565380.0,
565400.0,
565420.0,
565440.0,
565460.0,
565480.0,
565500.0,
565520.0,
565540.0,
565560.0,
565580.0,
565600.0,
565620.0,
565640.0,
565660.0,
565680.0,
565700.0,
565720.0,
565740.0,
565760.0,
565780.0,
565800.0,
565820.0,
565840.0,
565860.0,
565880.0,
565900.0,
565920.0,
565940.0,
565960.0,
565980.0,
566000.0,
566020.0,
566040.0,
566060.0,
566080.0,
566100.0,
566120.0,
566140.0,
566160.0,
566180.0,
566200.0,
566220.0,
566240.0,
566260.0,
566280.0,
566300.0,
566320.0,
566340.0,
566360.0,
566380.0,
566400.0,
566420.0,
566440.0,
566460.0,
566480.0,
566500.0,
566520.0,
566540.0,
566560.0,
566580.0,
566600.0,
566620.0,
566640.0,
566660.0,
566680.0,
566700.0,
566720.0,
566740.0,
566760.0,
566780.0,
566800.0,
566820.0,
566840.0,
566860.0,
566880.0,
566900.0,
566920.0,
566940.0,
566960.0,
566980.0,
567000.0,
567020.0,
567040.0,
567060.0,
567080.0,
567100.0,
567120.0,
567140.0,
567160.0,
567180.0,
567200.0,
567220.0,
567240.0,
567260.0,
567280.0,
567300.0,
567320.0,
567340.0,
567360.0,
567380.0,
567400.0,
567420.0,
567440.0,
567460.0,
567480.0,
567500.0,
567520.0,
567540.0,
567560.0,
567580.0,
567600.0,
567620.0,
567640.0,
567660.0,
567680.0,
567700.0,
567720.0,
567740.0,
567760.0,
567780.0,
567800.0,
567820.0,
567840.0,
567860.0,
567880.0,
567900.0,
567920.0,
567940.0,
567960.0,
567980.0,
568000.0,
568020.0,
568040.0,
568060.0,
568080.0,
568100.0,
568120.0,
568140.0,
568160.0,
568180.0,
568200.0,
568220.0,
568240.0,
568260.0,
568280.0,
568300.0,
568320.0,
568340.0,
568360.0,
568380.0,
568400.0,
568420.0,
568440.0,
568460.0,
568480.0,
568500.0,
568520.0,
568540.0,
568560.0,
568580.0,
568600.0,
568620.0,
568640.0,
568660.0,
568680.0,
568700.0,
568720.0,
568740.0,
568760.0,
568780.0,
568800.0,
568820.0,
568840.0,
568860.0,
568880.0,
568900.0,
568920.0,
568940.0,
568960.0,
568980.0,
569000.0,
569020.0,
569040.0,
569060.0,
569080.0,
569100.0,
569120.0,
569140.0,
569160.0,
569180.0,
569200.0,
569220.0,
569240.0,
569260.0,
569280.0,
569300.0,
569320.0,
569340.0,
569360.0,
569380.0,
569400.0,
569420.0,
569440.0,
569460.0,
569480.0,
569500.0,
569520.0,
569540.0,
569560.0,
569580.0,
569600.0,
569620.0,
569640.0,
569660.0,
569680.0,
569700.0,
569720.0,
569740.0,
569760.0,
569780.0,
569800.0,
569820.0,
569840.0,
569860.0,
569880.0,
569900.0,
569920.0,
569940.0,
569960.0,
569980.0,
570000.0,
570020.0,
570040.0,
570060.0,
570080.0,
570100.0,
570120.0,
570140.0,
570160.0,
570180.0,
570200.0,
570220.0,
570240.0,
570260.0,
570280.0,
570300.0,
570320.0,
570340.0,
570360.0,
570380.0,
570400.0,
570420.0,
570440.0,
570460.0,
570480.0,
570500.0,
570520.0,
570540.0,
570560.0,
570580.0,
570600.0,
570620.0,
570640.0,
570660.0,
570680.0,
570700.0,
570720.0,
570740.0,
570760.0,
570780.0,
570800.0,
570820.0,
570840.0,
570860.0,
570880.0,
570900.0,
570920.0,
570940.0,
570960.0,
570980.0,
571000.0,
571020.0,
571040.0,
571060.0,
571080.0,
571100.0,
571120.0,
571140.0,
571160.0,
571180.0,
571200.0,
571220.0,
571240.0,
571260.0,
571280.0,
571300.0,
571320.0,
571340.0,
571360.0,
571380.0,
571400.0,
571420.0,
571440.0,
571460.0,
571480.0,
571500.0,
571520.0,
571540.0,
571560.0,
571580.0,
571600.0,
571620.0,
571640.0,
571660.0,
571680.0,
571700.0,
571720.0,
571740.0,
571760.0,
571780.0,
571800.0,
571820.0,
571840.0,
571860.0,
571880.0,
571900.0,
571920.0,
571940.0,
571960.0,
571980.0,
572000.0,
572020.0,
572040.0,
572060.0,
572080.0,
572100.0,
572120.0,
572140.0,
572160.0,
572180.0,
572200.0,
572220.0,
572240.0,
572260.0,
572280.0,
572300.0,
572320.0,
572340.0,
572360.0,
572380.0,
572400.0,
572420.0,
572440.0,
572460.0,
572480.0,
572500.0,
572520.0,
572540.0,702.1994628914024
572560.0,716.7347232380583
572580.0,741.7425491499979
572600.0,765.6694556453195
572620.0,785.9512011590535
572640.0,800.7335010772672
572660.0,809.8068913674749
572680.0,814.9158773487578
572700.0,818.6543427704257
572720.0,823.3399126861102
572740.0,830.4817715850407
572760.0,840.6910956010627
572780.0,853.8470180394849
572800.0,869.3669770041777
572820.0,886.4768337259422
572840.0,904.4218358784692
572860.0,922.5968812456189
572880.0,940.600281565972
572900.0,958.229318792736
572920.0,975.4404302408932
572940.0,992.2949012126679
572960.0,1008.9055510767887
572980.0,1025.393581278314
573000.0,1041.8592078048691
573020.0,1058.3657995267517
573040.0,1074.9351791205204
573060.0,1091.5512313802033
573080.0,1108.1694554367439
573100.0,1124.7309560648582
573120.0,1141.180006772815
573140.0,1157.4842936944326
573160.0,1173.6560466757169
573180.0,1189.7705444505652
573200.0,1205.976325939931
573220.0,1222.4895577265484
573240.0,1239.5643824478882
573260.0,1257.4328220114282
573280.0,1276.212926689117
573300.0,1295.7928349767647
573320.0,1315.7107529235932
573340.0,1335.0646374481803
573360.0,1352.496848161551
573380.0,1366.3026890925964
573400.0,1374.7007947823004
573420.0,1376.2708752403312
573440.0,1370.5054780498408
573460.0,1358.336595790578
573480.0,1342.3919141541076
573500.0,1326.655138462204
573520.0,1315.3163140528804
573540.0,1310.8555877949395
573560.0,1312.3048343879723
573580.0,1315.234238225944
573600.0,1313.299442268118
573620.0,1299.9034048195113
573640.0,1269.476420276468
573660.0,1218.9234549360328
573680.0,1149.1487099756775
573700.0,1065.8178863748287
573720.0,978.3378213480485
573740.0,897.1055281561991
573760.0,830.3315558273191
573780.0,782.2324714072163
573800.0,753.0179463663005
573820.0,739.9572630665963
573840.0,738.7837328435292
573860.0,744.9484162199421
573880.0,754.4974712489021
573900.0,764.5363244267803
573920.0,773.3390742437892
573940.0,780.1945543636812
573960.0,785.1057998892113
573980.0,788.4509343498815
574000.0,790.6925493933321
574020.0,792.1818951605576
574040.0,793.062191870013
574060.0,793.2716603423796
574080.0,792.6297833033377
574100.0,790.9772708511367
574120.0,788.3061675944379
574140.0,784.8027774240153
574160.0,780.7869641259056
574180.0,776.6110414367394
574200.0,772.5774865595865
574220.0,768.8965234127029
574240.0,765.6896424953502
574260.0,763.0199378620204
574280.0,760.9277944777807
574300.0,759.4547497055762
574320.0,758.6466191359569
574340.0,758.5470934208817
574360.0,759.1880771241292
574380.0,760.5839167558668
574400.0,762.7240081083348
574420.0,765.5532560967256
574440.0,768.9423972267033
574460.0,772.6538743448903
574480.0,776.3263483255893
574500.0,779.5062559405189
574520.0,781.7235517906968
574540.0,782.5958431441973
574560.0,
574580.0,
574600.0,
574620.0,
574640.0,
574660.0,
574680.0,
574700.0,
574720.0,
574740.0,
574760.0,
574780.0,
574800.0,
574820.0,
574840.0,
574860.0,
574880.0,
574900.0,
574920.0,
574940.0,
574960.0,
574980.0,
575000.0,
575020.0,
575040.0,
575060.0,
575080.0,
575100.0,
575120.0,
575140.0,
575160.0,
575180.0,
575200.0,
575220.0,
575240.0,
575260.0,
575280.0,
575300.0,
575320.0,
575340.0,
575360.0,
575380.0,
575400.0,
575420.0,
575440.0,
575460.0,
575480.0,
575500.0,
575520.0,
575540.0,
575560.0,
575580.0,
575600.0,
575620.0,
575640.0,
575660.0,
575680.0,
575700.0,
575720.0,
575740.0,
575760.0,
575780.0,
575800.0,
575820.0,
575840.0,
575860.0,
575880.0,
575900.0,
575920.0,
575940.0,
575960.0,
575980.0,
576000.0,
576020.0,
576040.0,
576060.0,
576080.0,
576100.0,
576120.0,
576140.0,
576160.0,
576180.0,
576200.0,
576220.0,
576240.0,
576260.0,
576280.0,
576300.0,
576320.0,
576340.0,
576360.0,
576380.0,
576400.0,
576420.0,
576440.0,
576460.0,
576480.0,
576500.0,
576520.0,
576540.0,
576560.0,
576580.0,
576600.0,
576620.0,
576640.0,
576660.0,
576680.0,
576700.0,
576720.0,
576740.0,
576760.0,
576780.0,
576800.0,
576820.0,
576840.0,175.9334855498311
576860.0,174.97403933463175
576880.0,174.0416570131504
576900.0,174.1933162588563
576920.0,175.24657307181567
576940.0,176.92779321448774
576960.0,178.88410686864987
576980.0,180.72596201642722
577000.0,182.11766600605864
577020.0,182.8647451327459
577040.0,182.9464413862739
577060.0,182.49130172224665
577080.0,181.70929545644876
577100.0,180.8223440783238
577120.0,180.03085230493733
577140.0,179.49727931401227
577160.0,179.33102036450236
577180.0,179.58455441330435
577200.0,180.24576194179943
577220.0,181.22261885942183
577240.0,182.35566086829698
577260.0,183.4529412860073
577280.0,184.33297174311753
577300.0,184.86855202769848
577320.0,185.0181576230243
577340.0,184.8375898550297
577360.0,184.45833597784082
577380.0,184.03695052026552
577400.0,183.68990777651302
577420.0,183.42503059865484
577440.0,183.1132211469602
577460.0,182.52771369696296
577480.0,181.4364430908968
577500.0,179.69854502811643
577520.0,177.333421091564
577540.0,174.84754405485427
577560.0,
577580.0,
577600.0,
577620.0,
577640.0,
577660.0,
577680.0,
577700.0,
577720.0,
577740.0,
577760.0,
577780.0,
577800.0,
577820.0,
577840.0,
577860.0,
577880.0,
577900.0,
577920.0,
577940.0,
577960.0,
577980.0,
578000.0,
578020.0,
578040.0,
578060.0,
578080.0,
578100.0,
578120.0,
578140.0,
578160.0,
578180.0,
578200.0,
578220.0,
578240.0,
578260.0,
578280.0,
578300.0,
578320.0,
578340.0,
578360.0,
578380.0,
578400.0,
578420.0,
578440.0,
578460.0,
578480.0,
578500.0,
578520.0,
578540.0,
578560.0,
578580.0,
578600.0,
578620.0,
578640.0,
578660.0,
578680.0,
578700.0,
578720.0,
578740.0,
578760.0,
578780.0,
578800.0,
578820.0,
578840.0,
578860.0,
578880.0,
578900.0,
578920.0,
578940.0,
578960.0,
578980.0,
579000.0,
579020.0,
579040.0,
579060.0,
579080.0,
579100.0,
579120.0,
579140.0,
579160.0,
579180.0,
579200.0,
579220.0,
579240.0,
579260.0,
579280.0,
579300.0,
579320.0,
579340.0,
579360.0,
579380.0,
579400.0,
579420.0,
579440.0,
579460.0,
579480.0,
579500.0,
579520.0,
579540.0,
579560.0,
579580.0,
579600.0,
579620.0,
579640.0,
579660.0,
579680.0,
579700.0,
579720.0,
579740.0,
579760.0,
579780.0,
579800.0,
579820.0,
579840.0,
579860.0,
579880.0,
579900.0,
579920.0,
579940.0,
579960.0,
579980.0,
580000.0,
580020.0,
580040.0,
580060.0,
580080.0,
580100.0,
580120.0,
580140.0,
580160.0,
580180.0,
580200.0,
580220.0,
580240.0,
580260.0,
580280.0,
580300.0,
580320.0,
580340.0,
580360.0,
580380.0,
580400.0,
580420.0,
580440.0,
580460.0,
580480.0,
580500.0,
580520.0,
580540.0,
580560.0,
580580.0,
580600.0,
580620.0,
580640.0,
580660.0,
580680.0,
580700.0,
580720.0,
580740.0,
580760.0,
580780.0,
580800.0,
580820.0,
580840.0,
580860.0,
580880.0,
580900.0,
580920.0,
580940.0,
580960.0,
580980.0,
581000.0,
581020.0,
581040.0,
581060.0,
581080.0,
581100.0,
581120.0,
581140.0,
581160.0,
581180.0,
581200.0,
581220.0,
581240.0,
581260.0,
581280.0,
581300.0,
581320.0,
581340.0,
581360.0,
581380.0,
581400.0,
581420.0,
581440.0,
581460.0,
581480.0,
581500.0,
581520.0,
581540.0,
581560.0,
581580.0,
581600.0,
581620.0,
581640.0,
581660.0,
581680.0,
581700.0,
581720.0,
581740.0,
581760.0,
581780.0,
581800.0,
581820.0,
581840.0,
581860.0,
581880.0,
581900.0,
581920.0,
581940.0,
581960.0,
581980.0,
582000.0,
582020.0,
582040.0,
582060.0,
582080.0,
582100.0,
582120.0,
582140.0,
582160.0,
582180.0,
582200.0,
582220.0,
582240.0,
582260.0,
582280.0,
582300.0,
582320.0,
582340.0,
582360.0,
582380.0,
582400.0,
582420.0,
582440.0,
582460.0,
582480.0,
582500.0,
582520.0,
582540.0,
582560.0,
582580.0,
582600.0,
582620.0,
582640.0,
582660.0,
582680.0,
582700.0,
582720.0,
582740.0,
582760.0,
582780.0,
582800.0,
582820.0,
582840.0,
582860.0,
582880.0,
582900.0,
582920.0,
582940.0,
582960.0,
582980.0,
583000.0,
583020.0,
583040.0,
583060.0,
583080.0,
583100.0,
583120.0,
583140.0,
583160.0,
583180.0,
583200.0,
583220.0,
583240.0,
583260.0,
583280.0,
583300.0,
583320.0,
583340.0,
583360.0,
583380.0,
583400.0,
583420.0,
583440.0,
583460.0,
583480.0,
583500.0,
583520.0,
583540.0,
583560.0,
583580.0,
583600.0,
583620.0,
583640.0,
583660.0,
583680.0,
583700.0,
583720.0,
583740.0,
583760.0,
583780.0,
583800.0,
583820.0,
583840.0,
583860.0,
583880.0,
583900.0,
583920.0,
583940.0,
583960.0,
583980.0,
584000.0,
584020.0,
584040.0,
584060.0,
584080.0,
584100.0,
584120.0,
584140.0,
584160.0,
584180.0,
584200.0,
584220.0,
584240.0,
584260.0,
584280.0,
584300.0,
584320.0,
584340.0,
584360.0,
584380.0,
584400.0,
584420.0,
584440.0,
584460.0,
584480.0,
584500.0,
584520.0,
584540.0,
584560.0,
584580.0,
584600.0,
584620.0,
584640.0,
584660.0,
584680.0,
584700.0,
584720.0,
584740.0,
584760.0,
584780.0,
584800.0,
584820.0,
584840.0,
584860.0,
584880.0,
584900.0,
584920.0,
584940.0,
584960.0,
584980.0,
585000.0,
585020.0,
585040.0,
585060.0,
585080.0,
585100.0,
585120.0,
585140.0,
585160.0,
585180.0,
585200.0,
585220.0,
585240.0,
585260.0,
585280.0,
585300.0,
585320.0,
585340.0,
585360.0,
585380.0,
585400.0,
585420.0,
585440.0,
585460.0,
585480.0,
585500.0,
585520.0,
585540.0,
585560.0,
585580.0,
585600.0,
585620.0,
585640.0,
585660.0,
585680.0,
585700.0,
585720.0,
585740.0,
585760.0,
585780.0,
585800.0,
585820.0,
585840.0,
585860.0,
585880.0,
585900.0,
585920.0,
585940.0,
585960.0,
585980.0,
586000.0,
586020.0,
586040.0,
586060.0,
586080.0,
586100.0,
586120.0,
586140.0,
586160.0,
586180.0,
586200.0,
586220.0,
586240.0,
586260.0,
586280.0,
586300.0,
586320.0,
586340.0,
586360.0,
586380.0,
586400.0,
586420.0,
586440.0,
586460.0,
586480.0,
586500.0,
586520.0,
586540.0,
586560.0,
586580.0,
586600.0,
586620.0,
586640.0,
586660.0,
586680.0,
586700.0,
586720.0,
586740.0,
586760.0,
586780.0,
586800.0,
586820.0,
586840.0,
586860.0,
586880.0,
586900.0,
586920.0,
586940.0,
586960.0,
586980.0,
587000.0,
587020.0,
587040.0,
587060.0,
587080.0,
587100.0,
587120.0,
587140.0,
587160.0,
587180.0,
587200.0,
587220.0,
587240.0,
587260.0,
587280.0,
587300.0,
587320.0,
587340.0,
587360.0,
587380.0,
587400.0,
587420.0,
587440.0,
587460.0,
587480.0,
587500.0,
587520.0,
587540.0,
587560.0,
587580.0,
587600.0,
587620.0,
587640.0,
587660.0,
587680.0,
587700.0,
587720.0,
587740.0,
587760.0,
587780.0,
587800.0,
587820.0,
587840.0,
587860.0,
587880.0,
587900.0,
587920.0,
587940.0,
587960.0,
587980.0,
588000.0,
588020.0,
588040.0,
588060.0,
588080.0,
588100.0,
588120.0,
588140.0,
588160.0,
588180.0,
588200.0,
588220.0,
588240.0,
588260.0,
588280.0,
588300.0,
588320.0,
588340.0,
588360.0,
588380.0,
588400.0,
588420.0,
588440.0,
588460.0,
588480.0,
588500.0,
588520.0,
588540.0,
588560.0,
588580.0,
588600.0,
588620.0,
588640.0,
588660.0,
588680.0,
588700.0,
588720.0,
588740.0,
588760.0,
588780.0,
588800.0,
588820.0,
588840.0,
588860.0,
588880.0,
588900.0,
588920.0,
588940.0,
588960.0,
588980.0,
589000.0,
589020.0,
589040.0,
589060.0,
589080.0,
589100.0,
589120.0,
589140.0,
589160.0,
589180.0,
589200.0,
589220.0,
589240.0,
589260.0,
589280.0,
589300.0,
589320.0,
589340.0,
589360.0,
589380.0,
589400.0,
589420.0,
589440.0,
589460.0,
589480.0,
589500.0,
589520.0,
589540.0,
589560.0,
589580.0,
589600.0,
589620.0,
589640.0,
589660.0,
589680.0,
589700.0,
589720.0,
589740.0,
589760.0,
589780.0,
589800.0,
589820.0,
589840.0,
589860.0,
589880.0,
589900.0,
589920.0,
589940.0,
589960.0,
589980.0,
590000.0,
590020.0,
590040.0,
590060.0,
590080.0,
590100.0,
590120.0,
590140.0,
590160.0,
590180.0,
590200.0,
590220.0,
590240.0,
590260.0,
590280.0,
590300.0,
590320.0,
590340.0,
590360.0,
590380.0,
590400.0,
590420.0,
590440.0,
590460.0,
590480.0,
590500.0,
590520.0,
590540.0,
590560.0,
590580.0,
590600.0,
590620.0,
590640.0,
590660.0,
590680.0,
590700.0,
590720.0,
590740.0,
590760.0,
590780.0,
590800.0,
590820.0,
590840.0,
590860.0,
590880.0,
590900.0,
590920.0,
590940.0,
590960.0,
590980.0,
591000.0,
591020.0,
591040.0,
591060.0,
591080.0,
591100.0,
591120.0,
591140.0,
591160.0,
591180.0,
591200.0,
591220.0,
591240.0,
591260.0,
591280.0,
591300.0,
591320.0,
591340.0,
591360.0,
591380.0,
591400.0,
591420.0,
591440.0,
591460.0,
591480.0,
591500.0,
591520.0,
591540.0,
591560.0,1031.5004616104163
591580.0,1043.3009356836858
591600.0,1038.475405222494
591620.0,1013.061940453403
591640.0,973.9340056080816
591660.0,929.6201987405162
591680.0,887.4004932488508
591700.0,851.9694796676434
591720.0,825.3467370118678
591740.0,807.5387081735458
591760.0,797.5098726411841
591780.0,794.1276284285768
591800.0,796.86672719391
591820.0,806.142241777472
591840.0,823.2164493154457
591860.0,849.73528283
591880.0,887.0585781801537
591900.0,935.6537646516684
591920.0,994.8045554535016
591940.0,1062.368976474237
591960.0,1134.6205992352657
591980.0,1206.9292877974726
592000.0,1274.8644851316117
592020.0,1334.5964286723247
592040.0,1382.7472736231523
592060.0,1416.3978434894857
592080.0,1433.4578677943023
592100.0,1433.5227793651304
592120.0,1418.5930163976886
592140.0,1393.0498941030964
592160.0,1371.9910441304878
592180.0,
592200.0,
592220.0,
592240.0,
592260.0,
592280.0,
592300.0,
592320.0,
592340.0,
592360.0,
592380.0,
592400.0,
592420.0,
592440.0,
592460.0,
592480.0,
592500.0,
592520.0,
592540.0,
592560.0,
592580.0,
592600.0,
592620.0,
592640.0,
592660.0,
592680.0,
592700.0,
592720.0,
592740.0,
592760.0,
592780.0,
592800.0,
592820.0,
592840.0,
592860.0,
592880.0,
592900.0,
592920.0,
592940.0,
592960.0,
592980.0,
593000.0,
593020.0,
593040.0,
593060.0,
593080.0,
593100.0,
593120.0,
593140.0,
593160.0,
593180.0,
593200.0,
593220.0,
593240.0,
593260.0,
593280.0,
593300.0,
593320.0,
593340.0,
593360.0,
593380.0,
593400.0,
593420.0,
593440.0,
593460.0,
593480.0,
593500.0,
593520.0,
593540.0,
593560.0,
593580.0,
593600.0,
593620.0,
593640.0,
593660.0,
593680.0,
593700.0,
593720.0,
593740.0,
593760.0,
593780.0,
593800.0,
593820.0,
593840.0,
593860.0,
593880.0,
593900.0,
593920.0,
593940.0,
593960.0,
593980.0,
594000.0,
594020.0,
594040.0,
594060.0,
594080.0,
594100.0,
594120.0,
594140.0,
594160.0,
594180.0,
594200.0,
594220.0,1712.517607579349
594240.0,1689.4549087238768
594260.0,1663.2619632265075
594280.0,1640.4836964843503
594300.0,1622.4596270329712
594320.0,1609.4069227466819
594340.0,1600.6765146748323
594360.0,1595.0156291917433
594380.0,1591.376979201752
594400.0,1589.6431572905487
594420.0,1590.7305375949463
594440.0,1595.972782422163
594460.0,1605.7870680919864
594480.0,1618.8609731219835
594500.0,1632.9664325868448
594520.0,1646.018074513667
594540.0,1656.6717067720067
594560.0,1664.5094329496224
594580.0,1669.8893174931575
594600.0,1673.5296988231917
594620.0,1675.9405038301065
594640.0,1676.7289038926097
594660.0,1674.073074016517
594680.0,1665.2533064072318
594700.0,1648.0053831342477
594720.0,1621.7301309737086
594740.0,1590.0034156602824
594760.0,
594780.0,
594800.0,
594820.0,
594840.0,
594860.0,
594880.0,
594900.0,
594920.0,
594940.0,
594960.0,
594980.0,
595000.0,
595020.0,
595040.0,
595060.0,
595080.0,
595100.0,
595120.0,
595140.0,
595160.0,
595180.0,
595200.0,
595220.0,
595240.0,
595260.0,
595280.0,
595300.0,
595320.0,
595340.0,
595360.0,
595380.0,
595400.0,
595420.0,
595440.0,
595460.0,
595480.0,
595500.0,
595520.0,
595540.0,
595560.0,
595580.0,
595600.0,
595620.0,
595640.0,
595660.0,
595680.0,
595700.0,
595720.0,
595740.0,
595760.0,
595780.0,
595800.0,
595820.0,
595840.0,
595860.0,
595880.0,
595900.0,
595920.0,
595940.0,
595960.0,
595980.0,
596000.0,
596020.0,
596040.0,
596060.0,
596080.0,
596100.0,
596120.0,
596140.0,
596160.0,
596180.0,
596200.0,
596220.0,
596240.0,
596260.0,
596280.0,
596300.0,
596320.0,
596340.0,
596360.0,
596380.0,
596400.0,
596420.0,
596440.0,
596460.0,
596480.0,
596500.0,
596520.0,
596540.0,
596560.0,
596580.0,
596600.0,
596620.0,
596640.0,
596660.0,
596680.0,
596700.0,
596720.0,
596740.0,
596760.0,
596780.0,
596800.0,
596820.0,
596840.0,
596860.0,
596880.0,
596900.0,
596920.0,
596940.0,
596960.0,
596980.0,
597000.0,
597020.0,
597040.0,
597060.0,
597080.0,
597100.0,
597120.0,
597140.0,
597160.0,
597180.0,
597200.0,
597220.0,
597240.0,
597260.0,
597280.0,
597300.0,
597320.0,
597340.0,
597360.0,
597380.0,
597400.0,
597420.0,
597440.0,
597460.0,
597480.0,
597500.0,
597520.0,
597540.0,
597560.0,
597580.0,
597600.0,
597620.0,
597640.0,
597660.0,
597680.0,
597700.0,
597720.0,
597740.0,
597760.0,
597780.0,
597800.0,
597820.0,
597840.0,
597860.0,
597880.0,
597900.0,
597920.0,
597940.0,
597960.0,
597980.0,
598000.0,
598020.0,
598040.0,
598060.0,
598080.0,
598100.0,
598120.0,
598140.0,
598160.0,
598180.0,
598200.0,
598220.0,
598240.0,
598260.0,
598280.0,
598300.0,
598320.0,
598340.0,
598360.0,
598380.0,
598400.0,
598420.0,
598440.0,
598460.0,
598480.0,
598500.0,
598520.0,
598540.0,
598560.0,
598580.0,
598600.0,
598620.0,
598640.0,
598660.0,
598680.0,
598700.0,
598720.0,
598740.0,
598760.0,
598780.0,
598800.0,
598820.0,
598840.0,
598860.0,
598880.0,
598900.0,
598920.0,
598940.0,
598960.0,
598980.0,
599000.0,
599020.0,
599040.0,
599060.0,
599080.0,
599100.0,
599120.0,
599140.0,
599160.0,
599180.0,
599200.0,
599220.0,
599240.0,
599260.0,
599280.0,
599300.0,
599320.0,
599340.0,
599360.0,
599380.0,
599400.0,
599420.0,
599440.0,
599460.0,
599480.0,
599500.0,
599520.0,
599540.0,
599560.0,
599580.0,
599600.0,
599620.0,
599640.0,
599660.0,
599680.0,
599700.0,
599720.0,
599740.0,
599760.0,
599780.0,1345.2765599162763
599800.0,1268.1461421015545
599820.0,1160.4502541583083
599840.0,1050.8279960690506
599860.0,951.6679750361722
599880.0,871.8099833216977
599900.0,815.0526973642078
599920.0,780.6407612944041
599940.0,764.7074104267097
599960.0,761.9142605960284
599980.0,766.8218657051339
600000.0,774.796499270285
600020.0,782.4493090419734
600040.0,787.708136547076
600060.0,789.6501399894986
600080.0,788.212986821435
600100.0,783.8773715683085
600120.0,777.3884426154495
600140.0,769.55038173046
600160.0,761.0883524642985
600180.0,752.5726270351742
600200.0,744.4023342688977
600220.0,736.8253143433013
600240.0,729.9679968373
600260.0,723.8695076177436
600280.0,718.5123186460487
600300.0,713.8512793966113
600320.0,709.8435962426903
600340.0,706.468280010568
600360.0,703.7352311165375
600380.0,701.6900001396654
600400.0,700.4105768244309
600420.0,699.9889213247011
600440.0,700.5088178084545
600460.0,702.036288606085
600480.0,704.6263699276509
600500.0,708.345353170526
600520.0,713.2904308775453
600540.0,719.5813349017402
600560.0,727.3236717580035
600580.0,736.5543421083961
600600.0,747.1794983025618
600620.0,758.9185882539701
600640.0,771.2723738409497
600660.0,783.5249339194899
600680.0,794.7891742254305
600700.0,804.1336362001188
600720.0,810.8200370689807
600740.0,814.6340536126054
600760.0,816.2545826951264
600780.0,817.5935033163476
600800.0,822.0072010729391
600820.0,834.2246443501026
600840.0,859.8327150914049
600860.0,904.2350548175089
600880.0,971.1366102106886
600900.0,1060.8160782817959
600920.0,1168.7531994557849
600940.0,1285.5269664902112
600960.0,1398.986617552662
600980.0,1498.150410521405
601000.0,1576.20996238691
601020.0,1631.2009807580198
601040.0,1664.8938784259183
601060.0,1681.0000494472333
601080.0,1683.5239508488908
601100.0,1675.6613889450298
601120.0,1659.3892640486088
601140.0,1635.724497168469
601160.0,1605.3916508347013
601180.0,1569.573696327327
601200.0,1530.414477850899
601220.0,
601240.0,
601260.0,
601280.0,
601300.0,
601320.0,
601340.0,
601360.0,
601380.0,
601400.0,
601420.0,
601440.0,
601460.0,
601480.0,
601500.0,
601520.0,
601540.0,
601560.0,
601580.0,
601600.0,
601620.0,
601640.0,
601660.0,
601680.0,
601700.0,
601720.0,
601740.0,
601760.0,
601780.0,
601800.0,
601820.0,
601840.0,
601860.0,
601880.0,
601900.0,
601920.0,
601940.0,
601960.0,
601980.0,
602000.0,
602020.0,
602040.0,
602060.0,
602080.0,
602100.0,
602120.0,
602140.0,
602160.0,
602180.0,
602200.0,
602220.0,
602240.0,
602260.0,
602280.0,
602300.0,
602320.0,
602340.0,
602360.0,
602380.0,
602400.0,
602420.0,
602440.0,
602460.0,
602480.0,
602500.0,
602520.0,
602540.0,
602560.0,
602580.0,
602600.0,
602620.0,
602640.0,
602660.0,
602680.0,
602700.0,
602720.0,
602740.0,
602760.0,
602780.0,
602800.0,
602820.0,
602840.0,
602860.0,
602880.0,
602900.0,
602920.0,
602940.0,
602960.0,
602980.0,
603000.0,
603020.0,
603040.0,
603060.0,
603080.0,
603100.0,
603120.0,
603140.0,
603160.0,
603180.0,
603200.0,
603220.0,
603240.0,
603260.0,
603280.0,
603300.0,
603320.0,
603340.0,
603360.0,
603380.0,
603400.0,
603420.0,
603440.0,
603460.0,
603480.0,
603500.0,
603520.0,
603540.0,
603560.0,
603580.0,
603600.0,
603620.0,
603640.0,
603660.0,
603680.0,
603700.0,
603720.0,
603740.0,
603760.0,
603780.0,
603800.0,
603820.0,
603840.0,
603860.0,
603880.0,
603900.0,
603920.0,
603940.0,
603960.0,
603980.0,
604000.0,
604020.0,
604040.0,
604060.0,
604080.0,
604100.0,
604120.0,
604140.0,
604160.0,
604180.0,
604200.0,
604220.0,
604240.0,
604260.0,
604280.0,
604300.0,
604320.0,
604340.0,
604360.0,
604380.0,
604400.0,
604420.0,
604440.0,
604460.0,
604480.0,
604500.0,
604520.0,
604540.0,
604560.0,
604580.0,
604600.0,
604620.0,
604640.0,
604660.0,
604680.0,
604700.0,
604720.0,
604740.0,
604760.0,
604780.0,
604800.0,
604820.0,
604840.0,
604860.0,
604880.0,
604900.0,
604920.0,
604940.0,
604960.0,
604980.0,
605000.0,
605020.0,
605040.0,
605060.0,
605080.0,
605100.0,
605120.0,
605140.0,
605160.0,
605180.0,
605200.0,
605220.0,
605240.0,
605260.0,
605280.0,
605300.0,
605320.0,
605340.0,
605360.0,
605380.0,
605400.0,
605420.0,
605440.0,
605460.0,
605480.0,
605500.0,
605520.0,
605540.0,
605560.0,
605580.0,
605600.0,
605620.0,
605640.0,
605660.0,
605680.0,
605700.0,
605720.0,
605740.0,
605760.0,
605780.0,
605800.0,
605820.0,
605840.0,
605860.0,
605880.0,
605900.0,
605920.0,
605940.0,
605960.0,
605980.0,
606000.0,
606020.0,
606040.0,
606060.0,
606080.0,
606100.0,
606120.0,
606140.0,
606160.0,
606180.0,
606200.0,
606220.0,
606240.0,
606260.0,
606280.0,
606300.0,
606320.0,
606340.0,
606360.0,
606380.0,
606400.0,
606420.0,
606440.0,
606460.0,
606480.0,
606500.0,
606520.0,
606540.0,
606560.0,
606580.0,
606600.0,
606620.0,
606640.0,
606660.0,
606680.0,
606700.0,
606720.0,
606740.0,
606760.0,
606780.0,
606800.0,
606820.0,
606840.0,
606860.0,
606880.0,
606900.0,
606920.0,
606940.0,
606960.0,
606980.0,
607000.0,
607020.0,
607040.0,
607060.0,
607080.0,
607100.0,
607120.0,
607140.0,
607160.0,
607180.0,
607200.0,
607220.0,
607240.0,
607260.0,
607280.0,
607300.0,
607320.0,
607340.0,
607360.0,
607380.0,
607400.0,
607420.0,
607440.0,
607460.0,
607480.0,
607500.0,
607520.0,
607540.0,
607560.0,
607580.0,
607600.0,
607620.0,
607640.0,
607660.0,
607680.0,
607700.0,
607720.0,
607740.0,
607760.0,
607780.0,
607800.0,
607820.0,
607840.0,
607860.0,
607880.0,
607900.0,
607920.0,
607940.0,
607960.0,
607980.0,
608000.0,
608020.0,
608040.0,
608060.0,
608080.0,
608100.0,
608120.0,
608140.0,
608160.0,
608180.0,
608200.0,
608220.0,
608240.0,
608260.0,
608280.0,
608300.0,
608320.0,
608340.0,
608360.0,
608380.0,
608400.0,
608420.0,
608440.0,
608460.0,
608480.0,
608500.0,
608520.0,
608540.0,
608560.0,
608580.0,
608600.0,
608620.0,
608640.0,
608660.0,
608680.0,
608700.0,
608720.0,
608740.0,
608760.0,
608780.0,
608800.0,
608820.0,
608840.0,
608860.0,
608880.0,
608900.0,
608920.0,
608940.0,
608960.0,
608980.0,
609000.0,
609020.0,
609040.0,
609060.0,
609080.0,
609100.0,
609120.0,
609140.0,
609160.0,
609180.0,
609200.0,
609220.0,
609240.0,
609260.0,
609280.0,
609300.0,
609320.0,
609340.0,
609360.0,
609380.0,
609400.0,
609420.0,
609440.0,
609460.0,
609480.0,
609500.0,
609520.0,
609540.0,
609560.0,
609580.0,
609600.0,
609620.0,
609640.0,
609660.0,
609680.0,
609700.0,
609720.0,
609740.0,
609760.0,
609780.0,
609800.0,
609820.0,
609840.0,
609860.0,
609880.0,
609900.0,
609920.0,
609940.0,
609960.0,
609980.0,
610000.0,
610020.0,
610040.0,
610060.0,
610080.0,
610100.0,
610120.0,
610140.0,
610160.0,
610180.0,
610200.0,
610220.0,
610240.0,
610260.0,
610280.0,
610300.0,
610320.0,
610340.0,
610360.0,
610380.0,
610400.0,
610420.0,
610440.0,
610460.0,
610480.0,
610500.0,
610520.0,
610540.0,
610560.0,
610580.0,
610600.0,
610620.0,
610640.0,
610660.0,
610680.0,
610700.0,
610720.0,
610740.0,
610760.0,
610780.0,
610800.0,
610820.0,
610840.0,
610860.0,
610880.0,
610900.0,
610920.0,
610940.0,
610960.0,
610980.0,
611000.0,
611020.0,
611040.0,
611060.0,
611080.0,
611100.0,
611120.0,
611140.0,
611160.0,
611180.0,
611200.0,
611220.0,
611240.0,
611260.0,
611280.0,
611300.0,
611320.0,
611340.0,
611360.0,
611380.0,
611400.0,
611420.0,
611440.0,
611460.0,
611480.0,
611500.0,
611520.0,
611540.0,
611560.0,
611580.0,
611600.0,
611620.0,
611640.0,
611660.0,
611680.0,
611700.0,
611720.0,
611740.0,
611760.0,
611780.0,
611800.0,
611820.0,
611840.0,
611860.0,
611880.0,
611900.0,
611920.0,
611940.0,
611960.0,
611980.0,
612000.0,
612020.0,
612040.0,
612060.0,
612080.0,
612100.0,
612120.0,
612140.0,
612160.0,
612180.0,
612200.0,
612220.0,
612240.0,
612260.0,
612280.0,
612300.0,
612320.0,
612340.0,
612360.0,
612380.0,
612400.0,
612420.0,
612440.0,
612460.0,
612480.0,
612500.0,
612520.0,
612540.0,
612560.0,
612580.0,
612600.0,
612620.0,
612640.0,
612660.0,
612680.0,
612700.0,
612720.0,
612740.0,
612760.0,
612780.0,
612800.0,
612820.0,
612840.0,
612860.0,
612880.0,
612900.0,
612920.0,
612940.0,
612960.0,
612980.0,
613000.0,
613020.0,
613040.0,
613060.0,
613080.0,
613100.0,
613120.0,
613140.0,
613160.0,
613180.0,
613200.0,
613220.0,
613240.0,
613260.0,
613280.0,
613300.0,
613320.0,
613340.0,
613360.0,
613380.0,
613400.0,
613420.0,
613440.0,
613460.0,
613480.0,
613500.0,
613520.0,
613540.0,
613560.0,
613580.0,
613600.0,
613620.0,
613640.0,
613660.0,
613680.0,
613700.0,
613720.0,
613740.0,
613760.0,
613780.0,
613800.0,
613820.0,
613840.0,
613860.0,
613880.0,
613900.0,
613920.0,
613940.0,
613960.0,
613980.0,
614000.0,
614020.0,
614040.0,
614060.0,
614080.0,
614100.0,
614120.0,
614140.0,
614160.0,
614180.0,
614200.0,
614220.0,
614240.0,
614260.0,
614280.0,
614300.0,
614320.0,
614340.0,
614360.0,
614380.0,
614400.0,
614420.0,
614440.0,
614460.0,
614480.0,
614500.0,
614520.0,
614540.0,
614560.0,
614580.0,
614600.0,
614620.0,
614640.0,
614660.0,
614680.0,
614700.0,
614720.0,
614740.0,
614760.0,
614780.0,
614800.0,
614820.0,
614840.0,
614860.0,
614880.0,
614900.0,
614920.0,
614940.0,
614960.0,
614980.0,
615000.0,
615020.0,
615040.0,
615060.0,
615080.0,
615100.0,
615120.0,
615140.0,
615160.0,
615180.0,
615200.0,
615220.0,
615240.0,
615260.0,
615280.0,
615300.0,
615320.0,
615340.0,
615360.0,
615380.0,
615400.0,
615420.0,
615440.0,
615460.0,
615480.0,
615500.0,
615520.0,
615540.0,
615560.0,
615580.0,
615600.0,
615620.0,
615640.0,
615660.0,
615680.0,
615700.0,
615720.0,
615740.0,
615760.0,
615780.0,
615800.0,
615820.0,
615840.0,
615860.0,
615880.0,
615900.0,
615920.0,
615940.0,
615960.0,
615980.0,
616000.0,
616020.0,
616040.0,
616060.0,
616080.0,
616100.0,
616120.0,
616140.0,
616160.0,
616180.0,
616200.0,
616220.0,
616240.0,
616260.0,
616280.0,
616300.0,
616320.0,
616340.0,
616360.0,
616380.0,
616400.0,
616420.0,
616440.0,
616460.0,
616480.0,
616500.0,
616520.0,
616540.0,
616560.0,
616580.0,
616600.0,
616620.0,
616640.0,
616660.0,
616680.0,
616700.0,
616720.0,
616740.0,
616760.0,
616780.0,
616800.0,
616820.0,
616840.0,
616860.0,
616880.0,
616900.0,
616920.0,
616940.0,
616960.0,
616980.0,
617000.0,
617020.0,
617040.0,
617060.0,
617080.0,
617100.0,
617120.0,
617140.0,
617160.0,
617180.0,
617200.0,
617220.0,
617240.0,
617260.0,
617280.0,
617300.0,
617320.0,
617340.0,
617360.0,
617380.0,
617400.0,
617420.0,
617440.0,
617460.0,
617480.0,
617500.0,
617520.0,
617540.0,
617560.0,
617580.0,
617600.0,
617620.0,
617640.0,
617660.0,
617680.0,
617700.0,
617720.0,
617740.0,
617760.0,
617780.0,
617800.0,
617820.0,
617840.0,
617860.0,
617880.0,
617900.0,
617920.0,
617940.0,
617960.0,
617980.0,
618000.0,
618020.0,
618040.0,
618060.0,
618080.0,
618100.0,
618120.0,
618140.0,
618160.0,
618180.0,
618200.0,
618220.0,
618240.0,
618260.0,
618280.0,
618300.0,
618320.0,
618340.0,
618360.0,
618380.0,
618400.0,
618420.0,
618440.0,
618460.0,
618480.0,
618500.0,
618520.0,
618540.0,
618560.0,
618580.0,
618600.0,
618620.0,
618640.0,
618660.0,
618680.0,
618700.0,
618720.0,
618740.0,
618760.0,
618780.0,
618800.0,
618820.0,
618840.0,
618860.0,
618880.0,
618900.0,
618920.0,
618940.0,
618960.0,
618980.0,
619000.0,
619020.0,
619040.0,
619060.0,
619080.0,
619100.0,
619120.0,
619140.0,
619160.0,
619180.0,
619200.0,
619220.0,
619240.0,
619260.0,
619280.0,
619300.0,
619320.0,
619340.0,
619360.0,
619380.0,
619400.0,
619420.0,
619440.0,
619460.0,
619480.0,
619500.0,
619520.0,
619540.0,
619560.0,
619580.0,
619600.0,
619620.0,
619640.0,
619660.0,
619680.0,
619700.0,
619720.0,
619740.0,
619760.0,
619780.0,
619800.0,
619820.0,
619840.0,
619860.0,
619880.0,
619900.0,
619920.0,
619940.0,
619960.0,
619980.0,
620000.0,
620020.0,
620040.0,
620060.0,
620080.0,
620100.0,
620120.0,
620140.0,
620160.0,
620180.0,
620200.0,
620220.0,
620240.0,
620260.0,
620280.0,
620300.0,
620320.0,
620340.0,
620360.0,
620380.0,
620400.0,
620420.0,
620440.0,
620460.0,
620480.0,
620500.0,
620520.0,
620540.0,
620560.0,
620580.0,
620600.0,
620620.0,
620640.0,
620660.0,
620680.0,
620700.0,
620720.0,
620740.0,
620760.0,
620780.0,
620800.0,
620820.0,
620840.0,
620860.0,
620880.0,
620900.0,
620920.0,
620940.0,
620960.0,
620980.0,
621000.0,
621020.0,
621040.0,
621060.0,
621080.0,
621100.0,
621120.0,
621140.0,
621160.0,
621180.0,
621200.0,
621220.0,
621240.0,
621260.0,
621280.0,
621300.0,
621320.0,
621340.0,
621360.0,
621380.0,
621400.0,
621420.0,
621440.0,
621460.0,
621480.0,
621500.0,
621520.0,
621540.0,
621560.0,
621580.0,
621600.0,
621620.0,
621640.0,
621660.0,
621680.0,
621700.0,
621720.0,
621740.0,
621760.0,
621780.0,
621800.0,
621820.0,
621840.0,
621860.0,
621880.0,
621900.0,
621920.0,
621940.0,
621960.0,
621980.0,
622000.0,
622020.0,
622040.0,
622060.0,
622080.0,
622100.0,
622120.0,
622140.0,
622160.0,
622180.0,
622200.0,
622220.0,
622240.0,
622260.0,
622280.0,
622300.0,
622320.0,
622340.0,
622360.0,
622380.0,
622400.0,
622420.0,
622440.0,
622460.0,
622480.0,
622500.0,
622520.0,
622540.0,
622560.0,
622580.0,
622600.0,
622620.0,
622640.0,
622660.0,
622680.0,
622700.0,
622720.0,
622740.0,
622760.0,
622780.0,
622800.0,
622820.0,
622840.0,
622860.0,
622880.0,
622900.0,
622920.0,
622940.0,
622960.0,
622980.0,
623000.0,
623020.0,
623040.0,
623060.0,
623080.0,
623100.0,
623120.0,
623140.0,
623160.0,
623180.0,
623200.0,
623220.0,
623240.0,
623260.0,
623280.0,
623300.0,
623320.0,
623340.0,
623360.0,
623380.0,
623400.0,
623420.0,
623440.0,
623460.0,
623480.0,
623500.0,
623520.0,
623540.0,
623560.0,
623580.0,
623600.0,
623620.0,
623640.0,
623660.0,
623680.0,
623700.0,
623720.0,
623740.0,
623760.0,
623780.0,
623800.0,
623820.0,
623840.0,
623860.0,
623880.0,
623900.0,
623920.0,
623940.0,
623960.0,
623980.0,
624000.0,
624020.0,
624040.0,
624060.0,
624080.0,
624100.0,
624120.0,
624140.0,
624160.0,
624180.0,
624200.0,
624220.0,
624240.0,
624260.0,
624280.0,
624300.0,
624320.0,
624340.0,
624360.0,
624380.0,
624400.0,
624420.0,
624440.0,
624460.0,
624480.0,
624500.0,
624520.0,
624540.0,
624560.0,
624580.0,
624600.0,
624620.0,
624640.0,
624660.0,
624680.0,
624700.0,
624720.0,
624740.0,
624760.0,
624780.0,
624800.0,
624820.0,
624840.0,
624860.0,
624880.0,
624900.0,
624920.0,
624940.0,
624960.0,
624980.0,
625000.0,
625020.0,
625040.0,
625060.0,
625080.0,
625100.0,
625120.0,
625140.0,
625160.0,
625180.0,
625200.0,
625220.0,
625240.0,
625260.0,
625280.0,
625300.0,
625320.0,
625340.0,
625360.0,
625380.0,
625400.0,
625420.0,
625440.0,
625460.0,
625480.0,
625500.0,
625520.0,
625540.0,
625560.0,
625580.0,
625600.0,
625620.0,
625640.0,
625660.0,
625680.0,
625700.0,
625720.0,
625740.0,
625760.0,
625780.0,
625800.0,
625820.0,
625840.0,
625860.0,
625880.0,
625900.0,
625920.0,
625940.0,
625960.0,
625980.0,
626000.0,
626020.0,
626040.0,
626060.0,
626080.0,
626100.0,
626120.0,
626140.0,
626160.0,
626180.0,
626200.0,
626220.0,
626240.0,
626260.0,
626280.0,
626300.0,
626320.0,
626340.0,
626360.0,
626380.0,
626400.0,
626420.0,
626440.0,
626460.0,
626480.0,
626500.0,
626520.0,
626540.0,
626560.0,
626580.0,
626600.0,
626620.0,
626640.0,
626660.0,
626680.0,
626700.0,
626720.0,
626740.0,
626760.0,
626780.0,
626800.0,
626820.0,
626840.0,
626860.0,
626880.0,
626900.0,
626920.0,
626940.0,
626960.0,
626980.0,
627000.0,
627020.0,
627040.0,
627060.0,
627080.0,
627100.0,
627120.0,
627140.0,
627160.0,
627180.0,
627200.0,
627220.0,
627240.0,
627260.0,
627280.0,
627300.0,
627320.0,
627340.0,1312.3694004437434
627360.0,1275.2496240087876
627380.0,1212.500970427623
627400.0,1137.7185167803486
627420.0,1061.6532865565443
627440.0,994.254186006037
627460.0,941.6593549618137
627480.0,905.6450998131664
627500.0,884.6335464897893
627520.0,875.3507919356755
627540.0,874.4845375428124
627560.0,879.9124541658706
627580.0,891.2732941179318
627600.0,909.8017532911077
627620.0,937.4739515573526
627640.0,975.6765749805827
627660.0,1023.7843896197048
627680.0,1078.212317828254
627700.0,1132.693361476477
627720.0,1180.3139744822656
627740.0,1216.0439584145656
627760.0,1237.8287994602447
627780.0,1246.3374989629147
627800.0,1244.0729693451347
627820.0,1234.352099448864
627840.0,1220.4547702916857
627860.0,1205.0704935314918
627880.0,1190.0508179782557
627900.0,1176.4058144220644
627920.0,1164.4555203599807
627940.0,1154.049672039334
627960.0,1144.7884203816775
627980.0,1136.2021599774791
628000.0,1127.8725089806103
628020.0,1119.4946667854324
628040.0,1110.892479627261
628060.0,1102.0021491882349
628080.0,1092.8402661581379
628100.0,1083.4686879450717
628120.0,1073.964456855889
628140.0,1064.3987567012812
628160.0,1054.8255831122328
628180.0,1045.2786378457479
628200.0,1035.7738950769067
628220.0,1026.3150842458786
628240.0,1016.8996850379663
628260.0,1007.5236612875806
628280.0,998.183876465733
628300.0,988.877827914627
628320.0,979.6009762079224
628340.0,970.3425335216914
628360.0,961.0811111201168
628380.0,951.7820718312398
628400.0,942.3986872863654
628420.0,932.8790975791304
628440.0,923.1804145596298
628460.0,913.2899277429242
628480.0,903.2512101209261
628500.0,893.19015384316
628520.0,883.3330999090407
628540.0,874.0071699466289
628560.0,865.6129584188835
628580.0,858.5634491411392
628600.0,853.1918951281283
628620.0,849.6464941871191
628640.0,847.8106984266933
628660.0,847.3014537935336
628680.0,847.5617808675559
628700.0,848.0151478561498
628720.0,848.2347141418735
628740.0,848.101146487986
628760.0,847.9530205099509
628780.0,848.7073346606421
628800.0,851.8824066727018
628820.0,859.4458754490822
628840.0,873.4335834256628
628860.0,895.3406583644919
628880.0,925.3630656734464
628900.0,961.6535651397304
628920.0,999.8762594818285
628940.0,1033.4542659769786
628960.0,1054.9571073101456
628980.0,1058.8951570092572
629000.0,1044.8480231561964
629020.0,1018.5698326256564
629040.0,989.988593141278
629060.0,970.0738380212849
629080.0,968.3463779576074
629100.0,991.2616929184717
629120.0,1041.2339710566375
629140.0,1116.202232258971
629160.0,1209.7847567212798
629180.0,1312.3206888985276
629200.0,1413.1764816851357
629220.0,1503.3614552255656
629240.0,1564.142677603901
629260.0,
629280.0,
629300.0,
629320.0,
629340.0,
629360.0,
629380.0,
629400.0,
629420.0,
629440.0,
629460.0,
629480.0,
629500.0,
629520.0,
629540.0,
629560.0,
629580.0,
629600.0,
629620.0,
629640.0,
629660.0,
629680.0,
629700.0,
629720.0,
629740.0,
629760.0,
629780.0,
629800.0,
629820.0,
629840.0,
629860.0,
629880.0,
629900.0,
629920.0,
629940.0,
629960.0,
629980.0,
630000.0,
630020.0,
630040.0,
630060.0,
630080.0,
630100.0,
630120.0,
630140.0,
630160.0,
630180.0,
630200.0,
630220.0,
630240.0,
630260.0,
630280.0,
630300.0,
630320.0,
630340.0,
630360.0,
630380.0,
630400.0,
630420.0,
630440.0,
630460.0,
630480.0,
630500.0,
630520.0,
630540.0,
630560.0,
630580.0,
630600.0,
630620.0,
630640.0,
630660.0,
630680.0,
630700.0,
630720.0,
630740.0,
630760.0,
630780.0,
630800.0,
630820.0,
630840.0,
630860.0,
630880.0,
630900.0,
630920.0,
630940.0,
630960.0,
630980.0,
631000.0,
631020.0,
631040.0,
631060.0,
631080.0,
631100.0,
631120.0,
631140.0,
631160.0,
631180.0,
631200.0,
631220.0,
631240.0,
631260.0,
631280.0,
631300.0,
631320.0,
631340.0,
631360.0,
631380.0,
631400.0,
631420.0,
631440.0,
631460.0,
631480.0,
631500.0,
631520.0,
631540.0,
631560.0,
631580.0,
631600.0,
631620.0,
631640.0,
631660.0,
631680.0,
631700.0,
631720.0,
631740.0,
631760.0,
631780.0,
631800.0,
631820.0,
631840.0,
631860.0,
631880.0,
631900.0,
631920.0,
631940.0,
631960.0,
631980.0,
632000.0,
632020.0,
632040.0,
632060.0,
632080.0,
632100.0,
632120.0,
632140.0,
632160.0,
632180.0,
632200.0,
632220.0,
632240.0,
632260.0,
632280.0,
632300.0,
632320.0,
632340.0,
632360.0,
632380.0,
632400.0,
632420.0,
632440.0,
632460.0,
632480.0,
632500.0,
632520.0,
632540.0,
632560.0,
632580.0,
632600.0,
632620.0,
632640.0,
632660.0,
632680.0,
632700.0,
632720.0,
632740.0,
632760.0,
632780.0,
632800.0,
632820.0,
632840.0,
632860.0,
632880.0,
632900.0,
632920.0,
632940.0,
632960.0,
632980.0,
633000.0,
633020.0,
633040.0,
633060.0,
633080.0,
633100.0,
633120.0,
633140.0,
633160.0,
633180.0,
633200.0,
633220.0,
633240.0,
633260.0,
633280.0,
633300.0,
633320.0,
633340.0,
633360.0,
633380.0,
633400.0,
633420.0,
633440.0,
633460.0,
633480.0,
633500.0,
633520.0,
633540.0,
633560.0,
633580.0,
633600.0,
633620.0,
633640.0,
633660.0,
633680.0,
633700.0,
633720.0,
633740.0,
633760.0,
633780.0,
633800.0,
633820.0,
633840.0,
633860.0,
633880.0,
633900.0,
633920.0,
633940.0,
633960.0,
633980.0,
634000.0,
634020.0,
634040.0,
634060.0,
634080.0,
634100.0,
634120.0,
634140.0,
634160.0,
634180.0,
634200.0,
634220.0,
634240.0,
634260.0,
634280.0,
634300.0,
634320.0,
634340.0,
634360.0,
634380.0,
634400.0,
634420.0,
634440.0,
634460.0,
634480.0,
634500.0,
634520.0,
634540.0,
634560.0,
634580.0,
634600.0,
634620.0,
634640.0,
634660.0,
634680.0,
634700.0,
634720.0,
634740.0,
634760.0,
634780.0,
634800.0,
634820.0,
634840.0,
634860.0,
634880.0,
634900.0,
634920.0,
634940.0,
634960.0,
634980.0,
635000.0,
635020.0,
635040.0,
635060.0,
635080.0,
635100.0,
635120.0,
635140.0,
635160.0,
635180.0,
635200.0,
635220.0,
635240.0,
635260.0,
635280.0,
635300.0,
635320.0,
635340.0,
635360.0,
635380.0,
635400.0,
635420.0,
635440.0,
635460.0,
635480.0,
635500.0,
635520.0,
635540.0,
635560.0,
635580.0,
635600.0,
635620.0,
635640.0,
635660.0,
635680.0,
635700.0,
635720.0,
635740.0,
635760.0,
635780.0,
635800.0,
635820.0,
635840.0,
635860.0,
635880.0,
635900.0,
635920.0,
635940.0,
635960.0,
635980.0,
636000.0,
636020.0,
636040.0,
636060.0,
636080.0,
636100.0,
636120.0,
636140.0,
636160.0,
636180.0,
636200.0,
636220.0,
636240.0,
636260.0,
636280.0,
636300.0,
636320.0,
636340.0,
636360.0,
636380.0,
636400.0,
636420.0,
636440.0,
636460.0,
636480.0,
636500.0,
636520.0,
636540.0,
636560.0,
636580.0,
636600.0,
636620.0,
636640.0,
636660.0,
636680.0,
636700.0,
636720.0,
636740.0,
636760.0,
636780.0,
636800.0,
636820.0,
636840.0,
636860.0,
636880.0,
636900.0,
636920.0,
636940.0,
636960.0,
636980.0,
637000.0,
637020.0,
637040.0,
637060.0,
637080.0,
637100.0,
637120.0,
637140.0,
637160.0,
637180.0,
637200.0,
637220.0,
637240.0,
637260.0,
637280.0,
637300.0,
637320.0,
637340.0,
637360.0,
637380.0,
637400.0,
637420.0,
637440.0,
637460.0,
637480.0,
637500.0,
637520.0,
637540.0,
637560.0,
637580.0,
637600.0,
637620.0,
637640.0,
637660.0,
637680.0,
637700.0,
637720.0,
637740.0,
637760.0,
637780.0,
637800.0,
637820.0,
637840.0,
637860.0,
637880.0,
637900.0,
637920.0,
637940.0,
637960.0,
637980.0,
638000.0,
638020.0,
638040.0,
638060.0,
638080.0,
638100.0,
638120.0,
638140.0,
638160.0,
638180.0,
638200.0,
638220.0,
638240.0,
638260.0,
638280.0,
638300.0,
638320.0,
638340.0,
638360.0,
638380.0,
638400.0,
638420.0,
638440.0,
638460.0,
638480.0,
638500.0,
638520.0,
638540.0,
638560.0,
638580.0,
638600.0,
638620.0,
638640.0,
638660.0,
638680.0,
638700.0,
638720.0,
638740.0,
638760.0,
638780.0,
638800.0,
638820.0,
638840.0,
638860.0,
638880.0,
638900.0,
638920.0,
638940.0,
638960.0,
638980.0,
639000.0,
639020.0,
639040.0,
639060.0,
639080.0,
639100.0,
639120.0,
639140.0,
639160.0,
639180.0,
639200.0,
639220.0,
639240.0,
639260.0,
639280.0,
639300.0,
639320.0,
639340.0,
639360.0,
639380.0,
639400.0,
639420.0,
639440.0,
639460.0,
639480.0,
639500.0,
639520.0,
639540.0,
639560.0,
639580.0,
639600.0,
639620.0,
639640.0,
639660.0,
639680.0,
639700.0,
639720.0,
639740.0,
639760.0,
639780.0,
639800.0,
639820.0,
639840.0,
639860.0,
639880.0,
639900.0,
639920.0,
639940.0,
639960.0,
639980.0,
640000.0,
640020.0,
640040.0,
640060.0,
640080.0,
640100.0,
640120.0,
640140.0,
640160.0,
640180.0,
640200.0,
640220.0,
640240.0,
640260.0,
640280.0,
640300.0,
640320.0,
640340.0,
640360.0,
640380.0,
640400.0,
640420.0,
640440.0,
640460.0,
640480.0,
640500.0,
640520.0,
640540.0,
640560.0,
640580.0,
640600.0,
640620.0,
640640.0,
640660.0,
640680.0,
640700.0,
640720.0,
640740.0,
640760.0,
640780.0,
640800.0,
640820.0,
640840.0,
640860.0,
640880.0,
640900.0,
640920.0,
640940.0,
640960.0,
640980.0,
641000.0,
641020.0,
641040.0,
641060.0,
641080.0,
641100.0,
641120.0,
641140.0,
641160.0,
641180.0,
641200.0,
641220.0,
641240.0,
641260.0,
641280.0,
641300.0,
641320.0,
641340.0,
641360.0,
641380.0,
641400.0,
641420.0,
641440.0,
641460.0,
641480.0,
641500.0,
641520.0,
641540.0,
641560.0,
641580.0,
641600.0,
641620.0,
641640.0,
641660.0,
641680.0,
641700.0,
641720.0,
641740.0,
641760.0,
641780.0,
641800.0,
641820.0,
641840.0,
641860.0,
641880.0,
641900.0,
641920.0,
641940.0,
641960.0,
641980.0,
642000.0,
642020.0,
642040.0,
642060.0,
642080.0,
642100.0,
642120.0,
642140.0,
642160.0,
642180.0,
642200.0,
642220.0,
642240.0,
642260.0,
642280.0,
642300.0,
642320.0,
642340.0,
642360.0,
642380.0,
642400.0,
642420.0,
642440.0,
642460.0,
642480.0,
642500.0,
642520.0,
642540.0,
642560.0,
642580.0,
642600.0,
642620.0,
642640.0,
642660.0,
642680.0,
642700.0,
642720.0,
642740.0,
642760.0,
642780.0,
642800.0,
642820.0,
642840.0,
642860.0,
642880.0,
642900.0,
642920.0,
642940.0,
642960.0,
642980.0,
643000.0,
643020.0,
643040.0,
643060.0,
643080.0,
643100.0,
643120.0,
643140.0,
643160.0,
643180.0,843.9471146155838
643200.0,844.4667238782813
643220.0,842.6085256442213
643240.0,839.6235883135457
643260.0,837.1451055332052
643280.0,836.411236486277
643300.0,838.0478265935338
643320.0,842.0563941043705
643340.0,847.9307583239568
643360.0,854.8248781094819
643380.0,861.7199184310806
643400.0,867.5752886450852
643420.0,871.4625179194991
643440.0,872.68169386188
643460.0,870.8587029956627
643480.0,866.0046375214949
643500.0,858.5034370204824
643520.0,849.0272340996469
643540.0,838.4018998286386
643560.0,827.4619756632726
643580.0,816.9314766272965
643600.0,807.3500011861552
643620.0,799.0472124690523
643640.0,792.155041701981
643660.0,786.6474939095674
643680.0,782.4005871121461
643700.0,779.2603788100591
643720.0,777.0983559890153
643740.0,775.8367528250722
643760.0,775.4451818623602
643780.0,775.9238619294604
643800.0,777.284814540216
643820.0,779.5427114017663
643840.0,782.7111002717726
643860.0,786.7899250140673
643880.0,791.7515584080097
643900.0,797.533278334451
643920.0,804.0403743794783
643940.0,811.1492044442659
643960.0,818.7135431209794
643980.0,826.5788228947251
644000.0,834.5952290072992
644020.0,842.6242058492478
644040.0,850.5332175518855
644060.0,858.1912014359552
644080.0,
644100.0,
644120.0,
644140.0,
644160.0,
644180.0,
644200.0,
644220.0,
644240.0,
644260.0,
644280.0,
644300.0,
644320.0,
644340.0,
644360.0,
644380.0,
644400.0,
644420.0,
644440.0,
644460.0,
644480.0,
644500.0,
644520.0,
644540.0,
644560.0,
644580.0,
644600.0,
644620.0,
644640.0,
644660.0,
644680.0,
644700.0,
644720.0,
644740.0,
644760.0,
644780.0,
644800.0,
644820.0,
644840.0,
644860.0,
644880.0,
644900.0,
644920.0,
644940.0,
644960.0,
644980.0,
645000.0,
645020.0,
645040.0,
645060.0,
645080.0,
645100.0,
645120.0,
645140.0,
645160.0,
645180.0,
645200.0,
645220.0,
645240.0,
645260.0,
645280.0,
645300.0,
645320.0,
645340.0,
645360.0,
645380.0,
645400.0,
645420.0,
645440.0,
645460.0,
645480.0,1317.566618200347
645500.0,1320.8318655401304
645520.0,1306.1417139377406
645540.0,1266.8460434142096
645560.0,1205.0354012522744
645580.0,1129.3404509349737
645600.0,1053.5846277752203
645620.0,992.9240806515793
645640.0,958.9745193161282
645660.0,956.5621179649748
645680.0,982.8844368346724
645700.0,1028.72293608258
645720.0,1057.7883222100918
645740.0,
645760.0,
645780.0,
645800.0,
645820.0,
645840.0,
645860.0,
645880.0,
645900.0,
645920.0,
645940.0,
645960.0,
645980.0,
646000.0,
646020.0,
646040.0,
646060.0,
646080.0,
646100.0,
646120.0,
646140.0,
646160.0,
646180.0,
646200.0,
646220.0,
646240.0,
646260.0,
646280.0,
646300.0,
646320.0,
646340.0,
646360.0,
646380.0,
646400.0,
646420.0,
646440.0,
646460.0,
646480.0,
646500.0,
646520.0,
646540.0,
646560.0,
646580.0,
646600.0,
646620.0,
646640.0,
646660.0,
646680.0,
646700.0,
646720.0,
646740.0,
646760.0,
646780.0,
646800.0,
646820.0,
646840.0,
646860.0,
646880.0,
646900.0,
646920.0,
646940.0,
646960.0,
646980.0,
647000.0,
647020.0,
647040.0,
647060.0,
647080.0,
647100.0,
647120.0,
647140.0,
647160.0,
647180.0,
647200.0,
647220.0,
647240.0,
647260.0,
647280.0,
647300.0,
647320.0,
647340.0,
647360.0,
647380.0,
647400.0,
647420.0,
647440.0,
647460.0,
647480.0,
647500.0,
647520.0,
647540.0,
647560.0,
647580.0,
647600.0,
647620.0,
647640.0,
647660.0,
647680.0,
647700.0,
647720.0,
647740.0,
647760.0,
647780.0,
647800.0,
647820.0,
647840.0,
647860.0,
647880.0,
647900.0,
647920.0,
647940.0,
647960.0,
647980.0,
648000.0,
648020.0,
648040.0,
648060.0,
648080.0,
648100.0,
648120.0,
648140.0,
648160.0,
648180.0,
648200.0,
648220.0,
648240.0,
648260.0,
648280.0,
648300.0,
648320.0,
648340.0,
648360.0,
648380.0,
648400.0,
648420.0,
648440.0,
648460.0,
648480.0,
648500.0,
648520.0,
648540.0,
648560.0,
648580.0,
648600.0,
648620.0,
648640.0,
648660.0,
648680.0,
648700.0,
648720.0,
648740.0,
648760.0,
648780.0,
648800.0,
648820.0,
648840.0,
648860.0,
648880.0,
648900.0,
648920.0,
648940.0,
648960.0,
648980.0,
649000.0,
649020.0,
649040.0,
649060.0,
649080.0,
649100.0,
649120.0,
649140.0,
649160.0,
649180.0,
649200.0,
649220.0,
649240.0,
649260.0,
649280.0,
649300.0,
649320.0,
649340.0,
649360.0,
649380.0,
649400.0,
649420.0,
649440.0,
649460.0,
649480.0,
649500.0,
649520.0,
649540.0,
649560.0,
649580.0,
649600.0,
649620.0,
649640.0,
649660.0,
649680.0,
649700.0,
649720.0,
649740.0,
649760.0,
649780.0,
649800.0,
649820.0,
649840.0,
649860.0,
649880.0,
649900.0,
649920.0,
649940.0,
649960.0,
649980.0,
650000.0,
650020.0,
650040.0,
650060.0,
650080.0,
650100.0,
650120.0,
650140.0,
650160.0,
650180.0,
650200.0,
650220.0,
650240.0,
650260.0,
650280.0,
650300.0,
650320.0,
650340.0,
650360.0,
650380.0,
650400.0,
650420.0,
650440.0,
650460.0,
650480.0,
650500.0,
650520.0,
650540.0,
650560.0,
650580.0,
650600.0,
650620.0,
650640.0,
650660.0,
650680.0,
650700.0,
650720.0,
650740.0,
650760.0,
650780.0,
650800.0,
650820.0,
650840.0,
650860.0,
650880.0,
650900.0,
650920.0,
650940.0,
650960.0,
650980.0,
651000.0,
651020.0,
651040.0,
651060.0,
651080.0,
651100.0,
651120.0,
651140.0,
651160.0,
651180.0,
651200.0,
651220.0,
651240.0,
651260.0,
651280.0,
651300.0,
651320.0,
651340.0,
651360.0,
651380.0,
651400.0,
651420.0,
651440.0,
651460.0,
651480.0,
651500.0,
651520.0,
651540.0,
651560.0,
651580.0,
651600.0,
651620.0,
651640.0,
651660.0,
651680.0,
651700.0,
651720.0,
651740.0,
651760.0,
651780.0,
651800.0,
651820.0,
651840.0,
651860.0,
651880.0,
651900.0,
651920.0,
651940.0,
651960.0,
651980.0,
652000.0,
652020.0,
652040.0,
652060.0,
652080.0,
652100.0,
652120.0,
652140.0,
652160.0,
652180.0,
652200.0,
652220.0,
652240.0,
652260.0,
652280.0,
652300.0,
652320.0,
652340.0,
652360.0,
652380.0,
652400.0,
652420.0,
652440.0,
652460.0,
652480.0,
652500.0,
652520.0,
652540.0,
652560.0,
652580.0,
652600.0,
652620.0,
652640.0,
652660.0,
652680.0,
652700.0,
652720.0,
652740.0,
652760.0,
652780.0,
652800.0,
652820.0,
652840.0,
652860.0,
652880.0,
652900.0,
652920.0,
652940.0,
652960.0,
652980.0,
653000.0,
653020.0,
653040.0,
653060.0,
653080.0,
653100.0,
653120.0,
653140.0,
653160.0,
653180.0,
653200.0,
653220.0,
653240.0,
653260.0,
653280.0,
653300.0,
653320.0,
653340.0,
653360.0,
653380.0,
653400.0,
653420.0,
653440.0,
653460.0,
653480.0,
653500.0,
653520.0,
653540.0,
653560.0,
653580.0,
653600.0,
653620.0,
653640.0,
653660.0,
653680.0,
653700.0,
653720.0,
653740.0,
653760.0,
653780.0,
653800.0,
653820.0,
653840.0,
653860.0,
653880.0,
653900.0,
653920.0,
653940.0,
653960.0,
653980.0,
654000.0,
654020.0,
654040.0,
654060.0,
654080.0,
654100.0,
654120.0,
654140.0,
654160.0,
654180.0,
654200.0,
654220.0,
654240.0,
654260.0,
654280.0,
654300.0,
654320.0,
654340.0,
654360.0,
654380.0,
654400.0,
654420.0,
654440.0,
654460.0,
654480.0,
654500.0,
654520.0,
654540.0,
654560.0,
654580.0,
654600.0,
654620.0,
654640.0,
654660.0,
654680.0,
654700.0,
654720.0,
654740.0,
654760.0,
654780.0,
654800.0,
654820.0,
654840.0,
654860.0,
654880.0,
654900.0,
654920.0,
654940.0,
654960.0,
654980.0,
655000.0,
655020.0,
655040.0,
655060.0,
655080.0,
655100.0,
655120.0,
655140.0,
655160.0,
655180.0,
655200.0,
655220.0,
655240.0,
655260.0,
655280.0,
655300.0,
655320.0,
655340.0,
655360.0,
655380.0,
655400.0,
655420.0,
655440.0,
655460.0,
655480.0,
655500.0,
655520.0,1408.329250125889
655540.0,1392.7097099987016
655560.0,1348.1016068538258
655580.0,1275.1267886469632
655600.0,1181.7065487858904
655620.0,1081.1136578788867
655640.0,987.285499613271
655660.0,910.5192894518177
655680.0,855.8138285133231
655700.0,823.2756770366495
655720.0,809.5350729479997
655740.0,809.3927773997968
655760.0,817.2285219510987
655780.0,827.9788763821773
655800.0,837.6890182067185
655820.0,843.7445446398139
655840.0,845.1184806194948
655860.0,
655880.0,
655900.0,
655920.0,
655940.0,
655960.0,
655980.0,
656000.0,
656020.0,
656040.0,
656060.0,
656080.0,
656100.0,
656120.0,
656140.0,
656160.0,
656180.0,
656200.0,
656220.0,
656240.0,
656260.0,
656280.0,
656300.0,
656320.0,
656340.0,
656360.0,
656380.0,
656400.0,
656420.0,
656440.0,
656460.0,
656480.0,
656500.0,
656520.0,
656540.0,
656560.0,
656580.0,
656600.0,
656620.0,
656640.0,
656660.0,
656680.0,
656700.0,
656720.0,
656740.0,
656760.0,
656780.0,
656800.0,
656820.0,
656840.0,
656860.0,
656880.0,
656900.0,
656920.0,
656940.0,
656960.0,
656980.0,
657000.0,
657020.0,
657040.0,
657060.0,
657080.0,
657100.0,
657120.0,
657140.0,
657160.0,
657180.0,
657200.0,
657220.0,
657240.0,
657260.0,
657280.0,
657300.0,
657320.0,
657340.0,
657360.0,
657380.0,
657400.0,
657420.0,
657440.0,
657460.0,
657480.0,
657500.0,
657520.0,
657540.0,
657560.0,
657580.0,
657600.0,
657620.0,
657640.0,
657660.0,
657680.0,
657700.0,
657720.0,
657740.0,
657760.0,
657780.0,
657800.0,
657820.0,
657840.0,
657860.0,
657880.0,
657900.0,
657920.0,
657940.0,
657960.0,
657980.0,
658000.0,
658020.0,
658040.0,
658060.0,
658080.0,
658100.0,
658120.0,
658140.0,
658160.0,
658180.0,
658200.0,
658220.0,
658240.0,
658260.0,
658280.0,
658300.0,
658320.0,
658340.0,
658360.0,
658380.0,
658400.0,
658420.0,
658440.0,
658460.0,
658480.0,
658500.0,
658520.0,
658540.0,
658560.0,
658580.0,
658600.0,
658620.0,
658640.0,
658660.0,
658680.0,
658700.0,
658720.0,
658740.0,
658760.0,
658780.0,
658800.0,
658820.0,
658840.0,
658860.0,
658880.0,
658900.0,
658920.0,
658940.0,
658960.0,
658980.0,
659000.0,
659020.0,
659040.0,
659060.0,
659080.0,
659100.0,
659120.0,
659140.0,
659160.0,
659180.0,
659200.0,
659220.0,
659240.0,
659260.0,
659280.0,
659300.0,
659320.0,
659340.0,
659360.0,
659380.0,
659400.0,
659420.0,
659440.0,
659460.0,
659480.0,
659500.0,
659520.0,
659540.0,
659560.0,
659580.0,
659600.0,
659620.0,
659640.0,
659660.0,
659680.0,
659700.0,
659720.0,
659740.0,
659760.0,
659780.0,
659800.0,
659820.0,
659840.0,
659860.0,
659880.0,
659900.0,
659920.0,
659940.0,
659960.0,
659980.0,
660000.0,
660020.0,
660040.0,
660060.0,
660080.0,
660100.0,
660120.0,
660140.0,
660160.0,
660180.0,
660200.0,
660220.0,
660240.0,
660260.0,
660280.0,
660300.0,
660320.0,
660340.0,
660360.0,
660380.0,
660400.0,
660420.0,
660440.0,
660460.0,
660480.0,
660500.0,
660520.0,
660540.0,
660560.0,
660580.0,
660600.0,
660620.0,
660640.0,
660660.0,
660680.0,
660700.0,
660720.0,
660740.0,
660760.0,
660780.0,
660800.0,
660820.0,
660840.0,
660860.0,
660880.0,
660900.0,
660920.0,
660940.0,
660960.0,
660980.0,
661000.0,
661020.0,
661040.0,
661060.0,
661080.0,
661100.0,
661120.0,
661140.0,
661160.0,
661180.0,
661200.0,
661220.0,
661240.0,
661260.0,
661280.0,
661300.0,
661320.0,
661340.0,
661360.0,
661380.0,
661400.0,
661420.0,
661440.0,
661460.0,
661480.0,
661500.0,
661520.0,
661540.0,
661560.0,
661580.0,
661600.0,
661620.0,
661640.0,
661660.0,
661680.0,
661700.0,
661720.0,
661740.0,
661760.0,
661780.0,
661800.0,
661820.0,
661840.0,
661860.0,
661880.0,
661900.0,
661920.0,
661940.0,
661960.0,
661980.0,
662000.0,
662020.0,
662040.0,
662060.0,
662080.0,
662100.0,
662120.0,
662140.0,
662160.0,
662180.0,
662200.0,
662220.0,
662240.0,
662260.0,
662280.0,
662300.0,
662320.0,
662340.0,
662360.0,
662380.0,
662400.0,
662420.0,
662440.0,
662460.0,
662480.0,
662500.0,
662520.0,
662540.0,
662560.0,
662580.0,
662600.0,
662620.0,
662640.0,
662660.0,
662680.0,
662700.0,
662720.0,
662740.0,
662760.0,
662780.0,
662800.0,
662820.0,
662840.0,
662860.0,
662880.0,
662900.0,
662920.0,
662940.0,
662960.0,
662980.0,
663000.0,
663020.0,
663040.0,
663060.0,
663080.0,
663100.0,
663120.0,
663140.0,
663160.0,
663180.0,
663200.0,
663220.0,
663240.0,
663260.0,
663280.0,
663300.0,
663320.0,
663340.0,
663360.0,
663380.0,
663400.0,
663420.0,
663440.0,
663460.0,
663480.0,
663500.0,
663520.0,
663540.0,
663560.0,
663580.0,
663600.0,
663620.0,
663640.0,
663660.0,
663680.0,
663700.0,
663720.0,
663740.0,
663760.0,
663780.0,
663800.0,
663820.0,
663840.0,
663860.0,
663880.0,
663900.0,
663920.0,
663940.0,
663960.0,
663980.0,
664000.0,
664020.0,
664040.0,
664060.0,
664080.0,
664100.0,
664120.0,
664140.0,
664160.0,
664180.0,
664200.0,
664220.0,
664240.0,
664260.0,
664280.0,
664300.0,
664320.0,
664340.0,
664360.0,
664380.0,
664400.0,
664420.0,
664440.0,
664460.0,
664480.0,
664500.0,
664520.0,
664540.0,
664560.0,
664580.0,
664600.0,
664620.0,
664640.0,
664660.0,
664680.0,
664700.0,
664720.0,
664740.0,
664760.0,
664780.0,
664800.0,
664820.0,
664840.0,
664860.0,879.3899564635316
664880.0,852.6904268954206
664900.0,819.2814887095271
664920.0,791.016803215198
664940.0,769.4608808745211
664960.0,754.7792785916387
664980.0,746.103115521984
665000.0,742.0020150885114
665020.0,740.9151958950496
665040.0,741.4562920644573
665060.0,742.5781864154682
665080.0,743.6200484551239
665100.0,744.2759316422605
665120.0,744.5193315743882
665140.0,744.5051783822906
665160.0,744.4713161037453
665180.0,744.653605285707
665200.0,745.2204377735786
665220.0,746.2459691890421
665240.0,747.7222134609907
665260.0,749.584604220239
665280.0,751.7413567400829
665300.0,754.1112101997144
665320.0,756.6534810934444
665340.0,759.3742816063282
665360.0,762.3163907403539
665380.0,765.5429778858588
665400.0,769.1255729845694
665420.0,773.1339836090563
665440.0,777.6095294626045
665460.0,782.5175948733319
665480.0,787.6937787989343
665500.0,792.8030153998955
665520.0,797.3307502481405
665540.0,800.6407192205772
665560.0,802.0999063893702
665580.0,
665600.0,
665620.0,
665640.0,
665660.0,
665680.0,
665700.0,
665720.0,
665740.0,
665760.0,
665780.0,
665800.0,
665820.0,
665840.0,
665860.0,
665880.0,
665900.0,
665920.0,
665940.0,
665960.0,
665980.0,
666000.0,
666020.0,
666040.0,
666060.0,
666080.0,
666100.0,
666120.0,
666140.0,
666160.0,
666180.0,
666200.0,
666220.0,
666240.0,
666260.0,
666280.0,
666300.0,
666320.0,
666340.0,
666360.0,
666380.0,
666400.0,
666420.0,
666440.0,
666460.0,
666480.0,
666500.0,
666520.0,
666540.0,
666560.0,
666580.0,
666600.0,719.7677297869179
666620.0,716.9806169891774
666640.0,712.6262721404398
666660.0,707.9842447051976
666680.0,703.2862613167063
666700.0,698.7545745550942
666720.0,694.5759295389164
666740.0,690.8963419222634
666760.0,687.8293120147048
666780.0,685.4528302490419
666800.0,683.7984537271502
666820.0,682.8458619615442
666840.0,682.526457557868
666860.0,682.7404556713964
666880.0,683.3841145244278
666900.0,684.37414920356
666920.0,685.6676667191532
666940.0,687.2703863151328
666960.0,689.231301698451
666980.0,691.628115600564
667000.0,694.5440955615993
667020.0,698.0462678538798
667040.0,702.1705986909103
667060.0,706.9217121417439
667080.0,712.2780150352907
667100.0,718.1905706534627
667120.0,724.5792741284904
667140.0,731.3363661922899
667160.0,738.3385209673145
667180.0,745.447995489658
667200.0,752.4776970751677
667220.0,759.1325873954731
667240.0,764.9621535669925
667260.0,769.3575853227642
667280.0,771.6241760684622
667300.0,771.1360112821715
667320.0,768.1093712801955
667340.0,
667360.0,
667380.0,
667400.0,
667420.0,
667440.0,
667460.0,
667480.0,
667500.0,
667520.0,
667540.0,
667560.0,
667580.0,
667600.0,
667620.0,
667640.0,
667660.0,
667680.0,
667700.0,
667720.0,
667740.0,
667760.0,
667780.0,
667800.0,
667820.0,
667840.0,
667860.0,
667880.0,
667900.0,
667920.0,
667940.0,
667960.0,
667980.0,
668000.0,
668020.0,
668040.0,
668060.0,
668080.0,
668100.0,
668120.0,
668140.0,
668160.0,
668180.0,
668200.0,
668220.0,
668240.0,
668260.0,
668280.0,
668300.0,
668320.0,
668340.0,
668360.0,
668380.0,
668400.0,
668420.0,
668440.0,
668460.0,
668480.0,
668500.0,
668520.0,
668540.0,
668560.0,
668580.0,
668600.0,
668620.0,
668640.0,
668660.0,
668680.0,
668700.0,
668720.0,
668740.0,
668760.0,
668780.0,
668800.0,
668820.0,
668840.0,
668860.0,
668880.0,
668900.0,
668920.0,
668940.0,
668960.0,
668980.0,
669000.0,
669020.0,
669040.0,
669060.0,
669080.0,
669100.0,
669120.0,
669140.0,
669160.0,
669180.0,
669200.0,
669220.0,
669240.0,
669260.0,
669280.0,
669300.0,
669320.0,
669340.0,
669360.0,
669380.0,
669400.0,
669420.0,
669440.0,
669460.0,
669480.0,576.0624927831379
669500.0,624.7050119875868
669520.0,680.5276169002253
669540.0,727.2416530604266
669560.0,764.4491663947437
669580.0,794.7952324085242
669600.0,822.5525359955002
669620.0,851.8675112591238
669640.0,885.0849686205305
669660.0,921.5279691991782
669680.0,957.1189158688319
669700.0,985.2556491265088
669720.0,999.0871853642784
669740.0,994.1082077336938
669760.0,969.9707513261644
669780.0,931.0094146070265
669800.0,884.5763419159423
669820.0,838.1961670780668
669840.0,797.5140437916853
669860.0,765.6129257228648
669880.0,743.2591808850746
669900.0,729.606511826182
669920.0,723.0193873492381
669940.0,721.7883688894501
669960.0,724.6035091601279
669980.0,730.7432919298874
670000.0,740.0133174563197
670020.0,752.5185177649018
670040.0,768.3764692720608
670060.0,787.4910349847739
670080.0,809.5212747438027
670100.0,834.1696577648387
670120.0,861.539254048818
670140.0,891.9840794253862
670160.0,925.6394121844189
670180.0,957.9791999717008
670200.0,
670220.0,
670240.0,
670260.0,
670280.0,
670300.0,
670320.0,
670340.0,
670360.0,
670380.0,
670400.0,
670420.0,
670440.0,
670460.0,
670480.0,
670500.0,
670520.0,
670540.0,
670560.0,
670580.0,
670600.0,
670620.0,
670640.0,
670660.0,
670680.0,
670700.0,
670720.0,
670740.0,
670760.0,
670780.0,
670800.0,
670820.0,
670840.0,
670860.0,
670880.0,
670900.0,
670920.0,
670940.0,
670960.0,
670980.0,
671000.0,
671020.0,
671040.0,
671060.0,
671080.0,
671100.0,
671120.0,
671140.0,
671160.0,
671180.0,
671200.0,
671220.0,
671240.0,
671260.0,
671280.0,
671300.0,
671320.0,
671340.0,
671360.0,
671380.0,
671400.0,
671420.0,
671440.0,
671460.0,
671480.0,
671500.0,
671520.0,
671540.0,
671560.0,
671580.0,
671600.0,
671620.0,
671640.0,
671660.0,
671680.0,
671700.0,
671720.0,
671740.0,
671760.0,
671780.0,
671800.0,
671820.0,
671840.0,
671860.0,
671880.0,
671900.0,
671920.0,
671940.0,
671960.0,
671980.0,
672000.0,
672020.0,
672040.0,
672060.0,
672080.0,
672100.0,
672120.0,
672140.0,
672160.0,
672180.0,
672200.0,
672220.0,
672240.0,
672260.0,
672280.0,
672300.0,
672320.0,
672340.0,
672360.0,
672380.0,
672400.0,
672420.0,
672440.0,
672460.0,
672480.0,
672500.0,
672520.0,
672540.0,
672560.0,
672580.0,
672600.0,
672620.0,
672640.0,
672660.0,
672680.0,
672700.0,
672720.0,
672740.0,
672760.0,
672780.0,
672800.0,
672820.0,
672840.0,
672860.0,
672880.0,
672900.0,
672920.0,
672940.0,
672960.0,
672980.0,
673000.0,
673020.0,
673040.0,
673060.0,
673080.0,
673100.0,
673120.0,
673140.0,
673160.0,
673180.0,
673200.0,
673220.0,
673240.0,
673260.0,
673280.0,
673300.0,
673320.0,
673340.0,
673360.0,
673380.0,
673400.0,
673420.0,
673440.0,
673460.0,
673480.0,
673500.0,
673520.0,
673540.0,
673560.0,
673580.0,
673600.0,
673620.0,
673640.0,
673660.0,
673680.0,
673700.0,
673720.0,
673740.0,
673760.0,
673780.0,
673800.0,
673820.0,
673840.0,
673860.0,
673880.0,
673900.0,
673920.0,
673940.0,
673960.0,
673980.0,
674000.0,
674020.0,
674040.0,
674060.0,
674080.0,
674100.0,
674120.0,
674140.0,
674160.0,
674180.0,
674200.0,
674220.0,
674240.0,
674260.0,
674280.0,
674300.0,
674320.0,
674340.0,
674360.0,
674380.0,
674400.0,
674420.0,
674440.0,
674460.0,
674480.0,
674500.0,
674520.0,
674540.0,
674560.0,
674580.0,
674600.0,
674620.0,
674640.0,
674660.0,
674680.0,
674700.0,
674720.0,
674740.0,
674760.0,
674780.0,
674800.0,
674820.0,
674840.0,
674860.0,
674880.0,
674900.0,
674920.0,
674940.0,
674960.0,
674980.0,
675000.0,
675020.0,
675040.0,
675060.0,
675080.0,
675100.0,
675120.0,
675140.0,
675160.0,
675180.0,
675200.0,
675220.0,
675240.0,
675260.0,
675280.0,
675300.0,
675320.0,
675340.0,
675360.0,
675380.0,
675400.0,
675420.0,
675440.0,
675460.0,
675480.0,
675500.0,
675520.0,
675540.0,
675560.0,
675580.0,
675600.0,
675620.0,
675640.0,
675660.0,
675680.0,
675700.0,
675720.0,
675740.0,
675760.0,
675780.0,
675800.0,
675820.0,
675840.0,
675860.0,
675880.0,
675900.0,
675920.0,
675940.0,
675960.0,
675980.0,
676000.0,
676020.0,
676040.0,
676060.0,
676080.0,
676100.0,
676120.0,
676140.0,
676160.0,
676180.0,
676200.0,
676220.0,
676240.0,
676260.0,
676280.0,
676300.0,
676320.0,
676340.0,
676360.0,
676380.0,
676400.0,
676420.0,
676440.0,
676460.0,
676480.0,
676500.0,
676520.0,
676540.0,
676560.0,
676580.0,
676600.0,
676620.0,
676640.0,
676660.0,
676680.0,
676700.0,
676720.0,
676740.0,
676760.0,
676780.0,
676800.0,
676820.0,
676840.0,
676860.0,
676880.0,
676900.0,
676920.0,
676940.0,
676960.0,
676980.0,
677000.0,
677020.0,
677040.0,
677060.0,
677080.0,
677100.0,
677120.0,
677140.0,
677160.0,
677180.0,
677200.0,
677220.0,
677240.0,
677260.0,
677280.0,
677300.0,
677320.0,
677340.0,
677360.0,
677380.0,
677400.0,
677420.0,
677440.0,
677460.0,
677480.0,
677500.0,
677520.0,
677540.0,
677560.0,
677580.0,
677600.0,
677620.0,
677640.0,
677660.0,
677680.0,
677700.0,
677720.0,
677740.0,
677760.0,
677780.0,
677800.0,
677820.0,
677840.0,
677860.0,
677880.0,
677900.0,
677920.0,
677940.0,
677960.0,
677980.0,
678000.0,
678020.0,
678040.0,
678060.0,
678080.0,
678100.0,
678120.0,
678140.0,
678160.0,
678180.0,
678200.0,
678220.0,
678240.0,
678260.0,
678280.0,
678300.0,
678320.0,
678340.0,
678360.0,
678380.0,
678400.0,
678420.0,
678440.0,
678460.0,
678480.0,
678500.0,
678520.0,
678540.0,
678560.0,
678580.0,
678600.0,
678620.0,
678640.0,
678660.0,
678680.0,
678700.0,
678720.0,
678740.0,
678760.0,
678780.0,
678800.0,
678820.0,
678840.0,
678860.0,
678880.0,
678900.0,
678920.0,
678940.0,
678960.0,
678980.0,1216.0796683446604
679000.0,1315.395675671825
679020.0,1419.4858201625236
679040.0,1498.7640660040088
679060.0,1545.6464451989737
679080.0,1556.5826576051834
679100.0,1531.5123310984122
679120.0,1473.5804613460552
679140.0,1389.195341695018
679160.0,1287.959566620611
679180.0,1181.8250385106453
679200.0,1083.030228177934
679220.0,1000.7889177421997
679240.0,939.1713088491558
679260.0,897.3429286106841
679280.0,872.1996419414043
679300.0,
679320.0,
679340.0,
679360.0,
679380.0,
679400.0,
679420.0,
679440.0,
679460.0,
679480.0,
679500.0,
679520.0,
679540.0,
679560.0,
679580.0,
679600.0,
679620.0,
679640.0,
679660.0,
679680.0,
679700.0,
679720.0,
679740.0,
679760.0,
679780.0,
679800.0,
679820.0,
679840.0,
679860.0,
679880.0,
679900.0,
679920.0,
679940.0,
679960.0,
679980.0,
680000.0,
680020.0,
680040.0,
680060.0,
680080.0,
680100.0,
680120.0,
680140.0,
680160.0,
680180.0,
680200.0,
680220.0,
680240.0,
680260.0,
680280.0,
680300.0,
680320.0,
680340.0,
680360.0,
680380.0,
680400.0,
680420.0,
680440.0,
680460.0,
680480.0,
680500.0,
680520.0,
680540.0,
680560.0,
680580.0,
680600.0,
680620.0,
680640.0,
680660.0,
680680.0,
680700.0,
680720.0,
680740.0,
680760.0,
680780.0,
680800.0,
680820.0,
680840.0,
680860.0,
680880.0,
680900.0,
680920.0,
680940.0,
680960.0,
680980.0,
681000.0,
681020.0,
681040.0,
681060.0,
681080.0,
681100.0,
681120.0,
681140.0,
681160.0,
681180.0,
681200.0,
681220.0,
681240.0,
681260.0,
681280.0,
681300.0,
681320.0,
681340.0,
681360.0,
681380.0,
681400.0,
681420.0,
681440.0,
681460.0,
681480.0,
681500.0,
681520.0,
681540.0,
681560.0,
681580.0,
681600.0,
681620.0,
681640.0,
681660.0,
681680.0,
681700.0,
681720.0,
681740.0,
681760.0,
681780.0,
681800.0,
681820.0,
681840.0,
681860.0,
681880.0,
681900.0,
681920.0,
681940.0,
681960.0,
681980.0,
682000.0,
682020.0,
682040.0,
682060.0,
682080.0,
682100.0,
682120.0,
682140.0,
682160.0,
682180.0,
682200.0,
682220.0,
682240.0,
682260.0,
682280.0,
682300.0,
682320.0,
682340.0,
682360.0,
682380.0,
682400.0,
682420.0,
682440.0,
682460.0,
682480.0,
682500.0,
682520.0,
682540.0,
682560.0,
682580.0,
682600.0,
682620.0,
682640.0,
682660.0,
682680.0,
682700.0,
682720.0,
682740.0,
682760.0,
682780.0,
682800.0,
682820.0,
682840.0,
682860.0,
682880.0,
682900.0,
682920.0,
682940.0,
682960.0,
682980.0,
683000.0,
683020.0,
683040.0,
683060.0,
683080.0,
683100.0,
683120.0,
683140.0,
683160.0,
683180.0,
683200.0,
683220.0,
683240.0,
683260.0,
683280.0,
683300.0,
683320.0,
683340.0,
683360.0,
683380.0,
683400.0,
683420.0,
683440.0,
683460.0,
683480.0,
683500.0,
683520.0,
683540.0,
683560.0,
683580.0,
683600.0,
683620.0,
683640.0,
683660.0,
683680.0,
683700.0,
683720.0,
683740.0,
683760.0,
683780.0,
683800.0,
683820.0,
683840.0,
683860.0,
683880.0,
683900.0,
683920.0,
683940.0,
683960.0,
683980.0,
684000.0,
684020.0,
684040.0,
684060.0,
684080.0,
684100.0,
684120.0,
684140.0,
684160.0,
684180.0,
684200.0,
684220.0,
684240.0,
684260.0,
684280.0,
684300.0,
684320.0,
684340.0,
684360.0,
684380.0,
684400.0,
684420.0,
684440.0,
684460.0,
684480.0,
684500.0,
684520.0,
684540.0,
684560.0,
684580.0,
684600.0,
684620.0,
684640.0,
684660.0,
684680.0,
684700.0,
684720.0,
684740.0,
684760.0,
684780.0,
684800.0,
684820.0,
684840.0,
684860.0,
684880.0,
684900.0,
684920.0,
684940.0,
684960.0,
684980.0,
685000.0,
685020.0,
685040.0,
685060.0,
685080.0,
685100.0,
685120.0,
685140.0,
685160.0,
685180.0,
685200.0,
685220.0,
685240.0,
685260.0,
685280.0,
685300.0,
685320.0,
685340.0,
685360.0,
685380.0,
685400.0,
685420.0,
685440.0,
685460.0,
685480.0,
685500.0,
685520.0,
685540.0,
685560.0,
685580.0,
685600.0,
685620.0,
685640.0,
685660.0,
685680.0,
685700.0,
685720.0,
685740.0,
685760.0,
685780.0,
685800.0,
685820.0,
685840.0,
685860.0,
685880.0,
685900.0,
685920.0,
685940.0,
685960.0,
685980.0,
686000.0,
686020.0,
686040.0,
686060.0,
686080.0,
686100.0,
686120.0,
686140.0,
686160.0,
686180.0,
686200.0,
686220.0,
686240.0,
686260.0,
686280.0,
686300.0,
686320.0,
686340.0,
686360.0,
686380.0,
686400.0,
686420.0,
686440.0,
686460.0,
686480.0,
686500.0,
686520.0,
686540.0,
686560.0,
686580.0,
686600.0,
686620.0,
686640.0,
686660.0,
686680.0,
686700.0,
686720.0,
686740.0,
686760.0,
686780.0,
686800.0,
686820.0,
686840.0,
686860.0,
686880.0,
686900.0,
686920.0,
686940.0,
686960.0,
686980.0,
687000.0,
687020.0,
687040.0,
687060.0,
687080.0,
687100.0,
687120.0,
687140.0,
687160.0,
687180.0,
687200.0,
687220.0,
687240.0,
687260.0,
687280.0,
687300.0,
687320.0,
687340.0,
687360.0,
687380.0,
687400.0,
687420.0,
687440.0,
687460.0,
687480.0,
687500.0,
687520.0,
687540.0,
687560.0,
687580.0,
687600.0,
687620.0,
687640.0,
687660.0,
687680.0,
687700.0,
687720.0,
687740.0,
687760.0,
687780.0,
687800.0,
687820.0,
687840.0,
687860.0,
687880.0,
687900.0,
687920.0,
687940.0,
687960.0,
687980.0,
688000.0,
688020.0,
688040.0,
688060.0,
688080.0,
688100.0,
688120.0,
688140.0,
688160.0,
688180.0,
688200.0,
688220.0,
688240.0,
688260.0,
688280.0,
688300.0,
688320.0,
688340.0,
688360.0,
688380.0,
688400.0,
688420.0,
688440.0,
688460.0,
688480.0,
688500.0,
688520.0,
688540.0,
688560.0,
688580.0,
688600.0,
688620.0,
688640.0,
688660.0,
688680.0,
688700.0,
688720.0,
688740.0,
688760.0,
688780.0,
688800.0,
688820.0,
688840.0,
688860.0,
688880.0,
688900.0,
688920.0,
688940.0,
688960.0,
688980.0,
689000.0,
689020.0,
689040.0,
689060.0,
689080.0,
689100.0,
689120.0,
689140.0,
689160.0,
689180.0,
689200.0,
689220.0,
689240.0,
689260.0,
689280.0,
689300.0,
689320.0,
689340.0,
689360.0,
689380.0,
689400.0,
689420.0,
689440.0,
689460.0,
689480.0,
689500.0,
689520.0,
689540.0,
689560.0,
689580.0,
689600.0,
689620.0,
689640.0,
689660.0,
689680.0,
689700.0,
689720.0,
689740.0,
689760.0,
689780.0,
689800.0,
689820.0,
689840.0,
689860.0,
689880.0,
689900.0,
689920.0,
689940.0,
689960.0,
689980.0,
690000.0,
690020.0,
690040.0,
690060.0,
690080.0,
690100.0,
690120.0,
690140.0,
690160.0,
690180.0,
690200.0,
690220.0,
690240.0,
690260.0,
690280.0,
690300.0,
690320.0,
690340.0,
690360.0,
690380.0,
690400.0,
690420.0,
690440.0,
690460.0,
690480.0,
690500.0,
690520.0,
690540.0,
690560.0,
690580.0,
690600.0,
690620.0,
690640.0,
690660.0,
690680.0,
690700.0,
690720.0,
690740.0,
690760.0,
690780.0,
690800.0,
690820.0,
690840.0,
690860.0,
690880.0,
690900.0,
690920.0,
690940.0,
690960.0,
690980.0,
691000.0,
691020.0,
691040.0,
691060.0,
691080.0,
691100.0,
691120.0,
691140.0,
691160.0,
691180.0,
691200.0,
691220.0,
691240.0,
691260.0,
691280.0,
691300.0,
691320.0,
691340.0,
691360.0,
691380.0,
691400.0,
691420.0,
691440.0,
691460.0,
691480.0,
691500.0,
691520.0,
691540.0,
691560.0,
691580.0,
691600.0,
691620.0,
691640.0,
691660.0,
691680.0,
691700.0,
691720.0,
691740.0,
691760.0,
691780.0,
691800.0,
691820.0,
691840.0,
691860.0,
691880.0,
691900.0,
691920.0,
691940.0,
691960.0,
691980.0,
692000.0,
692020.0,
692040.0,
692060.0,
692080.0,
692100.0,
692120.0,
692140.0,
692160.0,
692180.0,
692200.0,
692220.0,
692240.0,
692260.0,
692280.0,
692300.0,
692320.0,
692340.0,
692360.0,
692380.0,
692400.0,
692420.0,
692440.0,
692460.0,
692480.0,
692500.0,
692520.0,
692540.0,
692560.0,
692580.0,
692600.0,
692620.0,
692640.0,
692660.0,
692680.0,
692700.0,
692720.0,
692740.0,
692760.0,
692780.0,
692800.0,
692820.0,
692840.0,
692860.0,
692880.0,
692900.0,
692920.0,
692940.0,
692960.0,
692980.0,
693000.0,
693020.0,
693040.0,
693060.0,
693080.0,
693100.0,
693120.0,
693140.0,
693160.0,
693180.0,
693200.0,
693220.0,
693240.0,
693260.0,
693280.0,
693300.0,
693320.0,
693340.0,
693360.0,
693380.0,
693400.0,
693420.0,
693440.0,1367.0904564052507
693460.0,1403.3986003042323
693480.0,1435.253125913872
693500.0,1445.7098438225005
693520.0,1433.5585612424743
693540.0,1405.1265888178684
693560.0,1372.7809604198114
693580.0,1350.7859989580909
693600.0,1351.0043906063495
693620.0,1379.2351667421017
693640.0,1433.3235872982546
693660.0,1503.6184020432227
693680.0,1575.5869846484493
693700.0,1633.3603038309486
693720.0,1663.724309173224
693740.0,1659.7986293805238
693760.0,1622.6292275931123
693780.0,1560.1169934344166
693800.0,1483.972467076363
693820.0,1406.1684726257324
693840.0,1336.437370859688
693860.0,1281.2228608130793
693880.0,1243.3367371693391
693900.0,1222.2338413539253
693920.0,1215.0086625542267
693940.0,1217.6275698710888
693960.0,1225.9882151610768
693980.0,1236.6291200191395
694000.0,1247.0782459014117
694020.0,1255.9003285962822
694040.0,1262.5395609388386
694060.0,1267.0595101995125
694080.0,1269.8650993902465
694100.0,1271.4738691626865
694120.0,1272.3662827098128
694140.0,1272.906789547806
694160.0,1273.3202132779481
694180.0,1273.6975670231932
694200.0,1274.0117884067613
694220.0,1274.141701938403
694240.0,1273.8962415457186
694260.0,1273.0263293392725
694280.0,1271.235543575685
694300.0,1268.2048647664465
694320.0,1263.6331364794264
694340.0,1257.284466941164
694360.0,1249.035921783969
694380.0,1238.9115920152487
694400.0,1227.0871272451202
694420.0,1213.8619630195763
694440.0,1199.6186936491902
694460.0,1184.7884105770408
694480.0,1169.8340548818342
694500.0,1155.2409797101338
694520.0,1141.4980963608534
694540.0,1129.0589793075262
694560.0,1118.2936152286622
694580.0,1109.4354327694164
694600.0,1102.5233599720186
694620.0,1097.3376576492642
694640.0,1093.3299832059356
694660.0,1089.5639349651897
694680.0,1084.702991245657
694700.0,1077.0932179125834
694720.0,1064.9841252943663
694740.0,1046.907317628343
694760.0,1022.1850459289932
694780.0,991.4458911881254
694800.0,960.4530778069369
694820.0,
694840.0,
694860.0,
694880.0,
694900.0,
694920.0,
694940.0,
694960.0,
694980.0,
695000.0,
695020.0,
695040.0,
695060.0,
695080.0,
695100.0,
695120.0,
695140.0,
695160.0,
695180.0,
695200.0,
695220.0,
695240.0,
695260.0,
695280.0,
695300.0,
695320.0,
695340.0,
695360.0,
695380.0,
695400.0,
695420.0,
695440.0,
695460.0,
695480.0,
695500.0,
695520.0,
695540.0,
695560.0,
695580.0,
695600.0,
695620.0,
695640.0,
695660.0,
695680.0,
695700.0,
695720.0,
695740.0,
695760.0,
695780.0,
695800.0,
695820.0,
695840.0,
695860.0,
695880.0,
695900.0,
695920.0,
695940.0,
695960.0,
695980.0,
696000.0,
696020.0,
696040.0,
696060.0,
696080.0,
696100.0,
696120.0,
696140.0,
696160.0,
696180.0,
696200.0,
696220.0,
696240.0,
696260.0,
696280.0,
696300.0,
696320.0,
696340.0,
696360.0,
696380.0,
696400.0,
696420.0,
696440.0,
696460.0,
696480.0,
696500.0,
696520.0,
696540.0,
696560.0,
696580.0,
696600.0,
696620.0,
696640.0,
696660.0,
696680.0,
696700.0,
696720.0,
696740.0,
696760.0,
696780.0,
696800.0,
696820.0,
696840.0,
696860.0,
696880.0,
696900.0,
696920.0,
696940.0,
696960.0,
696980.0,
697000.0,
697020.0,
697040.0,
697060.0,
697080.0,
697100.0,
697120.0,
697140.0,
697160.0,
697180.0,
697200.0,
697220.0,
697240.0,
697260.0,
697280.0,
697300.0,
697320.0,
697340.0,
697360.0,
697380.0,
697400.0,1057.283209029274
697420.0,1081.9058535839558
697440.0,1113.8134349593092
697460.0,1140.1293179551471
697480.0,1158.6036579597471
697500.0,1166.1832793707308
697520.0,1160.593770319696
697540.0,1142.8643465105952
697560.0,1117.636372716479
697580.0,1090.7858347692215
697600.0,1067.076769644515
697620.0,1049.1170505129512
697640.0,1037.3468931369741
697660.0,1030.6238962657637
697680.0,1027.0635874998213
697700.0,1024.844909003867
697720.0,1022.6226981415772
697740.0,1019.5261101371088
697760.0,1015.0209399795116
697780.0,1008.7574766293341
697800.0,1000.4636209444164
697820.0,989.9270545354206
697840.0,977.0938450258564
697860.0,962.3083723369227
697880.0,946.6705017544442
697900.0,932.399415229932
697920.0,923.0574374944754
697940.0,923.4733081289647
697960.0,939.1973635322847
697980.0,975.4036826139461
698000.0,1035.3345993963464
698020.0,1118.5867496488204
698040.0,1219.8139336630388
698060.0,1328.8000875882713
698080.0,1408.4579433386787
698100.0,
698120.0,
698140.0,
698160.0,
698180.0,
698200.0,
698220.0,
698240.0,
698260.0,
698280.0,
698300.0,
698320.0,
698340.0,
698360.0,
698380.0,
698400.0,
698420.0,
698440.0,
698460.0,
698480.0,
698500.0,
698520.0,
698540.0,
698560.0,
698580.0,
698600.0,
698620.0,
698640.0,
698660.0,
698680.0,
698700.0,
698720.0,
698740.0,
698760.0,
698780.0,
698800.0,
698820.0,
698840.0,
698860.0,
698880.0,
698900.0,
698920.0,
698940.0,
698960.0,
698980.0,
699000.0,
699020.0,
699040.0,
699060.0,
699080.0,
699100.0,
699120.0,
699140.0,
699160.0,
699180.0,
699200.0,
699220.0,
699240.0,
699260.0,
699280.0,
699300.0,
699320.0,
699340.0,
699360.0,
699380.0,
699400.0,
699420.0,
699440.0,
699460.0,
699480.0,
699500.0,
699520.0,
699540.0,
699560.0,
699580.0,
699600.0,
699620.0,
699640.0,
699660.0,
699680.0,
699700.0,
699720.0,
699740.0,
699760.0,
699780.0,
699800.0,
699820.0,
699840.0,
699860.0,
699880.0,
699900.0,
699920.0,
699940.0,
699960.0,
699980.0,
700000.0,
700020.0,
700040.0,
700060.0,
700080.0,
700100.0,
700120.0,
700140.0,
700160.0,
700180.0,
700200.0,
700220.0,
700240.0,
700260.0,
700280.0,
700300.0,
700320.0,
700340.0,
700360.0,
700380.0,
700400.0,
700420.0,
700440.0,
700460.0,
700480.0,
700500.0,
700520.0,
700540.0,
700560.0,
700580.0,
700600.0,
700620.0,
700640.0,
700660.0,
700680.0,
700700.0,
700720.0,
700740.0,
700760.0,
700780.0,
700800.0,
700820.0,
700840.0,
700860.0,
700880.0,
700900.0,
700920.0,
700940.0,
700960.0,
700980.0,
701000.0,
701020.0,
701040.0,
701060.0,
701080.0,
701100.0,
701120.0,
701140.0,
701160.0,
701180.0,
701200.0,
701220.0,
701240.0,
701260.0,
701280.0,
701300.0,
701320.0,
701340.0,
701360.0,
701380.0,
701400.0,
701420.0,
701440.0,
701460.0,
701480.0,
701500.0,
701520.0,
701540.0,
701560.0,
701580.0,
701600.0,
701620.0,
701640.0,
701660.0,
701680.0,
701700.0,
701720.0,
701740.0,
701760.0,
701780.0,
701800.0,
701820.0,
701840.0,
701860.0,
701880.0,
701900.0,
701920.0,
701940.0,
701960.0,
701980.0,
702000.0,
702020.0,
702040.0,
702060.0,
702080.0,
702100.0,
702120.0,
702140.0,
702160.0,
702180.0,
702200.0,
702220.0,
702240.0,
702260.0,
702280.0,
702300.0,
702320.0,
702340.0,
702360.0,
702380.0,
702400.0,
702420.0,
702440.0,
702460.0,
702480.0,
702500.0,
702520.0,
702540.0,
702560.0,
702580.0,
702600.0,
702620.0,
702640.0,
702660.0,
702680.0,
702700.0,
702720.0,
702740.0,
702760.0,
702780.0,
702800.0,
702820.0,
702840.0,
702860.0,
702880.0,
702900.0,
702920.0,
702940.0,
702960.0,
702980.0,
703000.0,
703020.0,
703040.0,
703060.0,
703080.0,
703100.0,
703120.0,
703140.0,
703160.0,
703180.0,
703200.0,
703220.0,
703240.0,
703260.0,
703280.0,
703300.0,
703320.0,
703340.0,
703360.0,
703380.0,
703400.0,
703420.0,
703440.0,
703460.0,
703480.0,
703500.0,
703520.0,
703540.0,
703560.0,
703580.0,
703600.0,
703620.0,
703640.0,
703660.0,
703680.0,
703700.0,
703720.0,
703740.0,
703760.0,
703780.0,
703800.0,
703820.0,
703840.0,
703860.0,
703880.0,
703900.0,
703920.0,
703940.0,
703960.0,
703980.0,
704000.0,
704020.0,
704040.0,
704060.0,
704080.0,
704100.0,
704120.0,
704140.0,
704160.0,
704180.0,
704200.0,
704220.0,
704240.0,
704260.0,
704280.0,
704300.0,
704320.0,
704340.0,
704360.0,
704380.0,
704400.0,
704420.0,
704440.0,
704460.0,
704480.0,
704500.0,
704520.0,
704540.0,
704560.0,
704580.0,
704600.0,
704620.0,
704640.0,
704660.0,
704680.0,
704700.0,
704720.0,
704740.0,
704760.0,
704780.0,
704800.0,
704820.0,
704840.0,
704860.0,
704880.0,
704900.0,
704920.0,
704940.0,
704960.0,
704980.0,
705000.0,
705020.0,
705040.0,
705060.0,
705080.0,
705100.0,
705120.0,
705140.0,
705160.0,
705180.0,
705200.0,
705220.0,
705240.0,
705260.0,
705280.0,
705300.0,
705320.0,
705340.0,
705360.0,
705380.0,
705400.0,
705420.0,
705440.0,
705460.0,
705480.0,
705500.0,
705520.0,
705540.0,
705560.0,
705580.0,
705600.0,
705620.0,
705640.0,
705660.0,
705680.0,
705700.0,
705720.0,
705740.0,
705760.0,
705780.0,
705800.0,
705820.0,
705840.0,
705860.0,
705880.0,
705900.0,
705920.0,
705940.0,
705960.0,
705980.0,
706000.0,
706020.0,
706040.0,
706060.0,
706080.0,
706100.0,1344.095405482061
706120.0,1288.3827315324343
706140.0,1229.7061315136375
706160.0,1191.5888277532422
706180.0,1176.6349780892494
706200.0,1179.984562592322
706220.0,
706240.0,
706260.0,
706280.0,
706300.0,
706320.0,
706340.0,
706360.0,
706380.0,
706400.0,
706420.0,
706440.0,
706460.0,
706480.0,
706500.0,
706520.0,
706540.0,
706560.0,
706580.0,
706600.0,
706620.0,
706640.0,
706660.0,
706680.0,
706700.0,
706720.0,
706740.0,
706760.0,
706780.0,
706800.0,
706820.0,
706840.0,
706860.0,
706880.0,
706900.0,
706920.0,
706940.0,
706960.0,
706980.0,
707000.0,
707020.0,
707040.0,
707060.0,
707080.0,
707100.0,
707120.0,
707140.0,
707160.0,
707180.0,
707200.0,
707220.0,
707240.0,
707260.0,
707280.0,
707300.0,
707320.0,
707340.0,
707360.0,
707380.0,
707400.0,
707420.0,
707440.0,
707460.0,
707480.0,
707500.0,
707520.0,
707540.0,
707560.0,
707580.0,
707600.0,
707620.0,
707640.0,
707660.0,
707680.0,
707700.0,
707720.0,
707740.0,
707760.0,
707780.0,
707800.0,
707820.0,
707840.0,
707860.0,
707880.0,
707900.0,
707920.0,
707940.0,
707960.0,
707980.0,
708000.0,
708020.0,
708040.0,
708060.0,
708080.0,
708100.0,
708120.0,
708140.0,
708160.0,
708180.0,
708200.0,
708220.0,
708240.0,
708260.0,
708280.0,
708300.0,
708320.0,
708340.0,
708360.0,
708380.0,
708400.0,
708420.0,
708440.0,
708460.0,
708480.0,
708500.0,
708520.0,
708540.0,
708560.0,
708580.0,
708600.0,
708620.0,
708640.0,
708660.0,
708680.0,
708700.0,
708720.0,
708740.0,
708760.0,
708780.0,
708800.0,
708820.0,
708840.0,
708860.0,
708880.0,
708900.0,
708920.0,
708940.0,
708960.0,
708980.0,
709000.0,
709020.0,
709040.0,
709060.0,
709080.0,
709100.0,
709120.0,
709140.0,
709160.0,
709180.0,
709200.0,
709220.0,
709240.0,
709260.0,
709280.0,
709300.0,
709320.0,
709340.0,
709360.0,
709380.0,
709400.0,
709420.0,
709440.0,
709460.0,
709480.0,
709500.0,
709520.0,
709540.0,
709560.0,
709580.0,
709600.0,
709620.0,
709640.0,
709660.0,
709680.0,
709700.0,
709720.0,
709740.0,
709760.0,
709780.0,
709800.0,
709820.0,
709840.0,
709860.0,
709880.0,
709900.0,
709920.0,
709940.0,
709960.0,
709980.0,
710000.0,
710020.0,
710040.0,
710060.0,
710080.0,
710100.0,
710120.0,
710140.0,
710160.0,
710180.0,
710200.0,
710220.0,
710240.0,
710260.0,
710280.0,
710300.0,
710320.0,
710340.0,
710360.0,
710380.0,
710400.0,
710420.0,
710440.0,
710460.0,
710480.0,
710500.0,
710520.0,
710540.0,
710560.0,
710580.0,
710600.0,
710620.0,
710640.0,
710660.0,
710680.0,
710700.0,
710720.0,
710740.0,
710760.0,
710780.0,
710800.0,
710820.0,
710840.0,
710860.0,
710880.0,
710900.0,
710920.0,
710940.0,
710960.0,
710980.0,
711000.0,
711020.0,
711040.0,
711060.0,
711080.0,
711100.0,
711120.0,
711140.0,
711160.0,
711180.0,
711200.0,
711220.0,
711240.0,
711260.0,
711280.0,
711300.0,
711320.0,
711340.0,
711360.0,
711380.0,
711400.0,
711420.0,
711440.0,
711460.0,
711480.0,
711500.0,
711520.0,
711540.0,
711560.0,
711580.0,
711600.0,
711620.0,
711640.0,
711660.0,
711680.0,
711700.0,
711720.0,
711740.0,
711760.0,
711780.0,
711800.0,
711820.0,
711840.0,
711860.0,
711880.0,
711900.0,
711920.0,
711940.0,
711960.0,
711980.0,
712000.0,
712020.0,
712040.0,
712060.0,
712080.0,
712100.0,
712120.0,
712140.0,
712160.0,
712180.0,
712200.0,
712220.0,
712240.0,
712260.0,
712280.0,
712300.0,
712320.0,
712340.0,
712360.0,1298.2709353568723
712380.0,1196.158882830594
712400.0,1092.4276598452634
712420.0,1008.1273409578458
712440.0,947.3818863999473
712460.0,909.1709718720655
712480.0,888.9789963079429
712500.0,880.8088898361457
712520.0,879.0152505770299
712540.0,879.6791586404368
712560.0,881.4160883406032
712580.0,885.5952123024545
712600.0,895.9950041570467
712620.0,917.9282520443088
712640.0,956.8935828780029
712660.0,1016.8955673849948
712680.0,1098.7400538720026
712700.0,1198.841867293833
712720.0,1309.0831179592906
712740.0,1418.1982181116875
712760.0,1514.3796749408252
712780.0,1588.1186898930257
712800.0,1634.0700586393682
712820.0,1651.3061805803725
712840.0,1642.6724438391889
712860.0,1613.9150372315285
712880.0,1572.829172119537
712900.0,1528.226569473736
712920.0,1488.2545058367127
712940.0,1458.570348217408
712960.0,1441.6073270306138
712980.0,1436.9751956108312
713000.0,1442.4095836892961
713020.0,1454.8064593384847
713040.0,1471.0690867261183
713060.0,1488.653953950225
713080.0,1505.8145736777083
713100.0,1521.606724071359
713120.0,1535.743298399058
713140.0,1548.3833617975965
713160.0,1559.9206094958033
713180.0,1570.8115208612562
713200.0,1581.4603073696164
713220.0,1592.1602092800301
713240.0,1603.0800506766632
713260.0,1614.2806019654151
713280.0,1625.7456164662412
713300.0,1637.4155169152489
713320.0,1649.2159243290916
713340.0,1661.07731351324
713360.0,1672.9453260975545
713380.0,1684.7833982527288
713400.0,1696.5704064081924
713420.0,1708.2962138017222
713440.0,1719.9575804335823
713460.0,1731.5561196220594
713480.0,1743.0990246810572
713500.0,1754.6022689302881
713520.0,1766.0949909419426
713540.0,1777.6229147792092
713560.0,1789.2480685407634
713580.0,1801.0419623467515
713600.0,1813.0700215797228
713620.0,1825.366679193823
713640.0,1837.9032295865716
713660.0,1850.5541995545798
713680.0,1863.0720694366205
713700.0,1875.08365450455
713720.0,1886.1228051174814
713740.0,1895.711422478164
713760.0,1903.4922347272216
713780.0,1909.4010319173983
713800.0,1913.84313597713
713820.0,1917.8108935372202
713840.0,1922.850671650744
713860.0,1930.766544770448
713880.0,1942.9424809697484
713900.0,1959.2159136466762
713920.0,1976.772950260989
713940.0,1989.9449294853341
713960.0,1990.6748089122448
713980.0,1970.142474515428
714000.0,1921.2119158219589
714020.0,1840.9100726686368
714040.0,1732.528573422119
714060.0,1606.5134843284445
714080.0,1478.459272741492
714100.0,1363.9333397981982
714120.0,1273.6510013904185
714140.0,1211.7641396138315
714160.0,1176.6623645131183
714180.0,1162.969976755843
714200.0,1163.7521087572509
714220.0,1172.3058028453713
714240.0,1183.2671099790682
714260.0,1193.072267949265
714280.0,1199.9232134190138
714300.0,1203.4287348522744
714320.0,1204.109121807421
714340.0,1202.9194153782105
714360.0,1200.8787757348641
714380.0,1198.8350245405345
714400.0,1197.35351316506
714420.0,1196.7047260876257
714440.0,1196.912021692887
714460.0,1197.8198237369124
714480.0,1199.1598724342944
714500.0,1200.6150975657215
714520.0,1201.8754103348965
714540.0,1202.6746841637628
714560.0,1202.816264240279
714580.0,1202.2007663135953
714600.0,1200.8417214026258
714620.0,1198.8519755338782
714640.0,1196.4134441879203
714660.0,1193.7444005213895
714680.0,1191.0681399809778
714700.0,1188.5871964585217
714720.0,1186.464392198644
714740.0,1184.811122880814
714760.0,1183.6865522313742
714780.0,1183.100058092588
714800.0,1183.0063432606516
714820.0,1183.3065141976028
714840.0,1183.877430592167
714860.0,1184.6118705883223
714880.0,1185.433217887991
714900.0,1186.284393524244
714920.0,1187.1111537273703
714940.0,1187.8518281030729
714960.0,1188.4428163865525
714980.0,1188.8342850798722
715000.0,1189.0053257614559
715020.0,1188.9678403072248
715040.0,1188.758851191789
715060.0,1188.428217803185
715080.0,1188.0270097373827
715100.0,1187.5990895350633
715120.0,1187.1764982455456
715140.0,1186.7780683167437
715160.0,1186.4102087088863
715180.0,1186.068839117153
715200.0,1185.741789397723
715220.0,1185.4114308692338
715240.0,1185.0577006901324
715260.0,1184.661889354997
715280.0,1184.2114980044566
715300.0,1183.7061005269964
715320.0,1183.1634915530124
715340.0,1182.624569744056
715360.0,1182.154592288942
715380.0,1181.8379301689413
715400.0,1181.763612651222
715420.0,1182.0001402589878
715440.0,1182.5605390775577
715460.0,1183.3624570930135
715480.0,1184.1928941669742
715500.0,1184.6919956173238
715520.0,1184.3737046595731
715540.0,1182.7009302269257
715560.0,1179.2270240244595
715580.0,1173.8019595793066
715600.0,1166.820113415721
715620.0,1159.458688220115
715640.0,1153.8265475561261
715660.0,1152.9213004844696
715680.0,1160.290152657239
715700.0,1179.3215842479435
715720.0,1212.1734622641277
715740.0,1258.4761125726734
715760.0,1314.1321096202596
715780.0,1370.7463151330815
715800.0,1416.4190756837356
715820.0,1438.766331865684
715840.0,1430.2273314361814
715860.0,1392.3700665444924
715880.0,1335.2318020930502
715900.0,1272.1214950798199
715920.0,1214.5853212091156
715940.0,1169.9988919533994
715960.0,1141.2458869988498
715980.0,1127.5779432447318
716000.0,1125.9410256403823
716020.0,1132.2876481987232
716040.0,1142.615502117979
716060.0,1153.6364656481478
716080.0,1163.1115322121882
716100.0,1169.93921954097
716120.0,1174.0485283343219
716140.0,1176.1303015302005
716160.0,1177.3101905887172
716180.0,1178.845050610078
716200.0,1181.8939845119558
716220.0,1187.3644317865862
716240.0,1195.8122858040977
716260.0,1207.3808429753492
716280.0,1221.8103574474774
716300.0,1238.5464073888368
716320.0,1256.8998134384326
716340.0,1276.1948732790465
716360.0,1295.8721784083082
716380.0,1315.5383340509068
716400.0,1334.970581754648
716420.0,1354.0911744056716
716440.0,1372.9268715682397
716460.0,1391.5657404617666
716480.0,1410.1188446902781
716500.0,1428.6900550272435
716520.0,1447.3541337217405
716540.0,1466.1418303118503
716560.0,1485.0309005062802
716580.0,1503.9432791274862
716600.0,1522.7504171911523
716620.0,1541.290201691397
716640.0,1559.3990469026946
716660.0,1576.9609104170627
716680.0,1593.9706658617483
716700.0,1610.6025025662368
716720.0,1627.26564630393
716740.0,1644.6215153594555
716760.0,1663.5312850612954
716780.0,1684.9043677890963
716800.0,1709.4303108203044
716820.0,1737.2018909906878
716840.0,1767.276045665079
716860.0,1797.2677308495095
716880.0,1823.1199528572222
716900.0,1839.2244938715594
716920.0,1839.0596864219801
716940.0,1816.438428516173
716960.0,1767.2985364079734
716980.0,1691.706135489509
717000.0,1595.3823207377231
717020.0,1489.6206357930546
717040.0,1388.420064152475
717060.0,1303.8350289958769
717080.0,1242.7785126230679
717100.0,1206.4526022750474
717120.0,1195.1794562626044
717140.0,
717160.0,
717180.0,
717200.0,
717220.0,
717240.0,
717260.0,
717280.0,
717300.0,
717320.0,
717340.0,
717360.0,
717380.0,
717400.0,
717420.0,
717440.0,
717460.0,
717480.0,
717500.0,
717520.0,
717540.0,
717560.0,
717580.0,
717600.0,
717620.0,
717640.0,
717660.0,
717680.0,
717700.0,
717720.0,
717740.0,
717760.0,
717780.0,
717800.0,
717820.0,
717840.0,
717860.0,
717880.0,
717900.0,
717920.0,
717940.0,
717960.0,
717980.0,
718000.0,
718020.0,
718040.0,
718060.0,
718080.0,
718100.0,
718120.0,
718140.0,
718160.0,
718180.0,
718200.0,
718220.0,
718240.0,
718260.0,
718280.0,
718300.0,
718320.0,
718340.0,
718360.0,
718380.0,
718400.0,
718420.0,
718440.0,
718460.0,
718480.0,
718500.0,
718520.0,
718540.0,
718560.0,
718580.0,
718600.0,
718620.0,
718640.0,
718660.0,
718680.0,
718700.0,
718720.0,
718740.0,
718760.0,
718780.0,
718800.0,
718820.0,
718840.0,
718860.0,
718880.0,
718900.0,
718920.0,
718940.0,
718960.0,
718980.0,
719000.0,
719020.0,
719040.0,
719060.0,
719080.0,
719100.0,
719120.0,
719140.0,
719160.0,
719180.0,
719200.0,
719220.0,
719240.0,
719260.0,
719280.0,
719300.0,
719320.0,
719340.0,
719360.0,
719380.0,
719400.0,
719420.0,
719440.0,
719460.0,
719480.0,
719500.0,
719520.0,
719540.0,
719560.0,
719580.0,
719600.0,
719620.0,
719640.0,
719660.0,
719680.0,
719700.0,
719720.0,
719740.0,
719760.0,
719780.0,
719800.0,
719820.0,
719840.0,
719860.0,
719880.0,
719900.0,
719920.0,
719940.0,
719960.0,
719980.0,
720000.0,
720020.0,
720040.0,
720060.0,
720080.0,
720100.0,
720120.0,
720140.0,
720160.0,
720180.0,
720200.0,
720220.0,
720240.0,
720260.0,
720280.0,
720300.0,
720320.0,
720340.0,
720360.0,
720380.0,
720400.0,
720420.0,
720440.0,
720460.0,
720480.0,
720500.0,
720520.0,
720540.0,
720560.0,
720580.0,
720600.0,
720620.0,
720640.0,
720660.0,
720680.0,
720700.0,
720720.0,
720740.0,
720760.0,
720780.0,
720800.0,
720820.0,
720840.0,
720860.0,
720880.0,
720900.0,
720920.0,
720940.0,
720960.0,
720980.0,
721000.0,
721020.0,
721040.0,
721060.0,
721080.0,
721100.0,
721120.0,
721140.0,
721160.0,
721180.0,
721200.0,
721220.0,
721240.0,
721260.0,
721280.0,
721300.0,
721320.0,
721340.0,
721360.0,
721380.0,
721400.0,
721420.0,
721440.0,
721460.0,
721480.0,
721500.0,
721520.0,
721540.0,
721560.0,
721580.0,
721600.0,
721620.0,
721640.0,
721660.0,
721680.0,
721700.0,
721720.0,
721740.0,
721760.0,
721780.0,
721800.0,
721820.0,
721840.0,
721860.0,
721880.0,
721900.0,
721920.0,
721940.0,
721960.0,
721980.0,
722000.0,
722020.0,
722040.0,
722060.0,
722080.0,
722100.0,
722120.0,
722140.0,
722160.0,
722180.0,
722200.0,
722220.0,
722240.0,
722260.0,
722280.0,
722300.0,
722320.0,
722340.0,
722360.0,
722380.0,
722400.0,
722420.0,
722440.0,
722460.0,
722480.0,
722500.0,
722520.0,
722540.0,
722560.0,
722580.0,
722600.0,
722620.0,
722640.0,
722660.0,
722680.0,
722700.0,
722720.0,
722740.0,
722760.0,
722780.0,
722800.0,
722820.0,
722840.0,
722860.0,
722880.0,
722900.0,
722920.0,
722940.0,
722960.0,
722980.0,
723000.0,
723020.0,
723040.0,
723060.0,
723080.0,
723100.0,
723120.0,
723140.0,
723160.0,
723180.0,
723200.0,
723220.0,
723240.0,
723260.0,
723280.0,
723300.0,
723320.0,
723340.0,
723360.0,
723380.0,
723400.0,
723420.0,
723440.0,
723460.0,
723480.0,
723500.0,
723520.0,
723540.0,
723560.0,
723580.0,
723600.0,
723620.0,
723640.0,
723660.0,
723680.0,
723700.0,
723720.0,
723740.0,
723760.0,
723780.0,
723800.0,
723820.0,
723840.0,
723860.0,
723880.0,
723900.0,
723920.0,
723940.0,
723960.0,
723980.0,
724000.0,
724020.0,
724040.0,
724060.0,
724080.0,
724100.0,
724120.0,
724140.0,
724160.0,
724180.0,
724200.0,
724220.0,
724240.0,
724260.0,
724280.0,
724300.0,
724320.0,
724340.0,
724360.0,
724380.0,
724400.0,
724420.0,
724440.0,
724460.0,
724480.0,
724500.0,
724520.0,
724540.0,
724560.0,
724580.0,
724600.0,
724620.0,
724640.0,
724660.0,
724680.0,
724700.0,
724720.0,
724740.0,
724760.0,
724780.0,
724800.0,
724820.0,
724840.0,
724860.0,
724880.0,
724900.0,
724920.0,
724940.0,
724960.0,
724980.0,
725000.0,
725020.0,
725040.0,
725060.0,
725080.0,
725100.0,
725120.0,
725140.0,
725160.0,
725180.0,
725200.0,
725220.0,
725240.0,
725260.0,
725280.0,
725300.0,
725320.0,
725340.0,
725360.0,
725380.0,
725400.0,
725420.0,
725440.0,
725460.0,
725480.0,
725500.0,
725520.0,
725540.0,
725560.0,
725580.0,
725600.0,
725620.0,
725640.0,
725660.0,
725680.0,
725700.0,
725720.0,
725740.0,
725760.0,
725780.0,
725800.0,
725820.0,
725840.0,
725860.0,
725880.0,
725900.0,
725920.0,
725940.0,
725960.0,
725980.0,
726000.0,
726020.0,
726040.0,
726060.0,
726080.0,
726100.0,
726120.0,
726140.0,
726160.0,
726180.0,
726200.0,
726220.0,
726240.0,
726260.0,
726280.0,
726300.0,
726320.0,
726340.0,
726360.0,
726380.0,
726400.0,
726420.0,
726440.0,
726460.0,
726480.0,
726500.0,
726520.0,
726540.0,
726560.0,
726580.0,
726600.0,
726620.0,
726640.0,
726660.0,
726680.0,
726700.0,
726720.0,
726740.0,
726760.0,
726780.0,
726800.0,
726820.0,
726840.0,
726860.0,
726880.0,
726900.0,
726920.0,
726940.0,
726960.0,
726980.0,
727000.0,
727020.0,
727040.0,
727060.0,
727080.0,
727100.0,
727120.0,
727140.0,
727160.0,
727180.0,
727200.0,
727220.0,
727240.0,
727260.0,
727280.0,
727300.0,
727320.0,
727340.0,
727360.0,
727380.0,
727400.0,
727420.0,
727440.0,
727460.0,
727480.0,
727500.0,
727520.0,
727540.0,
727560.0,
727580.0,
727600.0,
727620.0,
727640.0,
727660.0,
727680.0,
727700.0,
727720.0,
727740.0,
727760.0,
727780.0,
727800.0,
727820.0,
727840.0,
727860.0,
727880.0,
727900.0,
727920.0,
727940.0,
727960.0,
727980.0,
728000.0,
728020.0,
728040.0,
728060.0,
728080.0,
728100.0,
728120.0,
728140.0,
728160.0,
728180.0,
728200.0,
728220.0,
728240.0,
728260.0,
728280.0,
728300.0,
728320.0,
728340.0,
728360.0,
728380.0,
728400.0,
728420.0,
728440.0,
728460.0,
728480.0,
728500.0,
728520.0,
728540.0,
728560.0,
728580.0,
728600.0,
728620.0,
728640.0,
728660.0,
728680.0,
728700.0,
728720.0,
728740.0,
728760.0,
728780.0,
728800.0,
728820.0,
728840.0,
728860.0,
728880.0,
728900.0,
728920.0,
728940.0,
728960.0,
728980.0,
729000.0,
729020.0,
729040.0,
729060.0,
729080.0,
729100.0,
729120.0,
729140.0,
729160.0,
729180.0,
729200.0,
729220.0,
729240.0,
729260.0,
729280.0,
729300.0,
729320.0,
729340.0,
729360.0,
729380.0,
729400.0,
729420.0,
729440.0,
729460.0,
729480.0,
729500.0,
729520.0,
729540.0,
729560.0,
729580.0,
729600.0,
729620.0,
729640.0,
729660.0,
729680.0,
729700.0,
729720.0,
729740.0,
729760.0,
729780.0,
729800.0,
729820.0,
729840.0,
729860.0,
729880.0,
729900.0,
729920.0,
729940.0,
729960.0,
729980.0,
730000.0,
730020.0,
730040.0,
730060.0,
730080.0,
730100.0,
730120.0,
730140.0,
730160.0,
730180.0,
730200.0,
730220.0,
730240.0,
730260.0,
730280.0,
730300.0,
730320.0,
730340.0,
730360.0,
730380.0,
730400.0,
730420.0,
730440.0,
730460.0,
730480.0,
730500.0,
730520.0,
730540.0,
730560.0,
730580.0,
730600.0,
730620.0,
730640.0,
730660.0,
730680.0,
730700.0,
730720.0,
730740.0,
730760.0,
730780.0,
730800.0,
730820.0,
730840.0,
730860.0,
730880.0,
730900.0,
730920.0,
730940.0,
730960.0,
730980.0,
731000.0,
731020.0,
731040.0,
731060.0,
731080.0,
731100.0,
731120.0,
731140.0,
731160.0,
731180.0,
731200.0,
731220.0,
731240.0,
731260.0,
731280.0,1518.4145695887344
731300.0,1545.3983750122593
731320.0,1595.7560843930994
731340.0,1642.5355808376378
731360.0,1678.889661742128
731380.0,1698.9876051835531
731400.0,1698.3507159455462
731420.0,1673.9868450603735
731440.0,1624.6857485276437
731460.0,1551.5578860083365
731480.0,1458.7485830952794
731500.0,1353.7321678250971
731520.0,1246.0702901749723
731540.0,1144.9948038401853
731560.0,1057.7088030956868
731580.0,988.5688852400048
731600.0,938.7668788235454
731620.0,906.7794440206837
731640.0,889.2993206765093
731660.0,882.3324541055878
731680.0,882.1078926902221
731700.0,885.6220961556019
731720.0,890.8054976256026
731740.0,896.3858262645836
731760.0,901.5806558641643
731780.0,905.780637289871
731800.0,908.3911107844353
731820.0,908.9663650623146
731840.0,907.7176634704456
731860.0,906.0857405353852
731880.0,906.2474196676551
731900.0,910.0186507380882
731920.0,918.3104177965513
731940.0,931.105673082403
731960.0,947.7062782599285
731980.0,967.0635137424781
732000.0,988.0756550517551
732020.0,1009.7961222809687
732040.0,1031.539996313027
732060.0,1052.904045754501
732080.0,1073.7279126465505
732100.0,1094.0256343573387
732120.0,1113.911540763052
732140.0,1133.5365593278716
732160.0,1153.0428781036655
732180.0,1172.5384193588127
732200.0,1192.0883301947017
732220.0,1211.7186409354204
732240.0,1231.426893667627
732260.0,1251.195261308892
732280.0,1271.0028590768866
732300.0,1290.835145568757
732320.0,1310.6892684824838
732340.0,1330.5748690941266
732360.0,1350.5103057890183
732380.0,1370.5146603715007
732400.0,1390.5964345113478
732420.0,1410.740651018276
732440.0,1430.8971438406463
732460.0,1450.9739744829453
732480.0,1470.8407768151787
732500.0,1490.346859951809
732520.0,1509.357456281291
732540.0,1527.8080287919918
732560.0,1545.770794537634
732580.0,1563.5199100897942
732600.0,1581.573283516303
732620.0,1600.681927590737
732640.0,1621.7353145668637
732660.0,1645.5570540909532
732680.0,1672.5828122207313
732700.0,1702.44350810668
732720.0,1733.5199216564215
732740.0,1762.583271522044
732760.0,1784.6769709355108
732780.0,1793.407809795517
732800.0,1781.775246511005
732820.0,1743.5498706766411
732840.0,1675.0184151375936
732860.0,1576.7341777631264
732880.0,1454.8479339669595
732900.0,1321.490197541482
732920.0,1192.9419476158187
732940.0,1085.315318758146
732960.0,1010.500410139946
732980.0,974.3807035494052
733000.0,976.7258381141907
733020.0,1011.8670410445009
733040.0,1069.8022147576953
733060.0,1110.209475992791
733080.0,
733100.0,
733120.0,
733140.0,
733160.0,
733180.0,
733200.0,
733220.0,
733240.0,
733260.0,
733280.0,
733300.0,
733320.0,
733340.0,
733360.0,
733380.0,
733400.0,
733420.0,
733440.0,
733460.0,
733480.0,
733500.0,
733520.0,
733540.0,
733560.0,
733580.0,
733600.0,
733620.0,
733640.0,
733660.0,
733680.0,
733700.0,
733720.0,
733740.0,
733760.0,
733780.0,
733800.0,
733820.0,
733840.0,
733860.0,
733880.0,
733900.0,
733920.0,
733940.0,
733960.0,
733980.0,
734000.0,
734020.0,
734040.0,
734060.0,
734080.0,
734100.0,
734120.0,
734140.0,
734160.0,
734180.0,
734200.0,
734220.0,
734240.0,
734260.0,
734280.0,
734300.0,
734320.0,
734340.0,
734360.0,
734380.0,
734400.0,
734420.0,
734440.0,
734460.0,
734480.0,
734500.0,
734520.0,
734540.0,
734560.0,
734580.0,
734600.0,
734620.0,
734640.0,
734660.0,
734680.0,
734700.0,
734720.0,
734740.0,
734760.0,
734780.0,
734800.0,
734820.0,
734840.0,
734860.0,
734880.0,
734900.0,
734920.0,
734940.0,
734960.0,
734980.0,
735000.0,
735020.0,
735040.0,
735060.0,
735080.0,
735100.0,
735120.0,
735140.0,
735160.0,
735180.0,
735200.0,
735220.0,
735240.0,
735260.0,
735280.0,
735300.0,
735320.0,
735340.0,
735360.0,
735380.0,
735400.0,
735420.0,
735440.0,
735460.0,
735480.0,
735500.0,
735520.0,
735540.0,
735560.0,
735580.0,
735600.0,
735620.0,
735640.0,
735660.0,
735680.0,
735700.0,
735720.0,
735740.0,
735760.0,
735780.0,
735800.0,
735820.0,
735840.0,
735860.0,
735880.0,
735900.0,
735920.0,
735940.0,
735960.0,
735980.0,
736000.0,
736020.0,
736040.0,
736060.0,
736080.0,
736100.0,
736120.0,
736140.0,
736160.0,
736180.0,
736200.0,
736220.0,
736240.0,
736260.0,
736280.0,
736300.0,
736320.0,
736340.0,
736360.0,
736380.0,
736400.0,
736420.0,
736440.0,
736460.0,
736480.0,
736500.0,
736520.0,
736540.0,
736560.0,
736580.0,
736600.0,
736620.0,
736640.0,
736660.0,
736680.0,
736700.0,
736720.0,
736740.0,
736760.0,
736780.0,
736800.0,
736820.0,
736840.0,
736860.0,
736880.0,
736900.0,
736920.0,
736940.0,
736960.0,
736980.0,
737000.0,
737020.0,
737040.0,
737060.0,
737080.0,
737100.0,
737120.0,
737140.0,
737160.0,
737180.0,
737200.0,
737220.0,
737240.0,
737260.0,
737280.0,
737300.0,
737320.0,
737340.0,
737360.0,
737380.0,
737400.0,
737420.0,
737440.0,
737460.0,
737480.0,
737500.0,
737520.0,
737540.0,
737560.0,
737580.0,
737600.0,
737620.0,
737640.0,
737660.0,
737680.0,
737700.0,
737720.0,
737740.0,
737760.0,
737780.0,
737800.0,
737820.0,
737840.0,
737860.0,
737880.0,
737900.0,
737920.0,
737940.0,
737960.0,
737980.0,
738000.0,
738020.0,
738040.0,
738060.0,
738080.0,
738100.0,
738120.0,
738140.0,
738160.0,
738180.0,
738200.0,
738220.0,
738240.0,
738260.0,
738280.0,
738300.0,
738320.0,
738340.0,
738360.0,
738380.0,
738400.0,
738420.0,
738440.0,
738460.0,
738480.0,
738500.0,
738520.0,
738540.0,
738560.0,
738580.0,
738600.0,
738620.0,
738640.0,
738660.0,
738680.0,
738700.0,
738720.0,
738740.0,
738760.0,
738780.0,
738800.0,
738820.0,
738840.0,
738860.0,
738880.0,
738900.0,
738920.0,
738940.0,
738960.0,
738980.0,
739000.0,
739020.0,
739040.0,
739060.0,
739080.0,
739100.0,
739120.0,
739140.0,
739160.0,
739180.0,
739200.0,
739220.0,
739240.0,
739260.0,
739280.0,
739300.0,
739320.0,
739340.0,
739360.0,
739380.0,
739400.0,
739420.0,
739440.0,
739460.0,
739480.0,
739500.0,
739520.0,
739540.0,
739560.0,
739580.0,
739600.0,
739620.0,
739640.0,
739660.0,
739680.0,
739700.0,
739720.0,
739740.0,
739760.0,
739780.0,
739800.0,
739820.0,
739840.0,
739860.0,
739880.0,
739900.0,
739920.0,
739940.0,
739960.0,
739980.0,
740000.0,
740020.0,
740040.0,
740060.0,
740080.0,
740100.0,
740120.0,
740140.0,
740160.0,
740180.0,
740200.0,
740220.0,
740240.0,
740260.0,
740280.0,
740300.0,
740320.0,
740340.0,
740360.0,
740380.0,
740400.0,
740420.0,
740440.0,
740460.0,
740480.0,
740500.0,
740520.0,
740540.0,
740560.0,
740580.0,
740600.0,
740620.0,
740640.0,
740660.0,
740680.0,
740700.0,
740720.0,
740740.0,
740760.0,
740780.0,
740800.0,
740820.0,
740840.0,
740860.0,
740880.0,
740900.0,
740920.0,
740940.0,
740960.0,
740980.0,
741000.0,
741020.0,
741040.0,
741060.0,
741080.0,
741100.0,
741120.0,
741140.0,
741160.0,
741180.0,
741200.0,
741220.0,
741240.0,
741260.0,
741280.0,
741300.0,
741320.0,
741340.0,
741360.0,
741380.0,
741400.0,
741420.0,
741440.0,
741460.0,
741480.0,
741500.0,
741520.0,
741540.0,
741560.0,
741580.0,
741600.0,
741620.0,
741640.0,
741660.0,
741680.0,
741700.0,
741720.0,
741740.0,
741760.0,
741780.0,
741800.0,
741820.0,
741840.0,
741860.0,
741880.0,
741900.0,
741920.0,
741940.0,
741960.0,
741980.0,
742000.0,
742020.0,
742040.0,
742060.0,
742080.0,
742100.0,
742120.0,
742140.0,
742160.0,
742180.0,
742200.0,
742220.0,
742240.0,
742260.0,
742280.0,
742300.0,
742320.0,
742340.0,
742360.0,
742380.0,
742400.0,
742420.0,
742440.0,
742460.0,
742480.0,
742500.0,
742520.0,
742540.0,
742560.0,
742580.0,
742600.0,
742620.0,
742640.0,
742660.0,
742680.0,
742700.0,
742720.0,
742740.0,
742760.0,
742780.0,
742800.0,
742820.0,
742840.0,
742860.0,
742880.0,
742900.0,
742920.0,
742940.0,
742960.0,
742980.0,
743000.0,
743020.0,
743040.0,
743060.0,
743080.0,
743100.0,
743120.0,
743140.0,
743160.0,
743180.0,
743200.0,
743220.0,
743240.0,
743260.0,
743280.0,
743300.0,
743320.0,
743340.0,
743360.0,
743380.0,
743400.0,
743420.0,
743440.0,
743460.0,
743480.0,
743500.0,
743520.0,
743540.0,
743560.0,
743580.0,
743600.0,
743620.0,
743640.0,
743660.0,
743680.0,
743700.0,
743720.0,
743740.0,
743760.0,
743780.0,
743800.0,
743820.0,
743840.0,
743860.0,
743880.0,
743900.0,
743920.0,
743940.0,
743960.0,
743980.0,
744000.0,
744020.0,
744040.0,
744060.0,
744080.0,
744100.0,
744120.0,
744140.0,
744160.0,
744180.0,
744200.0,
744220.0,
744240.0,
744260.0,
744280.0,
744300.0,
744320.0,
744340.0,
744360.0,
744380.0,
744400.0,
744420.0,
744440.0,
744460.0,
744480.0,
744500.0,
744520.0,
744540.0,
744560.0,
744580.0,
744600.0,
744620.0,
744640.0,
744660.0,
744680.0,
744700.0,
744720.0,
744740.0,
744760.0,
744780.0,
744800.0,
744820.0,
744840.0,
744860.0,
744880.0,
744900.0,
744920.0,
744940.0,
744960.0,
744980.0,
745000.0,
745020.0,
745040.0,
745060.0,
745080.0,
745100.0,
745120.0,
745140.0,
745160.0,
745180.0,
745200.0,
745220.0,
745240.0,
745260.0,
745280.0,
745300.0,
745320.0,
745340.0,
745360.0,
745380.0,
745400.0,
745420.0,
745440.0,
745460.0,
745480.0,
745500.0,
745520.0,
745540.0,
745560.0,
745580.0,
745600.0,
745620.0,
745640.0,
745660.0,
745680.0,
745700.0,
745720.0,
745740.0,
745760.0,
745780.0,
745800.0,
745820.0,
745840.0,
745860.0,
745880.0,
745900.0,
745920.0,
745940.0,
745960.0,
745980.0,
746000.0,
746020.0,
746040.0,
746060.0,
746080.0,
746100.0,
746120.0,
746140.0,
746160.0,
746180.0,
746200.0,
746220.0,
746240.0,
746260.0,
746280.0,
746300.0,
746320.0,
746340.0,
746360.0,
746380.0,
746400.0,
746420.0,
746440.0,
746460.0,
746480.0,
746500.0,
746520.0,
746540.0,
746560.0,
746580.0,
746600.0,
746620.0,
746640.0,
746660.0,
746680.0,
746700.0,
746720.0,
746740.0,
746760.0,
746780.0,
746800.0,
746820.0,
746840.0,
746860.0,
746880.0,
746900.0,
746920.0,
746940.0,
746960.0,
746980.0,
747000.0,
747020.0,
747040.0,
747060.0,
747080.0,
747100.0,
747120.0,
747140.0,
747160.0,
747180.0,
747200.0,
747220.0,
747240.0,
747260.0,
747280.0,
747300.0,
747320.0,
747340.0,
747360.0,
747380.0,
747400.0,
747420.0,
747440.0,
747460.0,
747480.0,
747500.0,
747520.0,
747540.0,
747560.0,
747580.0,
747600.0,
747620.0,
747640.0,
747660.0,
747680.0,
747700.0,
747720.0,
747740.0,
747760.0,
747780.0,
747800.0,
747820.0,
747840.0,
747860.0,
747880.0,
747900.0,
747920.0,
747940.0,
747960.0,
747980.0,
748000.0,
748020.0,
748040.0,
748060.0,
748080.0,
748100.0,
748120.0,
748140.0,
748160.0,
748180.0,
748200.0,
748220.0,
748240.0,
748260.0,
748280.0,
748300.0,
748320.0,
748340.0,
748360.0,
748380.0,
748400.0,
748420.0,
748440.0,
748460.0,
748480.0,
748500.0,
748520.0,
748540.0,
748560.0,
748580.0,
748600.0,
748620.0,
748640.0,
748660.0,
748680.0,
748700.0,
748720.0,
748740.0,
748760.0,
748780.0,
748800.0,
748820.0,
748840.0,
748860.0,
748880.0,
748900.0,
748920.0,
748940.0,
748960.0,
748980.0,
749000.0,
749020.0,
749040.0,
749060.0,
749080.0,
749100.0,
749120.0,
749140.0,
749160.0,
749180.0,
749200.0,
749220.0,
749240.0,
749260.0,
749280.0,
749300.0,
749320.0,
749340.0,
749360.0,
749380.0,
749400.0,
749420.0,
749440.0,
749460.0,
749480.0,
749500.0,
749520.0,
749540.0,
749560.0,
749580.0,
749600.0,
749620.0,
749640.0,
749660.0,
749680.0,
749700.0,
749720.0,
749740.0,
749760.0,
749780.0,
749800.0,
749820.0,
749840.0,
749860.0,
749880.0,
749900.0,
749920.0,
749940.0,
749960.0,
749980.0,
750000.0,
750020.0,
750040.0,
750060.0,
750080.0,
750100.0,
750120.0,
750140.0,
750160.0,
750180.0,
750200.0,
750220.0,
750240.0,
750260.0,
750280.0,
750300.0,
750320.0,
750340.0,
750360.0,
750380.0,
750400.0,
750420.0,
750440.0,
750460.0,
750480.0,
750500.0,
750520.0,
750540.0,
750560.0,
750580.0,
750600.0,
750620.0,
750640.0,
750660.0,
750680.0,
750700.0,
750720.0,
750740.0,
750760.0,
750780.0,
750800.0,
750820.0,
750840.0,
750860.0,
750880.0,
750900.0,
750920.0,
750940.0,
750960.0,
750980.0,
751000.0,
751020.0,
751040.0,
751060.0,
751080.0,
751100.0,
751120.0,
751140.0,
751160.0,
751180.0,
751200.0,
751220.0,
751240.0,
751260.0,
751280.0,
751300.0,
751320.0,
751340.0,
751360.0,
751380.0,
751400.0,
751420.0,
751440.0,
751460.0,
751480.0,
751500.0,
751520.0,
751540.0,
751560.0,
751580.0,
751600.0,
751620.0,
751640.0,
751660.0,
751680.0,
751700.0,
751720.0,
751740.0,
751760.0,
751780.0,
751800.0,
751820.0,
751840.0,
751860.0,
751880.0,
751900.0,
751920.0,
751940.0,
751960.0,
751980.0,
752000.0,
752020.0,
752040.0,
752060.0,
752080.0,
752100.0,
752120.0,
752140.0,
752160.0,
752180.0,
752200.0,
752220.0,
752240.0,
752260.0,
752280.0,
752300.0,
752320.0,
752340.0,
752360.0,
752380.0,
752400.0,
752420.0,
752440.0,
752460.0,
752480.0,
752500.0,
752520.0,
752540.0,
752560.0,
752580.0,
752600.0,
752620.0,
752640.0,
752660.0,
752680.0,
752700.0,
752720.0,
752740.0,
752760.0,
752780.0,
752800.0,
752820.0,
752840.0,
752860.0,
752880.0,
752900.0,
752920.0,
752940.0,
752960.0,
752980.0,
753000.0,
753020.0,
753040.0,
753060.0,
753080.0,
753100.0,
753120.0,
753140.0,
753160.0,
753180.0,
753200.0,
753220.0,
753240.0,
753260.0,
753280.0,
753300.0,
753320.0,
753340.0,
753360.0,
753380.0,
753400.0,
753420.0,
753440.0,
753460.0,
753480.0,
753500.0,
753520.0,
753540.0,
753560.0,
753580.0,
753600.0,
753620.0,
753640.0,
753660.0,
753680.0,
753700.0,
753720.0,
753740.0,
753760.0,
753780.0,
753800.0,
753820.0,
753840.0,
753860.0,
753880.0,
753900.0,
753920.0,
753940.0,
753960.0,
753980.0,
754000.0,
754020.0,
754040.0,
754060.0,
754080.0,
754100.0,
754120.0,
754140.0,
754160.0,
754180.0,
754200.0,
754220.0,
754240.0,
754260.0,
754280.0,
754300.0,
754320.0,
754340.0,
754360.0,
754380.0,
754400.0,
754420.0,
754440.0,
754460.0,
754480.0,
754500.0,
754520.0,
754540.0,
754560.0,
754580.0,
754600.0,
754620.0,
754640.0,
754660.0,
754680.0,
754700.0,
754720.0,
754740.0,
754760.0,
754780.0,
754800.0,
754820.0,
754840.0,
754860.0,
754880.0,
754900.0,
754920.0,
754940.0,
754960.0,
754980.0,
755000.0,
755020.0,
755040.0,
755060.0,
755080.0,
755100.0,
755120.0,
755140.0,
755160.0,
755180.0,
755200.0,
755220.0,
755240.0,
755260.0,
755280.0,
755300.0,
755320.0,
755340.0,
755360.0,
755380.0,
755400.0,
755420.0,
755440.0,
755460.0,
755480.0,
755500.0,
755520.0,
755540.0,
755560.0,
755580.0,
755600.0,
755620.0,
755640.0,
755660.0,
755680.0,
755700.0,
755720.0,
755740.0,
755760.0,
755780.0,
755800.0,
755820.0,
755840.0,
755860.0,
755880.0,
755900.0,
755920.0,
755940.0,
755960.0,
755980.0,
756000.0,
756020.0,
756040.0,
756060.0,
756080.0,
756100.0,
756120.0,
756140.0,
756160.0,
756180.0,
756200.0,
756220.0,
756240.0,
756260.0,
756280.0,
756300.0,
756320.0,
756340.0,
756360.0,
756380.0,
756400.0,
756420.0,
756440.0,
756460.0,
756480.0,
756500.0,
756520.0,
756540.0,
756560.0,
756580.0,
756600.0,
756620.0,
756640.0,
756660.0,
756680.0,
756700.0,
756720.0,
756740.0,
756760.0,
756780.0,
756800.0,
756820.0,
756840.0,
756860.0,
756880.0,
756900.0,
756920.0,
756940.0,
756960.0,
756980.0,
757000.0,
757020.0,
757040.0,
757060.0,
757080.0,
757100.0,
757120.0,
757140.0,
757160.0,
757180.0,
757200.0,
757220.0,
757240.0,
757260.0,
757280.0,
757300.0,
757320.0,
757340.0,
757360.0,
757380.0,
757400.0,
757420.0,
757440.0,
757460.0,
757480.0,
757500.0,
757520.0,
757540.0,
757560.0,
757580.0,
757600.0,
757620.0,
757640.0,
757660.0,
757680.0,
757700.0,
757720.0,
757740.0,
757760.0,
757780.0,
757800.0,
757820.0,
757840.0,
757860.0,
757880.0,
757900.0,
757920.0,
757940.0,
757960.0,
757980.0,
758000.0,
758020.0,
758040.0,
758060.0,
758080.0,
758100.0,
758120.0,
758140.0,
758160.0,
758180.0,
758200.0,
758220.0,
758240.0,
758260.0,
758280.0,
758300.0,
758320.0,
758340.0,
758360.0,
758380.0,
758400.0,
758420.0,
758440.0,
758460.0,
758480.0,
758500.0,
758520.0,
758540.0,
758560.0,
758580.0,
758600.0,
758620.0,
758640.0,
758660.0,
758680.0,
758700.0,
758720.0,
758740.0,
758760.0,
758780.0,
758800.0,
758820.0,
758840.0,
758860.0,
758880.0,
758900.0,
758920.0,
758940.0,
758960.0,
758980.0,
759000.0,
759020.0,
759040.0,
759060.0,
759080.0,
759100.0,
759120.0,
759140.0,
759160.0,
759180.0,
759200.0,
759220.0,
759240.0,
759260.0,
759280.0,
759300.0,
759320.0,
759340.0,
759360.0,
759380.0,
759400.0,
759420.0,
759440.0,
759460.0,
759480.0,
759500.0,
759520.0,
759540.0,
759560.0,
759580.0,
759600.0,
759620.0,
759640.0,
759660.0,
759680.0,
759700.0,
759720.0,
759740.0,
759760.0,
759780.0,
759800.0,
759820.0,
759840.0,
759860.0,
759880.0,
759900.0,
759920.0,
759940.0,
759960.0,
759980.0,
760000.0,
760020.0,
760040.0,
760060.0,
760080.0,
760100.0,
760120.0,
760140.0,
760160.0,
760180.0,
760200.0,
760220.0,
760240.0,
760260.0,
760280.0,
760300.0,
760320.0,
760340.0,
760360.0,
760380.0,
760400.0,
760420.0,
760440.0,
760460.0,
760480.0,
760500.0,
760520.0,
760540.0,
760560.0,
760580.0,
760600.0,
760620.0,
760640.0,
760660.0,
760680.0,
760700.0,
760720.0,
760740.0,
760760.0,
760780.0,
760800.0,
760820.0,
760840.0,
760860.0,
760880.0,
760900.0,
760920.0,
760940.0,
760960.0,
760980.0,
761000.0,
761020.0,
761040.0,
761060.0,
761080.0,
761100.0,
761120.0,
761140.0,
761160.0,
761180.0,
761200.0,
761220.0,
761240.0,
761260.0,
761280.0,
761300.0,
761320.0,
761340.0,
761360.0,
761380.0,
761400.0,
761420.0,
761440.0,
761460.0,
761480.0,
761500.0,
761520.0,
761540.0,
761560.0,
761580.0,
761600.0,
761620.0,
761640.0,
761660.0,
761680.0,
761700.0,
761720.0,
761740.0,
761760.0,
761780.0,
761800.0,
761820.0,
761840.0,
761860.0,
761880.0,
761900.0,
761920.0,
761940.0,
761960.0,
761980.0,
762000.0,
762020.0,
762040.0,
762060.0,
762080.0,
762100.0,
762120.0,
762140.0,
762160.0,
762180.0,
762200.0,
762220.0,
762240.0,
762260.0,
762280.0,
762300.0,
762320.0,
762340.0,
762360.0,
762380.0,
762400.0,
762420.0,
762440.0,
762460.0,
762480.0,
762500.0,
762520.0,
762540.0,
762560.0,
762580.0,
762600.0,
762620.0,
762640.0,
762660.0,
762680.0,
762700.0,
762720.0,
762740.0,
762760.0,
762780.0,
762800.0,
762820.0,
762840.0,
762860.0,
762880.0,
762900.0,
762920.0,
762940.0,
762960.0,
762980.0,
763000.0,
763020.0,
763040.0,
763060.0,
763080.0,
763100.0,
763120.0,
763140.0,
763160.0,
763180.0,
763200.0,
763220.0,
763240.0,
763260.0,
763280.0,
763300.0,
763320.0,
763340.0,
763360.0,
763380.0,
763400.0,
763420.0,
763440.0,
763460.0,
763480.0,
763500.0,
763520.0,
763540.0,
763560.0,
763580.0,
763600.0,
763620.0,
763640.0,
763660.0,
763680.0,
763700.0,
763720.0,
763740.0,
763760.0,
763780.0,
763800.0,
763820.0,
763840.0,
763860.0,
763880.0,
763900.0,
763920.0,
763940.0,
763960.0,
763980.0,
764000.0,
764020.0,
764040.0,
764060.0,
764080.0,
764100.0,
764120.0,
764140.0,
764160.0,
764180.0,
764200.0,
764220.0,
764240.0,
764260.0,
764280.0,
764300.0,
764320.0,
764340.0,
764360.0,
764380.0,
764400.0,
764420.0,
764440.0,
764460.0,
764480.0,
764500.0,
764520.0,
764540.0,
764560.0,
764580.0,
764600.0,
764620.0,
764640.0,
764660.0,
764680.0,
764700.0,
764720.0,
764740.0,
764760.0,
764780.0,
764800.0,
764820.0,
764840.0,
764860.0,
764880.0,
764900.0,
764920.0,
764940.0,
764960.0,
764980.0,
765000.0,
765020.0,
765040.0,
765060.0,
765080.0,
765100.0,
765120.0,
765140.0,
765160.0,
765180.0,
765200.0,
765220.0,
765240.0,
765260.0,
765280.0,
765300.0,
765320.0,
765340.0,
765360.0,
765380.0,
765400.0,
765420.0,
765440.0,
765460.0,
765480.0,
765500.0,
765520.0,
765540.0,168.62594322738477
765560.0,170.6542252288134
765580.0,174.29897325693918
765600.0,177.7995051302381
765620.0,
765640.0,
765660.0,
765680.0,
765700.0,
765720.0,
765740.0,
765760.0,
765780.0,
765800.0,
765820.0,
765840.0,
765860.0,
765880.0,
765900.0,
765920.0,
765940.0,
765960.0,
765980.0,
766000.0,
766020.0,
766040.0,
766060.0,
766080.0,
766100.0,
766120.0,
766140.0,
766160.0,
766180.0,
766200.0,
766220.0,
766240.0,
766260.0,
766280.0,
766300.0,
766320.0,
766340.0,
766360.0,
766380.0,
766400.0,
766420.0,
766440.0,
766460.0,
766480.0,
766500.0,
766520.0,
766540.0,
766560.0,
766580.0,
766600.0,
766620.0,
766640.0,
766660.0,
766680.0,
766700.0,
766720.0,
766740.0,
766760.0,
766780.0,
766800.0,
766820.0,
766840.0,
766860.0,
766880.0,
766900.0,
766920.0,
766940.0,
766960.0,
766980.0,
767000.0,
767020.0,
767040.0,
767060.0,
767080.0,
767100.0,
767120.0,
767140.0,
767160.0,
767180.0,
767200.0,
767220.0,
767240.0,
767260.0,
767280.0,
767300.0,
767320.0,
767340.0,
767360.0,
767380.0,
767400.0,
767420.0,
767440.0,
767460.0,
767480.0,
767500.0,
767520.0,
767540.0,
767560.0,
767580.0,
767600.0,
767620.0,
767640.0,
767660.0,
767680.0,
767700.0,
767720.0,
767740.0,
767760.0,
767780.0,
767800.0,
767820.0,
767840.0,
767860.0,
767880.0,
767900.0,
767920.0,
767940.0,
767960.0,
767980.0,
768000.0,
768020.0,
768040.0,
768060.0,
768080.0,
768100.0,
768120.0,
768140.0,
768160.0,
768180.0,
768200.0,
768220.0,
768240.0,
768260.0,
768280.0,
768300.0,
768320.0,
768340.0,
768360.0,
768380.0,
768400.0,
768420.0,
768440.0,
768460.0,
768480.0,
768500.0,
768520.0,
768540.0,
768560.0,
768580.0,
768600.0,
768620.0,
768640.0,
768660.0,
768680.0,
768700.0,
768720.0,
768740.0,
768760.0,
768780.0,
768800.0,
768820.0,
768840.0,
768860.0,
768880.0,
768900.0,
768920.0,
768940.0,
768960.0,
768980.0,
769000.0,
769020.0,
769040.0,
769060.0,
769080.0,
769100.0,
769120.0,
769140.0,
769160.0,
769180.0,
769200.0,
769220.0,
769240.0,
769260.0,
769280.0,
769300.0,
769320.0,
769340.0,
769360.0,
769380.0,
769400.0,
769420.0,
769440.0,
769460.0,
769480.0,
769500.0,
769520.0,
769540.0,
769560.0,
769580.0,
769600.0,
769620.0,
769640.0,
769660.0,
769680.0,
769700.0,
769720.0,
769740.0,
769760.0,
769780.0,
769800.0,
769820.0,
769840.0,
769860.0,
769880.0,
769900.0,
769920.0,
769940.0,
769960.0,
769980.0,
770000.0,
770020.0,
770040.0,
770060.0,
770080.0,
770100.0,
770120.0,
770140.0,
770160.0,
770180.0,
770200.0,
770220.0,
770240.0,
770260.0,
770280.0,
770300.0,
770320.0,
770340.0,
770360.0,
770380.0,
770400.0,
770420.0,
770440.0,
770460.0,
770480.0,
770500.0,
770520.0,
770540.0,
770560.0,
770580.0,
770600.0,
770620.0,
770640.0,
770660.0,
770680.0,
770700.0,
770720.0,
770740.0,
770760.0,
770780.0,
770800.0,
770820.0,
770840.0,
770860.0,
770880.0,
770900.0,
770920.0,
770940.0,
770960.0,
770980.0,
771000.0,
771020.0,
771040.0,
771060.0,
771080.0,
771100.0,
771120.0,
771140.0,
771160.0,
771180.0,
771200.0,
771220.0,
771240.0,
771260.0,
771280.0,
771300.0,
771320.0,
771340.0,
771360.0,
771380.0,
771400.0,
771420.0,
771440.0,
771460.0,
771480.0,
771500.0,
771520.0,
771540.0,
771560.0,
771580.0,
771600.0,
771620.0,
771640.0,
771660.0,
771680.0,
771700.0,
771720.0,
771740.0,
771760.0,
771780.0,
771800.0,
771820.0,
771840.0,
771860.0,
771880.0,
771900.0,
771920.0,
771940.0,
771960.0,
771980.0,
772000.0,
772020.0,
772040.0,
772060.0,
772080.0,
772100.0,
772120.0,
772140.0,
772160.0,
772180.0,
772200.0,
772220.0,
772240.0,
772260.0,
772280.0,
772300.0,
772320.0,
772340.0,
772360.0,
772380.0,
772400.0,
772420.0,
772440.0,
772460.0,
772480.0,
772500.0,
772520.0,
772540.0,
772560.0,
772580.0,
772600.0,
772620.0,
772640.0,
772660.0,
772680.0,
772700.0,
772720.0,
772740.0,
772760.0,
772780.0,
772800.0,
772820.0,
772840.0,
772860.0,
772880.0,
772900.0,
772920.0,
772940.0,
772960.0,
772980.0,
773000.0,
773020.0,
773040.0,
773060.0,
773080.0,
773100.0,
773120.0,
773140.0,
773160.0,
773180.0,
773200.0,
773220.0,
773240.0,
773260.0,
773280.0,
773300.0,
773320.0,
773340.0,
773360.0,
773380.0,
773400.0,
773420.0,
773440.0,
773460.0,
773480.0,
773500.0,
773520.0,
773540.0,
773560.0,
773580.0,
773600.0,
773620.0,
773640.0,
773660.0,
773680.0,
773700.0,
773720.0,
773740.0,
773760.0,
773780.0,
773800.0,
773820.0,
773840.0,
773860.0,
773880.0,
773900.0,
773920.0,
773940.0,
773960.0,
773980.0,
774000.0,
774020.0,
774040.0,
774060.0,
774080.0,
774100.0,
774120.0,
774140.0,
774160.0,
774180.0,
774200.0,
774220.0,
774240.0,
774260.0,
774280.0,
774300.0,
774320.0,
774340.0,
774360.0,
774380.0,
774400.0,
774420.0,
774440.0,
774460.0,
774480.0,
774500.0,
774520.0,
774540.0,
774560.0,
774580.0,
774600.0,
774620.0,
774640.0,
774660.0,
774680.0,
774700.0,
774720.0,
774740.0,
774760.0,
774780.0,
774800.0,
774820.0,
774840.0,
774860.0,
774880.0,
774900.0,
774920.0,
774940.0,
774960.0,
774980.0,
775000.0,
775020.0,
775040.0,
775060.0,
775080.0,
775100.0,
775120.0,
775140.0,
775160.0,
775180.0,
775200.0,
775220.0,
775240.0,
775260.0,
775280.0,
775300.0,
775320.0,
775340.0,
775360.0,
775380.0,
775400.0,
775420.0,
775440.0,
775460.0,
775480.0,
775500.0,
775520.0,
775540.0,
775560.0,
775580.0,
775600.0,
775620.0,
775640.0,
775660.0,
775680.0,
775700.0,
775720.0,
775740.0,
775760.0,
775780.0,
775800.0,
775820.0,
775840.0,
775860.0,
775880.0,
775900.0,
775920.0,
775940.0,
775960.0,
775980.0,
776000.0,
776020.0,
776040.0,
776060.0,
776080.0,
776100.0,
776120.0,
776140.0,
776160.0,
776180.0,
776200.0,
776220.0,
776240.0,
776260.0,
776280.0,
776300.0,
776320.0,
776340.0,
776360.0,
776380.0,
776400.0,
776420.0,
776440.0,
776460.0,
776480.0,
776500.0,
776520.0,
776540.0,
776560.0,
776580.0,
776600.0,
776620.0,
776640.0,
776660.0,
776680.0,
776700.0,
776720.0,
776740.0,
776760.0,
776780.0,
776800.0,
776820.0,
776840.0,
776860.0,
776880.0,
776900.0,
776920.0,
776940.0,
776960.0,
776980.0,
777000.0,
777020.0,
777040.0,
777060.0,
777080.0,
777100.0,
777120.0,
777140.0,
777160.0,
777180.0,
777200.0,
777220.0,
777240.0,
777260.0,
777280.0,
777300.0,
777320.0,
777340.0,
777360.0,
777380.0,
777400.0,
777420.0,
777440.0,
777460.0,
777480.0,
777500.0,
777520.0,
777540.0,
777560.0,
777580.0,
777600.0,
777620.0,
777640.0,
777660.0,
777680.0,
777700.0,
777720.0,
777740.0,
777760.0,
777780.0,
777800.0,
777820.0,
777840.0,
777860.0,
777880.0,
777900.0,
777920.0,
777940.0,
777960.0,
777980.0,
778000.0,
778020.0,
778040.0,
778060.0,
778080.0,
778100.0,
778120.0,
778140.0,
778160.0,
778180.0,
778200.0,
778220.0,
778240.0,
778260.0,
778280.0,
778300.0,
778320.0,
778340.0,
778360.0,
778380.0,
778400.0,
778420.0,
778440.0,
778460.0,
778480.0,
778500.0,
778520.0,
778540.0,
778560.0,
778580.0,
778600.0,
778620.0,
778640.0,
778660.0,
778680.0,
778700.0,
778720.0,
778740.0,
778760.0,
778780.0,
778800.0,
778820.0,
778840.0,
778860.0,
778880.0,
778900.0,
778920.0,
778940.0,
778960.0,
778980.0,
779000.0,
779020.0,
779040.0,
779060.0,
779080.0,
779100.0,
779120.0,
779140.0,
779160.0,
779180.0,
779200.0,
779220.0,
779240.0,
779260.0,
779280.0,
779300.0,
779320.0,
779340.0,
779360.0,
779380.0,
779400.0,
779420.0,
779440.0,
779460.0,
779480.0,
779500.0,
779520.0,
779540.0,
779560.0,
779580.0,
779600.0,
779620.0,
779640.0,
779660.0,
779680.0,
779700.0,
779720.0,
779740.0,
779760.0,
779780.0,
779800.0,
779820.0,
779840.0,
779860.0,
779880.0,
779900.0,
779920.0,
779940.0,
779960.0,
779980.0,
780000.0,
780020.0,
780040.0,
780060.0,
780080.0,
780100.0,
780120.0,
780140.0,
780160.0,
780180.0,
780200.0,
780220.0,
780240.0,
780260.0,
780280.0,
780300.0,
780320.0,
780340.0,
780360.0,
780380.0,
780400.0,
780420.0,
780440.0,
780460.0,
780480.0,
780500.0,
780520.0,
780540.0,
780560.0,
780580.0,
780600.0,
780620.0,
780640.0,
780660.0,
780680.0,
780700.0,
780720.0,
780740.0,
780760.0,
780780.0,
780800.0,
780820.0,
780840.0,
780860.0,
780880.0,
780900.0,
780920.0,
780940.0,
780960.0,
780980.0,
781000.0,
781020.0,
781040.0,
781060.0,
781080.0,
781100.0,
781120.0,
781140.0,
781160.0,
781180.0,
781200.0,
781220.0,
781240.0,
781260.0,
781280.0,
781300.0,
781320.0,
781340.0,
781360.0,
781380.0,
781400.0,
781420.0,
781440.0,
781460.0,
781480.0,
781500.0,
781520.0,
781540.0,
781560.0,
781580.0,
781600.0,
781620.0,
781640.0,
781660.0,
781680.0,
781700.0,
781720.0,
781740.0,
781760.0,
781780.0,
781800.0,
781820.0,
781840.0,
781860.0,
781880.0,
781900.0,
781920.0,
781940.0,
781960.0,
781980.0,
782000.0,
782020.0,
782040.0,
782060.0,
782080.0,
782100.0,
782120.0,
782140.0,
782160.0,
782180.0,
782200.0,
782220.0,
782240.0,
782260.0,
782280.0,
782300.0,
782320.0,
782340.0,
782360.0,
782380.0,
782400.0,
782420.0,
782440.0,
782460.0,
782480.0,
782500.0,
782520.0,
782540.0,
782560.0,
782580.0,
782600.0,
782620.0,
782640.0,
782660.0,
782680.0,
782700.0,
782720.0,
782740.0,
782760.0,
782780.0,
782800.0,
782820.0,
782840.0,
782860.0,
782880.0,
782900.0,
782920.0,
782940.0,
782960.0,
782980.0,
783000.0,
783020.0,
783040.0,
783060.0,
783080.0,
783100.0,
783120.0,
783140.0,
783160.0,
783180.0,
783200.0,
783220.0,
783240.0,
783260.0,
783280.0,
783300.0,
783320.0,
783340.0,
783360.0,
783380.0,
783400.0,
783420.0,
783440.0,
783460.0,
783480.0,
783500.0,
783520.0,
783540.0,
783560.0,
783580.0,
783600.0,
783620.0,
783640.0,
783660.0,
783680.0,
783700.0,
783720.0,
783740.0,
783760.0,
783780.0,
783800.0,
783820.0,
783840.0,
783860.0,
783880.0,
783900.0,
783920.0,
783940.0,
783960.0,
783980.0,
784000.0,
784020.0,
784040.0,
784060.0,
784080.0,
784100.0,
784120.0,
784140.0,
784160.0,
784180.0,
784200.0,
784220.0,
784240.0,
784260.0,
784280.0,
784300.0,
784320.0,
784340.0,
784360.0,
784380.0,
784400.0,
784420.0,
784440.0,
784460.0,
784480.0,
784500.0,
784520.0,
784540.0,
784560.0,
784580.0,
784600.0,
784620.0,
784640.0,
784660.0,
784680.0,
784700.0,
784720.0,
784740.0,
784760.0,
784780.0,
784800.0,
784820.0,
784840.0,
784860.0,
784880.0,
784900.0,
784920.0,
784940.0,
784960.0,
784980.0,
785000.0,
785020.0,
785040.0,
785060.0,
785080.0,
785100.0,
785120.0,
785140.0,
785160.0,
785180.0,
785200.0,
785220.0,
785240.0,
785260.0,
785280.0,
785300.0,
785320.0,
785340.0,
785360.0,
785380.0,
785400.0,
785420.0,
785440.0,
785460.0,
785480.0,
785500.0,
785520.0,
785540.0,
785560.0,
785580.0,
785600.0,
785620.0,
785640.0,
785660.0,
785680.0,
785700.0,
785720.0,
785740.0,
785760.0,
785780.0,
785800.0,
785820.0,
785840.0,
785860.0,
785880.0,
785900.0,
785920.0,
785940.0,
785960.0,
785980.0,
786000.0,
786020.0,
786040.0,
786060.0,
786080.0,
786100.0,
786120.0,
786140.0,
786160.0,
786180.0,
786200.0,
786220.0,
786240.0,
786260.0,
786280.0,
786300.0,
786320.0,
786340.0,
786360.0,
786380.0,
786400.0,
786420.0,
786440.0,
786460.0,
786480.0,
786500.0,
786520.0,
786540.0,
786560.0,
786580.0,
786600.0,
786620.0,
786640.0,
786660.0,
786680.0,
786700.0,
786720.0,
786740.0,
786760.0,
786780.0,
786800.0,
786820.0,
786840.0,
786860.0,
786880.0,
786900.0,
786920.0,
786940.0,
786960.0,
786980.0,
787000.0,
787020.0,
787040.0,
787060.0,
787080.0,
787100.0,
787120.0,
787140.0,
787160.0,
787180.0,
787200.0,
787220.0,
787240.0,
787260.0,
787280.0,
787300.0,
787320.0,
787340.0,
787360.0,
787380.0,
787400.0,
787420.0,
787440.0,
787460.0,
787480.0,
787500.0,
787520.0,
787540.0,
787560.0,
787580.0,
787600.0,
787620.0,
787640.0,
787660.0,
787680.0,
787700.0,
787720.0,
787740.0,
787760.0,
787780.0,
787800.0,
787820.0,
787840.0,
787860.0,
787880.0,
787900.0,
787920.0,
787940.0,
787960.0,
787980.0,
788000.0,
788020.0,
788040.0,
788060.0,
788080.0,
788100.0,
788120.0,
788140.0,
788160.0,
788180.0,
788200.0,
788220.0,
788240.0,
788260.0,
788280.0,
788300.0,
788320.0,
788340.0,
788360.0,
788380.0,
788400.0,
788420.0,
788440.0,
788460.0,
788480.0,
788500.0,
788520.0,
788540.0,
788560.0,
788580.0,
788600.0,
788620.0,
788640.0,
788660.0,
788680.0,
788700.0,
788720.0,
788740.0,
788760.0,
788780.0,
788800.0,
788820.0,
788840.0,
788860.0,
788880.0,
788900.0,
788920.0,
788940.0,
788960.0,
788980.0,
789000.0,
789020.0,
789040.0,
789060.0,
789080.0,
789100.0,
789120.0,
789140.0,
789160.0,
789180.0,
789200.0,
789220.0,
789240.0,
789260.0,
789280.0,
789300.0,
789320.0,
789340.0,
789360.0,
789380.0,
789400.0,
789420.0,
789440.0,
789460.0,
789480.0,
789500.0,
789520.0,
789540.0,
789560.0,
789580.0,
789600.0,
789620.0,
789640.0,
789660.0,
789680.0,
789700.0,
789720.0,
789740.0,
789760.0,
789780.0,
789800.0,
789820.0,
789840.0,
789860.0,
789880.0,
789900.0,
789920.0,
789940.0,
789960.0,
789980.0,
790000.0,
790020.0,
790040.0,
790060.0,
790080.0,
790100.0,
790120.0,
790140.0,
790160.0,
790180.0,
790200.0,
790220.0,
790240.0,
790260.0,
790280.0,
790300.0,
790320.0,
790340.0,
790360.0,
790380.0,
790400.0,
790420.0,
790440.0,
790460.0,
790480.0,
790500.0,
790520.0,
790540.0,
790560.0,
790580.0,
790600.0,
790620.0,
790640.0,
790660.0,
790680.0,
790700.0,
790720.0,
790740.0,
790760.0,
790780.0,
790800.0,
790820.0,
790840.0,
790860.0,
790880.0,
790900.0,
790920.0,
790940.0,
790960.0,
790980.0,
791000.0,
791020.0,
791040.0,
791060.0,
791080.0,
791100.0,
791120.0,
791140.0,
791160.0,
791180.0,
791200.0,
791220.0,
791240.0,
791260.0,
791280.0,
791300.0,
791320.0,
791340.0,
791360.0,
791380.0,
791400.0,
791420.0,
791440.0,
791460.0,
791480.0,
791500.0,
791520.0,
791540.0,
791560.0,
791580.0,
791600.0,
791620.0,
791640.0,
791660.0,
791680.0,
791700.0,
791720.0,
791740.0,
791760.0,
791780.0,
791800.0,
791820.0,
791840.0,
791860.0,
791880.0,
791900.0,
791920.0,
791940.0,
791960.0,
791980.0,
792000.0,
792020.0,
792040.0,
792060.0,
792080.0,
792100.0,
792120.0,
792140.0,
792160.0,
792180.0,
792200.0,
792220.0,
792240.0,
792260.0,
792280.0,
792300.0,
792320.0,
792340.0,
792360.0,
792380.0,
792400.0,
792420.0,
792440.0,
792460.0,
792480.0,
792500.0,
792520.0,
792540.0,
792560.0,
792580.0,1416.1218845449846
792600.0,1298.930547824978
792620.0,1179.530474579556
792640.0,1072.3899491269558
792660.0,982.4703019149711
792680.0,912.087013393264
792700.0,861.6575506366738
792720.0,829.7326325273536
792740.0,813.2053143983959
792760.0,808.021780337483
792780.0,809.9980979361482
792800.0,815.4608878908791
792820.0,821.6110599028943
792840.0,826.6274582573784
792860.0,829.5871283669956
792880.0,830.2940168280886
792900.0,829.0932926874178
792920.0,826.7182531944552
792940.0,824.1826289588346
792960.0,822.7019009254396
792980.0,823.6094357632353
793000.0,828.23148292793
793020.0,837.7025924376272
793040.0,852.7415443090231
793060.0,873.4670740480957
793080.0,899.4092833163246
793100.0,929.953433996618
793120.0,965.2209770118768
793140.0,1005.957078447003
793160.0,1051.6376352778484
793180.0,1098.716120362751
793200.0,1140.3392185415657
793220.0,1167.9269603452715
793240.0,1174.284854643072
793260.0,1157.0641780799817
793280.0,1120.3827533267017
793300.0,1072.998364071154
793320.0,1024.3195611174033
793340.0,981.3928821743657
793360.0,947.87382989935
793380.0,924.3550564160751
793400.0,909.3454730477284
793420.0,900.3665685462917
793440.0,894.8561254079065
793460.0,890.756377488505
793480.0,886.7684351771335
793500.0,882.3309433873771
793520.0,877.427959539949
793540.0,872.3259661144141
793560.0,867.3257057345056
793580.0,862.5930860414558
793600.0,858.0936644548741
793620.0,853.6349147290118
793640.0,849.0087725107093
793660.0,844.2024337544977
793680.0,839.6358271715146
793700.0,836.3536207548386
793720.0,836.0929366436719
793740.0,841.1711323082758
793760.0,854.1258167808876
793780.0,877.0674721878906
793800.0,910.791711211021
793820.0,953.8031890022369
793840.0,1001.5418103920462
793860.0,1046.256761900017
793880.0,1078.1080035910845
793900.0,1088.1148131670864
793920.0,1074.162906165306
793940.0,
793960.0,
793980.0,
794000.0,
794020.0,
794040.0,
794060.0,
794080.0,
794100.0,
794120.0,
794140.0,
794160.0,
794180.0,
794200.0,
794220.0,
794240.0,
794260.0,
794280.0,
794300.0,
794320.0,
794340.0,
794360.0,
794380.0,
794400.0,
794420.0,
794440.0,
794460.0,
794480.0,
794500.0,
794520.0,
794540.0,
794560.0,
794580.0,
794600.0,
794620.0,
794640.0,
794660.0,
794680.0,
794700.0,
794720.0,
794740.0,
794760.0,
794780.0,
794800.0,
794820.0,
794840.0,
794860.0,
794880.0,
794900.0,
794920.0,
794940.0,
794960.0,
794980.0,
795000.0,
795020.0,
795040.0,
795060.0,
795080.0,
795100.0,
795120.0,
795140.0,
795160.0,
795180.0,
795200.0,
795220.0,
795240.0,
795260.0,
795280.0,
795300.0,
795320.0,
795340.0,
795360.0,
795380.0,
795400.0,
795420.0,
795440.0,
795460.0,
795480.0,
795500.0,
795520.0,
795540.0,
795560.0,
795580.0,
795600.0,
795620.0,
795640.0,
795660.0,
795680.0,
795700.0,
795720.0,
795740.0,
795760.0,
795780.0,
795800.0,
795820.0,
795840.0,
795860.0,
795880.0,
795900.0,
795920.0,
795940.0,
795960.0,
795980.0,
796000.0,
796020.0,
796040.0,
796060.0,
796080.0,
796100.0,
796120.0,
796140.0,
796160.0,
796180.0,
796200.0,
796220.0,
796240.0,
796260.0,
796280.0,
796300.0,
796320.0,
796340.0,
796360.0,
796380.0,
796400.0,
796420.0,
796440.0,
796460.0,
796480.0,
796500.0,
796520.0,
796540.0,
796560.0,
796580.0,
796600.0,
796620.0,
796640.0,
796660.0,
796680.0,
796700.0,
796720.0,
796740.0,
796760.0,
796780.0,
796800.0,
796820.0,
796840.0,
796860.0,
796880.0,
796900.0,
796920.0,
796940.0,
796960.0,
796980.0,
797000.0,
797020.0,
797040.0,
797060.0,
797080.0,
797100.0,
797120.0,
797140.0,
797160.0,
797180.0,
797200.0,
797220.0,
797240.0,
797260.0,
797280.0,
797300.0,
797320.0,
797340.0,
797360.0,
797380.0,
797400.0,
797420.0,
797440.0,
797460.0,
797480.0,
797500.0,
797520.0,
797540.0,
797560.0,
797580.0,
797600.0,
797620.0,
797640.0,
797660.0,
797680.0,
797700.0,
797720.0,
797740.0,
797760.0,
797780.0,
797800.0,
797820.0,
797840.0,
797860.0,
797880.0,
797900.0,
797920.0,
797940.0,
797960.0,
797980.0,
798000.0,
798020.0,
798040.0,
798060.0,
798080.0,
798100.0,
798120.0,
798140.0,
798160.0,
798180.0,
798200.0,
798220.0,
798240.0,
798260.0,
798280.0,
798300.0,
798320.0,
798340.0,
798360.0,
798380.0,
798400.0,
798420.0,
798440.0,
798460.0,
798480.0,
798500.0,
798520.0,
798540.0,
798560.0,
798580.0,
798600.0,
798620.0,
798640.0,
798660.0,
798680.0,
798700.0,
798720.0,
798740.0,
798760.0,
798780.0,
798800.0,
798820.0,
798840.0,
798860.0,
798880.0,
798900.0,
798920.0,
798940.0,
798960.0,
798980.0,
799000.0,
799020.0,
799040.0,
799060.0,
799080.0,
799100.0,
799120.0,
799140.0,
799160.0,
799180.0,
799200.0,
799220.0,
799240.0,
799260.0,
799280.0,
799300.0,
799320.0,
799340.0,
799360.0,
799380.0,
799400.0,
799420.0,
799440.0,
799460.0,
799480.0,
799500.0,
799520.0,
799540.0,
799560.0,
799580.0,
799600.0,
799620.0,
799640.0,
799660.0,
799680.0,
799700.0,
799720.0,
799740.0,
799760.0,
799780.0,
799800.0,
799820.0,
799840.0,
799860.0,
799880.0,
799900.0,
799920.0,
799940.0,
799960.0,
799980.0,
800000.0,
800020.0,
800040.0,
800060.0,
800080.0,
800100.0,
800120.0,
800140.0,
800160.0,
800180.0,
800200.0,
800220.0,
800240.0,
800260.0,
800280.0,
800300.0,
800320.0,
800340.0,
800360.0,
800380.0,
800400.0,
800420.0,
800440.0,
800460.0,
800480.0,
800500.0,
800520.0,
800540.0,
800560.0,
800580.0,
800600.0,
800620.0,
800640.0,
800660.0,
800680.0,
800700.0,
800720.0,
800740.0,
800760.0,
800780.0,
800800.0,
800820.0,
800840.0,
800860.0,
800880.0,
800900.0,
800920.0,
800940.0,
800960.0,
800980.0,
801000.0,
801020.0,
801040.0,
801060.0,
801080.0,
801100.0,
801120.0,
801140.0,
801160.0,
801180.0,
801200.0,
801220.0,
801240.0,
801260.0,
801280.0,
801300.0,
801320.0,
801340.0,
801360.0,
801380.0,
801400.0,
801420.0,
801440.0,
801460.0,
801480.0,
801500.0,
801520.0,
801540.0,
801560.0,
801580.0,
801600.0,
801620.0,
801640.0,
801660.0,
801680.0,
801700.0,
801720.0,
801740.0,
801760.0,
801780.0,
801800.0,
801820.0,
801840.0,
801860.0,
801880.0,
801900.0,
801920.0,
801940.0,
801960.0,
801980.0,
802000.0,
802020.0,
802040.0,
802060.0,
802080.0,
802100.0,
802120.0,
802140.0,
802160.0,
802180.0,
802200.0,
802220.0,
802240.0,
802260.0,
802280.0,
802300.0,
802320.0,
802340.0,
802360.0,
802380.0,
802400.0,
802420.0,
802440.0,
802460.0,
802480.0,
802500.0,
802520.0,
802540.0,
802560.0,
802580.0,
802600.0,
802620.0,
802640.0,
802660.0,
802680.0,
802700.0,
802720.0,
802740.0,
802760.0,
802780.0,
802800.0,
802820.0,
802840.0,
802860.0,
802880.0,
802900.0,
802920.0,
802940.0,
802960.0,
802980.0,
803000.0,
803020.0,
803040.0,
803060.0,
803080.0,
803100.0,
803120.0,
803140.0,
803160.0,
803180.0,
803200.0,
803220.0,
803240.0,
803260.0,
803280.0,
803300.0,
803320.0,
803340.0,
803360.0,
803380.0,
803400.0,
803420.0,
803440.0,
803460.0,
803480.0,
803500.0,
803520.0,
803540.0,
803560.0,
803580.0,
803600.0,
803620.0,
803640.0,
803660.0,
803680.0,
803700.0,
803720.0,
803740.0,
803760.0,
803780.0,
803800.0,
803820.0,
803840.0,
803860.0,
803880.0,
803900.0,
803920.0,
803940.0,
803960.0,
803980.0,
804000.0,
804020.0,
804040.0,
804060.0,
804080.0,
804100.0,
804120.0,
804140.0,
804160.0,
804180.0,
804200.0,
804220.0,
804240.0,
804260.0,
804280.0,
804300.0,
804320.0,
804340.0,
804360.0,
804380.0,
804400.0,
804420.0,
804440.0,
804460.0,
804480.0,
804500.0,
804520.0,
804540.0,
804560.0,
804580.0,
804600.0,
804620.0,
804640.0,
804660.0,
804680.0,
804700.0,
804720.0,
804740.0,
804760.0,
804780.0,
804800.0,
804820.0,
804840.0,
804860.0,
804880.0,
804900.0,
804920.0,
804940.0,
804960.0,
804980.0,
805000.0,
805020.0,1616.1729534848223
805040.0,1607.923152570535
805060.0,1573.035848096738
805080.0,1509.0301602393142
805100.0,1422.1159955426665
805120.0,1327.086903437334
805140.0,1243.6640185364656
805160.0,1190.154414621967
805180.0,1178.2722157607564
805200.0,1210.7073757047817
805220.0,1281.030520547424
805240.0,1375.6553567307658
805260.0,1476.8939198666912
805280.0,1565.3775638686798
805300.0,1622.7263720224914
805320.0,1635.3014787884242
805340.0,1597.4940663403588
805360.0,1513.3514671927219
805380.0,1415.5132695253171
805400.0,
805420.0,
805440.0,
805460.0,
805480.0,
805500.0,
805520.0,
805540.0,
805560.0,
805580.0,
805600.0,
805620.0,
805640.0,
805660.0,
805680.0,
805700.0,
805720.0,
805740.0,
805760.0,
805780.0,
805800.0,
805820.0,
805840.0,
805860.0,
805880.0,
805900.0,
805920.0,
805940.0,
805960.0,
805980.0,
806000.0,
806020.0,
806040.0,
806060.0,
806080.0,
806100.0,
806120.0,
806140.0,
806160.0,
806180.0,
806200.0,
806220.0,
806240.0,
806260.0,
806280.0,
806300.0,
806320.0,
806340.0,
806360.0,
806380.0,
806400.0,
806420.0,
806440.0,
806460.0,
806480.0,
806500.0,
806520.0,
806540.0,
806560.0,
806580.0,
806600.0,
806620.0,
806640.0,
806660.0,
806680.0,
806700.0,
806720.0,
806740.0,
806760.0,
806780.0,
806800.0,
806820.0,
806840.0,
806860.0,
806880.0,
806900.0,
806920.0,
806940.0,
806960.0,
806980.0,
807000.0,
807020.0,
807040.0,
807060.0,
807080.0,
807100.0,
807120.0,
807140.0,
807160.0,
807180.0,
807200.0,
807220.0,
807240.0,
807260.0,
807280.0,
807300.0,
807320.0,
807340.0,
807360.0,
807380.0,
807400.0,
807420.0,
807440.0,
807460.0,
807480.0,
807500.0,
807520.0,
807540.0,
807560.0,
807580.0,
807600.0,
807620.0,
807640.0,
807660.0,
807680.0,
807700.0,
807720.0,
807740.0,
807760.0,
807780.0,
807800.0,
807820.0,
807840.0,
807860.0,
807880.0,
807900.0,
807920.0,
807940.0,
807960.0,
807980.0,
808000.0,
808020.0,
808040.0,
808060.0,
808080.0,
808100.0,
808120.0,
808140.0,
808160.0,
808180.0,
808200.0,
808220.0,
808240.0,
808260.0,
808280.0,
808300.0,
808320.0,
808340.0,
808360.0,
808380.0,
808400.0,
808420.0,
808440.0,
808460.0,
808480.0,
808500.0,
808520.0,
808540.0,
808560.0,
808580.0,
808600.0,
808620.0,
808640.0,
808660.0,
808680.0,
808700.0,
808720.0,
808740.0,
808760.0,
808780.0,
808800.0,
808820.0,
808840.0,
808860.0,
808880.0,
808900.0,
808920.0,
808940.0,
808960.0,
808980.0,
809000.0,
809020.0,
809040.0,
809060.0,
809080.0,
809100.0,
809120.0,
809140.0,
809160.0,
809180.0,
809200.0,
809220.0,
809240.0,
809260.0,
809280.0,
809300.0,
809320.0,
809340.0,
809360.0,
809380.0,
809400.0,
809420.0,
809440.0,
809460.0,
809480.0,
809500.0,
809520.0,
809540.0,
809560.0,
809580.0,
809600.0,
809620.0,
809640.0,
809660.0,
809680.0,
809700.0,
809720.0,
809740.0,
809760.0,
809780.0,
809800.0,
809820.0,
809840.0,
809860.0,
809880.0,
809900.0,
809920.0,
809940.0,
809960.0,
809980.0,
810000.0,
810020.0,
810040.0,
810060.0,
810080.0,
810100.0,
810120.0,
810140.0,
810160.0,
810180.0,
810200.0,
810220.0,
810240.0,
810260.0,
810280.0,
810300.0,
810320.0,
810340.0,
810360.0,
810380.0,
810400.0,
810420.0,
810440.0,
810460.0,
810480.0,
810500.0,
810520.0,
810540.0,
810560.0,
810580.0,
810600.0,
810620.0,
810640.0,
810660.0,
810680.0,
810700.0,
810720.0,
810740.0,
810760.0,
810780.0,
810800.0,
810820.0,
810840.0,
810860.0,
810880.0,
810900.0,
810920.0,
810940.0,
810960.0,
810980.0,
811000.0,
811020.0,
811040.0,
811060.0,
811080.0,
811100.0,
811120.0,
811140.0,
811160.0,
811180.0,
811200.0,
811220.0,
811240.0,
811260.0,
811280.0,
811300.0,
811320.0,
811340.0,
811360.0,
811380.0,
811400.0,
811420.0,
811440.0,
811460.0,
811480.0,
811500.0,
811520.0,
811540.0,
811560.0,
811580.0,
811600.0,
811620.0,
811640.0,
811660.0,
811680.0,
811700.0,
811720.0,
811740.0,
811760.0,
811780.0,
811800.0,
811820.0,
811840.0,
811860.0,
811880.0,
811900.0,
811920.0,
811940.0,
811960.0,
811980.0,
812000.0,
812020.0,
812040.0,
812060.0,
812080.0,
812100.0,
812120.0,
812140.0,
812160.0,
812180.0,
812200.0,
812220.0,
812240.0,
812260.0,
812280.0,
812300.0,
812320.0,
812340.0,
812360.0,
812380.0,
812400.0,
812420.0,
812440.0,
812460.0,
812480.0,
812500.0,
812520.0,
812540.0,
812560.0,
812580.0,
812600.0,
812620.0,
812640.0,
812660.0,
812680.0,
812700.0,
812720.0,
812740.0,
812760.0,
812780.0,
812800.0,
812820.0,
812840.0,
812860.0,
812880.0,
812900.0,
812920.0,
812940.0,
812960.0,
812980.0,
813000.0,
813020.0,
813040.0,
813060.0,
813080.0,
813100.0,
813120.0,
813140.0,
813160.0,
813180.0,
813200.0,
813220.0,
813240.0,
813260.0,
813280.0,
813300.0,
813320.0,
813340.0,
813360.0,
813380.0,
813400.0,
813420.0,
813440.0,
813460.0,
813480.0,
813500.0,
813520.0,
813540.0,
813560.0,
813580.0,
813600.0,
813620.0,
813640.0,
813660.0,
813680.0,
813700.0,
813720.0,
813740.0,
813760.0,
813780.0,
813800.0,
813820.0,
813840.0,
813860.0,
813880.0,
813900.0,
813920.0,
813940.0,
813960.0,
813980.0,
814000.0,
814020.0,
814040.0,
814060.0,
814080.0,
814100.0,
814120.0,
814140.0,
814160.0,
814180.0,
814200.0,
814220.0,
814240.0,
814260.0,
814280.0,
814300.0,
814320.0,
814340.0,
814360.0,
814380.0,
814400.0,
814420.0,
814440.0,
814460.0,
814480.0,
814500.0,
814520.0,
814540.0,
814560.0,
814580.0,
814600.0,
814620.0,
814640.0,
814660.0,
814680.0,
814700.0,
814720.0,
814740.0,
814760.0,
814780.0,
814800.0,
814820.0,
814840.0,
814860.0,
814880.0,
814900.0,
814920.0,
814940.0,
814960.0,
814980.0,
815000.0,
815020.0,
815040.0,
815060.0,
815080.0,
815100.0,
815120.0,
815140.0,
815160.0,
815180.0,
815200.0,
815220.0,
815240.0,
815260.0,
815280.0,
815300.0,
815320.0,
815340.0,
815360.0,
815380.0,
815400.0,
815420.0,
815440.0,
815460.0,
815480.0,
815500.0,
815520.0,
815540.0,
815560.0,
815580.0,
815600.0,
815620.0,
815640.0,
815660.0,
815680.0,
815700.0,
815720.0,
815740.0,
815760.0,
815780.0,
815800.0,
815820.0,
815840.0,
815860.0,
815880.0,
815900.0,
815920.0,
815940.0,
815960.0,
815980.0,
816000.0,
816020.0,
816040.0,
816060.0,
816080.0,
816100.0,
816120.0,
816140.0,
816160.0,
816180.0,
816200.0,
816220.0,
816240.0,
816260.0,
816280.0,
816300.0,
816320.0,
816340.0,
816360.0,
816380.0,
816400.0,
816420.0,
816440.0,
816460.0,
816480.0,
816500.0,
816520.0,
816540.0,
816560.0,
816580.0,
816600.0,
816620.0,
816640.0,
816660.0,
816680.0,
816700.0,
816720.0,
816740.0,
816760.0,
816780.0,
816800.0,
816820.0,
816840.0,
816860.0,
816880.0,
816900.0,
816920.0,
816940.0,
816960.0,
816980.0,
817000.0,
817020.0,
817040.0,
817060.0,
817080.0,
817100.0,
817120.0,
817140.0,
817160.0,
817180.0,
817200.0,
817220.0,
817240.0,
817260.0,
817280.0,
817300.0,
817320.0,
817340.0,
817360.0,
817380.0,
817400.0,
817420.0,
817440.0,
817460.0,
817480.0,
817500.0,
817520.0,
817540.0,
817560.0,
817580.0,
817600.0,
817620.0,
817640.0,
817660.0,
817680.0,
817700.0,
817720.0,
817740.0,
817760.0,
817780.0,
817800.0,
817820.0,
817840.0,
817860.0,
817880.0,
817900.0,1315.3512656522264
817920.0,1326.9575889305256
817940.0,1368.3223437767695
817960.0,1428.1543978767086
817980.0,
818000.0,
818020.0,
818040.0,
818060.0,
818080.0,
818100.0,
818120.0,
818140.0,
818160.0,
818180.0,
818200.0,
818220.0,
818240.0,
818260.0,
818280.0,
818300.0,
818320.0,
818340.0,
818360.0,
818380.0,
818400.0,
818420.0,
818440.0,
818460.0,
818480.0,
818500.0,
818520.0,
818540.0,
818560.0,
818580.0,
818600.0,
818620.0,
818640.0,
818660.0,
818680.0,
818700.0,
818720.0,
818740.0,
818760.0,
818780.0,
818800.0,
818820.0,
818840.0,
818860.0,
818880.0,
818900.0,
818920.0,
818940.0,
818960.0,
818980.0,
819000.0,
819020.0,
819040.0,
819060.0,
819080.0,
819100.0,
819120.0,
819140.0,
819160.0,
819180.0,
819200.0,
819220.0,
819240.0,
819260.0,
819280.0,
819300.0,
819320.0,
819340.0,
819360.0,
819380.0,
819400.0,
819420.0,
819440.0,
819460.0,
819480.0,
819500.0,
819520.0,
819540.0,
819560.0,
819580.0,
819600.0,
819620.0,
819640.0,
819660.0,
819680.0,
819700.0,
819720.0,
819740.0,
819760.0,
819780.0,
819800.0,
819820.0,
819840.0,
819860.0,
819880.0,
819900.0,
819920.0,
819940.0,
819960.0,
819980.0,
820000.0,
820020.0,
820040.0,
820060.0,
820080.0,
820100.0,
820120.0,
820140.0,
820160.0,
820180.0,
820200.0,
820220.0,
820240.0,
820260.0,
820280.0,
820300.0,
820320.0,
820340.0,
820360.0,
820380.0,
820400.0,
820420.0,
820440.0,
820460.0,
820480.0,
820500.0,
820520.0,
820540.0,
820560.0,
820580.0,
820600.0,
820620.0,
820640.0,
820660.0,
820680.0,
820700.0,
820720.0,
820740.0,
820760.0,
820780.0,
820800.0,
820820.0,
820840.0,
820860.0,
820880.0,
820900.0,
820920.0,
820940.0,
820960.0,
820980.0,
821000.0,
821020.0,
821040.0,
821060.0,
821080.0,
821100.0,
821120.0,
821140.0,
821160.0,
821180.0,
821200.0,
821220.0,
821240.0,
821260.0,
821280.0,
821300.0,
821320.0,
821340.0,
821360.0,
821380.0,
821400.0,
821420.0,
821440.0,
821460.0,
821480.0,
821500.0,
821520.0,
821540.0,
821560.0,
821580.0,
821600.0,
821620.0,
821640.0,
821660.0,
821680.0,
821700.0,
821720.0,
821740.0,
821760.0,
821780.0,
821800.0,
821820.0,
821840.0,
821860.0,
821880.0,
821900.0,
821920.0,
821940.0,
821960.0,
821980.0,
822000.0,
822020.0,
822040.0,
822060.0,
822080.0,
822100.0,
822120.0,
822140.0,
822160.0,
822180.0,
822200.0,
822220.0,
822240.0,
822260.0,
822280.0,
822300.0,
822320.0,
822340.0,
822360.0,
822380.0,
822400.0,
822420.0,
822440.0,
822460.0,
822480.0,
822500.0,
822520.0,
822540.0,
822560.0,
822580.0,
822600.0,
822620.0,
822640.0,
822660.0,
822680.0,
822700.0,
822720.0,
822740.0,
822760.0,
822780.0,
822800.0,
822820.0,
822840.0,
822860.0,
822880.0,
822900.0,
822920.0,
822940.0,
822960.0,
822980.0,
823000.0,
823020.0,
823040.0,
823060.0,
823080.0,
823100.0,
823120.0,
823140.0,
823160.0,
823180.0,
823200.0,
823220.0,
823240.0,
823260.0,
823280.0,
823300.0,
823320.0,
823340.0,
823360.0,
823380.0,
823400.0,
823420.0,
823440.0,
823460.0,
823480.0,
823500.0,
823520.0,
823540.0,
823560.0,
823580.0,
823600.0,
823620.0,
823640.0,
823660.0,
823680.0,
823700.0,
823720.0,
823740.0,
823760.0,
823780.0,
823800.0,
823820.0,
823840.0,
823860.0,
823880.0,
823900.0,
823920.0,
823940.0,
823960.0,
823980.0,
824000.0,
824020.0,
824040.0,
824060.0,
824080.0,
824100.0,
824120.0,
824140.0,
824160.0,
824180.0,
824200.0,
824220.0,
824240.0,
824260.0,
824280.0,
824300.0,
824320.0,
824340.0,
824360.0,
824380.0,
824400.0,
824420.0,
824440.0,
824460.0,
824480.0,
824500.0,
824520.0,
824540.0,
824560.0,
824580.0,
824600.0,
824620.0,
824640.0,
824660.0,
824680.0,
824700.0,
824720.0,
824740.0,
824760.0,
824780.0,
824800.0,
824820.0,
824840.0,
824860.0,
824880.0,
824900.0,
824920.0,
824940.0,
824960.0,
824980.0,
825000.0,
825020.0,
825040.0,
825060.0,
825080.0,
825100.0,
825120.0,
825140.0,
825160.0,
825180.0,
825200.0,
825220.0,
825240.0,
825260.0,
825280.0,
825300.0,
825320.0,
825340.0,
825360.0,
825380.0,
825400.0,
825420.0,
825440.0,
825460.0,
825480.0,
825500.0,
825520.0,
825540.0,
825560.0,
825580.0,
825600.0,
825620.0,
825640.0,
825660.0,
825680.0,
825700.0,
825720.0,
825740.0,
825760.0,
825780.0,
825800.0,
825820.0,
825840.0,
825860.0,
825880.0,
825900.0,
825920.0,
825940.0,
825960.0,
825980.0,
826000.0,
826020.0,
826040.0,
826060.0,
826080.0,
826100.0,
826120.0,
826140.0,
826160.0,
826180.0,
826200.0,
826220.0,
826240.0,
826260.0,
826280.0,
826300.0,
826320.0,
826340.0,
826360.0,
826380.0,
826400.0,
826420.0,
826440.0,
826460.0,
826480.0,
826500.0,
826520.0,
826540.0,
826560.0,
826580.0,
826600.0,
826620.0,
826640.0,
826660.0,
826680.0,
826700.0,
826720.0,
826740.0,
826760.0,
826780.0,
826800.0,
826820.0,
826840.0,
826860.0,
826880.0,
826900.0,
826920.0,
826940.0,
826960.0,
826980.0,
827000.0,
827020.0,
827040.0,
827060.0,
827080.0,
827100.0,
827120.0,
827140.0,
827160.0,
827180.0,
827200.0,
827220.0,
827240.0,
827260.0,
827280.0,
827300.0,
827320.0,
827340.0,
827360.0,
827380.0,
827400.0,
827420.0,
827440.0,
827460.0,
827480.0,
827500.0,
827520.0,
827540.0,
827560.0,
827580.0,
827600.0,
827620.0,
827640.0,
827660.0,
827680.0,
827700.0,
827720.0,
827740.0,
827760.0,
827780.0,
827800.0,
827820.0,
827840.0,
827860.0,
827880.0,
827900.0,
827920.0,
827940.0,
827960.0,
827980.0,
828000.0,
828020.0,
828040.0,
828060.0,
828080.0,
828100.0,
828120.0,
828140.0,
828160.0,
828180.0,
828200.0,
828220.0,
828240.0,
828260.0,
828280.0,
828300.0,
828320.0,
828340.0,
828360.0,
828380.0,
828400.0,
828420.0,
828440.0,
828460.0,
828480.0,
828500.0,
828520.0,
828540.0,
828560.0,
828580.0,
828600.0,
828620.0,
828640.0,
828660.0,
828680.0,
828700.0,
828720.0,
828740.0,
828760.0,
828780.0,
828800.0,
828820.0,
828840.0,
828860.0,
828880.0,
828900.0,
828920.0,
828940.0,
828960.0,
828980.0,
829000.0,
829020.0,
829040.0,
829060.0,
829080.0,
829100.0,
829120.0,
829140.0,
829160.0,
829180.0,
829200.0,
829220.0,
829240.0,
829260.0,
829280.0,
829300.0,
829320.0,
829340.0,
829360.0,
829380.0,
829400.0,
829420.0,
829440.0,
829460.0,
829480.0,
829500.0,
829520.0,
829540.0,
829560.0,
829580.0,
829600.0,
829620.0,
829640.0,
829660.0,
829680.0,
829700.0,
829720.0,
829740.0,
829760.0,
829780.0,
829800.0,
829820.0,
829840.0,
829860.0,
829880.0,
829900.0,
829920.0,
829940.0,
829960.0,
829980.0,
830000.0,
830020.0,
830040.0,
830060.0,
830080.0,
830100.0,
830120.0,
830140.0,
830160.0,
830180.0,
830200.0,
830220.0,
830240.0,
830260.0,
830280.0,
830300.0,
830320.0,
830340.0,
830360.0,
830380.0,
830400.0,
830420.0,
830440.0,
830460.0,
830480.0,
830500.0,
830520.0,
830540.0,
830560.0,
830580.0,
830600.0,
830620.0,
830640.0,
830660.0,
830680.0,
830700.0,
830720.0,
830740.0,
830760.0,
830780.0,
830800.0,
830820.0,
830840.0,
830860.0,
830880.0,
830900.0,
830920.0,
830940.0,
830960.0,
830980.0,
831000.0,
831020.0,
831040.0,
831060.0,
831080.0,
831100.0,
831120.0,
831140.0,
831160.0,
831180.0,
831200.0,
831220.0,
831240.0,
831260.0,
831280.0,
831300.0,
831320.0,
831340.0,
831360.0,
831380.0,
831400.0,
831420.0,
831440.0,
831460.0,
831480.0,
831500.0,
831520.0,
831540.0,
831560.0,
831580.0,
831600.0,
831620.0,
831640.0,
831660.0,
831680.0,
831700.0,
831720.0,
831740.0,
831760.0,
831780.0,
831800.0,
831820.0,
831840.0,
831860.0,
831880.0,
831900.0,
831920.0,
831940.0,
831960.0,
831980.0,
832000.0,
832020.0,
832040.0,
832060.0,
832080.0,
832100.0,
832120.0,
832140.0,
832160.0,
832180.0,
832200.0,
832220.0,
832240.0,
832260.0,
832280.0,
832300.0,
832320.0,
832340.0,
832360.0,
832380.0,
832400.0,
832420.0,
832440.0,
832460.0,
832480.0,
832500.0,
832520.0,
832540.0,
832560.0,
832580.0,
832600.0,
832620.0,
832640.0,
832660.0,
832680.0,
832700.0,
832720.0,
832740.0,
832760.0,
832780.0,
832800.0,
832820.0,
832840.0,
832860.0,
832880.0,
832900.0,
832920.0,
832940.0,
832960.0,
832980.0,
833000.0,
833020.0,
833040.0,
833060.0,
833080.0,
833100.0,
833120.0,
833140.0,
833160.0,
833180.0,
833200.0,
833220.0,
833240.0,
833260.0,
833280.0,
833300.0,
833320.0,
833340.0,
833360.0,
833380.0,
833400.0,
833420.0,
833440.0,
833460.0,
833480.0,
833500.0,
833520.0,
833540.0,
833560.0,
833580.0,
833600.0,
833620.0,
833640.0,
833660.0,
833680.0,
833700.0,
833720.0,
833740.0,
833760.0,
833780.0,
833800.0,
833820.0,
833840.0,
833860.0,
833880.0,
833900.0,
833920.0,
833940.0,
833960.0,
833980.0,
834000.0,
834020.0,
834040.0,
834060.0,
834080.0,
834100.0,
834120.0,
834140.0,
834160.0,
834180.0,
834200.0,
834220.0,
834240.0,
834260.0,
834280.0,
834300.0,
834320.0,
834340.0,
834360.0,
834380.0,
834400.0,
834420.0,
834440.0,
834460.0,
834480.0,
834500.0,
834520.0,
834540.0,
834560.0,
834580.0,
834600.0,
834620.0,
834640.0,
834660.0,
834680.0,
834700.0,
834720.0,
834740.0,
834760.0,
834780.0,
834800.0,
834820.0,
834840.0,
834860.0,
834880.0,
834900.0,
834920.0,
834940.0,
834960.0,
834980.0,
835000.0,
835020.0,
835040.0,
835060.0,
835080.0,
835100.0,
835120.0,
835140.0,
835160.0,
835180.0,
835200.0,
835220.0,
835240.0,
835260.0,
835280.0,
835300.0,
835320.0,
835340.0,
835360.0,
835380.0,
835400.0,
835420.0,
835440.0,
835460.0,
835480.0,
835500.0,
835520.0,
835540.0,
835560.0,
835580.0,
835600.0,
835620.0,
835640.0,
835660.0,
835680.0,
835700.0,
835720.0,
835740.0,
835760.0,
835780.0,
835800.0,
835820.0,
835840.0,
835860.0,
835880.0,
835900.0,
835920.0,
835940.0,
835960.0,
835980.0,
836000.0,
836020.0,
836040.0,
836060.0,
836080.0,
836100.0,
836120.0,
836140.0,
836160.0,
836180.0,
836200.0,
836220.0,
836240.0,
836260.0,
836280.0,
836300.0,
836320.0,
836340.0,
836360.0,
836380.0,
836400.0,
836420.0,
836440.0,
836460.0,
836480.0,
836500.0,
836520.0,
836540.0,
836560.0,
836580.0,
836600.0,
836620.0,
836640.0,
836660.0,
836680.0,
836700.0,
836720.0,
836740.0,
836760.0,
836780.0,
836800.0,
836820.0,
836840.0,
836860.0,
836880.0,
836900.0,
836920.0,
836940.0,
836960.0,
836980.0,
837000.0,
837020.0,
837040.0,
837060.0,
837080.0,
837100.0,
837120.0,
837140.0,
837160.0,
837180.0,
837200.0,
837220.0,
837240.0,
837260.0,
837280.0,
837300.0,
837320.0,
837340.0,
837360.0,
837380.0,
837400.0,
837420.0,
837440.0,
837460.0,
837480.0,
837500.0,
837520.0,
837540.0,
837560.0,
837580.0,
837600.0,
837620.0,
837640.0,
837660.0,
837680.0,
837700.0,
837720.0,
837740.0,
837760.0,
837780.0,
837800.0,
837820.0,
837840.0,
837860.0,
837880.0,
837900.0,
837920.0,
837940.0,
837960.0,
837980.0,
838000.0,
838020.0,
838040.0,
838060.0,
838080.0,
838100.0,
838120.0,
838140.0,
838160.0,
838180.0,
838200.0,
838220.0,
838240.0,
838260.0,
838280.0,
838300.0,
838320.0,
838340.0,
838360.0,
838380.0,
838400.0,
838420.0,
838440.0,
838460.0,
838480.0,
838500.0,
838520.0,
838540.0,
838560.0,
838580.0,
838600.0,
838620.0,
838640.0,
838660.0,
838680.0,
838700.0,
838720.0,
838740.0,
838760.0,
838780.0,
838800.0,
838820.0,
838840.0,
838860.0,
838880.0,
838900.0,
838920.0,
838940.0,
838960.0,
838980.0,
839000.0,
839020.0,
839040.0,
839060.0,
839080.0,
839100.0,
839120.0,
839140.0,
839160.0,
839180.0,
839200.0,
839220.0,
839240.0,
839260.0,
839280.0,
839300.0,
839320.0,
839340.0,
839360.0,
839380.0,
839400.0,
839420.0,
839440.0,
839460.0,
839480.0,
839500.0,
839520.0,
839540.0,
839560.0,
839580.0,
839600.0,
839620.0,
839640.0,
839660.0,
839680.0,
839700.0,
839720.0,
839740.0,
839760.0,
839780.0,
839800.0,1255.5083349960412
839820.0,1232.5991408697441
839840.0,1181.6512539597447
839860.0,1115.751445118806
839880.0,1041.3383275520407
839900.0,966.9508624978492
839920.0,900.3596187384958
839940.0,846.7903945641349
839960.0,808.4869582345548
839980.0,785.105159709497
840000.0,774.4481483969646
840020.0,773.2416298735691
840040.0,777.7191152369539
840060.0,783.9367402191954
840080.0,787.8870030718797
840100.0,785.5695996297628
840120.0,773.2014126039019
840140.0,747.6928707123302
840160.0,707.4053697929428
840180.0,653.0533761033711
840200.0,588.3961014494429
840220.0,550.7485125449645
840240.0,
840260.0,
840280.0,
840300.0,
840320.0,
840340.0,
840360.0,
840380.0,
840400.0,
840420.0,
840440.0,
840460.0,
840480.0,
840500.0,
840520.0,
840540.0,
840560.0,
840580.0,
840600.0,
840620.0,
840640.0,
840660.0,
840680.0,
840700.0,
840720.0,
840740.0,
840760.0,
840780.0,
840800.0,
840820.0,
840840.0,
840860.0,
840880.0,
840900.0,
840920.0,
840940.0,
840960.0,
840980.0,
841000.0,
841020.0,
841040.0,
841060.0,
841080.0,
841100.0,
841120.0,
841140.0,
841160.0,
841180.0,
841200.0,
841220.0,
841240.0,
841260.0,
841280.0,
841300.0,
841320.0,
841340.0,
841360.0,
841380.0,
841400.0,
841420.0,
841440.0,
841460.0,
841480.0,
841500.0,
841520.0,
841540.0,
841560.0,
841580.0,
841600.0,
841620.0,
841640.0,
841660.0,
841680.0,
841700.0,
841720.0,
841740.0,
841760.0,
841780.0,
841800.0,
841820.0,
841840.0,
841860.0,
841880.0,
841900.0,
841920.0,
841940.0,
841960.0,
841980.0,
842000.0,
842020.0,
842040.0,
842060.0,
842080.0,
842100.0,
842120.0,
842140.0,
842160.0,
842180.0,
842200.0,
842220.0,
842240.0,
842260.0,
842280.0,
842300.0,
842320.0,
842340.0,
842360.0,
842380.0,
842400.0,
842420.0,
842440.0,
842460.0,
842480.0,
842500.0,
842520.0,
842540.0,
842560.0,
842580.0,
842600.0,
842620.0,
842640.0,
842660.0,
842680.0,
842700.0,
842720.0,
842740.0,
842760.0,
842780.0,
842800.0,
842820.0,
842840.0,
842860.0,
842880.0,
842900.0,
842920.0,
842940.0,
842960.0,
842980.0,
843000.0,
843020.0,
843040.0,
843060.0,
843080.0,
843100.0,
843120.0,
843140.0,
843160.0,
843180.0,
843200.0,
843220.0,
843240.0,
843260.0,
843280.0,
843300.0,
843320.0,
843340.0,
843360.0,
843380.0,
843400.0,
843420.0,
843440.0,
843460.0,
843480.0,
843500.0,
843520.0,
843540.0,
843560.0,
843580.0,
843600.0,
843620.0,
843640.0,
843660.0,
843680.0,
843700.0,
843720.0,
843740.0,
843760.0,
843780.0,
843800.0,
843820.0,
843840.0,
843860.0,
843880.0,
843900.0,
843920.0,
843940.0,
843960.0,
843980.0,
844000.0,
844020.0,
844040.0,
844060.0,
844080.0,
844100.0,
844120.0,
844140.0,
844160.0,
844180.0,
844200.0,
844220.0,
844240.0,
844260.0,
844280.0,
844300.0,
844320.0,
844340.0,
844360.0,
844380.0,
844400.0,
844420.0,
844440.0,
844460.0,
844480.0,
844500.0,
844520.0,
844540.0,
844560.0,
844580.0,
844600.0,
844620.0,
844640.0,
844660.0,
844680.0,
844700.0,
844720.0,
844740.0,
844760.0,
844780.0,
844800.0,
844820.0,
844840.0,
844860.0,
844880.0,
844900.0,
844920.0,
844940.0,
844960.0,
844980.0,
845000.0,
845020.0,
845040.0,
845060.0,
845080.0,
845100.0,
845120.0,
845140.0,
845160.0,
845180.0,
845200.0,
845220.0,
845240.0,
845260.0,
845280.0,
845300.0,
845320.0,
845340.0,
845360.0,
845380.0,
845400.0,
845420.0,
845440.0,
845460.0,
845480.0,
845500.0,
845520.0,
845540.0,
845560.0,
845580.0,
845600.0,
845620.0,
845640.0,
845660.0,
845680.0,
845700.0,
845720.0,
845740.0,
845760.0,
845780.0,
845800.0,
845820.0,
845840.0,
845860.0,
845880.0,
845900.0,
845920.0,
845940.0,
845960.0,
845980.0,
846000.0,
846020.0,
846040.0,
846060.0,
846080.0,
846100.0,
846120.0,
846140.0,
846160.0,
846180.0,
846200.0,
846220.0,
846240.0,
846260.0,
846280.0,
846300.0,
846320.0,
846340.0,
846360.0,
846380.0,
846400.0,
846420.0,
846440.0,
846460.0,
846480.0,
846500.0,
846520.0,
846540.0,
846560.0,
846580.0,
846600.0,
846620.0,
846640.0,
846660.0,
846680.0,
846700.0,
846720.0,
846740.0,
846760.0,
846780.0,
846800.0,
846820.0,
846840.0,
846860.0,
846880.0,
846900.0,
846920.0,
846940.0,
846960.0,
846980.0,
847000.0,
847020.0,
847040.0,
847060.0,
847080.0,
847100.0,
847120.0,
847140.0,
847160.0,
847180.0,
847200.0,
847220.0,
847240.0,
847260.0,
847280.0,
847300.0,
847320.0,
847340.0,
847360.0,
847380.0,
847400.0,
847420.0,
847440.0,
847460.0,
847480.0,
847500.0,
847520.0,
847540.0,
847560.0,
847580.0,
847600.0,
847620.0,
847640.0,
847660.0,
847680.0,
847700.0,
847720.0,
847740.0,
847760.0,
847780.0,
847800.0,
847820.0,
847840.0,
847860.0,
847880.0,
847900.0,
847920.0,
847940.0,
847960.0,
847980.0,
848000.0,
848020.0,
848040.0,
848060.0,
848080.0,
848100.0,
848120.0,
848140.0,
848160.0,
848180.0,
848200.0,
848220.0,
848240.0,
848260.0,
848280.0,
848300.0,
848320.0,
848340.0,
848360.0,
848380.0,
848400.0,
848420.0,
848440.0,
848460.0,
848480.0,
848500.0,
848520.0,
848540.0,
848560.0,
848580.0,
848600.0,
848620.0,
848640.0,
848660.0,
848680.0,
848700.0,
848720.0,
848740.0,
848760.0,
848780.0,
848800.0,
848820.0,
848840.0,
848860.0,
848880.0,
848900.0,
848920.0,
848940.0,
848960.0,
848980.0,
849000.0,
849020.0,
849040.0,
849060.0,
849080.0,
849100.0,
849120.0,
849140.0,
849160.0,
849180.0,
849200.0,
849220.0,
849240.0,
849260.0,
849280.0,
849300.0,
849320.0,
849340.0,
849360.0,
849380.0,
849400.0,
849420.0,
849440.0,
849460.0,
849480.0,
849500.0,
849520.0,
849540.0,
849560.0,
849580.0,
849600.0,
849620.0,
849640.0,
849660.0,
849680.0,
849700.0,
849720.0,
849740.0,
849760.0,
849780.0,
849800.0,
849820.0,
849840.0,
849860.0,
849880.0,
849900.0,
849920.0,
849940.0,
849960.0,
849980.0,
850000.0,
850020.0,
850040.0,
850060.0,
850080.0,
850100.0,
850120.0,
850140.0,
850160.0,
850180.0,
850200.0,
850220.0,
850240.0,
850260.0,
850280.0,
850300.0,
850320.0,
850340.0,
850360.0,
850380.0,
850400.0,
850420.0,
850440.0,
850460.0,
850480.0,
850500.0,
850520.0,
850540.0,
850560.0,
850580.0,
850600.0,
850620.0,
850640.0,
850660.0,
850680.0,
850700.0,
850720.0,
850740.0,
850760.0,
850780.0,
850800.0,
850820.0,
850840.0,
850860.0,
850880.0,
850900.0,
850920.0,
850940.0,
850960.0,
850980.0,
851000.0,
851020.0,
851040.0,
851060.0,
851080.0,
851100.0,
851120.0,
851140.0,
851160.0,
851180.0,
851200.0,
851220.0,
851240.0,
851260.0,
851280.0,
851300.0,
851320.0,
851340.0,
851360.0,
851380.0,
851400.0,
851420.0,
851440.0,
851460.0,
851480.0,
851500.0,
851520.0,
851540.0,
851560.0,
851580.0,
851600.0,
851620.0,
851640.0,
851660.0,
851680.0,
851700.0,
851720.0,
851740.0,
851760.0,
851780.0,
851800.0,
851820.0,
851840.0,
851860.0,
851880.0,
851900.0,
851920.0,
851940.0,
851960.0,
851980.0,
852000.0,
852020.0,
852040.0,
852060.0,
852080.0,
852100.0,
852120.0,
852140.0,
852160.0,
852180.0,
852200.0,
852220.0,
852240.0,
852260.0,
852280.0,
852300.0,
852320.0,
852340.0,
852360.0,
852380.0,
852400.0,
852420.0,
852440.0,
852460.0,
852480.0,
852500.0,
852520.0,
852540.0,
852560.0,
852580.0,
852600.0,
852620.0,
852640.0,
852660.0,
852680.0,
852700.0,
852720.0,
852740.0,
852760.0,
852780.0,
852800.0,
852820.0,
852840.0,
852860.0,
852880.0,
852900.0,
852920.0,
852940.0,
852960.0,
852980.0,
853000.0,
853020.0,
853040.0,
853060.0,
853080.0,
853100.0,
853120.0,
853140.0,
853160.0,
853180.0,
853200.0,
853220.0,
853240.0,
853260.0,
853280.0,
853300.0,
853320.0,
853340.0,
853360.0,
853380.0,
853400.0,
853420.0,
853440.0,
853460.0,
853480.0,
853500.0,
853520.0,
853540.0,
853560.0,
853580.0,
853600.0,
853620.0,
853640.0,
853660.0,
853680.0,
853700.0,
853720.0,
853740.0,
853760.0,
853780.0,
853800.0,
853820.0,
853840.0,
853860.0,
853880.0,
853900.0,
853920.0,
853940.0,
853960.0,
853980.0,
854000.0,
854020.0,
854040.0,
854060.0,
854080.0,
854100.0,
854120.0,
854140.0,
854160.0,
854180.0,
854200.0,
854220.0,
854240.0,
854260.0,
854280.0,
854300.0,
854320.0,
854340.0,
854360.0,
854380.0,
854400.0,
854420.0,
854440.0,
854460.0,
854480.0,
854500.0,
854520.0,
854540.0,
854560.0,
854580.0,
854600.0,
854620.0,
854640.0,
854660.0,
854680.0,
854700.0,
854720.0,
854740.0,
854760.0,
854780.0,
854800.0,
854820.0,
854840.0,
854860.0,
854880.0,
854900.0,
854920.0,
854940.0,
854960.0,
854980.0,
855000.0,
855020.0,
855040.0,
855060.0,
855080.0,
855100.0,
855120.0,
855140.0,
855160.0,
855180.0,
855200.0,
855220.0,
855240.0,
855260.0,
855280.0,
855300.0,
855320.0,
855340.0,
855360.0,
855380.0,
855400.0,
855420.0,
855440.0,
855460.0,
855480.0,
855500.0,
855520.0,
855540.0,
855560.0,
855580.0,
855600.0,
855620.0,
855640.0,
855660.0,
855680.0,
855700.0,
855720.0,
855740.0,
855760.0,
855780.0,
855800.0,
855820.0,
855840.0,
855860.0,
855880.0,
855900.0,
855920.0,
855940.0,
855960.0,
855980.0,
856000.0,
856020.0,
856040.0,
856060.0,
856080.0,
856100.0,
856120.0,
856140.0,
856160.0,
856180.0,
856200.0,
856220.0,
856240.0,
856260.0,
856280.0,
856300.0,
856320.0,
856340.0,
856360.0,
856380.0,
856400.0,
856420.0,
856440.0,
856460.0,
856480.0,
856500.0,
856520.0,
856540.0,
856560.0,
856580.0,
856600.0,
856620.0,
856640.0,
856660.0,
856680.0,
856700.0,
856720.0,
856740.0,
856760.0,
856780.0,
856800.0,
856820.0,
856840.0,
856860.0,
856880.0,
856900.0,
856920.0,
856940.0,
856960.0,
856980.0,
857000.0,
857020.0,
857040.0,
857060.0,
857080.0,
857100.0,
857120.0,
857140.0,
857160.0,
857180.0,
857200.0,
857220.0,
857240.0,
857260.0,
857280.0,
857300.0,
857320.0,
857340.0,
857360.0,
857380.0,
857400.0,
857420.0,
857440.0,
857460.0,
857480.0,
857500.0,
857520.0,
857540.0,
857560.0,
857580.0,
857600.0,
857620.0,
857640.0,
857660.0,
857680.0,
857700.0,
857720.0,
857740.0,
857760.0,
857780.0,
857800.0,
857820.0,
857840.0,
857860.0,
857880.0,
857900.0,
857920.0,
857940.0,
857960.0,
857980.0,
858000.0,
858020.0,
858040.0,
858060.0,
858080.0,
858100.0,
858120.0,
858140.0,
858160.0,
858180.0,
858200.0,
858220.0,
858240.0,
858260.0,
858280.0,
858300.0,
858320.0,
858340.0,
858360.0,
858380.0,
858400.0,
858420.0,
858440.0,
858460.0,
858480.0,
858500.0,
858520.0,
858540.0,
858560.0,
858580.0,
858600.0,
858620.0,
858640.0,
858660.0,
858680.0,
858700.0,
858720.0,
858740.0,
858760.0,
858780.0,
858800.0,
858820.0,
858840.0,
858860.0,
858880.0,
858900.0,
858920.0,
858940.0,
858960.0,
858980.0,
859000.0,
859020.0,
859040.0,
859060.0,
859080.0,
859100.0,
859120.0,
859140.0,
859160.0,
859180.0,
859200.0,
859220.0,
859240.0,
859260.0,
859280.0,
859300.0,
859320.0,
859340.0,
859360.0,
859380.0,
859400.0,
859420.0,
859440.0,
859460.0,
859480.0,
859500.0,
859520.0,
859540.0,
859560.0,
859580.0,
859600.0,
859620.0,
859640.0,
859660.0,
859680.0,
859700.0,
859720.0,
859740.0,
859760.0,
859780.0,
859800.0,
859820.0,
859840.0,
859860.0,
859880.0,
859900.0,
859920.0,
859940.0,
859960.0,
859980.0,
860000.0,
860020.0,
860040.0,
860060.0,
860080.0,
860100.0,
860120.0,
860140.0,
860160.0,
860180.0,
860200.0,
860220.0,
860240.0,
860260.0,
860280.0,
860300.0,
860320.0,
860340.0,
860360.0,
860380.0,
860400.0,
860420.0,
860440.0,
860460.0,
860480.0,
860500.0,
860520.0,
860540.0,
860560.0,
860580.0,
860600.0,
860620.0,
860640.0,
860660.0,
860680.0,
860700.0,
860720.0,
860740.0,
860760.0,
860780.0,
860800.0,
860820.0,
860840.0,
860860.0,
860880.0,
860900.0,
860920.0,
860940.0,
860960.0,
860980.0,
861000.0,
861020.0,
861040.0,
861060.0,
861080.0,
861100.0,
861120.0,
861140.0,
861160.0,
861180.0,
861200.0,
861220.0,
861240.0,
861260.0,
861280.0,
861300.0,
861320.0,
861340.0,
861360.0,
861380.0,
861400.0,
861420.0,
861440.0,
861460.0,
861480.0,
861500.0,
861520.0,
861540.0,
861560.0,
861580.0,
861600.0,
861620.0,1292.5676641233574
861640.0,1214.868285785034
861660.0,1111.5592626270638
861680.0,1026.4142273100401
861700.0,964.7388258242938
861720.0,926.5204867962423
861740.0,907.779971308882
861760.0,902.4375884551275
861780.0,904.0665705786912
861800.0,907.1802246284236
861820.0,907.9329577936753
861840.0,904.2858330945201
861860.0,895.7786093200308
861880.0,883.0877710842424
861900.0,867.521460385213
861920.0,850.5667139400842
861940.0,833.5644601107203
861960.0,817.5298771771274
861980.0,803.0944885422186
862000.0,790.5383072010198
862020.0,779.879143145002
862040.0,770.9755340617821
862060.0,763.6173337710745
862080.0,757.5950119414977
862100.0,752.7441214836099
862120.0,748.9618728754128
862140.0,746.1992894896298
862160.0,744.4389290329449
862180.0,743.6748519146479
862200.0,743.8979677206514
862220.0,745.0866924994348
862240.0,747.2047473254612
862260.0,750.2050185521382
862280.0,754.0430598505468
862300.0,758.6926633251858
862320.0,764.1503569474241
862340.0,770.429356314984
862360.0,777.5447562403738
862380.0,785.4860216571185
862400.0,794.1815842090172
862420.0,803.4576011466164
862440.0,813.0061450593214
862460.0,822.3849774977509
862480.0,831.0550600828743
862500.0,838.4665395203754
862520.0,844.1999538897617
862540.0,848.1580198203623
862560.0,850.7895764584467
862580.0,853.2989565299447
862600.0,857.7686617705087
862620.0,867.1029660995964
862640.0,884.7013910663505
862660.0,913.8072926391281
862680.0,956.5782246604695
862700.0,1013.0486536499762
862720.0,1080.325167819937
862740.0,1152.5915672520166
862760.0,1202.426181645054
862780.0,
862800.0,
862820.0,
862840.0,
862860.0,
862880.0,
862900.0,
862920.0,
862940.0,
862960.0,
862980.0,
863000.0,
863020.0,
863040.0,
863060.0,
863080.0,
863100.0,
863120.0,
863140.0,
863160.0,
863180.0,
863200.0,
863220.0,
863240.0,
863260.0,
863280.0,
863300.0,
863320.0,
863340.0,
863360.0,
863380.0,
863400.0,
863420.0,
863440.0,
863460.0,
863480.0,
863500.0,
863520.0,
863540.0,
863560.0,
863580.0,
863600.0,
863620.0,
863640.0,
863660.0,
863680.0,
863700.0,
863720.0,
863740.0,
863760.0,
863780.0,
863800.0,
863820.0,
863840.0,
863860.0,
863880.0,
863900.0,
863920.0,
863940.0,
863960.0,
863980.0,
864000.0,
864020.0,
864040.0,
864060.0,
864080.0,
864100.0,
864120.0,
864140.0,
864160.0,
864180.0,
864200.0,
864220.0,
864240.0,
864260.0,
864280.0,
864300.0,
864320.0,
864340.0,
864360.0,
864380.0,
864400.0,
864420.0,
864440.0,
864460.0,
864480.0,
864500.0,
864520.0,
864540.0,
864560.0,
864580.0,
864600.0,
864620.0,
864640.0,
864660.0,
864680.0,
864700.0,
864720.0,
864740.0,
864760.0,
864780.0,
864800.0,
864820.0,
864840.0,
864860.0,
864880.0,
864900.0,
864920.0,
864940.0,
864960.0,
864980.0,
865000.0,
865020.0,
865040.0,
865060.0,
865080.0,
865100.0,
865120.0,
865140.0,
865160.0,
865180.0,
865200.0,
865220.0,
865240.0,
865260.0,
865280.0,
865300.0,
865320.0,
865340.0,
865360.0,
865380.0,
865400.0,
865420.0,
865440.0,
865460.0,
865480.0,
865500.0,
865520.0,
865540.0,
865560.0,
865580.0,
865600.0,
865620.0,
865640.0,
865660.0,
865680.0,
865700.0,
865720.0,
865740.0,
865760.0,
865780.0,
865800.0,
865820.0,
865840.0,
865860.0,
865880.0,
865900.0,
865920.0,
865940.0,
865960.0,
865980.0,
866000.0,
866020.0,
866040.0,
866060.0,
866080.0,
866100.0,
866120.0,
866140.0,
866160.0,
866180.0,
866200.0,
866220.0,
866240.0,
866260.0,
866280.0,
866300.0,
866320.0,
866340.0,
866360.0,
866380.0,
866400.0,
866420.0,
866440.0,
866460.0,
866480.0,
866500.0,
866520.0,
866540.0,
866560.0,
866580.0,
866600.0,
866620.0,
866640.0,
866660.0,
866680.0,
866700.0,
866720.0,
866740.0,
866760.0,
866780.0,
866800.0,
866820.0,
866840.0,
866860.0,
866880.0,
866900.0,
866920.0,
866940.0,
866960.0,
866980.0,
867000.0,
867020.0,
867040.0,
867060.0,
867080.0,
867100.0,
867120.0,
867140.0,
867160.0,
867180.0,
867200.0,
867220.0,
867240.0,
867260.0,
867280.0,
867300.0,
867320.0,
867340.0,
867360.0,
867380.0,
867400.0,
867420.0,
867440.0,
867460.0,
867480.0,
867500.0,
867520.0,
867540.0,
867560.0,
867580.0,
867600.0,
867620.0,
867640.0,
867660.0,
867680.0,
867700.0,
867720.0,
867740.0,
867760.0,
867780.0,
867800.0,
867820.0,
867840.0,
867860.0,
867880.0,
867900.0,
867920.0,
867940.0,
867960.0,
867980.0,
868000.0,
868020.0,
868040.0,
868060.0,
868080.0,
868100.0,
868120.0,
868140.0,
868160.0,
868180.0,
868200.0,
868220.0,
868240.0,
868260.0,
868280.0,
868300.0,
868320.0,776.6037203935404
868340.0,772.5330395898669
868360.0,767.9010226790297
868380.0,763.7400906917868
868400.0,760.2581452852248
868420.0,757.4987526586349
868440.0,755.3493947506439
868460.0,753.5800120609017
868480.0,751.8921949200055
868500.0,749.9782204746809
868520.0,747.5799903273426
868540.0,744.5309892615821
868560.0,740.7786432227249
868580.0,736.3834123851412
868600.0,731.5005261104386
868620.0,726.3529453081317
868640.0,721.1955470901364
868660.0,716.2768084963816
868680.0,711.8110111632379
868700.0,707.9737825048211
868720.0,704.9205959433725
868740.0,702.8045146927395
868760.0,701.7772526316365
868780.0,701.9654317562578
868800.0,703.4199821408511
868820.0,706.0498212817171
868840.0,709.5621889333426
868860.0,713.4309992427623
868880.0,716.9249184199663
868900.0,719.229390589274
868920.0,719.6680341157559
868940.0,718.0069701305944
868960.0,714.8138949650046
868980.0,711.8019434706689
869000.0,712.0381249564115
869020.0,719.8538709319427
869040.0,740.2384543758719
869060.0,777.622249978381
869080.0,834.2996442575841
869100.0,909.0963544176147
869120.0,996.9478187930554
869140.0,1089.642112636533
869160.0,1161.0393398426525
869180.0,
869200.0,
869220.0,
869240.0,
869260.0,
869280.0,
869300.0,
869320.0,
869340.0,
869360.0,
869380.0,
869400.0,
869420.0,
869440.0,
869460.0,
869480.0,
869500.0,
869520.0,
869540.0,
869560.0,
869580.0,
869600.0,
869620.0,
869640.0,
869660.0,
869680.0,
869700.0,
869720.0,
869740.0,
869760.0,
869780.0,
869800.0,
869820.0,
869840.0,
869860.0,
869880.0,
869900.0,
869920.0,
869940.0,
869960.0,
869980.0,
870000.0,
870020.0,
870040.0,
870060.0,
870080.0,
870100.0,
870120.0,
870140.0,
870160.0,
870180.0,
870200.0,
870220.0,
870240.0,
870260.0,
870280.0,
870300.0,
870320.0,
870340.0,
870360.0,
870380.0,
870400.0,
870420.0,
870440.0,
870460.0,
870480.0,
870500.0,
870520.0,
870540.0,
870560.0,
870580.0,
870600.0,
870620.0,
870640.0,
870660.0,
870680.0,
870700.0,
870720.0,
870740.0,
870760.0,
870780.0,
870800.0,
870820.0,
870840.0,
870860.0,
870880.0,
870900.0,
870920.0,
870940.0,
870960.0,
870980.0,
871000.0,
871020.0,
871040.0,
871060.0,
871080.0,
871100.0,
871120.0,
871140.0,
871160.0,
871180.0,
871200.0,
871220.0,
871240.0,
871260.0,
871280.0,
871300.0,
871320.0,
871340.0,
871360.0,
871380.0,
871400.0,
871420.0,
871440.0,
871460.0,
871480.0,
871500.0,
871520.0,
871540.0,
871560.0,
871580.0,
871600.0,
871620.0,
871640.0,
871660.0,
871680.0,
871700.0,
871720.0,
871740.0,
871760.0,
871780.0,
871800.0,
871820.0,
871840.0,
871860.0,
871880.0,
871900.0,
871920.0,
871940.0,
871960.0,
871980.0,
872000.0,
872020.0,
872040.0,
872060.0,
872080.0,
872100.0,
872120.0,
872140.0,
872160.0,
872180.0,
872200.0,
872220.0,
872240.0,
872260.0,
872280.0,
872300.0,
872320.0,
872340.0,
872360.0,
872380.0,
872400.0,
872420.0,
872440.0,
872460.0,
872480.0,
872500.0,
872520.0,
872540.0,
872560.0,
872580.0,
872600.0,
872620.0,
872640.0,
872660.0,
872680.0,
872700.0,
872720.0,
872740.0,
872760.0,
872780.0,
872800.0,
872820.0,
872840.0,
872860.0,
872880.0,
872900.0,
872920.0,
872940.0,
872960.0,
872980.0,
873000.0,
873020.0,
873040.0,
873060.0,
873080.0,
873100.0,
873120.0,
873140.0,
873160.0,
873180.0,
873200.0,
873220.0,
873240.0,
873260.0,
873280.0,
873300.0,
873320.0,
873340.0,
873360.0,
873380.0,
873400.0,
873420.0,
873440.0,
873460.0,
873480.0,
873500.0,
873520.0,
873540.0,
873560.0,
873580.0,
873600.0,
873620.0,
873640.0,
873660.0,
873680.0,
873700.0,
873720.0,
873740.0,
873760.0,
873780.0,
873800.0,
873820.0,
873840.0,
873860.0,
873880.0,
873900.0,
873920.0,
873940.0,
873960.0,
873980.0,
874000.0,
874020.0,
874040.0,
874060.0,
874080.0,
874100.0,
874120.0,
874140.0,
874160.0,
874180.0,
874200.0,
874220.0,
874240.0,
874260.0,
874280.0,
874300.0,
874320.0,
874340.0,
874360.0,
874380.0,
874400.0,
874420.0,
874440.0,
874460.0,
874480.0,
874500.0,
874520.0,
874540.0,
874560.0,
874580.0,
874600.0,
874620.0,
874640.0,
874660.0,
874680.0,
874700.0,
874720.0,
874740.0,
874760.0,
874780.0,
874800.0,
874820.0,
874840.0,
874860.0,
874880.0,
874900.0,
874920.0,
874940.0,
874960.0,
874980.0,
875000.0,
875020.0,
875040.0,
875060.0,
875080.0,
875100.0,
875120.0,
875140.0,
875160.0,
875180.0,
875200.0,
875220.0,
875240.0,
875260.0,
875280.0,
875300.0,
875320.0,
875340.0,
875360.0,
875380.0,
875400.0,
875420.0,
875440.0,
875460.0,
875480.0,
875500.0,
875520.0,
875540.0,
875560.0,
875580.0,
875600.0,
875620.0,
875640.0,
875660.0,
875680.0,
875700.0,
875720.0,
875740.0,
875760.0,
875780.0,
875800.0,
875820.0,
875840.0,
875860.0,
875880.0,
875900.0,
875920.0,
875940.0,
875960.0,
875980.0,
876000.0,
876020.0,
876040.0,
876060.0,
876080.0,
876100.0,
876120.0,
876140.0,
876160.0,
876180.0,
876200.0,
876220.0,
876240.0,
876260.0,
876280.0,
876300.0,
876320.0,
876340.0,
876360.0,
876380.0,
876400.0,
876420.0,
876440.0,
876460.0,
876480.0,
876500.0,
876520.0,
876540.0,
876560.0,
876580.0,
876600.0,
876620.0,
876640.0,
876660.0,
876680.0,
876700.0,
876720.0,
876740.0,
876760.0,
876780.0,
876800.0,
876820.0,
876840.0,
876860.0,
876880.0,
876900.0,
876920.0,
876940.0,
876960.0,
876980.0,
877000.0,
877020.0,
877040.0,
877060.0,
877080.0,
877100.0,
877120.0,
877140.0,
877160.0,
877180.0,
877200.0,
877220.0,
877240.0,
877260.0,
877280.0,
877300.0,
877320.0,
877340.0,
877360.0,
877380.0,
877400.0,
877420.0,
877440.0,
877460.0,
877480.0,
877500.0,
877520.0,
877540.0,
877560.0,
877580.0,
877600.0,
877620.0,
877640.0,
877660.0,
877680.0,
877700.0,
877720.0,
877740.0,
877760.0,
877780.0,
877800.0,
877820.0,
877840.0,
877860.0,
877880.0,
877900.0,
877920.0,
877940.0,
877960.0,
877980.0,
878000.0,
878020.0,1545.0472794610318
878040.0,1536.0858758502898
878060.0,1504.386159850914
878080.0,1446.6895328400742
878100.0,1365.5480357576325
878120.0,1269.7294031770682
878140.0,1171.7955449702363
878160.0,1083.6070698516419
878180.0,1013.2130459700295
878200.0,964.0209236939615
878220.0,935.2546637331201
878240.0,923.1135691848443
878260.0,922.4074176359175
878280.0,928.29764117235
878300.0,937.509540700338
878320.0,948.8884440969035
878340.0,963.4097637090705
878360.0,983.7664488455648
878380.0,1013.5189050832957
878400.0,1055.8334615958993
878420.0,1112.1261457898404
878440.0,1181.1206251452686
878460.0,1258.408308204346
878480.0,1336.5166922242076
878500.0,1405.8108334366623
878520.0,1455.979632002144
878540.0,1477.5306889798817
878560.0,1464.206533477822
878580.0,1415.6254300057024
878600.0,1338.7883269000827
878620.0,1247.5331105319706
878640.0,1159.4367370454036
878660.0,1090.8246023142276
878680.0,1053.097501418732
878700.0,1051.4007156967878
878720.0,1084.652015741555
878740.0,1146.2309424784867
878760.0,1225.1886136521784
878780.0,1308.3418890695511
878800.0,1351.8693638546677
878820.0,
878840.0,
878860.0,
878880.0,
878900.0,
878920.0,
878940.0,
878960.0,
878980.0,
879000.0,
879020.0,
879040.0,
879060.0,
879080.0,
879100.0,
879120.0,
879140.0,
879160.0,
879180.0,
879200.0,
879220.0,
879240.0,
879260.0,
879280.0,
879300.0,
879320.0,
879340.0,
879360.0,
879380.0,
879400.0,
879420.0,
879440.0,
879460.0,
879480.0,
879500.0,
879520.0,
879540.0,
879560.0,
879580.0,
879600.0,
879620.0,
879640.0,
879660.0,
879680.0,
879700.0,
879720.0,
879740.0,
879760.0,
879780.0,
879800.0,
879820.0,
879840.0,
879860.0,
879880.0,
879900.0,
879920.0,
879940.0,
879960.0,
879980.0,
880000.0,
880020.0,
880040.0,
880060.0,1496.1180660962384
880080.0,1434.5639338921194
880100.0,1340.3202814918359
880120.0,1239.0711836710575
880140.0,1141.3245115125733
880160.0,1056.921280057673
880180.0,992.0676377113896
880200.0,948.3810344848258
880220.0,923.663446546518
880240.0,913.400904887586
880260.0,912.2965993845067
880280.0,915.4621079498329
880300.0,919.1289061545597
880320.0,920.8990043231482
880340.0,919.6470731105885
880360.0,915.2277119986087
880380.0,908.1190051651007
880400.0,899.0870024667396
880420.0,888.9271456086719
880440.0,878.3073281819131
880460.0,867.7003353496242
880480.0,857.3879415622863
880500.0,847.5141181372176
880520.0,838.1546652398905
880540.0,829.3729952932779
880560.0,821.2452696181854
880580.0,813.8630866684632
880600.0,807.3233627563242
880620.0,801.7136821509883
880640.0,797.1046719184185
880660.0,793.5533130284708
880680.0,791.1066607736511
880700.0,789.7940108334328
880720.0,789.6226696850941
880740.0,790.5840256123153
880760.0,792.6559120108234
880780.0,795.8017637810428
880800.0,799.9705089836925
880820.0,805.0901681274547
880840.0,811.0543719122841
880860.0,817.7218637370207
880880.0,824.9317618846737
880900.0,832.5214432725361
880920.0,840.3385486292289
880940.0,848.249235550779
880960.0,856.1482038851973
880980.0,863.9568361423107
881000.0,871.6094017289382
881020.0,879.0405713864639
881040.0,886.1815532867067
881060.0,892.9704745665704
881080.0,899.3721114462658
881100.0,905.4045593208566
881120.0,911.1552586522736
881140.0,916.7726060120269
881160.0,922.4325259250041
881180.0,928.2724751808491
881200.0,934.3095128237607
881220.0,940.3495774988817
881240.0,945.8983445712022
881260.0,950.1080943372733
881280.0,951.8121161778192
881300.0,949.7199828644112
881320.0,942.8194211233538
881340.0,935.1566185455039
881360.0,
881380.0,
881400.0,
881420.0,
881440.0,
881460.0,
881480.0,
881500.0,
881520.0,
881540.0,
881560.0,
881580.0,
881600.0,
881620.0,
881640.0,
881660.0,
881680.0,
881700.0,
881720.0,
881740.0,
881760.0,
881780.0,
881800.0,
881820.0,
881840.0,
881860.0,
881880.0,
881900.0,
881920.0,
881940.0,
881960.0,
881980.0,
882000.0,
882020.0,
882040.0,
882060.0,
882080.0,
882100.0,
882120.0,
882140.0,
882160.0,
882180.0,
882200.0,
882220.0,
882240.0,
882260.0,
882280.0,
882300.0,
882320.0,
882340.0,
882360.0,
882380.0,
882400.0,
882420.0,
882440.0,
882460.0,
882480.0,
882500.0,
882520.0,
882540.0,
882560.0,
882580.0,
882600.0,
882620.0,
882640.0,
882660.0,
882680.0,
882700.0,
882720.0,
882740.0,
882760.0,
882780.0,
882800.0,
882820.0,
882840.0,
882860.0,
882880.0,
882900.0,
882920.0,
882940.0,
882960.0,
882980.0,
883000.0,
883020.0,
883040.0,
883060.0,
883080.0,
883100.0,
883120.0,
883140.0,
883160.0,
883180.0,
883200.0,
883220.0,
883240.0,
883260.0,
883280.0,
883300.0,
883320.0,
883340.0,
883360.0,
883380.0,
883400.0,
883420.0,
883440.0,
883460.0,
883480.0,
883500.0,
883520.0,
883540.0,
883560.0,
883580.0,
883600.0,
883620.0,
883640.0,
883660.0,
883680.0,
883700.0,
883720.0,
883740.0,
883760.0,
883780.0,
883800.0,
883820.0,
883840.0,
883860.0,
883880.0,
883900.0,
883920.0,
883940.0,
883960.0,
883980.0,
884000.0,
884020.0,
884040.0,
884060.0,
884080.0,
884100.0,
884120.0,
884140.0,
884160.0,
884180.0,
884200.0,
884220.0,
884240.0,
884260.0,
884280.0,
884300.0,
884320.0,
884340.0,
884360.0,
884380.0,
884400.0,
884420.0,
884440.0,
884460.0,
884480.0,
884500.0,
884520.0,
884540.0,
884560.0,
884580.0,
884600.0,
884620.0,
884640.0,
884660.0,
884680.0,
884700.0,
884720.0,
884740.0,
884760.0,
884780.0,
884800.0,
884820.0,
884840.0,
884860.0,
884880.0,
884900.0,
884920.0,
884940.0,
884960.0,
884980.0,
885000.0,
885020.0,
885040.0,
885060.0,
885080.0,
885100.0,
885120.0,
885140.0,
885160.0,
885180.0,
885200.0,
885220.0,
885240.0,
885260.0,
885280.0,
885300.0,
885320.0,
885340.0,
885360.0,
885380.0,
885400.0,
885420.0,
885440.0,
885460.0,
885480.0,
885500.0,
885520.0,
885540.0,
885560.0,
885580.0,
885600.0,
885620.0,
885640.0,
885660.0,
885680.0,
885700.0,
885720.0,
885740.0,
885760.0,
885780.0,
885800.0,
885820.0,
885840.0,
885860.0,
885880.0,
885900.0,
885920.0,
885940.0,
885960.0,
885980.0,
886000.0,
886020.0,
886040.0,
886060.0,
886080.0,
886100.0,
886120.0,
886140.0,
886160.0,
886180.0,
886200.0,
886220.0,
886240.0,
886260.0,
886280.0,
886300.0,
886320.0,
886340.0,
886360.0,
886380.0,
886400.0,
886420.0,
886440.0,
886460.0,
886480.0,
886500.0,
886520.0,
886540.0,
886560.0,
886580.0,
886600.0,
886620.0,
886640.0,
886660.0,
886680.0,
886700.0,
886720.0,
886740.0,
886760.0,
886780.0,
886800.0,
886820.0,
886840.0,
886860.0,
886880.0,
886900.0,
886920.0,
886940.0,
886960.0,
886980.0,
887000.0,
887020.0,
887040.0,
887060.0,
887080.0,
887100.0,
887120.0,
887140.0,
887160.0,
887180.0,
887200.0,
887220.0,
887240.0,
887260.0,
887280.0,
887300.0,
887320.0,
887340.0,
887360.0,
887380.0,
887400.0,
887420.0,
887440.0,
887460.0,
887480.0,
887500.0,
887520.0,
887540.0,
887560.0,
887580.0,1086.529609589077
887600.0,1079.7088322308043
887620.0,1064.7134032332774
887640.0,1046.6268274187955
887660.0,1026.545407495013
887680.0,1005.7146043971449
887700.0,985.2937102521319
887720.0,966.1903181887807
887740.0,948.9945891033278
887760.0,934.0063827316247
887780.0,921.3036024952805
887800.0,910.813441154055
887820.0,902.3721016167547
887840.0,895.7835064939957
887860.0,890.8797596350687
887880.0,887.561094461889
887900.0,885.8044603587701
887920.0,885.6380329086593
887940.0,887.0801262632571
887960.0,890.0481863786875
887980.0,894.2616717493041
888000.0,899.1833965213697
888020.0,904.0391095800138
888040.0,907.9306043598035
888060.0,910.0594705451449
888080.0,910.0620139835164
888100.0,908.4167971819488
888120.0,906.8311614576475
888140.0,908.4785079287265
888160.0,917.9485646001198
888180.0,940.768233874214
888200.0,982.3959790324068
888220.0,1046.7083264965945
888240.0,1134.214554964746
888260.0,1240.5323876493221
888280.0,1332.8203945299108
888300.0,
888320.0,
888340.0,
888360.0,
888380.0,
888400.0,
888420.0,
888440.0,
888460.0,
888480.0,
888500.0,
888520.0,
888540.0,
888560.0,
888580.0,
888600.0,
888620.0,
888640.0,
888660.0,
888680.0,
888700.0,
888720.0,
888740.0,
888760.0,
888780.0,
888800.0,
888820.0,
888840.0,
888860.0,
888880.0,
888900.0,
888920.0,
888940.0,
888960.0,
888980.0,
889000.0,
889020.0,
889040.0,
889060.0,
889080.0,
889100.0,
889120.0,
889140.0,
889160.0,
889180.0,
889200.0,
889220.0,
889240.0,
889260.0,
889280.0,
889300.0,
889320.0,
889340.0,
889360.0,
889380.0,
889400.0,
889420.0,
889440.0,
889460.0,
889480.0,
889500.0,
889520.0,
889540.0,
889560.0,
889580.0,
889600.0,
889620.0,
889640.0,
889660.0,
889680.0,
889700.0,
889720.0,
889740.0,
889760.0,
889780.0,
889800.0,
889820.0,
889840.0,
889860.0,
889880.0,
889900.0,
889920.0,
889940.0,
889960.0,
889980.0,
890000.0,
890020.0,
890040.0,
890060.0,
890080.0,
890100.0,
890120.0,
890140.0,
890160.0,
890180.0,
890200.0,
890220.0,
890240.0,
890260.0,
890280.0,
890300.0,
890320.0,
890340.0,
890360.0,
890380.0,
890400.0,
890420.0,
890440.0,
890460.0,
890480.0,
890500.0,
890520.0,
890540.0,
890560.0,
890580.0,
890600.0,
890620.0,
890640.0,
890660.0,
890680.0,
890700.0,
890720.0,
890740.0,
890760.0,
890780.0,
890800.0,
890820.0,
890840.0,
890860.0,
890880.0,
890900.0,
890920.0,
890940.0,
890960.0,
890980.0,
891000.0,
891020.0,
891040.0,
891060.0,
891080.0,
891100.0,
891120.0,
891140.0,
891160.0,
891180.0,
891200.0,
891220.0,
891240.0,
891260.0,
891280.0,
891300.0,
891320.0,
891340.0,
891360.0,
891380.0,
891400.0,
891420.0,
891440.0,
891460.0,
891480.0,
891500.0,
891520.0,
891540.0,
891560.0,
891580.0,
891600.0,
891620.0,
891640.0,
891660.0,
891680.0,
891700.0,
891720.0,
891740.0,
891760.0,
891780.0,
891800.0,
891820.0,
891840.0,
891860.0,
891880.0,
891900.0,
891920.0,
891940.0,
891960.0,
891980.0,
892000.0,
892020.0,
892040.0,
892060.0,
892080.0,
892100.0,
892120.0,
892140.0,
892160.0,
892180.0,
892200.0,
892220.0,
892240.0,
892260.0,
892280.0,
892300.0,
892320.0,
892340.0,
892360.0,
892380.0,
892400.0,
892420.0,
892440.0,
892460.0,
892480.0,
892500.0,
892520.0,
892540.0,
892560.0,
892580.0,
892600.0,
892620.0,
892640.0,
892660.0,
892680.0,
892700.0,
892720.0,
892740.0,
892760.0,
892780.0,
892800.0,
892820.0,
892840.0,
892860.0,
892880.0,
892900.0,
892920.0,
892940.0,
892960.0,
892980.0,
893000.0,
893020.0,
893040.0,
893060.0,
893080.0,
893100.0,
893120.0,
893140.0,
893160.0,
893180.0,
893200.0,
893220.0,
893240.0,
893260.0,
893280.0,
893300.0,
893320.0,
893340.0,
893360.0,
893380.0,
893400.0,
893420.0,
893440.0,
893460.0,
893480.0,
893500.0,
893520.0,
893540.0,
893560.0,
893580.0,
893600.0,
893620.0,
893640.0,
893660.0,
893680.0,
893700.0,
893720.0,
893740.0,
893760.0,
893780.0,
893800.0,
893820.0,
893840.0,
893860.0,
893880.0,
893900.0,
893920.0,
893940.0,
893960.0,
893980.0,
894000.0,
894020.0,
894040.0,
894060.0,
894080.0,
894100.0,
894120.0,
894140.0,
894160.0,
894180.0,
894200.0,
894220.0,
894240.0,
894260.0,
894280.0,
894300.0,
894320.0,
894340.0,
894360.0,
894380.0,
894400.0,
894420.0,
894440.0,
894460.0,
894480.0,
894500.0,
894520.0,
894540.0,
894560.0,
894580.0,
894600.0,
894620.0,
894640.0,
894660.0,
894680.0,
894700.0,
894720.0,
894740.0,
894760.0,
894780.0,
894800.0,
894820.0,
894840.0,
894860.0,
894880.0,
894900.0,
894920.0,
894940.0,
894960.0,
894980.0,
895000.0,
895020.0,
895040.0,
895060.0,
895080.0,
895100.0,
895120.0,
895140.0,
895160.0,
895180.0,
895200.0,
895220.0,
895240.0,
895260.0,
895280.0,
895300.0,
895320.0,
895340.0,
895360.0,
895380.0,
895400.0,
895420.0,
895440.0,
895460.0,
895480.0,
895500.0,
895520.0,
895540.0,
895560.0,
895580.0,
895600.0,
895620.0,
895640.0,
895660.0,
895680.0,
895700.0,
895720.0,
895740.0,
895760.0,
895780.0,
895800.0,
895820.0,
895840.0,
895860.0,
895880.0,
895900.0,
895920.0,
895940.0,
895960.0,
895980.0,
896000.0,
896020.0,
896040.0,
896060.0,
896080.0,
896100.0,
896120.0,
896140.0,
896160.0,
896180.0,
896200.0,
896220.0,
896240.0,
896260.0,
896280.0,
896300.0,
896320.0,
896340.0,
896360.0,
896380.0,
896400.0,
896420.0,
896440.0,
896460.0,
896480.0,
896500.0,
896520.0,
896540.0,
896560.0,
896580.0,
896600.0,
896620.0,
896640.0,
896660.0,
896680.0,
896700.0,
896720.0,
896740.0,
896760.0,
896780.0,
896800.0,
896820.0,
896840.0,
896860.0,
896880.0,
896900.0,
896920.0,
896940.0,
896960.0,
896980.0,
897000.0,
897020.0,
897040.0,
897060.0,
897080.0,
897100.0,
897120.0,
897140.0,
897160.0,
897180.0,
897200.0,
897220.0,
897240.0,
897260.0,
897280.0,
897300.0,
897320.0,
897340.0,
897360.0,
897380.0,
897400.0,
897420.0,
897440.0,
897460.0,
897480.0,
897500.0,
897520.0,
897540.0,
897560.0,
897580.0,
897600.0,
897620.0,
897640.0,
897660.0,
897680.0,
897700.0,
897720.0,
897740.0,
897760.0,
897780.0,
897800.0,
897820.0,
897840.0,
897860.0,
897880.0,
897900.0,
897920.0,
897940.0,
897960.0,
897980.0,
898000.0,
898020.0,
898040.0,
898060.0,
898080.0,
898100.0,
898120.0,
898140.0,
898160.0,
898180.0,
898200.0,
898220.0,
898240.0,
898260.0,
898280.0,
898300.0,
898320.0,
898340.0,
898360.0,
898380.0,
898400.0,
898420.0,
898440.0,
898460.0,
898480.0,
898500.0,
898520.0,
898540.0,
898560.0,
898580.0,
898600.0,
898620.0,
898640.0,
898660.0,
898680.0,
898700.0,
898720.0,
898740.0,
898760.0,
898780.0,
898800.0,
898820.0,
898840.0,
898860.0,
898880.0,
898900.0,
898920.0,
898940.0,
898960.0,
898980.0,
899000.0,
899020.0,
899040.0,
899060.0,
899080.0,
899100.0,
899120.0,
899140.0,
899160.0,
899180.0,
899200.0,
899220.0,
899240.0,
899260.0,
899280.0,
899300.0,
899320.0,
899340.0,
899360.0,
899380.0,
899400.0,
899420.0,
899440.0,
899460.0,
899480.0,
899500.0,
899520.0,
899540.0,
899560.0,
899580.0,
899600.0,
899620.0,
899640.0,
899660.0,
899680.0,
899700.0,
899720.0,
899740.0,
899760.0,
899780.0,
899800.0,
899820.0,
899840.0,
899860.0,
899880.0,
899900.0,
899920.0,
899940.0,
899960.0,
899980.0,
900000.0,
900020.0,
900040.0,
900060.0,
900080.0,
900100.0,
900120.0,
900140.0,
900160.0,
900180.0,
900200.0,
900220.0,
900240.0,
900260.0,
900280.0,
900300.0,
900320.0,
900340.0,
900360.0,
900380.0,
900400.0,
900420.0,
900440.0,
900460.0,
900480.0,
900500.0,
900520.0,
900540.0,
900560.0,
900580.0,
900600.0,
900620.0,
900640.0,
900660.0,
900680.0,
900700.0,
900720.0,
900740.0,
900760.0,
900780.0,
900800.0,
900820.0,
900840.0,
900860.0,
900880.0,
900900.0,
900920.0,
900940.0,
900960.0,
900980.0,
901000.0,
901020.0,
901040.0,
901060.0,
901080.0,
901100.0,
901120.0,
901140.0,
901160.0,
901180.0,
901200.0,
901220.0,
901240.0,
901260.0,
901280.0,
901300.0,
901320.0,
901340.0,
901360.0,
901380.0,
901400.0,
901420.0,
901440.0,
901460.0,
901480.0,
901500.0,
901520.0,
901540.0,
901560.0,
901580.0,
901600.0,
901620.0,
901640.0,
901660.0,
901680.0,
901700.0,
901720.0,
901740.0,
901760.0,
901780.0,
901800.0,
901820.0,
901840.0,
901860.0,
901880.0,
901900.0,
901920.0,
901940.0,
901960.0,
901980.0,
902000.0,
902020.0,
902040.0,
902060.0,
902080.0,
902100.0,
902120.0,
902140.0,
902160.0,
902180.0,
902200.0,
902220.0,
902240.0,
902260.0,
902280.0,
902300.0,
902320.0,
902340.0,
902360.0,
902380.0,
902400.0,
902420.0,
902440.0,
902460.0,
902480.0,
902500.0,
902520.0,
902540.0,
902560.0,
902580.0,
902600.0,
902620.0,
902640.0,
902660.0,
902680.0,
902700.0,
902720.0,
902740.0,
902760.0,
902780.0,
902800.0,
902820.0,
902840.0,
902860.0,
902880.0,
902900.0,
902920.0,
902940.0,
902960.0,
902980.0,
903000.0,
903020.0,
903040.0,
903060.0,
903080.0,
903100.0,
903120.0,
903140.0,
903160.0,
903180.0,
903200.0,
903220.0,
903240.0,
903260.0,
903280.0,
903300.0,
903320.0,
903340.0,
903360.0,
903380.0,
903400.0,
903420.0,
903440.0,
903460.0,
903480.0,
903500.0,
903520.0,
903540.0,
903560.0,
903580.0,
903600.0,
903620.0,
903640.0,
903660.0,
903680.0,
903700.0,
903720.0,
903740.0,
903760.0,
903780.0,
903800.0,
903820.0,
903840.0,
903860.0,
903880.0,
903900.0,
903920.0,
903940.0,
903960.0,
903980.0,
904000.0,
904020.0,
904040.0,
904060.0,
904080.0,
904100.0,
904120.0,
904140.0,
904160.0,
904180.0,
904200.0,
904220.0,
904240.0,
904260.0,
904280.0,
904300.0,
904320.0,
904340.0,
904360.0,
904380.0,
904400.0,
904420.0,
904440.0,
904460.0,
904480.0,
904500.0,
904520.0,
904540.0,
904560.0,
904580.0,
904600.0,
904620.0,
904640.0,
904660.0,
904680.0,
904700.0,
904720.0,
904740.0,1446.6752348086961
904760.0,1493.3361684868387
904780.0,1516.292345091746
904800.0,1504.1389955770217
904820.0,1467.5856269984495
904840.0,1423.8129436104389
904860.0,1388.9746664374788
904880.0,1371.7978456827982
904900.0,1371.5811498502383
904920.0,1381.1811958980077
904940.0,1388.9198134290216
904960.0,
904980.0,
905000.0,
905020.0,
905040.0,
905060.0,
905080.0,
905100.0,
905120.0,
905140.0,
905160.0,
905180.0,
905200.0,
905220.0,
905240.0,
905260.0,
905280.0,
905300.0,
905320.0,
905340.0,
905360.0,
905380.0,
905400.0,
905420.0,
905440.0,
905460.0,
905480.0,
905500.0,
905520.0,
905540.0,
905560.0,
905580.0,
905600.0,
905620.0,
905640.0,
905660.0,
905680.0,
905700.0,
905720.0,
905740.0,
905760.0,
905780.0,
905800.0,
905820.0,
905840.0,
905860.0,
905880.0,
905900.0,
905920.0,
905940.0,
905960.0,
905980.0,
906000.0,
906020.0,
906040.0,
906060.0,
906080.0,
906100.0,
906120.0,
906140.0,
906160.0,
906180.0,
906200.0,
906220.0,
906240.0,
906260.0,
906280.0,
906300.0,
906320.0,
906340.0,
906360.0,
906380.0,
906400.0,
906420.0,
906440.0,
906460.0,
906480.0,
906500.0,
906520.0,
906540.0,
906560.0,
906580.0,
906600.0,
906620.0,
906640.0,
906660.0,
906680.0,
906700.0,
906720.0,
906740.0,
906760.0,
906780.0,
906800.0,
906820.0,
906840.0,
906860.0,
906880.0,
906900.0,
906920.0,
906940.0,
906960.0,
906980.0,
907000.0,
907020.0,
907040.0,
907060.0,
907080.0,
907100.0,
907120.0,
907140.0,
907160.0,
907180.0,
907200.0,
907220.0,
907240.0,
907260.0,
907280.0,
907300.0,
907320.0,
907340.0,
907360.0,
907380.0,
907400.0,
907420.0,
907440.0,
907460.0,
907480.0,
907500.0,
907520.0,
907540.0,
907560.0,
907580.0,
907600.0,
907620.0,
907640.0,
907660.0,
907680.0,
907700.0,
907720.0,
907740.0,
907760.0,
907780.0,
907800.0,
907820.0,
907840.0,
907860.0,
907880.0,
907900.0,
907920.0,
907940.0,
907960.0,
907980.0,
908000.0,
908020.0,
908040.0,
908060.0,
908080.0,
908100.0,
908120.0,
908140.0,
908160.0,
908180.0,
908200.0,
908220.0,
908240.0,
908260.0,
908280.0,
908300.0,
908320.0,
908340.0,
908360.0,
908380.0,
908400.0,
908420.0,
908440.0,
908460.0,
908480.0,
908500.0,
908520.0,
908540.0,
908560.0,
908580.0,
908600.0,
908620.0,
908640.0,
908660.0,
908680.0,
908700.0,
908720.0,
908740.0,
908760.0,
908780.0,
908800.0,
908820.0,
908840.0,
908860.0,
908880.0,
908900.0,
908920.0,
908940.0,
908960.0,
908980.0,
909000.0,
909020.0,
909040.0,
909060.0,
909080.0,
909100.0,
909120.0,
909140.0,
909160.0,
909180.0,
909200.0,
909220.0,
909240.0,
909260.0,
909280.0,
909300.0,
909320.0,
909340.0,
909360.0,
909380.0,
909400.0,
909420.0,
909440.0,
909460.0,
909480.0,
909500.0,
909520.0,
909540.0,
909560.0,
909580.0,
909600.0,
909620.0,
909640.0,
909660.0,
909680.0,
909700.0,
909720.0,
909740.0,
909760.0,
909780.0,
909800.0,
909820.0,
909840.0,
909860.0,
909880.0,
909900.0,
909920.0,
909940.0,
909960.0,
909980.0,
910000.0,
910020.0,
910040.0,
910060.0,
910080.0,
910100.0,
910120.0,
910140.0,
910160.0,
910180.0,
910200.0,
910220.0,
910240.0,
910260.0,
910280.0,
910300.0,
910320.0,
910340.0,
910360.0,
910380.0,
910400.0,
910420.0,
910440.0,
910460.0,
910480.0,
910500.0,
910520.0,
910540.0,
910560.0,
910580.0,
910600.0,
910620.0,
910640.0,
910660.0,
910680.0,
910700.0,
910720.0,
910740.0,
910760.0,
910780.0,
910800.0,
910820.0,
910840.0,
910860.0,
910880.0,
910900.0,
910920.0,
910940.0,
910960.0,
910980.0,
911000.0,
911020.0,
911040.0,
911060.0,
911080.0,
911100.0,
911120.0,
911140.0,
911160.0,
911180.0,
911200.0,
911220.0,
911240.0,
911260.0,
911280.0,
911300.0,
911320.0,
911340.0,
911360.0,
911380.0,
911400.0,
911420.0,
911440.0,
911460.0,
911480.0,
911500.0,
911520.0,
911540.0,
911560.0,
911580.0,
911600.0,
911620.0,
911640.0,
911660.0,
911680.0,
911700.0,
911720.0,
911740.0,
911760.0,
911780.0,
911800.0,
911820.0,
911840.0,
911860.0,
911880.0,
911900.0,
911920.0,
911940.0,
911960.0,
911980.0,
912000.0,
912020.0,
912040.0,
912060.0,
912080.0,
912100.0,
912120.0,
912140.0,
912160.0,
912180.0,
912200.0,
912220.0,
912240.0,
912260.0,
912280.0,
912300.0,
912320.0,
912340.0,
912360.0,
912380.0,
912400.0,
912420.0,
912440.0,
912460.0,
912480.0,
912500.0,
912520.0,
912540.0,
912560.0,
912580.0,
912600.0,
912620.0,
912640.0,
912660.0,
912680.0,
912700.0,
912720.0,
912740.0,
912760.0,
912780.0,
912800.0,
912820.0,
912840.0,
912860.0,
912880.0,
912900.0,
912920.0,
912940.0,
912960.0,
912980.0,
913000.0,
913020.0,
913040.0,
913060.0,
913080.0,
913100.0,
913120.0,
913140.0,
913160.0,
913180.0,
913200.0,
913220.0,
913240.0,
913260.0,
913280.0,
913300.0,
913320.0,
913340.0,
913360.0,
913380.0,
913400.0,
913420.0,
913440.0,
913460.0,
913480.0,
913500.0,
913520.0,
913540.0,
913560.0,
913580.0,
913600.0,
913620.0,
913640.0,
913660.0,
913680.0,
913700.0,
913720.0,
913740.0,
913760.0,
913780.0,
913800.0,
913820.0,
913840.0,
913860.0,
913880.0,
913900.0,
913920.0,
913940.0,
913960.0,
913980.0,
914000.0,
914020.0,
914040.0,
914060.0,
914080.0,
914100.0,
914120.0,
914140.0,
914160.0,
914180.0,
914200.0,
914220.0,
914240.0,
914260.0,
914280.0,
914300.0,
914320.0,
914340.0,
914360.0,
914380.0,
914400.0,
914420.0,
914440.0,
914460.0,
914480.0,
914500.0,
914520.0,
914540.0,
914560.0,
914580.0,
914600.0,
914620.0,
914640.0,
914660.0,
914680.0,
914700.0,
914720.0,
914740.0,
914760.0,
914780.0,
914800.0,
914820.0,
914840.0,
914860.0,
914880.0,
914900.0,
914920.0,
914940.0,
914960.0,
914980.0,
915000.0,
915020.0,
915040.0,
915060.0,
915080.0,
915100.0,
915120.0,
915140.0,
915160.0,
915180.0,
915200.0,
915220.0,
915240.0,
915260.0,
915280.0,
915300.0,
915320.0,
915340.0,
915360.0,
915380.0,
915400.0,
915420.0,
915440.0,
915460.0,
915480.0,
915500.0,
915520.0,
915540.0,
915560.0,
915580.0,
915600.0,
915620.0,
915640.0,
915660.0,
915680.0,
915700.0,
915720.0,
915740.0,
915760.0,
915780.0,
915800.0,
915820.0,
915840.0,
915860.0,
915880.0,
915900.0,
915920.0,
915940.0,
915960.0,
915980.0,
916000.0,
916020.0,
916040.0,
916060.0,
916080.0,
916100.0,
916120.0,
916140.0,
916160.0,
916180.0,
916200.0,
916220.0,
916240.0,
916260.0,
916280.0,
916300.0,
916320.0,
916340.0,
916360.0,
916380.0,
916400.0,
916420.0,
916440.0,
916460.0,
916480.0,
916500.0,
916520.0,
916540.0,
916560.0,
916580.0,
916600.0,
916620.0,
916640.0,
916660.0,
916680.0,
916700.0,
916720.0,
916740.0,
916760.0,
916780.0,
916800.0,
916820.0,
916840.0,
916860.0,
916880.0,
916900.0,
916920.0,
916940.0,
916960.0,
916980.0,
917000.0,
917020.0,
917040.0,
917060.0,
917080.0,
917100.0,
917120.0,
917140.0,
917160.0,
917180.0,
917200.0,
917220.0,
917240.0,
917260.0,
917280.0,
917300.0,
917320.0,
917340.0,
917360.0,
917380.0,
917400.0,
917420.0,
917440.0,
917460.0,
917480.0,
917500.0,
917520.0,
917540.0,
917560.0,
917580.0,
917600.0,
917620.0,
917640.0,
917660.0,
917680.0,
917700.0,
917720.0,
917740.0,
917760.0,
917780.0,
917800.0,
917820.0,
917840.0,
917860.0,
917880.0,
917900.0,
917920.0,
917940.0,
917960.0,
917980.0,
918000.0,
918020.0,
918040.0,
918060.0,
918080.0,
918100.0,
918120.0,
918140.0,
918160.0,
918180.0,
918200.0,
918220.0,
918240.0,
918260.0,
918280.0,
918300.0,
918320.0,
918340.0,
918360.0,
918380.0,
918400.0,
918420.0,
918440.0,
918460.0,
918480.0,
918500.0,
918520.0,
918540.0,
918560.0,
918580.0,
918600.0,
918620.0,
918640.0,
918660.0,
918680.0,
918700.0,
918720.0,
918740.0,
918760.0,
918780.0,
918800.0,
918820.0,
918840.0,
918860.0,
918880.0,
918900.0,
918920.0,
918940.0,
918960.0,
918980.0,
919000.0,
919020.0,
919040.0,
919060.0,
919080.0,
919100.0,
919120.0,
919140.0,
919160.0,
919180.0,
919200.0,
919220.0,
919240.0,
919260.0,
919280.0,
919300.0,
919320.0,
919340.0,
919360.0,
919380.0,
919400.0,
919420.0,
919440.0,
919460.0,
919480.0,
919500.0,
919520.0,
919540.0,
919560.0,
919580.0,
919600.0,
919620.0,
919640.0,
919660.0,
919680.0,
919700.0,
919720.0,
919740.0,
919760.0,
919780.0,
919800.0,
919820.0,
919840.0,
919860.0,
919880.0,
919900.0,
919920.0,
919940.0,
919960.0,
919980.0,
920000.0,
920020.0,
920040.0,
920060.0,
920080.0,
920100.0,
920120.0,
920140.0,
920160.0,
920180.0,
920200.0,
920220.0,
920240.0,
920260.0,
920280.0,
920300.0,
920320.0,
920340.0,
920360.0,
920380.0,
920400.0,
920420.0,
920440.0,
920460.0,
920480.0,
920500.0,
920520.0,
920540.0,
920560.0,
920580.0,
920600.0,
920620.0,
920640.0,
920660.0,
920680.0,
920700.0,
920720.0,
920740.0,
920760.0,
920780.0,
920800.0,
920820.0,
920840.0,
920860.0,
920880.0,
920900.0,
920920.0,
920940.0,
920960.0,
920980.0,
921000.0,
921020.0,
921040.0,
921060.0,
921080.0,
921100.0,
921120.0,
921140.0,
921160.0,
921180.0,
921200.0,
921220.0,
921240.0,
921260.0,
921280.0,
921300.0,
921320.0,
921340.0,
921360.0,
921380.0,
921400.0,
921420.0,
921440.0,
921460.0,
921480.0,
921500.0,
921520.0,
921540.0,
921560.0,
921580.0,
921600.0,
921620.0,
921640.0,
921660.0,
921680.0,
921700.0,
921720.0,
921740.0,
921760.0,
921780.0,
921800.0,
921820.0,
921840.0,
921860.0,
921880.0,
921900.0,
921920.0,
921940.0,
921960.0,
921980.0,
922000.0,
922020.0,
922040.0,
922060.0,
922080.0,
922100.0,
922120.0,
922140.0,
922160.0,
922180.0,
922200.0,
922220.0,
922240.0,
922260.0,
922280.0,
922300.0,
922320.0,
922340.0,
922360.0,
922380.0,
922400.0,
922420.0,
922440.0,
922460.0,
922480.0,
922500.0,
922520.0,
922540.0,
922560.0,
922580.0,
922600.0,
922620.0,
922640.0,
922660.0,
922680.0,
922700.0,
922720.0,
922740.0,
922760.0,
922780.0,
922800.0,
922820.0,
922840.0,
922860.0,
922880.0,
922900.0,
922920.0,
922940.0,
922960.0,
922980.0,
923000.0,
923020.0,
923040.0,
923060.0,
923080.0,
923100.0,
923120.0,
923140.0,
923160.0,
923180.0,
923200.0,
923220.0,
923240.0,
923260.0,
923280.0,
923300.0,
923320.0,
923340.0,
923360.0,
923380.0,
923400.0,
923420.0,
923440.0,
923460.0,
923480.0,
923500.0,
923520.0,
923540.0,
923560.0,
923580.0,
923600.0,
923620.0,
923640.0,
923660.0,
923680.0,
923700.0,
923720.0,
923740.0,
923760.0,
923780.0,
923800.0,
923820.0,
923840.0,
923860.0,
923880.0,
923900.0,
923920.0,
923940.0,
923960.0,
923980.0,
924000.0,
924020.0,
924040.0,
924060.0,
924080.0,
924100.0,
924120.0,
924140.0,
924160.0,
924180.0,
924200.0,
924220.0,
924240.0,
924260.0,
924280.0,
924300.0,
924320.0,
924340.0,
924360.0,
924380.0,
924400.0,
924420.0,
924440.0,
924460.0,
924480.0,
924500.0,
924520.0,
924540.0,
924560.0,
924580.0,
924600.0,
924620.0,
924640.0,
924660.0,
924680.0,
924700.0,
924720.0,
924740.0,
924760.0,
924780.0,
924800.0,
924820.0,
924840.0,
924860.0,
924880.0,
924900.0,
924920.0,
924940.0,
924960.0,
924980.0,
925000.0,
925020.0,
925040.0,
925060.0,
925080.0,
925100.0,
925120.0,
925140.0,
925160.0,
925180.0,
925200.0,
925220.0,
925240.0,
925260.0,
925280.0,
925300.0,
925320.0,
925340.0,
925360.0,
925380.0,
925400.0,
925420.0,
925440.0,
925460.0,
925480.0,
925500.0,
925520.0,
925540.0,
925560.0,
925580.0,
925600.0,
925620.0,
925640.0,
925660.0,
925680.0,
925700.0,
925720.0,
925740.0,
925760.0,
925780.0,
925800.0,
925820.0,
925840.0,
925860.0,
925880.0,
925900.0,
925920.0,
925940.0,
925960.0,
925980.0,
926000.0,
926020.0,
926040.0,
926060.0,
926080.0,
926100.0,
926120.0,
926140.0,
926160.0,
926180.0,
926200.0,
926220.0,
926240.0,
926260.0,
926280.0,
926300.0,
926320.0,
926340.0,
926360.0,
926380.0,
926400.0,
926420.0,
926440.0,
926460.0,
926480.0,
926500.0,
926520.0,
926540.0,
926560.0,
926580.0,
926600.0,
926620.0,
926640.0,
926660.0,
926680.0,
926700.0,
926720.0,
926740.0,
926760.0,
926780.0,
926800.0,
926820.0,
926840.0,
926860.0,
926880.0,
926900.0,
926920.0,
926940.0,
926960.0,
926980.0,
927000.0,
927020.0,
927040.0,
927060.0,
927080.0,
927100.0,
927120.0,
927140.0,
927160.0,
927180.0,
927200.0,
927220.0,
927240.0,
927260.0,
927280.0,
927300.0,
927320.0,
927340.0,
927360.0,
927380.0,
927400.0,
927420.0,
927440.0,
927460.0,
927480.0,
927500.0,
927520.0,
927540.0,
927560.0,
927580.0,
927600.0,
927620.0,
927640.0,
927660.0,
927680.0,
927700.0,
927720.0,
927740.0,
927760.0,
927780.0,
927800.0,
927820.0,
927840.0,
927860.0,
927880.0,
927900.0,
927920.0,
927940.0,
927960.0,
927980.0,
928000.0,
928020.0,
928040.0,
928060.0,
928080.0,
928100.0,
928120.0,
928140.0,
928160.0,
928180.0,
928200.0,
928220.0,
928240.0,
928260.0,
928280.0,
928300.0,
928320.0,
928340.0,
928360.0,
928380.0,
928400.0,
928420.0,
928440.0,
928460.0,
928480.0,
928500.0,
928520.0,
928540.0,
928560.0,
928580.0,
928600.0,
928620.0,
928640.0,
928660.0,
928680.0,
928700.0,
928720.0,
928740.0,
928760.0,
928780.0,
928800.0,
928820.0,
928840.0,
928860.0,
928880.0,
928900.0,
928920.0,
928940.0,
928960.0,
928980.0,
929000.0,
929020.0,
929040.0,
929060.0,
929080.0,
929100.0,
929120.0,
929140.0,
929160.0,
929180.0,
929200.0,
929220.0,
929240.0,
929260.0,
929280.0,
929300.0,
929320.0,
929340.0,
929360.0,
929380.0,
929400.0,
929420.0,
929440.0,
929460.0,
929480.0,
929500.0,
929520.0,
929540.0,
929560.0,
929580.0,
929600.0,
929620.0,
929640.0,
929660.0,
929680.0,
929700.0,
929720.0,
929740.0,
929760.0,
929780.0,
929800.0,
929820.0,
929840.0,
929860.0,
929880.0,
929900.0,
929920.0,
929940.0,
929960.0,
929980.0,
930000.0,
930020.0,
930040.0,
930060.0,
930080.0,
930100.0,
930120.0,
930140.0,
930160.0,
930180.0,
930200.0,
930220.0,
930240.0,
930260.0,
930280.0,
930300.0,
930320.0,
930340.0,
930360.0,
930380.0,
930400.0,
930420.0,
930440.0,
930460.0,
930480.0,
930500.0,
930520.0,
930540.0,
930560.0,
930580.0,
930600.0,
930620.0,
930640.0,
930660.0,
930680.0,
930700.0,
930720.0,
930740.0,
930760.0,
930780.0,
930800.0,
930820.0,
930840.0,
930860.0,
930880.0,
930900.0,
930920.0,
930940.0,
930960.0,
930980.0,
931000.0,
931020.0,
931040.0,
931060.0,
931080.0,
931100.0,
931120.0,
931140.0,
931160.0,
931180.0,
931200.0,
931220.0,
931240.0,
931260.0,
931280.0,
931300.0,
931320.0,
931340.0,
931360.0,
931380.0,
931400.0,
931420.0,
931440.0,
931460.0,
931480.0,
931500.0,
931520.0,
931540.0,
931560.0,
931580.0,
931600.0,
931620.0,
931640.0,
931660.0,
931680.0,
931700.0,
931720.0,
931740.0,
931760.0,
931780.0,
931800.0,
931820.0,
931840.0,
931860.0,
931880.0,
931900.0,
931920.0,
931940.0,
931960.0,
931980.0,
932000.0,
932020.0,
932040.0,
932060.0,
932080.0,
932100.0,
932120.0,
932140.0,
932160.0,
932180.0,
932200.0,
932220.0,
932240.0,
932260.0,
932280.0,
932300.0,
932320.0,
932340.0,
932360.0,
932380.0,
932400.0,
932420.0,
932440.0,
932460.0,
932480.0,
932500.0,
932520.0,
932540.0,
932560.0,
932580.0,
932600.0,
932620.0,
932640.0,
932660.0,
932680.0,
932700.0,
932720.0,
932740.0,
932760.0,
932780.0,
932800.0,
932820.0,
932840.0,
932860.0,
932880.0,
932900.0,
932920.0,
932940.0,
932960.0,
932980.0,
933000.0,
933020.0,
933040.0,
933060.0,
933080.0,
933100.0,
933120.0,
933140.0,
933160.0,
933180.0,
933200.0,
933220.0,
933240.0,
933260.0,
933280.0,
933300.0,
933320.0,
933340.0,
933360.0,
933380.0,
933400.0,
933420.0,
933440.0,
933460.0,
933480.0,
933500.0,
933520.0,
933540.0,
933560.0,
933580.0,
933600.0,
933620.0,
933640.0,
933660.0,
933680.0,
933700.0,
933720.0,
933740.0,
933760.0,
933780.0,
933800.0,
933820.0,
933840.0,
933860.0,
933880.0,
933900.0,
933920.0,
933940.0,
933960.0,
933980.0,
934000.0,
934020.0,
934040.0,
934060.0,
934080.0,
934100.0,
934120.0,
934140.0,
934160.0,
934180.0,
934200.0,
934220.0,
934240.0,
934260.0,
934280.0,
934300.0,
934320.0,
934340.0,
934360.0,
934380.0,
934400.0,
934420.0,
934440.0,
934460.0,
934480.0,
934500.0,
934520.0,
934540.0,
934560.0,
934580.0,
934600.0,
934620.0,
934640.0,
934660.0,
934680.0,
934700.0,
934720.0,
934740.0,
934760.0,
934780.0,
934800.0,
934820.0,
934840.0,
934860.0,
934880.0,
934900.0,
934920.0,
934940.0,
934960.0,
934980.0,
935000.0,
935020.0,
935040.0,
935060.0,
935080.0,
935100.0,
935120.0,
935140.0,
935160.0,
935180.0,
935200.0,
935220.0,
935240.0,
935260.0,
935280.0,
935300.0,
935320.0,
935340.0,
935360.0,
935380.0,
935400.0,
935420.0,
935440.0,
935460.0,
935480.0,
935500.0,
935520.0,
935540.0,
935560.0,
935580.0,
935600.0,
935620.0,
935640.0,
935660.0,
935680.0,
935700.0,
935720.0,
935740.0,
935760.0,
935780.0,
935800.0,
935820.0,
935840.0,
935860.0,
935880.0,
935900.0,
935920.0,
935940.0,
935960.0,
935980.0,
936000.0,
936020.0,
936040.0,
936060.0,
936080.0,
936100.0,
936120.0,
936140.0,
936160.0,
936180.0,
936200.0,
936220.0,
936240.0,
936260.0,
936280.0,
936300.0,
936320.0,
936340.0,
936360.0,
936380.0,
936400.0,
936420.0,
936440.0,
936460.0,
936480.0,
936500.0,
936520.0,
936540.0,
936560.0,
936580.0,
936600.0,
936620.0,
936640.0,
936660.0,
936680.0,
936700.0,
936720.0,
936740.0,
936760.0,
936780.0,
936800.0,
936820.0,
936840.0,
936860.0,
936880.0,
936900.0,
936920.0,
936940.0,
936960.0,
936980.0,
937000.0,
937020.0,
937040.0,
937060.0,
937080.0,
937100.0,
937120.0,
937140.0,
937160.0,
937180.0,
937200.0,
937220.0,
937240.0,
937260.0,
937280.0,
937300.0,
937320.0,
937340.0,
937360.0,
937380.0,
937400.0,
937420.0,
937440.0,
937460.0,
937480.0,
937500.0,
937520.0,
937540.0,
937560.0,
937580.0,
937600.0,
937620.0,
937640.0,
937660.0,
937680.0,
937700.0,
937720.0,
937740.0,
937760.0,
937780.0,
937800.0,
937820.0,
937840.0,
937860.0,
937880.0,
937900.0,
937920.0,
937940.0,
937960.0,
937980.0,
938000.0,
938020.0,
938040.0,
938060.0,
938080.0,
938100.0,
938120.0,
938140.0,
938160.0,
938180.0,
938200.0,
938220.0,
938240.0,
938260.0,
938280.0,
938300.0,
938320.0,
938340.0,
938360.0,
938380.0,
938400.0,
938420.0,
938440.0,
938460.0,
938480.0,
938500.0,
938520.0,
938540.0,
938560.0,
938580.0,
938600.0,
938620.0,
938640.0,
938660.0,
938680.0,
938700.0,
938720.0,
938740.0,
938760.0,
938780.0,
938800.0,
938820.0,
938840.0,
938860.0,
938880.0,
938900.0,
938920.0,
938940.0,
938960.0,
938980.0,
939000.0,
939020.0,
939040.0,
939060.0,
939080.0,
939100.0,
939120.0,
939140.0,
939160.0,
939180.0,
939200.0,
939220.0,
939240.0,
939260.0,
939280.0,
939300.0,
939320.0,
939340.0,
939360.0,
939380.0,
939400.0,
939420.0,
939440.0,
939460.0,
939480.0,
939500.0,
939520.0,
939540.0,
939560.0,
939580.0,
939600.0,
939620.0,
939640.0,
939660.0,
939680.0,
939700.0,
939720.0,
939740.0,
939760.0,
939780.0,
939800.0,
939820.0,
939840.0,
939860.0,
939880.0,
939900.0,
939920.0,
939940.0,
939960.0,
939980.0,
940000.0,
940020.0,
940040.0,
940060.0,
940080.0,
940100.0,
940120.0,
940140.0,
940160.0,
940180.0,
940200.0,
940220.0,
940240.0,
940260.0,
940280.0,
940300.0,
940320.0,
940340.0,
940360.0,
940380.0,
940400.0,
940420.0,
940440.0,
940460.0,
940480.0,
940500.0,
940520.0,
940540.0,
940560.0,
940580.0,
940600.0,
940620.0,
940640.0,
940660.0,
940680.0,
940700.0,
940720.0,
940740.0,
940760.0,
940780.0,
940800.0,
940820.0,
940840.0,
940860.0,
940880.0,
940900.0,
940920.0,
940940.0,
940960.0,
940980.0,
941000.0,
941020.0,
941040.0,
941060.0,
941080.0,
941100.0,
941120.0,
941140.0,
941160.0,
941180.0,
941200.0,
941220.0,
941240.0,
941260.0,
941280.0,
941300.0,
941320.0,
941340.0,
941360.0,
941380.0,
941400.0,
941420.0,
941440.0,
941460.0,
941480.0,
941500.0,
941520.0,
941540.0,
941560.0,
941580.0,
941600.0,
941620.0,
941640.0,
941660.0,
941680.0,
941700.0,
941720.0,
941740.0,
941760.0,
941780.0,
941800.0,
941820.0,
941840.0,
941860.0,
941880.0,
941900.0,
941920.0,
941940.0,
941960.0,
941980.0,
942000.0,
942020.0,
942040.0,
942060.0,
942080.0,
942100.0,
942120.0,
942140.0,
942160.0,
942180.0,
942200.0,
942220.0,
942240.0,
942260.0,
942280.0,
942300.0,
942320.0,
942340.0,
942360.0,
942380.0,
942400.0,
942420.0,
942440.0,
942460.0,
942480.0,
942500.0,
942520.0,
942540.0,
942560.0,
942580.0,
942600.0,
942620.0,
942640.0,
942660.0,
942680.0,
942700.0,
942720.0,
942740.0,
942760.0,
942780.0,
942800.0,
942820.0,
942840.0,
942860.0,
942880.0,
942900.0,
942920.0,
942940.0,
942960.0,
942980.0,
943000.0,
943020.0,
943040.0,
943060.0,
943080.0,
943100.0,
943120.0,
943140.0,
943160.0,
943180.0,
943200.0,
943220.0,
943240.0,
943260.0,
943280.0,
943300.0,
943320.0,
943340.0,
943360.0,
943380.0,
943400.0,
943420.0,
943440.0,
943460.0,
943480.0,
943500.0,
943520.0,
943540.0,
943560.0,
943580.0,
943600.0,
943620.0,
943640.0,
943660.0,
943680.0,
943700.0,
943720.0,
943740.0,
943760.0,
943780.0,
943800.0,
943820.0,
943840.0,
943860.0,
943880.0,
943900.0,
943920.0,
943940.0,
943960.0,
943980.0,
944000.0,
944020.0,
944040.0,
944060.0,
944080.0,
944100.0,
944120.0,
944140.0,
944160.0,
944180.0,
944200.0,
944220.0,
944240.0,
944260.0,
944280.0,
944300.0,
944320.0,
944340.0,
944360.0,
944380.0,
944400.0,
944420.0,
944440.0,
944460.0,
944480.0,
944500.0,
944520.0,
944540.0,
944560.0,
944580.0,
944600.0,
944620.0,
944640.0,
944660.0,
944680.0,
944700.0,
944720.0,
944740.0,
944760.0,
944780.0,
944800.0,
944820.0,
944840.0,
944860.0,
944880.0,
944900.0,
944920.0,
944940.0,
944960.0,
944980.0,
945000.0,
945020.0,
945040.0,
945060.0,
945080.0,
945100.0,
945120.0,
945140.0,
945160.0,
945180.0,
945200.0,
945220.0,
945240.0,
945260.0,
945280.0,
945300.0,
945320.0,
945340.0,
945360.0,
945380.0,
945400.0,
945420.0,
945440.0,
945460.0,
945480.0,
945500.0,
945520.0,
945540.0,
945560.0,
945580.0,
945600.0,
945620.0,
945640.0,
945660.0,
945680.0,
945700.0,
945720.0,
945740.0,
945760.0,
945780.0,
945800.0,
945820.0,
945840.0,
945860.0,
945880.0,
945900.0,
945920.0,
945940.0,
945960.0,
945980.0,
946000.0,
946020.0,
946040.0,
946060.0,
946080.0,
946100.0,
946120.0,
946140.0,
946160.0,
946180.0,
946200.0,
946220.0,
946240.0,
946260.0,
946280.0,
946300.0,
946320.0,
946340.0,
946360.0,
946380.0,
946400.0,
946420.0,
946440.0,
946460.0,
946480.0,
946500.0,
946520.0,
946540.0,
946560.0,
946580.0,
946600.0,
946620.0,
946640.0,
946660.0,
946680.0,
946700.0,
946720.0,
946740.0,
946760.0,
946780.0,
946800.0,
946820.0,
946840.0,
946860.0,
946880.0,
946900.0,
946920.0,
946940.0,
946960.0,
946980.0,
947000.0,
947020.0,
947040.0,
947060.0,
947080.0,
947100.0,
947120.0,
947140.0,
947160.0,
947180.0,
947200.0,
947220.0,
947240.0,
947260.0,
947280.0,
947300.0,
947320.0,
947340.0,
947360.0,
947380.0,
947400.0,
947420.0,
947440.0,
947460.0,
947480.0,
947500.0,
947520.0,
947540.0,
947560.0,
947580.0,
947600.0,
947620.0,
947640.0,
947660.0,
947680.0,
947700.0,
947720.0,
947740.0,
947760.0,
947780.0,
947800.0,
947820.0,
947840.0,
947860.0,
947880.0,
947900.0,
947920.0,
947940.0,
947960.0,
947980.0,
948000.0,
948020.0,
948040.0,
948060.0,
948080.0,
948100.0,
948120.0,
948140.0,
948160.0,
948180.0,
948200.0,
948220.0,
948240.0,
948260.0,
948280.0,
948300.0,
948320.0,
948340.0,
948360.0,
948380.0,
948400.0,
948420.0,
948440.0,
948460.0,
948480.0,
948500.0,
948520.0,
948540.0,
948560.0,
948580.0,
948600.0,
948620.0,
948640.0,
948660.0,
948680.0,
948700.0,
948720.0,
948740.0,
948760.0,
948780.0,
948800.0,
948820.0,
948840.0,
948860.0,
948880.0,
948900.0,
948920.0,
948940.0,
948960.0,
948980.0,
949000.0,
949020.0,
949040.0,
949060.0,
949080.0,
949100.0,
949120.0,
949140.0,
949160.0,
949180.0,
949200.0,
949220.0,
949240.0,
949260.0,
949280.0,
949300.0,
949320.0,
949340.0,
949360.0,
949380.0,
949400.0,
949420.0,
949440.0,
949460.0,
949480.0,
949500.0,
949520.0,
949540.0,
949560.0,
949580.0,
949600.0,
949620.0,
949640.0,
949660.0,
949680.0,
949700.0,
949720.0,
949740.0,
949760.0,
949780.0,
949800.0,
949820.0,
949840.0,
949860.0,
949880.0,
949900.0,
949920.0,
949940.0,
949960.0,
949980.0,
950000.0,
950020.0,
950040.0,
950060.0,
950080.0,
950100.0,
950120.0,
950140.0,
950160.0,
950180.0,
950200.0,
950220.0,
950240.0,
950260.0,
950280.0,
950300.0,
950320.0,
950340.0,
950360.0,
950380.0,
950400.0,
950420.0,
950440.0,
950460.0,
950480.0,
950500.0,
950520.0,
950540.0,
950560.0,
950580.0,
950600.0,
950620.0,
950640.0,
950660.0,
950680.0,
950700.0,
950720.0,
950740.0,
950760.0,
950780.0,
950800.0,
950820.0,
950840.0,
950860.0,
950880.0,
950900.0,
950920.0,
950940.0,
950960.0,
950980.0,
951000.0,
951020.0,
951040.0,
951060.0,
951080.0,
951100.0,
951120.0,
951140.0,
951160.0,
951180.0,
951200.0,
951220.0,
951240.0,
951260.0,
951280.0,
951300.0,
951320.0,
951340.0,
951360.0,
951380.0,
951400.0,
951420.0,
951440.0,
951460.0,
951480.0,
951500.0,
951520.0,
951540.0,
951560.0,
951580.0,
951600.0,
951620.0,
951640.0,
951660.0,
951680.0,
951700.0,
951720.0,
951740.0,
951760.0,
951780.0,
951800.0,
951820.0,
951840.0,
951860.0,
951880.0,
951900.0,
951920.0,
951940.0,
951960.0,
951980.0,
952000.0,
952020.0,
952040.0,
952060.0,
952080.0,
952100.0,
952120.0,
952140.0,
952160.0,
952180.0,
952200.0,
952220.0,
952240.0,
952260.0,
952280.0,
952300.0,
952320.0,
952340.0,
952360.0,
952380.0,
952400.0,
952420.0,
952440.0,
952460.0,
952480.0,
952500.0,
952520.0,
952540.0,
952560.0,
952580.0,
952600.0,
952620.0,
952640.0,
952660.0,
952680.0,
952700.0,
952720.0,
952740.0,
952760.0,
952780.0,
952800.0,
952820.0,
952840.0,
952860.0,
952880.0,
952900.0,
952920.0,
952940.0,
952960.0,
952980.0,
953000.0,
953020.0,
953040.0,
953060.0,
953080.0,
953100.0,
953120.0,
953140.0,
953160.0,
953180.0,
953200.0,
953220.0,
953240.0,
953260.0,
953280.0,
953300.0,
953320.0,
953340.0,
953360.0,
953380.0,
953400.0,
953420.0,
953440.0,
953460.0,
953480.0,
953500.0,
953520.0,
953540.0,
953560.0,
953580.0,
953600.0,
953620.0,
953640.0,
953660.0,
953680.0,
953700.0,
953720.0,
953740.0,
953760.0,
953780.0,
953800.0,
953820.0,
953840.0,
953860.0,
953880.0,
953900.0,
953920.0,
953940.0,
953960.0,
953980.0,
954000.0,
954020.0,
954040.0,
954060.0,
954080.0,
954100.0,
954120.0,
954140.0,
954160.0,
954180.0,
954200.0,
954220.0,
954240.0,
954260.0,
954280.0,
954300.0,
954320.0,
954340.0,
954360.0,
954380.0,
954400.0,
954420.0,1721.3873712510006
954440.0,1648.6035650849517
954460.0,1535.5916913274973
954480.0,1404.9191812173462
954500.0,1269.1990561842872
954520.0,1142.0479366112013
954540.0,1034.1340564161221
954560.0,951.4831139938154
954580.0,896.2033976246472
954600.0,868.2712497029172
954620.0,867.2227050602512
954640.0,893.0105075222818
954660.0,945.7109472065752
954680.0,1024.1951398406482
954700.0,1124.3138313154298
954720.0,1237.565711709968
954740.0,1351.5999662492677
954760.0,1453.5459830893833
954780.0,1534.1808068596747
954800.0,1589.7575161948664
954820.0,1621.5084605434326
954840.0,1634.0156425588884
954860.0,1633.3503628036808
954880.0,1625.5134931553318
954900.0,1615.4031395297814
954920.0,1606.3235095889368
954940.0,1599.9285199053631
954960.0,1596.4504610982717
954980.0,1595.0739314808086
955000.0,1594.352773234978
955020.0,1592.610544840956
955040.0,1588.2964028127005
955060.0,1580.277895103946
955080.0,1568.0365211463718
955100.0,1551.7061695824264
955120.0,1531.9330137481243
955140.0,1509.6380671555312
955160.0,1485.7840280448568
955180.0,1461.2042317088114
955200.0,1436.5111827855185
955220.0,1412.0764397165372
955240.0,1388.061003856866
955260.0,1364.4725519323924
955280.0,1341.2291589973893
955300.0,1318.2153003269336
955320.0,1295.322446255876
955340.0,1272.4719959675979
955360.0,1249.622029365576
955380.0,1226.7614312198746
955400.0,1203.8957757823132
955420.0,1181.0294935146935
955440.0,1158.1487380571502
955460.0,1135.2092852821813
955480.0,1112.1337116349307
955500.0,1088.8217414937953
955520.0,1065.17657056356
955540.0,1041.1476822415575
955560.0,1016.7868728733054
955580.0,992.309013256393
955600.0,968.1432988265809
955620.0,944.9560506550715
955640.0,923.6251174601518
955660.0,905.1519392882137
955680.0,890.5139974622527
955700.0,880.4908367525146
955720.0,875.5391222414979
955740.0,875.7954274815871
955760.0,881.1747459107077
955780.0,891.4515421727899
955800.0,906.2411075221264
955820.0,924.8562829491153
955840.0,946.08826729414
955860.0,968.053831374096
955880.0,988.2716590973587
955900.0,1003.8055964468098
955920.0,1011.4408993573334
955940.0,1008.6835289588851
955960.0,995.5369369133538
955980.0,974.8988048154736
956000.0,951.0086342240395
956020.0,927.7624316954829
956040.0,907.7408958688295
956060.0,892.0343144043524
956080.0,880.5961162149764
956100.0,872.8567559050105
956120.0,868.376001715677
956140.0,867.3656060073369
956160.0,870.9700283886299
956180.0,881.2259737741318
956200.0,900.6512829321248
956220.0,931.4850281411029
956240.0,974.69185896068
956260.0,1028.9594521607698
956280.0,1090.0976844217032
956300.0,1148.5557308050088
956320.0,
956340.0,
956360.0,
956380.0,
956400.0,
956420.0,
956440.0,
956460.0,
956480.0,
956500.0,
956520.0,
956540.0,
956560.0,
956580.0,
956600.0,
956620.0,
956640.0,
956660.0,
956680.0,
956700.0,
956720.0,
956740.0,
956760.0,
956780.0,
956800.0,
956820.0,
956840.0,
956860.0,
956880.0,
956900.0,
956920.0,
956940.0,
956960.0,
956980.0,
957000.0,
957020.0,
957040.0,
957060.0,
957080.0,
957100.0,
957120.0,
957140.0,
957160.0,
957180.0,
957200.0,
957220.0,
957240.0,
957260.0,
957280.0,
957300.0,
957320.0,
957340.0,
957360.0,
957380.0,
957400.0,
957420.0,
957440.0,
957460.0,
957480.0,
957500.0,
957520.0,
957540.0,
957560.0,
957580.0,
957600.0,
957620.0,
957640.0,
957660.0,
957680.0,
957700.0,
957720.0,
957740.0,
957760.0,
957780.0,
957800.0,
957820.0,
957840.0,
957860.0,
957880.0,
957900.0,
957920.0,
957940.0,
957960.0,
957980.0,
958000.0,
958020.0,
958040.0,
958060.0,
958080.0,
958100.0,
958120.0,
958140.0,
958160.0,
958180.0,
958200.0,
958220.0,
958240.0,
958260.0,
958280.0,
958300.0,
958320.0,
958340.0,
958360.0,
958380.0,
958400.0,
958420.0,
958440.0,
958460.0,
958480.0,
958500.0,
958520.0,
958540.0,
958560.0,
958580.0,
958600.0,
958620.0,
958640.0,
958660.0,
958680.0,
958700.0,
958720.0,
958740.0,
958760.0,
958780.0,
958800.0,
958820.0,
958840.0,
958860.0,
958880.0,
958900.0,
958920.0,
958940.0,
958960.0,
958980.0,
959000.0,
959020.0,
959040.0,
959060.0,
959080.0,
959100.0,
959120.0,
959140.0,
959160.0,
959180.0,
959200.0,1811.4870628398162
959220.0,1806.3054317635665
959240.0,1781.2042531783795
959260.0,1729.4841111078586
959280.0,1649.433483931726
959300.0,1545.0952540396784
959320.0,1426.6729371326298
959340.0,1308.0878107973756
959360.0,1202.171975054686
959380.0,1117.040352735624
959400.0,1055.3019723025893
959420.0,1015.129639934796
959440.0,992.0498782474746
959460.0,980.6978601679663
959480.0,976.1392497757186
959500.0,974.6288892606624
959520.0,973.83996889069
959540.0,973.0553551401921
959560.0,
959580.0,
959600.0,
959620.0,
959640.0,
959660.0,
959680.0,
959700.0,
959720.0,
959740.0,
959760.0,
959780.0,
959800.0,
959820.0,
959840.0,
959860.0,
959880.0,
959900.0,
959920.0,
959940.0,
959960.0,
959980.0,
960000.0,
960020.0,
960040.0,
960060.0,
960080.0,
960100.0,
960120.0,
960140.0,
960160.0,
960180.0,
960200.0,
960220.0,
960240.0,
960260.0,
960280.0,
960300.0,
960320.0,
960340.0,
960360.0,
960380.0,
960400.0,
960420.0,
960440.0,
960460.0,
960480.0,
960500.0,
960520.0,
960540.0,
960560.0,
960580.0,
960600.0,
960620.0,
960640.0,
960660.0,
960680.0,
960700.0,
960720.0,
960740.0,
960760.0,
960780.0,
960800.0,
960820.0,
960840.0,
960860.0,
960880.0,
960900.0,
960920.0,
960940.0,
960960.0,
960980.0,
961000.0,
961020.0,
961040.0,
961060.0,
961080.0,
961100.0,
961120.0,
961140.0,
961160.0,
961180.0,
961200.0,
961220.0,
961240.0,
961260.0,
961280.0,
961300.0,
961320.0,
961340.0,
961360.0,
961380.0,
961400.0,
961420.0,
961440.0,
961460.0,
961480.0,
961500.0,
961520.0,
961540.0,
961560.0,
961580.0,
961600.0,
961620.0,
961640.0,
961660.0,
961680.0,
961700.0,
961720.0,
961740.0,
961760.0,
961780.0,
961800.0,
961820.0,
961840.0,
961860.0,
961880.0,
961900.0,
961920.0,
961940.0,
961960.0,
961980.0,
962000.0,
962020.0,
962040.0,
962060.0,
962080.0,
962100.0,
962120.0,
962140.0,
962160.0,
962180.0,
962200.0,
962220.0,
962240.0,
962260.0,
962280.0,
962300.0,
962320.0,
962340.0,
962360.0,
962380.0,
962400.0,
962420.0,
962440.0,
962460.0,
962480.0,
962500.0,
962520.0,
962540.0,
962560.0,
962580.0,
962600.0,
962620.0,
962640.0,
962660.0,
962680.0,
962700.0,
962720.0,
962740.0,
962760.0,
962780.0,
962800.0,
962820.0,
962840.0,
962860.0,
962880.0,
962900.0,
962920.0,
962940.0,
962960.0,
962980.0,
963000.0,
963020.0,
963040.0,
963060.0,
963080.0,
963100.0,
963120.0,
963140.0,
963160.0,
963180.0,
963200.0,
963220.0,
963240.0,
963260.0,
963280.0,
963300.0,
963320.0,
963340.0,
963360.0,
963380.0,
963400.0,
963420.0,
963440.0,
963460.0,
963480.0,
963500.0,
963520.0,
963540.0,
963560.0,
963580.0,
963600.0,
963620.0,
963640.0,
963660.0,
963680.0,
963700.0,
963720.0,
963740.0,
963760.0,
963780.0,
963800.0,
963820.0,
963840.0,
963860.0,
963880.0,
963900.0,
963920.0,
963940.0,
963960.0,
963980.0,
964000.0,
964020.0,
964040.0,
964060.0,
964080.0,
964100.0,
964120.0,
964140.0,
964160.0,
964180.0,
964200.0,
964220.0,
964240.0,
964260.0,
964280.0,
964300.0,
964320.0,
964340.0,
964360.0,
964380.0,
964400.0,
964420.0,
964440.0,
964460.0,
964480.0,
964500.0,
964520.0,
964540.0,
964560.0,
964580.0,
964600.0,
964620.0,
964640.0,
964660.0,
964680.0,
964700.0,
964720.0,
964740.0,
964760.0,
964780.0,
964800.0,
964820.0,
964840.0,
964860.0,
964880.0,
964900.0,
964920.0,
964940.0,
964960.0,
964980.0,
965000.0,
965020.0,
965040.0,
965060.0,
965080.0,
965100.0,
965120.0,
965140.0,
965160.0,
965180.0,
965200.0,
965220.0,
965240.0,
965260.0,
965280.0,
965300.0,
965320.0,
965340.0,
965360.0,
965380.0,
965400.0,
965420.0,
965440.0,
965460.0,
965480.0,
965500.0,
965520.0,
965540.0,
965560.0,
965580.0,
965600.0,
965620.0,
965640.0,
965660.0,
965680.0,
965700.0,
965720.0,
965740.0,
965760.0,
965780.0,
965800.0,
965820.0,
965840.0,
965860.0,
965880.0,
965900.0,
965920.0,
965940.0,
965960.0,
965980.0,
966000.0,
966020.0,
966040.0,
966060.0,
966080.0,
966100.0,
966120.0,
966140.0,
966160.0,
966180.0,
966200.0,
966220.0,
966240.0,
966260.0,
966280.0,
966300.0,
966320.0,
966340.0,
966360.0,
966380.0,
966400.0,
966420.0,
966440.0,
966460.0,
966480.0,
966500.0,
966520.0,
966540.0,
966560.0,
966580.0,
966600.0,
966620.0,
966640.0,
966660.0,
966680.0,
966700.0,
966720.0,
966740.0,
966760.0,
966780.0,
966800.0,
966820.0,
966840.0,
966860.0,
966880.0,
966900.0,
966920.0,
966940.0,
966960.0,
966980.0,
967000.0,
967020.0,
967040.0,
967060.0,
967080.0,
967100.0,
967120.0,
967140.0,
967160.0,
967180.0,
967200.0,
967220.0,
967240.0,
967260.0,
967280.0,
967300.0,
967320.0,
967340.0,
967360.0,
967380.0,
967400.0,
967420.0,
967440.0,
967460.0,
967480.0,
967500.0,
967520.0,
967540.0,
967560.0,
967580.0,
967600.0,
967620.0,
967640.0,
967660.0,
967680.0,
967700.0,
967720.0,
967740.0,
967760.0,
967780.0,
967800.0,
967820.0,
967840.0,
967860.0,
967880.0,
967900.0,
967920.0,
967940.0,
967960.0,
967980.0,
968000.0,
968020.0,
968040.0,
968060.0,
968080.0,
968100.0,
968120.0,
968140.0,
968160.0,
968180.0,
968200.0,
968220.0,
968240.0,
968260.0,
968280.0,
968300.0,
968320.0,
968340.0,
968360.0,
968380.0,
968400.0,
968420.0,
968440.0,
968460.0,
968480.0,
968500.0,
968520.0,
968540.0,
968560.0,
968580.0,
968600.0,
968620.0,
968640.0,
968660.0,
968680.0,
968700.0,
968720.0,
968740.0,
968760.0,
968780.0,
968800.0,
968820.0,
968840.0,
968860.0,
968880.0,
968900.0,
968920.0,
968940.0,
968960.0,
968980.0,
969000.0,
969020.0,
969040.0,
969060.0,
969080.0,
969100.0,
969120.0,
969140.0,
969160.0,
969180.0,
969200.0,
969220.0,
969240.0,
969260.0,
969280.0,
969300.0,
969320.0,
969340.0,
969360.0,
969380.0,
969400.0,
969420.0,
969440.0,
969460.0,
969480.0,
969500.0,
969520.0,
969540.0,
969560.0,
969580.0,
969600.0,
969620.0,
969640.0,
969660.0,
969680.0,
969700.0,
969720.0,
969740.0,
969760.0,
969780.0,
969800.0,
969820.0,
969840.0,
969860.0,
969880.0,
969900.0,
969920.0,
969940.0,
969960.0,
969980.0,
970000.0,
970020.0,
970040.0,
970060.0,
970080.0,
970100.0,
970120.0,
970140.0,
970160.0,
970180.0,
970200.0,
970220.0,
970240.0,
970260.0,
970280.0,
970300.0,
970320.0,
970340.0,
970360.0,
970380.0,
970400.0,
970420.0,
970440.0,
970460.0,
970480.0,
970500.0,
970520.0,
970540.0,
970560.0,
970580.0,
970600.0,
970620.0,
970640.0,
970660.0,
970680.0,
970700.0,
970720.0,
970740.0,
970760.0,
970780.0,
970800.0,
970820.0,
970840.0,
970860.0,
970880.0,
970900.0,
970920.0,
970940.0,
970960.0,
970980.0,
971000.0,
971020.0,
971040.0,
971060.0,
971080.0,
971100.0,
971120.0,
971140.0,
971160.0,
971180.0,
971200.0,
971220.0,
971240.0,
971260.0,
971280.0,
971300.0,
971320.0,
971340.0,
971360.0,
971380.0,
971400.0,
971420.0,
971440.0,
971460.0,
971480.0,
971500.0,
971520.0,
971540.0,
971560.0,
971580.0,
971600.0,
971620.0,
971640.0,
971660.0,
971680.0,
971700.0,
971720.0,
971740.0,
971760.0,
971780.0,
971800.0,
971820.0,
971840.0,
971860.0,
971880.0,
971900.0,
971920.0,
971940.0,
971960.0,
971980.0,
972000.0,
972020.0,
972040.0,
972060.0,
972080.0,
972100.0,
972120.0,
972140.0,
972160.0,
972180.0,
972200.0,
972220.0,
972240.0,
972260.0,
972280.0,
972300.0,
972320.0,
972340.0,
972360.0,
972380.0,
972400.0,
972420.0,
972440.0,
972460.0,
972480.0,
972500.0,
972520.0,
972540.0,
972560.0,
972580.0,
972600.0,
972620.0,
972640.0,
972660.0,
972680.0,
972700.0,
972720.0,
972740.0,
972760.0,
972780.0,
972800.0,
972820.0,
972840.0,
972860.0,
972880.0,
972900.0,
972920.0,
972940.0,
972960.0,
972980.0,
973000.0,
973020.0,
973040.0,
973060.0,
973080.0,
973100.0,
973120.0,
973140.0,
973160.0,
973180.0,
973200.0,
973220.0,
973240.0,
973260.0,
973280.0,
973300.0,
973320.0,
973340.0,
973360.0,
973380.0,
973400.0,
973420.0,
973440.0,
973460.0,
973480.0,
973500.0,
973520.0,
973540.0,
973560.0,
973580.0,
973600.0,
973620.0,
973640.0,
973660.0,
973680.0,
973700.0,
973720.0,
973740.0,
973760.0,
973780.0,
973800.0,
973820.0,
973840.0,
973860.0,
973880.0,
973900.0,
973920.0,
973940.0,
973960.0,
973980.0,
974000.0,
974020.0,
974040.0,
974060.0,
974080.0,
974100.0,
974120.0,
974140.0,
974160.0,
974180.0,
974200.0,
974220.0,
974240.0,
974260.0,
974280.0,
974300.0,
974320.0,
974340.0,
974360.0,
974380.0,
974400.0,
974420.0,
974440.0,
974460.0,
974480.0,
974500.0,
974520.0,
974540.0,
974560.0,
974580.0,
974600.0,
974620.0,
974640.0,
974660.0,
974680.0,
974700.0,
974720.0,
974740.0,
974760.0,
974780.0,
974800.0,
974820.0,
974840.0,
974860.0,
974880.0,
974900.0,
974920.0,
974940.0,
974960.0,
974980.0,
975000.0,
975020.0,
975040.0,
975060.0,
975080.0,
975100.0,
975120.0,
975140.0,
975160.0,
975180.0,
975200.0,
975220.0,
975240.0,
975260.0,
975280.0,
975300.0,
975320.0,
975340.0,
975360.0,
975380.0,
975400.0,
975420.0,
975440.0,
975460.0,
975480.0,
975500.0,
975520.0,
975540.0,
975560.0,
975580.0,
975600.0,
975620.0,
975640.0,
975660.0,
975680.0,
975700.0,
975720.0,
975740.0,
975760.0,
975780.0,
975800.0,
975820.0,
975840.0,
975860.0,
975880.0,
975900.0,
975920.0,
975940.0,
975960.0,
975980.0,
976000.0,
976020.0,
976040.0,
976060.0,
976080.0,
976100.0,
976120.0,
976140.0,
976160.0,
976180.0,
976200.0,
976220.0,
976240.0,
976260.0,
976280.0,
976300.0,
976320.0,
976340.0,
976360.0,
976380.0,
976400.0,
976420.0,
976440.0,
976460.0,
976480.0,
976500.0,
976520.0,
976540.0,
976560.0,
976580.0,
976600.0,
976620.0,
976640.0,
976660.0,
976680.0,
976700.0,
976720.0,
976740.0,
976760.0,
976780.0,
976800.0,
976820.0,
976840.0,
976860.0,
976880.0,
976900.0,
976920.0,
976940.0,
976960.0,
976980.0,
977000.0,
977020.0,
977040.0,
977060.0,
977080.0,
977100.0,
977120.0,
977140.0,
977160.0,
977180.0,
977200.0,
977220.0,
977240.0,
977260.0,
977280.0,
977300.0,
977320.0,
977340.0,
977360.0,
977380.0,
977400.0,
977420.0,
977440.0,
977460.0,
977480.0,
977500.0,
977520.0,
977540.0,
977560.0,
977580.0,
977600.0,
977620.0,
977640.0,
977660.0,
977680.0,
977700.0,
977720.0,
977740.0,
977760.0,
977780.0,
977800.0,
977820.0,
977840.0,
977860.0,
977880.0,
977900.0,
977920.0,
977940.0,
977960.0,
977980.0,
978000.0,
978020.0,
978040.0,
978060.0,
978080.0,
978100.0,
978120.0,
978140.0,
978160.0,
978180.0,
978200.0,
978220.0,
978240.0,
978260.0,
978280.0,
978300.0,
978320.0,
978340.0,
978360.0,
978380.0,
978400.0,
978420.0,
978440.0,
978460.0,
978480.0,
978500.0,
978520.0,
978540.0,
978560.0,
978580.0,
978600.0,
978620.0,
978640.0,
978660.0,
978680.0,
978700.0,
978720.0,
978740.0,
978760.0,
978780.0,
978800.0,
978820.0,
978840.0,
978860.0,
978880.0,
978900.0,
978920.0,
978940.0,
978960.0,
978980.0,
979000.0,
979020.0,
979040.0,
979060.0,
979080.0,
979100.0,
979120.0,
979140.0,
979160.0,
979180.0,
979200.0,
979220.0,
979240.0,
979260.0,
979280.0,
979300.0,
979320.0,
979340.0,
979360.0,
979380.0,
979400.0,
979420.0,
979440.0,
979460.0,
979480.0,
979500.0,
979520.0,
979540.0,
979560.0,
979580.0,
979600.0,
979620.0,
979640.0,
979660.0,
979680.0,
979700.0,
979720.0,
979740.0,
979760.0,
979780.0,
979800.0,
979820.0,
979840.0,
979860.0,
979880.0,
979900.0,
979920.0,
979940.0,
979960.0,
979980.0,
980000.0,
980020.0,
980040.0,
980060.0,
980080.0,
980100.0,
980120.0,
980140.0,
980160.0,
980180.0,
980200.0,
980220.0,
980240.0,
980260.0,
980280.0,
980300.0,
980320.0,
980340.0,
980360.0,
980380.0,
980400.0,
980420.0,
980440.0,
980460.0,
980480.0,
980500.0,
980520.0,
980540.0,
980560.0,
980580.0,
980600.0,
980620.0,
980640.0,
980660.0,
980680.0,
980700.0,
980720.0,
980740.0,
980760.0,
980780.0,
980800.0,
980820.0,
980840.0,
980860.0,
980880.0,
980900.0,
980920.0,
980940.0,
980960.0,
980980.0,
981000.0,
981020.0,
981040.0,
981060.0,
981080.0,
981100.0,
981120.0,
981140.0,
981160.0,
981180.0,
981200.0,
981220.0,
981240.0,
981260.0,
981280.0,
981300.0,
981320.0,
981340.0,
981360.0,
981380.0,
981400.0,
981420.0,
981440.0,
981460.0,
981480.0,
981500.0,
981520.0,
981540.0,
981560.0,
981580.0,
981600.0,
981620.0,
981640.0,
981660.0,
981680.0,
981700.0,
981720.0,
981740.0,
981760.0,
981780.0,
981800.0,
981820.0,
981840.0,
981860.0,
981880.0,
981900.0,
981920.0,
981940.0,
981960.0,
981980.0,
982000.0,
982020.0,
982040.0,
982060.0,
982080.0,
982100.0,
982120.0,
982140.0,
982160.0,
982180.0,
982200.0,
982220.0,
982240.0,
982260.0,
982280.0,
982300.0,
982320.0,
982340.0,
982360.0,
982380.0,
982400.0,
982420.0,
982440.0,
982460.0,
982480.0,
982500.0,
982520.0,
982540.0,
982560.0,
982580.0,
982600.0,
982620.0,
982640.0,
982660.0,
982680.0,
982700.0,
982720.0,
982740.0,
982760.0,
982780.0,
982800.0,
982820.0,
982840.0,
982860.0,
982880.0,
982900.0,
982920.0,
982940.0,
982960.0,
982980.0,
983000.0,
983020.0,
983040.0,
983060.0,
983080.0,
983100.0,
983120.0,
983140.0,
983160.0,
983180.0,
983200.0,
983220.0,
983240.0,
983260.0,
983280.0,
983300.0,
983320.0,
983340.0,
983360.0,
983380.0,
983400.0,
983420.0,
983440.0,
983460.0,
983480.0,
983500.0,
983520.0,
983540.0,
983560.0,
983580.0,
983600.0,
983620.0,
983640.0,
983660.0,
983680.0,
983700.0,
983720.0,
983740.0,
983760.0,
983780.0,
983800.0,
983820.0,
983840.0,
983860.0,
983880.0,
983900.0,
983920.0,
983940.0,
983960.0,
983980.0,
984000.0,
984020.0,
984040.0,
984060.0,
984080.0,
984100.0,
984120.0,
984140.0,
984160.0,
984180.0,
984200.0,
984220.0,
984240.0,
984260.0,
984280.0,
984300.0,
984320.0,
984340.0,
984360.0,
984380.0,
984400.0,
984420.0,
984440.0,
984460.0,
984480.0,
984500.0,
984520.0,
984540.0,
984560.0,
984580.0,
984600.0,
984620.0,
984640.0,
984660.0,
984680.0,
984700.0,
984720.0,
984740.0,
984760.0,
984780.0,
984800.0,
984820.0,
984840.0,
984860.0,
984880.0,
984900.0,
984920.0,
984940.0,
984960.0,
984980.0,
985000.0,
985020.0,
985040.0,
985060.0,
985080.0,
985100.0,
985120.0,
985140.0,
985160.0,
985180.0,
985200.0,
985220.0,
985240.0,
985260.0,
985280.0,
985300.0,
985320.0,
985340.0,
985360.0,
985380.0,
985400.0,
985420.0,
985440.0,
985460.0,
985480.0,
985500.0,
985520.0,
985540.0,
985560.0,
985580.0,
985600.0,
985620.0,
985640.0,
985660.0,
985680.0,
985700.0,
985720.0,
985740.0,
985760.0,
985780.0,
985800.0,
985820.0,
985840.0,
985860.0,
985880.0,
985900.0,
985920.0,
985940.0,
985960.0,
985980.0,
986000.0,
986020.0,
986040.0,
986060.0,
986080.0,
986100.0,
986120.0,
986140.0,
986160.0,
986180.0,
986200.0,
986220.0,
986240.0,
986260.0,
986280.0,
986300.0,
986320.0,
986340.0,
986360.0,
986380.0,
986400.0,
986420.0,
986440.0,
986460.0,
986480.0,
986500.0,
986520.0,
986540.0,
986560.0,
986580.0,
986600.0,
986620.0,
986640.0,
986660.0,
986680.0,
986700.0,
986720.0,
986740.0,
986760.0,
986780.0,
986800.0,
986820.0,
986840.0,
986860.0,
986880.0,
986900.0,
986920.0,
986940.0,
986960.0,
986980.0,
987000.0,
987020.0,
987040.0,
987060.0,
987080.0,
987100.0,
987120.0,
987140.0,
987160.0,
987180.0,
987200.0,
987220.0,
987240.0,
987260.0,
987280.0,
987300.0,
987320.0,
987340.0,
987360.0,
987380.0,
987400.0,
987420.0,
987440.0,
987460.0,
987480.0,
987500.0,
987520.0,
987540.0,
987560.0,
987580.0,
987600.0,
987620.0,
987640.0,
987660.0,
987680.0,
987700.0,
987720.0,
987740.0,
987760.0,
987780.0,
987800.0,
987820.0,
987840.0,
987860.0,
987880.0,
987900.0,
987920.0,
987940.0,
987960.0,
987980.0,
988000.0,
988020.0,
988040.0,
988060.0,
988080.0,
988100.0,
988120.0,
988140.0,
988160.0,
988180.0,
988200.0,
988220.0,
988240.0,
988260.0,
988280.0,
988300.0,
988320.0,
988340.0,
988360.0,
988380.0,
988400.0,
988420.0,
988440.0,
988460.0,
988480.0,
988500.0,
988520.0,
988540.0,
988560.0,
988580.0,
988600.0,
988620.0,
988640.0,
988660.0,
988680.0,
988700.0,
988720.0,
988740.0,
988760.0,
988780.0,
988800.0,
988820.0,
988840.0,
988860.0,
988880.0,
988900.0,
988920.0,
988940.0,
988960.0,
988980.0,
989000.0,
989020.0,
989040.0,
989060.0,
989080.0,
989100.0,
989120.0,
989140.0,
989160.0,
989180.0,
989200.0,
989220.0,
989240.0,
989260.0,
989280.0,
989300.0,
989320.0,
989340.0,
989360.0,
989380.0,
989400.0,
989420.0,
989440.0,
989460.0,
989480.0,
989500.0,
989520.0,
989540.0,
989560.0,
989580.0,
989600.0,
989620.0,
989640.0,
989660.0,
989680.0,
989700.0,
989720.0,
989740.0,
989760.0,
989780.0,
989800.0,
989820.0,
989840.0,
989860.0,
989880.0,
989900.0,
989920.0,
989940.0,
989960.0,
989980.0,
990000.0,
990020.0,
990040.0,
990060.0,
990080.0,
990100.0,
990120.0,
990140.0,
990160.0,
990180.0,
990200.0,
990220.0,
990240.0,
990260.0,
990280.0,
990300.0,
990320.0,
990340.0,
990360.0,
990380.0,
990400.0,
990420.0,
990440.0,
990460.0,
990480.0,
990500.0,
990520.0,
990540.0,
990560.0,
990580.0,
990600.0,
990620.0,
990640.0,
990660.0,
990680.0,
990700.0,
990720.0,
990740.0,
990760.0,
990780.0,
990800.0,
990820.0,
990840.0,
990860.0,
990880.0,
990900.0,
990920.0,
990940.0,
990960.0,
990980.0,
991000.0,
991020.0,
991040.0,
991060.0,
991080.0,
991100.0,
991120.0,
991140.0,
991160.0,
991180.0,
991200.0,
991220.0,
991240.0,
991260.0,
991280.0,
991300.0,
991320.0,
991340.0,
991360.0,
991380.0,
991400.0,
991420.0,
991440.0,
991460.0,
991480.0,
991500.0,
991520.0,
991540.0,
991560.0,
991580.0,
991600.0,
991620.0,
991640.0,
991660.0,
991680.0,
991700.0,
991720.0,
991740.0,
991760.0,
991780.0,
991800.0,
991820.0,
991840.0,
991860.0,
991880.0,
991900.0,
991920.0,
991940.0,
991960.0,
991980.0,
992000.0,
992020.0,
992040.0,
992060.0,
992080.0,
992100.0,
992120.0,
992140.0,
992160.0,
992180.0,
992200.0,
992220.0,
992240.0,
992260.0,
992280.0,
992300.0,
992320.0,
992340.0,
992360.0,
992380.0,
992400.0,
992420.0,
992440.0,
992460.0,
992480.0,
992500.0,
992520.0,
992540.0,
992560.0,
992580.0,
992600.0,
992620.0,
992640.0,
992660.0,
992680.0,
992700.0,
992720.0,
992740.0,
992760.0,
992780.0,
992800.0,
992820.0,
992840.0,
992860.0,
992880.0,
992900.0,
992920.0,
992940.0,
992960.0,
992980.0,
993000.0,
993020.0,
993040.0,
993060.0,
993080.0,
993100.0,
993120.0,
993140.0,
993160.0,
993180.0,
993200.0,
993220.0,
993240.0,
993260.0,
993280.0,
993300.0,
993320.0,
993340.0,
993360.0,
993380.0,
993400.0,
993420.0,
993440.0,
993460.0,
993480.0,
993500.0,
993520.0,
993540.0,
993560.0,
993580.0,
993600.0,
993620.0,
993640.0,
993660.0,
993680.0,
993700.0,
993720.0,
993740.0,
993760.0,
993780.0,
993800.0,
993820.0,
993840.0,
993860.0,
993880.0,
993900.0,
993920.0,
993940.0,
993960.0,
993980.0,
994000.0,
994020.0,
994040.0,
994060.0,
994080.0,
994100.0,
994120.0,
994140.0,
994160.0,
994180.0,
994200.0,
994220.0,
994240.0,
994260.0,
994280.0,
994300.0,
994320.0,
994340.0,
994360.0,
994380.0,
994400.0,
994420.0,
994440.0,
994460.0,
994480.0,
994500.0,
994520.0,
994540.0,
994560.0,
994580.0,
994600.0,
994620.0,
994640.0,
994660.0,
994680.0,
994700.0,
994720.0,
994740.0,
994760.0,
994780.0,
994800.0,
994820.0,
994840.0,
994860.0,
994880.0,
994900.0,
994920.0,
994940.0,
994960.0,
994980.0,
995000.0,
995020.0,
995040.0,
995060.0,
995080.0,
995100.0,
995120.0,
995140.0,
995160.0,
995180.0,
995200.0,
995220.0,
995240.0,
995260.0,
995280.0,
995300.0,
995320.0,
995340.0,
995360.0,
995380.0,
995400.0,
995420.0,
995440.0,
995460.0,
995480.0,
995500.0,
995520.0,
995540.0,
995560.0,
995580.0,
995600.0,
995620.0,
995640.0,
995660.0,
995680.0,
995700.0,
995720.0,
995740.0,
995760.0,
995780.0,
995800.0,
995820.0,
995840.0,
995860.0,
995880.0,
995900.0,
995920.0,
995940.0,
995960.0,
995980.0,
996000.0,
996020.0,
996040.0,
996060.0,
996080.0,
996100.0,
996120.0,
996140.0,
996160.0,
996180.0,
996200.0,
996220.0,
996240.0,
996260.0,
996280.0,
996300.0,
996320.0,
996340.0,
996360.0,
996380.0,
996400.0,
996420.0,
996440.0,
996460.0,
996480.0,
996500.0,
996520.0,
996540.0,
996560.0,
996580.0,
996600.0,
996620.0,
996640.0,
996660.0,
996680.0,
996700.0,
996720.0,
996740.0,
996760.0,
996780.0,
996800.0,
996820.0,
996840.0,
996860.0,
996880.0,
996900.0,
996920.0,
996940.0,
996960.0,
996980.0,
997000.0,
997020.0,
997040.0,
997060.0,
997080.0,
997100.0,
997120.0,
997140.0,
997160.0,
997180.0,
997200.0,
997220.0,
997240.0,
997260.0,
997280.0,
997300.0,
997320.0,
997340.0,
997360.0,
997380.0,
997400.0,
997420.0,
997440.0,
997460.0,
997480.0,
997500.0,
997520.0,
997540.0,
997560.0,
997580.0,
997600.0,
997620.0,
997640.0,
997660.0,
997680.0,
997700.0,
997720.0,
997740.0,
997760.0,
997780.0,
997800.0,
997820.0,
997840.0,
997860.0,
997880.0,
997900.0,
997920.0,
997940.0,
997960.0,
997980.0,
998000.0,
998020.0,
998040.0,
998060.0,
998080.0,
998100.0,
998120.0,
998140.0,
998160.0,
998180.0,
998200.0,
998220.0,
998240.0,
998260.0,
998280.0,
998300.0,
998320.0,
998340.0,
998360.0,
998380.0,
998400.0,
998420.0,
998440.0,
998460.0,
998480.0,
998500.0,
998520.0,
998540.0,
998560.0,
998580.0,
998600.0,
998620.0,
998640.0,
998660.0,
998680.0,
998700.0,
998720.0,
998740.0,
998760.0,
998780.0,
998800.0,
998820.0,
998840.0,
998860.0,
998880.0,
998900.0,
998920.0,
998940.0,
998960.0,
998980.0,
999000.0,
999020.0,
999040.0,
999060.0,
999080.0,
999100.0,
999120.0,
999140.0,
999160.0,
999180.0,
999200.0,
999220.0,
999240.0,
999260.0,
999280.0,
999300.0,
999320.0,
999340.0,
999360.0,
999380.0,
999400.0,
999420.0,
999440.0,
999460.0,
999480.0,
999500.0,
999520.0,
999540.0,
999560.0,
999580.0,
999600.0,
999620.0,
999640.0,
999660.0,
999680.0,
999700.0,
999720.0,
999740.0,
999760.0,
999780.0,
999800.0,
999820.0,
999840.0,
999860.0,
999880.0,
999900.0,
999920.0,
999940.0,
999960.0,
999980.0,
1000000.0,
1000020.0,
1000040.0,
1000060.0,
1000080.0,
1000100.0,
1000120.0,
1000140.0,
1000160.0,
1000180.0,
1000200.0,
1000220.0,
1000240.0,
1000260.0,
1000280.0,
1000300.0,
1000320.0,
1000340.0,
1000360.0,
1000380.0,
1000400.0,
1000420.0,
1000440.0,
1000460.0,
1000480.0,
1000500.0,
1000520.0,
1000540.0,
1000560.0,
1000580.0,
1000600.0,
1000620.0,
1000640.0,
1000660.0,
1000680.0,
1000700.0,
1000720.0,
1000740.0,
1000760.0,
1000780.0,
1000800.0,
1000820.0,
1000840.0,
1000860.0,
1000880.0,
1000900.0,
1000920.0,
1000940.0,
1000960.0,
1000980.0,
1001000.0,
1001020.0,
1001040.0,
1001060.0,
1001080.0,
1001100.0,
1001120.0,
1001140.0,
1001160.0,
1001180.0,
1001200.0,
1001220.0,
1001240.0,
1001260.0,
1001280.0,
1001300.0,
1001320.0,
1001340.0,
1001360.0,
1001380.0,
1001400.0,
1001420.0,
1001440.0,
1001460.0,
1001480.0,
1001500.0,
1001520.0,
1001540.0,
1001560.0,
1001580.0,
1001600.0,
1001620.0,
1001640.0,
1001660.0,
1001680.0,
1001700.0,
1001720.0,
1001740.0,
1001760.0,
1001780.0,
1001800.0,
1001820.0,
1001840.0,
1001860.0,
1001880.0,
1001900.0,
1001920.0,
1001940.0,
1001960.0,
1001980.0,
1002000.0,
1002020.0,
1002040.0,
1002060.0,
1002080.0,
1002100.0,
1002120.0,
1002140.0,
1002160.0,
1002180.0,
1002200.0,
1002220.0,
1002240.0,
1002260.0,
1002280.0,
1002300.0,
1002320.0,
1002340.0,
1002360.0,
1002380.0,
1002400.0,
1002420.0,
1002440.0,
1002460.0,
1002480.0,
1002500.0,
1002520.0,
1002540.0,
1002560.0,
1002580.0,
1002600.0,
1002620.0,
1002640.0,
1002660.0,
1002680.0,
1002700.0,
1002720.0,
1002740.0,
1002760.0,
1002780.0,
1002800.0,
1002820.0,
1002840.0,
1002860.0,
1002880.0,
1002900.0,
1002920.0,
1002940.0,
1002960.0,
1002980.0,
1003000.0,
1003020.0,
1003040.0,
1003060.0,
1003080.0,
1003100.0,
1003120.0,
1003140.0,
1003160.0,
1003180.0,
1003200.0,
1003220.0,
1003240.0,
1003260.0,
1003280.0,
1003300.0,
1003320.0,
1003340.0,
1003360.0,
1003380.0,
1003400.0,
1003420.0,
1003440.0,
1003460.0,
1003480.0,
1003500.0,
1003520.0,
1003540.0,
1003560.0,
1003580.0,
1003600.0,
1003620.0,
1003640.0,
1003660.0,
1003680.0,
1003700.0,
1003720.0,
1003740.0,
1003760.0,
1003780.0,
1003800.0,
1003820.0,
1003840.0,
1003860.0,
1003880.0,
1003900.0,
1003920.0,
1003940.0,
1003960.0,
1003980.0,
1004000.0,
1004020.0,
1004040.0,
1004060.0,
1004080.0,
1004100.0,
1004120.0,
1004140.0,
1004160.0,
1004180.0,
1004200.0,
1004220.0,
1004240.0,
1004260.0,
1004280.0,
1004300.0,
1004320.0,
1004340.0,
1004360.0,
1004380.0,
1004400.0,
1004420.0,
1004440.0,
1004460.0,
1004480.0,
1004500.0,
1004520.0,
1004540.0,
1004560.0,
1004580.0,
1004600.0,
1004620.0,
1004640.0,
1004660.0,
1004680.0,
1004700.0,
1004720.0,
1004740.0,
1004760.0,
1004780.0,
1004800.0,
1004820.0,
1004840.0,
1004860.0,
1004880.0,
1004900.0,
1004920.0,
1004940.0,
1004960.0,
1004980.0,
1005000.0,
1005020.0,
1005040.0,
1005060.0,
1005080.0,
1005100.0,
1005120.0,
1005140.0,
1005160.0,
1005180.0,
1005200.0,
1005220.0,
1005240.0,
1005260.0,
1005280.0,
1005300.0,
1005320.0,
1005340.0,
1005360.0,
1005380.0,
1005400.0,
1005420.0,
1005440.0,
1005460.0,
1005480.0,
1005500.0,
1005520.0,
1005540.0,
1005560.0,
1005580.0,
1005600.0,
1005620.0,
1005640.0,
1005660.0,
1005680.0,
1005700.0,
1005720.0,
1005740.0,
1005760.0,
1005780.0,
1005800.0,
1005820.0,
1005840.0,
1005860.0,
1005880.0,
1005900.0,
1005920.0,
1005940.0,
1005960.0,
1005980.0,
1006000.0,
1006020.0,
1006040.0,
1006060.0,
1006080.0,
1006100.0,
1006120.0,
1006140.0,
1006160.0,
1006180.0,
1006200.0,
1006220.0,
1006240.0,
1006260.0,
1006280.0,
1006300.0,
1006320.0,
1006340.0,
1006360.0,
1006380.0,
1006400.0,
1006420.0,
1006440.0,
1006460.0,
1006480.0,
1006500.0,
1006520.0,
1006540.0,
1006560.0,
1006580.0,
1006600.0,
1006620.0,
1006640.0,
1006660.0,
1006680.0,
1006700.0,
1006720.0,
1006740.0,
1006760.0,
1006780.0,
1006800.0,
1006820.0,
1006840.0,
1006860.0,
1006880.0,
1006900.0,
1006920.0,
1006940.0,
1006960.0,
1006980.0,
1007000.0,
1007020.0,
1007040.0,
1007060.0,
1007080.0,
1007100.0,
1007120.0,
1007140.0,
1007160.0,
1007180.0,
1007200.0,
1007220.0,
1007240.0,
1007260.0,
1007280.0,
1007300.0,
1007320.0,
1007340.0,
1007360.0,
1007380.0,
1007400.0,
1007420.0,
1007440.0,
1007460.0,
1007480.0,
1007500.0,
1007520.0,
1007540.0,
1007560.0,
1007580.0,
1007600.0,
1007620.0,
1007640.0,
1007660.0,
1007680.0,
1007700.0,
1007720.0,
1007740.0,
1007760.0,
1007780.0,
1007800.0,
1007820.0,
1007840.0,
1007860.0,
1007880.0,
1007900.0,
1007920.0,
1007940.0,
1007960.0,
1007980.0,
1008000.0,
1008020.0,
1008040.0,
1008060.0,
1008080.0,
1008100.0,
1008120.0,
1008140.0,
1008160.0,
1008180.0,
1008200.0,
1008220.0,
1008240.0,
1008260.0,
1008280.0,
1008300.0,
1008320.0,
1008340.0,
1008360.0,
1008380.0,
1008400.0,
1008420.0,
1008440.0,
1008460.0,
1008480.0,
1008500.0,
1008520.0,
1008540.0,
1008560.0,
1008580.0,
1008600.0,
1008620.0,
1008640.0,
1008660.0,
1008680.0,
1008700.0,
1008720.0,
1008740.0,
1008760.0,
1008780.0,
1008800.0,
1008820.0,
1008840.0,
1008860.0,
1008880.0,
1008900.0,
1008920.0,
1008940.0,
1008960.0,
1008980.0,
1009000.0,
1009020.0,
1009040.0,
1009060.0,
1009080.0,
1009100.0,
1009120.0,
1009140.0,
1009160.0,
1009180.0,
1009200.0,
1009220.0,
1009240.0,
1009260.0,
1009280.0,
1009300.0,
1009320.0,
1009340.0,
1009360.0,
1009380.0,
1009400.0,
1009420.0,
1009440.0,
1009460.0,
1009480.0,
1009500.0,
1009520.0,
1009540.0,
1009560.0,
1009580.0,
1009600.0,
1009620.0,
1009640.0,
1009660.0,
1009680.0,
1009700.0,
1009720.0,
1009740.0,
1009760.0,
1009780.0,
1009800.0,
1009820.0,
1009840.0,
1009860.0,
1009880.0,
1009900.0,
1009920.0,
1009940.0,
1009960.0,
1009980.0,
1010000.0,
1010020.0,
1010040.0,
1010060.0,
1010080.0,
1010100.0,
1010120.0,
1010140.0,
1010160.0,
1010180.0,
1010200.0,
1010220.0,
1010240.0,
1010260.0,
1010280.0,
1010300.0,
1010320.0,
1010340.0,
1010360.0,
1010380.0,
1010400.0,
1010420.0,
1010440.0,
1010460.0,
1010480.0,
1010500.0,
1010520.0,
1010540.0,
1010560.0,
1010580.0,
1010600.0,
1010620.0,
1010640.0,
1010660.0,
1010680.0,
1010700.0,
1010720.0,
1010740.0,
1010760.0,
1010780.0,
1010800.0,
1010820.0,
1010840.0,
1010860.0,
1010880.0,
1010900.0,
1010920.0,
1010940.0,
1010960.0,
1010980.0,
1011000.0,
1011020.0,
1011040.0,
1011060.0,
1011080.0,
1011100.0,
1011120.0,
1011140.0,
1011160.0,
1011180.0,
1011200.0,
1011220.0,
1011240.0,
1011260.0,
1011280.0,
1011300.0,
1011320.0,
1011340.0,
1011360.0,
1011380.0,
1011400.0,
1011420.0,
1011440.0,
1011460.0,
1011480.0,
1011500.0,
1011520.0,
1011540.0,
1011560.0,
1011580.0,
1011600.0,
1011620.0,
1011640.0,
1011660.0,
1011680.0,
1011700.0,
1011720.0,
1011740.0,
1011760.0,
1011780.0,
1011800.0,
1011820.0,
1011840.0,
1011860.0,
1011880.0,
1011900.0,
1011920.0,
1011940.0,
1011960.0,
1011980.0,
1012000.0,
1012020.0,
1012040.0,
1012060.0,
1012080.0,
1012100.0,
1012120.0,
1012140.0,
1012160.0,
1012180.0,
1012200.0,
1012220.0,
1012240.0,
1012260.0,
1012280.0,
1012300.0,
1012320.0,
1012340.0,
1012360.0,
1012380.0,
1012400.0,
1012420.0,
1012440.0,
1012460.0,
1012480.0,
1012500.0,
1012520.0,
1012540.0,
1012560.0,
1012580.0,
1012600.0,
1012620.0,
1012640.0,
1012660.0,
1012680.0,
1012700.0,
1012720.0,
1012740.0,
1012760.0,
1012780.0,
1012800.0,
1012820.0,
1012840.0,
1012860.0,
1012880.0,
1012900.0,
1012920.0,
1012940.0,
1012960.0,
1012980.0,
1013000.0,
1013020.0,
1013040.0,
1013060.0,
1013080.0,
1013100.0,
1013120.0,
1013140.0,
1013160.0,
1013180.0,
1013200.0,
1013220.0,
1013240.0,
1013260.0,
1013280.0,
1013300.0,
1013320.0,
1013340.0,
1013360.0,
1013380.0,
1013400.0,
1013420.0,
1013440.0,
1013460.0,
1013480.0,
1013500.0,
1013520.0,
1013540.0,
1013560.0,
1013580.0,
1013600.0,
1013620.0,
1013640.0,
1013660.0,
1013680.0,
1013700.0,
1013720.0,
1013740.0,
1013760.0,
1013780.0,
1013800.0,
1013820.0,
1013840.0,
1013860.0,
1013880.0,
1013900.0,
1013920.0,
1013940.0,
1013960.0,
1013980.0,
1014000.0,
1014020.0,
1014040.0,
1014060.0,
1014080.0,
1014100.0,
1014120.0,
1014140.0,
1014160.0,
1014180.0,
1014200.0,
1014220.0,
1014240.0,
1014260.0,
1014280.0,
1014300.0,
1014320.0,
1014340.0,
1014360.0,
1014380.0,
1014400.0,
1014420.0,
1014440.0,
1014460.0,
1014480.0,
1014500.0,
1014520.0,
1014540.0,
1014560.0,
1014580.0,
1014600.0,
1014620.0,
1014640.0,
1014660.0,
1014680.0,
1014700.0,
1014720.0,
1014740.0,
1014760.0,
1014780.0,
1014800.0,
1014820.0,
1014840.0,
1014860.0,
1014880.0,
1014900.0,
1014920.0,
1014940.0,
1014960.0,
1014980.0,
1015000.0,
1015020.0,
1015040.0,
1015060.0,
1015080.0,
1015100.0,
1015120.0,
1015140.0,
1015160.0,
1015180.0,
1015200.0,
1015220.0,
1015240.0,
1015260.0,
1015280.0,
1015300.0,
1015320.0,
1015340.0,
1015360.0,
1015380.0,
1015400.0,
1015420.0,
1015440.0,
1015460.0,
1015480.0,
1015500.0,
1015520.0,
1015540.0,
1015560.0,
1015580.0,
1015600.0,
1015620.0,
1015640.0,
1015660.0,
1015680.0,
1015700.0,
1015720.0,
1015740.0,
1015760.0,
1015780.0,
1015800.0,
1015820.0,
1015840.0,
1015860.0,
1015880.0,
1015900.0,
1015920.0,
1015940.0,
1015960.0,
1015980.0,
1016000.0,
1016020.0,
1016040.0,
1016060.0,
1016080.0,
1016100.0,
1016120.0,
1016140.0,
1016160.0,
1016180.0,
1016200.0,
1016220.0,
1016240.0,
1016260.0,
1016280.0,
1016300.0,
1016320.0,
1016340.0,
1016360.0,
1016380.0,
1016400.0,
1016420.0,
1016440.0,
1016460.0,
1016480.0,
1016500.0,
1016520.0,
1016540.0,
1016560.0,
1016580.0,
1016600.0,
1016620.0,
1016640.0,
1016660.0,
1016680.0,
1016700.0,
1016720.0,
1016740.0,
1016760.0,
1016780.0,
1016800.0,
1016820.0,
1016840.0,
1016860.0,
1016880.0,
1016900.0,
1016920.0,
1016940.0,
1016960.0,
1016980.0,
1017000.0,
1017020.0,
1017040.0,
1017060.0,
1017080.0,
1017100.0,
1017120.0,
1017140.0,
1017160.0,
1017180.0,
1017200.0,
1017220.0,
1017240.0,
1017260.0,
1017280.0,
1017300.0,
1017320.0,
1017340.0,
1017360.0,
1017380.0,
1017400.0,
1017420.0,
1017440.0,
1017460.0,
1017480.0,
1017500.0,
1017520.0,
1017540.0,
1017560.0,
1017580.0,
1017600.0,
1017620.0,
1017640.0,
1017660.0,
1017680.0,
1017700.0,
1017720.0,
1017740.0,
1017760.0,
1017780.0,
1017800.0,
1017820.0,
1017840.0,
1017860.0,
1017880.0,
1017900.0,
1017920.0,
1017940.0,
1017960.0,
1017980.0,
1018000.0,
1018020.0,
1018040.0,
1018060.0,
1018080.0,
1018100.0,
1018120.0,
1018140.0,
1018160.0,
1018180.0,
1018200.0,
1018220.0,
1018240.0,
1018260.0,
1018280.0,
1018300.0,
1018320.0,
1018340.0,
1018360.0,
1018380.0,
1018400.0,
1018420.0,
1018440.0,
1018460.0,
1018480.0,
1018500.0,
1018520.0,
1018540.0,
1018560.0,
1018580.0,
1018600.0,
1018620.0,
1018640.0,
1018660.0,
1018680.0,
1018700.0,
1018720.0,
1018740.0,
1018760.0,
1018780.0,
1018800.0,
1018820.0,
1018840.0,
1018860.0,
1018880.0,
1018900.0,
1018920.0,
1018940.0,
1018960.0,
1018980.0,
1019000.0,
1019020.0,
1019040.0,
1019060.0,
1019080.0,
1019100.0,
1019120.0,
1019140.0,
1019160.0,
1019180.0,
1019200.0,
1019220.0,
1019240.0,
1019260.0,
1019280.0,
1019300.0,
1019320.0,
1019340.0,
1019360.0,
1019380.0,
1019400.0,
1019420.0,
1019440.0,
1019460.0,
1019480.0,
1019500.0,
1019520.0,
1019540.0,
1019560.0,
1019580.0,
1019600.0,
1019620.0,
1019640.0,
1019660.0,
1019680.0,
1019700.0,
1019720.0,
1019740.0,
1019760.0,
1019780.0,
1019800.0,
1019820.0,
1019840.0,
1019860.0,
1019880.0,
1019900.0,
1019920.0,
1019940.0,
1019960.0,
1019980.0,
1020000.0,
1020020.0,
1020040.0,
1020060.0,
1020080.0,
1020100.0,
1020120.0,
1020140.0,
1020160.0,
1020180.0,
1020200.0,
1020220.0,
1020240.0,
1020260.0,
1020280.0,
1020300.0,
1020320.0,
1020340.0,
1020360.0,
1020380.0,
1020400.0,
1020420.0,
1020440.0,
1020460.0,
1020480.0,
1020500.0,
1020520.0,
1020540.0,
1020560.0,
1020580.0,
1020600.0,
1020620.0,
1020640.0,
1020660.0,
1020680.0,
1020700.0,
1020720.0,
1020740.0,
1020760.0,
1020780.0,
1020800.0,
1020820.0,
1020840.0,
1020860.0,
1020880.0,
1020900.0,
1020920.0,
1020940.0,
1020960.0,
1020980.0,
1021000.0,
1021020.0,
1021040.0,
1021060.0,
1021080.0,
1021100.0,
1021120.0,
1021140.0,
1021160.0,
1021180.0,
1021200.0,
1021220.0,
1021240.0,
1021260.0,
1021280.0,
1021300.0,
1021320.0,
1021340.0,
1021360.0,
1021380.0,
1021400.0,
1021420.0,
1021440.0,
1021460.0,
1021480.0,
1021500.0,
1021520.0,
1021540.0,
1021560.0,
1021580.0,
1021600.0,
1021620.0,
1021640.0,
1021660.0,
1021680.0,
1021700.0,
1021720.0,
1021740.0,
1021760.0,
1021780.0,
1021800.0,
1021820.0,
1021840.0,
1021860.0,
1021880.0,
1021900.0,
1021920.0,
1021940.0,
1021960.0,
1021980.0,
1022000.0,
1022020.0,
1022040.0,
1022060.0,
1022080.0,
1022100.0,
1022120.0,
1022140.0,
1022160.0,
1022180.0,
1022200.0,
1022220.0,
1022240.0,
1022260.0,
1022280.0,
1022300.0,
1022320.0,
1022340.0,
1022360.0,
1022380.0,
1022400.0,
1022420.0,
1022440.0,
1022460.0,
1022480.0,
1022500.0,
1022520.0,
1022540.0,
1022560.0,
1022580.0,
1022600.0,
1022620.0,
1022640.0,
1022660.0,
1022680.0,
1022700.0,
1022720.0,
1022740.0,
1022760.0,
1022780.0,
1022800.0,
1022820.0,
1022840.0,
1022860.0,
1022880.0,
1022900.0,
1022920.0,
1022940.0,
1022960.0,
1022980.0,
1023000.0,
1023020.0,
1023040.0,
1023060.0,
1023080.0,
1023100.0,
1023120.0,
1023140.0,
1023160.0,
1023180.0,
1023200.0,
1023220.0,
1023240.0,
1023260.0,
1023280.0,
1023300.0,
1023320.0,
1023340.0,
1023360.0,
1023380.0,
1023400.0,
1023420.0,
1023440.0,
1023460.0,
1023480.0,
1023500.0,
1023520.0,
1023540.0,
1023560.0,
1023580.0,
1023600.0,
1023620.0,
1023640.0,
1023660.0,
1023680.0,
1023700.0,
1023720.0,
1023740.0,
1023760.0,
1023780.0,
1023800.0,
1023820.0,
1023840.0,
1023860.0,
1023880.0,
1023900.0,
1023920.0,
1023940.0,
1023960.0,
1023980.0,
1024000.0,
1024020.0,
1024040.0,
1024060.0,
1024080.0,
1024100.0,
1024120.0,
1024140.0,
1024160.0,
1024180.0,
1024200.0,
1024220.0,
1024240.0,
1024260.0,
1024280.0,
1024300.0,
1024320.0,
1024340.0,
1024360.0,
1024380.0,
1024400.0,
1024420.0,
1024440.0,
1024460.0,
1024480.0,
1024500.0,
1024520.0,
1024540.0,
1024560.0,
1024580.0,
1024600.0,
1024620.0,
1024640.0,
1024660.0,
1024680.0,
1024700.0,
1024720.0,
1024740.0,
1024760.0,
1024780.0,
1024800.0,
1024820.0,
1024840.0,
1024860.0,
1024880.0,
1024900.0,
1024920.0,
1024940.0,
1024960.0,
1024980.0,
1025000.0,
1025020.0,
1025040.0,
1025060.0,
1025080.0,
1025100.0,
1025120.0,
1025140.0,
1025160.0,
1025180.0,
1025200.0,
1025220.0,
1025240.0,
1025260.0,
1025280.0,
1025300.0,
1025320.0,
1025340.0,
1025360.0,
1025380.0,
1025400.0,
1025420.0,1735.818052344252
1025440.0,1736.1453576959193
1025460.0,1715.9467294457893
1025480.0,1661.2943019648185
1025500.0,1572.0943556091497
1025520.0,1457.3119032192083
1025540.0,1333.6906750119767
1025560.0,1220.2409293196472
1025580.0,1132.2663975968092
1025600.0,1078.4348376029334
1025620.0,1060.5183591844982
1025640.0,1074.500440426118
1025660.0,1112.1190103413096
1025680.0,1162.5316504099465
1025700.0,1207.0517062749475
1025720.0,
1025740.0,
1025760.0,
1025780.0,
1025800.0,
1025820.0,
1025840.0,
1025860.0,
1025880.0,
1025900.0,
1025920.0,
1025940.0,
1025960.0,
1025980.0,
1026000.0,
1026020.0,
1026040.0,
1026060.0,
1026080.0,
1026100.0,
1026120.0,
1026140.0,
1026160.0,
1026180.0,
1026200.0,
1026220.0,
1026240.0,
1026260.0,
1026280.0,
1026300.0,
1026320.0,
1026340.0,
1026360.0,
1026380.0,
1026400.0,
1026420.0,
1026440.0,
1026460.0,
1026480.0,
1026500.0,
1026520.0,
1026540.0,
1026560.0,
1026580.0,
1026600.0,
1026620.0,
1026640.0,
1026660.0,
1026680.0,
1026700.0,
1026720.0,
1026740.0,
1026760.0,
1026780.0,
1026800.0,
1026820.0,
1026840.0,
1026860.0,
1026880.0,
1026900.0,
1026920.0,
1026940.0,
1026960.0,
1026980.0,
1027000.0,
1027020.0,
1027040.0,
1027060.0,
1027080.0,
1027100.0,
1027120.0,
1027140.0,
1027160.0,
1027180.0,
1027200.0,
1027220.0,
1027240.0,
1027260.0,
1027280.0,
1027300.0,
1027320.0,
1027340.0,
1027360.0,
1027380.0,
1027400.0,
1027420.0,
1027440.0,
1027460.0,
1027480.0,
1027500.0,
1027520.0,
1027540.0,
1027560.0,
1027580.0,
1027600.0,
1027620.0,
1027640.0,
1027660.0,
1027680.0,
1027700.0,
1027720.0,
1027740.0,
1027760.0,
1027780.0,
1027800.0,
1027820.0,
1027840.0,
1027860.0,
1027880.0,
1027900.0,
1027920.0,
1027940.0,
1027960.0,
1027980.0,
1028000.0,
1028020.0,
1028040.0,
1028060.0,
1028080.0,
1028100.0,
1028120.0,
1028140.0,
1028160.0,
1028180.0,
1028200.0,
1028220.0,
1028240.0,
1028260.0,
1028280.0,
1028300.0,
1028320.0,
1028340.0,
1028360.0,
1028380.0,
1028400.0,
1028420.0,
1028440.0,
1028460.0,
1028480.0,
1028500.0,
1028520.0,
1028540.0,
1028560.0,
1028580.0,
1028600.0,
1028620.0,
1028640.0,
1028660.0,
1028680.0,
1028700.0,
1028720.0,
1028740.0,
1028760.0,
1028780.0,
1028800.0,
1028820.0,
1028840.0,
1028860.0,
1028880.0,
1028900.0,
1028920.0,
1028940.0,
1028960.0,
1028980.0,
1029000.0,
1029020.0,
1029040.0,
1029060.0,
1029080.0,
1029100.0,
1029120.0,
1029140.0,
1029160.0,
1029180.0,
1029200.0,
1029220.0,
1029240.0,
1029260.0,
1029280.0,
1029300.0,
1029320.0,
1029340.0,
1029360.0,
1029380.0,
1029400.0,
1029420.0,
1029440.0,
1029460.0,
1029480.0,
1029500.0,
1029520.0,
1029540.0,
1029560.0,
1029580.0,
1029600.0,
1029620.0,
1029640.0,
1029660.0,
1029680.0,
1029700.0,
1029720.0,
1029740.0,
1029760.0,
1029780.0,
1029800.0,
1029820.0,
1029840.0,
1029860.0,
1029880.0,
1029900.0,
1029920.0,
1029940.0,
1029960.0,
1029980.0,
1030000.0,
1030020.0,
1030040.0,
1030060.0,
1030080.0,
1030100.0,
1030120.0,
1030140.0,
1030160.0,
1030180.0,
1030200.0,
1030220.0,
1030240.0,
1030260.0,
1030280.0,
1030300.0,
1030320.0,
1030340.0,
1030360.0,
1030380.0,
1030400.0,
1030420.0,
1030440.0,
1030460.0,
1030480.0,
1030500.0,
1030520.0,
1030540.0,
1030560.0,
1030580.0,
1030600.0,
1030620.0,
1030640.0,
1030660.0,
1030680.0,
1030700.0,
1030720.0,
1030740.0,
1030760.0,
1030780.0,
1030800.0,
1030820.0,
1030840.0,
1030860.0,
1030880.0,
1030900.0,
1030920.0,
1030940.0,
1030960.0,
1030980.0,
1031000.0,
1031020.0,
1031040.0,
1031060.0,
1031080.0,
1031100.0,
1031120.0,
1031140.0,
1031160.0,
1031180.0,
1031200.0,
1031220.0,
1031240.0,
1031260.0,
1031280.0,
1031300.0,
1031320.0,
1031340.0,
1031360.0,
1031380.0,
1031400.0,
1031420.0,
1031440.0,
1031460.0,
1031480.0,
1031500.0,
1031520.0,
1031540.0,
1031560.0,
1031580.0,
1031600.0,
1031620.0,
1031640.0,
1031660.0,
1031680.0,
1031700.0,
1031720.0,
1031740.0,
1031760.0,
1031780.0,
1031800.0,
1031820.0,
1031840.0,
1031860.0,
1031880.0,
1031900.0,
1031920.0,
1031940.0,
1031960.0,
1031980.0,
1032000.0,
1032020.0,
1032040.0,
1032060.0,
1032080.0,
1032100.0,
1032120.0,
1032140.0,
1032160.0,
1032180.0,
1032200.0,
1032220.0,
1032240.0,
1032260.0,
1032280.0,
1032300.0,
1032320.0,
1032340.0,
1032360.0,
1032380.0,
1032400.0,
1032420.0,
1032440.0,
1032460.0,
1032480.0,
1032500.0,
1032520.0,
1032540.0,
1032560.0,
1032580.0,
1032600.0,
1032620.0,
1032640.0,
1032660.0,
1032680.0,
1032700.0,
1032720.0,
1032740.0,
1032760.0,
1032780.0,
1032800.0,
1032820.0,
1032840.0,
1032860.0,
1032880.0,
1032900.0,
1032920.0,
1032940.0,
1032960.0,
1032980.0,
1033000.0,
1033020.0,
1033040.0,
1033060.0,
1033080.0,
1033100.0,
1033120.0,
1033140.0,
1033160.0,
1033180.0,
1033200.0,
1033220.0,
1033240.0,
1033260.0,
1033280.0,
1033300.0,
1033320.0,
1033340.0,
1033360.0,
1033380.0,
1033400.0,
1033420.0,
1033440.0,
1033460.0,
1033480.0,
1033500.0,
1033520.0,
1033540.0,
1033560.0,
1033580.0,
1033600.0,
1033620.0,
1033640.0,
1033660.0,
1033680.0,
1033700.0,
1033720.0,
1033740.0,
1033760.0,
1033780.0,
1033800.0,
1033820.0,
1033840.0,
1033860.0,
1033880.0,
1033900.0,
1033920.0,
1033940.0,
1033960.0,
1033980.0,
1034000.0,
1034020.0,
1034040.0,
1034060.0,
1034080.0,
1034100.0,
1034120.0,
1034140.0,
1034160.0,
1034180.0,
1034200.0,
1034220.0,
1034240.0,
1034260.0,
1034280.0,
1034300.0,
1034320.0,
1034340.0,
1034360.0,
1034380.0,
1034400.0,
1034420.0,
1034440.0,
1034460.0,
1034480.0,
1034500.0,
1034520.0,
1034540.0,
1034560.0,
1034580.0,
1034600.0,
1034620.0,
1034640.0,
1034660.0,
1034680.0,
1034700.0,
1034720.0,
1034740.0,
1034760.0,
1034780.0,
1034800.0,
1034820.0,
1034840.0,
1034860.0,
1034880.0,
1034900.0,
1034920.0,
1034940.0,
1034960.0,
1034980.0,
1035000.0,
1035020.0,
1035040.0,
1035060.0,
1035080.0,
1035100.0,
1035120.0,
1035140.0,
1035160.0,
1035180.0,
1035200.0,
1035220.0,
1035240.0,
1035260.0,
1035280.0,
1035300.0,
1035320.0,
1035340.0,
1035360.0,
1035380.0,
1035400.0,
1035420.0,
1035440.0,
1035460.0,
1035480.0,
1035500.0,
1035520.0,
1035540.0,
1035560.0,
1035580.0,
1035600.0,
1035620.0,
1035640.0,
1035660.0,
1035680.0,
1035700.0,
1035720.0,
1035740.0,
1035760.0,
1035780.0,
1035800.0,
1035820.0,
1035840.0,
1035860.0,
1035880.0,
1035900.0,
1035920.0,
1035940.0,
1035960.0,
1035980.0,
1036000.0,
1036020.0,
1036040.0,
1036060.0,
1036080.0,
1036100.0,
1036120.0,
1036140.0,
1036160.0,
1036180.0,
1036200.0,
1036220.0,
1036240.0,
1036260.0,
1036280.0,
1036300.0,
1036320.0,
1036340.0,
1036360.0,
1036380.0,
1036400.0,
1036420.0,
1036440.0,
1036460.0,
1036480.0,
1036500.0,
1036520.0,
1036540.0,
1036560.0,
1036580.0,
1036600.0,
1036620.0,
1036640.0,
1036660.0,
1036680.0,
1036700.0,
1036720.0,
1036740.0,
1036760.0,
1036780.0,
1036800.0,
1036820.0,
1036840.0,
1036860.0,
1036880.0,
1036900.0,
1036920.0,
1036940.0,
1036960.0,
1036980.0,
1037000.0,
1037020.0,
1037040.0,
1037060.0,
1037080.0,
1037100.0,
1037120.0,
1037140.0,
1037160.0,
1037180.0,
1037200.0,
1037220.0,
1037240.0,
1037260.0,
1037280.0,
1037300.0,
1037320.0,
1037340.0,
1037360.0,
1037380.0,
1037400.0,
1037420.0,
1037440.0,
1037460.0,
1037480.0,
1037500.0,
1037520.0,
1037540.0,
1037560.0,
1037580.0,
1037600.0,
1037620.0,
1037640.0,
1037660.0,
1037680.0,
1037700.0,
1037720.0,
1037740.0,
1037760.0,
1037780.0,
1037800.0,
1037820.0,
1037840.0,
1037860.0,
1037880.0,
1037900.0,
1037920.0,
1037940.0,
1037960.0,
1037980.0,
1038000.0,
1038020.0,
1038040.0,
1038060.0,
1038080.0,
1038100.0,
1038120.0,
1038140.0,
1038160.0,
1038180.0,
1038200.0,
1038220.0,
1038240.0,
1038260.0,
1038280.0,
1038300.0,
1038320.0,
1038340.0,
1038360.0,
1038380.0,
1038400.0,
1038420.0,
1038440.0,
1038460.0,
1038480.0,
1038500.0,
1038520.0,
1038540.0,
1038560.0,
1038580.0,
1038600.0,
1038620.0,
1038640.0,
1038660.0,
1038680.0,
1038700.0,
1038720.0,
1038740.0,
1038760.0,
1038780.0,
1038800.0,
1038820.0,
1038840.0,
1038860.0,
1038880.0,
1038900.0,
1038920.0,
1038940.0,
1038960.0,
1038980.0,
1039000.0,
1039020.0,
1039040.0,
1039060.0,
1039080.0,
1039100.0,
1039120.0,
1039140.0,
1039160.0,
1039180.0,
1039200.0,
1039220.0,
1039240.0,
1039260.0,
1039280.0,
1039300.0,
1039320.0,
1039340.0,
1039360.0,
1039380.0,
1039400.0,
1039420.0,
1039440.0,
1039460.0,
1039480.0,
1039500.0,
1039520.0,
1039540.0,
1039560.0,
1039580.0,
1039600.0,
1039620.0,
1039640.0,
1039660.0,
1039680.0,
1039700.0,
1039720.0,
1039740.0,
1039760.0,
1039780.0,
1039800.0,
1039820.0,
1039840.0,
1039860.0,
1039880.0,
1039900.0,
1039920.0,
1039940.0,
1039960.0,
1039980.0,
1040000.0,
1040020.0,
1040040.0,
1040060.0,
1040080.0,
1040100.0,
1040120.0,
1040140.0,
1040160.0,
1040180.0,
1040200.0,
1040220.0,
1040240.0,
1040260.0,
1040280.0,
1040300.0,
1040320.0,
1040340.0,
1040360.0,
1040380.0,
1040400.0,
1040420.0,
1040440.0,
1040460.0,
1040480.0,
1040500.0,
1040520.0,
1040540.0,
1040560.0,
1040580.0,
1040600.0,
1040620.0,
1040640.0,
1040660.0,
1040680.0,
1040700.0,
1040720.0,
1040740.0,
1040760.0,
1040780.0,
1040800.0,
1040820.0,
1040840.0,
1040860.0,
1040880.0,
1040900.0,
1040920.0,
1040940.0,
1040960.0,
1040980.0,
1041000.0,
1041020.0,
1041040.0,
1041060.0,
1041080.0,
1041100.0,
1041120.0,
1041140.0,
1041160.0,
1041180.0,
1041200.0,
1041220.0,
1041240.0,
1041260.0,
1041280.0,
1041300.0,
1041320.0,
1041340.0,
1041360.0,
1041380.0,
1041400.0,
1041420.0,
1041440.0,
1041460.0,
1041480.0,
1041500.0,
1041520.0,
1041540.0,
1041560.0,
1041580.0,
1041600.0,
1041620.0,
1041640.0,
1041660.0,
1041680.0,
1041700.0,
1041720.0,
1041740.0,
1041760.0,
1041780.0,
1041800.0,
1041820.0,
1041840.0,
1041860.0,
1041880.0,
1041900.0,
1041920.0,
1041940.0,
1041960.0,
1041980.0,
1042000.0,
1042020.0,
1042040.0,
1042060.0,
1042080.0,
1042100.0,
1042120.0,
1042140.0,
1042160.0,
1042180.0,
1042200.0,
1042220.0,
1042240.0,
1042260.0,
1042280.0,
1042300.0,
1042320.0,
1042340.0,
1042360.0,
1042380.0,
1042400.0,
1042420.0,
1042440.0,
1042460.0,
1042480.0,
1042500.0,
1042520.0,
1042540.0,
1042560.0,
1042580.0,
1042600.0,
1042620.0,
1042640.0,
1042660.0,
1042680.0,
1042700.0,
1042720.0,
1042740.0,
1042760.0,
1042780.0,
1042800.0,
1042820.0,
1042840.0,
1042860.0,
1042880.0,
1042900.0,
1042920.0,
1042940.0,
1042960.0,
1042980.0,
1043000.0,
1043020.0,
1043040.0,
1043060.0,
1043080.0,
1043100.0,
1043120.0,
1043140.0,
1043160.0,
1043180.0,
1043200.0,
1043220.0,
1043240.0,
1043260.0,
1043280.0,
1043300.0,
1043320.0,
1043340.0,
1043360.0,
1043380.0,
1043400.0,
1043420.0,
1043440.0,
1043460.0,
1043480.0,
1043500.0,
1043520.0,
1043540.0,
1043560.0,
1043580.0,
1043600.0,
1043620.0,
1043640.0,
1043660.0,
1043680.0,
1043700.0,
1043720.0,
1043740.0,
1043760.0,
1043780.0,
1043800.0,
1043820.0,
1043840.0,
1043860.0,
1043880.0,
1043900.0,
1043920.0,
1043940.0,
1043960.0,
1043980.0,
1044000.0,
1044020.0,
1044040.0,
1044060.0,
1044080.0,
1044100.0,
1044120.0,
1044140.0,
1044160.0,
1044180.0,
1044200.0,
1044220.0,
1044240.0,
1044260.0,
1044280.0,
1044300.0,
1044320.0,
1044340.0,
1044360.0,
1044380.0,
1044400.0,
1044420.0,
1044440.0,
1044460.0,
1044480.0,
1044500.0,
1044520.0,
1044540.0,
1044560.0,
1044580.0,
1044600.0,
1044620.0,
1044640.0,
1044660.0,
1044680.0,
1044700.0,
1044720.0,
1044740.0,
1044760.0,
1044780.0,
1044800.0,
1044820.0,
1044840.0,
1044860.0,
1044880.0,
1044900.0,
1044920.0,
1044940.0,
1044960.0,
1044980.0,
1045000.0,
1045020.0,
1045040.0,
1045060.0,
1045080.0,
1045100.0,
1045120.0,
1045140.0,
1045160.0,
1045180.0,
1045200.0,
1045220.0,
1045240.0,
1045260.0,
1045280.0,
1045300.0,
1045320.0,
1045340.0,
1045360.0,
1045380.0,
1045400.0,
1045420.0,
1045440.0,
1045460.0,
1045480.0,
1045500.0,
1045520.0,
1045540.0,
1045560.0,
1045580.0,
1045600.0,
1045620.0,
1045640.0,
1045660.0,
1045680.0,
1045700.0,
1045720.0,
1045740.0,
1045760.0,
1045780.0,
1045800.0,
1045820.0,
1045840.0,
1045860.0,
1045880.0,
1045900.0,
1045920.0,
1045940.0,
1045960.0,
1045980.0,
1046000.0,
1046020.0,
1046040.0,
1046060.0,
1046080.0,
1046100.0,
1046120.0,
1046140.0,
1046160.0,
1046180.0,
1046200.0,
1046220.0,
1046240.0,
1046260.0,
1046280.0,
1046300.0,
1046320.0,
1046340.0,
1046360.0,
1046380.0,
1046400.0,
1046420.0,
1046440.0,
1046460.0,
1046480.0,
1046500.0,
1046520.0,
1046540.0,
1046560.0,
1046580.0,
1046600.0,
1046620.0,
1046640.0,
1046660.0,
1046680.0,
1046700.0,
1046720.0,
1046740.0,
1046760.0,
1046780.0,
1046800.0,
1046820.0,
1046840.0,
1046860.0,
1046880.0,
1046900.0,
1046920.0,
1046940.0,
1046960.0,
1046980.0,
1047000.0,
1047020.0,
1047040.0,
1047060.0,
1047080.0,
1047100.0,
1047120.0,
1047140.0,
1047160.0,
1047180.0,
1047200.0,
1047220.0,
1047240.0,
1047260.0,
1047280.0,
1047300.0,
1047320.0,
1047340.0,
1047360.0,
1047380.0,
1047400.0,
1047420.0,
1047440.0,
1047460.0,
1047480.0,
1047500.0,
1047520.0,
1047540.0,
1047560.0,
1047580.0,
1047600.0,
1047620.0,
1047640.0,
1047660.0,
1047680.0,
1047700.0,
1047720.0,
1047740.0,
1047760.0,
1047780.0,
1047800.0,
1047820.0,
1047840.0,
1047860.0,
1047880.0,
1047900.0,
1047920.0,
1047940.0,
1047960.0,
1047980.0,
1048000.0,
1048020.0,
1048040.0,
1048060.0,
1048080.0,
1048100.0,
1048120.0,
1048140.0,
1048160.0,
1048180.0,
1048200.0,
1048220.0,
1048240.0,
1048260.0,
1048280.0,
1048300.0,
1048320.0,
1048340.0,
1048360.0,
1048380.0,
1048400.0,
1048420.0,
1048440.0,
1048460.0,
1048480.0,
1048500.0,
1048520.0,
1048540.0,
1048560.0,
1048580.0,
1048600.0,
1048620.0,
1048640.0,
1048660.0,
1048680.0,
1048700.0,
1048720.0,
1048740.0,
1048760.0,
1048780.0,
1048800.0,
1048820.0,
1048840.0,
1048860.0,
1048880.0,
1048900.0,
1048920.0,
1048940.0,
1048960.0,
1048980.0,
1049000.0,
1049020.0,
1049040.0,
1049060.0,
1049080.0,
1049100.0,
1049120.0,
1049140.0,
1049160.0,
1049180.0,
1049200.0,
1049220.0,
1049240.0,
1049260.0,
1049280.0,
1049300.0,
1049320.0,
1049340.0,
1049360.0,
1049380.0,
1049400.0,
1049420.0,
1049440.0,
1049460.0,
1049480.0,
1049500.0,
1049520.0,
1049540.0,
1049560.0,
1049580.0,
1049600.0,
1049620.0,
1049640.0,
1049660.0,
1049680.0,
1049700.0,
1049720.0,
1049740.0,
1049760.0,
1049780.0,
1049800.0,
1049820.0,
1049840.0,
1049860.0,
1049880.0,
1049900.0,
1049920.0,
1049940.0,
1049960.0,
1049980.0,
1050000.0,
1050020.0,
1050040.0,
1050060.0,
1050080.0,
1050100.0,
1050120.0,
1050140.0,
1050160.0,
1050180.0,
1050200.0,
1050220.0,
1050240.0,
1050260.0,
1050280.0,
1050300.0,
1050320.0,
1050340.0,
1050360.0,
1050380.0,
1050400.0,
1050420.0,
1050440.0,
1050460.0,
1050480.0,
1050500.0,
1050520.0,
1050540.0,
1050560.0,
1050580.0,
1050600.0,
1050620.0,
1050640.0,
1050660.0,
1050680.0,
1050700.0,
1050720.0,
1050740.0,
1050760.0,
1050780.0,
1050800.0,
1050820.0,
1050840.0,
1050860.0,
1050880.0,
1050900.0,
1050920.0,
1050940.0,
1050960.0,
1050980.0,
1051000.0,
1051020.0,
1051040.0,
1051060.0,
1051080.0,
1051100.0,
1051120.0,
1051140.0,
1051160.0,
1051180.0,
1051200.0,
1051220.0,
1051240.0,
1051260.0,
1051280.0,
1051300.0,
1051320.0,
1051340.0,
1051360.0,
1051380.0,
1051400.0,
1051420.0,
1051440.0,
1051460.0,
1051480.0,
1051500.0,
1051520.0,
1051540.0,
1051560.0,
1051580.0,
1051600.0,
1051620.0,
1051640.0,
1051660.0,
1051680.0,
1051700.0,
1051720.0,
1051740.0,
1051760.0,
1051780.0,
1051800.0,
1051820.0,
1051840.0,
1051860.0,
1051880.0,
1051900.0,
1051920.0,
1051940.0,
1051960.0,
1051980.0,
1052000.0,
1052020.0,
1052040.0,
1052060.0,
1052080.0,
1052100.0,
1052120.0,
1052140.0,
1052160.0,
1052180.0,
1052200.0,
1052220.0,
1052240.0,
1052260.0,
1052280.0,
1052300.0,
1052320.0,
1052340.0,
1052360.0,
1052380.0,
1052400.0,
1052420.0,
1052440.0,
1052460.0,
1052480.0,
1052500.0,
1052520.0,
1052540.0,
1052560.0,
1052580.0,
1052600.0,
1052620.0,
1052640.0,
1052660.0,
1052680.0,
1052700.0,
1052720.0,
1052740.0,
1052760.0,
1052780.0,
1052800.0,
1052820.0,
1052840.0,
1052860.0,
1052880.0,
1052900.0,
1052920.0,
1052940.0,
1052960.0,
1052980.0,
1053000.0,
1053020.0,
1053040.0,
1053060.0,
1053080.0,
1053100.0,
1053120.0,
1053140.0,
1053160.0,
1053180.0,
1053200.0,
1053220.0,
1053240.0,
1053260.0,
1053280.0,
1053300.0,
1053320.0,
1053340.0,
1053360.0,
1053380.0,
1053400.0,
1053420.0,
1053440.0,
1053460.0,
1053480.0,
1053500.0,
1053520.0,
1053540.0,
1053560.0,
1053580.0,
1053600.0,
1053620.0,
1053640.0,
1053660.0,
1053680.0,
1053700.0,
1053720.0,
1053740.0,
1053760.0,
1053780.0,
1053800.0,
1053820.0,
1053840.0,
1053860.0,
1053880.0,
1053900.0,
1053920.0,
1053940.0,
1053960.0,
1053980.0,
1054000.0,
1054020.0,
1054040.0,
1054060.0,
1054080.0,
1054100.0,
1054120.0,
1054140.0,
1054160.0,
1054180.0,
1054200.0,
1054220.0,
1054240.0,
1054260.0,
1054280.0,
1054300.0,
1054320.0,
1054340.0,
1054360.0,
1054380.0,
1054400.0,
1054420.0,
1054440.0,
1054460.0,
1054480.0,
1054500.0,
1054520.0,
1054540.0,
1054560.0,
1054580.0,
1054600.0,
1054620.0,
1054640.0,
1054660.0,
1054680.0,
1054700.0,
1054720.0,
1054740.0,
1054760.0,
1054780.0,
1054800.0,
1054820.0,
1054840.0,
1054860.0,
1054880.0,
1054900.0,
1054920.0,
1054940.0,
1054960.0,
1054980.0,
1055000.0,
1055020.0,
1055040.0,
1055060.0,
1055080.0,
1055100.0,
1055120.0,
1055140.0,
1055160.0,
1055180.0,
1055200.0,
1055220.0,
1055240.0,
1055260.0,
1055280.0,
1055300.0,
1055320.0,
1055340.0,
1055360.0,
1055380.0,
1055400.0,
1055420.0,
1055440.0,
1055460.0,
1055480.0,
1055500.0,
1055520.0,
1055540.0,
1055560.0,
1055580.0,
1055600.0,
1055620.0,
1055640.0,
1055660.0,
1055680.0,
1055700.0,
1055720.0,
1055740.0,
1055760.0,
1055780.0,
1055800.0,
1055820.0,
1055840.0,
1055860.0,
1055880.0,
1055900.0,
1055920.0,
1055940.0,
1055960.0,
1055980.0,
1056000.0,
1056020.0,
1056040.0,
1056060.0,
1056080.0,
1056100.0,
1056120.0,
1056140.0,
1056160.0,
1056180.0,
1056200.0,
1056220.0,
1056240.0,
1056260.0,
1056280.0,
1056300.0,
1056320.0,
1056340.0,
1056360.0,
1056380.0,
1056400.0,
1056420.0,
1056440.0,
1056460.0,
1056480.0,
1056500.0,
1056520.0,
1056540.0,
1056560.0,
1056580.0,
1056600.0,
1056620.0,
1056640.0,
1056660.0,
1056680.0,
1056700.0,
1056720.0,
1056740.0,
1056760.0,
1056780.0,
1056800.0,
1056820.0,
1056840.0,
1056860.0,
1056880.0,
1056900.0,
1056920.0,
1056940.0,
1056960.0,
1056980.0,
1057000.0,
1057020.0,1590.8471404882687
1057040.0,1557.0396429756008
1057060.0,1491.7393121895434
1057080.0,1405.3947133094516
1057100.0,1307.0531618708164
1057120.0,1209.426309325072
1057140.0,1124.25704208989
1057160.0,1058.900699665103
1057180.0,1015.5725379549018
1057200.0,992.3063300237288
1057220.0,984.5996401071245
1057240.0,987.0548139624574
1057260.0,994.6382806367574
1057280.0,1003.4283010985758
1057300.0,1010.8868351486204
1057320.0,1015.7785273261343
1057340.0,1017.8849442288905
1057360.0,1017.6460267588473
1057380.0,1015.8234438421669
1057400.0,1013.2382670052666
1057420.0,1010.5988443842231
1057440.0,1008.4094348107222
1057460.0,1006.937394603084
1057480.0,1006.215001826568
1057500.0,1006.0582999434104
1057520.0,1006.0959625907306
1057540.0,1005.8123988929553
1057560.0,1004.6176850122844
1057580.0,1001.9594564603974
1057600.0,997.4864080428733
1057620.0,991.2584957090673
1057640.0,983.9761339857647
1057660.0,977.173070106384
1057680.0,973.291907343086
1057700.0,975.5476353099991
1057720.0,987.4959770239642
1057740.0,1012.2736878253043
1057760.0,1051.5784056034506
1057780.0,1104.610359550302
1057800.0,1167.3963650759533
1057820.0,1229.9175457108574
1057840.0,
1057860.0,
1057880.0,
1057900.0,
1057920.0,
1057940.0,
1057960.0,
1057980.0,
1058000.0,
1058020.0,
1058040.0,
1058060.0,
1058080.0,
1058100.0,
1058120.0,
1058140.0,
1058160.0,
1058180.0,
1058200.0,
1058220.0,
1058240.0,
1058260.0,
1058280.0,
1058300.0,
1058320.0,
1058340.0,
1058360.0,
1058380.0,
1058400.0,
1058420.0,
1058440.0,
1058460.0,
1058480.0,
1058500.0,
1058520.0,
1058540.0,
1058560.0,
1058580.0,
1058600.0,
1058620.0,
1058640.0,
1058660.0,
1058680.0,
1058700.0,
1058720.0,
1058740.0,
1058760.0,
1058780.0,
1058800.0,
1058820.0,
1058840.0,
1058860.0,
1058880.0,
1058900.0,
1058920.0,
1058940.0,
1058960.0,
1058980.0,
1059000.0,
1059020.0,
1059040.0,
1059060.0,
1059080.0,
1059100.0,
1059120.0,
1059140.0,
1059160.0,
1059180.0,
1059200.0,
1059220.0,
1059240.0,
1059260.0,
1059280.0,
1059300.0,
1059320.0,
1059340.0,
1059360.0,
1059380.0,
1059400.0,
1059420.0,
1059440.0,
1059460.0,
1059480.0,
1059500.0,
1059520.0,2051.831899983236
1059540.0,2040.0653289835784
1059560.0,2002.6527663580703
1059580.0,1934.6139635369632
1059600.0,1834.6870925514966
1059620.0,1707.8705344518087
1059640.0,1566.292590869674
1059660.0,1427.3572221104318
1059680.0,1308.565777667553
1059700.0,1222.187778186468
1059720.0,1172.7677604006963
1059740.0,1157.0060476093483
1059760.0,1165.0112350420764
1059780.0,1182.4385525127466
1059800.0,1193.5225153639649
1059820.0,1185.3355722795206
1059840.0,1161.7463005862978
1059860.0,
1059880.0,
1059900.0,
1059920.0,
1059940.0,
1059960.0,
1059980.0,
1060000.0,
1060020.0,
1060040.0,
1060060.0,
1060080.0,
1060100.0,
1060120.0,
1060140.0,
1060160.0,
1060180.0,
1060200.0,
1060220.0,
1060240.0,
1060260.0,
1060280.0,
1060300.0,
1060320.0,
1060340.0,
1060360.0,
1060380.0,
1060400.0,
1060420.0,
1060440.0,
1060460.0,
1060480.0,
1060500.0,
1060520.0,
1060540.0,
1060560.0,
1060580.0,
1060600.0,
1060620.0,
1060640.0,
1060660.0,
1060680.0,
1060700.0,
1060720.0,
1060740.0,
1060760.0,
1060780.0,
1060800.0,
1060820.0,
1060840.0,
1060860.0,
1060880.0,
1060900.0,
1060920.0,
1060940.0,
1060960.0,
1060980.0,
1061000.0,
1061020.0,
1061040.0,
1061060.0,
1061080.0,
1061100.0,
1061120.0,
1061140.0,
1061160.0,
1061180.0,
1061200.0,
1061220.0,
1061240.0,
1061260.0,
1061280.0,
1061300.0,
1061320.0,
1061340.0,
1061360.0,
1061380.0,
1061400.0,
1061420.0,
1061440.0,
1061460.0,
1061480.0,
1061500.0,
1061520.0,
1061540.0,
1061560.0,
1061580.0,
1061600.0,
1061620.0,
1061640.0,
1061660.0,
1061680.0,
1061700.0,
1061720.0,
1061740.0,
1061760.0,
1061780.0,
1061800.0,
1061820.0,
1061840.0,
1061860.0,
1061880.0,
1061900.0,
1061920.0,
1061940.0,
1061960.0,
1061980.0,
1062000.0,
1062020.0,
1062040.0,
1062060.0,
1062080.0,
1062100.0,
1062120.0,
1062140.0,
1062160.0,
1062180.0,
1062200.0,
1062220.0,
1062240.0,
1062260.0,
1062280.0,
1062300.0,
1062320.0,1569.2482178398382
1062340.0,1474.2855092519653
1062360.0,1364.1143942315546
1062380.0,1252.0939207414033
1062400.0,1151.6358658318254
1062420.0,1071.9764529898273
1062440.0,1016.6948248464496
1062460.0,984.3607075862144
1062480.0,970.1996757697259
1062500.0,967.9574483425653
1062520.0,971.4590066230261
1062540.0,975.6423353152007
1062560.0,977.0589516543785
1062580.0,973.9309624888722
1062600.0,965.9012641206816
1062620.0,953.6299702740373
1062640.0,938.3629553620206
1062660.0,921.5481310792817
1062680.0,904.5408657018904
1062700.0,888.4213954953478
1062720.0,873.9154569697117
1062740.0,861.393840768309
1062760.0,850.9286806118241
1062780.0,842.3822300590055
1062800.0,835.4966296497017
1062820.0,829.9691409627688
1062840.0,825.5137952034587
1062860.0,821.915335435075
1062880.0,819.0695534771519
1062900.0,816.9969123234065
1062920.0,815.8253488486596
1062940.0,815.7424882042575
1062960.0,816.9205571789987
1062980.0,819.4215875002885
1063000.0,823.1160653391049
1063020.0,827.6467821791855
1063040.0,832.4402628073551
1063060.0,836.7703915640702
1063080.0,839.8979145079436
1063100.0,841.2949042121388
1063120.0,840.9403083003035
1063140.0,839.6541898663374
1063160.0,839.4087559908751
1063180.0,843.4928368731171
1063200.0,856.3605928625136
1063220.0,883.0329416570696
1063240.0,928.0155442741556
1063260.0,993.8350851353949
1063280.0,1079.4811723682942
1063300.0,1179.3107466860129
1063320.0,1283.3194838259508
1063340.0,1338.5651499938945
1063360.0,
1063380.0,
1063400.0,
1063420.0,
1063440.0,
1063460.0,
1063480.0,
1063500.0,
1063520.0,
1063540.0,
1063560.0,
1063580.0,
1063600.0,
1063620.0,
1063640.0,
1063660.0,
1063680.0,
1063700.0,
1063720.0,
1063740.0,
1063760.0,
1063780.0,
1063800.0,
1063820.0,
1063840.0,
1063860.0,
1063880.0,
1063900.0,
1063920.0,
1063940.0,
1063960.0,
1063980.0,
1064000.0,
1064020.0,
1064040.0,
1064060.0,
1064080.0,
1064100.0,
1064120.0,
1064140.0,
1064160.0,
1064180.0,
1064200.0,
1064220.0,
1064240.0,
1064260.0,
1064280.0,
1064300.0,
1064320.0,
1064340.0,
1064360.0,
1064380.0,
1064400.0,
1064420.0,
1064440.0,
1064460.0,
1064480.0,
1064500.0,
1064520.0,
1064540.0,
1064560.0,
1064580.0,
1064600.0,
1064620.0,
1064640.0,
1064660.0,
1064680.0,
1064700.0,
1064720.0,
1064740.0,
1064760.0,
1064780.0,
1064800.0,
1064820.0,
1064840.0,
1064860.0,
1064880.0,
1064900.0,
1064920.0,
1064940.0,
1064960.0,
1064980.0,
1065000.0,
1065020.0,
1065040.0,
1065060.0,
1065080.0,
1065100.0,
1065120.0,
1065140.0,
1065160.0,
1065180.0,
1065200.0,
1065220.0,
1065240.0,1561.5163227958121
1065260.0,1487.0851385593392
1065280.0,1377.6120953266418
1065300.0,1275.1706249810857
1065320.0,1189.7131987437383
1065340.0,1125.8533189538657
1065360.0,1083.1802541072925
1065380.0,1058.1379599648312
1065400.0,1046.362664376406
1065420.0,1044.6858188886501
1065440.0,1052.3103835826191
1065460.0,1070.9359831465051
1065480.0,1103.834346922051
1065500.0,1154.082576606064
1065520.0,1222.4137911195994
1065540.0,1305.4120831469816
1065560.0,1390.6148904152578
1065580.0,
1065600.0,
1065620.0,
1065640.0,
1065660.0,
1065680.0,
1065700.0,
1065720.0,
1065740.0,
1065760.0,
1065780.0,
1065800.0,
1065820.0,
1065840.0,
1065860.0,
1065880.0,
1065900.0,
1065920.0,
1065940.0,
1065960.0,
1065980.0,
1066000.0,
1066020.0,
1066040.0,
1066060.0,
1066080.0,
1066100.0,
1066120.0,
1066140.0,
1066160.0,
1066180.0,
1066200.0,
1066220.0,
1066240.0,
1066260.0,
1066280.0,
1066300.0,
1066320.0,
1066340.0,
1066360.0,
1066380.0,
1066400.0,
1066420.0,
1066440.0,
1066460.0,
1066480.0,
1066500.0,
1066520.0,
1066540.0,
1066560.0,
1066580.0,
1066600.0,
1066620.0,
1066640.0,
1066660.0,
1066680.0,
1066700.0,
1066720.0,
1066740.0,
1066760.0,
1066780.0,
1066800.0,
1066820.0,
1066840.0,
1066860.0,
1066880.0,
1066900.0,
1066920.0,
1066940.0,
1066960.0,
1066980.0,
1067000.0,
1067020.0,
1067040.0,
1067060.0,
1067080.0,
1067100.0,
1067120.0,
1067140.0,
1067160.0,
1067180.0,
1067200.0,
1067220.0,
1067240.0,
1067260.0,
1067280.0,
1067300.0,
1067320.0,
1067340.0,
1067360.0,
1067380.0,
1067400.0,
1067420.0,
1067440.0,
1067460.0,
1067480.0,
1067500.0,
1067520.0,
1067540.0,
1067560.0,
1067580.0,
1067600.0,
1067620.0,
1067640.0,
1067660.0,
1067680.0,
1067700.0,
1067720.0,
1067740.0,
1067760.0,
1067780.0,
1067800.0,
1067820.0,
1067840.0,
1067860.0,
1067880.0,
1067900.0,
1067920.0,
1067940.0,
1067960.0,
1067980.0,
1068000.0,
1068020.0,
1068040.0,
1068060.0,
1068080.0,
1068100.0,
1068120.0,
1068140.0,
1068160.0,
1068180.0,
1068200.0,
1068220.0,
1068240.0,
1068260.0,
1068280.0,
1068300.0,
1068320.0,
1068340.0,
1068360.0,
1068380.0,
1068400.0,
1068420.0,
1068440.0,
1068460.0,
1068480.0,
1068500.0,
1068520.0,
1068540.0,
1068560.0,
1068580.0,
1068600.0,
1068620.0,
1068640.0,
1068660.0,
1068680.0,
1068700.0,
1068720.0,
1068740.0,
1068760.0,
1068780.0,
1068800.0,
1068820.0,
1068840.0,
1068860.0,
1068880.0,
1068900.0,
1068920.0,
1068940.0,
1068960.0,
1068980.0,
1069000.0,
1069020.0,
1069040.0,
1069060.0,
1069080.0,
1069100.0,
1069120.0,
1069140.0,
1069160.0,
1069180.0,
1069200.0,
1069220.0,
1069240.0,
1069260.0,
1069280.0,
1069300.0,
1069320.0,
1069340.0,
1069360.0,
1069380.0,
1069400.0,
1069420.0,
1069440.0,
1069460.0,
1069480.0,
1069500.0,
1069520.0,
1069540.0,
1069560.0,
1069580.0,
1069600.0,
1069620.0,
1069640.0,
1069660.0,
1069680.0,
1069700.0,
1069720.0,
1069740.0,
1069760.0,
1069780.0,
1069800.0,
1069820.0,
1069840.0,
1069860.0,
1069880.0,
1069900.0,
1069920.0,
1069940.0,
1069960.0,
1069980.0,
1070000.0,
1070020.0,
1070040.0,
1070060.0,
1070080.0,
1070100.0,
1070120.0,
1070140.0,
1070160.0,
1070180.0,
1070200.0,
1070220.0,
1070240.0,
1070260.0,
1070280.0,
1070300.0,
1070320.0,
1070340.0,
1070360.0,
1070380.0,
1070400.0,
1070420.0,
1070440.0,
1070460.0,
1070480.0,
1070500.0,
1070520.0,
1070540.0,
1070560.0,
1070580.0,
1070600.0,
1070620.0,
1070640.0,
1070660.0,
1070680.0,
1070700.0,
1070720.0,
1070740.0,
1070760.0,
1070780.0,
1070800.0,
1070820.0,
1070840.0,
1070860.0,
1070880.0,
1070900.0,
1070920.0,
1070940.0,
1070960.0,
1070980.0,
1071000.0,
1071020.0,
1071040.0,
1071060.0,
1071080.0,
1071100.0,
1071120.0,
1071140.0,
1071160.0,
1071180.0,
1071200.0,
1071220.0,
1071240.0,
1071260.0,
1071280.0,
1071300.0,
1071320.0,
1071340.0,
1071360.0,
1071380.0,
1071400.0,
1071420.0,
1071440.0,
1071460.0,
1071480.0,
1071500.0,
1071520.0,
1071540.0,
1071560.0,
1071580.0,
1071600.0,
1071620.0,
1071640.0,
1071660.0,
1071680.0,
1071700.0,
1071720.0,
1071740.0,
1071760.0,
1071780.0,
1071800.0,
1071820.0,
1071840.0,
1071860.0,
1071880.0,
1071900.0,
1071920.0,
1071940.0,
1071960.0,
1071980.0,
1072000.0,
1072020.0,
1072040.0,
1072060.0,
1072080.0,
1072100.0,
1072120.0,
1072140.0,
1072160.0,
1072180.0,
1072200.0,
1072220.0,
1072240.0,
1072260.0,
1072280.0,
1072300.0,
1072320.0,
1072340.0,
1072360.0,
1072380.0,
1072400.0,
1072420.0,
1072440.0,
1072460.0,
1072480.0,
1072500.0,
1072520.0,
1072540.0,
1072560.0,
1072580.0,
1072600.0,
1072620.0,
1072640.0,
1072660.0,
1072680.0,
1072700.0,
1072720.0,
1072740.0,
1072760.0,
1072780.0,
1072800.0,
1072820.0,
1072840.0,
1072860.0,
1072880.0,
1072900.0,
1072920.0,
1072940.0,
1072960.0,
1072980.0,
1073000.0,
1073020.0,
1073040.0,
1073060.0,
1073080.0,
1073100.0,
1073120.0,
1073140.0,
1073160.0,
1073180.0,
1073200.0,
1073220.0,
1073240.0,
1073260.0,
1073280.0,
1073300.0,
1073320.0,
1073340.0,
1073360.0,
1073380.0,
1073400.0,
1073420.0,
1073440.0,1638.044542915565
1073460.0,1630.5151242054526
1073480.0,1623.9767556095312
1073500.0,1621.2210421045206
1073520.0,1622.2119415730394
1073540.0,1625.9862008371845
1073560.0,1630.77058309212
1073580.0,1634.6987113203995
1073600.0,1636.3621138778917
1073620.0,1635.0432427442354
1073640.0,1630.7703147686539
1073660.0,1624.2389728938995
1073680.0,1617.7508560069643
1073700.0,
1073720.0,
1073740.0,
1073760.0,
1073780.0,
1073800.0,
1073820.0,
1073840.0,
1073860.0,
1073880.0,
1073900.0,
1073920.0,
1073940.0,
1073960.0,
1073980.0,
1074000.0,
1074020.0,
1074040.0,
1074060.0,
1074080.0,
1074100.0,
1074120.0,
1074140.0,
1074160.0,
1074180.0,
1074200.0,
1074220.0,
1074240.0,
1074260.0,
1074280.0,
1074300.0,
1074320.0,
1074340.0,
1074360.0,
1074380.0,
1074400.0,
1074420.0,
1074440.0,
1074460.0,
1074480.0,
1074500.0,
1074520.0,
1074540.0,
1074560.0,
1074580.0,
1074600.0,
1074620.0,
1074640.0,
1074660.0,
1074680.0,
1074700.0,
1074720.0,
1074740.0,
1074760.0,
1074780.0,
1074800.0,
1074820.0,
1074840.0,
1074860.0,
1074880.0,
1074900.0,
1074920.0,
1074940.0,
1074960.0,
1074980.0,
1075000.0,
1075020.0,
1075040.0,
1075060.0,
1075080.0,
1075100.0,
1075120.0,
1075140.0,
1075160.0,
1075180.0,
1075200.0,
1075220.0,
1075240.0,
1075260.0,
1075280.0,
1075300.0,
1075320.0,
1075340.0,
1075360.0,
1075380.0,
1075400.0,
1075420.0,
1075440.0,
1075460.0,
1075480.0,
1075500.0,
1075520.0,
1075540.0,
1075560.0,
1075580.0,
1075600.0,
1075620.0,
1075640.0,
1075660.0,
1075680.0,
1075700.0,
1075720.0,
1075740.0,
1075760.0,
1075780.0,
1075800.0,
1075820.0,
1075840.0,
1075860.0,
1075880.0,
1075900.0,
1075920.0,
1075940.0,
1075960.0,
1075980.0,
1076000.0,
1076020.0,
1076040.0,
1076060.0,
1076080.0,
1076100.0,
1076120.0,
1076140.0,
1076160.0,
1076180.0,
1076200.0,
1076220.0,
1076240.0,
1076260.0,1415.1832409633282
1076280.0,1318.8934602766426
1076300.0,1211.5664831884376
1076320.0,1110.5035625948262
1076340.0,1026.1031892237402
1076360.0,963.9445090016773
1076380.0,924.6797036352173
1076400.0,905.247979298467
1076420.0,900.524906594646
1076440.0,904.8391716867882
1076460.0,913.0769800370703
1076480.0,921.313406448232
1076500.0,927.0259138077193
1076520.0,929.0041671919382
1076540.0,927.0809266957876
1076560.0,921.7868863275904
1076580.0,914.0042662982203
1076600.0,904.6598876398697
1076620.0,894.4858613891353
1076640.0,883.8602038876827
1076660.0,872.745570285425
1076680.0,860.7473136582609
1076700.0,847.2934937983946
1076720.0,831.9295613585864
1076740.0,814.702807206162
1076760.0,796.5762879632141
1076780.0,779.7759849558826
1076800.0,767.9500629120381
1076820.0,765.9862580704827
1076840.0,779.3579299313091
1076860.0,812.9669545287953
1076880.0,869.5867719568632
1076900.0,948.222789466808
1076920.0,1043.0182609489461
1076940.0,1143.683253780567
1076960.0,1238.3584231287382
1076980.0,1317.617669285036
1077000.0,1376.6395447330467
1077020.0,1415.162647363591
1077040.0,1436.2425651969359
1077060.0,1444.6558200517113
1077080.0,1445.4794519850004
1077100.0,1443.1002949763167
1077120.0,1440.704731101879
1077140.0,1440.1743680951997
1077160.0,1442.2564771318914
1077180.0,1446.8724301005786
1077200.0,1453.4528473271096
1077220.0,1461.2269604449102
1077240.0,1469.4325884625837
1077260.0,1477.4440097259921
1077280.0,1484.8343136592534
1077300.0,1491.3963373200304
1077320.0,1497.143968005482
1077340.0,1502.306464258741
1077360.0,1507.3159803330213
1077380.0,1512.7762127947076
1077400.0,1519.3914708912848
1077420.0,1527.8337022867636
1077440.0,1538.5326899106717
1077460.0,1551.3931444809218
1077480.0,1565.47091445859
1077500.0,1578.6748130170758
1077520.0,1587.591976948692
1077540.0,1587.5497981356102
1077560.0,1573.0254219914038
1077580.0,1538.5789425394323
1077600.0,1480.43891240067
1077620.0,1398.4491025001412
1077640.0,1297.6546422903743
1077660.0,1188.4191322771228
1077680.0,1083.8989197890317
1077700.0,995.5641088532417
1077720.0,930.1242732071657
1077740.0,889.0281619052985
1077760.0,869.5416452509784
1077780.0,866.4195913146821
1077800.0,873.5369569943584
1077820.0,885.1370174994702
1077840.0,896.6061492994071
1077860.0,904.8601391973336
1077880.0,908.4821417075824
1077900.0,907.7264361525549
1077920.0,904.4633403290829
1077940.0,902.0756634238642
1077960.0,905.2240809081993
1077980.0,919.3475854078772
1078000.0,949.7879758195573
1078020.0,1000.5118687652545
1078040.0,1072.5709428739676
1078060.0,1162.7079423741109
1078080.0,1262.8557895464858
1078100.0,1361.5828468413997
1078120.0,1447.794606221212
1078140.0,1514.1839964989156
1078160.0,1558.295699972638
1078180.0,1581.7865665257846
1078200.0,1588.9195740621974
1078220.0,1585.0103295268002
1078240.0,1575.2228096858312
1078260.0,1563.851250836695
1078280.0,1554.0462136857066
1078300.0,1547.8444005204085
1078320.0,1546.3315549625863
1078340.0,1549.788506279791
1078360.0,1557.724692961228
1078380.0,1568.775894833959
1078400.0,1580.519967520287
1078420.0,1589.3331018864785
1078440.0,1590.4550873685525
1078460.0,1578.4383300826332
1078480.0,1548.103419399188
1078500.0,1495.9970701703385
1078520.0,1422.1372581731655
1078540.0,1331.5416816316163
1078560.0,1234.6971472854598
1078580.0,1145.8173281156426
1078600.0,1078.50084101076
1078620.0,1041.454883520499
1078640.0,1036.6533620157827
1078660.0,1059.6112456887981
1078680.0,1087.004943275179
1078700.0,
1078720.0,
1078740.0,
1078760.0,
1078780.0,
1078800.0,
1078820.0,
1078840.0,
1078860.0,
1078880.0,
1078900.0,
1078920.0,
1078940.0,
1078960.0,
1078980.0,
1079000.0,
1079020.0,
1079040.0,
1079060.0,
1079080.0,
1079100.0,
1079120.0,
1079140.0,
1079160.0,
1079180.0,
1079200.0,
1079220.0,
1079240.0,
1079260.0,
1079280.0,
1079300.0,
1079320.0,
1079340.0,
1079360.0,
1079380.0,
1079400.0,
1079420.0,
1079440.0,
1079460.0,
1079480.0,
1079500.0,
1079520.0,
1079540.0,
1079560.0,
1079580.0,
1079600.0,
1079620.0,
1079640.0,
1079660.0,
1079680.0,
1079700.0,
1079720.0,
1079740.0,
1079760.0,
1079780.0,
1079800.0,
1079820.0,
1079840.0,
1079860.0,
1079880.0,
1079900.0,
1079920.0,
1079940.0,
1079960.0,
1079980.0,
1080000.0,
1080020.0,
1080040.0,
1080060.0,
1080080.0,
1080100.0,
1080120.0,
1080140.0,
1080160.0,
1080180.0,
1080200.0,
1080220.0,
1080240.0,
1080260.0,
1080280.0,
1080300.0,
1080320.0,
1080340.0,
1080360.0,
1080380.0,
1080400.0,
1080420.0,
1080440.0,
1080460.0,
1080480.0,
1080500.0,
1080520.0,
1080540.0,
1080560.0,
1080580.0,
1080600.0,
1080620.0,
1080640.0,
1080660.0,
1080680.0,
1080700.0,
1080720.0,
1080740.0,
1080760.0,
1080780.0,
1080800.0,
1080820.0,
1080840.0,
1080860.0,
1080880.0,
1080900.0,
1080920.0,
1080940.0,
1080960.0,
1080980.0,
1081000.0,
1081020.0,
1081040.0,
1081060.0,
1081080.0,
1081100.0,
1081120.0,
1081140.0,
1081160.0,
1081180.0,
1081200.0,
1081220.0,
1081240.0,
1081260.0,
1081280.0,
1081300.0,
1081320.0,
1081340.0,1390.5454803636949
1081360.0,1328.8317904797261
1081380.0,1219.770613051273
1081400.0,1124.6308203738874
1081420.0,1051.4671204259287
1081440.0,1002.6939611413063
1081460.0,976.027663119613
1081480.0,966.3280432434251
1081500.0,967.4951953586824
1081520.0,973.928582069324
1081540.0,981.3681573130858
1081560.0,987.1605859477033
1081580.0,990.1172441492017
1081600.0,990.1513101559519
1081620.0,987.8526833917562
1081640.0,984.1039879860502
1081660.0,979.785131273067
1081680.0,975.5816062745771
1081700.0,971.8950090784131
1081720.0,968.8380178613257
1081740.0,966.27621161565
1081760.0,963.9026219172525
1081780.0,961.3362736498678
1081800.0,958.221239932587
1081820.0,954.2982663249526
1081840.0,949.4308111952225
1081860.0,943.6080655511471
1081880.0,936.937069547596
1081900.0,929.6215450217463
1081920.0,921.9330467195102
1081940.0,914.1763868453615
1081960.0,906.6553817474235
1081980.0,899.6534522905916
1082000.0,893.4205440305253
1082020.0,888.1570018298426
1082040.0,884.0013703376499
1082060.0,881.033279525583
1082080.0,879.2777250380647
1082100.0,878.7009533971705
1082120.0,879.2116645514523
1082140.0,880.6792210940836
1082160.0,882.9567093359449
1082180.0,885.8996862367139
1082200.0,889.3743618354168
1082220.0,893.2541971273947
1082240.0,897.4103889038342
1082260.0,900.1947303050221
1082280.0,
1082300.0,
1082320.0,
1082340.0,
1082360.0,
1082380.0,
1082400.0,
1082420.0,
1082440.0,
1082460.0,
1082480.0,
1082500.0,
1082520.0,
1082540.0,
1082560.0,
1082580.0,
1082600.0,
1082620.0,
1082640.0,
1082660.0,
1082680.0,
1082700.0,
1082720.0,
1082740.0,
1082760.0,
1082780.0,
1082800.0,
1082820.0,
1082840.0,
1082860.0,
1082880.0,
1082900.0,
1082920.0,
1082940.0,
1082960.0,
1082980.0,
1083000.0,
1083020.0,
1083040.0,
1083060.0,
1083080.0,
1083100.0,
1083120.0,
1083140.0,
1083160.0,
1083180.0,
1083200.0,
1083220.0,
1083240.0,
1083260.0,
1083280.0,
1083300.0,
1083320.0,
1083340.0,
1083360.0,
1083380.0,
1083400.0,
1083420.0,
1083440.0,
1083460.0,
1083480.0,
1083500.0,
1083520.0,
1083540.0,
1083560.0,
1083580.0,
1083600.0,
1083620.0,
1083640.0,
1083660.0,
1083680.0,
1083700.0,
1083720.0,
1083740.0,
1083760.0,
1083780.0,
1083800.0,
1083820.0,
1083840.0,
1083860.0,
1083880.0,
1083900.0,
1083920.0,
1083940.0,
1083960.0,
1083980.0,
1084000.0,
1084020.0,
1084040.0,
1084060.0,
1084080.0,
1084100.0,
1084120.0,
1084140.0,
1084160.0,
1084180.0,
1084200.0,
1084220.0,
1084240.0,
1084260.0,
1084280.0,
1084300.0,
1084320.0,
1084340.0,
1084360.0,
1084380.0,
1084400.0,
1084420.0,
1084440.0,
1084460.0,
1084480.0,
1084500.0,
1084520.0,
1084540.0,
1084560.0,
1084580.0,
1084600.0,
1084620.0,
1084640.0,
1084660.0,
1084680.0,
1084700.0,
1084720.0,
1084740.0,
1084760.0,
1084780.0,
1084800.0,
1084820.0,
1084840.0,
1084860.0,
1084880.0,
1084900.0,
1084920.0,
1084940.0,
1084960.0,
1084980.0,
1085000.0,
1085020.0,
1085040.0,
1085060.0,
1085080.0,
1085100.0,
1085120.0,
1085140.0,
1085160.0,
1085180.0,
1085200.0,
1085220.0,
1085240.0,
1085260.0,
1085280.0,
1085300.0,
1085320.0,
1085340.0,
1085360.0,
1085380.0,
1085400.0,
1085420.0,
1085440.0,
1085460.0,
1085480.0,
1085500.0,
1085520.0,
1085540.0,
1085560.0,
1085580.0,
1085600.0,
1085620.0,
1085640.0,
1085660.0,
1085680.0,
1085700.0,
1085720.0,
1085740.0,
1085760.0,
1085780.0,
1085800.0,
1085820.0,
1085840.0,
1085860.0,
1085880.0,
1085900.0,
1085920.0,
1085940.0,
1085960.0,
1085980.0,
1086000.0,
1086020.0,
1086040.0,
1086060.0,
1086080.0,
1086100.0,
1086120.0,
1086140.0,
1086160.0,
1086180.0,
1086200.0,
1086220.0,
1086240.0,
1086260.0,
1086280.0,
1086300.0,
1086320.0,
1086340.0,
1086360.0,
1086380.0,
1086400.0,
1086420.0,
1086440.0,
1086460.0,
1086480.0,
1086500.0,
1086520.0,
1086540.0,
1086560.0,
1086580.0,
1086600.0,
1086620.0,
1086640.0,
1086660.0,
1086680.0,
1086700.0,
1086720.0,
1086740.0,
1086760.0,
1086780.0,
1086800.0,
1086820.0,
1086840.0,
1086860.0,
1086880.0,
1086900.0,
1086920.0,
1086940.0,
1086960.0,
1086980.0,
1087000.0,
1087020.0,
1087040.0,
1087060.0,
1087080.0,
1087100.0,
1087120.0,
1087140.0,
1087160.0,
1087180.0,
1087200.0,
1087220.0,
1087240.0,
1087260.0,
1087280.0,
1087300.0,
1087320.0,
1087340.0,
1087360.0,
1087380.0,
1087400.0,
1087420.0,
1087440.0,
1087460.0,1900.6353297583694
1087480.0,1899.5290375186203
1087500.0,1895.6050576909797
1087520.0,1888.8665644168116
1087540.0,1879.486522065527
1087560.0,1868.0135899637548
1087580.0,1855.3163418403753
1087600.0,1842.454459501457
1087620.0,1830.5296554471693
1087640.0,1820.4680716060986
1087660.0,1812.7956508651714
1087680.0,1807.568647322556
1087700.0,1804.4654264340236
1087720.0,1802.946975563255
1087740.0,1802.4158474472472
1087760.0,1802.336523509011
1087780.0,1802.3055315587947
1087800.0,1802.0758451120844
1087820.0,1801.5479251339032
1087840.0,1800.7411849036707
1087860.0,1799.7570542943376
1087880.0,1798.7404919623182
1087900.0,1797.842628575689
1087920.0,1797.1845388101513
1087940.0,1796.821641660952
1087960.0,1796.7100219030551
1087980.0,1796.679567737528
1088000.0,1796.4231789050405
1088020.0,1795.5148403141768
1088040.0,1793.4701071743384
1088060.0,1789.8584153849981
1088080.0,1784.4658691081956
1088100.0,1777.4890342407912
1088120.0,1769.7158572598098
1088140.0,1762.6227568683971
1088160.0,1758.2937728754284
1088180.0,1759.05760484718
1088200.0,1766.7519476693287
1088220.0,1781.6265811151102
1088240.0,1801.676136505479
1088260.0,1823.529758202959
1088280.0,1843.8007943910368
1088300.0,1859.9183113174054
1088320.0,1870.3872747255587
1088340.0,1874.6703378232291
1088360.0,1872.9393537503506
1088380.0,1865.8441092191465
1088400.0,1854.3661168037465
1088420.0,1839.767457050065
1088440.0,1823.6032679107298
1088460.0,1807.7293069531327
1088480.0,1794.1437332605751
1088500.0,1784.4895056856385
1088520.0,1779.5114177159699
1088540.0,1779.1821346870752
1088560.0,1782.8094552002276
1088580.0,1788.9121621250408
1088600.0,1795.7483288919757
1088620.0,1801.971551744805
1088640.0,1806.8914693161673
1088660.0,1810.4391641203056
1088680.0,1812.9587568039155
1088700.0,1814.946718350801
1088720.0,1816.834121939161
1088740.0,1818.8858415350678
1088760.0,1821.2424848405522
1088780.0,1824.007091564219
1088800.0,1827.2721094349592
1088820.0,1831.0937983852345
1088840.0,1835.481157047471
1088860.0,1840.3993444583346
1088880.0,1845.755751728941
1088900.0,1851.3753212491604
1088920.0,1857.0347646980129
1088940.0,1862.5481605982852
1088960.0,1867.8157634085662
1088980.0,1872.7945141092664
1089000.0,1877.453298213994
1089020.0,1881.7367413954835
1089040.0,1885.5627989598238
1089060.0,1888.8261291973533
1089080.0,1891.381888808469
1089100.0,1893.0618909951725
1089120.0,1893.7217557449926
1089140.0,1893.3073360346439
1089160.0,1891.9120244037902
1089180.0,1890.3809057582712
1089200.0,
1089220.0,
1089240.0,
1089260.0,
1089280.0,
1089300.0,
1089320.0,
1089340.0,
1089360.0,
1089380.0,
1089400.0,
1089420.0,
1089440.0,
1089460.0,
1089480.0,
1089500.0,
1089520.0,
1089540.0,
1089560.0,
1089580.0,
1089600.0,
1089620.0,
1089640.0,
1089660.0,
1089680.0,
1089700.0,
1089720.0,
1089740.0,
1089760.0,
1089780.0,
1089800.0,
1089820.0,
1089840.0,
1089860.0,
1089880.0,
1089900.0,
1089920.0,
1089940.0,
1089960.0,
1089980.0,
1090000.0,
1090020.0,
1090040.0,
1090060.0,
1090080.0,
1090100.0,
1090120.0,
1090140.0,
1090160.0,
1090180.0,
1090200.0,
1090220.0,
1090240.0,
1090260.0,
1090280.0,
1090300.0,
1090320.0,
1090340.0,
1090360.0,
1090380.0,
1090400.0,
1090420.0,
1090440.0,
1090460.0,
1090480.0,
1090500.0,
1090520.0,
1090540.0,
1090560.0,
1090580.0,
1090600.0,
1090620.0,
1090640.0,
1090660.0,
1090680.0,
1090700.0,
1090720.0,
1090740.0,
1090760.0,
1090780.0,
1090800.0,
1090820.0,
1090840.0,
1090860.0,
1090880.0,
1090900.0,
1090920.0,
1090940.0,
1090960.0,
1090980.0,
1091000.0,
1091020.0,
1091040.0,
1091060.0,
1091080.0,
1091100.0,
1091120.0,
1091140.0,
1091160.0,
1091180.0,
1091200.0,
1091220.0,
1091240.0,
1091260.0,
1091280.0,
1091300.0,
1091320.0,
1091340.0,
1091360.0,
1091380.0,
1091400.0,
1091420.0,
1091440.0,
1091460.0,
1091480.0,
1091500.0,
1091520.0,
1091540.0,
1091560.0,
1091580.0,
1091600.0,
1091620.0,
1091640.0,
1091660.0,
1091680.0,
1091700.0,
1091720.0,
1091740.0,
1091760.0,
1091780.0,
1091800.0,
1091820.0,
1091840.0,
1091860.0,
1091880.0,
1091900.0,
1091920.0,
1091940.0,
1091960.0,
1091980.0,
1092000.0,
1092020.0,
1092040.0,
1092060.0,
1092080.0,
1092100.0,
1092120.0,
1092140.0,
1092160.0,
1092180.0,
1092200.0,
1092220.0,
1092240.0,
1092260.0,
1092280.0,
1092300.0,
1092320.0,
1092340.0,
1092360.0,
1092380.0,
1092400.0,
1092420.0,
1092440.0,
1092460.0,
1092480.0,
1092500.0,
1092520.0,
1092540.0,
1092560.0,
1092580.0,
1092600.0,
1092620.0,
1092640.0,
1092660.0,
1092680.0,
1092700.0,
1092720.0,
1092740.0,
1092760.0,
1092780.0,
1092800.0,
1092820.0,
1092840.0,
1092860.0,
1092880.0,
1092900.0,
1092920.0,
1092940.0,
1092960.0,
1092980.0,
1093000.0,
1093020.0,
1093040.0,
1093060.0,
1093080.0,
1093100.0,
1093120.0,
1093140.0,
1093160.0,
1093180.0,
1093200.0,
1093220.0,
1093240.0,
1093260.0,
1093280.0,
1093300.0,
1093320.0,
1093340.0,
1093360.0,
1093380.0,
1093400.0,
1093420.0,
1093440.0,
1093460.0,
1093480.0,
1093500.0,
1093520.0,
1093540.0,
1093560.0,
1093580.0,
1093600.0,
1093620.0,
1093640.0,
1093660.0,
1093680.0,
1093700.0,
1093720.0,
1093740.0,
1093760.0,
1093780.0,
1093800.0,
1093820.0,
1093840.0,
1093860.0,
1093880.0,
1093900.0,
1093920.0,
1093940.0,
1093960.0,
1093980.0,
1094000.0,
1094020.0,
1094040.0,
1094060.0,
1094080.0,
1094100.0,
1094120.0,
1094140.0,
1094160.0,
1094180.0,
1094200.0,
1094220.0,
1094240.0,
1094260.0,
1094280.0,
1094300.0,
1094320.0,
1094340.0,
1094360.0,
1094380.0,
1094400.0,
1094420.0,
1094440.0,
1094460.0,
1094480.0,
1094500.0,
1094520.0,
1094540.0,
1094560.0,
1094580.0,
1094600.0,
1094620.0,
1094640.0,
1094660.0,
1094680.0,
1094700.0,
1094720.0,
1094740.0,
1094760.0,
1094780.0,
1094800.0,
1094820.0,
1094840.0,
1094860.0,
1094880.0,
1094900.0,
1094920.0,
1094940.0,
1094960.0,
1094980.0,
1095000.0,
1095020.0,
1095040.0,
1095060.0,
1095080.0,
1095100.0,
1095120.0,
1095140.0,
1095160.0,
1095180.0,
1095200.0,
1095220.0,
1095240.0,
1095260.0,
1095280.0,
1095300.0,
1095320.0,
1095340.0,
1095360.0,
1095380.0,
1095400.0,
1095420.0,
1095440.0,
1095460.0,
1095480.0,
1095500.0,
1095520.0,
1095540.0,
1095560.0,
1095580.0,
1095600.0,
1095620.0,
1095640.0,
1095660.0,
1095680.0,
1095700.0,
1095720.0,
1095740.0,
1095760.0,
1095780.0,
1095800.0,
1095820.0,
1095840.0,
1095860.0,
1095880.0,
1095900.0,
1095920.0,
1095940.0,
1095960.0,
1095980.0,
1096000.0,
1096020.0,
1096040.0,
1096060.0,
1096080.0,
1096100.0,
1096120.0,
1096140.0,
1096160.0,
1096180.0,
1096200.0,
1096220.0,
1096240.0,
1096260.0,
1096280.0,
1096300.0,
1096320.0,
1096340.0,
1096360.0,
1096380.0,
1096400.0,
1096420.0,
1096440.0,
1096460.0,
1096480.0,
1096500.0,
1096520.0,
1096540.0,
1096560.0,
1096580.0,
1096600.0,
1096620.0,
1096640.0,
1096660.0,
1096680.0,
1096700.0,
1096720.0,
1096740.0,
1096760.0,
1096780.0,
1096800.0,
1096820.0,
1096840.0,
1096860.0,
1096880.0,
1096900.0,
1096920.0,
1096940.0,
1096960.0,
1096980.0,
1097000.0,
1097020.0,
1097040.0,
1097060.0,
1097080.0,
1097100.0,
1097120.0,
1097140.0,
1097160.0,
1097180.0,
1097200.0,
1097220.0,
1097240.0,
1097260.0,
1097280.0,
1097300.0,
1097320.0,
1097340.0,
1097360.0,
1097380.0,
1097400.0,
1097420.0,
1097440.0,
1097460.0,
1097480.0,
1097500.0,
1097520.0,
1097540.0,
1097560.0,
1097580.0,
1097600.0,
1097620.0,
1097640.0,
1097660.0,
1097680.0,
1097700.0,
1097720.0,
1097740.0,
1097760.0,
1097780.0,
1097800.0,
1097820.0,
1097840.0,
1097860.0,
1097880.0,
1097900.0,
1097920.0,
1097940.0,
1097960.0,
1097980.0,
1098000.0,
1098020.0,
1098040.0,
1098060.0,
1098080.0,
1098100.0,
1098120.0,
1098140.0,
1098160.0,
1098180.0,
1098200.0,
1098220.0,
1098240.0,
1098260.0,
1098280.0,
1098300.0,
1098320.0,
1098340.0,
1098360.0,
1098380.0,
1098400.0,
1098420.0,
1098440.0,
1098460.0,
1098480.0,
1098500.0,
1098520.0,
1098540.0,
1098560.0,
1098580.0,
1098600.0,
1098620.0,
1098640.0,
1098660.0,
1098680.0,
1098700.0,
1098720.0,
1098740.0,
1098760.0,
1098780.0,
1098800.0,
1098820.0,
1098840.0,
1098860.0,
1098880.0,
1098900.0,
1098920.0,
1098940.0,
1098960.0,
1098980.0,
1099000.0,
1099020.0,
1099040.0,
1099060.0,
1099080.0,
1099100.0,
1099120.0,
1099140.0,
1099160.0,
1099180.0,954.8909262394476
1099200.0,955.3110985889778
1099220.0,956.9892233155817
1099240.0,960.0659828114018
1099260.0,964.4575810051841
1099280.0,969.9169651376136
1099300.0,976.0596529176016
1099320.0,982.4123941455606
1099340.0,988.4879650642677
1099360.0,993.898706691088
1099380.0,998.5094160287186
1099400.0,1002.6087153664084
1099420.0,1007.051190800317
1099440.0,1013.2980191786368
1099460.0,1023.2768312323927
1099480.0,1039.0109411807048
1099500.0,1062.0184244996997
1099520.0,1092.538146978452
1099540.0,1128.7351686038458
1099560.0,1166.1865092157918
1099580.0,1198.0739664955868
1099600.0,1216.5940483999973
1099620.0,1216.0507959750264
1099640.0,1196.9361895948553
1099660.0,1166.9588710680327
1099680.0,1136.9055424219305
1099700.0,1115.9541831036668
1099720.0,1109.4651737965592
1099740.0,1118.7843756014236
1099760.0,1142.1491957516835
1099780.0,1175.99571859694
1099800.0,1216.2075384812815
1099820.0,1259.0663386872227
1099840.0,1301.83121890364
1099860.0,1342.978156557641
1099880.0,1382.1777104747578
1099900.0,1420.092531098796
1099920.0,1458.0550048248228
1099940.0,1497.6579779480437
1099960.0,1540.273502729177
1099980.0,1586.5163796272209
1100000.0,1635.6948460872259
1100020.0,1685.3362940561904
1100040.0,1730.9291099596787
1100060.0,1766.0618382994464
1100080.0,1783.1400089473686
1100100.0,1774.7878451488527
1100120.0,1735.868370176966
1100140.0,1665.7648447441218
1100160.0,1570.1650521446147
1100180.0,1461.1267625008982
1100200.0,1354.1202229928263
1100220.0,1262.893687030362
1100240.0,1195.8480657620837
1100260.0,1155.3439169757107
1100280.0,1138.8559808314646
1100300.0,1140.829662123288
1100320.0,1154.4973187024375
1100340.0,1173.2819783153413
1100360.0,1191.697210968975
1100380.0,1205.8576936793047
1100400.0,1211.677220452823
1100420.0,
1100440.0,
1100460.0,
1100480.0,
1100500.0,
1100520.0,
1100540.0,
1100560.0,
1100580.0,
1100600.0,
1100620.0,
1100640.0,
1100660.0,
1100680.0,
1100700.0,
1100720.0,
1100740.0,
1100760.0,
1100780.0,
1100800.0,
1100820.0,
1100840.0,
1100860.0,
1100880.0,
1100900.0,
1100920.0,
1100940.0,
1100960.0,
1100980.0,
1101000.0,
1101020.0,
1101040.0,
1101060.0,
1101080.0,
1101100.0,
1101120.0,
1101140.0,
1101160.0,
1101180.0,
1101200.0,
1101220.0,
1101240.0,
1101260.0,
1101280.0,
1101300.0,
1101320.0,
1101340.0,
1101360.0,
1101380.0,
1101400.0,
1101420.0,
1101440.0,
1101460.0,
1101480.0,
1101500.0,
1101520.0,
1101540.0,
1101560.0,
1101580.0,
1101600.0,
1101620.0,
1101640.0,1173.5002460928072
1101660.0,1171.693764944008
1101680.0,1168.815284734145
1101700.0,1165.7699539663092
1101720.0,1162.847032138739
1101740.0,1160.337428007556
1101760.0,1158.4746944589122
1101780.0,1157.3991616064595
1101800.0,1157.1516261630936
1101820.0,1157.689789430669
1101840.0,1158.9181433697065
1101860.0,1160.7176626064672
1101880.0,1162.9719766034345
1101900.0,1165.5876400492746
1101920.0,1168.5041410898543
1101940.0,1171.6980182583852
1101960.0,1175.1740012134994
1101980.0,1178.9471276321558
1102000.0,1183.0230885664691
1102020.0,1187.3788799992565
1102040.0,1191.958610706151
1102060.0,1196.686782217604
1102080.0,1201.4858187227
1102100.0,1206.2862011070238
1102120.0,1211.0273998894138
1102140.0,1215.6599213802479
1102160.0,1220.1495717651792
1102180.0,1224.4776247362267
1102200.0,1228.636242204321
1102220.0,1232.6221445146014
1102240.0,1236.428689218083
1102260.0,1240.028009934051
1102280.0,1243.3538406492487
1102300.0,1246.298408729915
1102320.0,1248.7220342932953
1102340.0,1250.4710401185512
1102360.0,1251.398612675614
1102380.0,1251.3908698270466
1102400.0,1250.3888880907894
1102420.0,1248.3983733783552
1102440.0,1245.4950893860207
1102460.0,1241.8265407070644
1102480.0,1237.6081980921442
1102500.0,1233.1101035806146
1102520.0,1228.6272923174934
1102540.0,1224.4361134679807
1102560.0,1220.7567928436727
1102580.0,1217.7305011178223
1102600.0,1215.4156465467158
1102620.0,1213.7971830048452
1102640.0,1212.7990574206458
1102660.0,1212.3025005943641
1102680.0,1212.1702587468883
1102700.0,1212.2698636001867
1102720.0,1212.4932471900536
1102740.0,1212.7776711241343
1102760.0,1213.1171448151192
1102780.0,1213.5569858146105
1102800.0,1214.1785774767145
1102820.0,1215.0794343161392
1102840.0,1216.3526571622301
1102860.0,1218.0791985412095
1102880.0,1220.333693133339
1102900.0,1223.180588086669
1102920.0,1226.6491365902436
1102940.0,1230.7014122804444
1102960.0,1235.2034543917296
1102980.0,1239.9027957917792
1103000.0,1244.4235830987275
1103020.0,1248.2997478331536
1103040.0,1251.0625386533015
1103060.0,1252.3742526563913
1103080.0,1252.204543767389
1103100.0,1251.040637307507
1103120.0,1250.0928207470463
1103140.0,1251.4212619386421
1103160.0,1257.883838113826
1103180.0,1272.8140236510483
1103200.0,1299.3721501145983
1103220.0,1339.5968373850628
1103240.0,1393.3263139933654
1103260.0,1457.353137114768
1103280.0,1508.4957868646352
1103300.0,
1103320.0,
1103340.0,
1103360.0,
1103380.0,
1103400.0,
1103420.0,
1103440.0,
1103460.0,
1103480.0,
1103500.0,
1103520.0,
1103540.0,
1103560.0,
1103580.0,
1103600.0,
1103620.0,
1103640.0,
1103660.0,
1103680.0,
1103700.0,
1103720.0,
1103740.0,
1103760.0,
1103780.0,
1103800.0,
1103820.0,
1103840.0,
1103860.0,
1103880.0,
1103900.0,
1103920.0,
1103940.0,
1103960.0,
1103980.0,
1104000.0,
1104020.0,
1104040.0,
1104060.0,
1104080.0,
1104100.0,
1104120.0,
1104140.0,
1104160.0,
1104180.0,
1104200.0,
1104220.0,
1104240.0,
1104260.0,
1104280.0,
1104300.0,
1104320.0,
1104340.0,
1104360.0,
1104380.0,
1104400.0,
1104420.0,
1104440.0,
1104460.0,
1104480.0,
1104500.0,
1104520.0,
1104540.0,
1104560.0,
1104580.0,
1104600.0,
1104620.0,
1104640.0,
1104660.0,
1104680.0,
1104700.0,
1104720.0,
1104740.0,
1104760.0,
1104780.0,
1104800.0,
1104820.0,
1104840.0,
1104860.0,
1104880.0,
1104900.0,
1104920.0,
1104940.0,
1104960.0,
1104980.0,
1105000.0,
1105020.0,
1105040.0,
1105060.0,
1105080.0,
1105100.0,
1105120.0,
1105140.0,
1105160.0,
1105180.0,
1105200.0,
1105220.0,
1105240.0,
1105260.0,
1105280.0,
1105300.0,
1105320.0,
1105340.0,
1105360.0,
1105380.0,
1105400.0,
1105420.0,
1105440.0,
1105460.0,
1105480.0,
1105500.0,
1105520.0,
1105540.0,
1105560.0,
1105580.0,
1105600.0,
1105620.0,
1105640.0,
1105660.0,
1105680.0,
1105700.0,
1105720.0,
1105740.0,
1105760.0,
1105780.0,1673.7939625807635
1105800.0,1636.34033358541
1105820.0,1564.6781639087628
1105840.0,1466.5452669376846
1105860.0,1354.869908928244
1105880.0,1245.1514423422325
1105900.0,1150.085724566372
1105920.0,1076.8950922199454
1105940.0,1027.240660134375
1105960.0,998.5540117894819
1105980.0,985.8542998881987
1106000.0,983.434997026747
1106020.0,986.1028388983374
1106040.0,989.8803124915469
1106060.0,992.2299513823536
1106080.0,991.9351502170908
1106100.0,988.7896149302007
1106120.0,983.2221366094749
1106140.0,975.9540104891079
1106160.0,967.7472865770362
1106180.0,959.2562181770548
1106200.0,950.9661224470896
1106220.0,943.1884983414551
1106240.0,936.0874591465399
1106260.0,929.7222802330834
1106280.0,924.0990174798638
1106300.0,919.2162547407082
1106320.0,915.0859719974418
1106340.0,911.7387322801671
1106360.0,909.2241931268061
1106380.0,907.6055446310671
1106400.0,906.9481232625585
1106420.0,907.3029874466276
1106440.0,908.6877439405416
1106460.0,911.071444696992
1106480.0,914.3712208914473
1106500.0,918.4668826941136
1106520.0,923.221788485392
1106540.0,928.4994793653711
1106560.0,934.176552130777
1106580.0,940.1605119071079
1106600.0,946.4220514794312
1106620.0,953.0387308990317
1106640.0,960.2269273863074
1106660.0,968.3539394550604
1106680.0,977.9257822600948
1106700.0,989.5302348106452
1106720.0,1003.7325362243249
1106740.0,1020.9426106828271
1106760.0,1041.2858358500293
1106780.0,1064.5423213559675
1106800.0,1090.2053969564115
1106820.0,1117.6170097236363
1106840.0,1146.109164792885
1106860.0,1175.1097275638783
1106880.0,1204.1989377758073
1106900.0,1233.120823879442
1106920.0,1261.762537654873
1106940.0,1290.1167304258474
1106960.0,1318.239976862444
1106980.0,1346.216161511084
1107000.0,1374.129363758972
1107020.0,1402.0471610701313
1107040.0,1430.0128976538358
1107060.0,1458.0443819403972
1107080.0,1486.1364516049155
1107100.0,1514.2655145016638
1107120.0,1542.3951413815848
1107140.0,1570.4826889671494
1107160.0,1598.4874766791984
1107180.0,1626.3810240596608
1107200.0,1654.1591847478921
1107220.0,1681.854726833803
1107240.0,1709.547213177467
1107260.0,1737.365323429627
1107280.0,1765.4756168012045
1107300.0,1794.051885544098
1107320.0,1823.2214310298598
1107340.0,1852.9893393883438
1107360.0,1883.1491643746747
1107380.0,1913.1975011314648
1107400.0,1942.27872741732
1107420.0,1969.19129979564
1107440.0,1992.4837503804392
1107460.0,2010.6514997825961
1107480.0,2022.4095717692958
1107500.0,2026.9602703730282
1107520.0,2024.146230798048
1107540.0,2014.477590037847
1107560.0,1999.0674766265643
1107580.0,1979.5350241829135
1107600.0,1957.9445816339369
1107620.0,1936.6674923556534
1107640.0,1918.0226363422412
1107660.0,1903.5953861496105
1107680.0,1893.9428352672635
1107700.0,1888.9052308469625
1107720.0,1887.821355709868
1107740.0,1889.7256084658832
1107760.0,1893.5727629416506
1107780.0,1898.423613001042
1107800.0,1903.5587272116832
1107820.0,1908.5192673584072
1107840.0,1913.090928589462
1107860.0,1917.25271454716
1107880.0,1921.1104433191217
1107900.0,1924.82939353758
1107920.0,1928.574402656864
1107940.0,1932.461064941607
1107960.0,1936.5194352753429
1107980.0,1940.6718648058923
1108000.0,1944.7285319450414
1108020.0,1948.4065643725087
1108040.0,1951.3797082805863
1108060.0,1953.3635758744283
1108080.0,1954.2352138741887
1108100.0,1954.1745294314192
1108120.0,1953.7998012840635
1108140.0,1954.2527880159164
1108160.0,1957.1756862680218
1108180.0,1964.5192597651517
1108200.0,1978.1368633640054
1108220.0,1999.1602140027346
1108240.0,2027.2237201070402
1108260.0,2059.702511691032
1108280.0,2091.2429927252533
1108300.0,2113.960487487369
1108320.0,2118.594377903621
1108340.0,2096.526312476011
1108360.0,2042.2545540794883
1108380.0,1955.761689174348
1108400.0,1843.907645221298
1108420.0,1719.6665516189012
1108440.0,1598.871689369496
1108460.0,1495.8942938251905
1108480.0,1420.009195350814
1108500.0,1374.1285371294146
1108520.0,1355.7570064945298
1108540.0,1358.992047041353
1108560.0,1376.6393082502534
1108580.0,1401.893221794851
1108600.0,1429.3686197710456
1108620.0,1455.503349800449
1108640.0,1478.4804441158767
1108660.0,1497.8617126887802
1108680.0,1514.1101231546807
1108700.0,1528.1329966073724
1108720.0,1540.923690580562
1108740.0,1553.3306899323493
1108760.0,1565.9474574925484
1108780.0,1579.0959181197068
1108800.0,1592.8692168539342
1108820.0,1607.2016701093048
1108840.0,1621.9414774716615
1108860.0,1636.911199019423
1108880.0,1651.9496768782442
1108900.0,1666.9355500825855
1108920.0,1681.7962892180342
1108940.0,1696.5079494671925
1108960.0,1711.0901908480992
1108980.0,1725.5992929196932
1109000.0,1740.1196629062135
1109020.0,1754.7523966825859
1109040.0,1769.5983862737653
1109060.0,1784.7337174148645
1109080.0,1800.1769133940713
1109100.0,1815.8509220799574
1109120.0,1831.547178019693
1109140.0,1846.9036501693322
1109160.0,1861.4119738780494
1109180.0,1874.468497334772
1109200.0,1885.4779250178021
1109220.0,1894.002875090481
1109240.0,1899.927327870893
1109260.0,1903.5597183541388
1109280.0,1905.6089883218526
1109300.0,1907.0574143350066
1109320.0,1908.9789222952998
1109340.0,1912.356416562015
1109360.0,1917.9588170468335
1109380.0,1926.3030485544812
1109400.0,1937.5567474434781
1109420.0,1951.3325557691446
1109440.0,1966.3302818086709
1109460.0,1979.8979390794152
1109480.0,1987.679252232704
1109500.0,1983.6151150995727
1109520.0,1960.531703173599
1109540.0,1911.4114163842219
1109560.0,1831.3423888596658
1109580.0,1719.882593620771
1109600.0,1583.1131376093142
1109620.0,1456.5221417490484
1109640.0,
1109660.0,
1109680.0,
1109700.0,
1109720.0,
1109740.0,
1109760.0,
1109780.0,
1109800.0,
1109820.0,
1109840.0,
1109860.0,
1109880.0,
1109900.0,
1109920.0,
1109940.0,
1109960.0,
1109980.0,
1110000.0,
1110020.0,
1110040.0,
1110060.0,
1110080.0,
1110100.0,
1110120.0,
1110140.0,
1110160.0,
1110180.0,
1110200.0,
1110220.0,
1110240.0,
1110260.0,
1110280.0,
1110300.0,
1110320.0,
1110340.0,
1110360.0,
1110380.0,
1110400.0,
1110420.0,
1110440.0,
1110460.0,
1110480.0,
1110500.0,
1110520.0,
1110540.0,
1110560.0,
1110580.0,
1110600.0,
1110620.0,
1110640.0,
1110660.0,
1110680.0,
1110700.0,
1110720.0,
1110740.0,
1110760.0,
1110780.0,
1110800.0,
1110820.0,
1110840.0,
1110860.0,
1110880.0,
1110900.0,
1110920.0,
1110940.0,1694.3612020114235
1110960.0,1745.9119445149786
1110980.0,1824.7733436453022
1111000.0,1896.2632377086659
1111020.0,1952.4670462009574
1111040.0,1986.1822053950193
1111060.0,1991.3412461425548
1111080.0,1963.6998943160227
1111100.0,1901.9296291959158
1111120.0,1809.0441363709233
1111140.0,1693.454599223815
1111160.0,1568.402454830579
1111180.0,1448.9230208382644
1111200.0,1347.5615794350008
1111220.0,1271.4094437090334
1111240.0,1221.6384535395648
1111260.0,1194.852881125868
1111280.0,1185.139558023246
1111300.0,1186.0171340448667
1111320.0,1191.870144468649
1111340.0,1198.7513768958245
1111360.0,1204.6066710983532
1111380.0,1209.0611426204791
1111400.0,1212.924862190233
1111420.0,1217.5681736354645
1111440.0,1224.305198218643
1111460.0,1233.92533635951
1111480.0,1246.504265551948
1111500.0,1261.5376132681606
1111520.0,1278.2407649696586
1111540.0,1295.8123036718387
1111560.0,1313.597410637635
1111580.0,1331.1576306786392
1111600.0,1348.2705315663939
1111620.0,1364.8871229704473
1111640.0,1381.072151820235
1111660.0,1396.9458785890859
1111680.0,1412.6383922959926
1111700.0,1428.2607828313685
1111720.0,1443.8925047108257
1111740.0,1459.5812639567464
1111760.0,1475.3504989054609
1111780.0,1491.2095468158727
1111800.0,1507.162409757863
1111820.0,1523.2122746498587
1111840.0,1539.3603701780798
1111860.0,1555.5992542313884
1111880.0,1571.9021831612972
1111900.0,1588.2117642959445
1111920.0,1604.4324797627173
1111940.0,1620.4325783434645
1111960.0,1636.0607838985695
1111980.0,1651.1816867101365
1112000.0,1665.7300435299053
1112020.0,1679.7782742500603
1112040.0,1693.6035411757625
1112060.0,1707.732117218667
1112080.0,1722.9315121832326
1112100.0,1740.1182436348568
1112120.0,1760.1550181927967
1112140.0,1783.528979893032
1112160.0,1809.9345381905484
1112180.0,1837.8287551081369
1112200.0,1864.0778973467707
1112220.0,1883.8576368145714
1112240.0,1890.9869109910535
1112260.0,1878.841988914032
1112280.0,1841.8873074736634
1112300.0,1777.6536081931724
1112320.0,1688.6871591272106
1112340.0,1583.5998139292315
1112360.0,1475.8561921870082
1112380.0,1379.4196614950165
1112400.0,1304.1488359881798
1112420.0,1254.0329165320734
1112440.0,1227.7895282241213
1112460.0,1220.5954300760973
1112480.0,1226.051003632881
1112500.0,1237.848377503674
1112520.0,1250.9150004304033
1112540.0,1262.0146023426987
1112560.0,1269.9036627883108
1112580.0,1275.168012607439
1112600.0,1279.842051124582
1112620.0,1286.8559378717384
1112640.0,1299.3312246780738
1112660.0,1319.7573714386529
1112680.0,1349.1179134245672
1112700.0,1386.1150054277236
1112720.0,1426.7841038920626
1112740.0,1464.9520583728633
1112760.0,1494.106229549112
1112780.0,1510.5309409838828
1112800.0,1514.7516202191134
1112820.0,1510.029452006172
1112840.0,1500.470040969212
1112860.0,1489.7565150549872
1112880.0,1480.4929008369568
1112900.0,1474.0185222780751
1112920.0,1470.5310976983662
1112940.0,1469.3744629703624
1112960.0,1469.387217689934
1112980.0,1469.2533224461185
1113000.0,1467.831236805509
1113020.0,1464.4564330561866
1113040.0,1459.2104670603117
1113060.0,1453.130942983738
1113080.0,1448.3082363633778
1113100.0,1447.7885414337186
1113120.0,1455.1936536342441
1113140.0,1473.992089890126
1113160.0,1506.4279609537189
1113180.0,1552.241312459039
1113200.0,1607.492578371348
1113220.0,1664.0137306830995
1113240.0,1710.1990428249665
1113260.0,1733.6482004439688
1113280.0,1724.7766615199082
1113300.0,1679.849834506426
1113320.0,1602.7535134554755
1113340.0,1504.9641238497275
1113360.0,1402.65101390476
1113380.0,1311.1890380631307
1113400.0,1240.8407264431523
1113420.0,1195.5797499777652
1113440.0,1174.0605762076816
1113460.0,1171.518836037249
1113480.0,1181.756998577659
1113500.0,1198.7200698463412
1113520.0,1217.4714287252677
1113540.0,1234.5907365897733
1113560.0,1248.1400967243321
1113580.0,1257.3840611992168
1113600.0,1262.4168760916339
1113620.0,1263.8021419247502
1113640.0,1262.2882272639947
1113660.0,1258.6139467108255
1113680.0,1253.3991798971297
1113700.0,1247.117351211166
1113720.0,1240.1232063526393
1113740.0,1232.6916157483136
1113760.0,1225.0413197954113
1113780.0,1217.3446639572091
1113800.0,1209.7287439847532
1113820.0,1202.278798602742
1113840.0,1195.0519872721197
1113860.0,1188.0902776521434
1113880.0,1181.426172068431
1113900.0,1175.0915470377317
1113920.0,1169.1277449414615
1113940.0,1163.5918881137193
1113960.0,1158.5530250560525
1113980.0,1154.0818423824137
1114000.0,1150.2459784729642
1114020.0,1147.1095739899122
1114040.0,1144.732404446364
1114060.0,1143.1610195435558
1114080.0,1142.4108077927356
1114100.0,1142.4469035290572
1114120.0,1143.1712957701334
1114140.0,1144.4301582390387
1114160.0,1146.0481072216596
1114180.0,1147.8716179480048
1114200.0,1149.7935436380344
1114220.0,1151.7550015808156
1114240.0,1153.7332097842623
1114260.0,1155.7239731019438
1114280.0,1157.7284430995537
1114300.0,1159.7421074846638
1114320.0,1161.746556431755
1114340.0,1163.7022230766934
1114360.0,1165.5437052891277
1114380.0,1167.1865676118807
1114400.0,1168.5407946323808
1114420.0,1169.519898121985
1114440.0,1170.0502184765066
1114460.0,1170.0872118685245
1114480.0,1169.645087733016
1114500.0,1168.8472516889804
1114520.0,1167.9787809031454
1114540.0,1167.5179980638054
1114560.0,1168.13170383686
1114580.0,1170.6092907664092
1114600.0,1175.6975053830342
1114620.0,1183.8278840706112
1114640.0,1194.774913036435
1114660.0,1207.3216236633639
1114680.0,1219.044575882988
1114700.0,1226.3553597160221
1114720.0,1224.9713960377424
1114740.0,1210.976492168927
1114760.0,1184.4030712937779
1114780.0,
1114800.0,
1114820.0,
1114840.0,
1114860.0,
1114880.0,
1114900.0,
1114920.0,
1114940.0,
1114960.0,
1114980.0,
1115000.0,
1115020.0,
1115040.0,
1115060.0,
1115080.0,
1115100.0,
1115120.0,
1115140.0,
1115160.0,
1115180.0,
1115200.0,
1115220.0,
1115240.0,
1115260.0,
1115280.0,
1115300.0,
1115320.0,
1115340.0,
1115360.0,
1115380.0,
1115400.0,
1115420.0,
1115440.0,
1115460.0,
1115480.0,
1115500.0,
1115520.0,
1115540.0,
1115560.0,
1115580.0,
1115600.0,
1115620.0,
1115640.0,
1115660.0,
1115680.0,
1115700.0,
1115720.0,
1115740.0,
1115760.0,
1115780.0,
1115800.0,
1115820.0,
1115840.0,
1115860.0,
1115880.0,
1115900.0,
1115920.0,
1115940.0,
1115960.0,
1115980.0,
1116000.0,
1116020.0,
1116040.0,
1116060.0,
1116080.0,
1116100.0,
1116120.0,
1116140.0,
1116160.0,
1116180.0,1216.6384593192024
1116200.0,1211.9519239319688
1116220.0,1204.3035437630256
1116240.0,1194.0074095053221
1116260.0,1181.4762156326578
1116280.0,1167.3367713714777
1116300.0,1152.3730103000332
1116320.0,1137.4550578469211
1116340.0,1123.4547675792342
1116360.0,1111.1547768651126
1116380.0,1101.1653939499854
1116400.0,1093.851778509895
1116420.0,1089.2708476221487
1116440.0,1087.164549403843
1116460.0,1087.0421202357506
1116480.0,1088.3094944983852
1116500.0,1090.3904924628268
1116520.0,1092.8104649985125
1116540.0,1095.2355028240586
1116560.0,1097.4738694384428
1116580.0,1099.4523652497694
1116600.0,1101.1809940038554
1116620.0,1102.716774331727
1116640.0,1104.1336848858505
1116660.0,1105.5018907500871
1116680.0,1106.876355558064
1116700.0,1108.293009713821
1116720.0,1109.7697970529434
1116740.0,1111.3099457034125
1116760.0,1112.9054165139373
1116780.0,1114.5393929821294
1116800.0,1116.1876533467087
1116820.0,1117.8195226390044
1116840.0,1119.39969379034
1116860.0,1120.8924111276285
1116880.0,1122.269226150495
1116900.0,1123.5206992487801
1116920.0,1124.6710393323524
1116940.0,1125.7928802594931
1116960.0,1127.0175072906882
1116980.0,1128.5344122629022
1117000.0,1130.5738358797498
1117020.0,1133.36785267693
1117040.0,1137.0904390941175
1117060.0,1141.7854164456244
1117080.0,1147.3036293828018
1117100.0,1153.284137640874
1117120.0,1159.1961293665747
1117140.0,1164.4151060623178
1117160.0,1168.3146081685086
1117180.0,1170.3738262578147
1117200.0,1170.2734979192405
1117220.0,1167.9456136227896
1117240.0,1163.5633829516694
1117260.0,1157.4723074701499
1117280.0,1150.105836514886
1117300.0,1141.9285781588924
1117320.0,1133.410526248455
1117340.0,1125.0015807038694
1117360.0,1117.092597983069
1117380.0,1109.984184744511
1117400.0,1103.8766650804157
1117420.0,1098.876303377145
1117440.0,1095.0128884638057
1117460.0,1092.2658235872957
1117480.0,1090.5913480844306
1117500.0,1089.9380168542446
1117520.0,1090.2554947578083
1117540.0,1091.4969886329752
1117560.0,1093.6103083902178
1117580.0,1096.5220453077147
1117600.0,1100.1259676733198
1117620.0,1104.2839337775342
1117640.0,1108.8312457508175
1117660.0,1113.5854278429192
1117680.0,1118.3562484961417
1117700.0,1122.9610741748859
1117720.0,1127.2559850663026
1117740.0,1131.173531256448
1117760.0,1134.763874151145
1117780.0,1138.2319832437593
1117800.0,1141.9509996684747
1117820.0,1146.4435297133
1117840.0,1152.3158301015922
1117860.0,1160.1222544545617
1117880.0,1170.170265705226
1117900.0,1182.278847397041
1117920.0,1195.5320277308424
1117940.0,1208.1175749064048
1117960.0,1217.3735717487566
1117980.0,1220.1975009675468
1118000.0,1213.9591973019717
1118020.0,1197.9996191900032
1118040.0,1175.3842147788052
1118060.0,1152.6138799462215
1118080.0,1136.460980715927
1118100.0,1131.4908387859655
1118120.0,1139.3622287909
1118140.0,1159.23800572356
1118160.0,1188.6777188658268
1118180.0,1224.5809042645337
1118200.0,1263.9370214100252
1118220.0,1304.2897090294903
1118240.0,1343.9277468948155
1118260.0,1381.8731165397483
1118280.0,1417.7556868020524
1118300.0,1451.655511303849
1118320.0,1483.9688872772908
1118340.0,1515.3228687501528
1118360.0,1546.532215628012
1118380.0,1578.5680959221368
1118400.0,1612.4931390637882
1118420.0,1649.3157415546107
1118440.0,1689.7302392698807
1118460.0,1733.739830141138
1118480.0,1780.2046153046608
1118500.0,1826.4122779680285
1118520.0,1867.8222752527581
1118540.0,1898.1676194271956
1118560.0,1910.0866964438742
1118580.0,1896.3730569684674
1118600.0,1851.7488034378687
1118620.0,1774.8078919119148
1118640.0,1669.5929194077823
1118660.0,1546.0386032655576
1118680.0,1418.3029861506175
1118700.0,1300.9029392711313
1118720.0,1204.8990858396864
1118740.0,1136.470241980826
1118760.0,1097.5621031553067
1118780.0,1087.324315815769
1118800.0,1103.3642609806188
1118820.0,1142.2988739409461
1118840.0,1199.5340381164754
1118860.0,1268.6218196584264
1118880.0,1340.901928546174
1118900.0,1406.393323089521
1118920.0,1444.1915603016653
1118940.0,
1118960.0,
1118980.0,
1119000.0,
1119020.0,
1119040.0,
1119060.0,
1119080.0,
1119100.0,
1119120.0,
1119140.0,
1119160.0,
1119180.0,
1119200.0,
1119220.0,
1119240.0,
1119260.0,
1119280.0,
1119300.0,
1119320.0,
1119340.0,
1119360.0,
1119380.0,
1119400.0,
1119420.0,
1119440.0,
1119460.0,
1119480.0,
1119500.0,
1119520.0,
1119540.0,
1119560.0,
1119580.0,
1119600.0,
1119620.0,
1119640.0,
1119660.0,
1119680.0,
1119700.0,
1119720.0,
1119740.0,
1119760.0,
1119780.0,
1119800.0,
1119820.0,
1119840.0,
1119860.0,
1119880.0,
1119900.0,
1119920.0,
1119940.0,
1119960.0,
1119980.0,
1120000.0,
1120020.0,
1120040.0,
1120060.0,
1120080.0,
1120100.0,
1120120.0,
1120140.0,
1120160.0,
1120180.0,
1120200.0,
1120220.0,
1120240.0,
1120260.0,
1120280.0,
1120300.0,
1120320.0,
1120340.0,
1120360.0,
1120380.0,
1120400.0,
1120420.0,
1120440.0,
1120460.0,
1120480.0,
1120500.0,
1120520.0,
1120540.0,
1120560.0,
1120580.0,
1120600.0,
1120620.0,
1120640.0,
1120660.0,
1120680.0,
1120700.0,
1120720.0,
1120740.0,
1120760.0,
1120780.0,
1120800.0,
1120820.0,
1120840.0,
1120860.0,
1120880.0,
1120900.0,
1120920.0,
1120940.0,
1120960.0,
1120980.0,
1121000.0,
1121020.0,
1121040.0,
1121060.0,
1121080.0,
1121100.0,
1121120.0,
1121140.0,
1121160.0,
1121180.0,
1121200.0,
1121220.0,
1121240.0,
1121260.0,
1121280.0,
1121300.0,
1121320.0,
1121340.0,
1121360.0,
1121380.0,
1121400.0,
1121420.0,
1121440.0,
1121460.0,
1121480.0,
1121500.0,
1121520.0,
1121540.0,
1121560.0,
1121580.0,
1121600.0,
1121620.0,
1121640.0,
1121660.0,
1121680.0,
1121700.0,
1121720.0,
1121740.0,
1121760.0,
1121780.0,
1121800.0,
1121820.0,
1121840.0,
1121860.0,
1121880.0,
1121900.0,
1121920.0,
1121940.0,
1121960.0,
1121980.0,
1122000.0,
1122020.0,
1122040.0,
1122060.0,
1122080.0,
1122100.0,
1122120.0,
1122140.0,
1122160.0,
1122180.0,
1122200.0,
1122220.0,
1122240.0,
1122260.0,
1122280.0,
1122300.0,
1122320.0,
1122340.0,
1122360.0,
1122380.0,
1122400.0,
1122420.0,
1122440.0,
1122460.0,
1122480.0,
1122500.0,
1122520.0,
1122540.0,
1122560.0,
1122580.0,
1122600.0,
1122620.0,
1122640.0,
1122660.0,
1122680.0,
1122700.0,
1122720.0,
1122740.0,
1122760.0,
1122780.0,
1122800.0,
1122820.0,
1122840.0,
1122860.0,
1122880.0,
1122900.0,
1122920.0,
1122940.0,
1122960.0,
1122980.0,
1123000.0,
1123020.0,
1123040.0,
1123060.0,
1123080.0,
1123100.0,
1123120.0,
1123140.0,
1123160.0,
1123180.0,
1123200.0,
1123220.0,
1123240.0,
1123260.0,
1123280.0,
1123300.0,
1123320.0,
1123340.0,
1123360.0,
1123380.0,
1123400.0,
1123420.0,
1123440.0,
1123460.0,
1123480.0,
1123500.0,
1123520.0,
1123540.0,
1123560.0,
1123580.0,
1123600.0,
1123620.0,
1123640.0,
1123660.0,
1123680.0,
1123700.0,
1123720.0,
1123740.0,
1123760.0,
1123780.0,
1123800.0,
1123820.0,
1123840.0,
1123860.0,
1123880.0,
1123900.0,
1123920.0,
1123940.0,
1123960.0,
1123980.0,
1124000.0,
1124020.0,
1124040.0,
1124060.0,
1124080.0,
1124100.0,
1124120.0,
1124140.0,
1124160.0,
1124180.0,
1124200.0,
1124220.0,
1124240.0,
1124260.0,
1124280.0,
1124300.0,
1124320.0,
1124340.0,
1124360.0,
1124380.0,
1124400.0,
1124420.0,
1124440.0,
1124460.0,
1124480.0,
1124500.0,
1124520.0,
1124540.0,
1124560.0,
1124580.0,
1124600.0,
1124620.0,
1124640.0,
1124660.0,
1124680.0,
1124700.0,
1124720.0,
1124740.0,
1124760.0,
1124780.0,
1124800.0,
1124820.0,
1124840.0,
1124860.0,
1124880.0,
1124900.0,
1124920.0,
1124940.0,
1124960.0,
1124980.0,
1125000.0,
1125020.0,
1125040.0,
1125060.0,
1125080.0,
1125100.0,
1125120.0,
1125140.0,
1125160.0,
1125180.0,
1125200.0,
1125220.0,
1125240.0,
1125260.0,
1125280.0,
1125300.0,
1125320.0,
1125340.0,
1125360.0,
1125380.0,
1125400.0,
1125420.0,
1125440.0,
1125460.0,
1125480.0,
1125500.0,
1125520.0,
1125540.0,
1125560.0,
1125580.0,
1125600.0,
1125620.0,
1125640.0,
1125660.0,
1125680.0,
1125700.0,
1125720.0,
1125740.0,
1125760.0,
1125780.0,
1125800.0,
1125820.0,
1125840.0,
1125860.0,
1125880.0,
1125900.0,
1125920.0,
1125940.0,
1125960.0,
1125980.0,
1126000.0,
1126020.0,
1126040.0,
1126060.0,
1126080.0,
1126100.0,
1126120.0,
1126140.0,
1126160.0,
1126180.0,
1126200.0,
1126220.0,
1126240.0,
1126260.0,
1126280.0,
1126300.0,
1126320.0,
1126340.0,
1126360.0,
1126380.0,
1126400.0,
1126420.0,
1126440.0,
1126460.0,
1126480.0,
1126500.0,
1126520.0,
1126540.0,
1126560.0,
1126580.0,
1126600.0,
1126620.0,
1126640.0,
1126660.0,
1126680.0,
1126700.0,
1126720.0,
1126740.0,
1126760.0,
1126780.0,
1126800.0,
1126820.0,
1126840.0,
1126860.0,
1126880.0,
1126900.0,
1126920.0,
1126940.0,
1126960.0,
1126980.0,
1127000.0,
1127020.0,
1127040.0,
1127060.0,
1127080.0,
1127100.0,
1127120.0,
1127140.0,
1127160.0,
1127180.0,
1127200.0,
1127220.0,
1127240.0,
1127260.0,
1127280.0,
1127300.0,
1127320.0,
1127340.0,
1127360.0,
1127380.0,
1127400.0,
1127420.0,
1127440.0,
1127460.0,
1127480.0,
1127500.0,
1127520.0,
1127540.0,
1127560.0,
1127580.0,
1127600.0,
1127620.0,
1127640.0,
1127660.0,
1127680.0,
1127700.0,
1127720.0,
1127740.0,
1127760.0,
1127780.0,
1127800.0,
1127820.0,
1127840.0,
1127860.0,
1127880.0,1841.6877364705535
1127900.0,1865.2942597197143
1127920.0,1892.0442426707104
1127940.0,1914.875659136046
1127960.0,1928.025981871692
1127980.0,1925.1238458271878
1128000.0,1900.0840260337136
1128020.0,1848.54668902211
1128040.0,1769.600576803204
1128060.0,1667.2891575499016
1128080.0,1551.2642317823654
1128100.0,1435.3658619692937
1128120.0,1333.3888718395235
1128140.0,1254.713179805674
1128160.0,1202.7377175392833
1128180.0,1175.6580364376393
1128200.0,1168.3071554342716
1128220.0,1174.1395613136883
1128240.0,1186.8387628601877
1128260.0,1201.3393019839395
1128280.0,1214.2612237669664
1128300.0,1223.8771376495556
1128320.0,1229.783576379489
1128340.0,1232.4570443363666
1128360.0,1232.8210541665385
1128380.0,1231.8834258661361
1128400.0,1230.4795266130805
1128420.0,1229.386965959048
1128440.0,
1128460.0,
1128480.0,
1128500.0,
1128520.0,
1128540.0,
1128560.0,
1128580.0,
1128600.0,
1128620.0,
1128640.0,
1128660.0,
1128680.0,
1128700.0,
1128720.0,
1128740.0,
1128760.0,
1128780.0,
1128800.0,
1128820.0,
1128840.0,
1128860.0,
1128880.0,
1128900.0,
1128920.0,
1128940.0,
1128960.0,
1128980.0,
1129000.0,
1129020.0,
1129040.0,
1129060.0,
1129080.0,
1129100.0,
1129120.0,
1129140.0,
1129160.0,
1129180.0,
1129200.0,
1129220.0,
1129240.0,
1129260.0,
1129280.0,
1129300.0,
1129320.0,
1129340.0,
1129360.0,
1129380.0,
1129400.0,
1129420.0,
1129440.0,
1129460.0,
1129480.0,
1129500.0,
1129520.0,
1129540.0,
1129560.0,
1129580.0,
1129600.0,
1129620.0,
1129640.0,
1129660.0,
1129680.0,
1129700.0,
1129720.0,
1129740.0,
1129760.0,
1129780.0,
1129800.0,
1129820.0,
1129840.0,
1129860.0,
1129880.0,
1129900.0,
1129920.0,
1129940.0,
1129960.0,
1129980.0,
1130000.0,
1130020.0,
1130040.0,
1130060.0,
1130080.0,
1130100.0,
1130120.0,
1130140.0,
1130160.0,
1130180.0,
1130200.0,
1130220.0,
1130240.0,
1130260.0,
1130280.0,
1130300.0,
1130320.0,
1130340.0,
1130360.0,
1130380.0,
1130400.0,
1130420.0,
1130440.0,
1130460.0,
1130480.0,
1130500.0,
1130520.0,
1130540.0,
1130560.0,
1130580.0,
1130600.0,
1130620.0,
1130640.0,
1130660.0,
1130680.0,
1130700.0,
1130720.0,
1130740.0,
1130760.0,1163.9507974715057
1130780.0,1154.6695715662024
1130800.0,1143.1157777007056
1130820.0,1130.365371898116
1130840.0,1117.186875356239
1130860.0,1104.3023380944678
1130880.0,1092.2911187296597
1130900.0,1081.556418000617
1130920.0,1072.3315500127933
1130940.0,1064.7034938903394
1130960.0,1058.6473543266493
1130980.0,1054.0576707907799
1131000.0,1050.773323157529
1131020.0,1048.601417007269
1131040.0,1047.3443728461018
1131060.0,1046.8237371852445
1131080.0,1046.8918499242811
1131100.0,1047.4315695952525
1131120.0,1048.3525241317827
1131140.0,1049.5972503841497
1131160.0,1051.1586662798532
1131180.0,1053.103305812808
1131200.0,1055.5914796494524
1131220.0,1058.8699079053533
1131240.0,1063.2253738446482
1131260.0,1068.253367683658
1131280.0,
1131300.0,
1131320.0,
1131340.0,
1131360.0,
1131380.0,
1131400.0,
1131420.0,
1131440.0,
1131460.0,
1131480.0,
1131500.0,
1131520.0,
1131540.0,
1131560.0,
1131580.0,
1131600.0,
1131620.0,
1131640.0,
1131660.0,
1131680.0,
1131700.0,
1131720.0,
1131740.0,
1131760.0,
1131780.0,
1131800.0,
1131820.0,
1131840.0,
1131860.0,
1131880.0,
1131900.0,
1131920.0,
1131940.0,
1131960.0,
1131980.0,
1132000.0,
1132020.0,
1132040.0,
1132060.0,
1132080.0,
1132100.0,
1132120.0,
1132140.0,
1132160.0,
1132180.0,
1132200.0,
1132220.0,
1132240.0,
1132260.0,
1132280.0,
1132300.0,
1132320.0,
1132340.0,
1132360.0,
1132380.0,
1132400.0,
1132420.0,
1132440.0,
1132460.0,1755.2100541625002
1132480.0,1772.1671707139674
1132500.0,1787.7502157510837
1132520.0,1800.1440499728608
1132540.0,1809.2435678158151
1132560.0,1815.8008245974402
1132580.0,1821.2126217147893
1132600.0,1827.08523434956
1132620.0,1834.7032753350327
1132640.0,1844.5386145547193
1132660.0,1855.8494777773947
1132680.0,1866.3262948092008
1132700.0,1871.9036595947705
1132720.0,1867.2775542131353
1132740.0,1847.3558085230202
1132760.0,1809.062941421787
1132780.0,1753.0439200163783
1132800.0,1684.8015808561631
1132820.0,1614.681197923
1132840.0,1555.9787361764286
1132860.0,1521.0721089335602
1132880.0,1517.1694946850425
1132900.0,1543.9034719102729
1132920.0,1594.166010667886
1132940.0,1657.047706284628
1132960.0,1721.0700194969352
1132980.0,1776.925355704833
1133000.0,1818.9897646672537
1133020.0,1839.6321264823384
1133040.0,
1133060.0,
1133080.0,
1133100.0,
1133120.0,
1133140.0,
1133160.0,
1133180.0,
1133200.0,
1133220.0,
1133240.0,
1133260.0,
1133280.0,
1133300.0,
1133320.0,
1133340.0,
1133360.0,
1133380.0,
1133400.0,
1133420.0,
1133440.0,
1133460.0,
1133480.0,
1133500.0,
1133520.0,
1133540.0,
1133560.0,
1133580.0,
1133600.0,
1133620.0,
1133640.0,
1133660.0,
1133680.0,
1133700.0,
1133720.0,
1133740.0,
1133760.0,
1133780.0,
1133800.0,
1133820.0,
1133840.0,
1133860.0,
1133880.0,
1133900.0,
1133920.0,
1133940.0,
1133960.0,
1133980.0,
1134000.0,
1134020.0,
1134040.0,
1134060.0,
1134080.0,
1134100.0,
1134120.0,
1134140.0,
1134160.0,
1134180.0,
1134200.0,
1134220.0,
1134240.0,
1134260.0,
1134280.0,
1134300.0,
1134320.0,
1134340.0,
1134360.0,
1134380.0,
1134400.0,
1134420.0,
1134440.0,
1134460.0,
1134480.0,
1134500.0,
1134520.0,
1134540.0,
1134560.0,
1134580.0,
1134600.0,
1134620.0,
1134640.0,
1134660.0,
1134680.0,
1134700.0,
1134720.0,
1134740.0,
1134760.0,
1134780.0,
1134800.0,
1134820.0,
1134840.0,
1134860.0,
1134880.0,
1134900.0,
1134920.0,
1134940.0,
1134960.0,
1134980.0,
1135000.0,
1135020.0,
1135040.0,
1135060.0,
1135080.0,
1135100.0,
1135120.0,1113.3227407944405
1135140.0,1117.69876780563
1135160.0,1112.7346089897658
1135180.0,1099.3663696589733
1135200.0,1080.393566067078
1135220.0,1058.8198073327862
1135240.0,1037.1587646214398
1135260.0,1017.1101619634121
1135280.0,999.5195161341902
1135300.0,984.539377144794
1135320.0,971.8826131399146
1135340.0,961.0720460144836
1135360.0,951.6256556556997
1135380.0,943.1611921187521
1135400.0,935.4284247476968
1135420.0,928.2963194375743
1135440.0,921.7192363345451
1135460.0,915.7013592738346
1135480.0,910.2671085358224
1135500.0,905.4337847292394
1135520.0,901.197753734886
1135540.0,897.5408086022496
1135560.0,894.4454098881873
1135580.0,891.9002822912174
1135600.0,889.8933357244666
1135620.0,888.4052223998481
1135640.0,887.4168061009111
1135660.0,886.9212809499471
1135680.0,886.9313033121229
1135700.0,887.4850797487364
1135720.0,888.6518776439447
1135740.0,890.5361887589974
1135760.0,893.2831009454142
1135780.0,897.0611149001106
1135800.0,902.010070084023
1135820.0,908.1794388973052
1135840.0,915.4692300250645
1135860.0,923.575774211077
1135880.0,931.9707474118507
1135900.0,939.955210855871
1135920.0,946.819266834801
1135940.0,952.1246131700967
1135960.0,956.1357741377215
1135980.0,960.2851141273319
1136000.0,966.8817663644073
1136020.0,977.9721796296426
1136040.0,994.6169517838632
1136060.0,1016.8063749322097
1136080.0,1043.7254528381131
1136100.0,1074.134409141494
1136120.0,1106.7169064293244
1136140.0,1140.322825227715
1136160.0,1174.088482020004
1136180.0,1207.4529340770252
1136200.0,1240.1067111745683
1136220.0,1271.9131307494886
1136240.0,1302.8369052083312
1136260.0,1332.903985475216
1136280.0,1362.2033223767262
1136300.0,1390.927231294932
1136320.0,1419.4334752183545
1136340.0,1448.300211287331
1136360.0,1478.3363331540675
1136380.0,1510.5071272420723
1136400.0,1545.7419205471147
1136420.0,1584.6099095771524
1136440.0,1626.8846670069183
1136460.0,1671.065806111473
1136480.0,1713.9816756595014
1136500.0,1750.6467422749392
1136520.0,1774.571260157125
1136540.0,1778.6929912481712
1136560.0,1756.9936870421013
1136580.0,1706.6550293268454
1136600.0,1630.2932926430929
1136620.0,1537.4069688987756
1136640.0,1443.738788728481
1136660.0,1367.3780144143677
1136680.0,1322.688474922626
1136700.0,1315.7155006947746
1136720.0,1342.961583196664
1136740.0,1393.3799339647799
1136760.0,1452.9832292210635
1136780.0,1509.5469277903453
1136800.0,1555.0335528480164
1136820.0,1585.9490406796383
1136840.0,1602.4999186705213
1136860.0,1607.2716709972033
1136880.0,1603.9282266655048
1136900.0,1596.2103186400059
1136920.0,1587.3247174379994
1136940.0,1579.685657705014
1136960.0,1574.896982656612
1136980.0,1573.8414450694243
1137000.0,1576.7604134649375
1137020.0,1583.2502943486172
1137040.0,1592.159617222639
1137060.0,1601.432245894335
1137080.0,1607.9967613512545
1137100.0,1607.8374163039434
1137120.0,1596.3837745928145
1137140.0,1569.3085713692224
1137160.0,1523.712516907526
1137180.0,1459.493424666035
1137200.0,1380.4506666046277
1137220.0,1294.3894432658776
1137240.0,1211.354261850294
1137260.0,1140.4366286598784
1137280.0,1087.6834357603857
1137300.0,1055.988727079224
1137320.0,1046.0679478770696
1137340.0,1057.5847146810213
1137360.0,1089.8135779637398
1137380.0,1141.5631376144952
1137400.0,1210.4275842801023
1137420.0,1291.7868814170204
1137440.0,1378.2005949515972
1137460.0,1459.8099661793428
1137480.0,1526.5583637787258
1137500.0,1571.839076635784
1137520.0,1594.4390017705482
1137540.0,1597.1387330117373
1137560.0,1584.724843260273
1137580.0,1572.6911945248999
1137600.0,
1137620.0,
1137640.0,
1137660.0,
1137680.0,
1137700.0,
1137720.0,
1137740.0,
1137760.0,
1137780.0,
1137800.0,
1137820.0,
1137840.0,
1137860.0,
1137880.0,
1137900.0,
1137920.0,
1137940.0,
1137960.0,
1137980.0,
1138000.0,
1138020.0,
1138040.0,
1138060.0,
1138080.0,
1138100.0,
1138120.0,
1138140.0,
1138160.0,
1138180.0,
1138200.0,
1138220.0,
1138240.0,
1138260.0,
1138280.0,
1138300.0,
1138320.0,
1138340.0,
1138360.0,
1138380.0,
1138400.0,
1138420.0,
1138440.0,
1138460.0,
1138480.0,
1138500.0,
1138520.0,
1138540.0,
1138560.0,
1138580.0,
1138600.0,
1138620.0,
1138640.0,
1138660.0,
1138680.0,
1138700.0,
1138720.0,
1138740.0,
1138760.0,
1138780.0,
1138800.0,
1138820.0,
1138840.0,
1138860.0,
1138880.0,
1138900.0,
1138920.0,
1138940.0,
1138960.0,
1138980.0,
1139000.0,
1139020.0,
1139040.0,
1139060.0,
1139080.0,
1139100.0,
1139120.0,
1139140.0,
1139160.0,
1139180.0,
1139200.0,
1139220.0,
1139240.0,
1139260.0,
1139280.0,
1139300.0,
1139320.0,
1139340.0,
1139360.0,
1139380.0,
1139400.0,
1139420.0,
1139440.0,
1139460.0,
1139480.0,
1139500.0,
1139520.0,
1139540.0,
1139560.0,
1139580.0,
1139600.0,
1139620.0,
1139640.0,
1139660.0,
1139680.0,
1139700.0,
1139720.0,
1139740.0,
1139760.0,
1139780.0,
1139800.0,
1139820.0,
1139840.0,
1139860.0,
1139880.0,
1139900.0,
1139920.0,
1139940.0,
1139960.0,
1139980.0,
1140000.0,
1140020.0,
1140040.0,
1140060.0,
1140080.0,
1140100.0,
1140120.0,
1140140.0,1848.0626646390576
1140160.0,1854.4587290551194
1140180.0,1836.3941047667
1140200.0,1780.5672193042858
1140220.0,1690.2254277400432
1140240.0,1577.000911031969
1140260.0,1457.3024875472224
1140280.0,1346.656033039576
1140300.0,1255.591401922662
1140320.0,1188.5494078890276
1140340.0,1144.8192810712385
1140360.0,1120.3474053231596
1140380.0,1109.6207723255304
1140400.0,1107.173619533625
1140420.0,1108.542459474363
1140440.0,1110.6831936143785
1140460.0,1111.9614014109807
1140480.0,1111.8780318452039
1140500.0,1110.6827080681883
1140520.0,1108.9868236546345
1140540.0,1107.454968301691
1140560.0,1106.6112256419085
1140580.0,1106.7517980181995
1140600.0,1107.946021150919
1140620.0,1110.1070950453773
1140640.0,1113.1028682863584
1140660.0,1116.863733659466
1140680.0,1121.4709696291375
1140700.0,1127.2208064575318
1140720.0,1134.6393206741172
1140740.0,1144.4125341917104
1140760.0,1157.215141505972
1140780.0,1173.4435640494185
1140800.0,1192.8981948017479
1140820.0,1214.493846206899
1140840.0,1236.1284313394274
1140860.0,1254.9069191119245
1140880.0,1267.928583026765
1140900.0,1273.793415342109
1140920.0,1274.32870072042
1140940.0,1274.7329642773673
1140960.0,1281.931962134284
1140980.0,1302.001513482027
1141000.0,1337.4870284158073
1141020.0,1385.5478881740605
1141040.0,1437.325157017384
1141060.0,1479.0302398078006
1141080.0,1495.4107678753094
1141100.0,1475.728479327133
1141120.0,1434.1561580577618
1141140.0,
1141160.0,
1141180.0,
1141200.0,
1141220.0,
1141240.0,
1141260.0,
1141280.0,
1141300.0,
1141320.0,
1141340.0,
1141360.0,
1141380.0,
1141400.0,
1141420.0,
1141440.0,
1141460.0,
1141480.0,
1141500.0,
1141520.0,
1141540.0,
1141560.0,
1141580.0,
1141600.0,
1141620.0,
1141640.0,
1141660.0,
1141680.0,
1141700.0,
1141720.0,
1141740.0,
1141760.0,
1141780.0,
1141800.0,
1141820.0,
1141840.0,
1141860.0,
1141880.0,
1141900.0,
1141920.0,
1141940.0,
1141960.0,
1141980.0,
1142000.0,
1142020.0,
1142040.0,
1142060.0,
1142080.0,
1142100.0,
1142120.0,
1142140.0,
1142160.0,
1142180.0,
1142200.0,
1142220.0,
1142240.0,
1142260.0,
1142280.0,
1142300.0,
1142320.0,
1142340.0,
1142360.0,
1142380.0,
1142400.0,
1142420.0,
1142440.0,
1142460.0,
1142480.0,
1142500.0,
1142520.0,
1142540.0,
1142560.0,
1142580.0,
1142600.0,
1142620.0,
1142640.0,
1142660.0,
1142680.0,
1142700.0,
1142720.0,
1142740.0,
1142760.0,
1142780.0,
1142800.0,
1142820.0,
1142840.0,
1142860.0,
1142880.0,
1142900.0,
1142920.0,
1142940.0,
1142960.0,
1142980.0,
1143000.0,
1143020.0,
1143040.0,
1143060.0,
1143080.0,
1143100.0,
1143120.0,
1143140.0,
1143160.0,
1143180.0,
1143200.0,
1143220.0,
1143240.0,
1143260.0,
1143280.0,
1143300.0,
1143320.0,
1143340.0,
1143360.0,
1143380.0,
1143400.0,
1143420.0,
1143440.0,
1143460.0,
1143480.0,
1143500.0,
1143520.0,
1143540.0,
1143560.0,
1143580.0,
1143600.0,
1143620.0,
1143640.0,
1143660.0,
1143680.0,
1143700.0,
1143720.0,
1143740.0,
1143760.0,
1143780.0,
1143800.0,
1143820.0,
1143840.0,
1143860.0,
1143880.0,
1143900.0,
1143920.0,
1143940.0,
1143960.0,
1143980.0,
1144000.0,
1144020.0,
1144040.0,
1144060.0,
1144080.0,
1144100.0,
1144120.0,
1144140.0,
1144160.0,
1144180.0,
1144200.0,
1144220.0,
1144240.0,
1144260.0,
1144280.0,
1144300.0,
1144320.0,
1144340.0,
1144360.0,
1144380.0,
1144400.0,
1144420.0,
1144440.0,
1144460.0,
1144480.0,
1144500.0,
1144520.0,
1144540.0,
1144560.0,
1144580.0,
1144600.0,
1144620.0,
1144640.0,
1144660.0,
1144680.0,
1144700.0,
1144720.0,
1144740.0,
1144760.0,
1144780.0,
1144800.0,
1144820.0,
1144840.0,
1144860.0,
1144880.0,
1144900.0,
1144920.0,
1144940.0,
1144960.0,
1144980.0,
1145000.0,
1145020.0,
1145040.0,
1145060.0,
1145080.0,
1145100.0,
1145120.0,
1145140.0,
1145160.0,
1145180.0,
1145200.0,
1145220.0,
1145240.0,1679.169041174997
1145260.0,1657.1929244124356
1145280.0,1611.6591537269512
1145300.0,1557.566513721866
1145320.0,1504.5434767108716
1145340.0,1460.7062505755196
1145360.0,1430.8618635714643
1145380.0,1416.2791143584145
1145400.0,1415.311546775173
1145420.0,1424.389300779458
1145440.0,1439.1229777414117
1145460.0,1452.1988084573584
1145480.0,
1145500.0,
1145520.0,
1145540.0,
1145560.0,
1145580.0,
1145600.0,
1145620.0,
1145640.0,
1145660.0,
1145680.0,
1145700.0,
1145720.0,
1145740.0,
1145760.0,
1145780.0,
1145800.0,
1145820.0,
1145840.0,
1145860.0,
1145880.0,
1145900.0,
1145920.0,
1145940.0,
1145960.0,
1145980.0,
1146000.0,
1146020.0,
1146040.0,
1146060.0,
1146080.0,
1146100.0,
1146120.0,
1146140.0,
1146160.0,
1146180.0,
1146200.0,
1146220.0,
1146240.0,
1146260.0,
1146280.0,
1146300.0,
1146320.0,
1146340.0,
1146360.0,
1146380.0,
1146400.0,
1146420.0,
1146440.0,
1146460.0,
1146480.0,
1146500.0,
1146520.0,
1146540.0,
1146560.0,
1146580.0,
1146600.0,
1146620.0,
1146640.0,
1146660.0,
1146680.0,
1146700.0,
1146720.0,
1146740.0,
1146760.0,
1146780.0,
1146800.0,
1146820.0,
1146840.0,
1146860.0,
1146880.0,
1146900.0,
1146920.0,
1146940.0,
1146960.0,
1146980.0,
1147000.0,
1147020.0,
1147040.0,
1147060.0,
1147080.0,
1147100.0,
1147120.0,
1147140.0,
1147160.0,
1147180.0,
1147200.0,
1147220.0,
1147240.0,
1147260.0,
1147280.0,
1147300.0,
1147320.0,
1147340.0,
1147360.0,
1147380.0,
1147400.0,
1147420.0,
1147440.0,
1147460.0,
1147480.0,
1147500.0,
1147520.0,
1147540.0,
1147560.0,
1147580.0,
1147600.0,
1147620.0,
1147640.0,
1147660.0,
1147680.0,
1147700.0,
1147720.0,
1147740.0,
1147760.0,
1147780.0,
1147800.0,
1147820.0,
1147840.0,
1147860.0,
1147880.0,
1147900.0,
1147920.0,
1147940.0,
1147960.0,
1147980.0,
1148000.0,
1148020.0,
1148040.0,
1148060.0,
1148080.0,
1148100.0,
1148120.0,
1148140.0,
1148160.0,
1148180.0,
1148200.0,
1148220.0,
1148240.0,
1148260.0,
1148280.0,
1148300.0,
1148320.0,
1148340.0,
1148360.0,
1148380.0,
1148400.0,
1148420.0,
1148440.0,
1148460.0,
1148480.0,
1148500.0,
1148520.0,
1148540.0,
1148560.0,
1148580.0,
1148600.0,
1148620.0,
1148640.0,
1148660.0,
1148680.0,
1148700.0,
1148720.0,
1148740.0,
1148760.0,
1148780.0,
1148800.0,
1148820.0,
1148840.0,
1148860.0,
1148880.0,
1148900.0,
1148920.0,
1148940.0,
1148960.0,
1148980.0,
1149000.0,
1149020.0,
1149040.0,
1149060.0,
1149080.0,
1149100.0,
1149120.0,
1149140.0,
1149160.0,
1149180.0,
1149200.0,
1149220.0,
1149240.0,
1149260.0,
1149280.0,
1149300.0,
1149320.0,
1149340.0,
1149360.0,
1149380.0,
1149400.0,
1149420.0,
1149440.0,
1149460.0,
1149480.0,
1149500.0,
1149520.0,
1149540.0,
1149560.0,
1149580.0,
1149600.0,
1149620.0,
1149640.0,
1149660.0,
1149680.0,
1149700.0,
1149720.0,
1149740.0,
1149760.0,
1149780.0,
1149800.0,
1149820.0,
1149840.0,
1149860.0,
1149880.0,
1149900.0,
1149920.0,
1149940.0,
1149960.0,
1149980.0,
1150000.0,
1150020.0,
1150040.0,
1150060.0,
1150080.0,
1150100.0,
1150120.0,
1150140.0,
1150160.0,
1150180.0,
1150200.0,
1150220.0,
1150240.0,
1150260.0,
1150280.0,
1150300.0,
1150320.0,
1150340.0,
1150360.0,
1150380.0,
1150400.0,
1150420.0,
1150440.0,
1150460.0,
1150480.0,
1150500.0,
1150520.0,
1150540.0,
1150560.0,
1150580.0,
1150600.0,
1150620.0,
1150640.0,
1150660.0,
1150680.0,
1150700.0,
1150720.0,
1150740.0,
1150760.0,
1150780.0,
1150800.0,
1150820.0,
1150840.0,
1150860.0,
1150880.0,
1150900.0,
1150920.0,
1150940.0,
1150960.0,
1150980.0,
1151000.0,
1151020.0,
1151040.0,
1151060.0,
1151080.0,
1151100.0,
1151120.0,
1151140.0,
1151160.0,
1151180.0,
1151200.0,
1151220.0,
1151240.0,
1151260.0,
1151280.0,
1151300.0,
1151320.0,
1151340.0,
1151360.0,
1151380.0,
1151400.0,
1151420.0,
1151440.0,
1151460.0,
1151480.0,
1151500.0,
1151520.0,
1151540.0,
1151560.0,
1151580.0,
1151600.0,
1151620.0,
1151640.0,
1151660.0,
1151680.0,
1151700.0,
1151720.0,
1151740.0,
1151760.0,
1151780.0,
1151800.0,
1151820.0,
1151840.0,
1151860.0,
1151880.0,
1151900.0,
1151920.0,
1151940.0,
1151960.0,
1151980.0,
1152000.0,
1152020.0,
1152040.0,
1152060.0,
1152080.0,
1152100.0,
1152120.0,
1152140.0,
1152160.0,
1152180.0,
1152200.0,
1152220.0,
1152240.0,
1152260.0,
1152280.0,
1152300.0,
1152320.0,
1152340.0,
1152360.0,
1152380.0,
1152400.0,
1152420.0,
1152440.0,
1152460.0,
1152480.0,
1152500.0,
1152520.0,
1152540.0,
1152560.0,
1152580.0,
1152600.0,
1152620.0,
1152640.0,
1152660.0,
1152680.0,
1152700.0,
1152720.0,
1152740.0,
1152760.0,
1152780.0,
1152800.0,
1152820.0,
1152840.0,
1152860.0,
1152880.0,
1152900.0,
1152920.0,
1152940.0,
1152960.0,
1152980.0,
1153000.0,
1153020.0,
1153040.0,
1153060.0,
1153080.0,
1153100.0,
1153120.0,
1153140.0,
1153160.0,
1153180.0,
1153200.0,
1153220.0,
1153240.0,
1153260.0,
1153280.0,
1153300.0,
1153320.0,
1153340.0,
1153360.0,
1153380.0,
1153400.0,
1153420.0,
1153440.0,
1153460.0,
1153480.0,
1153500.0,
1153520.0,
1153540.0,
1153560.0,
1153580.0,
1153600.0,
1153620.0,
1153640.0,
1153660.0,
1153680.0,
1153700.0,
1153720.0,
1153740.0,
1153760.0,
1153780.0,
1153800.0,
1153820.0,
1153840.0,
1153860.0,
1153880.0,
1153900.0,
1153920.0,
1153940.0,
1153960.0,
1153980.0,
1154000.0,
1154020.0,
1154040.0,
1154060.0,
1154080.0,
1154100.0,
1154120.0,
1154140.0,
1154160.0,
1154180.0,
1154200.0,
1154220.0,
1154240.0,
1154260.0,
1154280.0,
1154300.0,
1154320.0,
1154340.0,
1154360.0,
1154380.0,
1154400.0,
1154420.0,
1154440.0,
1154460.0,
1154480.0,
1154500.0,
1154520.0,
1154540.0,
1154560.0,
1154580.0,
1154600.0,
1154620.0,
1154640.0,
1154660.0,
1154680.0,
1154700.0,
1154720.0,
1154740.0,
1154760.0,
1154780.0,
1154800.0,
1154820.0,
1154840.0,
1154860.0,
1154880.0,
1154900.0,
1154920.0,
1154940.0,
1154960.0,
1154980.0,
1155000.0,
1155020.0,
1155040.0,
1155060.0,
1155080.0,
1155100.0,
1155120.0,
1155140.0,
1155160.0,
1155180.0,
1155200.0,
1155220.0,
1155240.0,
1155260.0,
1155280.0,
1155300.0,
1155320.0,
1155340.0,
1155360.0,
1155380.0,
1155400.0,
1155420.0,
1155440.0,
1155460.0,
1155480.0,
1155500.0,
1155520.0,
1155540.0,
1155560.0,
1155580.0,
1155600.0,
1155620.0,
1155640.0,
1155660.0,
1155680.0,
1155700.0,
1155720.0,
1155740.0,
1155760.0,
1155780.0,
1155800.0,
1155820.0,
1155840.0,
1155860.0,
1155880.0,
1155900.0,
1155920.0,
1155940.0,
1155960.0,
1155980.0,
1156000.0,
1156020.0,
1156040.0,
1156060.0,
1156080.0,
1156100.0,
1156120.0,
1156140.0,
1156160.0,
1156180.0,
1156200.0,
1156220.0,
1156240.0,
1156260.0,
1156280.0,
1156300.0,
1156320.0,
1156340.0,
1156360.0,
1156380.0,
1156400.0,
1156420.0,
1156440.0,
1156460.0,
1156480.0,
1156500.0,
1156520.0,
1156540.0,
1156560.0,
1156580.0,
1156600.0,
1156620.0,
1156640.0,
1156660.0,
1156680.0,
1156700.0,
1156720.0,
1156740.0,
1156760.0,
1156780.0,
1156800.0,
1156820.0,
1156840.0,
1156860.0,
1156880.0,
1156900.0,1826.8137544837348
1156920.0,1822.8947496242067
1156940.0,1814.7613062417986
1156960.0,1805.5880017561897
1156980.0,1795.9302387910852
1157000.0,1786.3372329918686
1157020.0,1777.3231943108942
1157040.0,1769.4112792827168
1157060.0,1763.1958187125103
1157080.0,1759.273557915482
1157100.0,1758.1143560136316
1157120.0,1759.973942821652
1157140.0,1764.7214658402038
1157160.0,1771.5689185871183
1157180.0,1778.9463615607274
1157200.0,1784.5690178243553
1157220.0,1785.6892899532352
1157240.0,1779.497438716227
1157260.0,1763.6470544991444
1157280.0,1736.9619274102158
1157300.0,1700.1768377307576
1157320.0,1658.6892386478803
1157340.0,
1157360.0,
1157380.0,
1157400.0,
1157420.0,
1157440.0,
1157460.0,
1157480.0,
1157500.0,
1157520.0,
1157540.0,
1157560.0,
1157580.0,
1157600.0,
1157620.0,
1157640.0,
1157660.0,
1157680.0,
1157700.0,
1157720.0,
1157740.0,
1157760.0,
1157780.0,
1157800.0,
1157820.0,
1157840.0,
1157860.0,
1157880.0,
1157900.0,
1157920.0,
1157940.0,
1157960.0,
1157980.0,
1158000.0,
1158020.0,
1158040.0,
1158060.0,
1158080.0,
1158100.0,
1158120.0,
1158140.0,
1158160.0,
1158180.0,
1158200.0,
1158220.0,
1158240.0,
1158260.0,
1158280.0,
1158300.0,
1158320.0,
1158340.0,
1158360.0,
1158380.0,
1158400.0,
1158420.0,
1158440.0,
1158460.0,
1158480.0,
1158500.0,
1158520.0,
1158540.0,
1158560.0,
1158580.0,
1158600.0,
1158620.0,
1158640.0,
1158660.0,
1158680.0,
1158700.0,
1158720.0,
1158740.0,
1158760.0,
1158780.0,
1158800.0,
1158820.0,
1158840.0,
1158860.0,
1158880.0,
1158900.0,
1158920.0,
1158940.0,
1158960.0,
1158980.0,
1159000.0,
1159020.0,
1159040.0,
1159060.0,
1159080.0,
1159100.0,
1159120.0,
1159140.0,
1159160.0,
1159180.0,
1159200.0,
1159220.0,
1159240.0,
1159260.0,
1159280.0,
1159300.0,
1159320.0,
1159340.0,
1159360.0,
1159380.0,
1159400.0,
1159420.0,
1159440.0,
1159460.0,
1159480.0,
1159500.0,
1159520.0,
1159540.0,
1159560.0,
1159580.0,
1159600.0,
1159620.0,
1159640.0,
1159660.0,
1159680.0,
1159700.0,
1159720.0,
1159740.0,
1159760.0,
1159780.0,
1159800.0,
1159820.0,
1159840.0,
1159860.0,
1159880.0,
1159900.0,
1159920.0,
1159940.0,
1159960.0,
1159980.0,
1160000.0,
1160020.0,
1160040.0,
1160060.0,
1160080.0,
1160100.0,
1160120.0,
1160140.0,
1160160.0,
1160180.0,
1160200.0,
1160220.0,
1160240.0,
1160260.0,
1160280.0,
1160300.0,
1160320.0,
1160340.0,
1160360.0,
1160380.0,
1160400.0,
1160420.0,
1160440.0,
1160460.0,
1160480.0,
1160500.0,1665.841108829372
1160520.0,1557.8727524112342
1160540.0,1432.7434734275769
1160560.0,1322.9889128303546
1160580.0,1238.2421667157487
1160600.0,1181.8328725257923
1160620.0,1151.6573496257938
1160640.0,1142.1039945249743
1160660.0,1146.0928646783154
1160680.0,1156.7127786911906
1160700.0,1168.2940117611822
1160720.0,1176.9332495011765
1160740.0,1180.563640934433
1160760.0,1178.7132987732862
1160780.0,1172.0838746797624
1160800.0,1162.0631643964398
1160820.0,1150.2551180681164
1160840.0,1138.0943132676334
1160860.0,1126.608027543799
1160880.0,1116.347895035402
1160900.0,1107.454307185243
1160920.0,1099.785986393121
1160940.0,1093.0585254248322
1160960.0,1086.9564329542304
1160980.0,1081.2024200444807
1161000.0,1075.5827227568227
1161020.0,1069.9375064817352
1161040.0,1064.1312754492408
1161060.0,1058.0205991785283
1161080.0,1051.4361553343538
1161100.0,1044.1934575410637
1161120.0,1036.1416175881454
1161140.0,1027.2517833816742
1161160.0,1017.7364075481797
1161180.0,1008.1779412247955
1161200.0,999.6330092405263
1161220.0,993.6695405948583
1161240.0,992.295531839158
1161260.0,997.7533568828023
1161280.0,1012.1646293832412
1161300.0,1037.006037444225
1161320.0,1072.458393509457
1161340.0,1116.8199328974945
1161360.0,1166.344262136443
1161380.0,1215.9979573915264
1161400.0,1261.280189571999
1161420.0,1299.6191770550688
1161440.0,1330.4363306723
1161460.0,1354.6196517867704
1161480.0,1373.8598128825934
1161500.0,1390.0568982669279
1161520.0,1404.899348098105
1161540.0,1419.637705652603
1161560.0,1435.0257798526975
1161580.0,1451.378179399448
1161600.0,1468.6894653751751
1161620.0,1486.7688624114394
1161640.0,1505.3587264962098
1161660.0,1524.2196876900364
1161680.0,1543.177510569448
1161700.0,1562.1350287566934
1161720.0,1581.0571511298417
1161740.0,1599.9388150022917
1161760.0,1618.7660097516143
1161780.0,1637.4795453772833
1161800.0,1655.9505506263667
1161820.0,1673.9756213391586
1161840.0,1691.297420041335
1161860.0,1707.652307814069
1161880.0,1722.8391696029237
1161900.0,1736.7922135902504
1161920.0,1749.6251678805268
1161940.0,1761.5960041573653
1161960.0,1772.9256949754376
1161980.0,1783.4372348773572
1162000.0,1792.2330565240081
1162020.0,1797.8900186344138
1162040.0,1798.969144836306
1162060.0,1794.4647185580084
1162080.0,1784.110390830231
1162100.0,1768.5730640625784
1162120.0,1749.5725350681864
1162140.0,1729.8332404921143
1162160.0,1712.7748943943284
1162180.0,1701.826022704991
1162200.0,1699.3810379271963
1162220.0,1706.0872954552615
1162240.0,1720.7261671016433
1162260.0,1740.6457704695094
1162280.0,1762.2001293588353
1162300.0,1781.0634645604073
1162320.0,1792.405505337382
1162340.0,1791.1288034883157
1162360.0,1772.4377403475198
1162380.0,1732.8583804134519
1162400.0,1671.6107014090412
1162420.0,1591.9382240885338
1162440.0,1510.828114052153
1162460.0,
1162480.0,
1162500.0,
1162520.0,
1162540.0,
1162560.0,
1162580.0,
1162600.0,
1162620.0,
1162640.0,
1162660.0,
1162680.0,
1162700.0,
1162720.0,
1162740.0,
1162760.0,
1162780.0,
1162800.0,
1162820.0,
1162840.0,
1162860.0,
1162880.0,
1162900.0,
1162920.0,
1162940.0,
1162960.0,
1162980.0,
1163000.0,
1163020.0,
1163040.0,
1163060.0,
1163080.0,
1163100.0,
1163120.0,
1163140.0,
1163160.0,
1163180.0,
1163200.0,
1163220.0,
1163240.0,
1163260.0,
1163280.0,
1163300.0,
1163320.0,
1163340.0,
1163360.0,
1163380.0,
1163400.0,
1163420.0,
1163440.0,
1163460.0,
1163480.0,
1163500.0,
1163520.0,
1163540.0,
1163560.0,
1163580.0,
1163600.0,
1163620.0,
1163640.0,
1163660.0,
1163680.0,
1163700.0,
1163720.0,
1163740.0,
1163760.0,
1163780.0,
1163800.0,
1163820.0,
1163840.0,
1163860.0,
1163880.0,
1163900.0,
1163920.0,
1163940.0,
1163960.0,
1163980.0,
1164000.0,
1164020.0,
1164040.0,
1164060.0,
1164080.0,
1164100.0,
1164120.0,
1164140.0,
1164160.0,
1164180.0,
1164200.0,
1164220.0,
1164240.0,
1164260.0,
1164280.0,
1164300.0,
1164320.0,
1164340.0,
1164360.0,
1164380.0,
1164400.0,
1164420.0,
1164440.0,
1164460.0,
1164480.0,
1164500.0,
1164520.0,
1164540.0,
1164560.0,
1164580.0,
1164600.0,
1164620.0,
1164640.0,
1164660.0,
1164680.0,
1164700.0,
1164720.0,
1164740.0,
1164760.0,
1164780.0,
1164800.0,
1164820.0,
1164840.0,
1164860.0,
1164880.0,
1164900.0,
1164920.0,
1164940.0,
1164960.0,
1164980.0,
1165000.0,
1165020.0,
1165040.0,
1165060.0,
1165080.0,
1165100.0,
1165120.0,
1165140.0,
1165160.0,
1165180.0,
1165200.0,
1165220.0,
1165240.0,
1165260.0,
1165280.0,
1165300.0,
1165320.0,
1165340.0,
1165360.0,
1165380.0,
1165400.0,
1165420.0,
1165440.0,
1165460.0,
1165480.0,
1165500.0,
1165520.0,
1165540.0,
1165560.0,
1165580.0,
1165600.0,
1165620.0,
1165640.0,
1165660.0,
1165680.0,
1165700.0,
1165720.0,
1165740.0,
1165760.0,
1165780.0,
1165800.0,
1165820.0,
1165840.0,
1165860.0,
1165880.0,
1165900.0,
1165920.0,
1165940.0,
1165960.0,
1165980.0,
1166000.0,
1166020.0,
1166040.0,
1166060.0,
1166080.0,
1166100.0,
1166120.0,
1166140.0,
1166160.0,
1166180.0,
1166200.0,
1166220.0,
1166240.0,
1166260.0,
1166280.0,
1166300.0,
1166320.0,
1166340.0,
1166360.0,
1166380.0,
1166400.0,
1166420.0,
1166440.0,
1166460.0,
1166480.0,
1166500.0,
1166520.0,
1166540.0,
1166560.0,
1166580.0,
1166600.0,
1166620.0,
1166640.0,
1166660.0,
1166680.0,
1166700.0,
1166720.0,
1166740.0,
1166760.0,
1166780.0,
1166800.0,
1166820.0,
1166840.0,
1166860.0,
1166880.0,
1166900.0,
1166920.0,
1166940.0,
1166960.0,
1166980.0,
1167000.0,
1167020.0,
1167040.0,
1167060.0,
1167080.0,
1167100.0,
1167120.0,
1167140.0,
1167160.0,
1167180.0,
1167200.0,
1167220.0,
1167240.0,
1167260.0,
1167280.0,
1167300.0,
1167320.0,
1167340.0,
1167360.0,
1167380.0,
1167400.0,
1167420.0,
1167440.0,
1167460.0,
1167480.0,
1167500.0,
1167520.0,
1167540.0,
1167560.0,
1167580.0,
1167600.0,
1167620.0,
1167640.0,
1167660.0,
1167680.0,
1167700.0,
1167720.0,
1167740.0,
1167760.0,
1167780.0,
1167800.0,
1167820.0,
1167840.0,
1167860.0,
1167880.0,
1167900.0,
1167920.0,
1167940.0,
1167960.0,
1167980.0,
1168000.0,
1168020.0,
1168040.0,
1168060.0,
1168080.0,
1168100.0,
1168120.0,
1168140.0,
1168160.0,
1168180.0,
1168200.0,
1168220.0,
1168240.0,
1168260.0,
1168280.0,
1168300.0,
1168320.0,
1168340.0,
1168360.0,
1168380.0,
1168400.0,
1168420.0,
1168440.0,
1168460.0,
1168480.0,
1168500.0,
1168520.0,
1168540.0,
1168560.0,
1168580.0,
1168600.0,
1168620.0,
1168640.0,
1168660.0,
1168680.0,
1168700.0,
1168720.0,
1168740.0,
1168760.0,
1168780.0,
1168800.0,
1168820.0,
1168840.0,
1168860.0,
1168880.0,
1168900.0,
1168920.0,
1168940.0,
1168960.0,
1168980.0,
1169000.0,
1169020.0,
1169040.0,
1169060.0,
1169080.0,
1169100.0,
1169120.0,
1169140.0,
1169160.0,
1169180.0,
1169200.0,
1169220.0,
1169240.0,
1169260.0,
1169280.0,
1169300.0,
1169320.0,
1169340.0,
1169360.0,
1169380.0,
1169400.0,
1169420.0,
1169440.0,
1169460.0,
1169480.0,
1169500.0,
1169520.0,
1169540.0,
1169560.0,
1169580.0,
1169600.0,
1169620.0,
1169640.0,
1169660.0,
1169680.0,
1169700.0,
1169720.0,
1169740.0,
1169760.0,
1169780.0,
1169800.0,
1169820.0,
1169840.0,
1169860.0,
1169880.0,
1169900.0,
1169920.0,
1169940.0,
1169960.0,
1169980.0,
1170000.0,
1170020.0,
1170040.0,
1170060.0,
1170080.0,
1170100.0,
1170120.0,
1170140.0,
1170160.0,
1170180.0,
1170200.0,
1170220.0,
1170240.0,
1170260.0,
1170280.0,
1170300.0,
1170320.0,
1170340.0,
1170360.0,
1170380.0,
1170400.0,
1170420.0,
1170440.0,
1170460.0,
1170480.0,
1170500.0,
1170520.0,
1170540.0,
1170560.0,
1170580.0,
1170600.0,
1170620.0,
1170640.0,
1170660.0,
1170680.0,
1170700.0,
1170720.0,
1170740.0,
1170760.0,
1170780.0,
1170800.0,
1170820.0,1478.2031593492093
1170840.0,1499.9853049771204
1170860.0,1525.7030718952633
1170880.0,1553.5792578957366
1170900.0,1583.800708748318
1170920.0,1615.7233884623472
1170940.0,1647.633077974687
1170960.0,1677.3389608154503
1170980.0,1703.099814050464
1171000.0,1724.0687321259459
1171020.0,1740.2632045222617
1171040.0,1752.2850645128456
1171060.0,1760.9762131888815
1171080.0,1767.1663468415586
1171100.0,1771.5608271941758
1171120.0,1774.7487873925631
1171140.0,1777.2350637059687
1171160.0,1779.4347720110466
1171180.0,1781.6803967748601
1171200.0,1784.2369348882494
1171220.0,1787.2611919127146
1171240.0,1790.7338628464317
1171260.0,1794.4256554704323
1171280.0,1797.9611879671788
1171300.0,1800.9831961650943
1171320.0,1803.3111807548594
1171340.0,1805.009592286237
1171360.0,1806.3592443232988
1171380.0,1807.7816456589967
1171400.0,1809.7278180536457
1171420.0,1812.5225043775831
1171440.0,1816.1791978600827
1171460.0,1820.1897971716899
1171480.0,1823.3584120632556
1171500.0,1823.7913628474046
1171520.0,1819.066753362194
1171540.0,1806.5588695255933
1171560.0,1783.9488033285083
1171580.0,1749.898840478576
1171600.0,1704.6312934157722
1171620.0,1650.0841235658997
1171640.0,1592.878206009572
1171660.0,
1171680.0,
1171700.0,
1171720.0,
1171740.0,
1171760.0,
1171780.0,
1171800.0,
1171820.0,
1171840.0,
1171860.0,
1171880.0,
1171900.0,
1171920.0,
1171940.0,
1171960.0,
1171980.0,
1172000.0,
1172020.0,
1172040.0,
1172060.0,
1172080.0,
1172100.0,
1172120.0,
1172140.0,
1172160.0,
1172180.0,
1172200.0,
1172220.0,
1172240.0,
1172260.0,
1172280.0,
1172300.0,
1172320.0,
1172340.0,
1172360.0,
1172380.0,
1172400.0,
1172420.0,
1172440.0,
1172460.0,
1172480.0,
1172500.0,
1172520.0,
1172540.0,
1172560.0,
1172580.0,
1172600.0,
1172620.0,
1172640.0,
1172660.0,
1172680.0,
1172700.0,
1172720.0,
1172740.0,
1172760.0,
1172780.0,
1172800.0,
1172820.0,
1172840.0,
1172860.0,
1172880.0,
1172900.0,
1172920.0,
1172940.0,
1172960.0,
1172980.0,
1173000.0,
1173020.0,
1173040.0,
1173060.0,
1173080.0,
1173100.0,
1173120.0,
1173140.0,
1173160.0,
1173180.0,
1173200.0,
1173220.0,
1173240.0,
1173260.0,
1173280.0,
1173300.0,
1173320.0,
1173340.0,
1173360.0,
1173380.0,
1173400.0,
1173420.0,
1173440.0,
1173460.0,
1173480.0,
1173500.0,
1173520.0,
1173540.0,
1173560.0,
1173580.0,
1173600.0,
1173620.0,
1173640.0,
1173660.0,
1173680.0,
1173700.0,
1173720.0,
1173740.0,
1173760.0,
1173780.0,
1173800.0,
1173820.0,
1173840.0,
1173860.0,
1173880.0,
1173900.0,
1173920.0,
1173940.0,
1173960.0,
1173980.0,
1174000.0,
1174020.0,
1174040.0,
1174060.0,
1174080.0,
1174100.0,
1174120.0,
1174140.0,
1174160.0,
1174180.0,
1174200.0,
1174220.0,
1174240.0,
1174260.0,
1174280.0,
1174300.0,
1174320.0,
1174340.0,
1174360.0,
1174380.0,
1174400.0,
1174420.0,
1174440.0,
1174460.0,
1174480.0,
1174500.0,
1174520.0,
1174540.0,
1174560.0,
1174580.0,
1174600.0,
1174620.0,
1174640.0,
1174660.0,
1174680.0,
1174700.0,
1174720.0,
1174740.0,
1174760.0,
1174780.0,
1174800.0,
1174820.0,
1174840.0,
1174860.0,
1174880.0,
1174900.0,
1174920.0,
1174940.0,
1174960.0,
1174980.0,
1175000.0,
1175020.0,
1175040.0,
1175060.0,
1175080.0,
1175100.0,
1175120.0,
1175140.0,
1175160.0,
1175180.0,
1175200.0,
1175220.0,
1175240.0,1348.2286176996342
1175260.0,1283.7618755109288
1175280.0,1217.8511087990228
1175300.0,1159.2914158825342
1175320.0,1114.2208958011483
1175340.0,1085.1286967930916
1175360.0,1071.273563978218
1175380.0,1069.7541819610476
1175400.0,1076.7019447489256
1175420.0,1088.2575547958977
1175440.0,1101.18355040779
1175460.0,1113.1233731835928
1175480.0,1122.5971871574307
1175500.0,1128.849125243689
1175520.0,1131.6473318358962
1175540.0,1131.0988921518995
1175560.0,1127.5096073125308
1175580.0,1121.3007583617741
1175600.0,1112.9608027609288
1175620.0,1103.021828931308
1175640.0,1092.0480582166163
1175660.0,1080.6276734246203
1175680.0,1069.3509385468349
1175700.0,1058.7600313299201
1175720.0,1049.2768417272205
1175740.0,1041.1238484483576
1175760.0,1034.2535028654634
1175780.0,1028.3198210939352
1175800.0,1022.7198899233357
1175820.0,1016.7115819897512
1175840.0,1009.6297443068142
1175860.0,1001.2039447054228
1175880.0,991.9348848586772
1175900.0,983.4514847798188
1175920.0,978.7482136063782
1175940.0,982.1695663853573
1175960.0,998.9799175470137
1175980.0,1034.4144077052936
1176000.0,1092.2468962329147
1176020.0,1173.1005398052464
1176040.0,1273.009967792546
1176060.0,1383.083952043929
1176080.0,1491.3510381222056
1176100.0,1586.7514673231285
1176120.0,1662.3824614630462
1176140.0,1716.2686594621682
1176160.0,1750.450835282293
1176180.0,1769.3966954900975
1176200.0,1778.411989602618
1176220.0,1782.4219325245917
1176240.0,1785.2503805358458
1176260.0,1789.3623319434632
1176280.0,1795.950020968166
1176300.0,1805.2182473535784
1176320.0,1816.7401005774827
1176340.0,1829.7901642704267
1176360.0,1843.6029718306631
1176380.0,1857.539639537686
1176400.0,1871.1701052680696
1176420.0,1884.2912278916326
1176440.0,1896.9038532113016
1176460.0,1909.1679356248035
1176480.0,1921.3474156873376
1176500.0,1933.7489953317545
1176520.0,1946.6537509240802
1176540.0,1960.2393330569164
1176560.0,1974.4939819287997
1176580.0,1989.1312862236875
1176600.0,2003.524828719827
1176620.0,2016.6915390500424
1176640.0,2027.3573608611955
1176660.0,2034.1334473369498
1176680.0,2035.8101039526603
1176700.0,2031.734853116944
1176720.0,2022.1789270287943
1176740.0,2008.5164333596883
1176760.0,1992.9538538922272
1176780.0,1977.58466991241
1176800.0,1963.1591202435775
1176820.0,1948.364957278905
1176840.0,1929.7589954807875
1176860.0,1902.1578455456074
1176880.0,1859.592598041553
1176900.0,1797.2993003776996
1176920.0,1713.9818928455668
1176940.0,1613.3112420010948
1176960.0,1503.66324429799
1176980.0,1396.0546258666332
1177000.0,1301.582452826416
1177020.0,1228.650597582447
1177040.0,1181.597901220493
1177060.0,1161.0088091954594
1177080.0,1164.7160564626683
1177100.0,1188.7341260081269
1177120.0,1227.7488140287464
1177140.0,1275.161854989984
1177160.0,1323.015407695008
1177180.0,1362.3481918810648
1177200.0,1384.6463244874694
1177220.0,1384.7842509398915
1177240.0,1363.7951089197063
1177260.0,1327.9859592350435
1177280.0,1285.623739302369
1177300.0,1244.6157545701626
1177320.0,1211.7179006630454
1177340.0,1192.6515665676648
1177360.0,1192.4522700910845
1177380.0,1215.510037034378
1177400.0,1264.9841465606373
1177420.0,1341.5680719873958
1177440.0,1441.9607171235184
1177460.0,1557.8295469520785
1177480.0,1647.579590441068
1177500.0,
1177520.0,
1177540.0,
1177560.0,
1177580.0,
1177600.0,
1177620.0,
1177640.0,
1177660.0,
1177680.0,
1177700.0,
1177720.0,
1177740.0,
1177760.0,
1177780.0,
1177800.0,
1177820.0,
1177840.0,
1177860.0,
1177880.0,
1177900.0,
1177920.0,
1177940.0,
1177960.0,
1177980.0,
1178000.0,
1178020.0,
1178040.0,
1178060.0,
1178080.0,
1178100.0,
1178120.0,
1178140.0,
1178160.0,
1178180.0,
1178200.0,
1178220.0,
1178240.0,
1178260.0,
1178280.0,
1178300.0,
1178320.0,
1178340.0,
1178360.0,
1178380.0,
1178400.0,
1178420.0,
1178440.0,
1178460.0,
1178480.0,
1178500.0,
1178520.0,
1178540.0,
1178560.0,
1178580.0,
1178600.0,
1178620.0,
1178640.0,
1178660.0,
1178680.0,
1178700.0,
1178720.0,
1178740.0,
1178760.0,
1178780.0,
1178800.0,
1178820.0,
1178840.0,
1178860.0,
1178880.0,
1178900.0,
1178920.0,
1178940.0,
1178960.0,
1178980.0,
1179000.0,
1179020.0,
1179040.0,
1179060.0,
1179080.0,
1179100.0,
1179120.0,
1179140.0,
1179160.0,
1179180.0,
1179200.0,
1179220.0,
1179240.0,
1179260.0,
1179280.0,
1179300.0,
1179320.0,
1179340.0,
1179360.0,1819.4394669793537
1179380.0,1689.0720241736021
1179400.0,1554.9757732811786
1179420.0,1440.8132873156922
1179440.0,1359.8716273300656
1179460.0,1320.1504054399536
1179480.0,1324.412406620781
1179500.0,1370.549138270039
1179520.0,1451.72893527649
1179540.0,1556.4953425900926
1179560.0,1669.6588167275743
1179580.0,1775.2057830161666
1179600.0,1860.694351019599
1179620.0,1919.8420315122578
1179640.0,1952.3656668980464
1179660.0,1962.301781489617
1179680.0,1955.898904151842
1179700.0,1939.759975052495
1179720.0,1919.557300045617
1179740.0,1899.3801885996957
1179760.0,1881.6144367871136
1179780.0,1867.1807477461637
1179800.0,1855.9526326531577
1179820.0,1847.2072713452176
1179840.0,1840.0123163284006
1179860.0,1833.500928085763
1179880.0,1827.0265462193936
1179900.0,1820.2141917170252
1179920.0,1812.9370269448104
1179940.0,1805.2486049643521
1179960.0,1797.29679690128
1179980.0,1789.2386196545572
1180000.0,1781.168933053824
1180020.0,1773.071761651157
1180040.0,1764.8010258660809
1180060.0,1756.096829244362
1180080.0,1746.642474190348
1180100.0,1736.1641128112883
1180120.0,1724.567711591741
1180140.0,1712.0960756753634
1180160.0,1699.4728844849074
1180180.0,1687.9840194990381
1180200.0,1679.4343011555225
1180220.0,1675.9176010560282
1180240.0,1679.3587152557168
1180260.0,1690.837624334164
1180280.0,1709.9744063294474
1180300.0,1735.1221477385257
1180320.0,1764.0841709529625
1180340.0,1794.6169855303597
1180360.0,1824.5747197969508
1180380.0,1851.742575687544
1180400.0,1873.4506149481379
1180420.0,1886.09189401857
1180440.0,1884.7748175097072
1180460.0,1863.6012059537345
1180480.0,1817.056578054216
1180500.0,1742.0483305933587
1180520.0,1639.8620304576166
1180540.0,1517.3782765686542
1180560.0,1386.593356464514
1180580.0,1261.4314813138376
1180600.0,1153.2156467673278
1180620.0,1068.297247294579
1180640.0,1008.4162737361155
1180660.0,972.4975824377689
1180680.0,958.7059825877438
1180700.0,965.9403706884434
1180720.0,994.3243151505079
1180740.0,1044.5935689873797
1180760.0,1116.596056334702
1180780.0,1207.4297743332081
1180800.0,1310.0856836376279
1180820.0,1413.7874254949857
1180840.0,1506.9553128194302
1180860.0,1581.0860681340107
1180880.0,1632.5605158770036
1180900.0,1662.2903833777132
1180920.0,1674.289017140686
1180940.0,1674.0005640735756
1180960.0,1666.8840302382214
1180980.0,1657.4682033321465
1181000.0,1648.8951216733126
1181020.0,1642.8557416651427
1181040.0,1639.7786697239073
1181060.0,1639.1404964982048
1181080.0,1639.8020094771498
1181100.0,1640.3184841066268
1181120.0,1639.2091014967239
1181140.0,1635.1902663016044
1181160.0,1627.3751020471925
1181180.0,1615.416142787277
1181200.0,1599.5331404590422
1181220.0,1580.390038278362
1181240.0,1558.882472023719
1181260.0,1535.9278381595136
1181280.0,1512.311832996508
1181300.0,1488.6076017643868
1181320.0,1465.1597350956001
1181340.0,1442.1138036641019
1181360.0,1419.469762400959
1181380.0,1397.1408798861669
1181400.0,1375.0057408469333
1181420.0,1352.9470021333311
1181440.0,1330.8755275052954
1181460.0,1308.7416700929664
1181480.0,1286.5368195021122
1181500.0,1264.2882860357827
1181520.0,1242.0497550411146
1181540.0,1219.8885451343433
1181560.0,1197.8703067300764
1181580.0,1176.0420146044985
1181600.0,1154.4153498217627
1181620.0,1132.9547984668352
1181640.0,1111.577717580807
1181660.0,1090.1766823577302
1181680.0,1068.6769205814835
1181700.0,1047.1428914578687
1181720.0,1025.9478207752963
1181740.0,1006.0185068210696
1181760.0,989.151040304668
1181780.0,978.3032928738728
1181800.0,977.6525043701815
1181820.0,992.1893971327988
1181840.0,1026.6979998741415
1181860.0,1084.1260716356855
1181880.0,1163.5802422207148
1181900.0,1258.4820704916285
1181920.0,1355.758566338242
1181940.0,1437.2582133992232
1181960.0,1484.4400523812267
1181980.0,1484.970404433232
1182000.0,1437.3036916175577
1182020.0,1371.478931904973
1182040.0,
1182060.0,
1182080.0,
1182100.0,
1182120.0,
1182140.0,
1182160.0,
1182180.0,
1182200.0,
1182220.0,
1182240.0,
1182260.0,
1182280.0,
1182300.0,
1182320.0,
1182340.0,
1182360.0,
1182380.0,
1182400.0,
1182420.0,
1182440.0,
1182460.0,
1182480.0,
1182500.0,
1182520.0,
1182540.0,
1182560.0,
1182580.0,
1182600.0,
1182620.0,
1182640.0,
1182660.0,
1182680.0,
1182700.0,
1182720.0,
1182740.0,
1182760.0,
1182780.0,
1182800.0,
1182820.0,
1182840.0,
1182860.0,
1182880.0,
1182900.0,
1182920.0,
1182940.0,
1182960.0,
1182980.0,
1183000.0,
1183020.0,
1183040.0,
1183060.0,
1183080.0,
1183100.0,
1183120.0,
1183140.0,
1183160.0,
1183180.0,
1183200.0,
1183220.0,
1183240.0,
1183260.0,
1183280.0,
1183300.0,
1183320.0,
1183340.0,
1183360.0,
1183380.0,
1183400.0,
1183420.0,
1183440.0,
1183460.0,
1183480.0,
1183500.0,
1183520.0,
1183540.0,
1183560.0,
1183580.0,
1183600.0,
1183620.0,
1183640.0,
1183660.0,
1183680.0,
1183700.0,
1183720.0,
1183740.0,
1183760.0,
1183780.0,
1183800.0,
1183820.0,
1183840.0,
1183860.0,
1183880.0,
1183900.0,
1183920.0,
1183940.0,
1183960.0,
1183980.0,
1184000.0,
1184020.0,
1184040.0,
1184060.0,
1184080.0,
1184100.0,
1184120.0,
1184140.0,
1184160.0,
1184180.0,
1184200.0,
1184220.0,
1184240.0,
1184260.0,
1184280.0,
1184300.0,
1184320.0,
1184340.0,
1184360.0,
1184380.0,
1184400.0,
1184420.0,
1184440.0,
1184460.0,
1184480.0,
1184500.0,
1184520.0,
1184540.0,
1184560.0,
1184580.0,
1184600.0,
1184620.0,
1184640.0,
1184660.0,
1184680.0,
1184700.0,
1184720.0,
1184740.0,
1184760.0,
1184780.0,
1184800.0,
1184820.0,
1184840.0,
1184860.0,
1184880.0,
1184900.0,
1184920.0,
1184940.0,
1184960.0,
1184980.0,
1185000.0,
1185020.0,
1185040.0,
1185060.0,
1185080.0,
1185100.0,
1185120.0,
1185140.0,
1185160.0,
1185180.0,
1185200.0,
1185220.0,
1185240.0,
1185260.0,
1185280.0,
1185300.0,
1185320.0,
1185340.0,
1185360.0,
1185380.0,
1185400.0,
1185420.0,
1185440.0,
1185460.0,
1185480.0,
1185500.0,
1185520.0,
1185540.0,
1185560.0,
1185580.0,
1185600.0,
1185620.0,
1185640.0,
1185660.0,
1185680.0,
1185700.0,
1185720.0,
1185740.0,
1185760.0,
1185780.0,
1185800.0,
1185820.0,
1185840.0,
1185860.0,
1185880.0,
1185900.0,
1185920.0,
1185940.0,
1185960.0,
1185980.0,
1186000.0,
1186020.0,
1186040.0,
1186060.0,
1186080.0,
1186100.0,
1186120.0,
1186140.0,
1186160.0,
1186180.0,
1186200.0,
1186220.0,
1186240.0,
1186260.0,
1186280.0,
1186300.0,
1186320.0,
1186340.0,
1186360.0,
1186380.0,
1186400.0,
1186420.0,
1186440.0,
1186460.0,
1186480.0,
1186500.0,
1186520.0,
1186540.0,
1186560.0,
1186580.0,
1186600.0,
1186620.0,
1186640.0,
1186660.0,
1186680.0,1455.347346830795
1186700.0,1528.1191629364018
1186720.0,1637.5460118853787
1186740.0,1717.5412578920368
1186760.0,1755.760716089404
1186780.0,1745.9809247650967
1186800.0,1688.4018653833468
1186820.0,1589.555888705238
1186840.0,1461.922228484254
1186860.0,1322.6533238409372
1186880.0,1190.3336204593338
1186900.0,1080.2095991504
1186920.0,1001.0672544182551
1186940.0,954.9182047323086
1186960.0,938.4130882491272
1186980.0,944.9416323306402
1187000.0,966.7464752504718
1187020.0,996.60014118253
1187040.0,1028.829008465643
1187060.0,1059.6986719736167
1187080.0,1087.3110027989874
1187100.0,1111.2094811674513
1187120.0,1131.8749465116812
1187140.0,1150.2472238529217
1187160.0,1167.351971610656
1187180.0,1184.0617891272748
1187200.0,1200.9839609663356
1187220.0,1218.44613309005
1187240.0,1236.543759856452
1187260.0,1255.2154478092675
1187280.0,1274.3200910698786
1187300.0,1293.699309961894
1187320.0,1313.217645041796
1187340.0,1332.7798764313236
1187360.0,1352.3293636981489
1187380.0,1371.833711137301
1187400.0,1391.264929223134
1187420.0,1410.5811562153463
1187440.0,1429.716293278677
1187460.0,1448.5826694931316
1187480.0,1467.0898981622047
1187500.0,1485.1800748158219
1187520.0,1502.8751180988352
1187540.0,1520.3263901313123
1187560.0,1537.8503266717184
1187580.0,1555.9279570770611
1187600.0,1575.142931644671
1187620.0,1596.0345161569007
1187640.0,1618.8513655261188
1187660.0,1643.2100636857697
1187680.0,1667.6899899368866
1187700.0,1689.4515664598857
1187720.0,1704.0638436642053
1187740.0,1705.7599279891772
1187760.0,1688.2624246224484
1187780.0,1646.1930262187648
1187800.0,1576.8997897807335
1187820.0,1482.3165420926248
1187840.0,1370.0698421996533
1187860.0,1252.657616399733
1187880.0,1144.078028857176
1187900.0,1055.9757434913313
1187920.0,995.9989735320166
1187940.0,968.1173140721725
1187960.0,973.608897714357
1187980.0,1011.775096579521
1188000.0,1079.93935374174
1188020.0,1172.8120517080577
1188040.0,1281.796684095425
1188060.0,1395.250294139868
1188080.0,1500.589976061388
1188100.0,1568.69170165622
1188120.0,
1188140.0,
1188160.0,
1188180.0,
1188200.0,
1188220.0,
1188240.0,
1188260.0,
1188280.0,
1188300.0,
1188320.0,
1188340.0,
1188360.0,
1188380.0,
1188400.0,
1188420.0,
1188440.0,
1188460.0,
1188480.0,
1188500.0,
1188520.0,
1188540.0,
1188560.0,
1188580.0,
1188600.0,
1188620.0,
1188640.0,
1188660.0,
1188680.0,
1188700.0,
1188720.0,
1188740.0,
1188760.0,
1188780.0,
1188800.0,
1188820.0,
1188840.0,
1188860.0,
1188880.0,
1188900.0,
1188920.0,
1188940.0,
1188960.0,
1188980.0,
1189000.0,
1189020.0,
1189040.0,
1189060.0,
1189080.0,
1189100.0,
1189120.0,
1189140.0,
1189160.0,
1189180.0,
1189200.0,
1189220.0,
1189240.0,
1189260.0,
1189280.0,1786.6880109939787
1189300.0,1792.7564429051313
1189320.0,1802.6888939879664
1189340.0,1812.7955897533284
1189360.0,1822.5003173984708
1189380.0,1831.5883367494243
1189400.0,1840.2493154570936
1189420.0,1848.9482920801445
1189440.0,1858.1347288030654
1189460.0,1867.7947473974334
1189480.0,1876.9486786493294
1189500.0,1883.2895315045648
1189520.0,1883.11415085856
1189540.0,1871.595893670082
1189560.0,1843.4927835890041
1189580.0,1794.2999437808598
1189600.0,1721.6845696631456
1189620.0,1626.896636636077
1189640.0,1515.5397447926011
1189660.0,1396.863401804701
1189680.0,1281.4723715974737
1189700.0,1178.8663676041017
1189720.0,1095.7809634267746
1189740.0,1035.1816420746575
1189760.0,996.1259252606521
1189780.0,974.6847321875819
1189800.0,965.340096055989
1189820.0,962.3539601745479
1189840.0,960.8624010171241
1189860.0,957.632040315573
1189880.0,951.4954538529739
1189900.0,943.4968489783089
1189920.0,936.7671735889104
1189940.0,936.1073751080949
1189960.0,947.239346787476
1189980.0,975.677813543426
1190000.0,1025.2431712919335
1190020.0,1096.438706592247
1190040.0,1185.1893322468306
1190060.0,1282.7458870893993
1190080.0,1377.7493466432818
1190100.0,1460.1155572108332
1190120.0,1523.8448148815605
1190140.0,1567.5069992316464
1190160.0,1593.2784073281305
1190180.0,1605.4351624783396
1190200.0,1608.8988148807143
1190220.0,1608.1494520678712
1190240.0,1606.604475116482
1190260.0,1606.4190554127338
1190280.0,1608.5919333989618
1190300.0,1613.242218822989
1190320.0,1619.9400715590298
1190340.0,1628.008613669859
1190360.0,1636.7521681476367
1190380.0,1645.597959372056
1190400.0,1654.160456486366
1190420.0,1662.2489368984607
1190440.0,1669.8412609186296
1190460.0,1677.0430706447896
1190480.0,1684.04466301414
1190500.0,1691.080299984001
1190520.0,1698.388761050627
1190540.0,1706.1708910785396
1190560.0,1714.5404643866539
1190580.0,1723.4689348884908
1190600.0,1732.731932277847
1190620.0,1741.87426551697
1190640.0,1750.2184148508204
1190660.0,1756.9447138935423
1190680.0,1761.2443581302791
1190700.0,1762.4732361056565
1190720.0,1760.254795469243
1190740.0,1754.5526247827233
1190760.0,1745.7436866880985
1190780.0,1734.6559289372278
1190800.0,1722.5178523708614
1190820.0,1710.8104260272764
1190840.0,1701.0019670783463
1190860.0,1694.1948168885021
1190880.0,1690.8672500289754
1190900.0,1690.8728444385742
1190920.0,1693.6203747893003
1190940.0,1698.306794587901
1190960.0,1704.1221661303468
1190980.0,1710.3887920209684
1191000.0,1716.6280765793974
1191020.0,1722.5674117230894
1191040.0,1728.1074806496515
1191060.0,1733.2707735178963
1191080.0,1738.147976057974
1191100.0,1742.8529452686448
1191120.0,1747.4911836049837
1191140.0,1752.142200172592
1191160.0,1756.8533335578777
1191180.0,1761.6414278833322
1191200.0,1766.4988287225344
1191220.0,1771.4010114440741
1191240.0,1776.314296811432
1191260.0,1781.2031584926776
1191280.0,1786.0373125932238
1191300.0,1790.798950990928
1191320.0,1795.4901074259178
1191340.0,1800.13931317607
1191360.0,1804.8056096404114
1191380.0,1809.5769556110486
1191400.0,1814.5595143341566
1191420.0,1819.8546992086035
1191440.0,1825.5226266585537
1191460.0,1831.534014191887
1191480.0,1837.717438734604
1191500.0,1843.714521212241
1191520.0,1848.960565982492
1191540.0,1852.710195941913
1191560.0,1854.1236717506574
1191580.0,1852.4167193960457
1191600.0,1847.0522194237487
1191620.0,1837.921036714887
1191640.0,1825.465084572455
1191660.0,1810.7292518304082
1191680.0,1795.2776026406282
1191700.0,1786.3220917528452
1191720.0,
1191740.0,
1191760.0,
1191780.0,
1191800.0,
1191820.0,
1191840.0,
1191860.0,
1191880.0,
1191900.0,
1191920.0,
1191940.0,
1191960.0,
1191980.0,
1192000.0,
1192020.0,
1192040.0,
1192060.0,
1192080.0,
1192100.0,
1192120.0,
1192140.0,
1192160.0,
1192180.0,
1192200.0,
1192220.0,
1192240.0,
1192260.0,
1192280.0,
1192300.0,
1192320.0,
1192340.0,
1192360.0,
1192380.0,
1192400.0,
1192420.0,
1192440.0,
1192460.0,
1192480.0,
1192500.0,
1192520.0,
1192540.0,
1192560.0,
1192580.0,
1192600.0,
1192620.0,
1192640.0,
1192660.0,
1192680.0,
1192700.0,
1192720.0,
1192740.0,
1192760.0,
1192780.0,
1192800.0,
1192820.0,
1192840.0,
1192860.0,
1192880.0,1750.7759327083033
1192900.0,1668.0355151182896
1192920.0,1566.6347586675397
1192940.0,1457.305966515933
1192960.0,1353.3923703316188
1192980.0,1266.2603841874259
1193000.0,1202.2583296653954
1193020.0,1162.3398391774397
1193040.0,1143.30815843959
1193060.0,1139.6372883020474
1193080.0,1145.1978251706103
1193100.0,1154.5311595928285
1193120.0,1163.5642972331452
1193140.0,1169.8260412820696
1193160.0,1172.2992827562634
1193180.0,1171.0498227203918
1193200.0,1166.7599808350199
1193220.0,1160.2943712464776
1193240.0,1152.385094953174
1193260.0,1143.4553397150898
1193280.0,1133.580782663773
1193300.0,1122.6029720117483
1193320.0,1110.3784032356932
1193340.0,1097.1090422488182
1193360.0,1083.6952819045032
1193380.0,1072.0270900637738
1193400.0,1065.1020537449654
1193420.0,1066.8343343306447
1193440.0,1081.4433919666835
1193460.0,1112.380999585605
1193480.0,1160.901049456415
1193500.0,1224.5643522923706
1193520.0,1296.2082708230196
1193540.0,1364.166721298132
1193560.0,1414.544447048203
1193580.0,1435.634839803279
1193600.0,1422.756893590936
1193620.0,1379.96206452996
1193640.0,1317.884472664086
1193660.0,1249.5497519715304
1193680.0,1186.4420907300218
1193700.0,1136.0023124820798
1193720.0,1102.4126966326505
1193740.0,
1193760.0,
1193780.0,
1193800.0,
1193820.0,
1193840.0,
1193860.0,
1193880.0,
1193900.0,
1193920.0,
1193940.0,
1193960.0,
1193980.0,
1194000.0,
1194020.0,
1194040.0,
1194060.0,
1194080.0,
1194100.0,
1194120.0,
1194140.0,
1194160.0,
1194180.0,
1194200.0,
1194220.0,
1194240.0,
1194260.0,
1194280.0,
1194300.0,
1194320.0,
1194340.0,
1194360.0,
1194380.0,
1194400.0,
1194420.0,
1194440.0,
1194460.0,
1194480.0,
1194500.0,
1194520.0,
1194540.0,
1194560.0,
1194580.0,
1194600.0,
1194620.0,
1194640.0,
1194660.0,
1194680.0,
1194700.0,
1194720.0,
1194740.0,
1194760.0,
1194780.0,
1194800.0,
1194820.0,
1194840.0,
1194860.0,
1194880.0,
1194900.0,
1194920.0,
1194940.0,
1194960.0,
1194980.0,
1195000.0,
1195020.0,
1195040.0,
1195060.0,
1195080.0,
1195100.0,
1195120.0,
1195140.0,
1195160.0,
1195180.0,
1195200.0,
1195220.0,
1195240.0,
1195260.0,
1195280.0,
1195300.0,
1195320.0,
1195340.0,
1195360.0,
1195380.0,
1195400.0,
1195420.0,
1195440.0,
1195460.0,
1195480.0,
1195500.0,
1195520.0,
1195540.0,
1195560.0,
1195580.0,
1195600.0,
1195620.0,
1195640.0,
1195660.0,
1195680.0,
1195700.0,
1195720.0,
1195740.0,
1195760.0,
1195780.0,
1195800.0,
1195820.0,
1195840.0,
1195860.0,
1195880.0,
1195900.0,
1195920.0,
1195940.0,
1195960.0,
1195980.0,
1196000.0,
1196020.0,
1196040.0,
1196060.0,
1196080.0,
1196100.0,
1196120.0,
1196140.0,
1196160.0,
1196180.0,
1196200.0,
1196220.0,
1196240.0,
1196260.0,
1196280.0,
1196300.0,
1196320.0,
1196340.0,
1196360.0,
1196380.0,
1196400.0,
1196420.0,
1196440.0,
1196460.0,
1196480.0,
1196500.0,
1196520.0,
1196540.0,
1196560.0,
1196580.0,
1196600.0,
1196620.0,
1196640.0,
1196660.0,
1196680.0,
1196700.0,
1196720.0,
1196740.0,
1196760.0,
1196780.0,
1196800.0,
1196820.0,
1196840.0,
1196860.0,
1196880.0,
1196900.0,
1196920.0,
1196940.0,
1196960.0,
1196980.0,
1197000.0,
1197020.0,
1197040.0,
1197060.0,
1197080.0,
1197100.0,
1197120.0,
1197140.0,
1197160.0,
1197180.0,
1197200.0,
1197220.0,
1197240.0,
1197260.0,
1197280.0,
1197300.0,
1197320.0,
1197340.0,
1197360.0,
1197380.0,
1197400.0,
1197420.0,
1197440.0,
1197460.0,
1197480.0,
1197500.0,
1197520.0,
1197540.0,
1197560.0,
1197580.0,
1197600.0,
1197620.0,
1197640.0,
1197660.0,
1197680.0,
1197700.0,
1197720.0,
1197740.0,
1197760.0,
1197780.0,
1197800.0,
1197820.0,
1197840.0,
1197860.0,
1197880.0,
1197900.0,
1197920.0,
1197940.0,
1197960.0,
1197980.0,
1198000.0,
1198020.0,
1198040.0,
1198060.0,
1198080.0,
1198100.0,
1198120.0,
1198140.0,
1198160.0,
1198180.0,
1198200.0,
1198220.0,
1198240.0,
1198260.0,
1198280.0,
1198300.0,
1198320.0,
1198340.0,
1198360.0,
1198380.0,
1198400.0,
1198420.0,
1198440.0,
1198460.0,
1198480.0,
1198500.0,
1198520.0,
1198540.0,
1198560.0,
1198580.0,
1198600.0,
1198620.0,
1198640.0,
1198660.0,
1198680.0,
1198700.0,
1198720.0,
1198740.0,
1198760.0,
1198780.0,
1198800.0,
1198820.0,
1198840.0,
1198860.0,
1198880.0,
1198900.0,
1198920.0,
1198940.0,
1198960.0,
1198980.0,
1199000.0,
1199020.0,
1199040.0,
1199060.0,
1199080.0,
1199100.0,
1199120.0,
1199140.0,
1199160.0,
1199180.0,
1199200.0,
1199220.0,
1199240.0,
1199260.0,
1199280.0,
1199300.0,
1199320.0,
1199340.0,
1199360.0,
1199380.0,
1199400.0,
1199420.0,
1199440.0,
1199460.0,
1199480.0,
1199500.0,
1199520.0,
1199540.0,
1199560.0,
1199580.0,
1199600.0,
1199620.0,
1199640.0,
1199660.0,
1199680.0,
1199700.0,
1199720.0,
1199740.0,
1199760.0,
1199780.0,
1199800.0,
1199820.0,
1199840.0,
1199860.0,
1199880.0,
1199900.0,
1199920.0,
1199940.0,
1199960.0,
1199980.0,
1200000.0,
1200020.0,
1200040.0,
1200060.0,
1200080.0,
1200100.0,
1200120.0,
1200140.0,
1200160.0,
1200180.0,
1200200.0,
1200220.0,
1200240.0,
1200260.0,
1200280.0,
1200300.0,
1200320.0,
1200340.0,
1200360.0,
1200380.0,
1200400.0,
1200420.0,
1200440.0,
1200460.0,
1200480.0,
1200500.0,
1200520.0,
1200540.0,
1200560.0,
1200580.0,1612.6686916698181
1200600.0,1553.4881867708532
1200620.0,1466.3554430681204
1200640.0,1373.4998629787426
1200660.0,1286.6986549415674
1200680.0,1215.1208232654867
1200700.0,1163.2990064639062
1200720.0,1131.2304524372835
1200740.0,1115.602426781945
1200760.0,1111.3690565267384
1200780.0,1113.1805063274942
1200800.0,1116.4202765530006
1200820.0,1117.8026319557812
1200840.0,1115.5756616825222
1200860.0,1109.420171088825
1200880.0,1100.1533675861228
1200900.0,1089.3358188059299
1200920.0,1078.8496894693749
1200940.0,1070.4884785791535
1200960.0,1066.3214472554437
1200980.0,
1201000.0,
1201020.0,
1201040.0,
1201060.0,
1201080.0,
1201100.0,
1201120.0,
1201140.0,
1201160.0,
1201180.0,
1201200.0,
1201220.0,
1201240.0,
1201260.0,
1201280.0,
1201300.0,
1201320.0,
1201340.0,
1201360.0,
1201380.0,
1201400.0,
1201420.0,
1201440.0,
1201460.0,
1201480.0,
1201500.0,
1201520.0,
1201540.0,
1201560.0,
1201580.0,
1201600.0,
1201620.0,
1201640.0,
1201660.0,
1201680.0,
1201700.0,
1201720.0,
1201740.0,
1201760.0,
1201780.0,
1201800.0,
1201820.0,
1201840.0,
1201860.0,
1201880.0,
1201900.0,
1201920.0,
1201940.0,
1201960.0,
1201980.0,
1202000.0,
1202020.0,
1202040.0,
1202060.0,
1202080.0,1525.1967778259632
1202100.0,1481.0192318456884
1202120.0,1388.7603647513802
1202140.0,1287.9878097123456
1202160.0,1191.5435293780356
1202180.0,1110.6581062046503
1202200.0,1051.88862296203
1202220.0,1016.6038219181161
1202240.0,1002.0632552336741
1202260.0,1003.0987764088829
1202280.0,1013.7362209049055
1202300.0,1028.417983588769
1202320.0,1042.736509782028
1202340.0,1053.7309517865328
1202360.0,1059.849466116683
1202380.0,1060.6932420451299
1202400.0,1056.6550594219152
1202420.0,1048.5453024487695
1202440.0,1037.2778823720864
1202460.0,1023.677318672618
1202480.0,1008.4425232062197
1202500.0,992.2603273188876
1202520.0,976.0234340251552
1202540.0,961.0801305877815
1202560.0,949.430193324358
1202580.0,943.7774520663373
1202600.0,947.3434641035207
1202620.0,963.3546663280324
1202640.0,994.2012055960879
1202660.0,1040.4057606142303
1202680.0,1099.7064570620837
1202700.0,1156.4514850324172
1202720.0,
1202740.0,
1202760.0,
1202780.0,
1202800.0,
1202820.0,
1202840.0,
1202860.0,
1202880.0,
1202900.0,
1202920.0,
1202940.0,
1202960.0,
1202980.0,
1203000.0,
1203020.0,
1203040.0,
1203060.0,
1203080.0,
1203100.0,
1203120.0,
1203140.0,
1203160.0,
1203180.0,
1203200.0,
1203220.0,
1203240.0,
1203260.0,
1203280.0,
1203300.0,
1203320.0,
1203340.0,
1203360.0,
1203380.0,
1203400.0,
1203420.0,
1203440.0,
1203460.0,
1203480.0,
1203500.0,
1203520.0,
1203540.0,
1203560.0,
1203580.0,
1203600.0,
1203620.0,
1203640.0,
1203660.0,
1203680.0,
1203700.0,
1203720.0,
1203740.0,
1203760.0,
1203780.0,
1203800.0,
1203820.0,
1203840.0,
1203860.0,
1203880.0,1892.6489499968375
1203900.0,1873.2379748799765
1203920.0,1832.5235231082158
1203940.0,1767.2402894815818
1203960.0,1677.1608837544532
1203980.0,1566.2513030125124
1204000.0,1443.0683558004023
1204020.0,1319.6028174624703
1204040.0,1208.0337705462036
1204060.0,1117.207880338164
1204080.0,1051.1209063105068
1204100.0,1009.1804460640211
1204120.0,987.5074100216971
1204140.0,980.5953440596774
1204160.0,982.7789075126727
1204180.0,989.2384535507861
1204200.0,996.4973995299715
1204220.0,1002.5055741121671
1204240.0,1006.4445233634464
1204260.0,1008.3906041824896
1204280.0,1008.9541560077108
1204300.0,1008.965813014724
1204320.0,1009.2431848839402
1204340.0,1010.442419334777
1204360.0,1012.9806329465131
1204380.0,1017.0157148286249
1204400.0,1022.4555111047106
1204420.0,1028.9694116148044
1204440.0,1035.9985703390644
1204460.0,1042.7824654370004
1204480.0,1048.428080142426
1204500.0,1052.04409391772
1204520.0,1052.9614350038805
1204540.0,1051.0515931902876
1204560.0,1047.1024880972325
1204580.0,1043.1579288388843
1204600.0,1042.7091647182572
1204620.0,1050.5933431578098
1204640.0,1072.4552163644487
1204660.0,1113.6958454157727
1204680.0,1177.973192892161
1204700.0,1265.529403174271
1204720.0,1371.947876531889
1204740.0,1488.146468981622
1204760.0,1602.2714562988904
1204780.0,1703.1433509309832
1204800.0,1783.106212867858
1204820.0,1839.1132996965553
1204840.0,1872.2364306462073
1204860.0,1886.2571682803311
1204880.0,1886.0704097911196
1204900.0,1876.378888139275
1204920.0,1860.9131065158422
1204940.0,1842.2257253002067
1204960.0,1821.9403791928416
1204980.0,1803.2438106683683
1205000.0,
1205020.0,
1205040.0,
1205060.0,
1205080.0,
1205100.0,
1205120.0,
1205140.0,
1205160.0,
1205180.0,
1205200.0,
1205220.0,
1205240.0,
1205260.0,
1205280.0,
1205300.0,
1205320.0,
1205340.0,
1205360.0,
1205380.0,
1205400.0,
1205420.0,
1205440.0,
1205460.0,
1205480.0,
1205500.0,
1205520.0,
1205540.0,
1205560.0,
1205580.0,
1205600.0,
1205620.0,
1205640.0,
1205660.0,
1205680.0,
1205700.0,
1205720.0,
1205740.0,
1205760.0,
1205780.0,
1205800.0,
1205820.0,
1205840.0,
1205860.0,
1205880.0,
1205900.0,
1205920.0,
1205940.0,
1205960.0,
1205980.0,
1206000.0,
1206020.0,
1206040.0,
1206060.0,
1206080.0,
1206100.0,
1206120.0,
1206140.0,
1206160.0,
1206180.0,
1206200.0,1331.7309224738697
1206220.0,1408.8263088779343
1206240.0,1530.8339254440118
1206260.0,1634.221194518899
1206280.0,1711.9170701310072
1206300.0,1762.8703311847814
1206320.0,1790.5842344332618
1206340.0,1801.172714324281
1206360.0,1801.599472871066
1206380.0,1798.3299804364567
1206400.0,1796.426417651143
1206420.0,1799.0084257936837
1206440.0,1806.9797869083063
1206460.0,1818.942285015206
1206480.0,1831.2484306748684
1206500.0,1838.2192239878757
1206520.0,1832.6629909062638
1206540.0,1806.8556400661237
1206560.0,1754.0689369835218
1206580.0,1670.5309175633652
1206600.0,1557.473407019706
1206620.0,1422.5941432628363
1206640.0,1336.6966311979013
1206660.0,
1206680.0,
1206700.0,
1206720.0,
1206740.0,
1206760.0,
1206780.0,
1206800.0,
1206820.0,
1206840.0,
1206860.0,
1206880.0,
1206900.0,
1206920.0,
1206940.0,
1206960.0,
1206980.0,
1207000.0,
1207020.0,
1207040.0,
1207060.0,
1207080.0,
1207100.0,
1207120.0,
1207140.0,
1207160.0,
1207180.0,
1207200.0,
1207220.0,
1207240.0,
1207260.0,
1207280.0,
1207300.0,
1207320.0,
1207340.0,
1207360.0,
1207380.0,
1207400.0,
1207420.0,
1207440.0,
1207460.0,
1207480.0,
1207500.0,
1207520.0,
1207540.0,
1207560.0,
1207580.0,
1207600.0,
1207620.0,
1207640.0,
1207660.0,
1207680.0,
1207700.0,
1207720.0,
1207740.0,
1207760.0,
1207780.0,
1207800.0,
1207820.0,
1207840.0,
1207860.0,
1207880.0,
1207900.0,
1207920.0,
1207940.0,
1207960.0,
1207980.0,
1208000.0,
1208020.0,
1208040.0,
1208060.0,
1208080.0,
1208100.0,
1208120.0,
1208140.0,
1208160.0,
1208180.0,
1208200.0,
1208220.0,
1208240.0,
1208260.0,
1208280.0,
1208300.0,
1208320.0,
1208340.0,
1208360.0,
1208380.0,
1208400.0,
1208420.0,
1208440.0,
1208460.0,
1208480.0,
1208500.0,
1208520.0,
1208540.0,
1208560.0,
1208580.0,
1208600.0,
1208620.0,
1208640.0,
1208660.0,
1208680.0,
1208700.0,
1208720.0,
1208740.0,
1208760.0,
1208780.0,
1208800.0,
1208820.0,
1208840.0,
1208860.0,
1208880.0,
1208900.0,
1208920.0,
1208940.0,
1208960.0,
1208980.0,
1209000.0,
1209020.0,
1209040.0,
1209060.0,
1209080.0,
1209100.0,
1209120.0,
1209140.0,
1209160.0,
1209180.0,
1209200.0,
1209220.0,
1209240.0,
1209260.0,
1209280.0,
1209300.0,
1209320.0,
1209340.0,
1209360.0,
1209380.0,
1209400.0,
1209420.0,
1209440.0,
1209460.0,
1209480.0,
1209500.0,
1209520.0,
1209540.0,
1209560.0,
1209580.0,
1209600.0,
1209620.0,
1209640.0,
1209660.0,
1209680.0,
1209700.0,
1209720.0,
1209740.0,
1209760.0,
1209780.0,
1209800.0,
1209820.0,
1209840.0,
1209860.0,
1209880.0,
1209900.0,
1209920.0,
1209940.0,
1209960.0,
1209980.0,
1210000.0,
1210020.0,
1210040.0,
1210060.0,
1210080.0,
1210100.0,
1210120.0,
1210140.0,
1210160.0,
1210180.0,
1210200.0,
1210220.0,
1210240.0,
1210260.0,
1210280.0,
1210300.0,
1210320.0,
1210340.0,
1210360.0,
1210380.0,
1210400.0,
1210420.0,
1210440.0,
1210460.0,
1210480.0,
1210500.0,
1210520.0,
1210540.0,
1210560.0,
1210580.0,
1210600.0,
1210620.0,
1210640.0,
1210660.0,
1210680.0,
1210700.0,
1210720.0,
1210740.0,
1210760.0,
1210780.0,
1210800.0,
1210820.0,
1210840.0,
1210860.0,
1210880.0,
1210900.0,
1210920.0,
1210940.0,
1210960.0,
1210980.0,
1211000.0,
1211020.0,
1211040.0,
1211060.0,
1211080.0,
1211100.0,
1211120.0,
1211140.0,
1211160.0,
1211180.0,
1211200.0,
1211220.0,
1211240.0,
1211260.0,
1211280.0,
1211300.0,
1211320.0,
1211340.0,
1211360.0,
1211380.0,
1211400.0,
1211420.0,
1211440.0,
1211460.0,
1211480.0,
1211500.0,
1211520.0,
1211540.0,
1211560.0,
1211580.0,
1211600.0,
1211620.0,
1211640.0,
1211660.0,
1211680.0,
1211700.0,
1211720.0,
1211740.0,
1211760.0,
1211780.0,
1211800.0,
1211820.0,
1211840.0,
1211860.0,
1211880.0,
1211900.0,
1211920.0,
1211940.0,
1211960.0,
1211980.0,
1212000.0,
1212020.0,
1212040.0,
1212060.0,
1212080.0,
1212100.0,
1212120.0,
1212140.0,
1212160.0,
1212180.0,
1212200.0,
1212220.0,
1212240.0,
1212260.0,
1212280.0,
1212300.0,
1212320.0,
1212340.0,
1212360.0,
1212380.0,
1212400.0,
1212420.0,
1212440.0,
1212460.0,
1212480.0,
1212500.0,
1212520.0,
1212540.0,
1212560.0,
1212580.0,
1212600.0,
1212620.0,
1212640.0,
1212660.0,
1212680.0,
1212700.0,
1212720.0,
1212740.0,
1212760.0,
1212780.0,
1212800.0,
1212820.0,
1212840.0,
1212860.0,
1212880.0,
1212900.0,
1212920.0,
1212940.0,
1212960.0,
1212980.0,
1213000.0,
1213020.0,
1213040.0,
1213060.0,
1213080.0,
1213100.0,
1213120.0,
1213140.0,
1213160.0,
1213180.0,
1213200.0,
1213220.0,
1213240.0,
1213260.0,
1213280.0,
1213300.0,
1213320.0,
1213340.0,
1213360.0,
1213380.0,
1213400.0,
1213420.0,
1213440.0,
1213460.0,
1213480.0,
1213500.0,
1213520.0,
1213540.0,
1213560.0,
1213580.0,
1213600.0,
1213620.0,
1213640.0,
1213660.0,
1213680.0,
1213700.0,
1213720.0,
1213740.0,
1213760.0,
1213780.0,
1213800.0,
1213820.0,
1213840.0,
1213860.0,
1213880.0,
1213900.0,
1213920.0,
1213940.0,
1213960.0,
1213980.0,
1214000.0,
1214020.0,
1214040.0,
1214060.0,
1214080.0,
1214100.0,
1214120.0,
1214140.0,
1214160.0,
1214180.0,
1214200.0,
1214220.0,
1214240.0,
1214260.0,
1214280.0,
1214300.0,
1214320.0,
1214340.0,
1214360.0,
1214380.0,
1214400.0,
1214420.0,
1214440.0,
1214460.0,
1214480.0,
1214500.0,
1214520.0,
1214540.0,
1214560.0,
1214580.0,
1214600.0,
1214620.0,
1214640.0,
1214660.0,
1214680.0,
1214700.0,
1214720.0,
1214740.0,
1214760.0,
1214780.0,
1214800.0,
1214820.0,
1214840.0,
1214860.0,
1214880.0,
1214900.0,
1214920.0,
1214940.0,
1214960.0,
1214980.0,
1215000.0,
1215020.0,
1215040.0,
1215060.0,
1215080.0,
1215100.0,
1215120.0,
1215140.0,
1215160.0,
1215180.0,
1215200.0,
1215220.0,
1215240.0,
1215260.0,
1215280.0,
1215300.0,
1215320.0,
1215340.0,
1215360.0,
1215380.0,
1215400.0,
1215420.0,
1215440.0,
1215460.0,
1215480.0,
1215500.0,
1215520.0,
1215540.0,
1215560.0,
1215580.0,
1215600.0,
1215620.0,
1215640.0,
1215660.0,
1215680.0,
1215700.0,
1215720.0,
1215740.0,
1215760.0,
1215780.0,
1215800.0,
1215820.0,
1215840.0,
1215860.0,
1215880.0,
1215900.0,
1215920.0,
1215940.0,
1215960.0,
1215980.0,
1216000.0,
1216020.0,
1216040.0,
1216060.0,
1216080.0,
1216100.0,
1216120.0,
1216140.0,
1216160.0,
1216180.0,
1216200.0,
1216220.0,
1216240.0,
1216260.0,
1216280.0,
1216300.0,
1216320.0,
1216340.0,
1216360.0,
1216380.0,
1216400.0,
1216420.0,
1216440.0,
1216460.0,
1216480.0,
1216500.0,
1216520.0,
1216540.0,
1216560.0,
1216580.0,
1216600.0,
1216620.0,
1216640.0,
1216660.0,
1216680.0,
1216700.0,
1216720.0,
1216740.0,
1216760.0,
1216780.0,
1216800.0,
1216820.0,
1216840.0,
1216860.0,
1216880.0,
1216900.0,
1216920.0,
1216940.0,
1216960.0,
1216980.0,
1217000.0,
1217020.0,
1217040.0,
1217060.0,
1217080.0,
1217100.0,
1217120.0,
1217140.0,
1217160.0,
1217180.0,
1217200.0,
1217220.0,
1217240.0,
1217260.0,
1217280.0,
1217300.0,
1217320.0,
1217340.0,
1217360.0,
1217380.0,
1217400.0,
1217420.0,
1217440.0,
1217460.0,
1217480.0,
1217500.0,
1217520.0,
1217540.0,
1217560.0,
1217580.0,
1217600.0,
1217620.0,
1217640.0,
1217660.0,
1217680.0,
1217700.0,
1217720.0,
1217740.0,
1217760.0,
1217780.0,
1217800.0,
1217820.0,
1217840.0,
1217860.0,
1217880.0,
1217900.0,
1217920.0,
1217940.0,
1217960.0,
1217980.0,
1218000.0,
1218020.0,
1218040.0,
1218060.0,
1218080.0,
1218100.0,
1218120.0,
1218140.0,
1218160.0,
1218180.0,
1218200.0,
1218220.0,
1218240.0,
1218260.0,
1218280.0,
1218300.0,
1218320.0,
1218340.0,
1218360.0,
1218380.0,
1218400.0,
1218420.0,
1218440.0,
1218460.0,
1218480.0,
1218500.0,
1218520.0,
1218540.0,
1218560.0,
1218580.0,
1218600.0,
1218620.0,
1218640.0,
1218660.0,
1218680.0,
1218700.0,
1218720.0,
1218740.0,
1218760.0,
1218780.0,
1218800.0,
1218820.0,
1218840.0,
1218860.0,
1218880.0,
1218900.0,
1218920.0,
1218940.0,
1218960.0,
1218980.0,
1219000.0,
1219020.0,
1219040.0,
1219060.0,
1219080.0,
1219100.0,
1219120.0,
1219140.0,
1219160.0,
1219180.0,
1219200.0,
1219220.0,
1219240.0,
1219260.0,
1219280.0,
1219300.0,
1219320.0,
1219340.0,
1219360.0,
1219380.0,
1219400.0,
1219420.0,
1219440.0,
1219460.0,
1219480.0,
1219500.0,
1219520.0,
1219540.0,
1219560.0,
1219580.0,
1219600.0,
1219620.0,
1219640.0,
1219660.0,
1219680.0,
1219700.0,
1219720.0,
1219740.0,
1219760.0,
1219780.0,
1219800.0,
1219820.0,
1219840.0,
1219860.0,
1219880.0,
1219900.0,
1219920.0,
1219940.0,
1219960.0,
1219980.0,
1220000.0,
1220020.0,
1220040.0,
1220060.0,
1220080.0,
1220100.0,
1220120.0,
1220140.0,
1220160.0,
1220180.0,
1220200.0,
1220220.0,
1220240.0,
1220260.0,
1220280.0,
1220300.0,
1220320.0,
1220340.0,
1220360.0,
1220380.0,
1220400.0,
1220420.0,
1220440.0,
1220460.0,
1220480.0,
1220500.0,
1220520.0,
1220540.0,
1220560.0,
1220580.0,
1220600.0,
1220620.0,
1220640.0,
1220660.0,
1220680.0,
1220700.0,
1220720.0,
1220740.0,
1220760.0,
1220780.0,
1220800.0,
1220820.0,
1220840.0,
1220860.0,
1220880.0,
1220900.0,
1220920.0,
1220940.0,
1220960.0,
1220980.0,
1221000.0,
1221020.0,
1221040.0,
1221060.0,
1221080.0,
1221100.0,
1221120.0,
1221140.0,
1221160.0,
1221180.0,
1221200.0,
1221220.0,
1221240.0,
1221260.0,
1221280.0,
1221300.0,
1221320.0,
1221340.0,
1221360.0,
1221380.0,
1221400.0,
1221420.0,
1221440.0,
1221460.0,
1221480.0,
1221500.0,
1221520.0,
1221540.0,
1221560.0,
1221580.0,
1221600.0,
1221620.0,
1221640.0,
1221660.0,
1221680.0,
1221700.0,
1221720.0,
1221740.0,
1221760.0,
1221780.0,
1221800.0,
1221820.0,
1221840.0,
1221860.0,
1221880.0,
1221900.0,
1221920.0,
1221940.0,
1221960.0,
1221980.0,
1222000.0,
1222020.0,
1222040.0,
1222060.0,
1222080.0,
1222100.0,
1222120.0,
1222140.0,
1222160.0,
1222180.0,
1222200.0,
1222220.0,
1222240.0,
1222260.0,
1222280.0,
1222300.0,
1222320.0,
1222340.0,
1222360.0,
1222380.0,
1222400.0,
1222420.0,
1222440.0,
1222460.0,
1222480.0,
1222500.0,
1222520.0,
1222540.0,
1222560.0,
1222580.0,
1222600.0,
1222620.0,
1222640.0,
1222660.0,
1222680.0,
1222700.0,
1222720.0,
1222740.0,
1222760.0,
1222780.0,
1222800.0,
1222820.0,
1222840.0,
1222860.0,
1222880.0,
1222900.0,
1222920.0,
1222940.0,
1222960.0,
1222980.0,
1223000.0,
1223020.0,
1223040.0,
1223060.0,
1223080.0,
1223100.0,1442.0667753034315
1223120.0,1386.3862206585675
1223140.0,1279.103314329675
1223160.0,1172.8264731391496
1223180.0,1078.794745672914
1223200.0,1004.4610812061437
1223220.0,953.1347205782458
1223240.0,925.2456512911201
1223260.0,920.0527911099365
1223280.0,936.9506757118203
1223300.0,975.8920610626989
1223320.0,1036.7989657100204
1223340.0,1118.1826373322829
1223360.0,1215.5617003810953
1223380.0,1320.5898290997197
1223400.0,1422.0586649423553
1223420.0,1477.4312732085316
1223440.0,
1223460.0,
1223480.0,
1223500.0,
1223520.0,
1223540.0,
1223560.0,
1223580.0,
1223600.0,
1223620.0,
1223640.0,
1223660.0,
1223680.0,
1223700.0,
1223720.0,
1223740.0,
1223760.0,
1223780.0,
1223800.0,
1223820.0,
1223840.0,
1223860.0,
1223880.0,
1223900.0,
1223920.0,
1223940.0,
1223960.0,
1223980.0,
1224000.0,
1224020.0,
1224040.0,
1224060.0,
1224080.0,
1224100.0,
1224120.0,
1224140.0,
1224160.0,
1224180.0,
1224200.0,
1224220.0,
1224240.0,
1224260.0,
1224280.0,
1224300.0,
1224320.0,
1224340.0,
1224360.0,
1224380.0,
1224400.0,
1224420.0,
1224440.0,
1224460.0,
1224480.0,
1224500.0,
1224520.0,
1224540.0,
1224560.0,
1224580.0,
1224600.0,
1224620.0,
1224640.0,
1224660.0,
1224680.0,
1224700.0,
1224720.0,
1224740.0,
1224760.0,
1224780.0,
1224800.0,
1224820.0,
1224840.0,
1224860.0,
1224880.0,
1224900.0,
1224920.0,
1224940.0,
1224960.0,
1224980.0,
1225000.0,
1225020.0,
1225040.0,
1225060.0,
1225080.0,
1225100.0,
1225120.0,
1225140.0,
1225160.0,
1225180.0,
1225200.0,
1225220.0,
1225240.0,
1225260.0,
1225280.0,
1225300.0,
1225320.0,
1225340.0,
1225360.0,
1225380.0,
1225400.0,
1225420.0,
1225440.0,
1225460.0,
1225480.0,
1225500.0,
1225520.0,
1225540.0,
1225560.0,
1225580.0,
1225600.0,
1225620.0,
1225640.0,
1225660.0,
1225680.0,
1225700.0,
1225720.0,
1225740.0,
1225760.0,
1225780.0,
1225800.0,
1225820.0,
1225840.0,
1225860.0,
1225880.0,
1225900.0,
1225920.0,
1225940.0,
1225960.0,
1225980.0,
1226000.0,
1226020.0,
1226040.0,
1226060.0,
1226080.0,
1226100.0,
1226120.0,
1226140.0,
1226160.0,
1226180.0,
1226200.0,
1226220.0,
1226240.0,
1226260.0,
1226280.0,
1226300.0,
1226320.0,
1226340.0,
1226360.0,
1226380.0,
1226400.0,
1226420.0,
1226440.0,
1226460.0,
1226480.0,
1226500.0,
1226520.0,
1226540.0,
1226560.0,
1226580.0,
1226600.0,
1226620.0,
1226640.0,
1226660.0,
1226680.0,
1226700.0,
1226720.0,
1226740.0,
1226760.0,
1226780.0,
1226800.0,
1226820.0,
1226840.0,
1226860.0,
1226880.0,
1226900.0,
1226920.0,1782.9922342350192
1226940.0,1784.1391465253982
1226960.0,1770.0926284597979
1226980.0,1732.6861890773332
1227000.0,1668.474313229835
1227020.0,1578.714765432592
1227040.0,1470.5889608901573
1227060.0,1356.5408280357613
1227080.0,1250.841185353902
1227100.0,1164.8799211269595
1227120.0,1104.4761176185527
1227140.0,1069.8243481808588
1227160.0,1056.9213144440691
1227180.0,1059.4526363497766
1227200.0,1070.5045568685612
1227220.0,1083.7936259432308
1227240.0,1094.375833556714
1227260.0,1098.9574960272203
1227280.0,1095.9831249592307
1227300.0,1085.6573565288013
1227320.0,1069.9776712087182
1227340.0,1052.7527042914746
1227360.0,1039.4927307859384
1227380.0,1037.0038323415874
1227400.0,1052.5104771713204
1227420.0,1092.1879526192472
1227440.0,1159.1703472450783
1227460.0,1251.3719288479047
1227480.0,1359.8147595747737
1227500.0,1468.5688895516928
1227520.0,1557.6280323957442
1227540.0,1608.62592483361
1227560.0,1610.28296099417
1227580.0,1561.39352507165
1227600.0,1471.396888189603
1227620.0,1358.4751450583483
1227640.0,1244.89891270525
1227660.0,1151.3308897355844
1227680.0,1093.1306880927027
1227700.0,1079.1363026699078
1227720.0,1111.6972017874207
1227740.0,1186.9915819298208
1227760.0,1295.3544718789458
1227780.0,1422.0489500420927
1227800.0,1549.4494382167818
1227820.0,1661.03911973613
1227840.0,1745.6108516422296
1227860.0,1799.2438176217358
1227880.0,1820.4224417538
1227900.0,
1227920.0,
1227940.0,
1227960.0,
1227980.0,
1228000.0,
1228020.0,
1228040.0,
1228060.0,
1228080.0,
1228100.0,
1228120.0,
1228140.0,
1228160.0,
1228180.0,
1228200.0,
1228220.0,
1228240.0,
1228260.0,
1228280.0,
1228300.0,
1228320.0,
1228340.0,
1228360.0,
1228380.0,
1228400.0,
1228420.0,
1228440.0,
1228460.0,
1228480.0,
1228500.0,
1228520.0,
1228540.0,
1228560.0,
1228580.0,
1228600.0,
1228620.0,
1228640.0,
1228660.0,
1228680.0,
1228700.0,
1228720.0,
1228740.0,
1228760.0,
1228780.0,
1228800.0,
1228820.0,
1228840.0,
1228860.0,
1228880.0,
1228900.0,
1228920.0,
1228940.0,
1228960.0,
1228980.0,
1229000.0,
1229020.0,
1229040.0,
1229060.0,
1229080.0,
1229100.0,
1229120.0,
1229140.0,
1229160.0,
1229180.0,
1229200.0,
1229220.0,
1229240.0,
1229260.0,
1229280.0,
1229300.0,
1229320.0,
1229340.0,
1229360.0,
1229380.0,
1229400.0,
1229420.0,
1229440.0,
1229460.0,
1229480.0,
1229500.0,
1229520.0,
1229540.0,
1229560.0,
1229580.0,
1229600.0,
1229620.0,
1229640.0,
1229660.0,
1229680.0,
1229700.0,
1229720.0,
1229740.0,
1229760.0,
1229780.0,
1229800.0,
1229820.0,
1229840.0,
1229860.0,
1229880.0,
1229900.0,
1229920.0,
1229940.0,
1229960.0,
1229980.0,
1230000.0,
1230020.0,
1230040.0,
1230060.0,
1230080.0,
1230100.0,
1230120.0,
1230140.0,
1230160.0,
1230180.0,
1230200.0,
1230220.0,
1230240.0,
1230260.0,
1230280.0,
1230300.0,
1230320.0,
1230340.0,
1230360.0,
1230380.0,
1230400.0,
1230420.0,
1230440.0,
1230460.0,
1230480.0,
1230500.0,
1230520.0,
1230540.0,
1230560.0,
1230580.0,
1230600.0,
1230620.0,
1230640.0,
1230660.0,
1230680.0,
1230700.0,
1230720.0,
1230740.0,
1230760.0,
1230780.0,
1230800.0,
1230820.0,
1230840.0,
1230860.0,
1230880.0,
1230900.0,
1230920.0,
1230940.0,
1230960.0,
1230980.0,
1231000.0,
1231020.0,
1231040.0,
1231060.0,
1231080.0,
1231100.0,
1231120.0,
1231140.0,
1231160.0,
1231180.0,
1231200.0,
1231220.0,
1231240.0,
1231260.0,
1231280.0,
1231300.0,
1231320.0,
1231340.0,
1231360.0,
1231380.0,
1231400.0,
1231420.0,
1231440.0,
1231460.0,
1231480.0,
1231500.0,
1231520.0,
1231540.0,
1231560.0,
1231580.0,
1231600.0,
1231620.0,
1231640.0,
1231660.0,
1231680.0,
1231700.0,
1231720.0,
1231740.0,
1231760.0,
1231780.0,
1231800.0,
1231820.0,
1231840.0,
1231860.0,
1231880.0,
1231900.0,
1231920.0,
1231940.0,
1231960.0,
1231980.0,
1232000.0,
1232020.0,
1232040.0,
1232060.0,
1232080.0,
1232100.0,
1232120.0,
1232140.0,
1232160.0,
1232180.0,
1232200.0,
1232220.0,
1232240.0,
1232260.0,
1232280.0,
1232300.0,
1232320.0,
1232340.0,
1232360.0,
1232380.0,
1232400.0,
1232420.0,
1232440.0,
1232460.0,
1232480.0,
1232500.0,
1232520.0,
1232540.0,
1232560.0,
1232580.0,
1232600.0,
1232620.0,
1232640.0,
1232660.0,
1232680.0,
1232700.0,
1232720.0,
1232740.0,
1232760.0,
1232780.0,
1232800.0,
1232820.0,
1232840.0,
1232860.0,
1232880.0,
1232900.0,
1232920.0,
1232940.0,
1232960.0,
1232980.0,
1233000.0,
1233020.0,
1233040.0,
1233060.0,
1233080.0,
1233100.0,
1233120.0,
1233140.0,
1233160.0,
1233180.0,
1233200.0,
1233220.0,2035.3981981617649
1233240.0,2039.5511797742638
1233260.0,2046.0934873283702
1233280.0,2053.162136990501
1233300.0,2060.431430690744
1233320.0,2067.5622061716595
1233340.0,2074.2692363456654
1233360.0,2080.363324359453
1233380.0,2085.7108625091482
1233400.0,2090.183078292007
1233420.0,2093.654901005553
1233440.0,2095.6901070441722
1233460.0,
1233480.0,
1233500.0,
1233520.0,
1233540.0,
1233560.0,
1233580.0,
1233600.0,
1233620.0,
1233640.0,
1233660.0,
1233680.0,
1233700.0,
1233720.0,
1233740.0,
1233760.0,
1233780.0,
1233800.0,
1233820.0,
1233840.0,
1233860.0,
1233880.0,
1233900.0,
1233920.0,
1233940.0,
1233960.0,
1233980.0,
1234000.0,
1234020.0,
1234040.0,
1234060.0,
1234080.0,
1234100.0,
1234120.0,
1234140.0,
1234160.0,
1234180.0,
1234200.0,
1234220.0,
1234240.0,
1234260.0,
1234280.0,
1234300.0,
1234320.0,
1234340.0,
1234360.0,
1234380.0,
1234400.0,
1234420.0,
1234440.0,
1234460.0,
1234480.0,
1234500.0,
1234520.0,
1234540.0,
1234560.0,
1234580.0,
1234600.0,
1234620.0,
1234640.0,
1234660.0,
1234680.0,
1234700.0,
1234720.0,
1234740.0,
1234760.0,
1234780.0,
1234800.0,
1234820.0,
1234840.0,
1234860.0,
1234880.0,
1234900.0,
1234920.0,
1234940.0,
1234960.0,
1234980.0,
1235000.0,
1235020.0,
1235040.0,
1235060.0,
1235080.0,
1235100.0,
1235120.0,
1235140.0,
1235160.0,
1235180.0,
1235200.0,
1235220.0,
1235240.0,
1235260.0,
1235280.0,
1235300.0,
1235320.0,
1235340.0,
1235360.0,
1235380.0,
1235400.0,
1235420.0,
1235440.0,
1235460.0,
1235480.0,
1235500.0,
1235520.0,
1235540.0,
1235560.0,
1235580.0,
1235600.0,
1235620.0,
1235640.0,
1235660.0,
1235680.0,
1235700.0,
1235720.0,
1235740.0,
1235760.0,
1235780.0,
1235800.0,
1235820.0,
1235840.0,
1235860.0,
1235880.0,
1235900.0,
1235920.0,
1235940.0,
1235960.0,
1235980.0,
1236000.0,
1236020.0,
1236040.0,
1236060.0,
1236080.0,
1236100.0,
1236120.0,
1236140.0,
1236160.0,
1236180.0,
1236200.0,
1236220.0,
1236240.0,
1236260.0,
1236280.0,
1236300.0,
1236320.0,
1236340.0,
1236360.0,
1236380.0,
1236400.0,
1236420.0,
1236440.0,
1236460.0,
1236480.0,
1236500.0,
1236520.0,
1236540.0,
1236560.0,
1236580.0,
1236600.0,
1236620.0,
1236640.0,
1236660.0,
1236680.0,
1236700.0,
1236720.0,
1236740.0,
1236760.0,
1236780.0,
1236800.0,
1236820.0,
1236840.0,
1236860.0,
1236880.0,
1236900.0,
1236920.0,
1236940.0,
1236960.0,
1236980.0,
1237000.0,
1237020.0,
1237040.0,
1237060.0,
1237080.0,
1237100.0,
1237120.0,
1237140.0,
1237160.0,
1237180.0,
1237200.0,
1237220.0,
1237240.0,
1237260.0,
1237280.0,
1237300.0,
1237320.0,
1237340.0,
1237360.0,
1237380.0,
1237400.0,
1237420.0,
1237440.0,
1237460.0,
1237480.0,
1237500.0,
1237520.0,
1237540.0,
1237560.0,
1237580.0,
1237600.0,
1237620.0,
1237640.0,
1237660.0,
1237680.0,
1237700.0,
1237720.0,
1237740.0,
1237760.0,
1237780.0,
1237800.0,
1237820.0,
1237840.0,
1237860.0,
1237880.0,
1237900.0,
1237920.0,
1237940.0,
1237960.0,
1237980.0,
1238000.0,
1238020.0,
1238040.0,
1238060.0,
1238080.0,
1238100.0,
1238120.0,
1238140.0,
1238160.0,
1238180.0,
1238200.0,
1238220.0,
1238240.0,
1238260.0,
1238280.0,
1238300.0,
1238320.0,
1238340.0,
1238360.0,
1238380.0,
1238400.0,
1238420.0,
1238440.0,
1238460.0,
1238480.0,
1238500.0,
1238520.0,
1238540.0,
1238560.0,
1238580.0,
1238600.0,
1238620.0,
1238640.0,
1238660.0,
1238680.0,
1238700.0,
1238720.0,
1238740.0,
1238760.0,
1238780.0,
1238800.0,
1238820.0,
1238840.0,
1238860.0,
1238880.0,
1238900.0,
1238920.0,
1238940.0,
1238960.0,
1238980.0,
1239000.0,
1239020.0,
1239040.0,
1239060.0,
1239080.0,
1239100.0,
1239120.0,
1239140.0,
1239160.0,
1239180.0,
1239200.0,
1239220.0,
1239240.0,
1239260.0,
1239280.0,
1239300.0,
1239320.0,
1239340.0,
1239360.0,
1239380.0,
1239400.0,
1239420.0,
1239440.0,1847.0728624744047
1239460.0,1751.1424671611378
1239480.0,1627.0677474809445
1239500.0,1490.2637190769285
1239520.0,1355.6758823824407
1239540.0,1236.9305938774876
1239560.0,1142.489472205421
1239580.0,1074.7334914622224
1239600.0,1031.0901316174045
1239620.0,1005.9984314003148
1239640.0,992.8829945596483
1239660.0,985.6728031839145
1239680.0,979.6991946293925
1239700.0,972.0201385090407
1239720.0,961.3254646238016
1239740.0,947.591241190805
1239760.0,931.6356551397123
1239780.0,914.6959463966652
1239800.0,898.084087226274
1239820.0,882.9367293773121
1239840.0,870.0561689265794
1239860.0,859.8311944849431
1239880.0,852.2344213535755
1239900.0,846.9013714565656
1239920.0,843.2700735974183
1239940.0,840.7288124214778
1239960.0,838.7311770328339
1239980.0,836.8629188830188
1240000.0,834.8629784971947
1240020.0,832.6103575489918
1240040.0,830.0912280183002
1240060.0,827.3591173916424
1240080.0,824.4973684386753
1240100.0,821.5890457499912
1240120.0,818.6961455011557
1240140.0,815.8478715034735
1240160.0,813.036903023671
1240180.0,810.222695062864
1240200.0,807.3414231187393
1240220.0,804.3226510930265
1240240.0,801.1126538158891
1240260.0,797.7032163450283
1240280.0,794.1625812242745
1240300.0,790.6623143694096
1240320.0,787.4909535856058
1240340.0,785.0436084484706
1240360.0,783.7778103718689
1240380.0,784.1316573463748
1240400.0,786.4122420427913
1240420.0,790.6813317231048
1240440.0,796.6881227483833
1240460.0,803.8956404847074
1240480.0,811.5930215718427
1240500.0,819.047913104918
1240520.0,825.6566100571538
1240540.0,831.0684022205389
1240560.0,835.2721684658998
1240580.0,838.6345451642856
1240600.0,841.8743702828236
1240620.0,845.963923039814
1240640.0,851.9618373208123
1240660.0,860.800652878901
1240680.0,873.0753838408806
1240700.0,888.90376478787
1240720.0,907.9351991071193
1240740.0,929.4967920303086
1240760.0,952.787135944893
1240780.0,977.045760897737
1240800.0,1001.6648286594407
1240820.0,1026.2377227806942
1240840.0,1050.555443866005
1240860.0,1074.568361318986
1240880.0,1098.3309358101142
1240900.0,1121.9435595050122
1240920.0,1145.501166805462
1240940.0,1169.0544155167752
1240960.0,1192.586796061299
1240980.0,1216.0099578727209
1241000.0,1239.179197806343
1241020.0,1261.9304255149384
1241040.0,1284.1379279867083
1241060.0,1305.7880778879921
1241080.0,1327.057539933675
1241100.0,1348.3762106945767
1241120.0,1370.4469074989145
1241140.0,1394.1887104900954
1241160.0,1420.5727692441621
1241180.0,1450.3324051249467
1241200.0,1483.5565244440056
1241220.0,1519.2170327664905
1241240.0,1554.732792099347
1241260.0,1585.7240189082609
1241280.0,1606.1440006598652
1241300.0,1608.965319641577
1241320.0,1587.5179197871746
1241340.0,1537.4016862443107
1241360.0,1458.6135487742472
1241380.0,1357.1466515858658
1241400.0,1244.8849900902715
1241420.0,1136.5385390054712
1241440.0,1044.6377271248282
1241460.0,976.3272216394896
1241480.0,933.0125685283887
1241500.0,911.6933465056794
1241520.0,906.8883856126649
1241540.0,912.4414549792027
1241560.0,922.8408128885163
1241580.0,933.9498627662166
1241600.0,943.2160060450364
1241620.0,949.5086354092016
1241640.0,952.7551415957676
1241660.0,953.5198704115876
1241680.0,952.6272934665191
1241700.0,950.8840914039513
1241720.0,948.915854027848
1241740.0,947.107280231927
1241760.0,945.6202927518722
1241780.0,944.4598679874453
1241800.0,943.559049315204
1241820.0,942.8591623837895
1241840.0,942.3662278716902
1241860.0,942.1687913523047
1241880.0,942.406346843541
1241900.0,943.189651652372
1241920.0,944.5049530558077
1241940.0,946.1579053405594
1241960.0,947.8087949037115
1241980.0,949.0915932402115
1242000.0,949.7336131614538
1242020.0,949.6122495306106
1242040.0,948.7504601301774
1242060.0,947.2748739666373
1242080.0,945.3623327351154
1242100.0,943.1928914921643
1242120.0,940.9178445045778
1242140.0,938.6443023390208
1242160.0,936.4335813749336
1242180.0,934.3087814973826
1242200.0,932.2667648009021
1242220.0,930.2906059563622
1242240.0,928.3598645215767
1242260.0,926.4573093085917
1242280.0,924.5717735122716
1242300.0,922.6975654312922
1242320.0,920.8313392795437
1242340.0,918.9676276176322
1242360.0,917.0944293376809
1242380.0,915.1903673123219
1242400.0,913.224943752772
1242420.0,911.163229960562
1242440.0,908.9757918092989
1242460.0,906.6536438432104
1242480.0,904.2264931804599
1242500.0,901.7805886813592
1242520.0,899.4704745857947
1242540.0,897.517483995401
1242560.0,896.1877839935962
1242580.0,895.7452492089849
1242600.0,896.3803890177758
1242620.0,898.126607105047
1242640.0,900.7890142225042
1242660.0,903.9228915598078
1242680.0,906.8857733212104
1242700.0,908.9547062215358
1242720.0,909.4780987997398
1242740.0,908.0214392620949
1242760.0,904.4691531881532
1242780.0,899.0636327258906
1242800.0,892.3682136479171
1242820.0,885.1536670753812
1242840.0,878.2338700501745
1242860.0,872.2916142202337
1242880.0,867.7460703120935
1242900.0,864.7081432705927
1242920.0,863.0297797761195
1242940.0,862.4036854896003
1242960.0,862.4672113074096
1242980.0,862.8837857457835
1243000.0,863.3920688238277
1243020.0,863.824242821003
1243040.0,864.1008622061047
1243060.0,864.211547784136
1243080.0,864.1899427951415
1243100.0,864.0891200971706
1243120.0,863.961131121922
1243140.0,863.8423314503231
1243160.0,863.7448351517847
1243180.0,863.6539475697549
1243200.0,863.5314756963255
1243220.0,863.3250497918795
1243240.0,862.9836007552607
1243260.0,862.4785701983863
1243280.0,861.8290805416325
1243300.0,861.1272051355818
1243320.0,860.5570329746093
1243340.0,860.3991890845571
1243360.0,861.0120024292482
1243380.0,862.7830342604317
1243400.0,866.051654476897
1243420.0,871.0159121386653
1243440.0,877.6547851880714
1243460.0,885.7078645404903
1243480.0,894.7250761826575
1243500.0,904.1542096559248
1243520.0,913.4376125602078
1243540.0,922.0952029122702
1243560.0,929.7805821218456
1243580.0,936.3088576492185
1243600.0,941.6528241255459
1243620.0,945.923881849141
1243640.0,949.3447588121377
1243660.0,952.2065886698017
1243680.0,954.8102171567759
1243700.0,957.4007792341278
1243720.0,960.1103499911012
1243740.0,962.9113005680031
1243760.0,965.5773784936234
1243780.0,967.6662947329827
1243800.0,968.5616155486065
1243820.0,967.6087836880013
1243840.0,964.347350629497
1243860.0,958.8157615444212
1243880.0,951.8903776032906
1243900.0,945.5870221679704
1243920.0,943.2049313538457
1243940.0,949.171111609008
1243960.0,968.4556225226577
1243980.0,1005.5086422922774
1244000.0,1062.8068222637864
1244020.0,1139.301684791631
1244040.0,1229.335761521243
1244060.0,1322.8957451272056
1244080.0,1408.1617587329943
1244100.0,1475.5917970307578
1244120.0,1520.3985515589347
1244140.0,1542.586529154179
1244160.0,1545.6508922312291
1244180.0,1534.877170491669
1244200.0,1515.8228407034962
1244220.0,1493.2602779804733
1244240.0,1470.638287530022
1244260.0,1449.982539039584
1244280.0,1432.0931828067364
1244300.0,1416.89115024936
1244320.0,1403.7913710085325
1244340.0,1392.0221988181572
1244360.0,1380.8516463554326
1244380.0,1369.714198159178
1244400.0,1358.2536083756256
1244420.0,1346.3074308144373
1244440.0,1333.860416605493
1244460.0,1320.989489557701
1244480.0,1307.8157720991005
1244500.0,1294.4714268800012
1244520.0,1281.0824172137523
1244540.0,1267.7634473394824
1244560.0,1254.6185641564427
1244580.0,1241.7401352280463
1244600.0,1229.2000048551274
1244620.0,1217.0293922314224
1244640.0,1205.1883126989849
1244660.0,1193.530597732158
1244680.0,1181.7762630439074
1244700.0,1169.5078599150781
1244720.0,1156.2098586287707
1244740.0,1141.3679927695648
1244760.0,1124.636795995975
1244780.0,1106.066950364379
1244800.0,1086.3598361433349
1244820.0,1067.0877961282222
1244840.0,1050.791608220065
1244860.0,1040.8518619376625
1244880.0,1041.041915614653
1244900.0,1054.7215818726258
1244920.0,1083.7348542097898
1244940.0,1127.2332666180366
1244960.0,1180.8275088558792
1244980.0,1236.6498774242652
1245000.0,1285.0534466778065
1245020.0,1314.7442205085101
1245040.0,
1245060.0,
1245080.0,
1245100.0,
1245120.0,
1245140.0,
1245160.0,
1245180.0,
1245200.0,
1245220.0,
1245240.0,
1245260.0,
1245280.0,
1245300.0,
1245320.0,
1245340.0,
1245360.0,
1245380.0,
1245400.0,
1245420.0,
1245440.0,
1245460.0,
1245480.0,
1245500.0,
1245520.0,
1245540.0,
1245560.0,
1245580.0,
1245600.0,
1245620.0,
1245640.0,
1245660.0,
1245680.0,
1245700.0,
1245720.0,
1245740.0,
1245760.0,
1245780.0,
1245800.0,
1245820.0,
1245840.0,
1245860.0,
1245880.0,
1245900.0,
1245920.0,
1245940.0,
1245960.0,
1245980.0,
1246000.0,
1246020.0,
1246040.0,
1246060.0,
1246080.0,
1246100.0,
1246120.0,
1246140.0,
1246160.0,
1246180.0,
1246200.0,
1246220.0,
1246240.0,
1246260.0,
1246280.0,
1246300.0,
1246320.0,
1246340.0,
1246360.0,
1246380.0,
1246400.0,
1246420.0,
1246440.0,
1246460.0,
1246480.0,
1246500.0,
1246520.0,
1246540.0,
1246560.0,
1246580.0,
1246600.0,
1246620.0,
1246640.0,
1246660.0,
1246680.0,
1246700.0,
1246720.0,
1246740.0,
1246760.0,
1246780.0,
1246800.0,
1246820.0,
1246840.0,
1246860.0,
1246880.0,
1246900.0,
1246920.0,
1246940.0,
1246960.0,
1246980.0,
1247000.0,
1247020.0,
1247040.0,
1247060.0,
1247080.0,
1247100.0,
1247120.0,
1247140.0,
1247160.0,
1247180.0,
1247200.0,
1247220.0,
1247240.0,
1247260.0,
1247280.0,
1247300.0,
1247320.0,
1247340.0,
1247360.0,
1247380.0,
1247400.0,
1247420.0,
1247440.0,
1247460.0,
1247480.0,
1247500.0,
1247520.0,
1247540.0,
1247560.0,
1247580.0,
1247600.0,
1247620.0,
1247640.0,
1247660.0,
1247680.0,
1247700.0,
1247720.0,
1247740.0,
1247760.0,
1247780.0,
1247800.0,
1247820.0,
1247840.0,
1247860.0,
1247880.0,
1247900.0,
1247920.0,
1247940.0,
1247960.0,
1247980.0,
1248000.0,
1248020.0,
1248040.0,
1248060.0,
1248080.0,
1248100.0,
1248120.0,
1248140.0,
1248160.0,
1248180.0,
1248200.0,
1248220.0,
1248240.0,
1248260.0,
1248280.0,
1248300.0,
1248320.0,
1248340.0,
1248360.0,1572.7460037388064
1248380.0,1585.731823534711
1248400.0,1596.1735932232386
1248420.0,1597.0231696077608
1248440.0,1580.7515622783485
1248460.0,1541.0650581628727
1248480.0,1474.6997484420708
1248500.0,1382.9940223144242
1248520.0,1272.600666455141
1248540.0,1154.5701020200004
1248560.0,1041.4794261539478
1248580.0,943.8301468539236
1248600.0,867.6470267608399
1248620.0,814.1033584597565
1248640.0,780.5966134106118
1248660.0,762.3650674571961
1248680.0,754.0313116601076
1248700.0,750.7488479673707
1248720.0,748.8495466830681
1248740.0,746.0481722425293
1248760.0,741.3305118786493
1248780.0,734.6653057660467
1248800.0,726.6560418775832
1248820.0,718.2130272328071
1248840.0,710.2907106801578
1248860.0,703.7000190104116
1248880.0,698.9928893510958
1248900.0,696.4071324284166
1248920.0,695.8691392460962
1248940.0,697.0598011800204
1248960.0,699.5248867345899
1248980.0,702.7870324611042
1249000.0,706.4296560435719
1249020.0,710.1429458857856
1249040.0,713.7351974311681
1249060.0,717.1193456688983
1249080.0,720.286167241328
1249100.0,723.2740997708166
1249120.0,726.1425852566001
1249140.0,728.952531402889
1249160.0,731.7546832661835
1249180.0,734.5847757683267
1249200.0,737.463351374186
1249220.0,740.3979402331208
1249240.0,743.3856891044987
1249260.0,746.4152548605276
1249280.0,749.4676400949569
1249300.0,752.5164717713052
1249320.0,755.5288675757163
1249340.0,758.4683728829577
1249360.0,761.301367355202
1249380.0,764.0077375626093
1249400.0,766.5954471494799
1249420.0,769.1169721396908
1249440.0,771.6836399174556
1249460.0,774.472177070776
1249480.0,777.7169436219485
1249500.0,781.682327423902
1249520.0,786.6135900608497
1249540.0,792.6719432076683
1249560.0,799.8707775365984
1249580.0,808.0379268682962
1249600.0,816.8227450937669
1249620.0,825.7479420202668
1249640.0,834.2850438459357
1249660.0,841.9329691691249
1249680.0,848.2898934087594
1249700.0,853.1134047749781
1249720.0,856.3584129675816
1249740.0,858.1850167056524
1249760.0,858.9295872410357
1249780.0,859.041650523759
1249800.0,858.9975181033702
1249820.0,859.2002677913302
1249840.0,859.8763998618875
1249860.0,860.9987128028297
1249880.0,862.2628551513124
1249900.0,863.128565273543
1249920.0,862.9367628671059
1249940.0,861.1181327231292
1249960.0,857.5002906535914
1249980.0,852.679536917808
1250000.0,848.3723146689211
1250020.0,847.617967733076
1250040.0,854.6889114261709
1250060.0,874.5915187062346
1250080.0,912.0906398159286
1250100.0,970.298401464673
1250120.0,1049.0801303595013
1250140.0,1143.8030338038175
1250160.0,1235.200489216457
1250180.0,
1250200.0,
1250220.0,
1250240.0,
1250260.0,
1250280.0,
1250300.0,
1250320.0,
1250340.0,
1250360.0,
1250380.0,
1250400.0,
1250420.0,
1250440.0,
1250460.0,
1250480.0,
1250500.0,
1250520.0,
1250540.0,
1250560.0,
1250580.0,
1250600.0,
1250620.0,
1250640.0,
1250660.0,
1250680.0,
1250700.0,
1250720.0,
1250740.0,
1250760.0,
1250780.0,
1250800.0,
1250820.0,
1250840.0,
1250860.0,
1250880.0,
1250900.0,
1250920.0,
1250940.0,
1250960.0,
1250980.0,
1251000.0,
1251020.0,
1251040.0,
1251060.0,
1251080.0,
1251100.0,
1251120.0,
1251140.0,
1251160.0,
1251180.0,
1251200.0,
1251220.0,
1251240.0,
1251260.0,
1251280.0,
1251300.0,
1251320.0,
1251340.0,
1251360.0,
1251380.0,
1251400.0,
1251420.0,
1251440.0,
1251460.0,
1251480.0,
1251500.0,
1251520.0,
1251540.0,
1251560.0,
1251580.0,
1251600.0,
1251620.0,
1251640.0,
1251660.0,
1251680.0,
1251700.0,
1251720.0,
1251740.0,
1251760.0,
1251780.0,
1251800.0,
1251820.0,
1251840.0,
1251860.0,
1251880.0,
1251900.0,
1251920.0,
1251940.0,
1251960.0,
1251980.0,
1252000.0,
1252020.0,
1252040.0,
1252060.0,
1252080.0,
1252100.0,
1252120.0,
1252140.0,
1252160.0,
1252180.0,
1252200.0,
1252220.0,
1252240.0,
1252260.0,
1252280.0,
1252300.0,
1252320.0,
1252340.0,
1252360.0,
1252380.0,
1252400.0,
1252420.0,
1252440.0,
1252460.0,
1252480.0,
1252500.0,
1252520.0,
1252540.0,
1252560.0,
1252580.0,
1252600.0,
1252620.0,
1252640.0,
1252660.0,
1252680.0,
1252700.0,
1252720.0,
1252740.0,
1252760.0,
1252780.0,
1252800.0,
1252820.0,
1252840.0,
1252860.0,
1252880.0,
1252900.0,
1252920.0,
1252940.0,
1252960.0,
1252980.0,
1253000.0,
1253020.0,
1253040.0,
1253060.0,
1253080.0,
1253100.0,
1253120.0,
1253140.0,
1253160.0,
1253180.0,
1253200.0,
1253220.0,
1253240.0,
1253260.0,
1253280.0,
1253300.0,
1253320.0,
1253340.0,
1253360.0,
1253380.0,
1253400.0,
1253420.0,
1253440.0,
1253460.0,
1253480.0,
1253500.0,
1253520.0,
1253540.0,
1253560.0,
1253580.0,
1253600.0,
1253620.0,
1253640.0,
1253660.0,
1253680.0,
1253700.0,
1253720.0,
1253740.0,
1253760.0,
1253780.0,
1253800.0,
1253820.0,
1253840.0,
1253860.0,
1253880.0,
1253900.0,
1253920.0,
1253940.0,
1253960.0,
1253980.0,
1254000.0,
1254020.0,
1254040.0,
1254060.0,
1254080.0,
1254100.0,
1254120.0,
1254140.0,
1254160.0,
1254180.0,
1254200.0,
1254220.0,
1254240.0,
1254260.0,
1254280.0,
1254300.0,
1254320.0,
1254340.0,
1254360.0,
1254380.0,
1254400.0,
1254420.0,
1254440.0,
1254460.0,
1254480.0,
1254500.0,
1254520.0,
1254540.0,
1254560.0,
1254580.0,
1254600.0,
1254620.0,
1254640.0,
1254660.0,
1254680.0,
1254700.0,
1254720.0,
1254740.0,
1254760.0,
1254780.0,
1254800.0,
1254820.0,
1254840.0,
1254860.0,
1254880.0,
1254900.0,
1254920.0,
1254940.0,
1254960.0,
1254980.0,
1255000.0,
1255020.0,
1255040.0,
1255060.0,
1255080.0,
1255100.0,
1255120.0,
1255140.0,
1255160.0,
1255180.0,
1255200.0,
1255220.0,
1255240.0,
1255260.0,
1255280.0,
1255300.0,
1255320.0,
1255340.0,
1255360.0,
1255380.0,
1255400.0,
1255420.0,
1255440.0,
1255460.0,
1255480.0,
1255500.0,
1255520.0,
1255540.0,
1255560.0,
1255580.0,
1255600.0,
1255620.0,
1255640.0,
1255660.0,
1255680.0,
1255700.0,
1255720.0,
1255740.0,
1255760.0,
1255780.0,
1255800.0,
1255820.0,
1255840.0,
1255860.0,
1255880.0,
1255900.0,
1255920.0,
1255940.0,
1255960.0,
1255980.0,
1256000.0,
1256020.0,
1256040.0,
1256060.0,
1256080.0,
1256100.0,
1256120.0,
1256140.0,
1256160.0,
1256180.0,
1256200.0,
1256220.0,1749.636411400605
1256240.0,1757.0893242323195
1256260.0,1760.8866712600677
1256280.0,1750.7326986113694
1256300.0,1720.3972199933366
1256320.0,1665.201710531331
1256340.0,1583.8787699922698
1256360.0,1480.2546958297794
1256380.0,1363.8114594045865
1256400.0,1247.9204102314368
1256420.0,1145.5650037745047
1256440.0,1065.3768193344295
1256460.0,1010.3388942712567
1256480.0,978.5804587574551
1256500.0,965.1228442448628
1256520.0,963.7781068341543
1256540.0,968.7407349235925
1256560.0,975.662562222277
1256580.0,982.1691752003459
1256600.0,987.8798582106405
1256620.0,994.0330785602753
1256640.0,1002.8209688828816
1256660.0,1016.5300350255478
1256680.0,1036.596402726735
1256700.0,1062.7324465575964
1256720.0,1092.4207404130095
1256740.0,1121.2755753222568
1256760.0,1144.5881020912261
1256780.0,1159.085122893632
1256800.0,1163.5934264862058
1256820.0,1158.7949695210955
1256840.0,1146.5856542976403
1256860.0,1129.375732603878
1256880.0,1109.5231141481054
1256900.0,1088.9733118362096
1256920.0,1069.0988122555732
1256940.0,1050.6863118334022
1256960.0,1034.0066618077133
1256980.0,1018.9108710302904
1257000.0,1004.9170061701949
1257020.0,991.2790837864152
1257040.0,977.0532540088909
1257060.0,961.1932836739607
1257080.0,942.7122846601654
1257100.0,920.9377267453053
1257120.0,895.860641427028
1257140.0,868.5389025209795
1257160.0,841.4640196186156
1257180.0,818.7519332850535
1257200.0,805.9879280176953
1257220.0,809.5664041489377
1257240.0,835.4426845125657
1257260.0,887.3779365163984
1257280.0,965.0203060205307
1257300.0,1062.512640945174
1257320.0,1168.6670344959969
1257340.0,1269.7219042270674
1257360.0,1353.7090679107457
1257380.0,1413.2563349489926
1257400.0,1446.1806869533375
1257420.0,1454.7421166847848
1257440.0,1444.19664436218
1257460.0,1421.4319686027543
1257480.0,1394.1552690865697
1257500.0,1370.15021076202
1257520.0,1356.240877658042
1257540.0,1356.7035869408933
1257560.0,1371.5687234886752
1257580.0,1396.7799018781423
1257600.0,1426.5129061212538
1257620.0,1455.4827414041724
1257640.0,1480.1052461054803
1257660.0,1498.7324225257632
1257680.0,1511.335394912662
1257700.0,1518.948127616151
1257720.0,1523.0948450744504
1257740.0,1525.3311800155584
1257760.0,1526.9505205633502
1257780.0,1528.8512051953453
1257800.0,1531.5283060003599
1257820.0,1535.1421678953836
1257840.0,1539.618765763427
1257860.0,1544.748106706343
1257880.0,1550.2610676694744
1257900.0,1555.8784285982479
1257920.0,1561.336155348537
1257940.0,1566.3971368707557
1257960.0,1570.8613277610461
1257980.0,1574.5837798462449
1258000.0,1577.5037929124467
1258020.0,1579.6790051664323
1258040.0,1580.870710815961
1258060.0,
1258080.0,
1258100.0,
1258120.0,
1258140.0,
1258160.0,
1258180.0,
1258200.0,
1258220.0,
1258240.0,
1258260.0,
1258280.0,
1258300.0,
1258320.0,
1258340.0,
1258360.0,
1258380.0,
1258400.0,
1258420.0,
1258440.0,
1258460.0,
1258480.0,
1258500.0,
1258520.0,
1258540.0,
1258560.0,
1258580.0,
1258600.0,
1258620.0,
1258640.0,
1258660.0,
1258680.0,
1258700.0,
1258720.0,
1258740.0,
1258760.0,
1258780.0,
1258800.0,
1258820.0,
1258840.0,
1258860.0,
1258880.0,
1258900.0,
1258920.0,
1258940.0,
1258960.0,
1258980.0,
1259000.0,
1259020.0,
1259040.0,
1259060.0,
1259080.0,
1259100.0,
1259120.0,
1259140.0,
1259160.0,1479.2681780362661
1259180.0,1383.1323711861737
1259200.0,1282.9941631737972
1259220.0,1200.4612385597673
1259240.0,1141.6137234843704
1259260.0,1107.1742159893693
1259280.0,1093.7442250022036
1259300.0,1095.5928477707123
1259320.0,1106.337070911755
1259340.0,1120.1740713297006
1259360.0,1132.5729414618029
1259380.0,1140.5005370774702
1259400.0,1142.3487653586772
1259420.0,1137.703387653592
1259440.0,1127.0477164126005
1259460.0,1111.4524971774451
1259480.0,1092.2844321529503
1259500.0,1070.968492477364
1259520.0,1048.8129324888623
1259540.0,1026.8901304557262
1259560.0,1005.9748436498891
1259580.0,986.5412375446789
1259600.0,968.8086406593396
1259620.0,952.8102456991052
1259640.0,938.4600148565185
1259660.0,925.6143287645621
1259680.0,914.1248061801632
1259700.0,903.8617419941547
1259720.0,894.7137494572107
1259740.0,886.5876434346355
1259760.0,879.4099021419037
1259780.0,873.1329453463156
1259800.0,867.7416209610176
1259820.0,863.2545596533664
1259840.0,859.7142016932573
1259860.0,857.1598062088549
1259880.0,855.6022279657134
1259900.0,855.0073309818196
1259920.0,855.2881870764937
1259940.0,856.3145390311295
1259960.0,857.9405403062532
1259980.0,860.0413472526543
1260000.0,862.5518720497248
1260020.0,865.5096401533953
1260040.0,869.0925963947669
1260060.0,873.6412328291406
1260080.0,879.6548414127208
1260100.0,887.7364877571805
1260120.0,898.4723434365175
1260140.0,912.2709873866143
1260160.0,929.2265110897946
1260180.0,949.0762098554296
1260200.0,971.2785624001812
1260220.0,995.1573232971708
1260240.0,1020.0431267109301
1260260.0,1045.3749734337614
1260280.0,1070.750987665243
1260300.0,1095.9345323021025
1260320.0,1120.8296237176714
1260340.0,1145.4409762449682
1260360.0,1169.8314751873395
1260380.0,1194.0856330232314
1260400.0,1218.28324158135
1260420.0,1242.483956790937
1260440.0,1266.7213329047897
1260460.0,1291.003828307938
1260480.0,1315.3202487378703
1260500.0,1339.647583117568
1260520.0,1363.9598352924254
1260540.0,1388.2369543295395
1260560.0,1412.4731300171884
1260580.0,1436.683501017507
1260600.0,1460.9078141412522
1260620.0,1485.2089978056592
1260640.0,1509.6642965825233
1260660.0,1534.346933270903
1260680.0,1559.2975639280496
1260700.0,1584.4872621506597
1260720.0,1609.7773049961804
1260740.0,1634.8850739632715
1260760.0,1659.368794093057
1260780.0,1682.6448650034326
1260800.0,1704.0479433660817
1260820.0,1722.9332803210868
1260840.0,1738.8009836202305
1260860.0,1751.3918924463833
1260880.0,1760.6789685306617
1260900.0,1766.7544471079032
1260920.0,1769.7471758685374
1260940.0,1769.7888275651035
1260960.0,1766.9884957440172
1260980.0,1761.4702355433783
1261000.0,1753.4767923346812
1261020.0,1743.450261504339
1261040.0,1732.024580259822
1261060.0,1719.943790372951
1261080.0,1707.940920666038
1261100.0,1696.636434194653
1261120.0,1686.4996457872348
1261140.0,1677.8713203194413
1261160.0,1671.0253319264998
1261180.0,1666.2549376841102
1261200.0,1663.9154683150762
1261220.0,1664.3625977408149
1261240.0,1667.763582223771
1261260.0,1673.7860705239618
1261280.0,1681.2614918713316
1261300.0,1687.9888765029568
1261320.0,1690.756451527109
1261340.0,1685.6254637372465
1261360.0,1668.5510668359063
1261380.0,1636.3702932737833
1261400.0,1588.0579192801592
1261420.0,1525.961622945241
1261440.0,1456.489413826267
1261460.0,1389.4138618918237
1261480.0,1334.7194814078125
1261500.0,1297.7601932816337
1261520.0,1276.705409527731
1261540.0,1264.346635881519
1261560.0,1255.6571277052747
1261580.0,
1261600.0,
1261620.0,
1261640.0,
1261660.0,
1261680.0,
1261700.0,
1261720.0,
1261740.0,
1261760.0,
1261780.0,
1261800.0,
1261820.0,
1261840.0,
1261860.0,
1261880.0,
1261900.0,
1261920.0,
1261940.0,
1261960.0,
1261980.0,
1262000.0,
1262020.0,
1262040.0,
1262060.0,
1262080.0,
1262100.0,
1262120.0,
1262140.0,
1262160.0,
1262180.0,
1262200.0,
1262220.0,
1262240.0,
1262260.0,
1262280.0,
1262300.0,
1262320.0,
1262340.0,
1262360.0,
1262380.0,
1262400.0,
1262420.0,
1262440.0,
1262460.0,
1262480.0,
1262500.0,
1262520.0,
1262540.0,
1262560.0,
1262580.0,
1262600.0,
1262620.0,
1262640.0,
1262660.0,
1262680.0,
1262700.0,
1262720.0,
1262740.0,
1262760.0,
1262780.0,
1262800.0,
1262820.0,
1262840.0,
1262860.0,
1262880.0,
1262900.0,
1262920.0,
1262940.0,
1262960.0,
1262980.0,
1263000.0,
1263020.0,
1263040.0,
1263060.0,
1263080.0,
1263100.0,
1263120.0,
1263140.0,
1263160.0,
1263180.0,
1263200.0,
1263220.0,
1263240.0,
1263260.0,
1263280.0,
1263300.0,
1263320.0,
1263340.0,
1263360.0,
1263380.0,
1263400.0,
1263420.0,
1263440.0,
1263460.0,
1263480.0,
1263500.0,
1263520.0,
1263540.0,
1263560.0,
1263580.0,
1263600.0,
1263620.0,
1263640.0,
1263660.0,
1263680.0,
1263700.0,
1263720.0,
1263740.0,
1263760.0,
1263780.0,
1263800.0,
1263820.0,
1263840.0,
1263860.0,
1263880.0,
1263900.0,
1263920.0,
1263940.0,
1263960.0,
1263980.0,
1264000.0,
1264020.0,
1264040.0,
1264060.0,
1264080.0,
1264100.0,
1264120.0,
1264140.0,
1264160.0,
1264180.0,
1264200.0,
1264220.0,
1264240.0,
1264260.0,
1264280.0,
1264300.0,
1264320.0,
1264340.0,
1264360.0,
1264380.0,
1264400.0,
1264420.0,
1264440.0,
1264460.0,
1264480.0,
1264500.0,
1264520.0,
1264540.0,
1264560.0,
1264580.0,
1264600.0,
1264620.0,
1264640.0,
1264660.0,
1264680.0,
1264700.0,
1264720.0,
1264740.0,
1264760.0,
1264780.0,
1264800.0,
1264820.0,
1264840.0,
1264860.0,
1264880.0,
1264900.0,
1264920.0,
1264940.0,
1264960.0,
1264980.0,
1265000.0,
1265020.0,
1265040.0,
1265060.0,
1265080.0,
1265100.0,
1265120.0,
1265140.0,
1265160.0,
1265180.0,
1265200.0,
1265220.0,
1265240.0,
1265260.0,
1265280.0,
1265300.0,
1265320.0,
1265340.0,
1265360.0,
1265380.0,
1265400.0,
1265420.0,
1265440.0,
1265460.0,
1265480.0,
1265500.0,
1265520.0,
1265540.0,
1265560.0,
1265580.0,
1265600.0,
1265620.0,
1265640.0,
1265660.0,
1265680.0,
1265700.0,
1265720.0,
1265740.0,
1265760.0,
1265780.0,
1265800.0,
1265820.0,
1265840.0,
1265860.0,
1265880.0,
1265900.0,
1265920.0,
1265940.0,
1265960.0,
1265980.0,
1266000.0,
1266020.0,
1266040.0,
1266060.0,
1266080.0,
1266100.0,
1266120.0,
1266140.0,
1266160.0,
1266180.0,
1266200.0,
1266220.0,
1266240.0,
1266260.0,
1266280.0,
1266300.0,
1266320.0,
1266340.0,
1266360.0,
1266380.0,
1266400.0,
1266420.0,
1266440.0,
1266460.0,
1266480.0,
1266500.0,
1266520.0,
1266540.0,
1266560.0,
1266580.0,
1266600.0,
1266620.0,
1266640.0,
1266660.0,
1266680.0,
1266700.0,
1266720.0,
1266740.0,
1266760.0,
1266780.0,
1266800.0,
1266820.0,
1266840.0,
1266860.0,
1266880.0,
1266900.0,
1266920.0,
1266940.0,
1266960.0,
1266980.0,
1267000.0,
1267020.0,
1267040.0,
1267060.0,
1267080.0,
1267100.0,
1267120.0,
1267140.0,
1267160.0,
1267180.0,
1267200.0,
1267220.0,
1267240.0,
1267260.0,
1267280.0,
1267300.0,
1267320.0,
1267340.0,
1267360.0,
1267380.0,
1267400.0,
1267420.0,
1267440.0,
1267460.0,
1267480.0,
1267500.0,
1267520.0,
1267540.0,
1267560.0,
1267580.0,
1267600.0,
1267620.0,
1267640.0,
1267660.0,
1267680.0,
1267700.0,
1267720.0,
1267740.0,
1267760.0,
1267780.0,
1267800.0,
1267820.0,
1267840.0,
1267860.0,
1267880.0,
1267900.0,
1267920.0,
1267940.0,
1267960.0,
1267980.0,
1268000.0,
1268020.0,
1268040.0,
1268060.0,
1268080.0,
1268100.0,
1268120.0,
1268140.0,
1268160.0,
1268180.0,
1268200.0,
1268220.0,
1268240.0,
1268260.0,
1268280.0,
1268300.0,
1268320.0,
1268340.0,
1268360.0,
1268380.0,
1268400.0,
1268420.0,
1268440.0,
1268460.0,
1268480.0,
1268500.0,
1268520.0,
1268540.0,
1268560.0,
1268580.0,
1268600.0,
1268620.0,
1268640.0,
1268660.0,
1268680.0,
1268700.0,
1268720.0,
1268740.0,
1268760.0,
1268780.0,
1268800.0,
1268820.0,
1268840.0,
1268860.0,
1268880.0,
1268900.0,
1268920.0,
1268940.0,
1268960.0,
1268980.0,
1269000.0,
1269020.0,
1269040.0,
1269060.0,
1269080.0,
1269100.0,
1269120.0,
1269140.0,
1269160.0,
1269180.0,
1269200.0,
1269220.0,
1269240.0,
1269260.0,
1269280.0,
1269300.0,
1269320.0,
1269340.0,
1269360.0,
1269380.0,
1269400.0,
1269420.0,
1269440.0,
1269460.0,
1269480.0,
1269500.0,
1269520.0,
1269540.0,
1269560.0,
1269580.0,
1269600.0,
1269620.0,
1269640.0,
1269660.0,
1269680.0,
1269700.0,
1269720.0,
1269740.0,
1269760.0,
1269780.0,
1269800.0,
1269820.0,
1269840.0,
1269860.0,
1269880.0,
1269900.0,
1269920.0,
1269940.0,
1269960.0,
1269980.0,
1270000.0,
1270020.0,
1270040.0,
1270060.0,
1270080.0,
1270100.0,
1270120.0,
1270140.0,
1270160.0,
1270180.0,
1270200.0,
1270220.0,
1270240.0,
1270260.0,
1270280.0,
1270300.0,
1270320.0,
1270340.0,
1270360.0,
1270380.0,
1270400.0,
1270420.0,
1270440.0,
1270460.0,
1270480.0,
1270500.0,
1270520.0,
1270540.0,
1270560.0,
1270580.0,
1270600.0,
1270620.0,
1270640.0,
1270660.0,
1270680.0,
1270700.0,
1270720.0,
1270740.0,
1270760.0,
1270780.0,
1270800.0,
1270820.0,
1270840.0,
1270860.0,
1270880.0,
1270900.0,
1270920.0,
1270940.0,
1270960.0,
1270980.0,
1271000.0,
1271020.0,
1271040.0,
1271060.0,
1271080.0,
1271100.0,
1271120.0,
1271140.0,
1271160.0,
1271180.0,
1271200.0,
1271220.0,
1271240.0,
1271260.0,
1271280.0,
1271300.0,
1271320.0,
1271340.0,
1271360.0,
1271380.0,
1271400.0,
1271420.0,
1271440.0,
1271460.0,
1271480.0,
1271500.0,
1271520.0,
1271540.0,
1271560.0,
1271580.0,
1271600.0,
1271620.0,
1271640.0,
1271660.0,
1271680.0,
1271700.0,
1271720.0,
1271740.0,
1271760.0,
1271780.0,
1271800.0,
1271820.0,
1271840.0,
1271860.0,
1271880.0,
1271900.0,
1271920.0,
1271940.0,
1271960.0,
1271980.0,
1272000.0,
1272020.0,
1272040.0,
1272060.0,
1272080.0,
1272100.0,
1272120.0,
1272140.0,
1272160.0,
1272180.0,
1272200.0,
1272220.0,
1272240.0,
1272260.0,
1272280.0,
1272300.0,
1272320.0,
1272340.0,
1272360.0,
1272380.0,
1272400.0,
1272420.0,
1272440.0,
1272460.0,
1272480.0,
1272500.0,
1272520.0,
1272540.0,
1272560.0,
1272580.0,
1272600.0,
1272620.0,
1272640.0,
1272660.0,
1272680.0,
1272700.0,
1272720.0,
1272740.0,
1272760.0,
1272780.0,
1272800.0,
1272820.0,
1272840.0,
1272860.0,
1272880.0,
1272900.0,
1272920.0,
1272940.0,
1272960.0,
1272980.0,
1273000.0,
1273020.0,
1273040.0,
1273060.0,
1273080.0,
1273100.0,
1273120.0,
1273140.0,
1273160.0,
1273180.0,
1273200.0,
1273220.0,
1273240.0,
1273260.0,
1273280.0,
1273300.0,
1273320.0,
1273340.0,
1273360.0,
1273380.0,
1273400.0,
1273420.0,
1273440.0,
1273460.0,
1273480.0,
1273500.0,
1273520.0,
1273540.0,
1273560.0,
1273580.0,
1273600.0,
1273620.0,
1273640.0,
1273660.0,
1273680.0,
1273700.0,
1273720.0,
1273740.0,
1273760.0,
1273780.0,
1273800.0,
1273820.0,
1273840.0,
1273860.0,
1273880.0,
1273900.0,
1273920.0,
1273940.0,
1273960.0,
1273980.0,
1274000.0,
1274020.0,
1274040.0,
1274060.0,
1274080.0,
1274100.0,
1274120.0,
1274140.0,
1274160.0,
1274180.0,
1274200.0,
1274220.0,
1274240.0,
1274260.0,
1274280.0,
1274300.0,
1274320.0,
1274340.0,
1274360.0,
1274380.0,
1274400.0,
1274420.0,
1274440.0,
1274460.0,
1274480.0,
1274500.0,
1274520.0,
1274540.0,
1274560.0,
1274580.0,
1274600.0,
1274620.0,
1274640.0,
1274660.0,
1274680.0,
1274700.0,
1274720.0,
1274740.0,
1274760.0,
1274780.0,
1274800.0,
1274820.0,
1274840.0,1559.9174419531066
1274860.0,1480.8575399300935
1274880.0,1356.7211047256437
1274900.0,1230.309227490332
1274920.0,1114.8436451825692
1274940.0,1019.4471252841388
1274960.0,947.8436193888708
1274980.0,899.0234539152319
1275000.0,868.8202093338971
1275020.0,851.6439617049706
1275040.0,841.9233653092364
1275060.0,835.0650137934921
1275080.0,827.9057789889697
1275100.0,818.7405922814236
1275120.0,807.0733560247911
1275140.0,793.2388041218245
1275160.0,778.0157944735878
1275180.0,762.3104583142707
1275200.0,746.9374363077948
1275220.0,732.4977944151362
1275240.0,719.3468981609864
1275260.0,707.6283224936869
1275280.0,697.3283806049151
1275300.0,688.32455438443
1275320.0,680.4309212497798
1275340.0,673.4481991369353
1275360.0,667.2095008421475
1275380.0,661.6084944335586
1275400.0,656.606788694679
1275420.0,652.2211417498752
1275440.0,648.501982877661
1275460.0,645.5135657758947
1275480.0,643.319070644293
1275500.0,641.9789689937423
1275520.0,641.556316985599
1275540.0,642.1164521082194
1275560.0,643.716210269135
1275580.0,646.3933808521296
1275600.0,650.159895185832
1275620.0,654.9908300100116
1275640.0,660.8203330990189
1275660.0,667.5505851205727
1275680.0,675.0628065921621
1275700.0,683.2286960832773
1275720.0,691.9192595551555
1275740.0,701.010295642352
1275760.0,710.3841082546759
1275780.0,719.9293313784386
1275800.0,729.5434183287673
1275820.0,739.1389935184809
1275840.0,748.6492771387284
1275860.0,758.0328573853636
1275880.0,767.278488136987
1275900.0,776.4091079437345
1275920.0,785.484466053299
1275940.0,794.5939244233605
1275960.0,803.8424247125826
1275980.0,813.3360201423682
1276000.0,823.1628984154046
1276020.0,833.3647392011364
1276040.0,843.9005944088652
1276060.0,854.5995818922135
1276080.0,865.1056536372176
1276100.0,874.8436937138904
1276120.0,883.0511478662869
1276140.0,888.9080543232183
1276160.0,891.7764318958101
1276180.0,891.5320476588711
1276200.0,888.9356380585128
1276220.0,885.9596144994142
1276240.0,885.9725019003724
1276260.0,893.6474282449879
1276280.0,914.4427116249306
1276300.0,953.5716825602321
1276320.0,1014.5067447641377
1276340.0,1097.2651073932193
1276360.0,1197.0295110590112
1276380.0,1303.986249745787
1276400.0,1376.8388542514956
1276420.0,
1276440.0,
1276460.0,
1276480.0,
1276500.0,
1276520.0,
1276540.0,
1276560.0,
1276580.0,
1276600.0,
1276620.0,
1276640.0,
1276660.0,
1276680.0,
1276700.0,
1276720.0,
1276740.0,
1276760.0,
1276780.0,
1276800.0,
1276820.0,
1276840.0,
1276860.0,
1276880.0,
1276900.0,
1276920.0,
1276940.0,
1276960.0,
1276980.0,
1277000.0,
1277020.0,
1277040.0,
1277060.0,
1277080.0,
1277100.0,
1277120.0,
1277140.0,
1277160.0,
1277180.0,
1277200.0,
1277220.0,
1277240.0,
1277260.0,
1277280.0,
1277300.0,
1277320.0,
1277340.0,
1277360.0,
1277380.0,
1277400.0,
1277420.0,
1277440.0,
1277460.0,
1277480.0,
1277500.0,
1277520.0,
1277540.0,
1277560.0,
1277580.0,
1277600.0,
1277620.0,
1277640.0,
1277660.0,
1277680.0,
1277700.0,
1277720.0,
1277740.0,
1277760.0,
1277780.0,
1277800.0,
1277820.0,
1277840.0,
1277860.0,
1277880.0,
1277900.0,
1277920.0,
1277940.0,
1277960.0,
1277980.0,
1278000.0,
1278020.0,
1278040.0,
1278060.0,
1278080.0,
1278100.0,
1278120.0,
1278140.0,
1278160.0,
1278180.0,
1278200.0,
1278220.0,
1278240.0,
1278260.0,
1278280.0,
1278300.0,
1278320.0,
1278340.0,1319.362717574384
1278360.0,1429.6863306151922
1278380.0,1538.0363422235423
1278400.0,1622.5674846265863
1278420.0,1679.9015056608819
1278440.0,1711.4024927388114
1278460.0,1721.0624247913893
1278480.0,1713.576652779875
1278500.0,1693.4160240664235
1278520.0,1664.648740798301
1278540.0,1631.1418905511648
1278560.0,1596.8932905121414
1278580.0,1566.1936105029167
1278600.0,1543.2159918833515
1278620.0,1530.69308804261
1278640.0,1528.3574667177852
1278660.0,1533.2427998308044
1278680.0,1540.286735521555
1278700.0,
1278720.0,
1278740.0,
1278760.0,
1278780.0,
1278800.0,
1278820.0,
1278840.0,
1278860.0,
1278880.0,
1278900.0,
1278920.0,
1278940.0,
1278960.0,
1278980.0,
1279000.0,
1279020.0,
1279040.0,
1279060.0,
1279080.0,
1279100.0,
1279120.0,
1279140.0,
1279160.0,
1279180.0,
1279200.0,
1279220.0,
1279240.0,
1279260.0,
1279280.0,
1279300.0,
1279320.0,
1279340.0,
1279360.0,
1279380.0,
1279400.0,
1279420.0,
1279440.0,
1279460.0,
1279480.0,
1279500.0,
1279520.0,
1279540.0,
1279560.0,
1279580.0,
1279600.0,
1279620.0,
1279640.0,
1279660.0,
1279680.0,
1279700.0,
1279720.0,
1279740.0,
1279760.0,
1279780.0,
1279800.0,
1279820.0,
1279840.0,
1279860.0,
1279880.0,
1279900.0,
1279920.0,
1279940.0,
1279960.0,
1279980.0,
1280000.0,
1280020.0,
1280040.0,
1280060.0,
1280080.0,
1280100.0,
1280120.0,
1280140.0,
1280160.0,
1280180.0,
1280200.0,
1280220.0,
1280240.0,
1280260.0,
1280280.0,
1280300.0,
1280320.0,
1280340.0,
1280360.0,
1280380.0,
1280400.0,
1280420.0,
1280440.0,
1280460.0,
1280480.0,
1280500.0,
1280520.0,
1280540.0,
1280560.0,
1280580.0,
1280600.0,
1280620.0,
1280640.0,
1280660.0,
1280680.0,
1280700.0,
1280720.0,
1280740.0,
1280760.0,
1280780.0,
1280800.0,
1280820.0,
1280840.0,
1280860.0,
1280880.0,
1280900.0,
1280920.0,
1280940.0,
1280960.0,
1280980.0,
1281000.0,
1281020.0,
1281040.0,
1281060.0,
1281080.0,
1281100.0,
1281120.0,
1281140.0,
1281160.0,
1281180.0,
1281200.0,
1281220.0,
1281240.0,
1281260.0,
1281280.0,
1281300.0,
1281320.0,
1281340.0,
1281360.0,
1281380.0,
1281400.0,
1281420.0,
1281440.0,
1281460.0,
1281480.0,
1281500.0,
1281520.0,
1281540.0,
1281560.0,
1281580.0,
1281600.0,
1281620.0,
1281640.0,
1281660.0,
1281680.0,
1281700.0,
1281720.0,
1281740.0,
1281760.0,
1281780.0,
1281800.0,
1281820.0,
1281840.0,
1281860.0,
1281880.0,
1281900.0,
1281920.0,
1281940.0,
1281960.0,
1281980.0,
1282000.0,
1282020.0,
1282040.0,
1282060.0,
1282080.0,
1282100.0,
1282120.0,
1282140.0,
1282160.0,
1282180.0,
1282200.0,
1282220.0,
1282240.0,
1282260.0,
1282280.0,
1282300.0,
1282320.0,
1282340.0,
1282360.0,
1282380.0,
1282400.0,
1282420.0,
1282440.0,
1282460.0,
1282480.0,
1282500.0,
1282520.0,
1282540.0,
1282560.0,
1282580.0,
1282600.0,
1282620.0,
1282640.0,
1282660.0,
1282680.0,
1282700.0,
1282720.0,
1282740.0,
1282760.0,
1282780.0,
1282800.0,
1282820.0,
1282840.0,
1282860.0,
1282880.0,
1282900.0,
1282920.0,
1282940.0,
1282960.0,
1282980.0,
1283000.0,1718.1125402020728
1283020.0,1694.1118616856118
1283040.0,1634.6694538498643
1283060.0,1554.4135393654192
1283080.0,1460.3799533862425
1283100.0,1365.3633144913642
1283120.0,1285.538485921197
1283140.0,1235.8003765120934
1283160.0,1225.529095782418
1283180.0,1256.3139467978247
1283200.0,1321.7374965001775
1283220.0,1409.7480662799353
1283240.0,1506.4243986691315
1283260.0,1598.7044383270954
1283280.0,1675.9938667353294
1283300.0,1730.7899442478931
1283320.0,1758.449878343178
1283340.0,1756.4135476048498
1283360.0,1723.5293171600829
1283380.0,1659.9500003682945
1283400.0,1567.6874904734982
1283420.0,1452.0971504224822
1283440.0,1343.0140096947823
1283460.0,
1283480.0,
1283500.0,
1283520.0,
1283540.0,
1283560.0,
1283580.0,
1283600.0,
1283620.0,
1283640.0,
1283660.0,
1283680.0,
1283700.0,
1283720.0,
1283740.0,
1283760.0,
1283780.0,
1283800.0,
1283820.0,
1283840.0,
1283860.0,
1283880.0,
1283900.0,
1283920.0,
1283940.0,
1283960.0,
1283980.0,
1284000.0,
1284020.0,
1284040.0,
1284060.0,
1284080.0,
1284100.0,
1284120.0,
1284140.0,
1284160.0,
1284180.0,
1284200.0,
1284220.0,
1284240.0,
1284260.0,
1284280.0,
1284300.0,
1284320.0,
1284340.0,
1284360.0,
1284380.0,
1284400.0,
1284420.0,
1284440.0,
1284460.0,
1284480.0,
1284500.0,
1284520.0,
1284540.0,
1284560.0,
1284580.0,
1284600.0,
1284620.0,
1284640.0,
1284660.0,
1284680.0,
1284700.0,
1284720.0,
1284740.0,
1284760.0,
1284780.0,
1284800.0,
1284820.0,
1284840.0,
1284860.0,
1284880.0,
1284900.0,
1284920.0,
1284940.0,
1284960.0,
1284980.0,
1285000.0,
1285020.0,
1285040.0,
1285060.0,
1285080.0,
1285100.0,
1285120.0,
1285140.0,
1285160.0,
1285180.0,
1285200.0,
1285220.0,
1285240.0,
1285260.0,
1285280.0,
1285300.0,
1285320.0,
1285340.0,
1285360.0,
1285380.0,
1285400.0,
1285420.0,
1285440.0,
1285460.0,
1285480.0,
1285500.0,
1285520.0,
1285540.0,
1285560.0,
1285580.0,
1285600.0,
1285620.0,
1285640.0,
1285660.0,
1285680.0,
1285700.0,
1285720.0,
1285740.0,
1285760.0,
1285780.0,
1285800.0,
1285820.0,
1285840.0,
1285860.0,
1285880.0,
1285900.0,
1285920.0,
1285940.0,
1285960.0,
1285980.0,
1286000.0,
1286020.0,
1286040.0,
1286060.0,
1286080.0,
1286100.0,
1286120.0,
1286140.0,
1286160.0,
1286180.0,
1286200.0,
1286220.0,
1286240.0,
1286260.0,
1286280.0,
1286300.0,
1286320.0,
1286340.0,
1286360.0,
1286380.0,
1286400.0,
1286420.0,
1286440.0,
1286460.0,
1286480.0,
1286500.0,
1286520.0,
1286540.0,
1286560.0,
1286580.0,
1286600.0,
1286620.0,
1286640.0,
1286660.0,
1286680.0,
1286700.0,
1286720.0,
1286740.0,
1286760.0,
1286780.0,
1286800.0,
1286820.0,
1286840.0,
1286860.0,
1286880.0,
1286900.0,
1286920.0,
1286940.0,
1286960.0,
1286980.0,
1287000.0,
1287020.0,
1287040.0,
1287060.0,
1287080.0,
1287100.0,
1287120.0,
1287140.0,
1287160.0,
1287180.0,
1287200.0,
1287220.0,
1287240.0,
1287260.0,
1287280.0,
1287300.0,
1287320.0,
1287340.0,
1287360.0,
1287380.0,
1287400.0,
1287420.0,
1287440.0,
1287460.0,
1287480.0,
1287500.0,
1287520.0,
1287540.0,
1287560.0,
1287580.0,
1287600.0,
1287620.0,
1287640.0,
1287660.0,
1287680.0,
1287700.0,
1287720.0,
1287740.0,
1287760.0,
1287780.0,
1287800.0,
1287820.0,
1287840.0,
1287860.0,
1287880.0,
1287900.0,
1287920.0,
1287940.0,
1287960.0,
1287980.0,
1288000.0,
1288020.0,
1288040.0,
1288060.0,
1288080.0,
1288100.0,
1288120.0,
1288140.0,
1288160.0,
1288180.0,
1288200.0,
1288220.0,
1288240.0,
1288260.0,
1288280.0,
1288300.0,
1288320.0,
1288340.0,
1288360.0,
1288380.0,
1288400.0,
1288420.0,
1288440.0,
1288460.0,
1288480.0,
1288500.0,
1288520.0,
1288540.0,
1288560.0,
1288580.0,
1288600.0,
1288620.0,
1288640.0,
1288660.0,
1288680.0,
1288700.0,
1288720.0,
1288740.0,
1288760.0,
1288780.0,
1288800.0,
1288820.0,
1288840.0,
1288860.0,
1288880.0,
1288900.0,
1288920.0,
1288940.0,
1288960.0,
1288980.0,
1289000.0,
1289020.0,
1289040.0,
1289060.0,
1289080.0,
1289100.0,
1289120.0,
1289140.0,
1289160.0,
1289180.0,
1289200.0,
1289220.0,
1289240.0,
1289260.0,
1289280.0,
1289300.0,
1289320.0,
1289340.0,
1289360.0,
1289380.0,
1289400.0,
1289420.0,
1289440.0,
1289460.0,
1289480.0,
1289500.0,
1289520.0,
1289540.0,
1289560.0,
1289580.0,
1289600.0,
1289620.0,
1289640.0,
1289660.0,
1289680.0,
1289700.0,
1289720.0,
1289740.0,
1289760.0,
1289780.0,
1289800.0,
1289820.0,
1289840.0,
1289860.0,
1289880.0,
1289900.0,
1289920.0,
1289940.0,
1289960.0,
1289980.0,
1290000.0,
1290020.0,
1290040.0,
1290060.0,
1290080.0,
1290100.0,
1290120.0,
1290140.0,
1290160.0,
1290180.0,
1290200.0,
1290220.0,
1290240.0,
1290260.0,
1290280.0,
1290300.0,
1290320.0,
1290340.0,
1290360.0,
1290380.0,
1290400.0,
1290420.0,
1290440.0,
1290460.0,
1290480.0,
1290500.0,
1290520.0,
1290540.0,
1290560.0,
1290580.0,
1290600.0,
1290620.0,
1290640.0,
1290660.0,
1290680.0,
1290700.0,
1290720.0,
1290740.0,
1290760.0,
1290780.0,
1290800.0,
1290820.0,
1290840.0,
1290860.0,1406.7218209019493
1290880.0,1328.1678552459496
1290900.0,1267.6549873150632
1290920.0,1243.0095389178416
1290940.0,1259.9712858374398
1290960.0,1315.1193772529452
1290980.0,1396.8565523874095
1291000.0,1489.0620189964052
1291020.0,1576.591813012266
1291040.0,1649.3214872814958
1291060.0,1703.1142388263695
1291080.0,1738.6454318413985
1291100.0,1759.2344926535789
1291120.0,1768.5553871429688
1291140.0,1768.8128342534706
1291160.0,1759.7316253621825
1291180.0,1738.5185101047696
1291200.0,1700.7996673714267
1291220.0,1642.3757372169616
1291240.0,1561.4340732137296
1291260.0,1460.5925694524358
1291280.0,1347.8537176862767
1291300.0,1235.3839143223802
1291320.0,1135.6483987601518
1291340.0,1057.372490526121
1291360.0,1004.0138773209037
1291380.0,974.3446650427001
1291400.0,964.0279451539407
1291420.0,967.3712966881383
1291440.0,978.7397299121567
1291460.0,993.4270591326465
1291480.0,1008.0255423304595
1291500.0,1020.4284458544347
1291520.0,1029.6199131571097
1291540.0,1035.3857569939194
1291560.0,1038.0239224980564
1291580.0,1038.0974673443063
1291600.0,1036.2497234024368
1291620.0,1033.084897141423
1291640.0,1029.1109486347407
1291660.0,1024.7308515140637
1291680.0,1020.2610788926547
1291700.0,1015.9587560483875
1291720.0,1012.0496969017131
1291740.0,1008.7478725123705
1291760.0,1006.2489771754988
1291780.0,1004.7074826910859
1291800.0,1004.2156194953689
1291820.0,1004.7913957691768
1291840.0,1006.3771975698012
1291860.0,1008.8516838187521
1291880.0,1012.0606090260413
1291900.0,1015.8483918512395
1291920.0,1020.065949789978
1291940.0,1024.5687400413808
1291960.0,1029.2212575448434
1291980.0,1033.9078471807804
1292000.0,1038.5444127651435
1292020.0,1043.0804669885515
1292040.0,1047.491066160424
1292060.0,1051.7659032730137
1292080.0,1055.8995287251048
1292100.0,1059.8964309434436
1292120.0,1063.7861385888693
1292140.0,1067.624412080021
1292160.0,1071.4825638120722
1292180.0,1075.438176538554
1292200.0,1079.5566371983502
1292220.0,1083.8577087358826
1292240.0,1088.2891955446369
1292260.0,1092.733090553867
1292280.0,1097.0412077617343
1292300.0,1101.0874736003361
1292320.0,1104.827412742785
1292340.0,1108.362027223316
1292360.0,1111.9990790923482
1292380.0,1116.2889080917723
1292400.0,1122.0243522194821
1292420.0,1130.1864228262345
1292440.0,1141.8189146197951
1292460.0,1157.828973322497
1292480.0,1178.749479435075
1292500.0,1204.5648388964705
1292520.0,1234.7050853761589
1292540.0,1268.213791554543
1292560.0,1303.9852480125044
1292580.0,1340.9769752946181
1292600.0,1378.3535699597262
1292620.0,1415.5546559369475
1292640.0,1452.3002612094876
1292660.0,1488.5542787386316
1292680.0,1524.4649846532
1292700.0,1560.2952316775495
1292720.0,1596.3477545088724
1292740.0,1632.8859505539344
1292760.0,1670.0493636096558
1292780.0,1707.7665250049927
1292800.0,1745.675139817208
1292820.0,1783.0688350228243
1292840.0,1818.897435640782
1292860.0,1851.8494178161982
1292880.0,1880.5354682586465
1292900.0,1903.7657421272258
1292920.0,1920.8666551688625
1292940.0,1931.9163604711412
1292960.0,1937.724579671838
1292980.0,1939.4824140514725
1293000.0,1938.4024050115295
1293020.0,1935.6533417120324
1293040.0,1932.3454108634414
1293060.0,1929.4485876166818
1293080.0,1927.4328761730271
1293100.0,1925.884677249455
1293120.0,1923.7404087980776
1293140.0,1920.024676056152
1293160.0,1914.2907193211117
1293180.0,1910.0317704675322
1293200.0,
1293220.0,
1293240.0,
1293260.0,
1293280.0,
1293300.0,
1293320.0,
1293340.0,
1293360.0,
1293380.0,
1293400.0,
1293420.0,
1293440.0,
1293460.0,
1293480.0,
1293500.0,
1293520.0,
1293540.0,
1293560.0,
1293580.0,
1293600.0,
1293620.0,
1293640.0,
1293660.0,
1293680.0,
1293700.0,
1293720.0,
1293740.0,
1293760.0,
1293780.0,
1293800.0,
1293820.0,
1293840.0,
1293860.0,
1293880.0,
1293900.0,
1293920.0,
1293940.0,
1293960.0,
1293980.0,
1294000.0,
1294020.0,
1294040.0,
1294060.0,
1294080.0,
1294100.0,
1294120.0,
1294140.0,
1294160.0,
1294180.0,
1294200.0,
1294220.0,
1294240.0,
1294260.0,
1294280.0,
1294300.0,
1294320.0,
1294340.0,
1294360.0,
1294380.0,
1294400.0,
1294420.0,
1294440.0,
1294460.0,
1294480.0,
1294500.0,
1294520.0,
1294540.0,
1294560.0,
1294580.0,
1294600.0,
1294620.0,
1294640.0,
1294660.0,
1294680.0,
1294700.0,
1294720.0,
1294740.0,
1294760.0,
1294780.0,
1294800.0,
1294820.0,
1294840.0,
1294860.0,
1294880.0,
1294900.0,
1294920.0,
1294940.0,
1294960.0,
1294980.0,
1295000.0,
1295020.0,
1295040.0,
1295060.0,
1295080.0,
1295100.0,
1295120.0,
1295140.0,
1295160.0,
1295180.0,
1295200.0,
1295220.0,
1295240.0,
1295260.0,
1295280.0,
1295300.0,
1295320.0,
1295340.0,
1295360.0,
1295380.0,
1295400.0,
1295420.0,
1295440.0,
1295460.0,
1295480.0,
1295500.0,
1295520.0,
1295540.0,
1295560.0,
1295580.0,
1295600.0,
1295620.0,
1295640.0,
1295660.0,
1295680.0,
1295700.0,
1295720.0,
1295740.0,1603.160329847769
1295760.0,1555.9100441907365
1295780.0,1478.1707485237675
1295800.0,1414.7884720320285
1295820.0,1381.3771642035213
1295840.0,1387.3586298239693
1295860.0,1432.0840372526225
1295880.0,1504.9366600299163
1295900.0,1589.3337046863624
1295920.0,1668.8555807811967
1295940.0,1732.0337815935386
1295960.0,1773.9374665608714
1295980.0,1795.17179767707
1296000.0,1799.8163980960028
1296020.0,1793.382231626078
1296040.0,1781.2474750883077
1296060.0,1767.707478923894
1296080.0,1755.5923538569593
1296100.0,1746.3092802758606
1296120.0,1740.137971397004
1296140.0,1736.6249103054374
1296160.0,1734.9630896254828
1296180.0,1734.2912153165555
1296200.0,1733.8877986687562
1296220.0,1733.265218656526
1296240.0,1732.1853852004376
1296260.0,1730.62392093011
1296280.0,1728.7072595796412
1296300.0,1726.6405506784838
1296320.0,1724.6371016513435
1296340.0,1722.8546764630464
1296360.0,1721.3415813129636
1296380.0,1719.9962622308692
1296400.0,1718.5472601579615
1296420.0,1716.5641045938905
1296440.0,1713.5117413275646
1296460.0,1708.8587669164149
1296480.0,1702.2406933657198
1296500.0,1693.6622221232028
1296520.0,1683.6973500730303
1296540.0,1673.6159142654433
1296560.0,1665.3358555948937
1296580.0,1661.080931287997
1296600.0,1662.6246604688363
1296620.0,1670.0984016041646
1296640.0,1681.2259761643916
1296660.0,1692.3674256984268
1296680.0,1700.1546627822222
1296700.0,1702.486277586572
1296720.0,1698.8409558441792
1296740.0,1690.1253409446501
1296760.0,1682.6719691477356
1296780.0,
1296800.0,
1296820.0,
1296840.0,
1296860.0,
1296880.0,
1296900.0,
1296920.0,
1296940.0,
1296960.0,
1296980.0,
1297000.0,
1297020.0,
1297040.0,
1297060.0,
1297080.0,
1297100.0,
1297120.0,
1297140.0,
1297160.0,
1297180.0,
1297200.0,
1297220.0,
1297240.0,
1297260.0,
1297280.0,
1297300.0,
1297320.0,
1297340.0,
1297360.0,
1297380.0,
1297400.0,
1297420.0,
1297440.0,
1297460.0,
1297480.0,
1297500.0,
1297520.0,
1297540.0,
1297560.0,
1297580.0,
1297600.0,
1297620.0,
1297640.0,
1297660.0,
1297680.0,
1297700.0,
1297720.0,
1297740.0,
1297760.0,
1297780.0,
1297800.0,
1297820.0,
1297840.0,
1297860.0,
1297880.0,
1297900.0,
1297920.0,
1297940.0,
1297960.0,
1297980.0,
1298000.0,
1298020.0,
1298040.0,
1298060.0,
1298080.0,
1298100.0,
1298120.0,
1298140.0,
1298160.0,
1298180.0,
1298200.0,
1298220.0,
1298240.0,
1298260.0,
1298280.0,
1298300.0,
1298320.0,
1298340.0,
1298360.0,
1298380.0,
1298400.0,
1298420.0,
1298440.0,
1298460.0,
1298480.0,
1298500.0,
1298520.0,
1298540.0,
1298560.0,
1298580.0,
1298600.0,
1298620.0,
1298640.0,
1298660.0,
1298680.0,
1298700.0,
1298720.0,
1298740.0,
1298760.0,
1298780.0,
1298800.0,
1298820.0,
1298840.0,
1298860.0,
1298880.0,
1298900.0,
1298920.0,
1298940.0,
1298960.0,
1298980.0,
1299000.0,
1299020.0,
1299040.0,
1299060.0,
1299080.0,
1299100.0,
1299120.0,
1299140.0,
1299160.0,
1299180.0,
1299200.0,
1299220.0,
1299240.0,
1299260.0,
1299280.0,
1299300.0,
1299320.0,
1299340.0,
1299360.0,
1299380.0,
1299400.0,
1299420.0,
1299440.0,
1299460.0,
1299480.0,
1299500.0,
1299520.0,
1299540.0,
1299560.0,
1299580.0,
1299600.0,
1299620.0,
1299640.0,
1299660.0,
1299680.0,
1299700.0,
1299720.0,
1299740.0,
1299760.0,
1299780.0,
1299800.0,
1299820.0,
1299840.0,
1299860.0,
1299880.0,
1299900.0,
1299920.0,
1299940.0,
1299960.0,
1299980.0,
1300000.0,
1300020.0,
1300040.0,
1300060.0,
1300080.0,
1300100.0,
1300120.0,
1300140.0,
1300160.0,
1300180.0,
1300200.0,
1300220.0,
1300240.0,
1300260.0,
1300280.0,
1300300.0,
1300320.0,
1300340.0,
1300360.0,
1300380.0,
1300400.0,
1300420.0,
1300440.0,
1300460.0,
1300480.0,
1300500.0,
1300520.0,
1300540.0,
1300560.0,
1300580.0,
1300600.0,
1300620.0,
1300640.0,
1300660.0,
1300680.0,
1300700.0,
1300720.0,
1300740.0,
1300760.0,
1300780.0,
1300800.0,
1300820.0,
1300840.0,
1300860.0,
1300880.0,
1300900.0,
1300920.0,
1300940.0,
1300960.0,
1300980.0,
1301000.0,
1301020.0,
1301040.0,
1301060.0,
1301080.0,
1301100.0,
1301120.0,
1301140.0,
1301160.0,
1301180.0,
1301200.0,
1301220.0,
1301240.0,
1301260.0,
1301280.0,
1301300.0,
1301320.0,
1301340.0,
1301360.0,
1301380.0,
1301400.0,
1301420.0,
1301440.0,
1301460.0,
1301480.0,
1301500.0,
1301520.0,
1301540.0,
1301560.0,
1301580.0,
1301600.0,
1301620.0,
1301640.0,
1301660.0,
1301680.0,
1301700.0,
1301720.0,
1301740.0,
1301760.0,
1301780.0,
1301800.0,
1301820.0,
1301840.0,
1301860.0,
1301880.0,
1301900.0,
1301920.0,
1301940.0,
1301960.0,
1301980.0,
1302000.0,
1302020.0,
1302040.0,
1302060.0,
1302080.0,
1302100.0,
1302120.0,
1302140.0,
1302160.0,
1302180.0,
1302200.0,
1302220.0,
1302240.0,726.8033550455858
1302260.0,722.0532289627594
1302280.0,717.4628590715068
1302300.0,713.632126493524
1302320.0,710.8116179574832
1302340.0,709.0994894452999
1302360.0,708.4215740734699
1302380.0,708.5410630101635
1302400.0,709.0986398963503
1302420.0,709.6792042309304
1302440.0,709.887510104483
1302460.0,709.4174323975706
1302480.0,708.0973943575302
1302500.0,705.9031414210223
1302520.0,702.9456629154548
1302540.0,699.4452847085914
1302560.0,695.6951470651753
1302580.0,692.0133789099074
1302600.0,688.6928624908462
1302620.0,685.9663634787208
1302640.0,683.9983486719912
1302660.0,682.8909606893787
1302680.0,682.6851432910564
1302700.0,683.3602333982046
1302720.0,684.8444887563759
1302740.0,687.0368215575894
1302760.0,689.8314882278532
1302780.0,693.1411155217812
1302800.0,696.9073589154485
1302820.0,701.1004162786094
1302840.0,705.7153358517735
1302860.0,710.7595154743282
1302880.0,716.2302267103753
1302900.0,722.0931282520351
1302920.0,728.271632596056
1302940.0,734.6504787577417
1302960.0,741.1054084666854
1302980.0,747.5596122639361
1303000.0,754.049787944632
1303020.0,760.7795870438681
1303040.0,768.1449037098012
1303060.0,776.7198935861386
1303080.0,787.1912702650022
1303100.0,800.2201268998512
1303120.0,816.2259377723395
1303140.0,835.114062778374
1303160.0,856.0082724282449
1303180.0,877.1010065213179
1303200.0,895.7760992280862
1303220.0,909.1878670969623
1303240.0,915.4675147157932
1303260.0,915.2880550804451
1303280.0,911.8591701313624
1303300.0,909.0272998187316
1303320.0,909.7866297087772
1303340.0,915.7237679943607
1303360.0,927.0779187071032
1303380.0,943.1133918545286
1303400.0,962.5793809968181
1303420.0,984.1154207473412
1303440.0,1006.5344098546415
1303460.0,1028.9700180441578
1303480.0,1050.909419621647
1303500.0,1072.1478603315984
1303520.0,1092.7032765791246
1303540.0,1112.722435250638
1303560.0,1132.399657796036
1303580.0,1151.91869391864
1303600.0,1171.4198490190395
1303620.0,1190.9889075328697
1303640.0,1210.6616639358335
1303660.0,1230.4373621983173
1303680.0,1250.295236552479
1303700.0,1270.209871074923
1303720.0,1290.162675502968
1303740.0,1310.1480821073187
1303760.0,1330.1740124378398
1303780.0,1350.2568319770096
1303800.0,1370.4115919903834
1303820.0,1390.6390463902628
1303840.0,1410.9118442894915
1303860.0,1431.163401747669
1303880.0,1451.2840148701328
1303900.0,1471.1293482133572
1303920.0,1490.545913678034
1303940.0,1509.415900240271
1303960.0,1527.7192343234542
1303980.0,1545.6039755628692
1304000.0,1563.4477292944841
1304020.0,1581.8842968317279
1304040.0,1601.7639645537786
1304060.0,1624.0162161201292
1304080.0,1649.394103039353
1304100.0,1678.1031232613932
1304120.0,1709.3550305971069
1304140.0,1740.9352101981663
1304160.0,1768.921962148599
1304180.0,1787.7312508582781
1304200.0,1790.6587976001204
1304220.0,1771.0265634734162
1304240.0,1723.8858857992454
1304260.0,1647.9727997608861
1304280.0,1547.3492426239366
1304300.0,1431.9355967853865
1304320.0,1315.8190939629362
1304340.0,1212.933975527106
1304360.0,1132.8051229017897
1304380.0,1079.048165685104
1304400.0,1050.1384135474755
1304420.0,1041.2093738897079
1304440.0,1045.9826808156708
1304460.0,1058.3110102124613
1304480.0,1073.139307302036
1304500.0,1086.9197867049595
1304520.0,1097.6485571640173
1304540.0,1104.6928722445741
1304560.0,1108.4638545190678
1304580.0,1109.9660438675842
1304600.0,1110.3510169526978
1304620.0,1110.5903467900378
1304640.0,1111.2955724095202
1304660.0,1112.6637037524183
1304680.0,1114.519208086795
1304700.0,1116.4158083608959
1304720.0,1117.7722814293368
1304740.0,1118.007417343527
1304760.0,1116.644536536641
1304780.0,1113.3780196163157
1304800.0,1108.1116262688197
1304820.0,1100.9761985537657
1304840.0,1092.3127909056325
1304860.0,1082.6133830410938
1304880.0,1072.4365299006251
1304900.0,1062.3254461783094
1304920.0,1052.74199634917
1304940.0,1044.0276026486906
1304960.0,1036.3935730988392
1304980.0,1029.9275959382865
1305000.0,1024.6111411776299
1305020.0,1020.3445517317517
1305040.0,1016.9759488892889
1305060.0,1014.3366131980599
1305080.0,1012.2839504639384
1305100.0,1010.738041717018
1305120.0,1009.6967840160963
1305140.0,1009.2243250768803
1305160.0,1009.403575938464
1305180.0,1010.2600110660047
1305200.0,1011.6767094015242
1305220.0,1013.3293732723344
1305240.0,1014.6656958535223
1305260.0,1014.9482141670214
1305280.0,1013.3852263750405
1305300.0,1009.3616598392131
1305320.0,1002.7542324241249
1305340.0,994.2882448408478
1305360.0,985.8621087735361
1305380.0,980.7256473694628
1305400.0,983.3725249035635
1305420.0,999.0254276470171
1305440.0,1032.6371317680057
1305460.0,1087.4447200781444
1305480.0,1163.3361823527034
1305500.0,1255.5813854837481
1305520.0,1354.8050467045764
1305540.0,1408.5334591846934
1305560.0,
1305580.0,
1305600.0,
1305620.0,
1305640.0,
1305660.0,
1305680.0,
1305700.0,
1305720.0,
1305740.0,
1305760.0,
1305780.0,
1305800.0,
1305820.0,
1305840.0,
1305860.0,
1305880.0,
1305900.0,
1305920.0,
1305940.0,
1305960.0,
1305980.0,
1306000.0,
1306020.0,
1306040.0,
1306060.0,
1306080.0,
1306100.0,
1306120.0,
1306140.0,
1306160.0,
1306180.0,
1306200.0,
1306220.0,
1306240.0,
1306260.0,
1306280.0,
1306300.0,
1306320.0,
1306340.0,
1306360.0,
1306380.0,
1306400.0,
1306420.0,
1306440.0,
1306460.0,
1306480.0,
1306500.0,
1306520.0,
1306540.0,
1306560.0,
1306580.0,
1306600.0,
1306620.0,
1306640.0,
1306660.0,
1306680.0,
1306700.0,
1306720.0,
1306740.0,
1306760.0,
1306780.0,
1306800.0,
1306820.0,
1306840.0,
1306860.0,
1306880.0,
1306900.0,
1306920.0,
1306940.0,
1306960.0,
1306980.0,
1307000.0,
1307020.0,
1307040.0,
1307060.0,
1307080.0,
1307100.0,
1307120.0,
1307140.0,
1307160.0,
1307180.0,
1307200.0,
1307220.0,
1307240.0,
1307260.0,
1307280.0,
1307300.0,
1307320.0,
1307340.0,
1307360.0,
1307380.0,
1307400.0,
1307420.0,
1307440.0,
1307460.0,
1307480.0,
1307500.0,
1307520.0,
1307540.0,
1307560.0,
1307580.0,
1307600.0,
1307620.0,
1307640.0,
1307660.0,
1307680.0,
1307700.0,
1307720.0,
1307740.0,
1307760.0,
1307780.0,
1307800.0,
1307820.0,
1307840.0,
1307860.0,
1307880.0,
1307900.0,
1307920.0,
1307940.0,
1307960.0,
1307980.0,
1308000.0,
1308020.0,1719.7149548902132
1308040.0,1712.4058476526902
1308060.0,1699.9805735801303
1308080.0,1686.0174507452334
1308100.0,1671.8821127405129
1308120.0,1658.922556723333
1308140.0,1648.1132401148911
1308160.0,1639.846007702397
1308180.0,1633.978040606114
1308200.0,1630.0619565519783
1308220.0,1627.6316446147716
1308240.0,1626.4473312956552
1308260.0,1626.634750606796
1308280.0,1628.6782022183168
1308300.0,1633.2488879734312
1308320.0,1640.8735225680018
1308340.0,1651.4789348334302
1308360.0,1663.888577067004
1308380.0,1675.393703040935
1308400.0,1681.5655815208345
1308420.0,1676.4979759528571
1308440.0,1653.6474937066407
1308460.0,1607.347281135796
1308480.0,1534.8855007694842
1308500.0,1438.7565299141006
1308520.0,1328.3263056582396
1308540.0,1219.7528485650878
1308560.0,1132.7736627842808
1308580.0,1084.4507770257453
1308600.0,1083.5305958953113
1308620.0,1128.0845856677543
1308640.0,1206.335959625057
1308660.0,1300.4393400511651
1308680.0,1392.3717001730633
1308700.0,1441.548711164824
1308720.0,
1308740.0,
1308760.0,
1308780.0,
1308800.0,
1308820.0,
1308840.0,
1308860.0,
1308880.0,
1308900.0,
1308920.0,
1308940.0,
1308960.0,
1308980.0,
1309000.0,
1309020.0,
1309040.0,
1309060.0,
1309080.0,
1309100.0,
1309120.0,
1309140.0,
1309160.0,
1309180.0,
1309200.0,
1309220.0,
1309240.0,
1309260.0,
1309280.0,
1309300.0,
1309320.0,
1309340.0,
1309360.0,
1309380.0,
1309400.0,
1309420.0,
1309440.0,
1309460.0,
1309480.0,
1309500.0,
1309520.0,
1309540.0,
1309560.0,
1309580.0,
1309600.0,
1309620.0,
1309640.0,
1309660.0,
1309680.0,
1309700.0,
1309720.0,
1309740.0,
1309760.0,
1309780.0,
1309800.0,
1309820.0,
1309840.0,
1309860.0,
1309880.0,
1309900.0,
1309920.0,
1309940.0,
1309960.0,
1309980.0,
1310000.0,
1310020.0,
1310040.0,
1310060.0,
1310080.0,
1310100.0,
1310120.0,
1310140.0,
1310160.0,
1310180.0,
1310200.0,
1310220.0,
1310240.0,
1310260.0,
1310280.0,
1310300.0,
1310320.0,
1310340.0,
1310360.0,
1310380.0,
1310400.0,
1310420.0,
1310440.0,
1310460.0,
1310480.0,
1310500.0,
1310520.0,
1310540.0,
1310560.0,
1310580.0,
1310600.0,
1310620.0,
1310640.0,
1310660.0,
1310680.0,
1310700.0,
1310720.0,
1310740.0,
1310760.0,
1310780.0,
1310800.0,
1310820.0,
1310840.0,
1310860.0,
1310880.0,
1310900.0,
1310920.0,
1310940.0,
1310960.0,
1310980.0,
1311000.0,
1311020.0,
1311040.0,
1311060.0,
1311080.0,
1311100.0,
1311120.0,
1311140.0,
1311160.0,
1311180.0,
1311200.0,
1311220.0,
1311240.0,
1311260.0,
1311280.0,
1311300.0,
1311320.0,
1311340.0,
1311360.0,
1311380.0,
1311400.0,
1311420.0,
1311440.0,
1311460.0,
1311480.0,
1311500.0,
1311520.0,
1311540.0,
1311560.0,
1311580.0,
1311600.0,
1311620.0,
1311640.0,
1311660.0,
1311680.0,
1311700.0,
1311720.0,
1311740.0,
1311760.0,
1311780.0,
1311800.0,
1311820.0,
1311840.0,
1311860.0,
1311880.0,
1311900.0,
1311920.0,
1311940.0,
1311960.0,
1311980.0,
1312000.0,
1312020.0,
1312040.0,
1312060.0,
1312080.0,
1312100.0,
1312120.0,
1312140.0,
1312160.0,
1312180.0,
1312200.0,
1312220.0,
1312240.0,
1312260.0,
1312280.0,
1312300.0,
1312320.0,
1312340.0,
1312360.0,
1312380.0,
1312400.0,
1312420.0,
1312440.0,
1312460.0,
1312480.0,
1312500.0,
1312520.0,
1312540.0,
1312560.0,
1312580.0,
1312600.0,
1312620.0,
1312640.0,
1312660.0,
1312680.0,
1312700.0,
1312720.0,
1312740.0,
1312760.0,
1312780.0,
1312800.0,
1312820.0,
1312840.0,
1312860.0,
1312880.0,
1312900.0,
1312920.0,
1312940.0,
1312960.0,
1312980.0,
1313000.0,
1313020.0,
1313040.0,
1313060.0,
1313080.0,
1313100.0,
1313120.0,
1313140.0,
1313160.0,
1313180.0,
1313200.0,
1313220.0,
1313240.0,
1313260.0,
1313280.0,
1313300.0,
1313320.0,
1313340.0,
1313360.0,
1313380.0,
1313400.0,
1313420.0,
1313440.0,
1313460.0,
1313480.0,
1313500.0,
1313520.0,
1313540.0,
1313560.0,
1313580.0,
1313600.0,
1313620.0,
1313640.0,
1313660.0,
1313680.0,
1313700.0,
1313720.0,
1313740.0,
1313760.0,
1313780.0,
1313800.0,
1313820.0,
1313840.0,
1313860.0,
1313880.0,
1313900.0,
1313920.0,
1313940.0,
1313960.0,
1313980.0,
1314000.0,
1314020.0,
1314040.0,
1314060.0,
1314080.0,
1314100.0,
1314120.0,
1314140.0,
1314160.0,
1314180.0,
1314200.0,
1314220.0,
1314240.0,
1314260.0,
1314280.0,
1314300.0,
1314320.0,
1314340.0,
1314360.0,
1314380.0,
1314400.0,
1314420.0,
1314440.0,
1314460.0,
1314480.0,
1314500.0,
1314520.0,
1314540.0,
1314560.0,
1314580.0,
1314600.0,
1314620.0,
1314640.0,
1314660.0,
1314680.0,
1314700.0,
1314720.0,
1314740.0,
1314760.0,
1314780.0,
1314800.0,
1314820.0,
1314840.0,
1314860.0,
1314880.0,
1314900.0,
1314920.0,
1314940.0,
1314960.0,
1314980.0,
1315000.0,
1315020.0,
1315040.0,
1315060.0,
1315080.0,
1315100.0,
1315120.0,
1315140.0,
1315160.0,
1315180.0,
1315200.0,
1315220.0,
1315240.0,
1315260.0,
1315280.0,
1315300.0,
1315320.0,
1315340.0,
1315360.0,
1315380.0,
1315400.0,
1315420.0,
1315440.0,
1315460.0,
1315480.0,
1315500.0,
1315520.0,
1315540.0,
1315560.0,
1315580.0,
1315600.0,
1315620.0,
1315640.0,
1315660.0,
1315680.0,
1315700.0,
1315720.0,
1315740.0,
1315760.0,
1315780.0,
1315800.0,
1315820.0,
1315840.0,
1315860.0,
1315880.0,
1315900.0,
1315920.0,
1315940.0,
1315960.0,
1315980.0,
1316000.0,
1316020.0,
1316040.0,
1316060.0,
1316080.0,
1316100.0,
1316120.0,
1316140.0,
1316160.0,
1316180.0,
1316200.0,
1316220.0,
1316240.0,
1316260.0,
1316280.0,
1316300.0,
1316320.0,
1316340.0,
1316360.0,
1316380.0,
1316400.0,
1316420.0,
1316440.0,
1316460.0,
1316480.0,
1316500.0,
1316520.0,
1316540.0,
1316560.0,
1316580.0,
1316600.0,
1316620.0,
1316640.0,
1316660.0,
1316680.0,
1316700.0,
1316720.0,
1316740.0,
1316760.0,
1316780.0,
1316800.0,
1316820.0,
1316840.0,
1316860.0,
1316880.0,
1316900.0,
1316920.0,
1316940.0,
1316960.0,
1316980.0,
1317000.0,
1317020.0,
1317040.0,
1317060.0,
1317080.0,
1317100.0,
1317120.0,
1317140.0,
1317160.0,
1317180.0,
1317200.0,
1317220.0,
1317240.0,
1317260.0,
1317280.0,
1317300.0,
1317320.0,
1317340.0,
1317360.0,
1317380.0,
1317400.0,
1317420.0,
1317440.0,
1317460.0,
1317480.0,
1317500.0,
1317520.0,
1317540.0,
1317560.0,
1317580.0,
1317600.0,
1317620.0,
1317640.0,
1317660.0,
1317680.0,
1317700.0,
1317720.0,
1317740.0,
1317760.0,
1317780.0,
1317800.0,
1317820.0,
1317840.0,
1317860.0,
1317880.0,
1317900.0,
1317920.0,
1317940.0,
1317960.0,
1317980.0,
1318000.0,
1318020.0,
1318040.0,
1318060.0,
1318080.0,
1318100.0,
1318120.0,
1318140.0,
1318160.0,
1318180.0,
1318200.0,
1318220.0,
1318240.0,
1318260.0,
1318280.0,
1318300.0,
1318320.0,
1318340.0,
1318360.0,
1318380.0,
1318400.0,
1318420.0,
1318440.0,
1318460.0,
1318480.0,
1318500.0,
1318520.0,
1318540.0,
1318560.0,
1318580.0,
1318600.0,
1318620.0,
1318640.0,
1318660.0,
1318680.0,
1318700.0,
1318720.0,
1318740.0,
1318760.0,
1318780.0,
1318800.0,
1318820.0,
1318840.0,
1318860.0,
1318880.0,
1318900.0,
1318920.0,
1318940.0,
1318960.0,
1318980.0,
1319000.0,
1319020.0,
1319040.0,
1319060.0,
1319080.0,
1319100.0,
1319120.0,
1319140.0,
1319160.0,
1319180.0,
1319200.0,
1319220.0,
1319240.0,
1319260.0,
1319280.0,
1319300.0,
1319320.0,
1319340.0,
1319360.0,
1319380.0,
1319400.0,
1319420.0,
1319440.0,
1319460.0,
1319480.0,
1319500.0,
1319520.0,
1319540.0,
1319560.0,
1319580.0,
1319600.0,
1319620.0,
1319640.0,
1319660.0,
1319680.0,
1319700.0,
1319720.0,
1319740.0,
1319760.0,
1319780.0,
1319800.0,
1319820.0,
1319840.0,
1319860.0,
1319880.0,
1319900.0,
1319920.0,
1319940.0,
1319960.0,
1319980.0,
1320000.0,
1320020.0,
1320040.0,
1320060.0,
1320080.0,
1320100.0,
1320120.0,
1320140.0,
1320160.0,
1320180.0,
1320200.0,
1320220.0,
1320240.0,
1320260.0,
1320280.0,
1320300.0,
1320320.0,
1320340.0,
1320360.0,
1320380.0,
1320400.0,
1320420.0,
1320440.0,
1320460.0,
1320480.0,
1320500.0,
1320520.0,
1320540.0,
1320560.0,
1320580.0,
1320600.0,
1320620.0,
1320640.0,
1320660.0,
1320680.0,
1320700.0,
1320720.0,
1320740.0,
1320760.0,
1320780.0,
1320800.0,
1320820.0,
1320840.0,
1320860.0,
1320880.0,
1320900.0,
1320920.0,
1320940.0,
1320960.0,
1320980.0,
1321000.0,
1321020.0,
1321040.0,
1321060.0,
1321080.0,
1321100.0,
1321120.0,
1321140.0,
1321160.0,
1321180.0,
1321200.0,
1321220.0,
1321240.0,
1321260.0,
1321280.0,
1321300.0,
1321320.0,
1321340.0,
1321360.0,
1321380.0,
1321400.0,
1321420.0,
1321440.0,
1321460.0,
1321480.0,
1321500.0,1352.1408238017962
1321520.0,1286.8556604974794
1321540.0,1175.6681040662515
1321560.0,1071.2132587912627
1321580.0,983.2822586337961
1321600.0,916.9081163464878
1321620.0,872.4602342834781
1321640.0,846.903179037037
1321660.0,835.3853135330795
1321680.0,832.6576314752598
1321700.0,834.0898124334415
1321720.0,836.2263549539737
1321740.0,836.9344087931646
1321760.0,835.2600740124584
1321780.0,831.1265325181519
1321800.0,824.9891394650033
1321820.0,817.527732386301
1321840.0,809.4188972471993
1321860.0,801.1995050623757
1321880.0,793.2114502481811
1321900.0,785.6065026829285
1321920.0,778.3876059267033
1321940.0,771.4659125414621
1321960.0,764.7184240054947
1321980.0,758.0369594484183
1322000.0,751.363835291593
1322020.0,744.7125103110623
1322040.0,738.172722646232
1322060.0,731.9000706540731
1322080.0,726.0906533904981
1322100.0,720.9434568212099
1322120.0,716.6176468594019
1322140.0,713.198864633963
1322160.0,710.6917777166794
1322180.0,709.044148452901
1322200.0,708.1900501134666
1322220.0,708.0867225725926
1322240.0,708.7237759630775
1322260.0,710.1125448546308
1322280.0,712.265861918957
1322300.0,715.1796364919567
1322320.0,718.8264732952096
1322340.0,723.1583426351232
1322360.0,728.1141117782416
1322380.0,733.6301372860861
1322400.0,739.6470751006934
1322420.0,746.1044254766282
1322440.0,752.9287265854852
1322460.0,760.0297883212986
1322480.0,767.310453002936
1322500.0,774.6843382973963
1322520.0,782.0928647040887
1322540.0,789.5139118920129
1322560.0,796.9584577942622
1322580.0,804.4556073430867
1322600.0,812.0320352908795
1322620.0,819.7003419539784
1322640.0,827.457575679203
1322660.0,835.2892365158435
1322680.0,843.1750622839152
1322700.0,851.0942861649731
1322720.0,859.0292331189619
1322740.0,866.9669948605278
1322760.0,874.8994749504106
1322780.0,882.822368871254
1322800.0,890.7337090738243
1322820.0,898.6325352331554
1322840.0,906.5181047821903
1322860.0,914.3898764276682
1322880.0,922.2482982643078
1322900.0,930.0962189598297
1322920.0,937.9405218162316
1322940.0,945.7933758344591
1322960.0,953.6723448768682
1322980.0,961.5985591927135
1323000.0,969.592313601251
1323020.0,977.6658926868531
1323040.0,985.8141825117818
1323060.0,994.0046857981018
1323080.0,1002.1697749462795
1323100.0,1010.2051127188284
1323120.0,1017.9781655754081
1323140.0,1025.3414833174727
1323160.0,1032.1316480789114
1323180.0,1038.1597502781292
1323200.0,1043.2179154759326
1323220.0,1047.1016988324159
1323240.0,1049.6336882612056
1323260.0,1050.6943777633328
1323280.0,1050.262044489543
1323300.0,1048.4369277176738
1323320.0,1045.4384291170368
1323340.0,1041.5790484335432
1323360.0,1037.2157705231998
1323380.0,1032.7012012600094
1323400.0,1028.3572557808038
1323420.0,1024.4586223748775
1323440.0,1021.2183180141963
1323460.0,1018.7812475888875
1323480.0,1017.2277820128027
1323500.0,1016.5854549840891
1323520.0,1016.843796786389
1323540.0,1017.963845708998
1323560.0,1019.8827730191236
1323580.0,1022.5168554426675
1323600.0,1025.7602822212068
1323620.0,1029.4811953559943
1323640.0,1033.5195332838064
1323660.0,1037.699158203891
1323680.0,1041.8595641988718
1323700.0,1045.8893941076367
1323720.0,1049.740739369578
1323740.0,1053.420410553986
1323760.0,1056.9720668971545
1323780.0,1060.4625817485255
1323800.0,1063.9737010875056
1323820.0,1067.5897898411047
1323840.0,1071.3744138918323
1323860.0,1075.3587348093547
1323880.0,1079.553471748855
1323900.0,1083.9612120543884
1323920.0,1088.5725107219719
1323940.0,1093.3539738890042
1323960.0,1098.2494904575876
1323980.0,1103.19611951907
1324000.0,1108.1381550138342
1324020.0,1113.0290928848212
1324040.0,1117.8229521501476
1324060.0,1122.4758593395575
1324080.0,1126.960565471218
1324100.0,1131.274544517622
1324120.0,1135.4319264132014
1324140.0,1139.446473915014
1324160.0,1143.3210757142967
1324180.0,1147.0499805709374
1324200.0,1150.6310747661648
1324220.0,1154.0762405905245
1324240.0,1157.4094277157565
1324260.0,1160.661701317741
1324280.0,1163.8624161908253
1324300.0,1167.0253849015685
1324320.0,1170.1460757074358
1324340.0,1173.2093942338292
1324360.0,1176.1951124967782
1324380.0,1179.0823964149083
1324400.0,1181.865969982477
1324420.0,1184.5799484378888
1324440.0,1187.3030884115876
1324460.0,1190.1449203468012
1324480.0,1193.2198806082308
1324500.0,1196.6040230216008
1324520.0,1200.2767637829022
1324540.0,1204.0561323396869
1324560.0,1207.5487766781532
1324580.0,1210.1479761034025
1324600.0,1211.1041537596739
1324620.0,1209.6966487275931
1324640.0,1205.524811334266
1324660.0,1198.8824296217451
1324680.0,1191.14222732823
1324700.0,1185.0372060976115
1324720.0,1184.696519357773
1324740.0,1195.2957707875537
1324760.0,1222.2227979079262
1324780.0,1269.7523603069135
1324800.0,1339.3913464303735
1324820.0,1428.318413068241
1324840.0,1528.6751106394668
1324860.0,1589.8939792426747
1324880.0,
1324900.0,
1324920.0,
1324940.0,
1324960.0,
1324980.0,
1325000.0,
1325020.0,
1325040.0,
1325060.0,
1325080.0,
1325100.0,
1325120.0,
1325140.0,
1325160.0,
1325180.0,
1325200.0,
1325220.0,
1325240.0,
1325260.0,
1325280.0,
1325300.0,
1325320.0,
1325340.0,
1325360.0,
1325380.0,
1325400.0,
1325420.0,
1325440.0,
1325460.0,
1325480.0,
1325500.0,
1325520.0,
1325540.0,
1325560.0,
1325580.0,
1325600.0,
1325620.0,
1325640.0,
1325660.0,
1325680.0,
1325700.0,
1325720.0,
1325740.0,
1325760.0,
1325780.0,
1325800.0,
1325820.0,
1325840.0,
1325860.0,
1325880.0,
1325900.0,
1325920.0,
1325940.0,
1325960.0,
1325980.0,
1326000.0,
1326020.0,
1326040.0,
1326060.0,
1326080.0,
1326100.0,
1326120.0,
1326140.0,
1326160.0,
1326180.0,
1326200.0,
1326220.0,
1326240.0,
1326260.0,
1326280.0,
1326300.0,
1326320.0,
1326340.0,
1326360.0,
1326380.0,
1326400.0,
1326420.0,
1326440.0,
1326460.0,
1326480.0,
1326500.0,
1326520.0,
1326540.0,
1326560.0,
1326580.0,
1326600.0,
1326620.0,
1326640.0,
1326660.0,
1326680.0,
1326700.0,
1326720.0,
1326740.0,
1326760.0,
1326780.0,
1326800.0,
1326820.0,
1326840.0,
1326860.0,
1326880.0,
1326900.0,
1326920.0,
1326940.0,
1326960.0,
1326980.0,
1327000.0,
1327020.0,
1327040.0,
1327060.0,
1327080.0,
1327100.0,
1327120.0,
1327140.0,
1327160.0,
1327180.0,
1327200.0,
1327220.0,
1327240.0,
1327260.0,
1327280.0,
1327300.0,
1327320.0,
1327340.0,
1327360.0,
1327380.0,
1327400.0,
1327420.0,
1327440.0,
1327460.0,
1327480.0,
1327500.0,
1327520.0,
1327540.0,
1327560.0,
1327580.0,
1327600.0,
1327620.0,
1327640.0,
1327660.0,
1327680.0,
1327700.0,
1327720.0,
1327740.0,
1327760.0,
1327780.0,
1327800.0,
1327820.0,
1327840.0,
1327860.0,
1327880.0,
1327900.0,
1327920.0,
1327940.0,
1327960.0,
1327980.0,
1328000.0,
1328020.0,
1328040.0,
1328060.0,
1328080.0,
1328100.0,
1328120.0,
1328140.0,
1328160.0,
1328180.0,
1328200.0,
1328220.0,
1328240.0,
1328260.0,
1328280.0,
1328300.0,
1328320.0,
1328340.0,
1328360.0,
1328380.0,
1328400.0,
1328420.0,
1328440.0,
1328460.0,
1328480.0,
1328500.0,
1328520.0,
1328540.0,
1328560.0,
1328580.0,
1328600.0,
1328620.0,
1328640.0,
1328660.0,
1328680.0,
1328700.0,
1328720.0,
1328740.0,
1328760.0,
1328780.0,
1328800.0,
1328820.0,
1328840.0,
1328860.0,
1328880.0,
1328900.0,
1328920.0,
1328940.0,
1328960.0,
1328980.0,
1329000.0,
1329020.0,
1329040.0,
1329060.0,
1329080.0,
1329100.0,
1329120.0,
1329140.0,
1329160.0,
1329180.0,
1329200.0,
1329220.0,
1329240.0,
1329260.0,
1329280.0,
1329300.0,
1329320.0,982.4987014268372
1329340.0,977.4059203667209
1329360.0,969.4041754439404
1329380.0,960.656996262593
1329400.0,951.3975844741537
1329420.0,941.8607238870303
1329440.0,932.2660161735721
1329460.0,922.8271265899253
1329480.0,913.7689341212041
1329500.0,905.3403805272306
1329520.0,897.8184271234925
1329540.0,891.5009064261139
1329560.0,886.6794027101796
1329580.0,883.5889645111804
1329600.0,882.3445919784302
1329620.0,882.603582113908
1329640.0,
1329660.0,
1329680.0,
1329700.0,
1329720.0,
1329740.0,
1329760.0,
1329780.0,
1329800.0,
1329820.0,
1329840.0,
1329860.0,
1329880.0,
1329900.0,
1329920.0,
1329940.0,
1329960.0,
1329980.0,
1330000.0,
1330020.0,
1330040.0,
1330060.0,
1330080.0,
1330100.0,
1330120.0,
1330140.0,
1330160.0,
1330180.0,
1330200.0,
1330220.0,
1330240.0,
1330260.0,
1330280.0,
1330300.0,
1330320.0,
1330340.0,
1330360.0,
1330380.0,
1330400.0,
1330420.0,
1330440.0,
1330460.0,
1330480.0,
1330500.0,
1330520.0,
1330540.0,
1330560.0,
1330580.0,
1330600.0,
1330620.0,
1330640.0,
1330660.0,
1330680.0,
1330700.0,
1330720.0,
1330740.0,
1330760.0,
1330780.0,
1330800.0,
1330820.0,
1330840.0,
1330860.0,
1330880.0,
1330900.0,
1330920.0,
1330940.0,
1330960.0,
1330980.0,
1331000.0,
1331020.0,
1331040.0,
1331060.0,
1331080.0,
1331100.0,
1331120.0,
1331140.0,
1331160.0,
1331180.0,
1331200.0,
1331220.0,
1331240.0,
1331260.0,
1331280.0,
1331300.0,
1331320.0,
1331340.0,
1331360.0,
1331380.0,
1331400.0,
1331420.0,
1331440.0,
1331460.0,
1331480.0,
1331500.0,
1331520.0,
1331540.0,
1331560.0,
1331580.0,
1331600.0,
1331620.0,
1331640.0,
1331660.0,
1331680.0,
1331700.0,
1331720.0,
1331740.0,
1331760.0,
1331780.0,
1331800.0,
1331820.0,
1331840.0,
1331860.0,
1331880.0,
1331900.0,
1331920.0,
1331940.0,
1331960.0,
1331980.0,
1332000.0,
1332020.0,
1332040.0,
1332060.0,
1332080.0,
1332100.0,
1332120.0,
1332140.0,
1332160.0,
1332180.0,
1332200.0,
1332220.0,
1332240.0,
1332260.0,
1332280.0,
1332300.0,
1332320.0,
1332340.0,
1332360.0,
1332380.0,
1332400.0,
1332420.0,
1332440.0,
1332460.0,
1332480.0,
1332500.0,
1332520.0,
1332540.0,
1332560.0,
1332580.0,
1332600.0,
1332620.0,
1332640.0,
1332660.0,
1332680.0,
1332700.0,
1332720.0,
1332740.0,
1332760.0,1621.6305391182632
1332780.0,1619.5344238337973
1332800.0,1594.521520682442
1332820.0,1539.5610149390782
1332840.0,1460.7459799594606
1332860.0,1371.01643876665
1332880.0,1285.6510347271371
1332900.0,1216.9959717448464
1332920.0,1171.7023323723247
1332940.0,1150.7002496927912
1332960.0,1150.7012149961358
1332980.0,1166.1589259037764
1333000.0,1191.031428468983
1333020.0,1220.026228103143
1333040.0,1249.2577294692085
1333060.0,1276.4014121485138
1333080.0,1300.5014426144185
1333100.0,1321.5986232051885
1333120.0,1340.3174707699304
1333140.0,1357.5061614775707
1333160.0,1373.976994442966
1333180.0,1390.357553112105
1333200.0,1407.037900226261
1333220.0,1424.1868024368393
1333240.0,1441.8075547989044
1333260.0,1459.8079114310933
1333280.0,1478.0655163609215
1333300.0,1496.4774547524978
1333320.0,1514.9885489064168
1333340.0,1533.5972548515188
1333360.0,1552.3407010794995
1333380.0,1571.2622301062518
1333400.0,1590.366536625771
1333420.0,1609.5696958085382
1333440.0,1628.6540913866318
1333460.0,1647.2408407665175
1333480.0,1664.7933628896826
1333500.0,1680.6631570361612
1333520.0,1694.1801806834924
1333540.0,1704.7730576384274
1333560.0,1712.0772996812007
1333580.0,1715.9695327805507
1333600.0,1716.538878522487
1333620.0,1714.0421506214457
1333640.0,1708.8260709939018
1333660.0,1701.3067119221882
1333680.0,1692.067978670558
1333700.0,1681.9696066099732
1333720.0,1672.1257727860223
1333740.0,1663.718269767955
1333760.0,1657.6568576171317
1333780.0,1654.1628689137463
1333800.0,1652.337136447451
1333820.0,1649.793256958371
1333840.0,1642.538750326535
1333860.0,1625.2404657055924
1333880.0,1591.9581506158274
1333900.0,1537.4346166276935
1333920.0,1458.8557419798126
1333940.0,1357.7317634550877
1333960.0,1247.2484182306696
1333980.0,
1334000.0,
1334020.0,
1334040.0,
1334060.0,
1334080.0,
1334100.0,
1334120.0,
1334140.0,
1334160.0,
1334180.0,
1334200.0,
1334220.0,
1334240.0,
1334260.0,
1334280.0,
1334300.0,
1334320.0,
1334340.0,
1334360.0,
1334380.0,
1334400.0,
1334420.0,
1334440.0,
1334460.0,
1334480.0,
1334500.0,
1334520.0,
1334540.0,
1334560.0,
1334580.0,
1334600.0,
1334620.0,
1334640.0,
1334660.0,
1334680.0,
1334700.0,
1334720.0,
1334740.0,
1334760.0,
1334780.0,
1334800.0,
1334820.0,
1334840.0,
1334860.0,
1334880.0,
1334900.0,
1334920.0,
1334940.0,
1334960.0,
1334980.0,
1335000.0,
1335020.0,
1335040.0,
1335060.0,
1335080.0,
1335100.0,
1335120.0,
1335140.0,
1335160.0,
1335180.0,
1335200.0,
1335220.0,
1335240.0,
1335260.0,
1335280.0,
1335300.0,
1335320.0,
1335340.0,
1335360.0,
1335380.0,
1335400.0,
1335420.0,
1335440.0,
1335460.0,
1335480.0,
1335500.0,
1335520.0,
1335540.0,
1335560.0,
1335580.0,
1335600.0,
1335620.0,
1335640.0,
1335660.0,
1335680.0,
1335700.0,
1335720.0,
1335740.0,
1335760.0,
1335780.0,
1335800.0,
1335820.0,
1335840.0,
1335860.0,
1335880.0,
1335900.0,
1335920.0,
1335940.0,
1335960.0,
1335980.0,
1336000.0,
1336020.0,
1336040.0,
1336060.0,
1336080.0,
1336100.0,
1336120.0,
1336140.0,
1336160.0,
1336180.0,
1336200.0,
1336220.0,
1336240.0,
1336260.0,
1336280.0,
1336300.0,
1336320.0,
1336340.0,
1336360.0,
1336380.0,
1336400.0,
1336420.0,
1336440.0,
1336460.0,
1336480.0,
1336500.0,
1336520.0,
1336540.0,
1336560.0,
1336580.0,
1336600.0,
1336620.0,
1336640.0,
1336660.0,
1336680.0,
1336700.0,
1336720.0,
1336740.0,
1336760.0,
1336780.0,
1336800.0,
1336820.0,
1336840.0,
1336860.0,
1336880.0,
1336900.0,
1336920.0,
1336940.0,
1336960.0,
1336980.0,
1337000.0,
1337020.0,
1337040.0,
1337060.0,
1337080.0,
1337100.0,
1337120.0,
1337140.0,
1337160.0,
1337180.0,
1337200.0,
1337220.0,
1337240.0,
1337260.0,
1337280.0,
1337300.0,
1337320.0,
1337340.0,
1337360.0,
1337380.0,
1337400.0,
1337420.0,
1337440.0,
1337460.0,
1337480.0,
1337500.0,
1337520.0,
1337540.0,
1337560.0,
1337580.0,
1337600.0,
1337620.0,
1337640.0,
1337660.0,
1337680.0,
1337700.0,
1337720.0,
1337740.0,
1337760.0,
1337780.0,
1337800.0,
1337820.0,
1337840.0,
1337860.0,
1337880.0,
1337900.0,
1337920.0,
1337940.0,
1337960.0,
1337980.0,
1338000.0,
1338020.0,
1338040.0,
1338060.0,
1338080.0,
1338100.0,
1338120.0,
1338140.0,
1338160.0,
1338180.0,
1338200.0,
1338220.0,
1338240.0,
1338260.0,
1338280.0,
1338300.0,
1338320.0,
1338340.0,
1338360.0,
1338380.0,
1338400.0,
1338420.0,
1338440.0,
1338460.0,
1338480.0,
1338500.0,
1338520.0,
1338540.0,
1338560.0,
1338580.0,
1338600.0,
1338620.0,
1338640.0,
1338660.0,
1338680.0,
1338700.0,
1338720.0,
1338740.0,
1338760.0,
1338780.0,
1338800.0,
1338820.0,
1338840.0,
1338860.0,
1338880.0,
1338900.0,
1338920.0,
1338940.0,
1338960.0,
1338980.0,
1339000.0,
1339020.0,
1339040.0,
1339060.0,
1339080.0,
1339100.0,
1339120.0,
1339140.0,
1339160.0,
1339180.0,
1339200.0,
1339220.0,
1339240.0,
1339260.0,
1339280.0,
1339300.0,
1339320.0,
1339340.0,
1339360.0,
1339380.0,
1339400.0,
1339420.0,
1339440.0,
1339460.0,
1339480.0,
1339500.0,
1339520.0,
1339540.0,
1339560.0,
1339580.0,
1339600.0,
1339620.0,
1339640.0,
1339660.0,
1339680.0,
1339700.0,
1339720.0,
1339740.0,
1339760.0,
1339780.0,
1339800.0,
1339820.0,
1339840.0,
1339860.0,
1339880.0,
1339900.0,
1339920.0,
1339940.0,
1339960.0,
1339980.0,
1340000.0,
1340020.0,
1340040.0,
1340060.0,
1340080.0,
1340100.0,
1340120.0,
1340140.0,
1340160.0,
1340180.0,
1340200.0,
1340220.0,
1340240.0,
1340260.0,
1340280.0,
1340300.0,
1340320.0,
1340340.0,
1340360.0,
1340380.0,
1340400.0,
1340420.0,
1340440.0,
1340460.0,
1340480.0,
1340500.0,
1340520.0,
1340540.0,
1340560.0,
1340580.0,
1340600.0,
1340620.0,
1340640.0,
1340660.0,
1340680.0,
1340700.0,
1340720.0,
1340740.0,
1340760.0,
1340780.0,
1340800.0,
1340820.0,
1340840.0,
1340860.0,
1340880.0,
1340900.0,
1340920.0,
1340940.0,
1340960.0,
1340980.0,
1341000.0,
1341020.0,
1341040.0,
1341060.0,
1341080.0,
1341100.0,
1341120.0,
1341140.0,
1341160.0,
1341180.0,
1341200.0,
1341220.0,
1341240.0,
1341260.0,
1341280.0,
1341300.0,
1341320.0,
1341340.0,
1341360.0,
1341380.0,
1341400.0,
1341420.0,
1341440.0,
1341460.0,
1341480.0,
1341500.0,
1341520.0,
1341540.0,
1341560.0,
1341580.0,
1341600.0,
1341620.0,
1341640.0,
1341660.0,
1341680.0,
1341700.0,
1341720.0,
1341740.0,
1341760.0,
1341780.0,
1341800.0,
1341820.0,
1341840.0,
1341860.0,
1341880.0,
1341900.0,
1341920.0,
1341940.0,
1341960.0,
1341980.0,
1342000.0,
1342020.0,
1342040.0,
1342060.0,
1342080.0,
1342100.0,
1342120.0,
1342140.0,
1342160.0,
1342180.0,
1342200.0,
1342220.0,
1342240.0,
1342260.0,
1342280.0,
1342300.0,
1342320.0,
1342340.0,
1342360.0,
1342380.0,
1342400.0,
1342420.0,
1342440.0,
1342460.0,
1342480.0,
1342500.0,
1342520.0,
1342540.0,
1342560.0,
1342580.0,
1342600.0,
1342620.0,
1342640.0,
1342660.0,
1342680.0,
1342700.0,
1342720.0,
1342740.0,
1342760.0,
1342780.0,
1342800.0,
1342820.0,
1342840.0,
1342860.0,
1342880.0,
1342900.0,
1342920.0,
1342940.0,
1342960.0,
1342980.0,
1343000.0,
1343020.0,
1343040.0,
1343060.0,
1343080.0,
1343100.0,
1343120.0,
1343140.0,
1343160.0,
1343180.0,
1343200.0,
1343220.0,
1343240.0,
1343260.0,
1343280.0,
1343300.0,
1343320.0,
1343340.0,
1343360.0,
1343380.0,
1343400.0,
1343420.0,
1343440.0,
1343460.0,
1343480.0,
1343500.0,
1343520.0,
1343540.0,
1343560.0,
1343580.0,
1343600.0,
1343620.0,
1343640.0,
1343660.0,
1343680.0,
1343700.0,
1343720.0,
1343740.0,
1343760.0,
1343780.0,
1343800.0,
1343820.0,
1343840.0,
1343860.0,
1343880.0,
1343900.0,
1343920.0,
1343940.0,
1343960.0,
1343980.0,
1344000.0,
1344020.0,
1344040.0,
1344060.0,
1344080.0,
1344100.0,
1344120.0,
1344140.0,
1344160.0,
1344180.0,
1344200.0,
1344220.0,
1344240.0,
1344260.0,
1344280.0,
1344300.0,
1344320.0,
1344340.0,
1344360.0,
1344380.0,
1344400.0,
1344420.0,
1344440.0,
1344460.0,
1344480.0,
1344500.0,
1344520.0,
1344540.0,
1344560.0,
1344580.0,
1344600.0,
1344620.0,
1344640.0,
1344660.0,
1344680.0,
1344700.0,1301.178514383061
1344720.0,1190.3561924407181
1344740.0,1079.0470338218818
1344760.0,984.2674995542184
1344780.0,912.4427132543709
1344800.0,864.7931219097297
1344820.0,838.5477044058711
1344840.0,828.6795722123552
1344860.0,829.5184738906817
1344880.0,835.9200660053299
1344900.0,843.9114082030867
1344920.0,850.8684536027502
1344940.0,855.3655474481895
1344960.0,856.8535575516769
1344980.0,855.2988298302189
1345000.0,850.8745266410333
1345020.0,843.7583691054815
1345040.0,834.0559500081894
1345060.0,821.8518625038693
1345080.0,807.3968488202601
1345100.0,791.4126380416144
1345120.0,775.4514384975616
1345140.0,762.1985889829436
1345160.0,755.5707047300784
1345180.0,760.4555393833541
1345200.0,781.9668696894067
1345220.0,824.18960972469
1345240.0,888.5813841087577
1345260.0,972.4544208696846
1345280.0,1058.4291146285957
1345300.0,
1345320.0,
1345340.0,
1345360.0,
1345380.0,
1345400.0,
1345420.0,
1345440.0,
1345460.0,
1345480.0,
1345500.0,
1345520.0,
1345540.0,
1345560.0,
1345580.0,
1345600.0,
1345620.0,
1345640.0,
1345660.0,
1345680.0,
1345700.0,
1345720.0,
1345740.0,
1345760.0,
1345780.0,
1345800.0,
1345820.0,
1345840.0,
1345860.0,
1345880.0,
1345900.0,
1345920.0,
1345940.0,
1345960.0,
1345980.0,
1346000.0,
1346020.0,
1346040.0,
1346060.0,
1346080.0,
1346100.0,
1346120.0,
1346140.0,
1346160.0,
1346180.0,
1346200.0,
1346220.0,
1346240.0,
1346260.0,
1346280.0,
1346300.0,
1346320.0,
1346340.0,
1346360.0,
1346380.0,
1346400.0,
1346420.0,
1346440.0,
1346460.0,
1346480.0,
1346500.0,
1346520.0,
1346540.0,
1346560.0,
1346580.0,
1346600.0,
1346620.0,
1346640.0,
1346660.0,
1346680.0,
1346700.0,
1346720.0,
1346740.0,
1346760.0,
1346780.0,
1346800.0,
1346820.0,
1346840.0,
1346860.0,
1346880.0,
1346900.0,
1346920.0,
1346940.0,
1346960.0,
1346980.0,
1347000.0,
1347020.0,
1347040.0,
1347060.0,
1347080.0,
1347100.0,
1347120.0,
1347140.0,
1347160.0,
1347180.0,
1347200.0,
1347220.0,
1347240.0,
1347260.0,
1347280.0,
1347300.0,
1347320.0,
1347340.0,
1347360.0,
1347380.0,
1347400.0,
1347420.0,
1347440.0,
1347460.0,
1347480.0,
1347500.0,
1347520.0,
1347540.0,
1347560.0,
1347580.0,
1347600.0,
1347620.0,
1347640.0,
1347660.0,
1347680.0,
1347700.0,
1347720.0,
1347740.0,
1347760.0,
1347780.0,
1347800.0,
1347820.0,
1347840.0,
1347860.0,
1347880.0,
1347900.0,
1347920.0,
1347940.0,
1347960.0,
1347980.0,
1348000.0,
1348020.0,
1348040.0,
1348060.0,
1348080.0,
1348100.0,
1348120.0,
1348140.0,
1348160.0,
1348180.0,
1348200.0,
1348220.0,
1348240.0,
1348260.0,
1348280.0,
1348300.0,
1348320.0,
1348340.0,
1348360.0,
1348380.0,
1348400.0,
1348420.0,
1348440.0,
1348460.0,
1348480.0,
1348500.0,
1348520.0,
1348540.0,
1348560.0,
1348580.0,
1348600.0,
1348620.0,
1348640.0,
1348660.0,
1348680.0,
1348700.0,
1348720.0,
1348740.0,
1348760.0,
1348780.0,
1348800.0,
1348820.0,
1348840.0,
1348860.0,
1348880.0,
1348900.0,
1348920.0,
1348940.0,
1348960.0,
1348980.0,
1349000.0,
1349020.0,
1349040.0,
1349060.0,
1349080.0,
1349100.0,
1349120.0,
1349140.0,
1349160.0,
1349180.0,
1349200.0,
1349220.0,
1349240.0,
1349260.0,
1349280.0,
1349300.0,
1349320.0,
1349340.0,
1349360.0,
1349380.0,
1349400.0,
1349420.0,
1349440.0,
1349460.0,
1349480.0,
1349500.0,
1349520.0,
1349540.0,
1349560.0,
1349580.0,
1349600.0,
1349620.0,
1349640.0,
1349660.0,
1349680.0,
1349700.0,
1349720.0,
1349740.0,
1349760.0,
1349780.0,
1349800.0,
1349820.0,
1349840.0,
1349860.0,
1349880.0,
1349900.0,
1349920.0,
1349940.0,
1349960.0,
1349980.0,
1350000.0,
1350020.0,
1350040.0,
1350060.0,
1350080.0,
1350100.0,
1350120.0,
1350140.0,
1350160.0,
1350180.0,
1350200.0,
1350220.0,
1350240.0,
1350260.0,
1350280.0,
1350300.0,
1350320.0,
1350340.0,
1350360.0,
1350380.0,
1350400.0,
1350420.0,
1350440.0,
1350460.0,
1350480.0,
1350500.0,
1350520.0,
1350540.0,
1350560.0,
1350580.0,
1350600.0,
1350620.0,
1350640.0,
1350660.0,
1350680.0,
1350700.0,
1350720.0,
1350740.0,
1350760.0,
1350780.0,
1350800.0,
1350820.0,
1350840.0,
1350860.0,
1350880.0,
1350900.0,
1350920.0,
1350940.0,
1350960.0,
1350980.0,
1351000.0,
1351020.0,
1351040.0,
1351060.0,
1351080.0,
1351100.0,
1351120.0,
1351140.0,
1351160.0,
1351180.0,
1351200.0,
1351220.0,
1351240.0,
1351260.0,
1351280.0,
1351300.0,
1351320.0,
1351340.0,
1351360.0,
1351380.0,
1351400.0,
1351420.0,1141.517818217765
1351440.0,1167.1290734028814
1351460.0,1220.4570758108339
1351480.0,1289.1489638625897
1351500.0,1365.4858775280939
1351520.0,1437.2933641400411
1351540.0,1490.8624346410677
1351560.0,1515.7711425662155
1351580.0,1507.650576897746
1351600.0,1467.8985540539993
1351620.0,1403.3772415968817
1351640.0,1325.2743157681866
1351660.0,1245.754369072914
1351680.0,1174.5044114406248
1351700.0,1117.1202692880115
1351720.0,1075.2469674901963
1351740.0,1047.6419365165013
1351760.0,1031.473094885585
1351780.0,1023.4334245029252
1351800.0,1020.9754407495748
1351820.0,
1351840.0,
1351860.0,
1351880.0,
1351900.0,
1351920.0,
1351940.0,
1351960.0,
1351980.0,
1352000.0,
1352020.0,
1352040.0,
1352060.0,
1352080.0,
1352100.0,
1352120.0,
1352140.0,
1352160.0,
1352180.0,
1352200.0,
1352220.0,
1352240.0,
1352260.0,
1352280.0,
1352300.0,
1352320.0,
1352340.0,
1352360.0,
1352380.0,
1352400.0,
1352420.0,
1352440.0,
1352460.0,
1352480.0,
1352500.0,
1352520.0,
1352540.0,
1352560.0,
1352580.0,
1352600.0,
1352620.0,
1352640.0,
1352660.0,
1352680.0,
1352700.0,
1352720.0,
1352740.0,
1352760.0,
1352780.0,
1352800.0,
1352820.0,
1352840.0,
1352860.0,
1352880.0,
1352900.0,
1352920.0,
1352940.0,
1352960.0,
1352980.0,
1353000.0,
1353020.0,
1353040.0,
1353060.0,
1353080.0,
1353100.0,
1353120.0,
1353140.0,
1353160.0,
1353180.0,
1353200.0,928.7940538100876
1353220.0,928.3422134036833
1353240.0,927.2649657692622
1353260.0,925.3603500714796
1353280.0,922.4703184666394
1353300.0,918.5931390356598
1353320.0,913.9048573442093
1353340.0,908.7484006039234
1353360.0,903.5860661550876
1353380.0,898.9222916196738
1353400.0,895.2139920996794
1353420.0,892.7764249785821
1353440.0,891.688893786291
1353460.0,891.7202152042628
1353480.0,892.3023194165535
1353500.0,892.5728272798439
1353520.0,891.5035986443985
1353540.0,888.1413705561326
1353560.0,881.9697872199897
1353580.0,873.3556963009678
1353600.0,864.003695319922
1353620.0,857.3021376738509
1353640.0,858.385797963005
1353660.0,873.7066871852921
1353680.0,909.9595914244808
1353700.0,972.3347418693216
1353720.0,1062.3021214634784
1353740.0,1175.4893563034288
1353760.0,1300.6043507994543
1353780.0,1420.6836899047998
1353800.0,1517.3224832365988
1353820.0,1575.5452624893653
1353840.0,1586.7785358806773
1353860.0,1550.1295157968707
1353880.0,1472.5185531723355
1353900.0,1367.737586997766
1353920.0,1253.8818503501832
1353940.0,1148.6004787031927
1353960.0,1064.4079477448333
1353980.0,1006.8941795836314
1354000.0,975.4917576977207
1354020.0,965.4706602513055
1354040.0,970.1636946332613
1354060.0,982.8271025251084
1354080.0,997.875573389897
1354100.0,1011.46720604697
1354120.0,1021.5522472373275
1354140.0,1027.5629273316408
1354160.0,1029.937121533809
1354180.0,1029.6343282134771
1354200.0,1027.7427389358463
1354220.0,1025.2196362090178
1354240.0,1022.7646718094038
1354260.0,1020.7994003380794
1354280.0,1019.5151985942891
1354300.0,1018.9516666487438
1354320.0,1019.0745715568944
1354340.0,1019.8327686997638
1354360.0,1021.1848672623398
1354380.0,1023.0974180499818
1354400.0,1025.526645737744
1354420.0,1028.4031855610594
1354440.0,1031.6334407121074
1354460.0,1035.1133432928575
1354480.0,1038.7443457767572
1354500.0,1042.4454869896965
1354520.0,1046.1593996615497
1354540.0,1049.852638359133
1354560.0,1053.511935662592
1354580.0,1057.13829861618
1354600.0,1060.7406063800875
1354620.0,1064.3298805731433
1354640.0,1067.9149004309886
1354660.0,1071.4994554389818
1354680.0,1075.0813086175654
1354700.0,1078.652854635388
1354720.0,1082.2034248512996
1354740.0,1085.7231258885984
1354760.0,1089.2079194975827
1354780.0,1092.6653160832723
1354800.0,1096.1195799471675
1354820.0,1099.6148280294651
1354840.0,1103.2140301650895
1354860.0,1106.9919494235803
1354880.0,1111.0207997331324
1354900.0,1115.349124317454
1354920.0,1119.9772732232905
1354940.0,1124.8368076406402
1354960.0,1129.7850896154023
1354980.0,1134.6220266358343
1355000.0,1139.1132472055197
1355020.0,1142.998504939295
1355040.0,1146.0003065725107
1355060.0,1147.8418353753714
1355080.0,1148.2716130858082
1355100.0,1147.1029622199917
1355120.0,1144.2519950406345
1355140.0,1139.7438910555165
1355160.0,1133.681400440788
1355180.0,1126.1835211929317
1355200.0,1117.3086728198032
1355220.0,1106.9938887280753
1355240.0,1095.0515087337042
1355260.0,1081.242687950134
1355280.0,1065.4263027034754
1355300.0,1047.764290279682
1355320.0,1028.9215644855424
1355340.0,1010.1425656742009
1355360.0,993.0497041462519
1355380.0,979.1157682524275
1355400.0,969.1654673509727
1355420.0,963.231827990676
1355440.0,960.6839126214549
1355460.0,960.4705486457894
1355480.0,961.3816822769592
1355500.0,962.2819185839084
1355520.0,962.3078532915928
1355540.0,961.0392644496524
1355560.0,958.6551723312712
1355580.0,956.0734789709957
1355600.0,955.0544577787323
1355620.0,958.2333859831685
1355640.0,969.0478783527864
1355660.0,991.551046527793
1355680.0,1030.0724789455935
1355700.0,1088.4101539689582
1355720.0,1168.3260328126703
1355740.0,1267.7652533088135
1355760.0,1379.6752239232187
1355780.0,1492.6251221085095
1355800.0,1594.150889315073
1355820.0,1675.0218481371364
1355840.0,1731.2562234960765
1355860.0,1763.7772874526713
1355880.0,1776.8874947961162
1355900.0,1776.4719529679228
1355920.0,1768.4738882370596
1355940.0,1757.8778459343673
1355960.0,1748.218238545615
1355980.0,1741.5045287897658
1356000.0,1738.4064677056729
1356020.0,1738.5516895236174
1356040.0,1740.8300402994494
1356060.0,1743.6531187626817
1356080.0,1745.1668413096002
1356100.0,1743.4473162685767
1356120.0,1736.718013218647
1356140.0,1723.6047829350296
1356160.0,1703.393735879218
1356180.0,1676.1847856512875
1356200.0,1642.823935356038
1356220.0,1604.652682078728
1356240.0,1563.2241530315225
1356260.0,1520.0883818183984
1356280.0,1476.6745826802023
1356300.0,1434.2456833777883
1356320.0,1393.872318844348
1356340.0,1356.3683157153655
1356360.0,1322.144806205619
1356380.0,1290.972236698632
1356400.0,1261.6842040969327
1356420.0,1231.9073853113525
1356440.0,1197.9472431712688
1356460.0,1154.9846797375153
1356480.0,1097.7255192369523
1356500.0,1021.5725787995176
1356520.0,924.24281854992
1356540.0,807.5241112610987
1356560.0,678.570566203453
1356580.0,549.8039584438632
1356600.0,436.2017163031366
1356620.0,350.17445083428964
1356640.0,297.89869574003023
1356660.0,278.9881153077989
1356680.0,288.19605080307775
1356700.0,317.77228791551516
1356720.0,359.6064762809645
1356740.0,406.73439958143405
1356760.0,454.1106618693537
1356780.0,498.75393093472906
1356800.0,539.464181580595
1356820.0,576.3238291124295
1356840.0,610.1578097198205
1356860.0,642.0694221030599
1356880.0,673.1096271774802
1356900.0,704.089804802622
1356920.0,735.5167262781315
1356940.0,767.6134597336978
1356960.0,800.3877144019938
1356980.0,833.7151832849225
1357000.0,867.4153764065086
1357020.0,901.3078339180832
1357040.0,935.2453083581482
1357060.0,969.1265215150318
1357080.0,1002.8943401266012
1357100.0,1036.5261288170434
1357120.0,1070.0223106989347
1357140.0,1103.3974765696044
1357160.0,1136.6762821074149
1357180.0,1169.8942415011165
1357200.0,1203.1016137319266
1357220.0,1236.3670667003355
1357240.0,1269.7768824238842
1357260.0,1303.4253707021485
1357280.0,1337.393167874813
1357300.0,1371.712459997893
1357320.0,1406.3219660377292
1357340.0,1441.019472421992
1357360.0,1475.425001592385
1357380.0,1508.9718052972403
1357400.0,1540.9430666086519
1357420.0,1570.566716879131
1357440.0,1597.1662961785378
1357460.0,1620.3401415517374
1357480.0,1640.1069495191296
1357500.0,1656.945310131854
1357520.0,1671.6670597286707
1357540.0,1685.048459669831
1357560.0,1697.2732203738822
1357580.0,1707.3239237531586
1357600.0,1712.4840796308374
1357620.0,1708.2923451223173
1357640.0,1689.1555982385948
1357660.0,1649.654934597612
1357680.0,1586.463506378818
1357700.0,1500.5200376763719
1357720.0,1398.8081384258592
1357740.0,1294.7243810499297
1357760.0,1205.7525020496792
1357780.0,1148.326407799264
1357800.0,1132.7326566288416
1357820.0,1160.4379216608477
1357840.0,1223.8271232446853
1357860.0,1308.1390801801513
1357880.0,1387.506196133511
1357900.0,
1357920.0,
1357940.0,
1357960.0,
1357980.0,
1358000.0,
1358020.0,
1358040.0,
1358060.0,
1358080.0,
1358100.0,
1358120.0,
1358140.0,
1358160.0,
1358180.0,
1358200.0,
1358220.0,
1358240.0,
1358260.0,
1358280.0,
1358300.0,
1358320.0,
1358340.0,
1358360.0,
1358380.0,
1358400.0,
1358420.0,
1358440.0,
1358460.0,
1358480.0,
1358500.0,
1358520.0,
1358540.0,
1358560.0,
1358580.0,
1358600.0,
1358620.0,
1358640.0,
1358660.0,
1358680.0,
1358700.0,
1358720.0,
1358740.0,
1358760.0,
1358780.0,
1358800.0,
1358820.0,
1358840.0,
1358860.0,
1358880.0,
1358900.0,
1358920.0,
1358940.0,
1358960.0,
1358980.0,
1359000.0,
1359020.0,
1359040.0,
1359060.0,
1359080.0,951.8577668874366
1359100.0,943.6813688459588
1359120.0,927.9768534053874
1359140.0,911.3454082849041
1359160.0,894.2575891973256
1359180.0,877.273881582707
1359200.0,860.9939605674463
1359220.0,846.0264409782334
1359240.0,832.9682375759337
1359260.0,822.367945056727
1359280.0,814.6592791151324
1359300.0,810.350363256575
1359320.0,
1359340.0,
1359360.0,
1359380.0,
1359400.0,
1359420.0,
1359440.0,
1359460.0,
1359480.0,
1359500.0,
1359520.0,
1359540.0,
1359560.0,
1359580.0,
1359600.0,
1359620.0,
1359640.0,
1359660.0,
1359680.0,
1359700.0,
1359720.0,
1359740.0,
1359760.0,
1359780.0,
1359800.0,
1359820.0,
1359840.0,
1359860.0,
1359880.0,
1359900.0,
1359920.0,
1359940.0,
1359960.0,
1359980.0,
1360000.0,
1360020.0,
1360040.0,
1360060.0,
1360080.0,
1360100.0,
1360120.0,
1360140.0,
1360160.0,
1360180.0,
1360200.0,
1360220.0,
1360240.0,
1360260.0,
1360280.0,
1360300.0,
1360320.0,
1360340.0,
1360360.0,
1360380.0,
1360400.0,
1360420.0,
1360440.0,
1360460.0,
1360480.0,
1360500.0,
1360520.0,
1360540.0,
1360560.0,
1360580.0,
1360600.0,
1360620.0,
1360640.0,
1360660.0,
1360680.0,
1360700.0,
1360720.0,
1360740.0,
1360760.0,
1360780.0,
1360800.0,
1360820.0,
1360840.0,
1360860.0,
1360880.0,
1360900.0,
1360920.0,
1360940.0,
1360960.0,
1360980.0,
1361000.0,
1361020.0,
1361040.0,
1361060.0,
1361080.0,
1361100.0,
1361120.0,
1361140.0,
1361160.0,
1361180.0,
1361200.0,
1361220.0,
1361240.0,
1361260.0,
1361280.0,
1361300.0,
1361320.0,
1361340.0,
1361360.0,
1361380.0,
1361400.0,
1361420.0,
1361440.0,
1361460.0,
1361480.0,
1361500.0,
1361520.0,
1361540.0,
1361560.0,
1361580.0,
1361600.0,
1361620.0,
1361640.0,
1361660.0,
1361680.0,
1361700.0,
1361720.0,
1361740.0,
1361760.0,
1361780.0,
1361800.0,
1361820.0,
1361840.0,
1361860.0,
1361880.0,
1361900.0,
1361920.0,
1361940.0,
1361960.0,1266.2831351899458
1361980.0,1143.346102026682
1362000.0,1024.2495707744847
1362020.0,921.4165968397483
1362040.0,842.1105651073665
1362060.0,787.9190082301012
1362080.0,755.9878809529174
1362100.0,740.9052481768882
1362120.0,736.5028353772123
1362140.0,737.192183490001
1362160.0,738.7210646439963
1362180.0,738.4106007717877
1362200.0,735.021184140867
1362220.0,728.4152815287551
1362240.0,719.1613957575503
1362260.0,708.1782635757697
1362280.0,696.4693367250773
1362300.0,684.9562842562311
1362320.0,674.392690664881
1362340.0,665.3270780418186
1362360.0,658.0868588740045
1362380.0,652.7693153521138
1362400.0,649.2482075857852
1362420.0,647.2188932276995
1362440.0,646.2801564106555
1362460.0,646.0208885008808
1362480.0,646.0860914454701
1362500.0,646.2131091926958
1362520.0,646.2401862054157
1362540.0,646.0950684201762
1362560.0,645.7727728748221
1362580.0,645.3104051812375
1362600.0,644.7643997009939
1362620.0,644.192869578923
1362640.0,643.6435720045253
1362660.0,643.1466510805897
1362680.0,642.7108665198094
1362700.0,642.3223034243326
1362720.0,641.9453165799534
1362740.0,641.5263569911601
1362760.0,641.0020019391061
1362780.0,640.3126236908344
1362800.0,639.4224143088915
1362820.0,638.3447984617401
1362840.0,637.1696999313892
1362860.0,636.0860871499318
1362880.0,635.3905108526689
1362900.0,635.4711784166261
1362920.0,636.7590263533041
1362940.0,639.6438917191266
1362960.0,644.3665898958006
1362980.0,650.916730437592
1363000.0,658.9826037970182
1363020.0,667.9813318955933
1363040.0,677.1535273490621
1363060.0,685.6894671527427
1363080.0,692.8565037508517
1363100.0,698.1060766093876
1363120.0,701.1387521414256
1363140.0,701.9216142748375
1363160.0,700.6709796520239
1363180.0,697.8059596752408
1363200.0,693.8758805321713
1363220.0,689.4731379330124
1363240.0,685.1530989206656
1363260.0,681.3792329299004
1363280.0,678.491857575473
1363300.0,676.6996549642416
1363320.0,676.095403443124
1363340.0,676.6835467964717
1363360.0,678.4109645973994
1363380.0,681.1951532673864
1363400.0,684.9420478577122
1363420.0,689.5511250221476
1363440.0,694.917448211646
1363460.0,700.9368439367098
1363480.0,707.5037136483536
1363500.0,714.5089922402726
1363520.0,721.844870060139
1363540.0,729.4150938036172
1363560.0,737.145135851347
1363580.0,744.9859420814905
1363600.0,752.9030884810651
1363620.0,760.8588996473502
1363640.0,768.8038765391939
1363660.0,776.6806989017917
1363680.0,784.4401299984768
1363700.0,792.0592762269885
1363720.0,799.5475853515204
1363740.0,806.9324852196498
1363760.0,814.2367770044584
1363780.0,821.4657750076454
1363800.0,828.6077562973966
1363820.0,835.6430752291024
1363840.0,842.5529375302128
1363860.0,849.319016336897
1363880.0,855.9185448277265
1363900.0,862.3185732082699
1363920.0,868.4718323105222
1363940.0,874.3199293804468
1363960.0,879.7986627696822
1363980.0,884.8404332832642
1364000.0,889.3725443106938
1364020.0,893.314507445785
1364040.0,896.5799495622502
1364060.0,899.0823924465956
1364080.0,900.7336212734015
1364100.0,901.4285684700283
1364120.0,901.03908356855
1364140.0,899.4468326202046
1364160.0,896.6270911433219
1364180.0,892.7766784020056
1364200.0,888.4602355667321
1364220.0,884.7301416207605
1364240.0,883.1602265656695
1364260.0,885.7279109996474
1364280.0,894.4909955581343
1364300.0,911.0418418721101
1364320.0,935.7888062743552
1364340.0,967.212899791888
1364360.0,1001.368539372593
1364380.0,1032.021720209856
1364400.0,1051.916584136678
1364420.0,1055.6050976685463
1364440.0,1042.8096603456029
1364460.0,1018.5316850897146
1364480.0,989.8042393052508
1364500.0,962.8390388236515
1364520.0,941.690678020336
1364540.0,928.0401240010539
1364560.0,921.6119150085564
1364580.0,920.8534512173961
1364600.0,923.6266277169298
1364620.0,927.7733628407566
1364640.0,931.5010442439922
1364660.0,933.5809315702174
1364680.0,933.3858800248236
1364700.0,930.8191668158863
1364720.0,926.1839148430099
1364740.0,920.0315362008976
1364760.0,913.0142177708816
1364780.0,905.7614704365963
1364800.0,898.7957707658921
1364820.0,892.4871002188114
1364840.0,887.0465496551305
1364860.0,882.5451549314446
1364880.0,878.9439299933262
1364900.0,876.1286349212163
1364920.0,873.9446355794626
1364940.0,872.2302014584296
1364960.0,870.8461100836466
1364980.0,869.6889762402227
1365000.0,868.6857510927191
1365020.0,867.7771977561503
1365040.0,866.903480052594
1365060.0,865.9937898122047
1365080.0,864.9687660583766
1365100.0,863.7606257485028
1365120.0,862.3338848071728
1365140.0,860.6933021503448
1365160.0,858.8798470503427
1365180.0,856.9687060577917
1365200.0,855.0705225528054
1365220.0,853.3162394441118
1365240.0,851.8244299553301
1365260.0,850.6731974260168
1365280.0,849.89087625801
1365300.0,849.4571300266145
1365320.0,849.313383300884
1365340.0,849.3792610096403
1365360.0,849.5618179133155
1365380.0,849.7562246124922
1365400.0,849.8541272113047
1365420.0,849.756321179324
1365440.0,849.3790938519367
1365460.0,848.6545600357695
1365480.0,847.537931397711
1365500.0,846.0236609026048
1365520.0,844.153286327614
1365540.0,842.0028274371505
1365560.0,839.6627161144673
1365580.0,837.2209020423855
1365600.0,834.7536028701563
1365620.0,832.3288713492686
1365640.0,830.0167273651189
1365660.0,827.9022230966484
1365680.0,826.0876120304486
1365700.0,824.6803598889426
1365720.0,823.7756957987252
1365740.0,823.4349886177354
1365760.0,823.6704869638668
1365780.0,824.4409963695996
1365800.0,825.6623028683964
1365820.0,827.2316904387231
1365840.0,829.052560406418
1365860.0,831.0550560365818
1365880.0,833.2085685154059
1365900.0,835.5232562070356
1365920.0,838.038627440598
1365940.0,840.7954871421292
1365960.0,843.788827491692
1365980.0,846.9069914770414
1366000.0,849.8718675570619
1366020.0,852.200080154312
1366040.0,853.2109329876948
1366060.0,852.1063978638515
1366080.0,848.1380824612454
1366100.0,840.8706288431185
1366120.0,830.5299094147018
1366140.0,818.3739157136814
1366160.0,806.9951578728507
1366180.0,800.4253930915887
1366200.0,803.8655888197845
1366220.0,822.8939645431286
1366240.0,862.109808531498
1366260.0,923.3200554228372
1366280.0,1003.636545339616
1366300.0,1094.1924521345015
1366320.0,1180.5167518368203
1366340.0,1245.6353847296582
1366360.0,1275.1973659449961
1366380.0,1261.795452648241
1366400.0,1207.1040441689447
1366420.0,1136.1717450151684
1366440.0,
1366460.0,
1366480.0,
1366500.0,
1366520.0,
1366540.0,
1366560.0,
1366580.0,
1366600.0,
1366620.0,
1366640.0,
1366660.0,
1366680.0,
1366700.0,
1366720.0,
1366740.0,
1366760.0,
1366780.0,
1366800.0,
1366820.0,
1366840.0,
1366860.0,
1366880.0,
1366900.0,
1366920.0,
1366940.0,
1366960.0,
1366980.0,
1367000.0,
1367020.0,
1367040.0,
1367060.0,
1367080.0,
1367100.0,
1367120.0,
1367140.0,
1367160.0,
1367180.0,
1367200.0,
1367220.0,
1367240.0,
1367260.0,
1367280.0,
1367300.0,
1367320.0,
1367340.0,
1367360.0,
1367380.0,
1367400.0,
1367420.0,
1367440.0,
1367460.0,
1367480.0,
1367500.0,
1367520.0,
1367540.0,
1367560.0,
1367580.0,
1367600.0,
1367620.0,
1367640.0,
1367660.0,
1367680.0,
1367700.0,
1367720.0,
1367740.0,
1367760.0,
1367780.0,
1367800.0,
1367820.0,
1367840.0,
1367860.0,
1367880.0,
1367900.0,
1367920.0,
1367940.0,
1367960.0,
1367980.0,
1368000.0,
1368020.0,
1368040.0,
1368060.0,
1368080.0,
1368100.0,
1368120.0,
1368140.0,
1368160.0,
1368180.0,
1368200.0,
1368220.0,
1368240.0,
1368260.0,
1368280.0,
1368300.0,
1368320.0,
1368340.0,
1368360.0,
1368380.0,
1368400.0,
1368420.0,
1368440.0,
1368460.0,
1368480.0,
1368500.0,
1368520.0,
1368540.0,
1368560.0,
1368580.0,
1368600.0,
1368620.0,
1368640.0,
1368660.0,
1368680.0,
1368700.0,
1368720.0,
1368740.0,
1368760.0,
1368780.0,
1368800.0,
1368820.0,
1368840.0,
1368860.0,
1368880.0,
1368900.0,
1368920.0,
1368940.0,
1368960.0,
1368980.0,
1369000.0,
1369020.0,
1369040.0,
1369060.0,
1369080.0,
1369100.0,
1369120.0,
1369140.0,
1369160.0,
1369180.0,
1369200.0,
1369220.0,
1369240.0,
1369260.0,
1369280.0,
1369300.0,
1369320.0,
1369340.0,
1369360.0,
1369380.0,
1369400.0,
1369420.0,
1369440.0,
1369460.0,
1369480.0,
1369500.0,
1369520.0,
1369540.0,
1369560.0,
1369580.0,
1369600.0,
1369620.0,
1369640.0,
1369660.0,
1369680.0,
1369700.0,
1369720.0,
1369740.0,
1369760.0,
1369780.0,
1369800.0,
1369820.0,
1369840.0,
1369860.0,
1369880.0,
1369900.0,
1369920.0,
1369940.0,
1369960.0,
1369980.0,
1370000.0,
1370020.0,
1370040.0,
1370060.0,
1370080.0,
1370100.0,
1370120.0,
1370140.0,
1370160.0,
1370180.0,
1370200.0,
1370220.0,
1370240.0,
1370260.0,
1370280.0,
1370300.0,
1370320.0,
1370340.0,
1370360.0,
1370380.0,
1370400.0,
1370420.0,
1370440.0,
1370460.0,
1370480.0,
1370500.0,
1370520.0,
1370540.0,
1370560.0,
1370580.0,
1370600.0,
1370620.0,
1370640.0,
1370660.0,
1370680.0,
1370700.0,
1370720.0,
1370740.0,
1370760.0,
1370780.0,
1370800.0,
1370820.0,
1370840.0,
1370860.0,
1370880.0,
1370900.0,
1370920.0,
1370940.0,
1370960.0,
1370980.0,
1371000.0,
1371020.0,
1371040.0,
1371060.0,
1371080.0,1533.7915765300522
1371100.0,1524.977941689019
1371120.0,1486.8772490588765
1371140.0,1421.4329764255554
1371160.0,1337.9634536335545
1371180.0,1250.3135311588478
1371200.0,1171.6407885190142
1371220.0,1110.5306664718605
1371240.0,1069.9660829922834
1371260.0,1048.217062229296
1371280.0,1040.5892445428608
1371300.0,1041.2681486631548
1371320.0,1044.7996216245313
1371340.0,1047.0211714531006
1371360.0,1045.4452625765323
1371380.0,1039.1932054743825
1371400.0,1028.64399517623
1371420.0,1014.9634427746762
1371440.0,999.6378807049168
1371460.0,984.10647067101
1371480.0,969.5388307666383
1371500.0,956.740741285206
1371520.0,946.1517695162005
1371540.0,937.9013219461445
1371560.0,931.8907614289197
1371580.0,927.8812274339065
1371600.0,925.5732143571211
1371620.0,924.6663390904871
1371640.0,924.8923870402643
1371660.0,926.0322266056559
1371680.0,927.9337192825644
1371700.0,930.537751016774
1371720.0,933.9050038842679
1371740.0,938.2380701203125
1371760.0,943.8962997490232
1371780.0,951.3788972326001
1371800.0,961.252234077738
1371820.0,974.0236448257843
1371840.0,989.9895197808303
1371860.0,1009.1206721923412
1371880.0,1031.051945296771
1371900.0,1055.181667198934
1371920.0,1080.817997815832
1371940.0,1107.3106841956744
1371960.0,1134.1381362891657
1371980.0,1160.9441930149749
1372000.0,1187.533300865998
1372020.0,1213.8389088198405
1372040.0,1239.8801952314566
1372060.0,1265.7192682269128
1372080.0,1291.4267557617545
1372100.0,1317.0596107962108
1372120.0,1342.6517282225436
1372140.0,1368.2157906786447
1372160.0,1393.7534617864148
1372180.0,1419.2703013276175
1372200.0,1444.7912791089407
1372220.0,1470.3723541855343
1372240.0,1496.1033290372447
1372260.0,1522.0973814509348
1372280.0,1548.463784823311
1372300.0,1575.2628422278583
1372320.0,1602.4462895335364
1372340.0,1629.7922324456197
1372360.0,1656.8502217179946
1372380.0,1682.9175650769255
1372400.0,1707.0696620670199
1372420.0,1728.2614668440667
1372440.0,1745.5002818510334
1372460.0,1758.0586692364882
1372480.0,1765.649320621595
1372500.0,1768.4477921602938
1372520.0,1766.949742328648
1372540.0,1761.8167029354875
1372560.0,1753.7976907914483
1372580.0,1743.7092089377063
1372600.0,1732.4350581236904
1372620.0,1720.993931959819
1372640.0,1710.6198130766668
1372660.0,1702.7657454686891
1372680.0,1698.931996796023
1372700.0,1700.2124975562565
1372720.0,1706.7311931596346
1372740.0,1717.3669724509152
1372760.0,1729.7912726032598
1372780.0,1740.2816589752751
1372800.0,1743.7867986168665
1372820.0,1735.0123146712722
1372840.0,1710.015454710138
1372860.0,1667.8507815011842
1372880.0,1611.6295566399626
1372900.0,1548.413113410947
1372920.0,1487.2668602993592
1372940.0,1435.7146938102028
1372960.0,1396.7598292170958
1372980.0,1368.4262075095573
1373000.0,1345.5431059706357
1373020.0,1322.138576966192
1373040.0,1293.5341808905582
1373060.0,1258.4249816930642
1373080.0,1218.9774658223291
1373100.0,1179.3557291184547
1373120.0,1144.7939814603378
1373140.0,1121.025444697309
1373160.0,1113.5081915721044
1373180.0,1126.7120734655737
1373200.0,1163.3610762075664
1373220.0,1223.4768162151918
1373240.0,1303.4116979781484
1373260.0,1395.4424437781322
1373280.0,1488.724674286712
1373300.0,1571.9213467772538
1373320.0,1636.260436805013
1373340.0,1677.1480777499964
1373360.0,1694.0802796792036
1373380.0,1689.5225435205298
1373400.0,1668.9238376637768
1373420.0,1641.0224762930952
1373440.0,1616.8500750453409
1373460.0,1606.8822012714304
1373480.0,1617.1595227170587
1373500.0,1647.1470203803688
1373520.0,1691.303074761447
1373540.0,1742.0087012414333
1373560.0,1791.6176913657152
1373580.0,1834.0672495672552
1373600.0,1865.9647639407806
1373620.0,1886.629278805182
1373640.0,1897.4377561118667
1373660.0,1900.9400718206302
1373680.0,1900.0519847634216
1373700.0,1897.4361231592525
1373720.0,1895.060277536808
1373740.0,1893.960605879005
1373760.0,1894.1721711772484
1373780.0,1894.7673187764474
1373800.0,1893.9969484200424
1373820.0,1889.580718344669
1373840.0,1879.1158257234179
1373860.0,1860.5596947854433
1373880.0,1832.787566652698
1373900.0,1796.2175653314953
1373920.0,1753.2750401064354
1373940.0,1726.1560827639742
1373960.0,
1373980.0,
1374000.0,
1374020.0,
1374040.0,
1374060.0,
1374080.0,
1374100.0,
1374120.0,
1374140.0,
1374160.0,
1374180.0,
1374200.0,
1374220.0,
1374240.0,
1374260.0,
1374280.0,
1374300.0,
1374320.0,
1374340.0,
1374360.0,
1374380.0,
1374400.0,
1374420.0,
1374440.0,
1374460.0,
1374480.0,
1374500.0,
1374520.0,
1374540.0,
1374560.0,
1374580.0,
1374600.0,
1374620.0,
1374640.0,
1374660.0,
1374680.0,
1374700.0,
1374720.0,
1374740.0,
1374760.0,
1374780.0,
1374800.0,
1374820.0,
1374840.0,
1374860.0,
1374880.0,
1374900.0,
1374920.0,
1374940.0,
1374960.0,
1374980.0,
1375000.0,
1375020.0,
1375040.0,
1375060.0,
1375080.0,
1375100.0,
1375120.0,
1375140.0,
1375160.0,
1375180.0,
1375200.0,
1375220.0,
1375240.0,
1375260.0,
1375280.0,
1375300.0,
1375320.0,
1375340.0,
1375360.0,
1375380.0,
1375400.0,
1375420.0,
1375440.0,
1375460.0,
1375480.0,
1375500.0,
1375520.0,
1375540.0,
1375560.0,
1375580.0,
1375600.0,
1375620.0,
1375640.0,
1375660.0,
1375680.0,
1375700.0,
1375720.0,
1375740.0,
1375760.0,
1375780.0,
1375800.0,
1375820.0,
1375840.0,
1375860.0,
1375880.0,
1375900.0,
1375920.0,
1375940.0,
1375960.0,
1375980.0,
1376000.0,
1376020.0,
1376040.0,
1376060.0,
1376080.0,
1376100.0,
1376120.0,
1376140.0,
1376160.0,
1376180.0,
1376200.0,
1376220.0,
1376240.0,
1376260.0,
1376280.0,
1376300.0,
1376320.0,
1376340.0,
1376360.0,
1376380.0,
1376400.0,
1376420.0,
1376440.0,
1376460.0,
1376480.0,
1376500.0,
1376520.0,
1376540.0,
1376560.0,
1376580.0,
1376600.0,
1376620.0,
1376640.0,
1376660.0,
1376680.0,
1376700.0,
1376720.0,
1376740.0,
1376760.0,
1376780.0,
1376800.0,
1376820.0,
1376840.0,
1376860.0,
1376880.0,
1376900.0,
1376920.0,
1376940.0,
1376960.0,
1376980.0,
1377000.0,
1377020.0,
1377040.0,
1377060.0,
1377080.0,
1377100.0,
1377120.0,
1377140.0,
1377160.0,
1377180.0,
1377200.0,
1377220.0,
1377240.0,
1377260.0,
1377280.0,
1377300.0,
1377320.0,
1377340.0,
1377360.0,
1377380.0,
1377400.0,
1377420.0,
1377440.0,
1377460.0,
1377480.0,
1377500.0,
1377520.0,
1377540.0,
1377560.0,
1377580.0,
1377600.0,
1377620.0,
1377640.0,
1377660.0,
1377680.0,
1377700.0,
1377720.0,
1377740.0,
1377760.0,
1377780.0,
1377800.0,
1377820.0,
1377840.0,
1377860.0,
1377880.0,
1377900.0,
1377920.0,
1377940.0,
1377960.0,
1377980.0,
1378000.0,
1378020.0,
1378040.0,
1378060.0,
1378080.0,
1378100.0,
1378120.0,
1378140.0,
1378160.0,
1378180.0,
1378200.0,
1378220.0,
1378240.0,
1378260.0,
1378280.0,
1378300.0,
1378320.0,
1378340.0,
1378360.0,
1378380.0,
1378400.0,
1378420.0,
1378440.0,
1378460.0,
1378480.0,
1378500.0,
1378520.0,
1378540.0,
1378560.0,
1378580.0,
1378600.0,
1378620.0,
1378640.0,
1378660.0,
1378680.0,
1378700.0,
1378720.0,
1378740.0,
1378760.0,
1378780.0,
1378800.0,
1378820.0,
1378840.0,
1378860.0,
1378880.0,
1378900.0,
1378920.0,
1378940.0,
1378960.0,
1378980.0,
1379000.0,
1379020.0,
1379040.0,
1379060.0,
1379080.0,
1379100.0,
1379120.0,
1379140.0,
1379160.0,
1379180.0,
1379200.0,
1379220.0,
1379240.0,
1379260.0,
1379280.0,
1379300.0,
1379320.0,
1379340.0,
1379360.0,
1379380.0,
1379400.0,
1379420.0,
1379440.0,
1379460.0,
1379480.0,
1379500.0,
1379520.0,
1379540.0,
1379560.0,
1379580.0,
1379600.0,
1379620.0,
1379640.0,
1379660.0,
1379680.0,
1379700.0,
1379720.0,
1379740.0,
1379760.0,
1379780.0,
1379800.0,
1379820.0,
1379840.0,
1379860.0,
1379880.0,
1379900.0,
1379920.0,
1379940.0,
1379960.0,
1379980.0,
1380000.0,
1380020.0,
1380040.0,
1380060.0,
1380080.0,
1380100.0,
1380120.0,
1380140.0,
1380160.0,
1380180.0,
1380200.0,
1380220.0,
1380240.0,
1380260.0,
1380280.0,
1380300.0,
1380320.0,
1380340.0,
1380360.0,
1380380.0,
1380400.0,
1380420.0,
1380440.0,
1380460.0,
1380480.0,
1380500.0,
1380520.0,
1380540.0,
1380560.0,
1380580.0,
1380600.0,
1380620.0,
1380640.0,
1380660.0,
1380680.0,
1380700.0,
1380720.0,
1380740.0,
1380760.0,
1380780.0,
1380800.0,2088.8749949929643
1380820.0,1984.8845409836183
1380840.0,1860.4005392196777
1380860.0,1741.2357323954711
1380880.0,1641.0810734078427
1380900.0,1567.4388253662976
1380920.0,1520.8171478188638
1380940.0,1496.5281949972532
1380960.0,1487.5542366693035
1380980.0,1487.111888246547
1381000.0,1489.9871600831782
1381020.0,1492.6554570185401
1381040.0,1493.1031661039735
1381060.0,1490.6274863207168
1381080.0,1485.46069012418
1381100.0,1478.3075528536015
1381120.0,1470.002952199323
1381140.0,1461.313704021045
1381160.0,1452.8523067913154
1381180.0,1445.0471316691387
1381200.0,1438.1451203282336
1381220.0,1432.2402644568378
1381240.0,1427.320740619214
1381260.0,1423.326483728763
1381280.0,1420.209387529569
1381300.0,1417.9762291119582
1381320.0,1416.6968879205133
1381340.0,1416.4841639599354
1381360.0,1417.4491335161183
1381380.0,1419.6362871972763
1381400.0,1422.9542304391612
1381420.0,1427.116528772359
1381440.0,1431.6102978848735
1381460.0,1435.7028282681922
1381480.0,1438.4971337193072
1381500.0,1439.0666161103509
1381520.0,1436.6988725407512
1381540.0,1431.2549445561947
1381560.0,1423.6093654377858
1381580.0,1416.0795268332663
1381600.0,1412.7058907313233
1381620.0,1419.179640774521
1381640.0,1442.207837677608
1381660.0,1488.211210274872
1381680.0,1561.433127602332
1381700.0,1661.8095643222455
1381720.0,1783.2979842164489
1381740.0,1913.7600912896123
1381760.0,2037.753703910946
1381780.0,2141.84887498128
1381800.0,2218.5122620791108
1381820.0,2266.6261806882026
1381840.0,2289.894151207925
1381860.0,2294.5665116526975
1381880.0,2287.370280221042
1381900.0,2274.193647627252
1381920.0,2259.5328578315525
1381940.0,2246.3849194122627
1381960.0,2236.406525766353
1381980.0,2230.183553828858
1382000.0,2227.494699409997
1382020.0,2227.6129743321394
1382040.0,2229.6249612727675
1382060.0,2232.66648345668
1382080.0,2236.0259828319586
1382100.0,2239.1551047800735
1382120.0,2241.7278116567704
1382140.0,2243.709123392387
1382160.0,2245.3604378537684
1382180.0,2247.2020883878413
1382200.0,2249.948063885803
1382220.0,2254.3914371039564
1382240.0,2261.2077889609727
1382260.0,2270.6689014921303
1382280.0,2282.434776466531
1382300.0,2293.5021262564374
1382320.0,
1382340.0,
1382360.0,
1382380.0,
1382400.0,
1382420.0,
1382440.0,
1382460.0,
1382480.0,
1382500.0,
1382520.0,
1382540.0,
1382560.0,
1382580.0,
1382600.0,
1382620.0,
1382640.0,
1382660.0,
1382680.0,
1382700.0,
1382720.0,
1382740.0,
1382760.0,
1382780.0,
1382800.0,
1382820.0,
1382840.0,
1382860.0,
1382880.0,
1382900.0,
1382920.0,
1382940.0,
1382960.0,
1382980.0,
1383000.0,
1383020.0,
1383040.0,
1383060.0,
1383080.0,
1383100.0,
1383120.0,
1383140.0,
1383160.0,
1383180.0,
1383200.0,
1383220.0,
1383240.0,
1383260.0,
1383280.0,
1383300.0,
1383320.0,
1383340.0,
1383360.0,
1383380.0,
1383400.0,
1383420.0,
1383440.0,
1383460.0,
1383480.0,
1383500.0,
1383520.0,
1383540.0,
1383560.0,2035.8838221425679
1383580.0,1964.9440447930042
1383600.0,1853.7901460631397
1383620.0,1732.981389346755
1383640.0,1616.5473903193963
1383660.0,1516.81487195153
1383680.0,1441.7029585423118
1383700.0,1394.739653754053
1383720.0,1376.4852078296824
1383740.0,1386.0904066638604
1383760.0,1422.1550364419038
1383780.0,1482.5477732835693
1383800.0,1563.3015566327497
1383820.0,1657.1048557634363
1383840.0,1752.2833443379707
1383860.0,1833.502425135822
1383880.0,1885.3394337589714
1383900.0,1897.5905109925886
1383920.0,1868.5301023650518
1383940.0,1805.2489118131075
1383960.0,1721.0663353301911
1383980.0,1630.533182952584
1384000.0,1545.478487909122
1384020.0,1473.758702439573
1384040.0,1419.1646058780557
1384060.0,1381.9514614405184
1384080.0,1359.7848689828127
1384100.0,1348.9473094279324
1384120.0,1345.4493014068091
1384140.0,1345.8108570178977
1384160.0,1347.4745983745097
1384180.0,1348.907993752931
1384200.0,1349.4850499415666
1384220.0,1349.2443788646742
1384240.0,1348.6181888679744
1384260.0,1348.1854331581985
1384280.0,1348.4700129417138
1384300.0,1349.8066254666073
1384320.0,1352.2808811239313
1384340.0,1355.7266004308397
1384360.0,1359.7569138395434
1384380.0,1363.8186358165458
1384400.0,1367.2862096600304
1384420.0,1369.6139882545638
1384440.0,1370.542230731341
1384460.0,1370.3312946043977
1384480.0,1369.979553231787
1384500.0,1371.354889136421
1384520.0,1377.1488210906086
1384540.0,1390.5814860103433
1384560.0,1414.8021910724597
1384580.0,1451.976515021332
1384600.0,1502.17537861573
1384620.0,1562.3670970917988
1384640.0,1625.985083297131
1384660.0,1683.4507763617123
1384680.0,1724.200326306712
1384700.0,1740.2778511727925
1384720.0,1728.8089199394976
1384740.0,1692.5892143612139
1384760.0,1639.120612214924
1384780.0,1578.8547360191556
1384800.0,1523.1849216490111
1384820.0,1482.55954521235
1384840.0,1465.3813365168583
1384860.0,1477.6135484543613
1384880.0,1522.1443801600076
1384900.0,1597.6720877383336
1384920.0,1697.7346125512922
1384940.0,1810.6815325609696
1384960.0,1921.729204830397
1384980.0,2017.5126925547515
1385000.0,2090.0950732892265
1385020.0,2137.658720688146
1385040.0,2163.0649273692534
1385060.0,2171.8070348160636
1385080.0,2170.118817102896
1385100.0,2163.6010000158694
1385120.0,2156.462126813636
1385140.0,2151.299017857884
1385160.0,2149.258420791864
1385180.0,2150.404837080003
1385200.0,2154.1454778455413
1385220.0,2159.60928154605
1385240.0,2165.9256820993746
1385260.0,2172.3895515256418
1385280.0,2178.5265551373186
1385300.0,2184.0875931569135
1385320.0,2189.00432418356
1385340.0,2193.333408896977
1385360.0,2197.2085533675486
1385380.0,2200.809541829835
1385400.0,2204.3482781933017
1385420.0,2208.0647167850902
1385440.0,2212.2212689855824
1385460.0,2217.0833823484363
1385480.0,2222.8769490923787
1385500.0,2229.720317682374
1385520.0,2237.539909252816
1385540.0,2245.993038135489
1385560.0,2254.4377546412575
1385580.0,2262.007998467305
1385600.0,2267.8439931301027
1385620.0,2271.365284186916
1385640.0,2272.4484740434227
1385660.0,2271.468847805536
1385680.0,2269.207300255496
1385700.0,2266.6728452749985
1385720.0,2264.8360734871953
1385740.0,2264.3155081599007
1385760.0,2265.2177637218165
1385780.0,2267.200637001998
1385800.0,2269.5270420352763
1385820.0,2271.0511755686653
1385840.0,2270.22913220397
1385860.0,2265.2353065629522
1385880.0,2254.3043201075093
1385900.0,2236.28715484009
1385920.0,2211.3033975156945
1385940.0,2181.2556772698276
1385960.0,2149.786073453479
1385980.0,2121.338509976048
1386000.0,2099.094104948445
1386020.0,2082.8163170273137
1386040.0,2068.960149459888
1386060.0,2052.4126261277743
1386080.0,2027.713737521971
1386100.0,1989.9310715369982
1386120.0,1936.5185787333357
1386140.0,1868.6820491692954
1386160.0,1791.1393157556522
1386180.0,1711.0087657311074
1386200.0,1635.4248229586422
1386220.0,1570.0190052389762
1386240.0,1519.375577289125
1386260.0,1488.0756688729568
1386280.0,1480.81631089696
1386300.0,1501.7068096564294
1386320.0,1553.0487555454122
1386340.0,1633.813544598771
1386360.0,1738.2203220292893
1386380.0,1855.2007575887496
1386400.0,1969.9659234903716
1386420.0,2051.1970267038514
1386440.0,
1386460.0,
1386480.0,
1386500.0,
1386520.0,
1386540.0,
1386560.0,
1386580.0,
1386600.0,
1386620.0,
1386640.0,
1386660.0,
1386680.0,
1386700.0,
1386720.0,
1386740.0,
1386760.0,
1386780.0,
1386800.0,
1386820.0,
1386840.0,
1386860.0,
1386880.0,
1386900.0,
1386920.0,
1386940.0,
1386960.0,
1386980.0,
1387000.0,
1387020.0,
1387040.0,
1387060.0,
1387080.0,
1387100.0,
1387120.0,
1387140.0,
1387160.0,
1387180.0,
1387200.0,
1387220.0,
1387240.0,
1387260.0,
1387280.0,
1387300.0,
1387320.0,
1387340.0,
1387360.0,
1387380.0,
1387400.0,
1387420.0,
1387440.0,
1387460.0,
1387480.0,
1387500.0,
1387520.0,
1387540.0,
1387560.0,
1387580.0,
1387600.0,
1387620.0,
1387640.0,
1387660.0,
1387680.0,
1387700.0,
1387720.0,
1387740.0,
1387760.0,
1387780.0,
1387800.0,
1387820.0,
1387840.0,
1387860.0,
1387880.0,
1387900.0,
1387920.0,
1387940.0,
1387960.0,
1387980.0,
1388000.0,
1388020.0,
1388040.0,
1388060.0,
1388080.0,
1388100.0,
1388120.0,
1388140.0,
1388160.0,
1388180.0,
1388200.0,
1388220.0,
1388240.0,
1388260.0,
1388280.0,
1388300.0,
1388320.0,
1388340.0,
1388360.0,
1388380.0,
1388400.0,
1388420.0,
1388440.0,
1388460.0,
1388480.0,
1388500.0,
1388520.0,
1388540.0,
1388560.0,
1388580.0,
1388600.0,
1388620.0,
1388640.0,
1388660.0,
1388680.0,
1388700.0,
1388720.0,
1388740.0,
1388760.0,
1388780.0,
1388800.0,
1388820.0,
1388840.0,
1388860.0,
1388880.0,
1388900.0,
1388920.0,
1388940.0,
1388960.0,
1388980.0,
1389000.0,
1389020.0,
1389040.0,
1389060.0,
1389080.0,
1389100.0,
1389120.0,
1389140.0,
1389160.0,
1389180.0,
1389200.0,
1389220.0,
1389240.0,
1389260.0,
1389280.0,
1389300.0,
1389320.0,
1389340.0,
1389360.0,
1389380.0,
1389400.0,
1389420.0,1724.4624110566301
1389440.0,1844.1927206221067
1389460.0,2000.792388844725
1389480.0,2127.1630766650387
1389500.0,2216.590386661313
1389520.0,2270.1985557717503
1389540.0,2294.460708956747
1389560.0,2298.2877884172494
1389580.0,2290.606862306542
1389600.0,2278.79542434981
1389620.0,2267.932080673261
1389640.0,2260.718007196364
1389660.0,2257.8515965855536
1389680.0,2258.68638801021
1389700.0,2262.0089522986764
1389720.0,2266.554676342172
1389740.0,2271.2510059554925
1389760.0,2275.3588314755384
1389780.0,2278.4717261154556
1389800.0,2280.4762564242897
1389820.0,2281.560354389213
1389840.0,2282.1735566320654
1389860.0,2282.847716970222
1389880.0,2284.0038420840074
1389900.0,2285.8397282630885
1389920.0,2288.280097116057
1389940.0,2290.9944567178404
1389960.0,2293.530877240083
1389980.0,2295.5258680214474
1390000.0,2296.83879242308
1390020.0,2297.5867617303556
1390040.0,2298.08559939183
1390060.0,2298.741260044289
1390080.0,2299.8985197503034
1390100.0,2301.6969204395814
1390120.0,2303.991756011386
1390140.0,2306.3870386991266
1390160.0,2308.3915397449773
1390180.0,2309.6522198659104
1390200.0,2310.1098572992805
1390220.0,2309.9687782648325
1390240.0,2309.629116741463
1390260.0,2309.5864388123446
1390280.0,2310.242966045638
1390300.0,2311.7964563033574
1390320.0,2314.2210328973406
1390340.0,2317.291899592109
1390360.0,2320.6460737240154
1390380.0,2323.88681905457
1390400.0,2326.760096635071
1390420.0,2329.31788716838
1390440.0,2331.868497192641
1390460.0,2334.768684098045
1390480.0,2338.2196983181716
1390500.0,2342.1436779589094
1390520.0,2346.17219553083
1390540.0,2349.664083279668
1390560.0,2351.728055893041
1390580.0,2351.372957914139
1390600.0,2347.768940009754
1390620.0,2340.5063153736332
1390640.0,2329.7441675678674
1390660.0,2316.267233836466
1390680.0,2304.4268604518966
1390700.0,
1390720.0,
1390740.0,
1390760.0,
1390780.0,
1390800.0,
1390820.0,
1390840.0,
1390860.0,
1390880.0,
1390900.0,
1390920.0,
1390940.0,
1390960.0,
1390980.0,
1391000.0,
1391020.0,
1391040.0,
1391060.0,
1391080.0,
1391100.0,
1391120.0,
1391140.0,
1391160.0,
1391180.0,
1391200.0,
1391220.0,
1391240.0,
1391260.0,
1391280.0,
1391300.0,
1391320.0,
1391340.0,
1391360.0,
1391380.0,
1391400.0,
1391420.0,
1391440.0,
1391460.0,
1391480.0,
1391500.0,
1391520.0,
1391540.0,
1391560.0,
1391580.0,
1391600.0,
1391620.0,
1391640.0,
1391660.0,
1391680.0,
1391700.0,
1391720.0,
1391740.0,
1391760.0,
1391780.0,
1391800.0,
1391820.0,
1391840.0,
1391860.0,
1391880.0,
1391900.0,
1391920.0,
1391940.0,
1391960.0,
1391980.0,
1392000.0,
1392020.0,
1392040.0,
1392060.0,
1392080.0,
1392100.0,
1392120.0,
1392140.0,
1392160.0,
1392180.0,
1392200.0,
1392220.0,
1392240.0,
1392260.0,
1392280.0,
1392300.0,
1392320.0,
1392340.0,
1392360.0,
1392380.0,
1392400.0,
1392420.0,
1392440.0,
1392460.0,
1392480.0,
1392500.0,
1392520.0,
1392540.0,
1392560.0,
1392580.0,
1392600.0,
1392620.0,
1392640.0,
1392660.0,
1392680.0,
1392700.0,
1392720.0,
1392740.0,
1392760.0,
1392780.0,
1392800.0,
1392820.0,
1392840.0,
1392860.0,
1392880.0,
1392900.0,
1392920.0,
1392940.0,
1392960.0,
1392980.0,
1393000.0,
1393020.0,
1393040.0,
1393060.0,
1393080.0,
1393100.0,
1393120.0,
1393140.0,
1393160.0,
1393180.0,
1393200.0,
1393220.0,
1393240.0,
1393260.0,
1393280.0,
1393300.0,
1393320.0,
1393340.0,
1393360.0,
1393380.0,
1393400.0,
1393420.0,
1393440.0,
1393460.0,
1393480.0,
1393500.0,
1393520.0,1888.5016899296634
1393540.0,1886.2638881393534
1393560.0,1879.7587017934443
1393580.0,1868.4728854263108
1393600.0,1852.5562242861404
1393620.0,1832.7552406780233
1393640.0,1810.1306692618625
1393660.0,1785.7865420265928
1393680.0,1760.6738328600052
1393700.0,1735.4862005258105
1393720.0,1710.6369816437843
1393740.0,1686.2931251625566
1393760.0,1662.4394038333369
1393780.0,1638.9506933260375
1393800.0,1615.6575221047012
1393820.0,1592.3975572044608
1393840.0,1569.0514012013732
1393860.0,1545.5642606665547
1393880.0,1521.9557573960076
1393900.0,1498.319026030509
1393920.0,1474.8082696729232
1393940.0,1451.612286152664
1393960.0,1428.9112711211042
1393980.0,1406.8163786270045
1394000.0,1385.2965653693896
1394020.0,1364.1049522716057
1394040.0,1342.7261401300207
1394060.0,1320.374317774094
1394080.0,1296.0762032585567
1394100.0,1268.868734336293
1394120.0,1238.1249554694664
1394140.0,1203.9901774269688
1394160.0,1167.8649004246963
1394180.0,1132.8170682283312
1394200.0,1103.756615217871
1394220.0,1087.1799538320022
1394240.0,1090.316972324159
1394260.0,1119.6162528332623
1394280.0,1178.7087534592604
1394300.0,1266.305226883254
1394320.0,1374.8873743320587
1394340.0,1491.4248099781344
1394360.0,1575.5484222845894
1394380.0,
1394400.0,
1394420.0,
1394440.0,
1394460.0,
1394480.0,
1394500.0,
1394520.0,
1394540.0,
1394560.0,
1394580.0,
1394600.0,
1394620.0,
1394640.0,
1394660.0,
1394680.0,
1394700.0,
1394720.0,
1394740.0,
1394760.0,
1394780.0,
1394800.0,
1394820.0,
1394840.0,
1394860.0,
1394880.0,
1394900.0,
1394920.0,
1394940.0,
1394960.0,
1394980.0,
1395000.0,
1395020.0,
1395040.0,
1395060.0,
1395080.0,
1395100.0,
1395120.0,
1395140.0,
1395160.0,
1395180.0,
1395200.0,
1395220.0,
1395240.0,
1395260.0,
1395280.0,
1395300.0,
1395320.0,
1395340.0,
1395360.0,
1395380.0,
1395400.0,
1395420.0,
1395440.0,
1395460.0,
1395480.0,
1395500.0,
1395520.0,
1395540.0,
1395560.0,
1395580.0,
1395600.0,
1395620.0,
1395640.0,
1395660.0,
1395680.0,
1395700.0,
1395720.0,
1395740.0,
1395760.0,
1395780.0,
1395800.0,
1395820.0,
1395840.0,
1395860.0,
1395880.0,
1395900.0,
1395920.0,
1395940.0,
1395960.0,
1395980.0,
1396000.0,
1396020.0,
1396040.0,
1396060.0,
1396080.0,
1396100.0,
1396120.0,
1396140.0,
1396160.0,
1396180.0,
1396200.0,
1396220.0,
1396240.0,
1396260.0,
1396280.0,
1396300.0,
1396320.0,
1396340.0,
1396360.0,
1396380.0,
1396400.0,
1396420.0,
1396440.0,
1396460.0,
1396480.0,
1396500.0,
1396520.0,
1396540.0,
1396560.0,
1396580.0,
1396600.0,
1396620.0,
1396640.0,
1396660.0,
1396680.0,
1396700.0,
1396720.0,
1396740.0,
1396760.0,
1396780.0,
1396800.0,
1396820.0,
1396840.0,
1396860.0,
1396880.0,
1396900.0,
1396920.0,
1396940.0,
1396960.0,
1396980.0,
1397000.0,
1397020.0,
1397040.0,
1397060.0,
1397080.0,
1397100.0,
1397120.0,
1397140.0,
1397160.0,
1397180.0,
1397200.0,
1397220.0,
1397240.0,
1397260.0,
1397280.0,
1397300.0,
1397320.0,
1397340.0,
1397360.0,
1397380.0,
1397400.0,
1397420.0,
1397440.0,1785.7488869179545
1397460.0,1728.677152505963
1397480.0,1644.589067730108
1397500.0,1540.300940985216
1397520.0,1425.651843150035
1397540.0,1313.593952999398
1397560.0,1216.2874540939051
1397580.0,1141.5910346319247
1397600.0,1091.9526307275314
1397620.0,1065.3002663375514
1397640.0,1056.7976942056084
1397660.0,
1397680.0,
1397700.0,
1397720.0,
1397740.0,
1397760.0,
1397780.0,
1397800.0,
1397820.0,
1397840.0,
1397860.0,
1397880.0,
1397900.0,
1397920.0,
1397940.0,
1397960.0,
1397980.0,
1398000.0,
1398020.0,
1398040.0,
1398060.0,
1398080.0,
1398100.0,
1398120.0,
1398140.0,
1398160.0,
1398180.0,
1398200.0,
1398220.0,
1398240.0,
1398260.0,
1398280.0,
1398300.0,
1398320.0,
1398340.0,
1398360.0,
1398380.0,
1398400.0,
1398420.0,
1398440.0,
1398460.0,
1398480.0,
1398500.0,
1398520.0,
1398540.0,
1398560.0,
1398580.0,
1398600.0,
1398620.0,
1398640.0,
1398660.0,
1398680.0,
1398700.0,
1398720.0,
1398740.0,
1398760.0,
1398780.0,
1398800.0,
1398820.0,
1398840.0,
1398860.0,
1398880.0,
1398900.0,
1398920.0,
1398940.0,
1398960.0,
1398980.0,
1399000.0,
1399020.0,
1399040.0,
1399060.0,
1399080.0,
1399100.0,
1399120.0,
1399140.0,
1399160.0,
1399180.0,
1399200.0,
1399220.0,
1399240.0,
1399260.0,
1399280.0,
1399300.0,
1399320.0,
1399340.0,
1399360.0,
1399380.0,
1399400.0,
1399420.0,
1399440.0,
1399460.0,
1399480.0,
1399500.0,
1399520.0,
1399540.0,
1399560.0,
1399580.0,
1399600.0,
1399620.0,
1399640.0,
1399660.0,
1399680.0,
1399700.0,
1399720.0,
1399740.0,
1399760.0,
1399780.0,
1399800.0,
1399820.0,
1399840.0,
1399860.0,
1399880.0,
1399900.0,
1399920.0,
1399940.0,
1399960.0,
1399980.0,
1400000.0,
1400020.0,
1400040.0,
1400060.0,
1400080.0,
1400100.0,
1400120.0,
1400140.0,
1400160.0,
1400180.0,
1400200.0,
1400220.0,
1400240.0,
1400260.0,
1400280.0,
1400300.0,
1400320.0,
1400340.0,
1400360.0,
1400380.0,
1400400.0,
1400420.0,
1400440.0,
1400460.0,
1400480.0,
1400500.0,
1400520.0,
1400540.0,
1400560.0,
1400580.0,
1400600.0,
1400620.0,
1400640.0,
1400660.0,
1400680.0,
1400700.0,
1400720.0,
1400740.0,
1400760.0,
1400780.0,
1400800.0,
1400820.0,
1400840.0,
1400860.0,
1400880.0,
1400900.0,
1400920.0,
1400940.0,
1400960.0,
1400980.0,
1401000.0,
1401020.0,
1401040.0,
1401060.0,
1401080.0,
1401100.0,
1401120.0,
1401140.0,
1401160.0,
1401180.0,
1401200.0,
1401220.0,
1401240.0,
1401260.0,
1401280.0,
1401300.0,
1401320.0,
1401340.0,
1401360.0,
1401380.0,
1401400.0,
1401420.0,
1401440.0,
1401460.0,
1401480.0,
1401500.0,
1401520.0,
1401540.0,
1401560.0,
1401580.0,
1401600.0,
1401620.0,
1401640.0,
1401660.0,
1401680.0,
1401700.0,
1401720.0,
1401740.0,
1401760.0,
1401780.0,
1401800.0,
1401820.0,
1401840.0,
1401860.0,
1401880.0,
1401900.0,
1401920.0,
1401940.0,
1401960.0,
1401980.0,
1402000.0,
1402020.0,
1402040.0,
1402060.0,
1402080.0,
1402100.0,
1402120.0,
1402140.0,
1402160.0,
1402180.0,
1402200.0,
1402220.0,
1402240.0,
1402260.0,1817.1793161395422
1402280.0,1732.1609851750916
1402300.0,1629.442160730403
1402320.0,1518.3309806533734
1402340.0,1409.9748836261867
1402360.0,1314.4458477043413
1402380.0,1238.2349446330218
1402400.0,1183.5423337951286
1402420.0,1148.8833564911663
1402440.0,1130.405136784485
1402460.0,1123.3139417389102
1402480.0,1123.0262191668276
1402500.0,1125.8951539388731
1402520.0,1129.5110389968079
1402540.0,1132.658517724577
1402560.0,1135.0521950587795
1402580.0,1136.975822597655
1402600.0,1138.909443151636
1402620.0,1141.213899604974
1402640.0,1143.9180036542493
1402660.0,1146.6316056292026
1402680.0,1148.607427467857
1402700.0,1148.9450833914402
1402720.0,1146.909992241449
1402740.0,1142.3458472152845
1402760.0,1136.126115172551
1402780.0,1130.5415184703797
1402800.0,1129.4843707613009
1402820.0,1138.2591289111049
1402840.0,1162.869495281932
1402860.0,1208.7209322961744
1402880.0,1278.84333650292
1402900.0,1371.9992317815238
1402920.0,1481.3949233097064
1402940.0,1595.1023579726739
1402960.0,1699.2979583176802
1402980.0,1783.0730114529804
1403000.0,1841.1026641349301
1403020.0,1865.7739224772322
1403040.0,
1403060.0,
1403080.0,
1403100.0,
1403120.0,
1403140.0,
1403160.0,
1403180.0,
1403200.0,
1403220.0,
1403240.0,
1403260.0,
1403280.0,
1403300.0,
1403320.0,
1403340.0,
1403360.0,
1403380.0,
1403400.0,
1403420.0,
1403440.0,
1403460.0,
1403480.0,
1403500.0,
1403520.0,
1403540.0,
1403560.0,
1403580.0,
1403600.0,
1403620.0,
1403640.0,
1403660.0,
1403680.0,
1403700.0,
1403720.0,
1403740.0,
1403760.0,
1403780.0,
1403800.0,
1403820.0,
1403840.0,
1403860.0,
1403880.0,
1403900.0,
1403920.0,
1403940.0,
1403960.0,
1403980.0,
1404000.0,
1404020.0,
1404040.0,
1404060.0,
1404080.0,
1404100.0,
1404120.0,
1404140.0,
1404160.0,
1404180.0,
1404200.0,
1404220.0,
1404240.0,
1404260.0,
1404280.0,
1404300.0,
1404320.0,
1404340.0,
1404360.0,
1404380.0,
1404400.0,
1404420.0,
1404440.0,
1404460.0,
1404480.0,
1404500.0,
1404520.0,
1404540.0,
1404560.0,
1404580.0,
1404600.0,
1404620.0,
1404640.0,
1404660.0,
1404680.0,
1404700.0,
1404720.0,
1404740.0,
1404760.0,
1404780.0,
1404800.0,
1404820.0,
1404840.0,
1404860.0,
1404880.0,
1404900.0,
1404920.0,
1404940.0,
1404960.0,
1404980.0,
1405000.0,
1405020.0,
1405040.0,
1405060.0,
1405080.0,
1405100.0,
1405120.0,
1405140.0,
1405160.0,
1405180.0,
1405200.0,
1405220.0,
1405240.0,
1405260.0,
1405280.0,
1405300.0,
1405320.0,
1405340.0,
1405360.0,
1405380.0,
1405400.0,
1405420.0,
1405440.0,
1405460.0,
1405480.0,
1405500.0,1034.3453465713214
1405520.0,1001.3215277432157
1405540.0,957.91716345989
1405560.0,914.0665768822939
1405580.0,874.2105815077673
1405600.0,841.305717718931
1405620.0,816.631832723803
1405640.0,800.0465288669577
1405660.0,790.4095535417274
1405680.0,786.0318115075553
1405700.0,785.0883302979672
1405720.0,785.9406274818125
1405740.0,787.3290869600276
1405760.0,788.436190657593
1405780.0,788.8510709030677
1405800.0,788.4763093405488
1405820.0,787.4150304801834
1405840.0,785.8664466276487
1405860.0,784.04608547806
1405880.0,782.1362438867591
1405900.0,780.2644131040057
1405920.0,778.5028988967491
1405940.0,776.8811923265341
1405960.0,775.4030354456758
1405980.0,774.0617321437138
1406000.0,772.849405946936
1406020.0,771.7581809937211
1406040.0,770.773466513021
1406060.0,769.8616069245204
1406080.0,768.9560869553159
1406100.0,767.9481225676385
1406120.0,766.6885104136323
1406140.0,765.0075385139917
1406160.0,762.7579426185356
1406180.0,759.8817475938929
1406200.0,756.4951242776376
1406220.0,752.9765794360884
1406240.0,750.0343946533751
1406260.0,748.7220639252664
1406280.0,750.3696995941475
1406300.0,756.4100935822264
1406320.0,768.1055663108792
1406340.0,786.2299337692496
1406360.0,810.8267790144406
1406380.0,841.192500954075
1406400.0,876.0948588360512
1406420.0,914.0853018109431
1406440.0,953.7787868405755
1406460.0,994.0422221882503
1406480.0,1034.0827657930015
1406500.0,1073.4557344219054
1406520.0,1112.0224734010728
1406540.0,1149.8863634349714
1406560.0,1187.325616846476
1406580.0,1224.7294913710125
1406600.0,1262.5339192432643
1406620.0,1301.1461487245801
1406640.0,1340.8476144434676
1406660.0,1381.6706004387029
1406680.0,1423.2567836454407
1406700.0,1464.7223078112916
1406720.0,1504.5705425628798
1406740.0,1540.70385066584
1406760.0,1570.5812290417239
1406780.0,1591.5401536605455
1406800.0,1601.2440188563492
1406820.0,1598.180882087129
1406840.0,1582.1888013102703
1406860.0,1554.9272357820043
1406880.0,1525.6378383613296
1406900.0,
1406920.0,
1406940.0,
1406960.0,
1406980.0,
1407000.0,
1407020.0,
1407040.0,
1407060.0,
1407080.0,
1407100.0,
1407120.0,
1407140.0,
1407160.0,
1407180.0,
1407200.0,
1407220.0,
1407240.0,
1407260.0,
1407280.0,
1407300.0,
1407320.0,
1407340.0,
1407360.0,
1407380.0,
1407400.0,
1407420.0,
1407440.0,
1407460.0,
1407480.0,
1407500.0,
1407520.0,
1407540.0,
1407560.0,
1407580.0,
1407600.0,
1407620.0,
1407640.0,
1407660.0,
1407680.0,
1407700.0,
1407720.0,
1407740.0,
1407760.0,
1407780.0,
1407800.0,
1407820.0,
1407840.0,
1407860.0,
1407880.0,
1407900.0,
1407920.0,
1407940.0,
1407960.0,
1407980.0,
1408000.0,
1408020.0,
1408040.0,
1408060.0,
1408080.0,
1408100.0,
1408120.0,
1408140.0,
1408160.0,
1408180.0,
1408200.0,
1408220.0,
1408240.0,
1408260.0,
1408280.0,
1408300.0,
1408320.0,
1408340.0,
1408360.0,
1408380.0,
1408400.0,
1408420.0,
1408440.0,
1408460.0,
1408480.0,
1408500.0,
1408520.0,
1408540.0,
1408560.0,
1408580.0,
1408600.0,
1408620.0,
1408640.0,
1408660.0,
1408680.0,
1408700.0,
1408720.0,
1408740.0,
1408760.0,
1408780.0,
1408800.0,
1408820.0,
1408840.0,
1408860.0,
1408880.0,
1408900.0,
1408920.0,
1408940.0,
1408960.0,
1408980.0,
1409000.0,
1409020.0,
1409040.0,
1409060.0,
1409080.0,
1409100.0,
1409120.0,
1409140.0,
1409160.0,
1409180.0,
1409200.0,
1409220.0,
1409240.0,
1409260.0,
1409280.0,
1409300.0,
1409320.0,
1409340.0,
1409360.0,
1409380.0,
1409400.0,
1409420.0,
1409440.0,
1409460.0,
1409480.0,
1409500.0,
1409520.0,
1409540.0,
1409560.0,
1409580.0,
1409600.0,
1409620.0,
1409640.0,
1409660.0,
1409680.0,
1409700.0,
1409720.0,
1409740.0,
1409760.0,
1409780.0,
1409800.0,
1409820.0,
1409840.0,
1409860.0,
1409880.0,
1409900.0,
1409920.0,
1409940.0,
1409960.0,
1409980.0,
1410000.0,
1410020.0,
1410040.0,
1410060.0,
1410080.0,
1410100.0,
1410120.0,
1410140.0,
1410160.0,
1410180.0,
1410200.0,
1410220.0,
1410240.0,
1410260.0,
1410280.0,
1410300.0,
1410320.0,
1410340.0,
1410360.0,
1410380.0,
1410400.0,
1410420.0,
1410440.0,
1410460.0,
1410480.0,
1410500.0,
1410520.0,
1410540.0,
1410560.0,
1410580.0,
1410600.0,
1410620.0,
1410640.0,
1410660.0,
1410680.0,
1410700.0,
1410720.0,
1410740.0,
1410760.0,
1410780.0,
1410800.0,
1410820.0,
1410840.0,
1410860.0,
1410880.0,
1410900.0,
1410920.0,
1410940.0,
1410960.0,
1410980.0,
1411000.0,
1411020.0,
1411040.0,
1411060.0,
1411080.0,
1411100.0,
1411120.0,
1411140.0,
1411160.0,
1411180.0,
1411200.0,
1411220.0,
1411240.0,
1411260.0,
1411280.0,
1411300.0,
1411320.0,
1411340.0,
1411360.0,
1411380.0,
1411400.0,
1411420.0,
1411440.0,
1411460.0,
1411480.0,
1411500.0,
1411520.0,
1411540.0,
1411560.0,
1411580.0,
1411600.0,
1411620.0,
1411640.0,
1411660.0,
1411680.0,
1411700.0,
1411720.0,
1411740.0,
1411760.0,
1411780.0,
1411800.0,
1411820.0,
1411840.0,
1411860.0,
1411880.0,
1411900.0,
1411920.0,
1411940.0,
1411960.0,
1411980.0,
1412000.0,
1412020.0,
1412040.0,
1412060.0,
1412080.0,
1412100.0,
1412120.0,
1412140.0,
1412160.0,
1412180.0,
1412200.0,
1412220.0,
1412240.0,
1412260.0,
1412280.0,
1412300.0,
1412320.0,
1412340.0,
1412360.0,
1412380.0,
1412400.0,
1412420.0,
1412440.0,
1412460.0,
1412480.0,
1412500.0,
1412520.0,
1412540.0,
1412560.0,
1412580.0,
1412600.0,
1412620.0,
1412640.0,
1412660.0,
1412680.0,
1412700.0,
1412720.0,
1412740.0,
1412760.0,
1412780.0,
1412800.0,
1412820.0,
1412840.0,
1412860.0,
1412880.0,
1412900.0,
1412920.0,
1412940.0,
1412960.0,
1412980.0,
1413000.0,
1413020.0,
1413040.0,
1413060.0,
1413080.0,
1413100.0,
1413120.0,
1413140.0,
1413160.0,
1413180.0,
1413200.0,
1413220.0,
1413240.0,
1413260.0,
1413280.0,
1413300.0,
1413320.0,
1413340.0,
1413360.0,
1413380.0,
1413400.0,
1413420.0,
1413440.0,
1413460.0,
1413480.0,
1413500.0,
1413520.0,
1413540.0,
1413560.0,
1413580.0,
1413600.0,
1413620.0,
1413640.0,
1413660.0,
1413680.0,
1413700.0,
1413720.0,
1413740.0,
1413760.0,
1413780.0,
1413800.0,
1413820.0,
1413840.0,
1413860.0,
1413880.0,
1413900.0,
1413920.0,
1413940.0,
1413960.0,
1413980.0,
1414000.0,
1414020.0,
1414040.0,
1414060.0,
1414080.0,
1414100.0,
1414120.0,
1414140.0,
1414160.0,
1414180.0,
1414200.0,
1414220.0,
1414240.0,
1414260.0,
1414280.0,
1414300.0,
1414320.0,
1414340.0,
1414360.0,
1414380.0,
1414400.0,
1414420.0,
1414440.0,
1414460.0,
1414480.0,
1414500.0,
1414520.0,
1414540.0,
1414560.0,
1414580.0,
1414600.0,
1414620.0,
1414640.0,
1414660.0,
1414680.0,
1414700.0,
1414720.0,
1414740.0,
1414760.0,
1414780.0,
1414800.0,
1414820.0,
1414840.0,
1414860.0,
1414880.0,
1414900.0,
1414920.0,
1414940.0,
1414960.0,
1414980.0,
1415000.0,
1415020.0,
1415040.0,
1415060.0,
1415080.0,
1415100.0,
1415120.0,
1415140.0,
1415160.0,
1415180.0,
1415200.0,
1415220.0,
1415240.0,
1415260.0,
1415280.0,
1415300.0,
1415320.0,
1415340.0,
1415360.0,
1415380.0,
1415400.0,
1415420.0,
1415440.0,
1415460.0,
1415480.0,
1415500.0,
1415520.0,
1415540.0,
1415560.0,
1415580.0,
1415600.0,
1415620.0,
1415640.0,
1415660.0,
1415680.0,
1415700.0,
1415720.0,
1415740.0,
1415760.0,
1415780.0,
1415800.0,
1415820.0,
1415840.0,
1415860.0,
1415880.0,
1415900.0,
1415920.0,
1415940.0,
1415960.0,
1415980.0,
1416000.0,
1416020.0,
1416040.0,
1416060.0,
1416080.0,
1416100.0,
1416120.0,
1416140.0,
1416160.0,
1416180.0,
1416200.0,
1416220.0,
1416240.0,
1416260.0,
1416280.0,
1416300.0,
1416320.0,
1416340.0,
1416360.0,
1416380.0,
1416400.0,
1416420.0,
1416440.0,
1416460.0,
1416480.0,
1416500.0,
1416520.0,
1416540.0,
1416560.0,
1416580.0,
1416600.0,
1416620.0,
1416640.0,
1416660.0,
1416680.0,
1416700.0,
1416720.0,
1416740.0,
1416760.0,
1416780.0,
1416800.0,
1416820.0,
1416840.0,
1416860.0,
1416880.0,
1416900.0,
1416920.0,
1416940.0,
1416960.0,
1416980.0,
1417000.0,
1417020.0,
1417040.0,
1417060.0,
1417080.0,
1417100.0,
1417120.0,
1417140.0,
1417160.0,
1417180.0,
1417200.0,
1417220.0,
1417240.0,
1417260.0,
1417280.0,
1417300.0,
1417320.0,
1417340.0,
1417360.0,
1417380.0,
1417400.0,
1417420.0,
1417440.0,
1417460.0,
1417480.0,
1417500.0,
1417520.0,
1417540.0,
1417560.0,
1417580.0,
1417600.0,1561.9492643787012
1417620.0,1604.2094204117484
1417640.0,1644.28354422603
1417660.0,1675.0169884563834
1417680.0,1691.8396321705218
1417700.0,1690.2573350807786
1417720.0,1665.844850398748
1417740.0,1614.8682245399807
1417760.0,1535.64564107293
1417780.0,1430.323491804555
1417800.0,1306.2971376283872
1417820.0,1221.3215392027596
1417840.0,
1417860.0,
1417880.0,
1417900.0,
1417920.0,
1417940.0,
1417960.0,
1417980.0,
1418000.0,
1418020.0,
1418040.0,
1418060.0,
1418080.0,
1418100.0,
1418120.0,
1418140.0,
1418160.0,
1418180.0,
1418200.0,
1418220.0,
1418240.0,
1418260.0,
1418280.0,
1418300.0,
1418320.0,
1418340.0,
1418360.0,
1418380.0,
1418400.0,
1418420.0,
1418440.0,
1418460.0,
1418480.0,
1418500.0,
1418520.0,
1418540.0,
1418560.0,
1418580.0,
1418600.0,
1418620.0,
1418640.0,
1418660.0,
1418680.0,
1418700.0,
1418720.0,
1418740.0,
1418760.0,
1418780.0,
1418800.0,
1418820.0,
1418840.0,
1418860.0,
1418880.0,
1418900.0,
1418920.0,
1418940.0,
1418960.0,
1418980.0,
1419000.0,
1419020.0,
1419040.0,
1419060.0,
1419080.0,
1419100.0,
1419120.0,
1419140.0,
1419160.0,
1419180.0,
1419200.0,
1419220.0,
1419240.0,
1419260.0,
1419280.0,
1419300.0,
1419320.0,
1419340.0,
1419360.0,
1419380.0,
1419400.0,
1419420.0,
1419440.0,
1419460.0,
1419480.0,
1419500.0,
1419520.0,
1419540.0,
1419560.0,
1419580.0,
1419600.0,
1419620.0,
1419640.0,
1419660.0,
1419680.0,
1419700.0,
1419720.0,
1419740.0,
1419760.0,
1419780.0,
1419800.0,
1419820.0,
1419840.0,
1419860.0,
1419880.0,
1419900.0,
1419920.0,
1419940.0,
1419960.0,
1419980.0,
1420000.0,
1420020.0,
1420040.0,
1420060.0,
1420080.0,
1420100.0,
1420120.0,
1420140.0,
1420160.0,
1420180.0,
1420200.0,
1420220.0,
1420240.0,
1420260.0,
1420280.0,
1420300.0,
1420320.0,
1420340.0,
1420360.0,
1420380.0,
1420400.0,
1420420.0,
1420440.0,
1420460.0,
1420480.0,
1420500.0,
1420520.0,
1420540.0,
1420560.0,
1420580.0,
1420600.0,
1420620.0,1812.109804058964
1420640.0,1789.2378914091776
1420660.0,1729.6073129478264
1420680.0,1646.7186125755707
1420700.0,1549.083399451824
1420720.0,1449.758422230273
1420740.0,1361.5907945902272
1420760.0,1293.1462088349072
1420780.0,1247.5216883176613
1420800.0,1223.182590438583
1420820.0,1215.6711136801819
1420840.0,1219.3837853872813
1420860.0,1228.9687949946983
1420880.0,1240.1799675150346
1420900.0,1250.2129835148173
1420920.0,1257.6493128571167
1420940.0,1262.1654742662315
1420960.0,1264.1518779223584
1420980.0,1264.3480684723777
1421000.0,1263.5569679966288
1421020.0,1262.4613128201051
1421040.0,1261.5368425578613
1421060.0,1261.0403745878689
1421080.0,1261.0451372798066
1421100.0,1261.4976053534933
1421120.0,1262.2762400357144
1421140.0,1263.240109761449
1421160.0,1264.262315939141
1421180.0,1265.248333721183
1421200.0,1266.1424247912853
1421220.0,1266.9263528581155
1421240.0,1267.6142066981015
1421260.0,1268.2458048532508
1421280.0,1268.8795098869168
1421300.0,1269.583834390633
1421320.0,1270.426388603683
1421340.0,1271.4587949394318
1421360.0,1272.697330891057
1421380.0,1274.1012277016882
1421400.0,1275.5534723595115
1421420.0,1276.8520548802665
1421440.0,1277.7219608234268
1421460.0,1277.858483555094
1421480.0,1277.0047864468058
1421500.0,1275.0346232417335
1421520.0,1271.9848109012576
1421540.0,1268.0261990789954
1421560.0,1263.4055234063187
1421580.0,1258.3867021977708
1421600.0,1253.206240760985
1421620.0,1248.04678859619
1421640.0,1243.026354585082
1421660.0,1238.197855337328
1421680.0,1233.5537464865179
1421700.0,1229.032464538088
1421720.0,1224.526257863803
1421740.0,1219.89274105568
1421760.0,1214.9743008259395
1421780.0,1209.6295836373108
1421800.0,1203.7791782895447
1421820.0,1197.4630742867598
1421840.0,1190.9008493442602
1421860.0,1184.537864735221
1421880.0,1179.05396372876
1421900.0,1175.3081178246134
1421920.0,1174.196639340198
1421940.0,1176.4175008368718
1421960.0,1182.161511035978
1421980.0,1190.7928138272202
1422000.0,1200.6329035216631
1422020.0,1209.0158587335145
1422040.0,1212.8248547366554
1422060.0,1209.71004495011
1422080.0,1199.5367079144603
1422100.0,1184.2516137920197
1422120.0,1166.5038957180127
1422140.0,1148.6367417568388
1422160.0,1132.2551362617728
1422180.0,1118.1867419264393
1422200.0,1106.6482474692634
1422220.0,1097.4712263205297
1422240.0,1090.304389831385
1422260.0,1084.7627020814662
1422280.0,1080.5197587547486
1422300.0,1077.3527619150802
1422320.0,1075.1462895035256
1422340.0,1073.8650564767843
1422360.0,1073.5102239894418
1422380.0,1074.0765621938576
1422400.0,1075.527870640227
1422420.0,1077.7920384951349
1422440.0,1080.7730774400698
1422460.0,1084.375398574042
1422480.0,1088.5278307563317
1422500.0,1093.204854049705
1422520.0,1098.4353795627446
1422540.0,1104.2837728456957
1422560.0,1110.809250263653
1422580.0,1118.0128841254618
1422600.0,1125.7694515869268
1422620.0,1133.7515424095657
1422640.0,1141.3770880050129
1422660.0,1147.8036290557402
1422680.0,1151.9989608689239
1422700.0,1152.923195236085
1422720.0,1149.8201305882585
1422740.0,1142.5877657469196
1422760.0,1132.1807298303634
1422780.0,1120.9778403119055
1422800.0,1113.0009457837987
1422820.0,1113.8268066424948
1422840.0,1130.0276386260502
1422860.0,1168.034377010302
1422880.0,1232.462896236111
1422900.0,1324.1906483166397
1422920.0,1438.7859352540625
1422940.0,1566.082605619339
1422960.0,
1422980.0,
1423000.0,
1423020.0,
1423040.0,
1423060.0,
1423080.0,
1423100.0,
1423120.0,
1423140.0,
1423160.0,
1423180.0,
1423200.0,
1423220.0,
1423240.0,
1423260.0,
1423280.0,
1423300.0,
1423320.0,
1423340.0,
1423360.0,
1423380.0,
1423400.0,
1423420.0,
1423440.0,
1423460.0,
1423480.0,
1423500.0,
1423520.0,
1423540.0,
1423560.0,
1423580.0,
1423600.0,
1423620.0,
1423640.0,
1423660.0,
1423680.0,
1423700.0,
1423720.0,
1423740.0,
1423760.0,
1423780.0,
1423800.0,
1423820.0,
1423840.0,
1423860.0,
1423880.0,
1423900.0,
1423920.0,
1423940.0,
1423960.0,
1423980.0,
1424000.0,
1424020.0,
1424040.0,
1424060.0,
1424080.0,
1424100.0,
1424120.0,
1424140.0,
1424160.0,
1424180.0,
1424200.0,
1424220.0,
1424240.0,
1424260.0,
1424280.0,
1424300.0,
1424320.0,
1424340.0,
1424360.0,
1424380.0,
1424400.0,
1424420.0,
1424440.0,
1424460.0,
1424480.0,
1424500.0,
1424520.0,
1424540.0,
1424560.0,
1424580.0,
1424600.0,
1424620.0,
1424640.0,
1424660.0,
1424680.0,
1424700.0,
1424720.0,
1424740.0,
1424760.0,
1424780.0,
1424800.0,
1424820.0,
1424840.0,
1424860.0,
1424880.0,
1424900.0,
1424920.0,
1424940.0,
1424960.0,
1424980.0,
1425000.0,
1425020.0,
1425040.0,
1425060.0,
1425080.0,
1425100.0,
1425120.0,
1425140.0,
1425160.0,
1425180.0,
1425200.0,
1425220.0,
1425240.0,
1425260.0,
1425280.0,
1425300.0,
1425320.0,
1425340.0,
1425360.0,
1425380.0,
1425400.0,
1425420.0,
1425440.0,
1425460.0,
1425480.0,
1425500.0,
1425520.0,
1425540.0,
1425560.0,
1425580.0,
1425600.0,
1425620.0,
1425640.0,
1425660.0,
1425680.0,
1425700.0,
1425720.0,
1425740.0,
1425760.0,
1425780.0,
1425800.0,
1425820.0,
1425840.0,
1425860.0,
1425880.0,
1425900.0,
1425920.0,
1425940.0,
1425960.0,
1425980.0,
1426000.0,
1426020.0,
1426040.0,
1426060.0,
1426080.0,
1426100.0,
1426120.0,
1426140.0,
1426160.0,
1426180.0,
1426200.0,
1426220.0,
1426240.0,
1426260.0,
1426280.0,
1426300.0,
1426320.0,
1426340.0,
1426360.0,
1426380.0,
1426400.0,
1426420.0,
1426440.0,
1426460.0,
1426480.0,
1426500.0,
1426520.0,
1426540.0,
1426560.0,
1426580.0,
1426600.0,1934.4220853331824
1426620.0,1858.320326342208
1426640.0,1735.780527877979
1426660.0,1589.6427176020718
1426680.0,1434.4322272763632
1426700.0,1286.5597965716638
1426720.0,1158.962959590431
1426740.0,1058.4190584826329
1426760.0,985.6951799879482
1426780.0,937.2257809889776
1426800.0,907.2344640320134
1426820.0,889.5986895969894
1426840.0,879.112545159612
1426860.0,872.0828545779748
1426880.0,866.360164040422
1426900.0,861.0025857538337
1426920.0,855.8032402170587
1426940.0,850.8820351710368
1426960.0,846.4260667562561
1426980.0,842.5603187702494
1427000.0,839.3062100025943
1427020.0,836.5909966820442
1427040.0,834.2801414278969
1427060.0,832.2142535919905
1427080.0,830.240655148585
1427100.0,828.2360534574516
1427120.0,826.1207847344378
1427140.0,823.8667022881215
1427160.0,821.5004616144755
1427180.0,819.102378662988
1427200.0,816.7990207997441
1427220.0,814.7460987120643
1427240.0,813.0979022874424
1427260.0,811.9611713176466
1427280.0,811.3353282170675
1427300.0,811.0473383548542
1427320.0,810.6972809311399
1427340.0,809.6382554556757
1427360.0,807.0187758856606
1427380.0,801.9137942466866
1427400.0,793.5582164543043
1427420.0,781.6712842252202
1427440.0,766.8207287115289
1427460.0,750.7251053916898
1427480.0,736.3391740564572
1427500.0,727.5244137546867
1427520.0,728.1309736546582
1427540.0,740.6845137008474
1427560.0,765.309452746513
1427580.0,799.2115252605706
1427600.0,836.8432965670432
1427620.0,871.0094859958108
1427640.0,895.0243374570036
1427660.0,904.7563046568845
1427680.0,899.2235487916284
1427700.0,880.1312256030767
1427720.0,851.1959755812888
1427740.0,817.5582162103796
1427760.0,784.6738785919616
1427780.0,756.8653966907061
1427800.0,736.5349149648193
1427820.0,724.1898603132929
1427840.0,718.9209404575881
1427860.0,719.0276260930171
1427880.0,722.5869645068634
1427900.0,727.8559744973162
1427920.0,733.4950172894579
1427940.0,738.6409297950547
1427960.0,742.8706716819377
1427980.0,746.1019289443378
1428000.0,748.4730987809618
1428020.0,750.2320727240904
1428040.0,751.6562398589418
1428060.0,753.0076700352081
1428080.0,754.5086988320576
1428100.0,756.3310980167751
1428120.0,758.5955168812785
1428140.0,761.3779882869727
1428160.0,764.7159732064056
1428180.0,768.6131050863049
1428200.0,773.0413776399256
1428220.0,777.9411491535401
1428240.0,783.2256576173031
1428260.0,788.7929869433623
1428280.0,794.5417549831848
1428300.0,800.3841343086816
1428320.0,806.2532040915321
1428340.0,812.1046001788695
1428360.0,817.9140275227761
1428380.0,823.6727224472922
1428400.0,829.3827491541751
1428420.0,835.0534010173358
1428440.0,840.6992026505329
1428460.0,846.3392527582022
1428480.0,851.9970336238468
1428500.0,857.6994306694705
1428520.0,863.4736305690155
1428540.0,869.3408664479232
1428560.0,875.3067000178356
1428580.0,881.3486650689107
1428600.0,887.4035343284544
1428620.0,893.3579485506722
1428640.0,899.0472088483832
1428660.0,904.267036435051
1428680.0,908.8012721077773
1428700.0,912.4640449742103
1428720.0,915.1473161363513
1428740.0,916.8545062236399
1428760.0,917.6986424344368
1428780.0,917.866666472507
1428800.0,917.5724726647264
1428820.0,917.0170344199296
1428840.0,916.363683237538
1428860.0,915.7290907488614
1428880.0,915.1861325299593
1428900.0,914.7730407532192
1428920.0,914.5033762654573
1428940.0,914.3726880115807
1428960.0,914.3597229517607
1428980.0,914.4222909624557
1429000.0,914.4900636686989
1429020.0,914.4584006875502
1429040.0,914.1884008823843
1429060.0,913.5183199012359
1429080.0,912.2897499941588
1429100.0,910.3880171196358
1429120.0,907.7898049528754
1429140.0,904.6021777908451
1429160.0,901.0672164666164
1429180.0,897.5069277937122
1429200.0,894.2227367160222
1429220.0,891.4127243857299
1429240.0,889.1469711661035
1429260.0,887.3875721751067
1429280.0,886.0282818572111
1429300.0,884.9358094118663
1429320.0,883.9825567617357
1429340.0,883.0669371044896
1429360.0,882.1217427597419
1429380.0,881.1133847477089
1429400.0,880.0355745303247
1429420.0,878.9006783440909
1429440.0,877.7310665552662
1429460.0,876.5517356498261
1429480.0,875.3845999293623
1429500.0,874.2443003952249
1429520.0,873.135208872759
1429540.0,872.0494726021814
1429560.0,870.9663357858828
1429580.0,869.8534284321819
1429600.0,868.671037173371
1429620.0,867.380367328572
1429640.0,865.9562950430029
1429660.0,864.4039906303813
1429680.0,862.7771024369871
1429700.0,861.1931611075095
1429720.0,859.8399924356785
1429740.0,858.9659842150322
1429760.0,858.848033186672
1429780.0,859.7349712199817
1429800.0,861.7721219955267
1429820.0,864.9247310251855
1429840.0,868.9335326320864
1429860.0,873.3441338129654
1429880.0,877.6159223497532
1429900.0,881.2608791982348
1429920.0,883.9579490631859
1429940.0,885.5995606731487
1429960.0,886.2649289602165
1429980.0,886.1526521770822
1430000.0,885.5070640447393
1430020.0,884.5593339801557
1430040.0,883.4919647432082
1430060.0,882.4266732075308
1430080.0,881.4305634636924
1430100.0,880.5333216928186
1430120.0,879.747972530153
1430140.0,879.0887003455498
1430160.0,878.5807665187227
1430180.0,878.2593644388511
1430200.0,878.1563340579212
1430220.0,878.2761410198922
1430240.0,878.5655224430133
1430260.0,878.8846144279518
1430280.0,878.9907376317751
1430300.0,878.5484010827865
1430320.0,877.1791447021467
1430340.0,874.5610252744493
1430360.0,870.5785234773706
1430380.0,865.5089201994302
1430400.0,860.2118769447977
1430420.0,856.268538681843
1430440.0,856.0013118622632
1430460.0,862.3046879677897
1430480.0,878.2387244697705
1430500.0,906.3725341982401
1430520.0,947.9322546005882
1430540.0,1001.9275851328991
1430560.0,1064.5749985712075
1430580.0,1120.0150280810526
1430600.0,
1430620.0,
1430640.0,
1430660.0,
1430680.0,
1430700.0,
1430720.0,
1430740.0,
1430760.0,
1430780.0,
1430800.0,
1430820.0,
1430840.0,
1430860.0,
1430880.0,
1430900.0,
1430920.0,
1430940.0,
1430960.0,
1430980.0,
1431000.0,
1431020.0,
1431040.0,
1431060.0,
1431080.0,
1431100.0,
1431120.0,
1431140.0,
1431160.0,
1431180.0,
1431200.0,
1431220.0,
1431240.0,
1431260.0,
1431280.0,
1431300.0,
1431320.0,
1431340.0,
1431360.0,
1431380.0,
1431400.0,
1431420.0,
1431440.0,
1431460.0,
1431480.0,
1431500.0,
1431520.0,
1431540.0,
1431560.0,
1431580.0,
1431600.0,
1431620.0,
1431640.0,
1431660.0,
1431680.0,
1431700.0,
1431720.0,
1431740.0,
1431760.0,
1431780.0,
1431800.0,
1431820.0,
1431840.0,
1431860.0,
1431880.0,
1431900.0,
1431920.0,
1431940.0,
1431960.0,
1431980.0,
1432000.0,
1432020.0,
1432040.0,
1432060.0,
1432080.0,
1432100.0,
1432120.0,
1432140.0,
1432160.0,
1432180.0,
1432200.0,
1432220.0,
1432240.0,
1432260.0,
1432280.0,
1432300.0,
1432320.0,
1432340.0,
1432360.0,
1432380.0,
1432400.0,
1432420.0,
1432440.0,
1432460.0,
1432480.0,
1432500.0,
1432520.0,
1432540.0,
1432560.0,
1432580.0,
1432600.0,
1432620.0,
1432640.0,
1432660.0,
1432680.0,
1432700.0,
1432720.0,
1432740.0,
1432760.0,
1432780.0,
1432800.0,
1432820.0,
1432840.0,
1432860.0,
1432880.0,
1432900.0,
1432920.0,
1432940.0,
1432960.0,
1432980.0,
1433000.0,
1433020.0,
1433040.0,
1433060.0,
1433080.0,
1433100.0,
1433120.0,
1433140.0,
1433160.0,
1433180.0,
1433200.0,
1433220.0,
1433240.0,
1433260.0,
1433280.0,
1433300.0,
1433320.0,
1433340.0,
1433360.0,
1433380.0,
1433400.0,
1433420.0,
1433440.0,
1433460.0,
1433480.0,
1433500.0,
1433520.0,
1433540.0,
1433560.0,
1433580.0,
1433600.0,
1433620.0,
1433640.0,
1433660.0,
1433680.0,
1433700.0,
1433720.0,
1433740.0,
1433760.0,
1433780.0,
1433800.0,
1433820.0,
1433840.0,
1433860.0,
1433880.0,
1433900.0,
1433920.0,
1433940.0,
1433960.0,
1433980.0,
1434000.0,
1434020.0,
1434040.0,
1434060.0,
1434080.0,
1434100.0,
1434120.0,
1434140.0,
1434160.0,
1434180.0,
1434200.0,
1434220.0,
1434240.0,
1434260.0,
1434280.0,
1434300.0,
1434320.0,
1434340.0,
1434360.0,
1434380.0,
1434400.0,
1434420.0,
1434440.0,
1434460.0,
1434480.0,
1434500.0,
1434520.0,
1434540.0,
1434560.0,
1434580.0,
1434600.0,
1434620.0,
1434640.0,
1434660.0,
1434680.0,
1434700.0,
1434720.0,
1434740.0,
1434760.0,
1434780.0,
1434800.0,
1434820.0,
1434840.0,
1434860.0,
1434880.0,
1434900.0,
1434920.0,
1434940.0,
1434960.0,
1434980.0,
1435000.0,
1435020.0,
1435040.0,
1435060.0,
1435080.0,
1435100.0,
1435120.0,
1435140.0,
1435160.0,
1435180.0,
1435200.0,
1435220.0,
1435240.0,
1435260.0,
1435280.0,
1435300.0,
1435320.0,
1435340.0,
1435360.0,
1435380.0,
1435400.0,
1435420.0,
1435440.0,
1435460.0,
1435480.0,
1435500.0,
1435520.0,
1435540.0,
1435560.0,
1435580.0,
1435600.0,
1435620.0,
1435640.0,
1435660.0,
1435680.0,
1435700.0,
1435720.0,
1435740.0,
1435760.0,
1435780.0,
1435800.0,
1435820.0,
1435840.0,
1435860.0,
1435880.0,
1435900.0,
1435920.0,
1435940.0,
1435960.0,
1435980.0,
1436000.0,
1436020.0,
1436040.0,
1436060.0,
1436080.0,
1436100.0,
1436120.0,
1436140.0,
1436160.0,
1436180.0,
1436200.0,
1436220.0,
1436240.0,
1436260.0,
1436280.0,
1436300.0,
1436320.0,
1436340.0,
1436360.0,
1436380.0,
1436400.0,
1436420.0,
1436440.0,
1436460.0,
1436480.0,
1436500.0,
1436520.0,
1436540.0,
1436560.0,
1436580.0,
1436600.0,
1436620.0,
1436640.0,
1436660.0,
1436680.0,
1436700.0,
1436720.0,
1436740.0,
1436760.0,
1436780.0,
1436800.0,
1436820.0,
1436840.0,
1436860.0,
1436880.0,
1436900.0,
1436920.0,
1436940.0,
1436960.0,
1436980.0,
1437000.0,
1437020.0,
1437040.0,
1437060.0,
1437080.0,
1437100.0,
1437120.0,
1437140.0,
1437160.0,
1437180.0,
1437200.0,
1437220.0,
1437240.0,
1437260.0,
1437280.0,
1437300.0,
1437320.0,
1437340.0,
1437360.0,
1437380.0,
1437400.0,
1437420.0,
1437440.0,
1437460.0,
1437480.0,
1437500.0,
1437520.0,
1437540.0,
1437560.0,
1437580.0,
1437600.0,
1437620.0,
1437640.0,
1437660.0,
1437680.0,
1437700.0,
1437720.0,
