subject,story,order,valence,story_start_sec,story_end_sec,story_duration_sec,mean_pupil_size,z_pupil
1001,Pool Party,1,positive,0,374,374,0.40496303947370466,1.1377689354294143
1001,Sea Ice,2,neutral,376,757,381,-1.5252336666036705,-1.2962848988246034
1001,Natalie Wood,3,negative,759,1574,815,-0.37158135508206735,0.158515963395189
