subject,story,order,valence,story_start_sec,story_end_sec,story_duration_sec,mean_pupil_size,z_pupil
1003,Sea Ice,1,neutral,0,381,381,3.2894676320938276,1.4141644155202244
1003,Dont Look,2,negative,383,1093,710,-1.8764335418066913,-0.7172927125104441
1003,Impatient Billionaire,3,positive,1095,1425,330,-1.8269402090230378,-0.6968717030097804
