subject,story,order,valence,story_start_sec,story_end_sec,story_duration_sec,mean_pupil_size,z_pupil
1004,Pool Party,1,positive,0,374,374,-2.383280459829112,-1.1057668063035002
1004,Sea Ice,2,neutral,376,757,381,-0.823477742658699,-0.2106346565940677
1004,Natalie Wood,3,negative,759,1574,815,1.837442311630038,1.3164014628975678
