subject,story,order,valence,story_start_sec,story_end_sec,story_duration_sec,mean_pupil_size,z_pupil
1006,Sea Ice,1,neutral,0,381,381,0.8970654518936233,-1.098287003128171
1006,Dont Look,2,negative,383,1093,710,1.550086400479886,-0.22242907705039916
1006,Impatient Billionaire,3,positive,1095,1425,330,2.700622445626642,1.3207160801785707
