subject,story,order,valence,story_start_sec,story_end_sec,story_duration_sec,mean_pupil_size,z_pupil
1012,Sea Ice,1,neutral,0,381,381,4.679621038020647,1.0323389629684667
1012,Dont Look,2,negative,383,1093,710,2.8567320062129666,0.3209130706890231
1012,Impatient Billionaire,3,positive,1095,1425,330,-1.43298704852968,-1.3532520336574898
