subject,story,order,valence,story_start_sec,story_end_sec,story_duration_sec,mean_pupil_size,z_pupil
1013,Pool Party,1,positive,0,374,374,-1.7474516440379455,-1.2140003067349612
1013,Sea Ice,2,neutral,376,757,381,1.660577734154225,1.2352138442685665
1013,Natalie Wood,3,negative,759,1574,815,-0.0877142341052319,-0.021213537533605244
