subject,story,order,valence,story_start_sec,story_end_sec,story_duration_sec,mean_pupil_size,z_pupil
1015,Sea Ice,1,neutral,0,381,381,0.30881027067191197,-0.5903552312269937
1015,Dont Look,2,negative,383,1093,710,3.2071697546107405,1.4081064209385241
1015,Impatient Billionaire,3,positive,1095,1425,330,-0.020981012622840196,-0.8177511897115303
