subject,story,order,valence,story_start_sec,story_end_sec,story_duration_sec,mean_pupil_size,z_pupil
1016,Pool Party,1,positive,0,374,374,5.547952221417412,0.9485822587609553
1016,Sea Ice,2,neutral,376,757,381,1.8271606820715764,-1.3826653770190673
1016,Natalie Wood,3,negative,759,1574,815,4.72678504054726,0.43408311825811097
