subject,story,order,valence,story_start_sec,story_end_sec,story_duration_sec,mean_pupil_size,z_pupil
1018,Sea Ice,1,neutral,0,381,381,1.0809940906292497,0.7694659140066918
1018,Dont Look,2,negative,383,1093,710,0.4689064563299237,-1.4123231746418674
1018,Impatient Billionaire,3,positive,1095,1425,330,1.0454748044034685,0.6428572606351762
