subject,story,order,valence,story_start_sec,story_end_sec,story_duration_sec,mean_pupil_size,z_pupil
1019,Pool Party,1,positive,0,374,374,0.94831151109544,-1.3839538536493785
1019,Sea Ice,2,neutral,376,757,381,2.1739030819392613,0.9439765264806734
1019,Natalie Wood,3,negative,759,1574,815,1.9085613106985444,0.4399773271687052
