subject,story,order,valence,story_start_sec,story_end_sec,story_duration_sec,mean_pupil_size,z_pupil
1022,Pool Party,1,positive,0,374,374,1.4052677301330154,1.2319926591807522
1022,Sea Ice,2,neutral,376,757,381,0.3249131355014396,-1.217366070925567
1022,Natalie Wood,3,negative,759,1574,815,0.855413266117811,-0.014626588255184926
