subject,story,order,valence,story_start_sec,story_end_sec,story_duration_sec,mean_pupil_size,z_pupil
1024,Sea Ice,1,neutral,0,381,381,-0.4745308805153795,-0.4197104162948578
1024,Dont Look,2,negative,383,1093,710,1.419599960083143,1.3794202447487278
1024,Impatient Billionaire,3,positive,1095,1425,330,-1.043044086711402,-0.95970982845387
