subject,story,order,valence,story_start_sec,story_end_sec,story_duration_sec,mean_pupil_size,z_pupil
1025,Pool Party,1,positive,0,374,374,-0.3068070803455067,-1.1965894777675112
1025,Sea Ice,2,neutral,376,757,381,1.03391642937503,-0.054491762410546964
1025,Natalie Wood,3,negative,759,1574,815,2.566545726054675,1.251081240178058
