subject,story,order,valence,story_start_sec,story_end_sec,story_duration_sec,mean_pupil_size,z_pupil
1026,Dont Look,1,negative,0,710,710,2.063770585133461,0.6979303868365423
1026,Pool Party,2,positive,712,1086,374,1.340957254533235,-1.4141740374238234
1026,Grandfather Clocks,3,neutral,1088,1623,535,2.0700378278956024,0.7162436505872818
