subject,story,order,valence,story_start_sec,story_end_sec,story_duration_sec,mean_pupil_size,z_pupil
1032,Dont Look,1,negative,0,710,710,0.8993715083986988,-1.2917728859946063
1032,Pool Party,2,positive,712,1086,374,3.3722036884531668,1.1443762706336094
1032,Grandfather Clocks,3,neutral,1088,1623,535,2.360211722480958,0.14739661536099669
