subject,story,order,valence,story_start_sec,story_end_sec,story_duration_sec,mean_pupil_size,z_pupil
1034,Pool Party,1,positive,0,374,374,-0.3672952336055819,-0.33809945959083654
1034,Sea Ice,2,neutral,376,757,381,-0.7125528889309011,-1.0201796705173591
1034,Natalie Wood,3,negative,759,1574,815,0.4913833866522529,1.3582791301081956
