subject,story,order,valence,story_start_sec,story_end_sec,story_duration_sec,mean_pupil_size,z_pupil
1039,Sea Ice,1,neutral,0,381,381,-0.052855571780403406,0.20219314073796757
1039,Dont Look,2,negative,383,1093,710,1.1155985605743137,1.1110661457623479
1039,Impatient Billionaire,3,positive,1095,1425,330,-2.0011328791761254,-1.3132592865003154
