subject,story,order,valence,story_start_sec,story_end_sec,story_duration_sec,mean_pupil_size,z_pupil
1041,Dont Look,1,negative,0,710,710,-0.7408001155143743,-0.0003745343982157118
1041,Pool Party,2,positive,712,1086,374,-0.5879278876723778,1.2249320956401148
1041,Grandfather Clocks,3,neutral,1088,1623,535,-0.8935321598958674,-1.2245575612418966
