subject,story,order,valence,story_start_sec,story_end_sec,story_duration_sec,mean_pupil_size,z_pupil
1042,Sea Ice,1,neutral,0,381,381,-0.14653052615791676,-1.2190282644781927
1042,Dont Look,2,negative,383,1093,710,1.3407738783928471,-0.01135426589569637
1042,Impatient Billionaire,3,positive,1095,1425,330,2.870028137863725,1.2303825303738893
