subject,story,order,valence,story_start_sec,story_end_sec,story_duration_sec,mean_pupil_size,z_pupil
1044,Dont Look,1,negative,0,710,710,-1.4305695375940741,-0.9791012068187478
1044,Pool Party,2,positive,712,1086,374,-0.9479725487229201,-0.3942031066844245
1044,Grandfather Clocks,3,neutral,1088,1623,535,0.5103904697140755,1.3733043135031726
