subject,story,order,valence,story_start_sec,story_end_sec,story_duration_sec,mean_pupil_size,z_pupil
1045,Sea Ice,1,neutral,0,381,381,0.08540398359914325,1.0957938853947327
1045,Dont Look,2,negative,383,1093,710,-0.41228330796695867,0.22632965239520522
1045,Impatient Billionaire,3,positive,1095,1425,330,-1.2986285365469972,-1.3221235377899379
